,x0,x1,x2,x3,x4,x5,x6,x7,x8,x9,x10,x11,x12,x13,x14,x15,x16,x17,x18,x19
0,0.018494494563408681,-0.57653949529119819,0.95650279568780228,0.85222494800472282,-0.34507686751461164,-0.10873623697445511,0.18469858305425024,0.53985722861305829,0.55925576459350324,0.36961877569514301,0.9195700426597091,0.84281822451082267,-0.85716938456569136,0.47535496803071364,0.74756905701694842,-0.99143839932459499,0.72873576748449609,-0.058995732120671107,0.8509890621307028,-0.75983517931968625
1,0.7248385003335831,-0.63272058978200318,0.99459478282539515,0.6337239431225723,0.5049462292497231,-0.80845143508506001,0.72191121568753491,-0.18678520823990663,0.49061969455664989,0.016959647273603107,0.12549265939175269,-0.4083204444614541,-0.15127568264719193,0.30486845117264472,-0.64582330769031282,0.70082104708815796,0.5026925338633903,0.29048967657553826,-0.40255809182352942,-0.21228129672216278
2,0.28984861838315568,-0.54205676171526918,0.81955295181948484,0.33926954692187006,-0.79879210343403062,-0.98890567340446012,-0.92315837813233714,0.71209768602548196,0.81195294678380603,0.044159591775654095,-0.80450114740066736,-0.65894236178569265,0.17595329719544783,0.56661117314948739,0.11942300839882458,0.53366818381481007,-0.8586926456096684,0.821808844281676,0.40024917279622652,-0.070998041602315265
3,0.048169891950036181,-0.37788753074414871,0.43032526429532059,0.3513269074714811,-0.18552792899508042,-0.38419138358222815,0.29885621248560201,-0.57227803729226423,0.99365688024826926,-0.83690927878631216,0.36160575468433365,0.19905494276408375,0.64294814046505389,0.78464132814781284,-0.72175505117657046,0.87640498870641492,-0.43656205177158602,-0.51907822320561636,0.02925184710020301,0.32920331616829923
4,0.77115140317664221,-0.83705534035830742,0.57910582227559559,0.56525640825186541,0.80930825235515624,-0.31149315608386763,-0.2682049203027117,-0.43544956861632644,0.7833310022204385,-0.012995370026816389,0.37819664989794788,-0.24283250101700204,0.74748781826519495,0.15165179885967328,-0.22659276515894589,0.5011150899880461,-0.87931009488829104,-0.30468199842135002,-0.66721895884621385,0.52969016170818883
5,-0.014343144686661313,-0.9224761334551328,0.47472042292033589,0.83007027710985382,-0.36466789598788529,0.04373191775292562,-0.72178497858175872,-0.71083541216487056,-0.95221719399178273,-0.57566040303137567,-0.0075783417834893729,-0.51960376239099593,-0.89192952540587567,0.13157273164075356,0.19192993569407668,-0.5118642420165278,-0.51855388916968903,0.015512236644465771,-0.80834855742855738,-0.29111379297526097
6,0.0084644512848788267,-0.57738522414025173,0.78119490230992383,0.71265881337382253,0.23566350824065618,-0.081669732532871908,-0.74481653233683076,-0.55640958003464047,0.027823332899122644,0.48426772869419787,-0.70077637513601521,-0.71009832004093587,0.57751088936357919,0.3513760682739524,0.17869149557913966,-0.92213997957862803,-0.87385304249032125,-0.22138654692207282,-0.92742519765624776,0.3947734468987103
7,0.26197778644909198,-0.75376213619416133,0.33416455115230037,0.80910904480400148,0.53337468064909554,-0.80697950429812715,0.99283703377054566,-0.44788004704540652,0.14007751111700206,0.52747916702037601,-0.93873517462275924,-0.38714250553837126,0.61418434010770029,0.033622737770827138,0.18205374476162239,0.25956043360287473,-0.74988196878362867,0.4255741992565798,-0.19578962484004836,-0.7827521252948304
8,0.03394272510171592,-0.63047043453986484,0.38381360333544312,0.54081802389356515,0.70567116578958045,-0.05397575083099615,0.029010020129859093,-0.54736393058042032,-0.62392598750865202,-0.3388584641484238,-0.67891152787452813,-0.36407506428036451,-0.063813231300414275,0.061317166106905407,-0.061544492097886483,0.73159852228863542,0.74954502785537391,0.90525056631822842,0.20114415460941659,0.27527718971037229
9,0.73046863917484539,-0.81856968116752071,0.76543713877196851,0.47171387806768639,-0.14209314738872969,0.32738025572021923,0.63791460214314144,-0.593734342309574,-0.35659271990702979,0.094094835181572911,0.50219658737633655,0.4467375128051656,-0.76366378762414655,0.28866216130754574,-0.44161394924558617,-0.67738598559791274,-0.31208523744013594,-0.32457070995840986,-0.62733731794946146,0.79182095523124674
10,0.44192839064833689,-0.96525268706520628,0.9688004377584154,0.9658818556858173,0.69758469563598591,0.9551460511975316,0.61901063672840873,-0.53600396992491195,-0.12779001086290553,-0.72703445578598513,-0.52045390263211067,0.95691094919846531,0.41155376883877071,0.20390555469315208,-0.192433538001195,0.56448438455741501,0.58017152433399932,-0.31159932230432141,-0.9089780516705892,0.93386729349330122
11,0.033076136157365266,-0.795529287348822,0.33855804614276841,0.6492664690097314,-0.86749551231476985,-0.2494982176148608,0.54959139344011421,0.38007356903833145,0.16563405510629137,0.27644841421255828,0.15457852683997086,-0.56294660895466575,0.82349174863110841,0.63186627814508434,0.39367009678054221,-0.99692042743851328,-0.20415347306919562,-0.99596876439455473,0.091587605690786278,-0.55634385820092391
12,0.1513391375482207,-0.40806802365859207,0.84077787239695967,0.59315713254391822,0.94669355624102702,-0.77440855461737357,0.16743335266170956,0.029039274909023138,-0.68837694250534143,0.63039533281369864,-0.55068635090505946,0.33664614837170093,0.032966480436415813,-0.0073837684482023214,-0.74430226509247666,0.40210830777559603,-0.40760492671627113,-0.1529193717915629,0.9351914462583697,-0.13810279508868861
13,0.87682443513537978,-0.51522634348326557,0.52711400525096086,0.59799435412734447,0.68556856382062148,-0.85302416085094279,0.88150063921382316,-0.97817375482713875,0.53130679619825072,-0.39377130920784298,-0.49935285222890302,0.57653615050312501,-0.38887292143283414,-0.049813342178320008,-0.050997255999447599,0.15451183421882408,0.93179783473088551,0.53170098691036483,-0.60200871217676655,0.97177911700501785
14,0.033067824383191891,-0.47530722823619853,0.31164409201143073,0.090304162381032782,0.85574925308692218,-0.91142492201463421,-0.50305461954205533,0.65543878239431153,-0.68982738843863478,0.6487758095274736,0.14252401796362646,-0.38758933229628401,-0.31648097610574277,0.87441927871313019,0.15445211809624615,-0.91738071096623885,-0.59725983380148717,0.35567077536920122,-0.21293112011684046,-0.082101837809226419
15,0.48026603312574534,-0.88431936678161427,0.63800935876277998,0.98094757146342904,0.32341985450680988,0.23074104374412263,0.40119938888937545,-0.25843055821725769,-0.0069588583138189275,0.77649409585211737,-0.37176919957355614,-0.76430321196627871,0.31518611756975523,0.35321413430885151,-0.9717975578312954,-0.70034858922471122,0.23858289735756721,-0.092182251213629662,-0.70730540234842021,0.49114610993918206
16,0.18921152873260327,-0.58547206480199221,0.97126920080144608,0.79502254554026952,0.44049107152950828,-0.78770809692780763,0.71813119105064782,0.45636815090064586,0.15852058925891765,0.14605876430406983,-0.84441878548409477,-0.10745711443820927,0.73141896819173491,0.83893643768753723,-0.87471697413436011,-0.31762815128289401,0.8266570280049701,-0.76496110623492908,-0.070635587603372407,0.04582926476112803
17,0.0053902294848695576,-0.38028356954861575,0.57947688974330069,0.60883607161448072,-0.58568214348888925,-0.5722862626853995,0.060243459572659086,0.3615331124873582,0.54207360743319444,-0.80380364194206577,0.32312243931329143,-0.83166536525317847,-0.82251076176949622,0.53391674948278522,-0.47465263482006637,-0.13877498688062428,-0.063943554396015401,-0.04412536715845472,-0.76146821281654931,-0.60956841175889531
18,0.0041421135532566655,-0.41155195967313363,0.56933141616398708,0.37310604662478086,0.82012743582506764,0.52261358037496453,0.57647179521033109,-0.72253055265272303,0.23429984575269414,-0.10045094217345008,-0.74691006228485701,-0.46943634301978077,0.052129197050813536,0.60696028535063307,-0.37581487609996267,-0.95928419156655287,0.20877837841524438,-0.40672173166848613,-0.52169419790795479,0.73756917689021217
19,0.36826385738504053,-0.76404249949245018,0.81423711018953182,0.41470072063781482,0.37712779359097448,-0.85520748086778653,0.36960238344314145,0.21138048382498886,-0.31237851117706894,0.65732891612946753,0.92945940813406147,0.17457460412050163,0.71117269783441373,0.16227473546241167,0.35136935154078963,0.15530610236605202,-0.74122479479196945,0.458930450082216,0.48428516480540229,0.092552099765163431
20,0.060996220325658657,-0.51601523926025705,0.82496121234015596,0.45975950999931037,0.6226911730206659,0.17614525716222618,-0.63365898908792051,0.059537250250067064,-0.88171169253630755,0.60625449133751697,-0.45693346686652725,0.30355043916974989,0.75882950969316254,0.86585252492184006,0.57341192891518999,-0.99875435344649244,0.87321003029711841,0.90234980028457423,-0.45058265057544777,0.83558037051048539
21,0.26197778644909198,-0.75376213619416133,0.33416455115230037,0.80910904480400148,0.53337468064909554,-0.80697950429812715,0.99283703377054566,-0.44788004704540652,0.14007751111700206,0.52747916702037601,-0.93873517462275924,-0.38714250553837126,0.61418434010770029,0.033622737770827138,0.18205374476162239,0.25956043360287473,-0.74988196878362867,0.4255741992565798,-0.19578962484004836,-0.7827521252948304
22,0.44603488133602243,-0.78669994416180766,0.7316964323608659,0.80249033764795707,0.74595716677878987,0.99041024209742323,0.95840320602397377,0.94433114977873744,0.67124787212127357,0.28830339222530021,0.33497224722295282,0.21680115826311419,-0.28910006587142956,0.82232814356619932,-0.90790752352903525,0.27183149366604398,0.71046304465878918,-0.56362891081977784,0.054036858412385147,0.75243449266784346
23,0.049709674743511956,-0.82358032934103198,0.6630156988997431,0.33142447047598944,0.5776007756890742,0.79508898642129089,0.82097800902493301,-0.85365627873594785,-0.40942645552436163,-0.45884529899278803,-0.73376621713314272,0.86711500488668336,0.98156350104796863,0.63704374871867242,-0.060588746050364017,-0.5321491044533655,-0.64128017083898037,-0.83610495659556294,-0.32491168169265872,0.78268990568266306
24,0.60070639457187691,-0.56134174436802375,0.79658870356898737,0.35380725893168585,-0.66682587268313354,0.43618918471004609,-0.75943047942887598,-0.18020934398684463,-0.30453477779513283,0.11803728022817239,-0.73559522167777791,0.25868935588693009,-0.1105463700659064,0.6209631275546259,-0.84391705585542764,0.35841173295861717,-0.0042955576198606682,-0.63907438709766184,0.91757149401519178,0.1612430071011246
25,0.023945606061723357,-0.94644964824680144,0.68256265168812602,0.72610263066753178,0.45229982648713762,-0.021522834422817549,-0.52213615350958675,-0.40014517707168484,0.97825450986314055,0.88038420235441994,0.112521866594818,-0.91155790187438623,0.66987577240118013,0.36059595590334292,-0.987734235247264,0.084624070061101619,-0.42754694473596766,-0.53046512285283143,0.81931640851952525,-0.92145049741515184
26,0.083228419901579143,-0.88664888225026428,0.84839959724630742,0.78572143997519084,-0.079097826074739253,-0.1529462218538189,0.6848386716536452,-0.43832681069366286,0.0064689965944768613,0.083981502859913792,-0.41212520514876516,-0.94736907781074065,0.59325798031963228,0.099926038261432426,-0.0032527175606844594,-0.34668664578781594,-0.12934812316616906,-0.80440553797501635,-0.22664904739969405,0.34229442765653917
27,0.7555428975739773,-0.44113343708328268,0.77414453883585344,0.92605696144233218,0.7385404159927198,0.14470828187953999,-0.3677592745278031,0.91156716573144903,-0.40132482150148108,-0.8449603680563873,-0.23073839262921192,0.91567248644500188,0.20926102390956247,0.42629236928676484,-0.21457444955523419,-0.3806118940390788,-0.81002025557202662,-0.22736892139117515,-0.27382587083501253,0.49645308591342219
28,0.09738742507262943,-0.56759303413191287,0.66055756671422339,0.62243703718808918,-0.59839432051691532,0.56277244015577699,-0.18477595251878021,-0.045044550243215742,0.02769655240093627,-0.50018466743266243,-0.86925127528092028,-0.47690697719748276,0.71931940037329212,-0.0035313068864175623,-0.36893631357436751,-0.4784666603404597,0.31269553292670338,-0.67069948309341365,-0.54707820137855112,-0.29846786881585374
29,0.85408359109565724,-0.54810142933632755,0.96034477071500746,0.79910475867796982,-0.17339511591167067,-0.48237921344033174,0.90913187400715456,0.31421468810083408,0.66297458050842262,0.70228537525643353,-0.75544271683712094,-0.15277665065681756,-0.73903707740904956,0.049430443311890837,-0.35810366689206141,0.21201227704557946,0.44122099047111663,-0.84149803416338953,-0.076918960551564997,-0.99324492564055777
30,0.0084644512848788267,-0.57738522414025173,0.78119490230992383,0.71265881337382253,0.23566350824065618,-0.081669732532871908,-0.74481653233683076,-0.55640958003464047,0.027823332899122644,0.48426772869419787,-0.70077637513601521,-0.71009832004093587,0.57751088936357919,0.3513760682739524,0.17869149557913966,-0.92213997957862803,-0.87385304249032125,-0.22138654692207282,-0.92742519765624776,0.3947734468987103
31,0.92439510408501513,-0.68197959130531705,0.44173381493982933,0.89322708913600057,0.36284783873228044,-0.34368605359693438,-0.68999607902752702,-0.76676888154723732,0.95967785604003697,-0.8183687490701177,-0.4507026923600379,0.23591552808570482,-0.22994939042943074,0.6927137875028202,-0.38230940299870042,-0.065211803508965938,-0.754244788991836,0.49165917607275,-0.35459993261802225,0.93913000325341756
32,0.76215088033334522,-0.81932450223627473,0.43368098442758396,0.36911918881019101,0.38350717826481873,-0.44289282666594798,0.64111165258586045,-0.2923967096505331,-0.67914996131882432,-0.83560082188896589,-0.54139719784088602,-0.22162242167400925,0.72725667805786642,0.2202846797576572,0.53084219712302572,-0.65912600159693513,0.2773166633045212,-0.81639397979573469,0.76459801795626703,0.58192169359996759
33,0.0028940940832427042,-0.8351995561495178,0.89638659359683248,0.78551233111474095,0.8570085775119809,0.2170165059665361,0.786110803412994,-0.82127031474872236,0.87323750117354826,-0.78819732527432129,0.021878514311717279,0.63030699223899944,-0.22558263910251641,0.08633585989396142,0.29774454596202937,0.14560499098753477,0.84912663284149792,-0.632187045170576,0.14454698103923658,-0.28332190326717521
34,0.33404169956486363,-0.58291396877229684,0.96190327980412893,0.95279251603998771,-0.10936810529826424,-0.72647560309916881,0.29266748087113914,-0.30916967603308176,-0.61436622326959633,-0.98734039400824591,0.67952273187169121,-0.63369744740688172,0.94179422251420664,0.58277465011936069,-0.7287624391058376,0.56296548996143958,-0.030425892249133391,0.26585153959912255,-0.46451204419979497,0.076690169008614584
35,0.062047837092529923,-0.40437934595499492,0.60310609071140475,0.53660984504082276,-0.54752835838450831,-0.67184269624939996,-0.39448081172404681,0.27211284884368458,0.73192465531985951,0.49138690857205791,-0.88562055670979589,-0.049285171576790798,0.63579191291803183,0.4923671265775158,0.43403707910295708,-0.066085655335793358,-0.7144828022555465,-0.74987083063358928,0.030123571469887089,-0.49889182503078344
36,0.26197778644909198,-0.75376213619416133,0.33416455115230037,0.80910904480400148,0.53337468064909554,-0.80697950429812715,0.99283703377054566,-0.44788004704540652,0.14007751111700206,0.52747916702037601,-0.93873517462275924,-0.38714250553837126,0.61418434010770029,0.033622737770827138,0.18205374476162239,0.25956043360287473,-0.74988196878362867,0.4255741992565798,-0.19578962484004836,-0.7827521252948304
37,0.073806755165797266,-0.31929729207176316,0.52689321937909472,0.9478559507275468,0.55839838391434848,0.35717053401379162,0.077177755370729573,-0.5331361919275317,0.062883235279460159,0.35144530066849877,0.73640065678051014,0.13530131899434528,0.6358098154382692,0.15538604748096829,-0.99479993293369517,0.44453499591702861,0.29758841890190868,-0.064897784467550013,-0.78113445108430146,0.60783914698523178
38,0.034716287770387266,-0.30460740421015275,0.72424721847311613,0.50377968539961837,-0.71021699384372639,0.4601195756907277,-0.34396610652832127,0.825890138484908,0.97334005587755268,0.11359387334984028,-0.42898276499695265,-0.23593917573389755,-0.37314122561725749,0.62670161709765226,0.76278633178894162,0.10643625984905047,-0.80251654774788883,-0.61600487984852559,-0.86380985714642011,0.71326526515908739
39,0.40448274126017814,-0.65155645931489081,0.61536851516223878,0.53700338848303475,0.67722271191831807,0.96887163472476101,0.080395863276308654,-0.21621728006967222,-0.099062987936434421,0.57383461768395039,0.7124056178460394,-0.27048311549852122,-0.4549477571728151,0.79562211650708092,0.28489289827608033,-0.49837951064348274,-0.87593517462971837,0.22023826131079294,0.1220701564915283,-0.76095705994847274
40,0.83332210723093025,-0.78896659975237649,0.68444073922259197,0.72668921175788781,-0.37361282939118445,0.14430992337753956,0.36683555663516021,-0.95114533322773176,0.27645602114363799,0.5788159888368658,-0.84660251585424207,-0.41742536095265681,0.78123303283620626,0.41164677251673054,-0.81206738694110525,0.25376051712815095,0.32825657009021958,-0.82888440101957483,0.50324450410044408,0.94925353770088461
41,0.73914240212217552,-0.97573187363957792,0.63772913962423861,0.79959630426204908,0.24185112037749068,-0.62081580600689268,-0.65862598320998478,-0.69425150884755005,-0.30641039204527232,-0.15699195584893655,-0.94200421096473819,-0.25589129442968916,-0.15112540855752665,0.26285073265129677,-0.71751264825375483,-0.30606634619865969,0.80635589560745458,0.79776502369705304,0.76266382894573859,0.54171712604004529
42,0.37706657246076025,-0.55240061241437699,0.84702826318468971,0.49816724152855252,-0.48072702308664428,-0.45185536566061479,0.41633512426760921,0.75775711920626332,-0.47039022779309003,-0.22310637858499716,0.70131343185793882,0.87437016508515719,-0.54531322677716632,0.82318397484114336,-0.76126279569833044,0.52165411469094503,-0.24026733478220175,-0.14320893783095978,0.97457549010761357,0.30065772898279586
43,0.71291780828588602,-0.53963814661630805,0.93731118152821646,0.97995711204481073,0.1987712330099447,-0.28685492288418968,0.88278714553448734,-0.47380343255807045,-0.70399890791194841,0.13947574758317871,-0.53946796145481524,0.83098169712697523,0.0048789401887452399,0.59066726124057212,-0.4833470776056854,-0.33561037627051005,0.77667386779608849,0.0022331848979266766,-0.33538082654450441,0.73665503592677783
44,0.40754147208625002,-0.94660214835018031,0.80179462804599821,0.83628176796013864,-0.27289223367912441,-0.31958802674296916,0.39379836129723311,-0.9523201722655481,-0.61627691577242794,-0.29507360311472763,-0.49369412092006715,-0.37611833624405411,0.69892217341084262,0.95119722824859076,-0.78853356594534363,0.17812553301607181,-0.10752545768067701,0.50628467648525333,-0.54290069130262553,-0.081845364222200567
45,0.014213072513762359,-0.58726285682948198,0.76356057189823257,0.44030771945964231,-0.65096453550727817,-0.88914235770067851,-0.18844957030704057,-0.18997543684709495,-0.25439058636092504,0.93053671843213959,0.52633498887538832,0.97710412997571061,0.94655850602656111,0.94953815248227791,0.3281637425363011,-0.78933946716403169,0.061705152647530737,-0.41958278522202619,-0.52467084449260915,-0.68922361128234666
46,0.26197778644909198,-0.75376213619416133,0.33416455115230037,0.80910904480400148,0.53337468064909554,-0.80697950429812715,0.99283703377054566,-0.44788004704540652,0.14007751111700206,0.52747916702037601,-0.93873517462275924,-0.38714250553837126,0.61418434010770029,0.033622737770827138,0.18205374476162239,0.25956043360287473,-0.74988196878362867,0.4255741992565798,-0.19578962484004836,-0.7827521252948304
47,0.046711551235716353,-0.60158398145062209,0.78710729750349273,0.14436714422230801,0.83237752154416755,-0.71484998141856115,-0.36960783319319801,-0.74659605283927366,-0.75358926679372873,-0.040156246588070266,-0.56414556432423657,0.083992956798586871,0.89984357892044531,0.96812973753005549,-0.47716280227313823,-0.7000227837490145,0.102721397343843,0.35747634686194618,-0.9024603293183715,0.11837128783784623
48,0.046816012614199209,-0.49766830512634996,0.91251568326220123,0.84095977755584639,0.9101123097110253,-0.58925467075788029,-0.79744851809307882,0.80816902692646009,-0.95804579396489897,0.99704901215609132,-0.38947851701818226,-0.46999162073507583,0.54480693964452986,0.94506088438388791,0.97141564709137751,-0.65655289747414058,-0.23974268951492483,0.90841508009632044,-0.075374181992244216,-0.37730010039430262
49,0.30318266624543933,-0.4096881493016129,0.94647800221712552,0.25891822359798011,0.66527515841856166,-0.15704720443217046,-0.92708370364795112,-0.445623326687836,-0.63061368339766344,0.76450773277075568,-0.69068612595368695,-0.41099249519654868,-0.29106934778444415,0.34340430979184444,-0.44952637494901349,0.40317961224490251,-0.90448968157255316,0.44026140728853913,-0.93681435493005494,0.26288241131969592
50,0.77115140317664221,-0.83705534035830742,0.57910582227559559,0.56525640825186541,0.80930825235515624,-0.31149315608386763,-0.2682049203027117,-0.43544956861632644,0.7833310022204385,-0.012995370026816389,0.37819664989794788,-0.24283250101700204,0.74748781826519495,0.15165179885967328,-0.22659276515894589,0.5011150899880461,-0.87931009488829104,-0.30468199842135002,-0.66721895884621385,0.52969016170818883
51,0.48026603312574534,-0.88431936678161427,0.63800935876277998,0.98094757146342904,0.32341985450680988,0.23074104374412263,0.40119938888937545,-0.25843055821725769,-0.0069588583138189275,0.77649409585211737,-0.37176919957355614,-0.76430321196627871,0.31518611756975523,0.35321413430885151,-0.9717975578312954,-0.70034858922471122,0.23858289735756721,-0.092182251213629662,-0.70730540234842021,0.49114610993918206
52,0.023945606061723357,-0.94644964824680144,0.68256265168812602,0.72610263066753178,0.45229982648713762,-0.021522834422817549,-0.52213615350958675,-0.40014517707168484,0.97825450986314055,0.88038420235441994,0.112521866594818,-0.91155790187438623,0.66987577240118013,0.36059595590334292,-0.987734235247264,0.084624070061101619,-0.42754694473596766,-0.53046512285283143,0.81931640851952525,-0.92145049741515184
53,0.050943976824846082,-0.79599685252361918,0.9810659079480839,0.031422851601011326,-0.051629544974599373,0.78255640851113473,-0.68720741060529189,0.64324297759509852,0.33085670471654827,0.050074708586155925,-0.63421263149219254,-0.73232462411726584,-0.64758983355320576,0.41735172592072578,-0.86306143613284791,0.92333386874641543,0.59558542793165858,-0.48160613147805087,0.12016289619229137,-0.57811830342279857
54,0.16153191285906265,-0.61506675273153233,0.69263495608927839,0.39438836246622144,0.44450128926584886,-0.79571558983391388,0.94218195550913242,0.069183243964507479,-0.37582648272410912,0.54459860754390244,-0.9383478650984538,-0.46617077001793361,-0.879117434678651,0.65530848250004281,-0.71173031627891414,-0.18648830264837679,0.60401150664587133,0.8916143315555749,-0.36189873664632977,0.97148674449314898
55,0.060016990366532852,-0.38509661380959104,0.9355979376671355,0.45851474880219301,0.77425969953002927,0.36369825471318373,-0.75026398218325729,-0.89548452304789583,0.88697716281117978,0.4549165029299278,-0.73057944464175462,0.86465188567011952,0.14335061290666862,0.74463992525926592,-0.11854193345484987,0.4015192454401777,-0.45401811120748836,-0.59343102157406125,0.83701024521022371,0.88242576166975972
56,0.011153807754365808,-0.69884439331408332,0.91569625437753932,0.23954373814554364,0.64150020909170813,0.69708272799086424,0.7170881575608643,0.9059685377893647,0.32278061358685206,0.080859510688471303,0.50240393810720119,0.18597912450945153,0.76431656362063571,0.28619517629355062,-0.81675070635322733,-0.23361617605492757,0.538367468929281,0.077068407721634591,0.20961250660357678,0.65669396321325024
57,0.0041421135532566655,-0.41155195967313363,0.56933141616398708,0.37310604662478086,0.82012743582506764,0.52261358037496453,0.57647179521033109,-0.72253055265272303,0.23429984575269414,-0.10045094217345008,-0.74691006228485701,-0.46943634301978077,0.052129197050813536,0.60696028535063307,-0.37581487609996267,-0.95928419156655287,0.20877837841524438,-0.40672173166848613,-0.52169419790795479,0.73756917689021217
58,0.083228419901579143,-0.88664888225026428,0.84839959724630742,0.78572143997519084,-0.079097826074739253,-0.1529462218538189,0.6848386716536452,-0.43832681069366286,0.0064689965944768613,0.083981502859913792,-0.41212520514876516,-0.94736907781074065,0.59325798031963228,0.099926038261432426,-0.0032527175606844594,-0.34668664578781594,-0.12934812316616906,-0.80440553797501635,-0.22664904739969405,0.34229442765653917
59,0.47552128940231064,-0.46484050325262327,0.334249635541783,0.6773870268499429,0.35345975259789131,0.7537425412674319,0.96227154830714579,-0.38134612666030643,0.62351936286082332,-0.17244219660384275,0.056550767206025254,0.15557363582691286,-0.99435361116114751,0.64665688795326037,-0.93637592421823657,0.14997725895343583,-0.42123688701514173,0.20411939410256963,-0.17400789113433324,0.1983038648472415
60,0.0054339529040428047,-0.810748161316585,0.48664696903593896,0.57373292212999694,-0.58154943738104037,0.09050364407012701,-0.41014826665942783,0.97707987841479516,-0.79940548482670315,-0.9773925032477504,0.53474081799193618,0.13173299700343266,0.29263605777235302,0.16990276608700317,-0.50683952707333613,0.1556452349423334,0.098714305767184873,0.98513188776785832,0.98469438318306701,-0.67305781585149793
61,0.29371760281586279,-0.84964188347644676,0.71688988516463592,0.24954562912368528,-0.30954406995312866,0.71387528073152406,-0.092467725411953028,0.3208759824498526,-0.066844351262699719,-0.8975880490363668,-0.92302609133094426,0.035114803740684319,0.42998343268760775,0.99348154146425705,-0.72500797935722594,0.23385608792951773,-0.60976989877853316,-0.53573593048440404,-0.82242198311205317,-0.39483617637651691
62,0.30248546240585727,-0.74703100926154908,0.46436108067600479,0.47900360695875999,0.77042318259153864,-0.43584004451156289,0.85817558192597354,-0.28620627425665868,-0.44579457863428362,0.77864383146489047,-0.19977352641729929,-0.89926385332134751,0.47374996212585407,0.13281494551504425,-0.25995921369539676,0.6793382511354662,-0.7791460528382772,-0.012370636698221027,-0.22248315417376596,-0.47563120683915061
63,0.032928244135496776,-0.91386199177902383,0.77773942165338039,0.8165350596924581,-0.915645075825962,-0.84996611595951688,0.84183225060220312,0.59717801483332011,0.14673055923141765,0.75736632318240149,-0.84987929734573098,-0.27352368250385828,0.58653302858255896,0.24144559716447023,0.93823996393956932,0.23932101659623317,-0.99954117051152802,0.26101945583375041,0.13508848594879685,0.58618609279384759
64,0.036512984786296165,-0.77410843057169831,0.795344799747155,0.54480515060394419,-0.17125907061262113,-0.2234258845278414,0.8188420709916111,-0.49422121355362814,-0.61990126810680368,-0.020369888074027731,-0.69628174579837299,0.30733451905647113,0.01191321554544067,0.07553901055171397,-0.25416058072505887,-0.84241554276146191,0.75166979601118111,-0.078400137219336807,-0.47327613124612644,-0.74374304970785721
65,-0.0067847397443299151,-0.39816714683003607,0.94153831818180578,0.5412117205278788,0.063064402122684049,-0.022683925207300337,-0.26739558637044691,-0.37484529955267032,0.043257024855520854,-0.10035242184206261,-0.1166824888953677,0.28748955259391362,-0.64304925545460012,0.39200458160912355,-0.24735073983774813,-0.71349321018197465,-0.87543731985563777,0.49223286389811416,0.33429802615975968,0.91308054177865983
66,0.049709674743511956,-0.82358032934103198,0.6630156988997431,0.33142447047598944,0.5776007756890742,0.79508898642129089,0.82097800902493301,-0.85365627873594785,-0.40942645552436163,-0.45884529899278803,-0.73376621713314272,0.86711500488668336,0.98156350104796863,0.63704374871867242,-0.060588746050364017,-0.5321491044533655,-0.64128017083898037,-0.83610495659556294,-0.32491168169265872,0.78268990568266306
67,0.13367174983642105,-0.89720595290759797,0.59441738006711864,0.79728280777843175,0.24388795194817958,0.038437623708713842,-0.22646431227250718,-0.98830651476142606,-0.69663566017151113,-0.59886740426082685,-0.00041786770158425135,0.20997859032912181,0.91233239307963143,0.60175746049313106,0.9094766047327234,-0.16693353544428624,0.69662134319635927,-0.068129013658125848,-0.78626916613858056,-0.92052086148016943
68,0.071680047681271342,-0.42490854882387996,0.64549515145427194,0.78542131498329404,-0.25042527851266816,-0.97848410940246033,0.043764058325664212,-0.77924846019934213,0.18113612105604426,0.21691233972662793,-0.88805535618971421,-0.58558317965290696,0.090163948408538808,0.89199341125120157,0.95593711442578,-0.13193672584419436,0.11426648235561943,-0.33780207584280619,-0.11211639149939345,0.80551802694769759
69,0.012445378722691913,-0.84234588940662403,0.47046345389892874,0.82247983409683423,0.43119258615123046,0.80270819602191823,0.31008839905971142,0.23439158419248973,-0.29077108877093205,0.43890063887759645,0.93437316424568273,-0.70568518884735409,-0.09902310503474121,0.52512581004022896,-0.88963402738426889,-0.53681480076284216,0.19383216517357749,0.55295733801496749,0.97100372185984929,0.077233744890156553
70,0.45446112303483099,-0.77408397759884218,0.79203341688025319,0.26384172457929567,-0.28852363515276203,0.88580985845437654,-0.016875710654610021,0.85970574463429306,0.699545026668138,0.88499260342970243,-0.88883283042840922,-0.56922446920749947,-0.56650759704982434,0.84645849938619211,-0.55354531921646721,-0.18871622850139125,0.66603685143858238,-0.42586783266139538,0.81907313194288056,0.15580058876662495
71,0.01267171141487311,-0.59288085155929648,0.45776347471264067,0.69881110816040204,-0.87480674977354722,-0.80984064909831299,-0.36408811446389144,0.66100574751246666,-0.53365606751278238,-0.51069408168621377,-0.37651595721977182,0.15336744244929479,0.90884100526861178,0.2736013542340312,0.27850087220254194,0.33342790243022602,-0.92997283155738475,0.48072234431873229,-0.41569798899044441,0.87635911966316526
72,0.12013949004878821,-0.60306209861599935,0.92384274987272863,0.87004816747539282,0.74307624155947227,0.32192266800647418,-0.16508078886648381,-0.40833088350132374,0.22258356751355413,-0.11765802309573115,-0.24919486461313722,-0.48047242123708878,-0.21820649986410423,0.32528081815308485,-0.076175649822288305,0.4094103227696313,-0.19451810158936134,0.70240878424045938,0.92152545060664193,-0.82494213333470046
73,0.012640782510790149,-0.96244283104324935,0.62099383551466825,0.15054423769602399,-0.57811624907184123,0.87158782495363063,-0.31441779615554744,0.14053859359036647,0.5864208434031557,0.081194677302639517,0.25154052931602111,0.62189705191274314,0.15809969259649881,0.55163812006837865,0.71012557189499659,-0.83481303507436366,0.18972014519615299,0.52247274622336981,0.90567090435433761,-0.41219954231273981
74,0.19505541572278706,-0.91513031771463016,0.41551820215411195,0.41160381320233475,0.92055908065610947,0.54011812851008578,-0.85416278366691545,0.87234056254343528,-0.95909033343178174,0.46666159130784268,-0.53951450416961411,-0.58731760684684309,-0.47775548881103225,0.52581472787482886,-0.54346758990795574,0.040364412864261512,-0.2804584902561531,-0.10339640906590519,-0.66146035578456086,0.3059369305977202
75,0.5457786689067019,-0.60910706930451419,0.85182809414805516,0.46192724321741374,0.64052132771996884,-0.3405289162790921,0.89359341059084052,0.87265512738276163,-0.94769143617078178,0.88850490174670416,0.73326651222963801,-0.17203755322459502,-0.54642466194200656,0.14690166435608765,-0.99349478374140321,0.46213954120855316,0.45428126161736393,0.019364506319708985,0.49378242835085628,0.90937726115293116
76,0.18456358443831644,-0.61986107985952232,0.83833851589027719,0.40903706114506844,0.31861732177804569,-0.95219565836485676,0.67559082852539443,-0.15916733807755512,0.49792106933217495,0.73832518920716095,-0.43771911487886705,0.11729445834052954,-0.073340235740642079,0.46032659101520657,-0.48390627339408088,0.46927719800827106,-0.97326126502178067,-0.21561886538079245,-0.91871756179144559,0.2954116817124357
77,0.081161374615690285,-0.74411409025295572,0.83521303899509869,0.97576193955796664,-0.51530919126072039,0.2501879856214213,0.6616173550076041,-0.87439639928401891,-0.97471859486559342,-0.28625076070850319,0.63451966953392747,0.86580300839418767,-0.37445258466714759,0.45514902322913708,0.22036109084193467,-0.93338628433331405,-0.94574552482358198,-0.93804001616887134,-0.99722103702036868,-0.12315657633718913
78,-0.087545323711034406,-0.5954685684438612,0.53501049209075591,0.27275768288400037,0.58041585841800236,-0.034568731824890842,-0.68705265800380855,0.091948600283550119,0.44566805996598347,-0.55624135746046233,-0.24345578453420558,0.96336890445472845,0.54106013799903341,0.43278754319104551,-0.085213600872502404,-0.32151468005841455,0.28360185084446177,0.73762290583935153,0.065541092865008199,0.49484077920272718
79,0.14776166933805035,-0.8945910739752474,0.69533068024125688,0.44185334980795266,-0.54246356075978586,0.66224053598757493,0.37821201643687119,-0.70434720258483385,-0.1912156771182405,-0.073776930073794933,0.3099176013015188,-0.13322276976864567,0.69580372110937616,0.65033399715557239,-0.41117842271266536,-0.51811165160879269,-0.57610741163020962,0.30001717987023668,-0.9367516777900522,-0.51633108396933425
80,0.01945107126610357,-0.27877417659456016,0.77578488037670223,0.50497469396197459,-0.81714574756450209,-0.042157551140967309,-0.83587010911155435,-0.50399258971071803,0.31796385307972286,0.18992582539883607,0.46910360678031315,0.87933536728304551,-0.3546143348703783,0.47094754797692917,0.45827970064000212,0.51728023112828048,-0.8020432579736323,-0.36414253745109604,0.92682030424136919,0.2736423631021403
81,0.81148759816760929,-0.75612475436667803,0.67476093612978549,0.81456218871986663,0.42143910982577082,-0.04014910398329552,-0.17794541808667397,0.27185546030745367,-0.8886751534007975,-0.82736987704555842,-0.90738559044484202,-0.44346459596451693,0.20630760370960699,0.32321290050900942,-0.90305352170807884,-0.40587942545326694,0.62626062554223605,-0.36478100815319769,0.11717509995902176,0.34264047595397318
82,0.085349387130507992,-0.8283479880028648,0.74720356722785897,0.31947109345745672,-0.87453014628104264,-0.5733058918748497,0.77288392761079061,0.08310153333302539,0.36754847017864267,0.87907079821790335,0.37880953957156005,0.018025745647748836,0.35264052785882494,0.13123362419078188,0.83797099463032687,0.60145243721008712,0.85790168984446025,-0.028917606665170625,0.76279214666074613,-0.45292728933986171
83,0.029712919215551636,-0.29140302977713084,0.96162418484244561,0.15199314601169478,0.84621361591607958,-0.095646998010475048,0.86431192538132406,-0.44740048710348379,0.45991682547958779,0.59358210012462109,-0.46474832976291092,-0.49171728333287046,-0.73915349815402154,0.52251711852564564,0.37217565710929446,0.84279884737891919,-0.97978192744889059,0.057065160017373717,0.5824986785997821,0.71260431845676431
84,0.43832109834188104,-0.96079446417876535,0.3243023537884393,0.81544310833203193,0.72097013848568192,-0.25313667364271786,-0.52019572346274079,0.37756381580637655,0.11322898831190686,-0.44016276044476399,-0.016079744703396237,-0.16233161586392808,0.91584826609380809,0.48545512413305025,-0.54597348466785967,0.19647404364447141,-0.42063733367080047,-0.69468183616754065,-0.24528874872201345,0.35366566358869433
85,0.48705341038172634,-0.6564104873925698,0.53711791327654623,0.062990770882498381,0.33905836483367358,-0.55692407944585831,0.97793271595905251,0.12028635571720581,-0.72368784917409346,0.63219697646025996,-0.43453692092919094,0.10549398599286874,-0.94530111464689814,0.88844633399988604,-0.16201461708753806,0.71333405273894956,0.56374708681489705,0.34411361623351633,-0.38644314561510118,-0.77526171950781264
86,0.080668823311298654,-0.91761662653540688,0.54473217958523357,0.31512832461339002,0.71843716374091127,0.15838187770326417,0.96861389577335255,0.97395572615627612,-0.87588301260052215,0.90064008698022202,0.24251659157498073,-0.36354322087402791,0.44908253609442794,-0.021438200887623937,-0.86211802566512619,0.63455545180241102,-0.78700540456837076,-0.51043025591694424,0.41624904126553242,-0.34134824447258771
87,0.048341990097450216,-0.93063599398784302,0.78064816567106821,0.68333658319141088,-0.23095937838718239,0.68024898738481965,0.55093439067896766,0.38430994726668866,0.72930256457939269,0.40804014828080026,0.49213257311752945,-0.22920976985981811,-0.39557752873752605,0.37158774361772151,-0.96157035499849264,-0.26518758730397129,0.83174123567306002,-0.039370564423881538,0.16631134824225957,0.56925066258662027
88,0.18652838613799894,-0.43327261479335433,0.78337110387446329,0.2839386761184779,-0.88920320473481151,0.22908039138577019,0.090758003654968444,-0.39061514575669709,0.58664488014040672,-0.10461511597144302,-0.27743211892187869,0.060242045730882765,0.40401680956970987,0.48406974894001364,-0.82211611009914143,0.43305851175917409,-0.62796881168870722,0.87484640857323015,-0.88385134140647525,-0.29649240429590962
89,0.0084644512848788267,-0.57738522414025173,0.78119490230992383,0.71265881337382253,0.23566350824065618,-0.081669732532871908,-0.74481653233683076,-0.55640958003464047,0.027823332899122644,0.48426772869419787,-0.70077637513601521,-0.71009832004093587,0.57751088936357919,0.3513760682739524,0.17869149557913966,-0.92213997957862803,-0.87385304249032125,-0.22138654692207282,-0.92742519765624776,0.3947734468987103
90,0.36826385738504053,-0.76404249949245018,0.81423711018953182,0.41470072063781482,0.37712779359097448,-0.85520748086778653,0.36960238344314145,0.21138048382498886,-0.31237851117706894,0.65732891612946753,0.92945940813406147,0.17457460412050163,0.71117269783441373,0.16227473546241167,0.35136935154078963,0.15530610236605202,-0.74122479479196945,0.458930450082216,0.48428516480540229,0.092552099765163431
91,0.067495577144569996,-0.59175746799517159,0.56796965820173995,0.2633716674912443,-0.79911012825389194,0.38017509365582214,0.71220351891065725,0.56228406707914225,0.37660603414054905,-0.38346343316762166,-0.1257707548956748,0.27804718236254256,0.78919311164564632,0.96593460256000463,-0.17401903390606854,-0.34385026505962091,-0.4796332067305189,0.56115331320083017,0.69851484211377124,0.77738970561838072
92,0.088118086448369048,-0.63050899208429212,0.6838084623361107,0.50033364675408776,-0.89988591438537413,-0.96261303650763153,0.92202446235289903,-0.34699850902024876,0.40754389477224806,-0.044011018399884749,-0.71697773414602728,0.75547229610469868,0.030451805162450718,0.71407872050972721,-0.24079078275578336,0.18234080108814821,-0.08858462353108143,0.85827661836746016,0.45382529222862722,0.72652876780743703
93,0.46047341140988896,-0.91124448464277652,0.6646765524903091,0.79759560724592915,-0.85534069960416503,0.79324708481449502,-0.36678278259737951,-0.11112965223231797,-0.52810289083419604,0.2514544238276426,-0.80292376915917951,-0.40968494005991918,0.71210850178530127,0.64931876848574266,-0.75357155684426735,0.18842190534280889,0.63393143186250756,-0.59318571107956797,0.45404136542678142,-0.26660227930586511
94,0.0093313413983444615,-0.6185323548001771,0.67092466572552745,0.93900192770419633,0.31988182880982019,0.73014116420427921,0.83025175133891516,0.96456168379682938,-0.71480136234509861,0.32859733500289612,0.14256006176740521,-0.92046112135123548,0.46894278331079065,0.9318861111501302,-0.30761454545699563,0.83807932687143039,0.49779777772311484,-0.63141124125647852,0.1606153378231896,-0.2594714440687127
95,0.027993724879754378,-0.64696480355363128,0.8811603795095897,0.9092553863035806,-0.97200542106266941,0.23196312642806483,0.15024330507738881,0.59216064452217121,-0.61986429519533237,-0.29524158214134544,-0.45284295676663855,-0.70538263981884919,-0.53311429012903622,0.76213985688391994,0.9773330368301012,0.82044432187512606,0.017834391533885663,0.79310863101088613,-0.39210041802040152,0.92960278434070198
96,0.046711551235716353,-0.60158398145062209,0.78710729750349273,0.14436714422230801,0.83237752154416755,-0.71484998141856115,-0.36960783319319801,-0.74659605283927366,-0.75358926679372873,-0.040156246588070266,-0.56414556432423657,0.083992956798586871,0.89984357892044531,0.96812973753005549,-0.47716280227313823,-0.7000227837490145,0.102721397343843,0.35747634686194618,-0.9024603293183715,0.11837128783784623
97,0.79499234418992248,-0.67221556604357358,0.73551457785434571,0.81375373210998592,-0.41764055382617693,-0.94531677199244935,0.93376687681373016,0.034585784006817555,0.45868959932903697,0.93905182417347999,0.20443272413926783,-0.50914575084236113,-0.11664011339394276,0.88361559459334105,-0.59652409537921169,0.21499432826100007,-0.3593795577123422,0.40348477829722618,0.67146836677406951,-0.80336632357712401
98,0.5238981556266058,-0.37527438837513261,0.74479200782168498,0.63629338778600131,0.17160281813187916,-0.28017871702807784,-0.81133531296188899,-0.13029784468910499,-0.30065405257394251,0.55834024437090957,-0.85395286622911071,-0.96277365886102695,0.42929615173650237,0.10225148497840353,-0.78351025528400742,-0.9215027799550255,-0.4567688459266841,-0.40815867721690702,-0.11883195377468447,0.25369759697040872
99,0.57109926500529284,-0.66897543169985085,0.73165010248192885,0.31602592035794297,0.82654797868234464,-0.57617439583943186,0.68317736041682942,0.27112627312098492,0.81678048177457541,0.80727587064495743,-0.46504572629223073,0.3433102349369106,0.2541276827299157,0.31832630901243353,-0.49987917666482673,-0.21131924167175864,-0.26220715203612288,-0.4872784247786206,0.98624984475944633,0.82767253858434398
100,0.011153807754365808,-0.69884439331408332,0.91569625437753932,0.23954373814554364,0.64150020909170813,0.69708272799086424,0.7170881575608643,0.9059685377893647,0.32278061358685206,0.080859510688471303,0.50240393810720119,0.18597912450945153,0.76431656362063571,0.28619517629355062,-0.81675070635322733,-0.23361617605492757,0.538367468929281,0.077068407721634591,0.20961250660357678,0.65669396321325024
101,0.8921726893155677,-0.30176086350896281,0.94261800532132756,0.81692257287920933,-0.13916277934137278,-0.11068487575808716,-0.31150153431411742,-0.95184240246239082,0.66513170954713896,0.21541106651469311,0.37758458667410699,-0.39640349362236149,0.49669300888467793,0.56504939726527148,-0.64244612881065777,0.40623005850554339,-0.65432477799631061,-0.43911915841523919,-0.78609170648463733,-0.75125929621473131
102,0.019270485338841015,-0.55532552364387078,0.51628253004729374,0.4571473454572037,0.42173982697568424,0.46397887301600704,-0.44899064490945273,-0.86367345658705053,-0.95388104980547439,-0.68026165881285561,0.61531719542133811,0.40414985641039713,0.43630396521668469,0.31982268041623296,-0.57000768954908443,0.17554964752980706,0.041967221040769997,-0.12330165672935323,0.65323346719996378,0.2240180085616772
103,0.038235708308989702,-0.51709982995097215,0.81507167834462479,0.39250247129634208,0.031205832079397533,0.44646001745485764,-0.43461656528048942,-0.91609192545481188,0.53629160106320439,0.11631356769942403,-0.24727814221910682,0.23486439128918568,0.38371186461693729,0.67890883073808528,0.51872262180887763,-0.56169117757817943,0.79256252430540619,-0.036570101379238995,0.1218635736761895,0.21771938285475012
104,0.61566612112782093,-0.45698812884662443,0.78780722018817761,0.86680450093326922,0.549680101909372,0.41268329122577141,-0.91630473710864369,0.53636780294227604,-0.99923121872861298,0.037718549879635743,-0.8247147598292115,-0.78640463193640397,0.24411901965795324,0.7299229357112309,-0.09744637912715981,-0.63605214812309252,0.26992427876867264,0.20380190955741928,0.30908392411199648,0.43225224284869146
105,0.027993724879754378,-0.64696480355363128,0.8811603795095897,0.9092553863035806,-0.97200542106266941,0.23196312642806483,0.15024330507738881,0.59216064452217121,-0.61986429519533237,-0.29524158214134544,-0.45284295676663855,-0.70538263981884919,-0.53311429012903622,0.76213985688391994,0.9773330368301012,0.82044432187512606,0.017834391533885663,0.79310863101088613,-0.39210041802040152,0.92960278434070198
106,0.020400007513078799,-0.74664745425313228,0.45240628846777309,0.14874606073727015,-0.3327554159965449,-0.96558832402569394,0.20398477995210951,0.61390294343275942,0.014596501398241202,-0.84946961683377564,-0.0075242107172102113,-0.24228289557591554,0.67960165116948046,0.068379080878594012,-0.87983810295397102,0.66217811743730914,-0.59147841153011727,0.25000514356651182,0.67302079382765756,-0.5096286342219345
107,0.63130493665810561,-0.45420443439694513,0.63589598587047913,0.75737787711032878,0.52775998535580704,-0.37438504262127759,0.25932400860105154,-0.88960633330121919,-0.5917856962571697,0.24612417395338104,0.11962317977716097,-0.76662173226132668,0.57739320705588515,0.48723406419738757,0.087337453683689059,0.88850254921043703,-0.40321148606375079,-0.73675910873977868,-0.32897640014774243,-0.023587029148845584
108,0.67347400265853574,-0.93956249762856903,0.95595088797807337,0.56835096766024384,0.16416378062784465,0.79668440582395839,-0.25611126222294489,0.1948691830799234,0.73365192762426767,-0.66614345341846493,-0.64093785413975035,-0.19698740289404459,-0.97031633554521179,-0.0028680157726710398,-0.36632161601439606,-0.40216990049606438,0.35459425682786594,-0.037722599884407959,0.41443368830164551,0.22667113844902986
109,0.062804640552811319,-0.80808712057411736,0.77699925998323516,0.10494025697787901,-0.74118613551408807,0.082570708431229933,0.82492706651752501,-0.5998482819915627,0.41203930180972259,-0.74970164580669518,-0.66199227012785244,-0.53187206738724679,0.58053907315356268,0.84918939573916274,0.62140383137856881,-0.83972796569315489,0.25562357445075889,0.42910854520366315,-0.74418488906213276,0.12120594528318662
110,0.022400286677124903,-0.41401644472970589,0.41797941605227296,0.36130451301970812,-0.12485001964068143,0.29070658979223829,0.83662438782172366,0.073202429706724859,0.77458374452544887,0.60986894057895147,0.53906864528463094,0.38949843101227111,-0.29886096295586118,0.85815208294187828,-0.32814265957313249,0.37141592880836138,-0.098984722255462287,-0.37913358788550711,-0.064616095504791637,0.51455172686381001
111,0.18921152873260327,-0.58547206480199221,0.97126920080144608,0.79502254554026952,0.44049107152950828,-0.78770809692780763,0.71813119105064782,0.45636815090064586,0.15852058925891765,0.14605876430406983,-0.84441878548409477,-0.10745711443820927,0.73141896819173491,0.83893643768753723,-0.87471697413436011,-0.31762815128289401,0.8266570280049701,-0.76496110623492908,-0.070635587603372407,0.04582926476112803
112,0.043523289665837295,-0.5885470377589499,0.62851741314615928,0.9039664993618286,-0.99107856785483883,-0.33795764741908929,0.15065496187368055,-0.2962922160261463,0.81305100736672187,0.2504211069747766,0.6504911812193499,0.9382402234303282,0.91543179565685628,0.70526765511336587,-0.1953387813394809,-0.80785643891790304,0.44677497178114733,-0.87043932191459272,0.52504406401712789,-0.20939731238246551
113,0.087570155019364382,-0.54267944987604544,0.41601632442366476,0.66764539995400285,0.38112434531405404,-0.080283881756376241,0.060037799922255886,0.8316133767154481,0.26033987690963101,-0.32862031116312429,-0.76402773727042561,-0.40057929353882993,-0.43057716897572518,0.67507689610939736,-0.87146499650260312,0.15321581587023991,0.61857964065757143,0.49200796385953383,-0.67579997762324751,-0.059877203298328352
114,0.32540282685458966,-0.79044427220215296,0.70393423881317574,0.80737608762066548,0.51491503721556464,-0.97850813373455292,0.090875544881939829,-0.60942577402752884,0.95232172401357063,-0.35567738716104658,-0.3221133340268596,0.53836650520669083,-0.72158295259725991,0.8842317616801405,-0.59923532910353328,-0.5725199932393783,-0.54172352162487103,0.071981681747092408,-0.031254947132535627,-0.87573438613122412
115,0.071680047681271342,-0.42490854882387996,0.64549515145427194,0.78542131498329404,-0.25042527851266816,-0.97848410940246033,0.043764058325664212,-0.77924846019934213,0.18113612105604426,0.21691233972662793,-0.88805535618971421,-0.58558317965290696,0.090163948408538808,0.89199341125120157,0.95593711442578,-0.13193672584419436,0.11426648235561943,-0.33780207584280619,-0.11211639149939345,0.80551802694769759
116,0.39255341136527266,-0.76194642689571723,0.44429982049775485,0.17680461710878403,0.90171865693613285,-0.4212276061122775,0.1083218915446309,0.80261309451425022,-0.058697089379727396,0.8243546249999818,-0.84365840784992696,0.28941589103318965,0.54241881274770187,0.36477190859961772,-0.096443336515044997,0.53715454087421444,-0.56357278112507614,0.60382204990371924,0.88642498849316698,-0.97827611420558847
117,0.046711551235716353,-0.60158398145062209,0.78710729750349273,0.14436714422230801,0.83237752154416755,-0.71484998141856115,-0.36960783319319801,-0.74659605283927366,-0.75358926679372873,-0.040156246588070266,-0.56414556432423657,0.083992956798586871,0.89984357892044531,0.96812973753005549,-0.47716280227313823,-0.7000227837490145,0.102721397343843,0.35747634686194618,-0.9024603293183715,0.11837128783784623
118,0.086799660499391917,-0.46756400599008674,0.79356549980048086,0.28799744785973869,0.22349182379397137,0.5642787772032325,-0.54622663527808246,-0.93626724921803084,-0.3583256082652293,-0.69613533391247806,-0.63513943843434872,-0.0075099293073828122,-0.26765232183172416,0.95990233596130747,-0.080533782950335864,0.38393380061069871,-0.52108424875870973,-0.40972215773130038,-0.080011220218885626,0.018774565747639693
119,0.26197778644909198,-0.75376213619416133,0.33416455115230037,0.80910904480400148,0.53337468064909554,-0.80697950429812715,0.99283703377054566,-0.44788004704540652,0.14007751111700206,0.52747916702037601,-0.93873517462275924,-0.38714250553837126,0.61418434010770029,0.033622737770827138,0.18205374476162239,0.25956043360287473,-0.74988196878362867,0.4255741992565798,-0.19578962484004836,-0.7827521252948304
120,0.12963386934297394,-0.88655395924012637,0.56273602961666036,0.83137023288791179,-0.0087821456641770101,-0.23730048462442288,-0.41138442433667177,-0.65452713179270239,0.52461423374797156,-0.65894095542469278,-0.40694479841686881,-0.91293911593600563,-0.060714528905552401,0.64728879215513557,-0.071337219742723779,-0.1125250783134204,0.17200383112411877,-0.49775559898573452,0.84521396069515986,-0.36345025802238418
121,0.31681487993883928,-0.87826471989626098,0.41545875035581048,0.27301267775288429,0.91174813592120363,-0.86599370228747552,0.57218650203466903,-0.23241450498538274,0.53617095206128562,0.85296593255046771,-0.71037822911751736,-0.48622992698154932,-0.99481404432185316,0.69249986038850864,-0.95737266019328993,-0.33642904088662129,0.044182342884107939,0.0077794647665354599,-0.1805290165603286,-0.40612997020768993
122,0.0084644512848788267,-0.57738522414025173,0.78119490230992383,0.71265881337382253,0.23566350824065618,-0.081669732532871908,-0.74481653233683076,-0.55640958003464047,0.027823332899122644,0.48426772869419787,-0.70077637513601521,-0.71009832004093587,0.57751088936357919,0.3513760682739524,0.17869149557913966,-0.92213997957862803,-0.87385304249032125,-0.22138654692207282,-0.92742519765624776,0.3947734468987103
123,0.064616968803695496,-0.63966480284053451,0.58367392785264194,0.85688935754193829,0.5734491078967372,-0.75069361183850103,-0.26015921052414326,-0.64164298137585929,-0.97444099700123532,0.094491073852082774,0.38393969973611686,0.37397879051904481,0.81138782265136267,0.89969040242116693,0.74794955816907649,-0.67306273783900061,0.37099732138048824,0.71903458243181806,0.21254207215618814,-0.87673715836757316
124,0.2759143791595573,-0.88741525237202157,0.95220902048571721,0.75827531296137884,0.024732155132253908,-0.57856728644487609,0.046740598622526441,0.20117724209780286,-0.99928774551235788,0.80566894850484427,-0.71595584852470484,0.10485157160415448,-0.24547358053049528,0.62510484764457819,-0.96816791930424362,0.31532196443114691,-0.58652691855659889,-0.52762000864934899,-0.56674175273527116,0.033449301392130204
125,0.19081098376690853,-0.99688403458556452,0.71787108920298937,0.10893525223453882,0.33705416716187231,0.22736819177186951,0.33652824895601419,-0.026604637976019863,-0.13903255572035778,-0.056066200588585025,0.55374763957392759,-0.50438791778105685,0.23724636904901875,0.1284180611617769,-0.87531550195224894,-0.70955558342593661,-0.80258232028190557,0.14541494803080313,0.59400119035076404,0.76573273061479008
126,0.30248546240585727,-0.74703100926154908,0.46436108067600479,0.47900360695875999,0.77042318259153864,-0.43584004451156289,0.85817558192597354,-0.28620627425665868,-0.44579457863428362,0.77864383146489047,-0.19977352641729929,-0.89926385332134751,0.47374996212585407,0.13281494551504425,-0.25995921369539676,0.6793382511354662,-0.7791460528382772,-0.012370636698221027,-0.22248315417376596,-0.47563120683915061
127,0.36219292410707515,-0.53973891298501875,0.44597820318938952,0.85597409494967946,-0.9953583928006009,0.25255181090967671,0.35875092462562086,0.28029043584761792,0.99085355449097801,-0.7626476069069752,-0.1507956695193351,0.39415486451286585,0.72330560716558745,0.37475183416482483,-0.86716714850075993,0.63472520649503883,0.86848277027073517,0.23781086983582012,-0.68265111858682914,0.48422220314921094
128,0.073806755165797266,-0.31929729207176316,0.52689321937909472,0.9478559507275468,0.55839838391434848,0.35717053401379162,0.077177755370729573,-0.5331361919275317,0.062883235279460159,0.35144530066849877,0.73640065678051014,0.13530131899434528,0.6358098154382692,0.15538604748096829,-0.99479993293369517,0.44453499591702861,0.29758841890190868,-0.064897784467550013,-0.78113445108430146,0.60783914698523178
129,0.046711551235716353,-0.60158398145062209,0.78710729750349273,0.14436714422230801,0.83237752154416755,-0.71484998141856115,-0.36960783319319801,-0.74659605283927366,-0.75358926679372873,-0.040156246588070266,-0.56414556432423657,0.083992956798586871,0.89984357892044531,0.96812973753005549,-0.47716280227313823,-0.7000227837490145,0.102721397343843,0.35747634686194618,-0.9024603293183715,0.11837128783784623
130,0.26197778644909198,-0.75376213619416133,0.33416455115230037,0.80910904480400148,0.53337468064909554,-0.80697950429812715,0.99283703377054566,-0.44788004704540652,0.14007751111700206,0.52747916702037601,-0.93873517462275924,-0.38714250553837126,0.61418434010770029,0.033622737770827138,0.18205374476162239,0.25956043360287473,-0.74988196878362867,0.4255741992565798,-0.19578962484004836,-0.7827521252948304
131,0.79873275325473569,-0.83636045731703224,0.66150043944539694,0.32361170590003785,0.47555010820842814,-0.082425185416842961,0.69519890485165581,-0.23971596581373333,0.1480985593994617,-0.094225423070552594,-0.82317396138251619,0.8886826634095919,0.47965040185174268,0.19088485953234136,-0.00078849071126230186,-0.012733257292103506,-0.64278300206040084,0.96158481402729423,0.48085790931272876,-0.2852331880777923
132,0.049709674743511956,-0.82358032934103198,0.6630156988997431,0.33142447047598944,0.5776007756890742,0.79508898642129089,0.82097800902493301,-0.85365627873594785,-0.40942645552436163,-0.45884529899278803,-0.73376621713314272,0.86711500488668336,0.98156350104796863,0.63704374871867242,-0.060588746050364017,-0.5321491044533655,-0.64128017083898037,-0.83610495659556294,-0.32491168169265872,0.78268990568266306
133,0.043186927965385813,-0.31568187102009015,0.64529907743444004,0.40310134493611027,0.40505895028580308,0.29051385653274497,0.62578710127859583,0.95740709492385734,0.085168027660061041,-0.61856876120633197,-0.85946737084218627,0.21229192148610165,-0.48257333559919746,0.29983157508175884,0.90700025543361762,0.98757173812636978,-0.29927629413108381,-0.6174274394538628,0.5356743814588627,0.37519811981608453
134,0.046335836427960908,-0.72636500081943822,0.50010056207155351,0.46290736887900596,0.016274313225304038,0.21655132840886226,0.85560150445657879,-0.21488745255036279,-0.10902562565330531,-0.28100622357641725,-0.020261524298634148,-0.57183388382930356,-0.79713555787713486,0.90697228490104509,-0.58811286757526715,0.93657694214155218,-0.73183659945612733,0.86027505219136202,0.95172155549798965,0.70027038786683438
135,0.21237993923460108,-0.60033693009634281,0.85176408434898776,0.82653749982096403,0.58987068476873117,-0.95552202639561123,0.81852095552723569,-0.41440537493801166,-0.76234303223421263,-0.11431428525397602,-0.66066813242806677,0.45935610931288751,-0.50327534989320677,0.0057273113790439201,-0.063265675241723329,-0.25688261298956094,-0.92709429919600805,-0.55842940236451311,-0.01712905276626131,0.89624342509516519
136,0.19505541572278706,-0.91513031771463016,0.41551820215411195,0.41160381320233475,0.92055908065610947,0.54011812851008578,-0.85416278366691545,0.87234056254343528,-0.95909033343178174,0.46666159130784268,-0.53951450416961411,-0.58731760684684309,-0.47775548881103225,0.52581472787482886,-0.54346758990795574,0.040364412864261512,-0.2804584902561531,-0.10339640906590519,-0.66146035578456086,0.3059369305977202
137,-0.002550788996011244,-0.59446025253827495,0.47637507050894867,0.63003766597981281,-0.48399282864737891,0.56331733351132551,-0.062309179839336704,-0.2082937993054319,-0.84826516270078911,-0.99471081864070277,-0.56483524381198835,0.053691068693061395,-0.97432403015183899,0.80604803101750955,0.86478128205166782,-0.11082625240049282,0.37580379717331458,0.2148810165116104,0.84697779039109933,-0.69922831749865755
138,0.41330183014464827,-0.81666800899259329,0.88955063282748514,0.10395345849826043,0.66434230837858044,-0.43324982413197488,-0.15819890248599444,-0.87882676022905959,0.78631264041944293,-0.71826955003871373,-0.99973686531217831,0.088789809076267101,-0.16008452854187527,0.70647820871640254,-0.38568455542216928,-0.52924533330607826,-0.094069021554183951,0.12836304310473068,-0.80068221082539126,0.055179044845237391
139,0.034569432401790223,-0.63040689865887223,0.89311610473216518,-0.039422817611683092,-0.45024500724442884,0.80383933479381331,0.068361560622452133,0.97543503777387697,0.48075564056464404,0.67116581895261995,-0.95294875700890547,0.64022518970881492,-0.19335518328654211,0.46681578204177421,-0.40439027362168445,-0.060705106217026739,0.67350363816673253,-0.71977865457069123,-0.89333121259851822,0.42131160892955788
140,0.73035509656087894,-0.44662771455155048,0.78988648338384126,0.22111175928858384,0.94461384189729758,0.20306284206838798,0.8344396218244452,-0.26948737376093446,-0.32241681734054572,-0.13418417859218201,-0.66218464512260278,-0.98672033073527032,0.46860946883737409,0.49454159250508756,0.69936636588856715,0.44493817128788704,0.28961015160201686,0.7216651876484812,-0.035742695526274737,0.48996682692546756
141,0.049224450222305816,-0.45137397662539769,0.65585394457705171,-0.037979419588168861,0.34899588043847096,-0.13644344677328779,0.54757847617729127,-0.29608037272882148,-0.15080777731696848,-0.62294912881342657,-0.22406615827210685,0.48677280787690247,0.98494453453804209,0.75661878676837047,0.96919329856757908,-0.73661099743290825,-0.97343771887561537,-0.89852992127851405,-0.41646381787245979,0.93844409873857648
142,0.94983941010216899,-0.82266675046248849,0.3881424885042728,0.2791376425657075,-0.81985565447930564,-0.78988265131061408,0.024654271762716951,0.67655568200040417,0.56687431080049544,-0.76312959643496781,0.020417666333369056,-0.36344483955272877,0.60482869122308358,0.90904195665492815,0.14489795002198225,-0.15998925609413228,-0.98129516335220535,0.74137686397809066,-0.3064126789431969,-0.82715615326111824
143,0.0076018195948017731,-0.37259897191145197,0.48599064551395643,0.51105371314344339,0.17684833926947552,-0.59785935855107741,-0.4860355265066274,-0.66330663162669845,-0.12260404415210568,-0.72177020036336481,-0.58728025142285856,-0.53770522459956704,-0.44730033617955001,0.39850295736758445,0.32160306539789896,-0.76827528973717762,0.6906675905398163,0.12146020840727534,0.65772677985028172,-0.3018086700303515
144,0.44499960276397488,-0.85017824580724022,0.85315848056942678,0.5636921488458484,0.63199949229885721,0.39278426353115359,-0.58009901368725814,-0.70111556631543559,0.38068839245370301,-0.25036142898160585,-0.34812786902577564,0.78353328486946405,0.88129656230681586,0.2756062070689389,-0.38998621725658689,0.21601070037447445,-0.31661934956543081,0.074831705890058275,-0.9099404384394838,0.43301705961522829
145,0.060016990366532852,-0.38509661380959104,0.9355979376671355,0.45851474880219301,0.77425969953002927,0.36369825471318373,-0.75026398218325729,-0.89548452304789583,0.88697716281117978,0.4549165029299278,-0.73057944464175462,0.86465188567011952,0.14335061290666862,0.74463992525926592,-0.11854193345484987,0.4015192454401777,-0.45401811120748836,-0.59343102157406125,0.83701024521022371,0.88242576166975972
146,0.062804640552811319,-0.80808712057411736,0.77699925998323516,0.10494025697787901,-0.74118613551408807,0.082570708431229933,0.82492706651752501,-0.5998482819915627,0.41203930180972259,-0.74970164580669518,-0.66199227012785244,-0.53187206738724679,0.58053907315356268,0.84918939573916274,0.62140383137856881,-0.83972796569315489,0.25562357445075889,0.42910854520366315,-0.74418488906213276,0.12120594528318662
147,0.046711551235716353,-0.60158398145062209,0.78710729750349273,0.14436714422230801,0.83237752154416755,-0.71484998141856115,-0.36960783319319801,-0.74659605283927366,-0.75358926679372873,-0.040156246588070266,-0.56414556432423657,0.083992956798586871,0.89984357892044531,0.96812973753005549,-0.47716280227313823,-0.7000227837490145,0.102721397343843,0.35747634686194618,-0.9024603293183715,0.11837128783784623
148,0.12013949004878821,-0.60306209861599935,0.92384274987272863,0.87004816747539282,0.74307624155947227,0.32192266800647418,-0.16508078886648381,-0.40833088350132374,0.22258356751355413,-0.11765802309573115,-0.24919486461313722,-0.48047242123708878,-0.21820649986410423,0.32528081815308485,-0.076175649822288305,0.4094103227696313,-0.19451810158936134,0.70240878424045938,0.92152545060664193,-0.82494213333470046
149,0.26631426115683876,-0.66400803493367322,0.91077613977119309,0.92427474545352761,-0.84030257484099846,0.89289718495206616,0.63037803546811011,0.33442337461119798,-0.17818813733610384,0.70237202195722315,-0.90362885169623208,0.17039230978284681,-0.20791254453123043,0.90927969550491872,-0.97593537123337226,-0.97413317602000049,-0.13121714467776369,0.79484108163806977,-0.86499349206671661,0.95109761447785779
150,0.21237993923460108,-0.60033693009634281,0.85176408434898776,0.82653749982096403,0.58987068476873117,-0.95552202639561123,0.81852095552723569,-0.41440537493801166,-0.76234303223421263,-0.11431428525397602,-0.66066813242806677,0.45935610931288751,-0.50327534989320677,0.0057273113790439201,-0.063265675241723329,-0.25688261298956094,-0.92709429919600805,-0.55842940236451311,-0.01712905276626131,0.89624342509516519
151,0.01267171141487311,-0.59288085155929648,0.45776347471264067,0.69881110816040204,-0.87480674977354722,-0.80984064909831299,-0.36408811446389144,0.66100574751246666,-0.53365606751278238,-0.51069408168621377,-0.37651595721977182,0.15336744244929479,0.90884100526861178,0.2736013542340312,0.27850087220254194,0.33342790243022602,-0.92997283155738475,0.48072234431873229,-0.41569798899044441,0.87635911966316526
152,0.049709674743511956,-0.82358032934103198,0.6630156988997431,0.33142447047598944,0.5776007756890742,0.79508898642129089,0.82097800902493301,-0.85365627873594785,-0.40942645552436163,-0.45884529899278803,-0.73376621713314272,0.86711500488668336,0.98156350104796863,0.63704374871867242,-0.060588746050364017,-0.5321491044533655,-0.64128017083898037,-0.83610495659556294,-0.32491168169265872,0.78268990568266306
153,0.049709674743511956,-0.82358032934103198,0.6630156988997431,0.33142447047598944,0.5776007756890742,0.79508898642129089,0.82097800902493301,-0.85365627873594785,-0.40942645552436163,-0.45884529899278803,-0.73376621713314272,0.86711500488668336,0.98156350104796863,0.63704374871867242,-0.060588746050364017,-0.5321491044533655,-0.64128017083898037,-0.83610495659556294,-0.32491168169265872,0.78268990568266306
154,0.93396151540427286,-0.41195198300039526,0.65318689007459163,0.58249085983459925,0.44146885724554874,-0.68384753262673814,0.93271113007827311,-0.51750431363085569,0.3406711369418518,0.35070272871893882,-0.76529788371190111,-0.56224721067038441,0.16586627528266695,0.10130045537389454,-0.48951303150548275,0.37265720454243301,0.56248808272604256,0.39467545733766429,-0.8554158638119902,0.43435829988358932
155,0.26197778644909198,-0.75376213619416133,0.33416455115230037,0.80910904480400148,0.53337468064909554,-0.80697950429812715,0.99283703377054566,-0.44788004704540652,0.14007751111700206,0.52747916702037601,-0.93873517462275924,-0.38714250553837126,0.61418434010770029,0.033622737770827138,0.18205374476162239,0.25956043360287473,-0.74988196878362867,0.4255741992565798,-0.19578962484004836,-0.7827521252948304
156,0.57109926500529284,-0.66897543169985085,0.73165010248192885,0.31602592035794297,0.82654797868234464,-0.57617439583943186,0.68317736041682942,0.27112627312098492,0.81678048177457541,0.80727587064495743,-0.46504572629223073,0.3433102349369106,0.2541276827299157,0.31832630901243353,-0.49987917666482673,-0.21131924167175864,-0.26220715203612288,-0.4872784247786206,0.98624984475944633,0.82767253858434398
157,0.16153191285906265,-0.61506675273153233,0.69263495608927839,0.39438836246622144,0.44450128926584886,-0.79571558983391388,0.94218195550913242,0.069183243964507479,-0.37582648272410912,0.54459860754390244,-0.9383478650984538,-0.46617077001793361,-0.879117434678651,0.65530848250004281,-0.71173031627891414,-0.18648830264837679,0.60401150664587133,0.8916143315555749,-0.36189873664632977,0.97148674449314898
158,0.44499960276397488,-0.85017824580724022,0.85315848056942678,0.5636921488458484,0.63199949229885721,0.39278426353115359,-0.58009901368725814,-0.70111556631543559,0.38068839245370301,-0.25036142898160585,-0.34812786902577564,0.78353328486946405,0.88129656230681586,0.2756062070689389,-0.38998621725658689,0.21601070037447445,-0.31661934956543081,0.074831705890058275,-0.9099404384394838,0.43301705961522829
159,0.30318266624543933,-0.4096881493016129,0.94647800221712552,0.25891822359798011,0.66527515841856166,-0.15704720443217046,-0.92708370364795112,-0.445623326687836,-0.63061368339766344,0.76450773277075568,-0.69068612595368695,-0.41099249519654868,-0.29106934778444415,0.34340430979184444,-0.44952637494901349,0.40317961224490251,-0.90448968157255316,0.44026140728853913,-0.93681435493005494,0.26288241131969592
160,-0.011578931338552589,-0.74415354803279543,0.97818926865834821,0.14582609223114296,-0.72979515345957902,-0.16569482741650465,0.64401370533758273,0.86978071202796148,0.4913315636691522,-0.62436572912382005,0.06455417473467695,0.27490819275078171,-0.014217589548966458,0.33416445983309551,-0.52515112160946287,-0.12873193760377633,-0.0044407455249337868,-0.31611877824188594,0.80618544398652348,0.3342266061774759
161,0.33219572410295739,-0.49375008191853254,0.8668777864322561,0.74786843933472302,0.031155616676952436,0.78436231006792845,-0.10053379377470084,-0.0030621392394964975,-0.15399071215161175,0.84388612907218441,-0.47725815813139993,0.81409494151807493,0.62684774009403688,0.62002664484940651,0.20413201340046672,0.87656665442895765,-0.12114261614855892,0.33504600114047389,0.5906081335078821,-0.40862211748170618
162,0.060996220325658657,-0.51601523926025705,0.82496121234015596,0.45975950999931037,0.6226911730206659,0.17614525716222618,-0.63365898908792051,0.059537250250067064,-0.88171169253630755,0.60625449133751697,-0.45693346686652725,0.30355043916974989,0.75882950969316254,0.86585252492184006,0.57341192891518999,-0.99875435344649244,0.87321003029711841,0.90234980028457423,-0.45058265057544777,0.83558037051048539
163,0.046711551235716353,-0.60158398145062209,0.78710729750349273,0.14436714422230801,0.83237752154416755,-0.71484998141856115,-0.36960783319319801,-0.74659605283927366,-0.75358926679372873,-0.040156246588070266,-0.56414556432423657,0.083992956798586871,0.89984357892044531,0.96812973753005549,-0.47716280227313823,-0.7000227837490145,0.102721397343843,0.35747634686194618,-0.9024603293183715,0.11837128783784623
164,0.10338459398841549,-0.68020313146725919,0.97115621819946463,0.8792263743625095,0.72828530833481464,-0.52305908527076506,0.72744134096170487,0.28184780940587251,0.53860930921729633,0.8703059442914487,0.79575761704267634,-0.78226292925022456,-0.17635245893264329,0.081615721785009532,-0.045790440871711358,0.83490316345565097,-0.81857433473173091,0.60306454447826496,-0.21778493130034593,-0.52352905928776527
165,0.95258566181258786,-0.86352559639303106,0.38140924788149877,0.19912322647770941,-0.71640803585836266,-0.16060747874107295,0.42190396568610278,0.56092424064420365,-0.92597159577926225,-0.678683456130035,0.57398502793451667,-0.4432858714008765,-0.86170148225225041,0.31337406956360425,-0.40257581399918485,-0.6135276996908372,0.21390997981961313,0.57951543107253389,-0.18966814675699295,-0.72869717841309978
166,0.087570155019364382,-0.54267944987604544,0.41601632442366476,0.66764539995400285,0.38112434531405404,-0.080283881756376241,0.060037799922255886,0.8316133767154481,0.26033987690963101,-0.32862031116312429,-0.76402773727042561,-0.40057929353882993,-0.43057716897572518,0.67507689610939736,-0.87146499650260312,0.15321581587023991,0.61857964065757143,0.49200796385953383,-0.67579997762324751,-0.059877203298328352
167,0.48937267427701925,-0.98643376706904262,0.83834251514300684,0.51631947766481234,-0.50193423239358226,-0.19395764847446806,0.026775846159630357,-0.65824729942337301,-0.87723753281615968,0.47508089257890407,-0.40516214026104813,-0.37176739371299283,0.14370385244352946,0.63484667148179486,-0.99234499356950279,-0.32130733019617286,0.89068985210815965,0.11219268700726071,0.80039063172310287,-0.66636055489280155
168,0.41330183014464827,-0.81666800899259329,0.88955063282748514,0.10395345849826043,0.66434230837858044,-0.43324982413197488,-0.15819890248599444,-0.87882676022905959,0.78631264041944293,-0.71826955003871373,-0.99973686531217831,0.088789809076267101,-0.16008452854187527,0.70647820871640254,-0.38568455542216928,-0.52924533330607826,-0.094069021554183951,0.12836304310473068,-0.80068221082539126,0.055179044845237391
169,0.038235708308989702,-0.51709982995097215,0.81507167834462479,0.39250247129634208,0.031205832079397533,0.44646001745485764,-0.43461656528048942,-0.91609192545481188,0.53629160106320439,0.11631356769942403,-0.24727814221910682,0.23486439128918568,0.38371186461693729,0.67890883073808528,0.51872262180887763,-0.56169117757817943,0.79256252430540619,-0.036570101379238995,0.1218635736761895,0.21771938285475012
170,0.10338459398841549,-0.68020313146725919,0.97115621819946463,0.8792263743625095,0.72828530833481464,-0.52305908527076506,0.72744134096170487,0.28184780940587251,0.53860930921729633,0.8703059442914487,0.79575761704267634,-0.78226292925022456,-0.17635245893264329,0.081615721785009532,-0.045790440871711358,0.83490316345565097,-0.81857433473173091,0.60306454447826496,-0.21778493130034593,-0.52352905928776527
171,0.0084644512848788267,-0.57738522414025173,0.78119490230992383,0.71265881337382253,0.23566350824065618,-0.081669732532871908,-0.74481653233683076,-0.55640958003464047,0.027823332899122644,0.48426772869419787,-0.70077637513601521,-0.71009832004093587,0.57751088936357919,0.3513760682739524,0.17869149557913966,-0.92213997957862803,-0.87385304249032125,-0.22138654692207282,-0.92742519765624776,0.3947734468987103
172,0.030714875874160219,-0.64280623945419713,0.60520146655769125,0.26010605923446772,-0.44359174595762019,-0.12989727856353439,-0.083744252512737649,0.11964976827371587,-0.27002226581863198,0.494439189949198,0.65171132797701792,-0.50874194069070855,0.95071571757286666,0.99275053625064524,-0.87433262072297757,0.019604638077129977,-0.23325992713057375,0.60602432283451635,0.75265831197094291,-0.48102671167596212
173,0.079800048347687502,-0.44303802302857664,0.88258461487088291,0.38959897851532754,-0.020005475561313046,0.17347253616505909,0.13517950252197486,-0.73372320188697682,-0.16013423953716699,0.17289749508344054,-0.027672058955256817,-0.93365178356529999,-0.4044959472961942,0.53911689294704801,-0.080005401252605468,-0.36158775108439234,-0.035653711364538321,-0.99277008817654488,-0.12892046578838867,0.29899702126700101
174,0.067495577144569996,-0.59175746799517159,0.56796965820173995,0.2633716674912443,-0.79911012825389194,0.38017509365582214,0.71220351891065725,0.56228406707914225,0.37660603414054905,-0.38346343316762166,-0.1257707548956748,0.27804718236254256,0.78919311164564632,0.96593460256000463,-0.17401903390606854,-0.34385026505962091,-0.4796332067305189,0.56115331320083017,0.69851484211377124,0.77738970561838072
175,0.073806755165797266,-0.31929729207176316,0.52689321937909472,0.9478559507275468,0.55839838391434848,0.35717053401379162,0.077177755370729573,-0.5331361919275317,0.062883235279460159,0.35144530066849877,0.73640065678051014,0.13530131899434528,0.6358098154382692,0.15538604748096829,-0.99479993293369517,0.44453499591702861,0.29758841890190868,-0.064897784467550013,-0.78113445108430146,0.60783914698523178
176,0.39255341136527266,-0.76194642689571723,0.44429982049775485,0.17680461710878403,0.90171865693613285,-0.4212276061122775,0.1083218915446309,0.80261309451425022,-0.058697089379727396,0.8243546249999818,-0.84365840784992696,0.28941589103318965,0.54241881274770187,0.36477190859961772,-0.096443336515044997,0.53715454087421444,-0.56357278112507614,0.60382204990371924,0.88642498849316698,-0.97827611420558847
177,0.17256279930157548,-0.77446678956199344,0.56505774963729571,0.90861770719359147,0.48973573164070561,-0.20494329683557733,0.68815748981988456,-0.39009261470231626,0.0086942853689953026,0.29121993397246082,0.19024820831587053,0.86510859214597313,-0.61316568845723629,0.27292563579046747,-0.93615867711611589,0.325561089514115,-0.79289849864339712,-0.21596102677250717,0.59369983866495235,-0.40437551952306294
178,0.30248546240585727,-0.74703100926154908,0.46436108067600479,0.47900360695875999,0.77042318259153864,-0.43584004451156289,0.85817558192597354,-0.28620627425665868,-0.44579457863428362,0.77864383146489047,-0.19977352641729929,-0.89926385332134751,0.47374996212585407,0.13281494551504425,-0.25995921369539676,0.6793382511354662,-0.7791460528382772,-0.012370636698221027,-0.22248315417376596,-0.47563120683915061
179,0.086799660499391917,-0.46756400599008674,0.79356549980048086,0.28799744785973869,0.22349182379397137,0.5642787772032325,-0.54622663527808246,-0.93626724921803084,-0.3583256082652293,-0.69613533391247806,-0.63513943843434872,-0.0075099293073828122,-0.26765232183172416,0.95990233596130747,-0.080533782950335864,0.38393380061069871,-0.52108424875870973,-0.40972215773130038,-0.080011220218885626,0.018774565747639693
180,0.23652151700965907,-0.81543903786603456,0.78590851811891693,0.77134391087263543,0.9278291212293297,0.55254291519953513,-0.020977260024107602,0.74756797452244683,0.82710128987745501,-0.73999432905994889,-0.69703330748143699,0.60471508283080877,-0.56387511479549546,0.32953369178570968,0.053701495301448521,-0.82252546571439544,-0.97874017449504414,0.63853924438367238,-0.43902164365784224,0.73238295504980977
181,0.034569432401790223,-0.63040689865887223,0.89311610473216518,-0.039422817611683092,-0.45024500724442884,0.80383933479381331,0.068361560622452133,0.97543503777387697,0.48075564056464404,0.67116581895261995,-0.95294875700890547,0.64022518970881492,-0.19335518328654211,0.46681578204177421,-0.40439027362168445,-0.060705106217026739,0.67350363816673253,-0.71977865457069123,-0.89333121259851822,0.42131160892955788
182,0.046711551235716353,-0.60158398145062209,0.78710729750349273,0.14436714422230801,0.83237752154416755,-0.71484998141856115,-0.36960783319319801,-0.74659605283927366,-0.75358926679372873,-0.040156246588070266,-0.56414556432423657,0.083992956798586871,0.89984357892044531,0.96812973753005549,-0.47716280227313823,-0.7000227837490145,0.102721397343843,0.35747634686194618,-0.9024603293183715,0.11837128783784623
183,0.0084644512848788267,-0.57738522414025173,0.78119490230992383,0.71265881337382253,0.23566350824065618,-0.081669732532871908,-0.74481653233683076,-0.55640958003464047,0.027823332899122644,0.48426772869419787,-0.70077637513601521,-0.71009832004093587,0.57751088936357919,0.3513760682739524,0.17869149557913966,-0.92213997957862803,-0.87385304249032125,-0.22138654692207282,-0.92742519765624776,0.3947734468987103
184,0.16688728497610006,-0.50739626633466606,0.88737441408887796,0.22143446880086692,0.85072645210480258,0.32726512497742366,-0.10619967879269399,-0.33466596833299067,-0.87193941388966612,-0.061534329389649312,0.67468451693190645,-0.646141005743613,0.88837258850134293,0.45604085487854795,-0.062889167656317246,0.24393256266890417,0.54250612075634463,0.28268589430808855,0.50889880194105563,-0.70783995447727843
185,0.41578962140439413,-0.71288072237877032,0.29216627191038236,0.91234350469609593,0.5365609268730116,0.30194388821405949,0.6081738264916059,-0.29099722757006075,0.40952336590176452,-0.58972893331067189,0.81943251324809685,0.73514089089860768,0.18838570649641362,-0.021054996228890843,-0.62471099788302742,0.61004273550856691,0.11312992025421753,-0.81429697287331915,-0.48714040016091786,0.20894985759086548
186,0.26810274506836507,-0.78732842127537772,0.44137805027241184,0.30789746355165892,0.80023242184304233,0.082741030085693223,0.42219577982883139,-0.90448237014807331,-0.94254669976176375,-0.54192635560660651,0.56864899956813919,0.43377685310998948,0.61364655126124767,0.76479193997966832,-0.29685969944907775,0.57286131697482312,-0.61201561353938749,-0.49026738992734842,0.63584514706500017,-0.83010243121310046
187,0.52731857876507804,-0.80674534400361497,0.84015795765990764,0.14736465780871599,0.90887524443510559,0.17941895817595199,-0.99243697970020861,0.99623027744312664,0.80335675649537763,-0.37185671903795248,-0.45197982877538423,0.97360612082594189,0.003060185937504345,0.60077180616168957,-0.6464435477934154,0.89352359694922279,-0.87618385509162433,0.98972277542467735,0.41119289885738164,0.35333279402697326
188,0.062804640552811319,-0.80808712057411736,0.77699925998323516,0.10494025697787901,-0.74118613551408807,0.082570708431229933,0.82492706651752501,-0.5998482819915627,0.41203930180972259,-0.74970164580669518,-0.66199227012785244,-0.53187206738724679,0.58053907315356268,0.84918939573916274,0.62140383137856881,-0.83972796569315489,0.25562357445075889,0.42910854520366315,-0.74418488906213276,0.12120594528318662
189,0.046711551235716353,-0.60158398145062209,0.78710729750349273,0.14436714422230801,0.83237752154416755,-0.71484998141856115,-0.36960783319319801,-0.74659605283927366,-0.75358926679372873,-0.040156246588070266,-0.56414556432423657,0.083992956798586871,0.89984357892044531,0.96812973753005549,-0.47716280227313823,-0.7000227837490145,0.102721397343843,0.35747634686194618,-0.9024603293183715,0.11837128783784623
190,0.50889083023420434,-0.36807360179436532,0.88933156570654548,0.42449437958020098,0.1351650893844325,0.40050202232449594,0.38946755442944658,-0.35511987876714723,0.86139443311256159,-0.084781585444340113,-0.27352465412187943,0.0021491414255940811,0.56798744152673519,0.87976000331750503,-0.39012559546064995,-0.37282796906244831,0.13542365390216959,-0.71841440242977139,-0.81259999125225657,0.91323067939486124
191,0.30318266624543933,-0.4096881493016129,0.94647800221712552,0.25891822359798011,0.66527515841856166,-0.15704720443217046,-0.92708370364795112,-0.445623326687836,-0.63061368339766344,0.76450773277075568,-0.69068612595368695,-0.41099249519654868,-0.29106934778444415,0.34340430979184444,-0.44952637494901349,0.40317961224490251,-0.90448968157255316,0.44026140728853913,-0.93681435493005494,0.26288241131969592
192,0.30318266624543933,-0.4096881493016129,0.94647800221712552,0.25891822359798011,0.66527515841856166,-0.15704720443217046,-0.92708370364795112,-0.445623326687836,-0.63061368339766344,0.76450773277075568,-0.69068612595368695,-0.41099249519654868,-0.29106934778444415,0.34340430979184444,-0.44952637494901349,0.40317961224490251,-0.90448968157255316,0.44026140728853913,-0.93681435493005494,0.26288241131969592
193,0.04065087297306369,-0.61137951652253086,0.36983154724881806,0.43931467935391288,0.3411471173358398,-0.78175493194795265,0.94205726700327808,0.015175200318878757,0.84386851726326273,-0.34341056640008061,-0.079145291097576509,-0.39740402028481103,0.99382458451750222,0.092921903575241549,0.31886033036284012,0.71796912111915523,0.30096096367891723,0.44335534101605223,0.31255788636378945,-0.73434082775096465
194,0.22334049425117586,-0.369779473174906,0.73634492018946007,0.3660331817212874,-0.1260647029034212,0.43195791388033555,-0.39590109536803531,-0.19884800394013036,-0.70854612514197357,-0.24035368680767766,-0.96094600062607927,0.3681628387812832,0.48726121414561652,0.32453306214848943,-0.6023730587837679,0.37561697312858366,0.4103402315850031,0.600997478798452,0.27753353459811625,-0.23340653689028001
195,0.39032790197068823,-0.78741040964555076,0.85866830216885526,0.8956993931075925,0.78458835830882268,-0.51545004363612867,0.65761613097173455,0.98673335974914322,-0.94779976476178529,0.95031508254205743,-0.67627379714993063,0.0042568835351830536,-0.012557255133514467,0.29940943650613461,-0.63670681895820747,0.99409291624781226,-0.32122666246012166,0.81430458264023131,0.43618096275980656,0.85109078795963078
196,0.96372955479487721,-0.94216843354173307,0.90258282393777178,0.67097214768009783,0.54674534791146034,0.17660306090026001,-0.73038399114781383,-0.37805407923306178,0.21925585057153718,-0.65527718470475294,0.8444110913148426,0.77614911646343221,0.72309981488126018,0.99615367703292157,-0.92795491624310378,0.29623224303199391,0.1699955796666146,0.011688671018230012,-0.15811389123516584,0.11776078015614311
197,0.40754147208625002,-0.94660214835018031,0.80179462804599821,0.83628176796013864,-0.27289223367912441,-0.31958802674296916,0.39379836129723311,-0.9523201722655481,-0.61627691577242794,-0.29507360311472763,-0.49369412092006715,-0.37611833624405411,0.69892217341084262,0.95119722824859076,-0.78853356594534363,0.17812553301607181,-0.10752545768067701,0.50628467648525333,-0.54290069130262553,-0.081845364222200567
198,0.18921152873260327,-0.58547206480199221,0.97126920080144608,0.79502254554026952,0.44049107152950828,-0.78770809692780763,0.71813119105064782,0.45636815090064586,0.15852058925891765,0.14605876430406983,-0.84441878548409477,-0.10745711443820927,0.73141896819173491,0.83893643768753723,-0.87471697413436011,-0.31762815128289401,0.8266570280049701,-0.76496110623492908,-0.070635587603372407,0.04582926476112803
199,0.36189505829526758,-0.75755927042248361,0.86113422375364213,0.96172615129598715,0.46579612956795091,0.10313765789890206,0.9374974942219898,-0.48983952506620776,0.92245393734093484,-0.64088676244249521,-0.98624079090105266,0.96918392922925611,-0.31325688310645528,0.26083959786177635,-0.88117523674237086,0.3776188371750957,0.71230195826789933,0.28269956359603454,0.54713140714304509,0.25339090139055687
200,0.049709674743511956,-0.82358032934103198,0.6630156988997431,0.33142447047598944,0.5776007756890742,0.79508898642129089,0.82097800902493301,-0.85365627873594785,-0.40942645552436163,-0.45884529899278803,-0.73376621713314272,0.86711500488668336,0.98156350104796863,0.63704374871867242,-0.060588746050364017,-0.5321491044533655,-0.64128017083898037,-0.83610495659556294,-0.32491168169265872,0.78268990568266306
201,0.003161261560046702,-0.34846193990213625,0.56936645956285981,0.96271737796292811,-0.75897289238942744,-0.24933235829800249,0.97010678427671748,0.049246561601722583,0.37704453699490958,-0.50904284094667629,-0.22241079553919252,0.21366645089195968,0.31516797733265323,0.56436717834823047,0.12295384358312966,0.88943719440368829,-0.75914575992261302,0.68088021559438405,0.31074186489733457,0.77585364134652113
202,0.36826385738504053,-0.76404249949245018,0.81423711018953182,0.41470072063781482,0.37712779359097448,-0.85520748086778653,0.36960238344314145,0.21138048382498886,-0.31237851117706894,0.65732891612946753,0.92945940813406147,0.17457460412050163,0.71117269783441373,0.16227473546241167,0.35136935154078963,0.15530610236605202,-0.74122479479196945,0.458930450082216,0.48428516480540229,0.092552099765163431
203,0.24214464410544068,-0.36280449059190611,0.87599354328993395,0.23955835184557084,0.29051033970962736,-0.73380796486943733,0.31256005856872204,-0.30516840650942223,0.030014515420476728,-0.89743663694244247,-0.62496894353220722,0.93599863488044766,0.45463519383458095,0.7714622620753997,0.7270280903241968,0.72630370292849666,-0.8717493661148592,0.82897437251364314,-0.66159108593120486,0.29604389876680393
204,0.048169891950036181,-0.37788753074414871,0.43032526429532059,0.3513269074714811,-0.18552792899508042,-0.38419138358222815,0.29885621248560201,-0.57227803729226423,0.99365688024826926,-0.83690927878631216,0.36160575468433365,0.19905494276408375,0.64294814046505389,0.78464132814781284,-0.72175505117657046,0.87640498870641492,-0.43656205177158602,-0.51907822320561636,0.02925184710020301,0.32920331616829923
205,0.91694560855685525,-0.76897147256856035,0.38064289936527729,0.41504445771640675,0.98026351260572953,-0.2891424345534257,-0.123566435508774,0.73603266044249094,0.51487918562458335,-0.022794766896136576,-0.24204686491635607,-0.064393654424919067,0.95962259988700183,0.74932326201844424,-0.59764668839845991,-0.055707775842197327,0.23214619248642876,0.47878147466338761,-0.91010068350066331,-0.86491729022699104
206,-0.013065916066506533,-0.36636457225928654,0.49085090020508182,0.89236611725493065,0.6324070416820462,-0.79296306149783358,-0.29698233864834767,0.89502591515482832,-0.70508290225898373,-0.90415396960940719,-0.16374512202887903,0.38752848760206349,-0.65911860681199808,0.39140954251411353,0.89675637330768154,0.70611874458128643,-0.073576239826285583,0.95902982033969009,0.31664639406059569,-0.63497095623325128
207,0.026669686696967343,-0.84285240578701659,0.49350101610903696,0.38474599867990755,-0.72167479538718271,0.94423367440701744,-0.32697754627619258,0.30936913317797243,-0.8987798452182163,-0.6560630499137583,-0.64981148438107117,-0.074665051286499695,-0.04680670298710421,0.45068966586419235,-0.088512924242931224,-0.86015343072758577,0.84244463812927939,-0.80557278612968153,-0.14572072079066634,-0.12810962488499777
208,0.04065087297306369,-0.61137951652253086,0.36983154724881806,0.43931467935391288,0.3411471173358398,-0.78175493194795265,0.94205726700327808,0.015175200318878757,0.84386851726326273,-0.34341056640008061,-0.079145291097576509,-0.39740402028481103,0.99382458451750222,0.092921903575241549,0.31886033036284012,0.71796912111915523,0.30096096367891723,0.44335534101605223,0.31255788636378945,-0.73434082775096465
209,0.7166768586096941,-0.94216572641074037,0.54164072198206226,0.78865584528901156,0.97122583613895253,-0.58001209211957794,0.057769416521229022,-0.33722638509470526,-0.23494276623904709,0.89223769596195357,-0.67763311593245401,-0.7822373064691619,0.91067193381821254,0.18367098627770861,0.26229710784337601,0.58463677851273599,-0.33574013657299084,-0.83477087393464999,-0.023893158827916539,0.53136058141499043
210,0.024643183146411785,-0.71537056202181781,0.35197967541428676,0.56283412799619192,0.26178082749127296,-0.32536645736602798,0.84972432340923421,-0.15005315373877082,-0.046687238822728627,-0.17359701991752496,-0.050442291419808161,0.61093471399599641,0.0090210285687464253,0.18060230803089827,0.58986925372183041,0.66813165553412346,-0.15316302577849417,-0.75730318929488116,0.09440732462037249,-0.39081989367303827
211,0.26197778644909198,-0.75376213619416133,0.33416455115230037,0.80910904480400148,0.53337468064909554,-0.80697950429812715,0.99283703377054566,-0.44788004704540652,0.14007751111700206,0.52747916702037601,-0.93873517462275924,-0.38714250553837126,0.61418434010770029,0.033622737770827138,0.18205374476162239,0.25956043360287473,-0.74988196878362867,0.4255741992565798,-0.19578962484004836,-0.7827521252948304
212,0.2783616343009867,-0.91921236641980486,0.79847590588318518,0.75547562122455947,0.31777387332115925,0.66217002946880843,0.85185215917973678,0.41132793963427394,-0.32042170502162293,0.39569101171753895,-0.61942587635978974,0.29216774384769018,0.18696110817244493,0.57193285689901985,-0.26059820012634693,0.096022505808681879,-0.024122568925976973,0.30051906634644454,0.32257984860422639,-0.018369166814468763
213,0.01267171141487311,-0.59288085155929648,0.45776347471264067,0.69881110816040204,-0.87480674977354722,-0.80984064909831299,-0.36408811446389144,0.66100574751246666,-0.53365606751278238,-0.51069408168621377,-0.37651595721977182,0.15336744244929479,0.90884100526861178,0.2736013542340312,0.27850087220254194,0.33342790243022602,-0.92997283155738475,0.48072234431873229,-0.41569798899044441,0.87635911966316526
214,0.30248546240585727,-0.74703100926154908,0.46436108067600479,0.47900360695875999,0.77042318259153864,-0.43584004451156289,0.85817558192597354,-0.28620627425665868,-0.44579457863428362,0.77864383146489047,-0.19977352641729929,-0.89926385332134751,0.47374996212585407,0.13281494551504425,-0.25995921369539676,0.6793382511354662,-0.7791460528382772,-0.012370636698221027,-0.22248315417376596,-0.47563120683915061
215,0.078466587615671601,-0.40484531541243585,0.53583348900715211,0.59491754475201786,-0.35145681488006275,-0.68706229637925964,0.46350830063400972,0.1141881973216925,0.99950883485212638,-0.073170409640473721,-0.67670829124711585,0.16909352348680229,-0.0160823345842529,0.06991887092393001,-0.49384140588809933,-0.59004329845527725,-0.96449117888337299,-0.71593558763879006,0.1677536538250517,0.095786358620964185
216,0.44914758328396442,-0.60198561638788473,0.76378964468988797,0.46999479510972764,-0.76063959741128429,-0.5425637458639978,-0.83174908756605137,0.021957735774533749,-0.1108578881256721,0.37584641505342664,0.86931803273651975,0.13810230462398176,0.98571692219920859,0.4223505960028513,-0.86910122841381776,-0.90905013925238376,0.66408989132984675,-0.26430707096726036,0.58211330864605215,-0.52788027339800636
217,0.8915447886416259,-0.76139580652373873,0.91517195058047029,0.35746548065768802,-0.85852121576718665,-0.074011996877429764,0.54559121667608212,-0.92382653756527611,-0.60435538368749109,0.74064788770478018,-0.98255605106836197,-0.93064888442955507,-0.28457706426451468,0.83118041071241433,-0.41895988564316311,-0.17262363783348111,0.56455549411179029,0.15198578427488507,-0.071613576595008333,0.39963574881995267
218,0.8295109302541912,-0.38725547558545381,0.69503207817308343,0.27219961838000883,0.94722206748201043,0.74668181956306778,0.34602574914160877,-0.81811086221091522,-0.22532798095451412,0.29040508830388512,-0.50045228439019618,-0.29307924692942522,0.6143342700574268,0.77748488221145551,-0.64717444457401618,-0.86528505841380232,0.86808422486252446,-0.46504196048312574,-0.63104493666264538,0.5991226477606526
219,0.24293138675286219,-0.80510588438017971,0.75803874755914058,0.17084797678366215,0.76177591775878239,-0.33619354598242923,0.35024767009749902,-0.75409247790525225,-0.14059324070259516,-0.86511672424863395,-0.15784021836289885,-0.76949532813683574,0.78261827133901152,0.19483096772477704,0.034744780518663365,-0.46793982709910953,-0.68152611431192289,0.035657876758040663,0.44923204583669829,0.5507075509348589
220,0.0093313413983444615,-0.6185323548001771,0.67092466572552745,0.93900192770419633,0.31988182880982019,0.73014116420427921,0.83025175133891516,0.96456168379682938,-0.71480136234509861,0.32859733500289612,0.14256006176740521,-0.92046112135123548,0.46894278331079065,0.9318861111501302,-0.30761454545699563,0.83807932687143039,0.49779777772311484,-0.63141124125647852,0.1606153378231896,-0.2594714440687127
221,0.060885996792451769,-0.42715693254627873,0.51922279220453649,0.73216896763438966,0.26022401101199266,0.52255565393304071,0.55094544621557984,0.87102892975034929,0.97256202365490996,-0.40438943820851403,-0.18172038531461321,-0.74339035379439222,0.90500187300678636,0.38535845470998242,0.53213564425403348,-0.61743306453905711,0.059092916263187245,0.31962542043402631,-0.79008838225934341,-0.54490817139111813
222,0.40275331009458104,-0.34972697419751575,0.44247268157786723,0.16765946190154368,0.34350610070466381,-0.88057349794977369,0.77095682700537305,-0.3181390338191159,-0.40990157692098173,-0.75244887723684695,-0.79562297192401021,-0.98899708961746646,0.29832414490156212,0.76241972755483389,-0.97668899380238328,0.069689834103851434,0.59658027142757053,-0.45367849995577614,0.98443871991076959,0.99107988202076092
223,0.31681487993883928,-0.87826471989626098,0.41545875035581048,0.27301267775288429,0.91174813592120363,-0.86599370228747552,0.57218650203466903,-0.23241450498538274,0.53617095206128562,0.85296593255046771,-0.71037822911751736,-0.48622992698154932,-0.99481404432185316,0.69249986038850864,-0.95737266019328993,-0.33642904088662129,0.044182342884107939,0.0077794647665354599,-0.1805290165603286,-0.40612997020768993
224,0.87374737404527392,-0.56725492447947912,0.81363479949083417,0.5507087521114542,0.45686134966750536,0.017684338814123235,0.54584089321584295,-0.38345100246071961,0.79498730816724361,-0.32152105388308083,0.91102442424722185,0.65104559931122008,0.15342743433662331,0.25095667768749341,0.75936016387535887,0.0784932866217396,-0.73535940383288878,-0.43172428527811957,0.042372505070767952,0.43179231543359098
225,0.046711551235716353,-0.60158398145062209,0.78710729750349273,0.14436714422230801,0.83237752154416755,-0.71484998141856115,-0.36960783319319801,-0.74659605283927366,-0.75358926679372873,-0.040156246588070266,-0.56414556432423657,0.083992956798586871,0.89984357892044531,0.96812973753005549,-0.47716280227313823,-0.7000227837490145,0.102721397343843,0.35747634686194618,-0.9024603293183715,0.11837128783784623
226,0.021868795081156467,-0.40219888825941541,0.75464459396703298,0.83099666265351568,0.19524942763892583,0.49445628073835923,0.17602170151863117,0.43609275963537031,0.0027294602738081597,0.55816566807284906,-0.85595091329988771,-0.41331363263314036,0.84652021239445085,0.02254727343108498,-0.37968542547258055,0.058691220021125812,0.95860877608824802,0.090840598395053984,0.60104647423807589,0.89051378138752235
227,0.048169891950036181,-0.37788753074414871,0.43032526429532059,0.3513269074714811,-0.18552792899508042,-0.38419138358222815,0.29885621248560201,-0.57227803729226423,0.99365688024826926,-0.83690927878631216,0.36160575468433365,0.19905494276408375,0.64294814046505389,0.78464132814781284,-0.72175505117657046,0.87640498870641492,-0.43656205177158602,-0.51907822320561636,0.02925184710020301,0.32920331616829923
228,0.2783616343009867,-0.91921236641980486,0.79847590588318518,0.75547562122455947,0.31777387332115925,0.66217002946880843,0.85185215917973678,0.41132793963427394,-0.32042170502162293,0.39569101171753895,-0.61942587635978974,0.29216774384769018,0.18696110817244493,0.57193285689901985,-0.26059820012634693,0.096022505808681879,-0.024122568925976973,0.30051906634644454,0.32257984860422639,-0.018369166814468763
229,0.44603488133602243,-0.78669994416180766,0.7316964323608659,0.80249033764795707,0.74595716677878987,0.99041024209742323,0.95840320602397377,0.94433114977873744,0.67124787212127357,0.28830339222530021,0.33497224722295282,0.21680115826311419,-0.28910006587142956,0.82232814356619932,-0.90790752352903525,0.27183149366604398,0.71046304465878918,-0.56362891081977784,0.054036858412385147,0.75243449266784346
230,0.049709674743511956,-0.82358032934103198,0.6630156988997431,0.33142447047598944,0.5776007756890742,0.79508898642129089,0.82097800902493301,-0.85365627873594785,-0.40942645552436163,-0.45884529899278803,-0.73376621713314272,0.86711500488668336,0.98156350104796863,0.63704374871867242,-0.060588746050364017,-0.5321491044533655,-0.64128017083898037,-0.83610495659556294,-0.32491168169265872,0.78268990568266306
231,0.26197778644909198,-0.75376213619416133,0.33416455115230037,0.80910904480400148,0.53337468064909554,-0.80697950429812715,0.99283703377054566,-0.44788004704540652,0.14007751111700206,0.52747916702037601,-0.93873517462275924,-0.38714250553837126,0.61418434010770029,0.033622737770827138,0.18205374476162239,0.25956043360287473,-0.74988196878362867,0.4255741992565798,-0.19578962484004836,-0.7827521252948304
232,0.086799660499391917,-0.46756400599008674,0.79356549980048086,0.28799744785973869,0.22349182379397137,0.5642787772032325,-0.54622663527808246,-0.93626724921803084,-0.3583256082652293,-0.69613533391247806,-0.63513943843434872,-0.0075099293073828122,-0.26765232183172416,0.95990233596130747,-0.080533782950335864,0.38393380061069871,-0.52108424875870973,-0.40972215773130038,-0.080011220218885626,0.018774565747639693
233,0.16810639939430372,-0.58477536621826287,0.73681867001631729,0.16794389663238918,0.48733247661634471,0.6463003339960387,0.54255231067647824,-0.30670643774928341,-0.063178376173877115,0.36321316556484651,0.50439397628830984,-0.092301628839049688,0.4743432370749423,0.61010418197570582,-0.21111927777309814,-0.340784219524642,-0.33677099178858905,0.9663835106743015,0.80845551816527195,-0.18820942405029673
234,0.023945606061723357,-0.94644964824680144,0.68256265168812602,0.72610263066753178,0.45229982648713762,-0.021522834422817549,-0.52213615350958675,-0.40014517707168484,0.97825450986314055,0.88038420235441994,0.112521866594818,-0.91155790187438623,0.66987577240118013,0.36059595590334292,-0.987734235247264,0.084624070061101619,-0.42754694473596766,-0.53046512285283143,0.81931640851952525,-0.92145049741515184
235,0.049709674743511956,-0.82358032934103198,0.6630156988997431,0.33142447047598944,0.5776007756890742,0.79508898642129089,0.82097800902493301,-0.85365627873594785,-0.40942645552436163,-0.45884529899278803,-0.73376621713314272,0.86711500488668336,0.98156350104796863,0.63704374871867242,-0.060588746050364017,-0.5321491044533655,-0.64128017083898037,-0.83610495659556294,-0.32491168169265872,0.78268990568266306
236,0.86317285516220932,-0.91208744234830741,0.99209066672560375,0.22826939015838965,-0.85350147136440513,0.17872369085510376,-0.0080645611886709379,-0.22911338488430943,0.79303775989966541,-0.19059129530312302,-0.80274488244054409,-0.070984561629118481,0.32635909471753144,0.43521838298471316,0.57260435862081516,0.65622565643580844,0.50111758750657165,0.91997947918014122,-0.94602499784190952,-0.93893308664886255
237,0.0053109709049501408,-0.88556010742046887,0.53999389900302286,0.30297791695429721,0.028348621242079819,-0.087601185966046158,-0.029019211334039285,-0.70773071252760555,0.58906376571390617,-0.10429496692872675,0.55194721703459848,0.22773545227669545,-0.92748407661808563,0.10686966308085588,0.20390600560320049,-0.17409012055598505,-0.074558861245417773,0.80773705870467483,-0.11717945064899205,0.62402661053782937
238,0.020400007513078799,-0.74664745425313228,0.45240628846777309,0.14874606073727015,-0.3327554159965449,-0.96558832402569394,0.20398477995210951,0.61390294343275942,0.014596501398241202,-0.84946961683377564,-0.0075242107172102113,-0.24228289557591554,0.67960165116948046,0.068379080878594012,-0.87983810295397102,0.66217811743730914,-0.59147841153011727,0.25000514356651182,0.67302079382765756,-0.5096286342219345
239,0.064164171015299143,-0.86058069783135727,0.24368752234061053,0.85794857473894592,0.23153425430611874,-0.31408080051556686,0.3628256856847154,0.71840026421911385,-0.59647865708580494,0.1352247870297516,-0.95592188077248519,-0.37131564887107293,-0.15239334372248914,0.69253278646606242,-0.73926840742805955,0.154980962730626,-0.96307392183882734,-0.58803079266993974,0.067460343386249733,0.033658062775539843
240,0.67135518014537965,-0.66459497514085109,0.80276885997581005,0.56513967597703618,0.30533483414043383,-0.33332494705705185,0.42409074441390993,-0.24759650571942782,-0.95236329168808531,-0.31056238892178167,-0.18582452777408665,-0.78847677401504379,-0.093805596927136303,0.78916777653692138,-0.884382833458216,-0.34767484097432444,0.44461108933929494,0.016790306691259804,-0.88258051223973499,0.095185042073911319
241,0.80614197867262027,-0.76240873720008207,0.60060486165770821,0.45694729234170084,0.72094479937174594,0.81843809468197959,0.72242913428668842,0.8869291256150682,-0.014159909892879297,-0.17202612650486282,0.81724972348476421,0.55075235739448014,-0.2920875717255591,0.0097126312014321758,-0.53848158981731853,0.81731301858658933,-0.64995565225753649,0.36213713523928592,0.15882620117928892,0.75904447927356977
242,0.02202195136776508,-0.76566492987927992,0.53320570031861636,0.81813473290347782,0.083169710371506111,-0.72235322200000174,-0.55897535839877399,-0.96800917372855588,0.52313909935434344,0.63841861779051534,-0.25969576075136347,0.23214009070304198,0.15424339333346437,0.32349030669212775,-0.27656652784552804,0.71543566637676603,0.96015243551352691,0.07269733217736829,0.9611736572579368,-0.88916930049633147
243,0.0084644512848788267,-0.57738522414025173,0.78119490230992383,0.71265881337382253,0.23566350824065618,-0.081669732532871908,-0.74481653233683076,-0.55640958003464047,0.027823332899122644,0.48426772869419787,-0.70077637513601521,-0.71009832004093587,0.57751088936357919,0.3513760682739524,0.17869149557913966,-0.92213997957862803,-0.87385304249032125,-0.22138654692207282,-0.92742519765624776,0.3947734468987103
244,0.023511401456690839,-0.77622821005198261,0.38887027928587847,0.52466175582836438,0.29420782424274239,-0.58586411634191404,0.59940420394346394,-0.14897622506789343,0.33895742566926312,-0.62381323041614412,0.48953222284829701,-0.9792263385570561,0.30386673741567383,0.013610518362817237,-0.90592447885901017,-0.70509432834141839,-0.83359625916500768,-0.63027157128929034,-0.42305479095785836,-0.36587013639410726
245,0.010045590342275368,-0.2758507082593844,0.3749012673689367,0.26710069795419944,0.58887659138370552,0.49299601757702516,-0.21331238729805779,-0.81221582155305416,0.27202674802335647,0.64182886045238385,-0.5299022898365624,0.53069288327859621,0.71466014385645349,0.94039590958988772,-0.71445080260901528,0.65987605929505766,0.64137983179997327,-0.97915255785770205,-0.040357766359789604,0.10707181322012049
246,0.023945606061723357,-0.94644964824680144,0.68256265168812602,0.72610263066753178,0.45229982648713762,-0.021522834422817549,-0.52213615350958675,-0.40014517707168484,0.97825450986314055,0.88038420235441994,0.112521866594818,-0.91155790187438623,0.66987577240118013,0.36059595590334292,-0.987734235247264,0.084624070061101619,-0.42754694473596766,-0.53046512285283143,0.81931640851952525,-0.92145049741515184
247,0.32540282685458966,-0.79044427220215296,0.70393423881317574,0.80737608762066548,0.51491503721556464,-0.97850813373455292,0.090875544881939829,-0.60942577402752884,0.95232172401357063,-0.35567738716104658,-0.3221133340268596,0.53836650520669083,-0.72158295259725991,0.8842317616801405,-0.59923532910353328,-0.5725199932393783,-0.54172352162487103,0.071981681747092408,-0.031254947132535627,-0.87573438613122412
248,0.046711551235716353,-0.60158398145062209,0.78710729750349273,0.14436714422230801,0.83237752154416755,-0.71484998141856115,-0.36960783319319801,-0.74659605283927366,-0.75358926679372873,-0.040156246588070266,-0.56414556432423657,0.083992956798586871,0.89984357892044531,0.96812973753005549,-0.47716280227313823,-0.7000227837490145,0.102721397343843,0.35747634686194618,-0.9024603293183715,0.11837128783784623
249,0.9011508966447217,-0.56227078314351497,0.92350598533289818,0.49829177995387597,0.58798676308757902,-0.92201806328328662,0.50650822846423904,0.60763713109021045,0.80849192387474944,-0.20127044035576636,-0.25741703925290582,0.36456392739020904,0.24890198598709667,0.48252796282867494,-0.71853286519574278,0.75477795299406614,0.44810860478133163,-0.17511220115864412,-0.94743935874304164,-0.052680007461594958
250,0.52740227522020788,-0.63040562885968132,0.64874810294097851,0.58567749347319742,0.64872689987945065,-0.32013231706122003,0.78828046805031793,0.58145939176570849,0.899184749971353,0.5038010976767735,-0.29528394529636004,0.92283846703340799,0.71484608911344782,0.60856307691424982,-0.043143442094500273,0.74879805213005124,0.75607315448098489,-0.83060669960508982,-0.071712965861345124,0.59784923022197134
251,0.043186927965385813,-0.31568187102009015,0.64529907743444004,0.40310134493611027,0.40505895028580308,0.29051385653274497,0.62578710127859583,0.95740709492385734,0.085168027660061041,-0.61856876120633197,-0.85946737084218627,0.21229192148610165,-0.48257333559919746,0.29983157508175884,0.90700025543361762,0.98757173812636978,-0.29927629413108381,-0.6174274394538628,0.5356743814588627,0.37519811981608453
252,0.8882320348399122,-0.89864648585908169,0.91346944631052973,0.18731296184706725,0.63106972282091656,-0.46841647110275098,-0.24159478880007024,0.64078121084389683,-0.18062532956709654,-0.85387060519251068,-0.69345100988726793,-0.46440980732786663,0.46031684946871554,0.90712258048651573,-0.63011311236013867,0.69621154779421524,0.24858987643823816,-0.39285637466912982,-0.10700769351919925,-0.72753629192275193
253,0.049709674743511956,-0.82358032934103198,0.6630156988997431,0.33142447047598944,0.5776007756890742,0.79508898642129089,0.82097800902493301,-0.85365627873594785,-0.40942645552436163,-0.45884529899278803,-0.73376621713314272,0.86711500488668336,0.98156350104796863,0.63704374871867242,-0.060588746050364017,-0.5321491044533655,-0.64128017083898037,-0.83610495659556294,-0.32491168169265872,0.78268990568266306
254,0.3183867873300168,-0.48179383478066717,0.72176374470001181,0.83128462977604167,0.94873172121629223,-0.47342393162548313,-0.10914312920206881,-0.44547939246188806,0.31214108190069179,0.068811036212903076,-0.94232160552406219,-0.047357827613265568,-0.87100182449147123,0.98869832358798315,0.36262713098775046,0.41391601331776506,-0.95618561408807712,-0.66458907672533307,-0.28228832018897365,-0.91060242502148014
255,0.033499850345357629,-0.35139720378769712,0.90270544580567869,0.29892363708130332,0.52394425496322872,0.23600338577811253,-0.21670743044160679,0.27547856270085802,0.58520822983819709,-0.60355906555287775,0.32703569647710262,0.4486656367169175,0.12603578888995814,0.80263834523697342,0.2203591120425652,-0.3415761949941758,-0.081955226474103693,0.3560290252219227,-0.85598375059534515,-0.28440039205898104
256,0.17256279930157548,-0.77446678956199344,0.56505774963729571,0.90861770719359147,0.48973573164070561,-0.20494329683557733,0.68815748981988456,-0.39009261470231626,0.0086942853689953026,0.29121993397246082,0.19024820831587053,0.86510859214597313,-0.61316568845723629,0.27292563579046747,-0.93615867711611589,0.325561089514115,-0.79289849864339712,-0.21596102677250717,0.59369983866495235,-0.40437551952306294
257,0.8295109302541912,-0.38725547558545381,0.69503207817308343,0.27219961838000883,0.94722206748201043,0.74668181956306778,0.34602574914160877,-0.81811086221091522,-0.22532798095451412,0.29040508830388512,-0.50045228439019618,-0.29307924692942522,0.6143342700574268,0.77748488221145551,-0.64717444457401618,-0.86528505841380232,0.86808422486252446,-0.46504196048312574,-0.63104493666264538,0.5991226477606526
258,0.04065087297306369,-0.61137951652253086,0.36983154724881806,0.43931467935391288,0.3411471173358398,-0.78175493194795265,0.94205726700327808,0.015175200318878757,0.84386851726326273,-0.34341056640008061,-0.079145291097576509,-0.39740402028481103,0.99382458451750222,0.092921903575241549,0.31886033036284012,0.71796912111915523,0.30096096367891723,0.44335534101605223,0.31255788636378945,-0.73434082775096465
259,0.080668823311298654,-0.91761662653540688,0.54473217958523357,0.31512832461339002,0.71843716374091127,0.15838187770326417,0.96861389577335255,0.97395572615627612,-0.87588301260052215,0.90064008698022202,0.24251659157498073,-0.36354322087402791,0.44908253609442794,-0.021438200887623937,-0.86211802566512619,0.63455545180241102,-0.78700540456837076,-0.51043025591694424,0.41624904126553242,-0.34134824447258771
260,0.066503046921273734,-0.74512166597761031,0.55681122840128938,0.083507979386803655,-0.96000622423638737,0.27431124223376302,0.13213965063855437,-0.03267956109027792,-0.95299150488350892,0.52924805586578749,-0.016276690772168978,0.81130393578346816,-0.047654765254952158,0.45663986655683608,-0.27248055802191251,-0.16994723223732455,-0.91139581347913157,-0.41214610969094689,0.19933658710806834,-0.0055568516664874501
261,0.087570155019364382,-0.54267944987604544,0.41601632442366476,0.66764539995400285,0.38112434531405404,-0.080283881756376241,0.060037799922255886,0.8316133767154481,0.26033987690963101,-0.32862031116312429,-0.76402773727042561,-0.40057929353882993,-0.43057716897572518,0.67507689610939736,-0.87146499650260312,0.15321581587023991,0.61857964065757143,0.49200796385953383,-0.67579997762324751,-0.059877203298328352
262,0.052033424892965474,-0.90788147874631697,0.92449113960491114,0.61655146449920517,0.10506149357207484,0.32362655454781253,-0.7944497858695565,-0.91131112789853197,-0.03025803911747782,0.74828164302613298,0.6522153039739802,0.19085196993307996,-0.51979468260221062,0.73730463927636958,0.63059483083411516,-0.64773188813089533,0.026714477723388086,0.33503084108425063,0.60911567154944457,0.70779494107191354
263,-0.070155173539163451,-0.95561052818171488,0.7579030301776486,0.23417585898104676,0.12706652864019441,-0.75212661044136619,0.97495939293664979,0.28506424996764546,0.11939243502396035,0.65743806319794151,0.39694128122571271,-0.44960898111842562,0.85768280241226535,0.33653969246214666,-0.64707320950475888,0.13905339572390996,0.36794380828202478,-0.37178105263973205,0.87959138135802517,-0.0016807287568496587
264,0.69255915410705882,-0.68635386762163786,0.52322426834935643,0.21866478013913904,-0.12521278466335284,0.47226723169858742,0.89065575862091517,0.96573018765891105,-0.20121707980505632,0.4404505669974359,-0.91467982317677432,0.33383622102008292,0.92687385777402964,0.95422916422178727,-0.47088869525987631,-0.62101102845309719,-0.1537100805377698,0.46739620504251933,0.53350256731611156,-0.51673841427173728
265,0.30824671217350397,-0.9343679013119377,0.62095113887907116,0.90898223347770424,0.49780130027554548,0.050201560060808559,-0.61882814279586973,-0.56013984998538668,0.4657719543033958,-0.26803321851160211,-0.63002214625040076,0.18152645023574365,-0.5620238626423335,0.3168984572103033,-0.34836452702054999,-0.94704573526742131,0.8849694247379607,0.43801922087041323,0.0020592672907135956,0.53794948581122926
266,0.046816012614199209,-0.49766830512634996,0.91251568326220123,0.84095977755584639,0.9101123097110253,-0.58925467075788029,-0.79744851809307882,0.80816902692646009,-0.95804579396489897,0.99704901215609132,-0.38947851701818226,-0.46999162073507583,0.54480693964452986,0.94506088438388791,0.97141564709137751,-0.65655289747414058,-0.23974268951492483,0.90841508009632044,-0.075374181992244216,-0.37730010039430262
267,0.060016990366532852,-0.38509661380959104,0.9355979376671355,0.45851474880219301,0.77425969953002927,0.36369825471318373,-0.75026398218325729,-0.89548452304789583,0.88697716281117978,0.4549165029299278,-0.73057944464175462,0.86465188567011952,0.14335061290666862,0.74463992525926592,-0.11854193345484987,0.4015192454401777,-0.45401811120748836,-0.59343102157406125,0.83701024521022371,0.88242576166975972
268,0.18497888408222218,-0.93319468940159411,0.72061225796150752,0.60106810059740079,0.26778224358353464,-0.59302026514300499,-0.70011673701507582,0.93553901751144242,-0.55960611398706428,0.82852680429478776,0.54187818485887584,-0.81810589559865932,0.92569540374132631,0.42082891433680847,-0.63717354258326675,0.32319005379193788,0.33474870872918316,-0.43857293500963723,0.30461958605473827,0.52900878637577087
269,0.96268610068695781,-0.79792771412484464,0.73821786444567872,0.7580280041154499,0.78450132522127491,-0.47527629669869342,0.65435377473259515,0.69906618658519037,0.77666808651433983,-0.31036043574327477,-0.30943829250675314,0.090073746074632366,0.31911245293942581,0.22991785485549032,-0.85549460913878805,-0.64864215949001136,-0.51106830403230963,0.87627704788768757,0.69631267961071375,-0.0012298018016312362
270,0.046711551235716353,-0.60158398145062209,0.78710729750349273,0.14436714422230801,0.83237752154416755,-0.71484998141856115,-0.36960783319319801,-0.74659605283927366,-0.75358926679372873,-0.040156246588070266,-0.56414556432423657,0.083992956798586871,0.89984357892044531,0.96812973753005549,-0.47716280227313823,-0.7000227837490145,0.102721397343843,0.35747634686194618,-0.9024603293183715,0.11837128783784623
271,0.049709674743511956,-0.82358032934103198,0.6630156988997431,0.33142447047598944,0.5776007756890742,0.79508898642129089,0.82097800902493301,-0.85365627873594785,-0.40942645552436163,-0.45884529899278803,-0.73376621713314272,0.86711500488668336,0.98156350104796863,0.63704374871867242,-0.060588746050364017,-0.5321491044533655,-0.64128017083898037,-0.83610495659556294,-0.32491168169265872,0.78268990568266306
272,0.12206183133265602,-0.38895743622602041,0.75986499189425416,0.22678811730679693,-0.15783936701759083,0.75664235927544587,0.95941757978940512,0.31116916982543663,-0.83924310439649319,-0.42757245147344181,-0.59860306717403722,-0.36373373822778876,-0.66446271394395584,0.94485601534117558,0.077702392459519265,0.81009031859795488,-0.3654970314442807,-0.81302062978405254,0.66235098073258403,-0.14355929788457455
273,0.52731857876507804,-0.80674534400361497,0.84015795765990764,0.14736465780871599,0.90887524443510559,0.17941895817595199,-0.99243697970020861,0.99623027744312664,0.80335675649537763,-0.37185671903795248,-0.45197982877538423,0.97360612082594189,0.003060185937504345,0.60077180616168957,-0.6464435477934154,0.89352359694922279,-0.87618385509162433,0.98972277542467735,0.41119289885738164,0.35333279402697326
274,0.049709674743511956,-0.82358032934103198,0.6630156988997431,0.33142447047598944,0.5776007756890742,0.79508898642129089,0.82097800902493301,-0.85365627873594785,-0.40942645552436163,-0.45884529899278803,-0.73376621713314272,0.86711500488668336,0.98156350104796863,0.63704374871867242,-0.060588746050364017,-0.5321491044533655,-0.64128017083898037,-0.83610495659556294,-0.32491168169265872,0.78268990568266306
275,0.10021161709795745,-0.74460937306701136,0.99483626387822377,0.41394327328801483,-0.2388383461231991,-0.8620604328673187,0.58869171436456558,-0.67703724235152474,0.057259199072299038,-0.96092786425571108,-0.062240760950657004,-0.37883135695424652,-0.97012646490448784,0.90344574144077749,0.49501482507183736,-0.76827064914758081,-0.86496922183445868,0.38845983339360091,-0.74373427495231992,0.30332583035177074
276,0.064164171015299143,-0.86058069783135727,0.24368752234061053,0.85794857473894592,0.23153425430611874,-0.31408080051556686,0.3628256856847154,0.71840026421911385,-0.59647865708580494,0.1352247870297516,-0.95592188077248519,-0.37131564887107293,-0.15239334372248914,0.69253278646606242,-0.73926840742805955,0.154980962730626,-0.96307392183882734,-0.58803079266993974,0.067460343386249733,0.033658062775539843
277,0.058504442541001733,-0.45812817294340236,0.47914878356663393,-0.01865824192751564,-0.58081935407319785,0.24274058334130788,0.88850815528298788,0.24459364347462409,-0.87845145200926322,-0.42431555092242412,-0.64851199858157371,0.93218940668658168,-0.60939376010943347,0.35459954601629473,-0.9055802453566455,-0.34727413893617687,0.44227330667580578,-0.3523635238788605,-0.38947567119751381,0.95338265920319931
278,0.046711551235716353,-0.60158398145062209,0.78710729750349273,0.14436714422230801,0.83237752154416755,-0.71484998141856115,-0.36960783319319801,-0.74659605283927366,-0.75358926679372873,-0.040156246588070266,-0.56414556432423657,0.083992956798586871,0.89984357892044531,0.96812973753005549,-0.47716280227313823,-0.7000227837490145,0.102721397343843,0.35747634686194618,-0.9024603293183715,0.11837128783784623
279,0.26197778644909198,-0.75376213619416133,0.33416455115230037,0.80910904480400148,0.53337468064909554,-0.80697950429812715,0.99283703377054566,-0.44788004704540652,0.14007751111700206,0.52747916702037601,-0.93873517462275924,-0.38714250553837126,0.61418434010770029,0.033622737770827138,0.18205374476162239,0.25956043360287473,-0.74988196878362867,0.4255741992565798,-0.19578962484004836,-0.7827521252948304
280,0.18456358443831644,-0.61986107985952232,0.83833851589027719,0.40903706114506844,0.31861732177804569,-0.95219565836485676,0.67559082852539443,-0.15916733807755512,0.49792106933217495,0.73832518920716095,-0.43771911487886705,0.11729445834052954,-0.073340235740642079,0.46032659101520657,-0.48390627339408088,0.46927719800827106,-0.97326126502178067,-0.21561886538079245,-0.91871756179144559,0.2954116817124357
281,0.78097972362447443,-0.97758632569366077,0.4455440731758471,0.71432196058641462,-0.19859403372702622,0.097193754739236082,0.69955035012686739,0.66097151106600793,-0.62951243643263144,0.36958892225535234,-0.60349914678090366,0.019183277254021691,0.63255303549119235,0.92877821871295918,-0.81829561176308041,0.87867244665196309,-0.024804758890355938,0.82586235832833044,-0.23373922825582216,-0.49613647649645709
282,0.0093313413983444615,-0.6185323548001771,0.67092466572552745,0.93900192770419633,0.31988182880982019,0.73014116420427921,0.83025175133891516,0.96456168379682938,-0.71480136234509861,0.32859733500289612,0.14256006176740521,-0.92046112135123548,0.46894278331079065,0.9318861111501302,-0.30761454545699563,0.83807932687143039,0.49779777772311484,-0.63141124125647852,0.1606153378231896,-0.2594714440687127
283,0.8882320348399122,-0.89864648585908169,0.91346944631052973,0.18731296184706725,0.63106972282091656,-0.46841647110275098,-0.24159478880007024,0.64078121084389683,-0.18062532956709654,-0.85387060519251068,-0.69345100988726793,-0.46440980732786663,0.46031684946871554,0.90712258048651573,-0.63011311236013867,0.69621154779421524,0.24858987643823816,-0.39285637466912982,-0.10700769351919925,-0.72753629192275193
284,0.023945606061723357,-0.94644964824680144,0.68256265168812602,0.72610263066753178,0.45229982648713762,-0.021522834422817549,-0.52213615350958675,-0.40014517707168484,0.97825450986314055,0.88038420235441994,0.112521866594818,-0.91155790187438623,0.66987577240118013,0.36059595590334292,-0.987734235247264,0.084624070061101619,-0.42754694473596766,-0.53046512285283143,0.81931640851952525,-0.92145049741515184
285,0.64913795823666076,-0.79141942406698451,0.61665057396637857,0.99444678376644768,-0.14491244285841809,0.15588395034732394,0.6640589270179782,-0.27562400325138836,0.25799706962151636,-0.43202414986173832,-0.069050690240878732,-0.34008365881397196,-0.19102285198691726,0.25145049057130775,-0.72366655436525962,-0.59788161517944438,-0.17671729873971098,-0.30815646468862368,0.40987556436564687,0.64934582107897287
286,0.064616968803695496,-0.63966480284053451,0.58367392785264194,0.85688935754193829,0.5734491078967372,-0.75069361183850103,-0.26015921052414326,-0.64164298137585929,-0.97444099700123532,0.094491073852082774,0.38393969973611686,0.37397879051904481,0.81138782265136267,0.89969040242116693,0.74794955816907649,-0.67306273783900061,0.37099732138048824,0.71903458243181806,0.21254207215618814,-0.87673715836757316
287,0.67311204395957747,-0.9667342701409285,0.59076765310902557,0.30516580774270574,-0.22689998576278492,0.3903909412793003,0.97217776432676195,0.029143148931232377,0.29231746114789425,-0.10096873262715977,-0.65900482223818369,-0.96215020450231714,-0.87550243821750695,0.43377681006452251,-0.69411192843411662,0.71350724681663746,0.99983627059020797,0.092645903599934964,0.83303519662353032,-0.48725776603032256
288,0.062047837092529923,-0.40437934595499492,0.60310609071140475,0.53660984504082276,-0.54752835838450831,-0.67184269624939996,-0.39448081172404681,0.27211284884368458,0.73192465531985951,0.49138690857205791,-0.88562055670979589,-0.049285171576790798,0.63579191291803183,0.4923671265775158,0.43403707910295708,-0.066085655335793358,-0.7144828022555465,-0.74987083063358928,0.030123571469887089,-0.49889182503078344
289,0.046711551235716353,-0.60158398145062209,0.78710729750349273,0.14436714422230801,0.83237752154416755,-0.71484998141856115,-0.36960783319319801,-0.74659605283927366,-0.75358926679372873,-0.040156246588070266,-0.56414556432423657,0.083992956798586871,0.89984357892044531,0.96812973753005549,-0.47716280227313823,-0.7000227837490145,0.102721397343843,0.35747634686194618,-0.9024603293183715,0.11837128783784623
290,0.61867115329992983,-0.96006913690691764,0.27053690815002374,0.4620028422694944,-0.49704840926172444,0.33845356107923275,0.31228159992233717,-0.62806369686337216,-0.35369876567448211,-0.75870714015679175,-0.74612331748569538,0.28307266181740043,-0.56726713012506425,0.63859379136934491,-0.44729072070158105,0.34128591099205052,-0.35350383325357804,-0.29990548815444318,0.87376392707036143,0.61888905082614309
291,0.060016990366532852,-0.38509661380959104,0.9355979376671355,0.45851474880219301,0.77425969953002927,0.36369825471318373,-0.75026398218325729,-0.89548452304789583,0.88697716281117978,0.4549165029299278,-0.73057944464175462,0.86465188567011952,0.14335061290666862,0.74463992525926592,-0.11854193345484987,0.4015192454401777,-0.45401811120748836,-0.59343102157406125,0.83701024521022371,0.88242576166975972
292,0.01267171141487311,-0.59288085155929648,0.45776347471264067,0.69881110816040204,-0.87480674977354722,-0.80984064909831299,-0.36408811446389144,0.66100574751246666,-0.53365606751278238,-0.51069408168621377,-0.37651595721977182,0.15336744244929479,0.90884100526861178,0.2736013542340312,0.27850087220254194,0.33342790243022602,-0.92997283155738475,0.48072234431873229,-0.41569798899044441,0.87635911966316526
293,0.40754147208625002,-0.94660214835018031,0.80179462804599821,0.83628176796013864,-0.27289223367912441,-0.31958802674296916,0.39379836129723311,-0.9523201722655481,-0.61627691577242794,-0.29507360311472763,-0.49369412092006715,-0.37611833624405411,0.69892217341084262,0.95119722824859076,-0.78853356594534363,0.17812553301607181,-0.10752545768067701,0.50628467648525333,-0.54290069130262553,-0.081845364222200567
294,0.72502772697256646,-0.49319217271760141,0.65895705575499153,0.602860272943887,0.98838893066381384,-0.78666478508465554,0.74160281786892823,0.50626237976674582,-0.70628607583878122,0.7871399060140063,0.27108136511878134,0.11901749644091741,-0.78786370794992955,0.3765096653893707,-0.18340720643159281,0.23968017675848885,0.67925296924252754,-0.56566276245933578,0.50725955863615346,-0.12446256913709242
295,0.86834723121714452,-0.38562678101606362,0.64746631353192252,0.89795205866861161,0.92298387290982475,0.92300567532166022,0.43885012472920626,-0.53055770996585161,-0.61820149134755087,0.29057666703408058,0.10479960111256403,0.74507703613065357,0.52354712061368369,0.90939392223240167,-0.16739015554879733,0.41931313357188293,-0.83450009199013286,0.54899250014503531,-0.64351333636596064,-0.34266772288802483
296,0.0084644512848788267,-0.57738522414025173,0.78119490230992383,0.71265881337382253,0.23566350824065618,-0.081669732532871908,-0.74481653233683076,-0.55640958003464047,0.027823332899122644,0.48426772869419787,-0.70077637513601521,-0.71009832004093587,0.57751088936357919,0.3513760682739524,0.17869149557913966,-0.92213997957862803,-0.87385304249032125,-0.22138654692207282,-0.92742519765624776,0.3947734468987103
297,0.30711487884786881,-0.41017789092379764,0.43910250488746083,0.73641630190654173,0.29154993746357749,-0.41591693501790084,0.95766844240674187,-0.031747400246989743,-0.73860030027809431,0.30219993802245071,-0.63795522657205184,-0.7770926686348929,0.32668136785775292,-0.070264407494463832,0.22355785749389301,-0.9578795670237612,0.67492291537005067,0.67725976442913116,-0.098358098416811091,-0.0042533009726093418
298,-0.0056724338526110696,-0.9400009641724707,0.89576889477003929,0.28829733341936037,0.30347167872580627,0.96691217860894096,-0.77548713770771394,-0.29345889821668547,-0.038695801933364971,0.68190382371985647,0.54888185163143577,0.87989075059198285,0.41145332184682348,0.98644084507361685,-0.9766389270079836,0.57517082879623915,0.45452745279824258,0.25207665225644904,0.61237102704992741,-0.94502316204125547
299,0.018377160165253592,-0.30480143353777067,0.99088577677914214,0.38821751432165241,-0.77865199962859966,0.39607819774608566,0.13373818584587949,-0.086735823848841376,-0.61589186914096872,0.35381431880341485,0.79414170096368975,0.72321818760416545,0.39127642727548984,0.9185950355278667,-0.68060426668558649,0.88711656472346845,0.41646993662167509,-0.28259396156978234,-0.57548744427973464,-0.078937806332822991
300,0.046711551235716353,-0.60158398145062209,0.78710729750349273,0.14436714422230801,0.83237752154416755,-0.71484998141856115,-0.36960783319319801,-0.74659605283927366,-0.75358926679372873,-0.040156246588070266,-0.56414556432423657,0.083992956798586871,0.89984357892044531,0.96812973753005549,-0.47716280227313823,-0.7000227837490145,0.102721397343843,0.35747634686194618,-0.9024603293183715,0.11837128783784623
301,0.044982805487530975,-0.65886049245623046,0.034136509023306338,0.22241413121899867,0.50491778644500407,-0.18673404360728618,0.31256326045881755,0.55250665505696706,0.31769667388073053,-0.30758059744325439,-0.8352444892555333,-0.91940165804021401,0.67420009395582725,0.22677939182364781,0.035474295339410489,0.29652349645872977,-0.63310943516210139,-0.95536065421866034,0.9820079456616233,-0.19887592058369918
302,0.066777501595040478,-0.37244334542253688,0.41860617919113374,0.44949107958497292,0.35977854284019917,-0.84979376188669331,0.52062806870413514,-0.20595827281867596,0.31001071698824223,0.074421416868667212,0.72876775101702806,0.46869583490742817,-0.29679749840999259,0.22450401044231416,-0.56757512424006817,0.23061872258927063,0.61329253739065015,-0.17427690972667964,-0.31333421605511469,-0.027748908516112003
303,0.42461149926402642,-0.80520046462225348,0.85367664403446852,0.87084181988295528,0.047524815097105488,0.30187166086611028,-0.15111339029645832,0.61028136857318649,0.070547936417011847,0.88623919583890487,-0.58615598411416014,0.24882332244329941,-0.8573936484327227,0.34542842637308868,-0.50807386731062243,-0.24822520985640284,-0.79791084373110421,-0.25052819350380928,0.91325267747113315,-0.48050051224595269
304,0.023945606061723357,-0.94644964824680144,0.68256265168812602,0.72610263066753178,0.45229982648713762,-0.021522834422817549,-0.52213615350958675,-0.40014517707168484,0.97825450986314055,0.88038420235441994,0.112521866594818,-0.91155790187438623,0.66987577240118013,0.36059595590334292,-0.987734235247264,0.084624070061101619,-0.42754694473596766,-0.53046512285283143,0.81931640851952525,-0.92145049741515184
305,0.086823774736994652,-0.84667076974467204,0.76819744064762796,0.53531145278723224,0.038442822610837091,-0.2850778489548762,0.37875629926983589,-0.046646883340170087,-0.43756377475386277,-0.13758519963609728,0.43666170673602478,-0.4269280424451749,-0.02656892954029022,0.059111377273706633,0.83798625205095245,-0.47024938568211017,0.92670861838275442,-0.15434442870041032,-0.5520733866628873,0.5011420150332675
306,0.29271059746360772,-0.84202295492671198,0.87998978943274619,0.9700882666037558,-0.85583194402233165,-0.96454208687472764,-0.55331462488412719,-0.91636481092874278,-0.81582388410317841,0.54399505033362372,-0.18498075067578301,0.16089552928450757,-0.69495914921565083,0.71112578742762489,-0.93649335420389801,-0.53322216540887379,-0.11977618369837773,-0.29143661563571177,0.50869861952972051,0.21275033018740652
307,0.90650189920722002,-0.83098221781517378,0.80404328049253571,0.78573578853743942,0.80183659240829996,0.13017941771424524,-0.77351511051483923,-0.47051522327599704,-0.94235402516506195,0.89093739482928336,-0.95708809043792287,-0.7894047978369314,0.40888001576690103,0.28897355557576043,0.25561699803088311,-0.059037847673996557,-0.94630113208569622,-0.19993087730503545,0.88668096090413417,0.92242820509192969
308,0.075484174072069532,-0.67964316361245047,0.65114690691833643,0.70688370712975179,0.62386359323791729,0.85924364821636923,-0.63650407067569237,0.66581210846948591,-0.55150806687782628,0.32347418922916682,0.93130937859589191,0.20368460592949678,-0.94259996905508903,0.84178002770254978,-0.48016599783868363,0.71075727649093001,-0.83733716306932804,0.78392844458305388,-0.58492680718166867,-0.10565625475614127
309,0.16153191285906265,-0.61506675273153233,0.69263495608927839,0.39438836246622144,0.44450128926584886,-0.79571558983391388,0.94218195550913242,0.069183243964507479,-0.37582648272410912,0.54459860754390244,-0.9383478650984538,-0.46617077001793361,-0.879117434678651,0.65530848250004281,-0.71173031627891414,-0.18648830264837679,0.60401150664587133,0.8916143315555749,-0.36189873664632977,0.97148674449314898
310,0.44713796352788937,-0.60366574530787087,0.39200943128064636,0.57992824396905296,0.8557746561267765,0.08092121128387797,0.57834718936864893,0.33316658482038131,-0.34753523187356095,0.31981393623307164,-0.9867651682196954,0.86083093958810286,-0.046307832091584622,0.31410647779920509,0.14663260157679514,-0.40422164296310426,0.075525639910422715,0.011028643999646537,0.48281577483316873,0.74565655513201978
311,0.63052330284101199,-0.50723865573221061,0.7993924784934836,0.51766631159138221,0.12721226954804021,-0.96419794157875272,-0.16276123839055034,-0.81474679113396409,0.56691886333834507,-0.55181201580804151,0.91068858679971432,0.24215407039269299,-0.9245765799045027,0.95786469229943116,-0.93271513383268179,-0.35147706895906294,-0.52346815334154151,0.4807174172394082,-0.6616339456782816,-0.72681671406595449
312,0.91694560855685525,-0.76897147256856035,0.38064289936527729,0.41504445771640675,0.98026351260572953,-0.2891424345534257,-0.123566435508774,0.73603266044249094,0.51487918562458335,-0.022794766896136576,-0.24204686491635607,-0.064393654424919067,0.95962259988700183,0.74932326201844424,-0.59764668839845991,-0.055707775842197327,0.23214619248642876,0.47878147466338761,-0.91010068350066331,-0.86491729022699104
313,0.019426078362891452,-0.87679877651909255,0.52471765124220515,0.30255316346452799,-0.12603534913438352,-0.78730225847199509,0.29467685448956993,-0.13674431921013741,0.14973880284579888,0.40327054664909512,0.10991577781613926,-0.86311317286741551,0.91082300972519459,0.12700716746149232,0.92022722563037096,0.2637124429892157,0.71997443784002635,-0.31429569418290759,0.8512216563854289,-0.27902415510979783
314,0.02202195136776508,-0.76566492987927992,0.53320570031861636,0.81813473290347782,0.083169710371506111,-0.72235322200000174,-0.55897535839877399,-0.96800917372855588,0.52313909935434344,0.63841861779051534,-0.25969576075136347,0.23214009070304198,0.15424339333346437,0.32349030669212775,-0.27656652784552804,0.71543566637676603,0.96015243551352691,0.07269733217736829,0.9611736572579368,-0.88916930049633147
315,0.081161374615690285,-0.74411409025295572,0.83521303899509869,0.97576193955796664,-0.51530919126072039,0.2501879856214213,0.6616173550076041,-0.87439639928401891,-0.97471859486559342,-0.28625076070850319,0.63451966953392747,0.86580300839418767,-0.37445258466714759,0.45514902322913708,0.22036109084193467,-0.93338628433331405,-0.94574552482358198,-0.93804001616887134,-0.99722103702036868,-0.12315657633718913
316,0.85419041332311196,-0.59457729034183138,0.41582287588692068,0.83439041346910536,-0.43566775316943684,-0.70591503934237654,-0.029304465675175306,0.55971118621027149,-0.89428984080217755,-0.35583423115679103,-0.51348503414648849,-0.76588398807564806,0.52312405709517962,0.60794595974162258,-0.34583501827859586,0.42317321333813007,0.86079406155425864,0.073623970830958285,0.77202953441449185,0.17588833739536369
317,0.036512984786296165,-0.77410843057169831,0.795344799747155,0.54480515060394419,-0.17125907061262113,-0.2234258845278414,0.8188420709916111,-0.49422121355362814,-0.61990126810680368,-0.020369888074027731,-0.69628174579837299,0.30733451905647113,0.01191321554544067,0.07553901055171397,-0.25416058072505887,-0.84241554276146191,0.75166979601118111,-0.078400137219336807,-0.47327613124612644,-0.74374304970785721
318,0.0093313413983444615,-0.6185323548001771,0.67092466572552745,0.93900192770419633,0.31988182880982019,0.73014116420427921,0.83025175133891516,0.96456168379682938,-0.71480136234509861,0.32859733500289612,0.14256006176740521,-0.92046112135123548,0.46894278331079065,0.9318861111501302,-0.30761454545699563,0.83807932687143039,0.49779777772311484,-0.63141124125647852,0.1606153378231896,-0.2594714440687127
319,0.0084644512848788267,-0.57738522414025173,0.78119490230992383,0.71265881337382253,0.23566350824065618,-0.081669732532871908,-0.74481653233683076,-0.55640958003464047,0.027823332899122644,0.48426772869419787,-0.70077637513601521,-0.71009832004093587,0.57751088936357919,0.3513760682739524,0.17869149557913966,-0.92213997957862803,-0.87385304249032125,-0.22138654692207282,-0.92742519765624776,0.3947734468987103
320,0.080384650709518057,-0.60520667801540307,0.46720061368213339,0.24793260828336661,-0.68790726366473742,-0.77398166282997449,-0.6092421908591692,0.21824907076441669,-0.016709170233357051,0.68744042871381272,-0.78771962583298705,-0.25316236247223234,-0.70600626171727177,-0.035838624638428129,-0.63250423047581572,-0.51739128055310335,0.0085528451926255578,0.29353982519955402,-0.96872003380628313,0.048353379777196226
321,0.52740227522020788,-0.63040562885968132,0.64874810294097851,0.58567749347319742,0.64872689987945065,-0.32013231706122003,0.78828046805031793,0.58145939176570849,0.899184749971353,0.5038010976767735,-0.29528394529636004,0.92283846703340799,0.71484608911344782,0.60856307691424982,-0.043143442094500273,0.74879805213005124,0.75607315448098489,-0.83060669960508982,-0.071712965861345124,0.59784923022197134
322,0.29870776845121916,-0.98523023042311197,0.64254663089173958,0.98255173894619885,-0.81642081965806623,-0.58624850000017514,0.77899477201625844,0.18420904643729163,-0.3129247955916723,-0.524818535057471,-0.78381335277878805,0.33634028640343239,0.32741921252583017,0.14796652598332161,0.15465808589463115,0.34046292794032618,0.42261636568353445,0.59838720098684584,0.07093776153578113,-0.38335208879630622
323,0.45143769867368033,-0.64945989997251385,0.79650297108985946,0.40451527194788284,0.54540651396092121,0.039178904148280846,0.82601282551005584,0.37960694550420482,0.38588948873864659,-0.53831975235048524,-0.30887864435203927,-0.97022690591184779,-0.13055917728601862,0.57009604314494089,-0.94503068806136037,0.50930028597151766,0.75030784902584857,0.40486081654119488,-0.019225307135132041,0.54995556911547405
324,0.0093313413983444615,-0.6185323548001771,0.67092466572552745,0.93900192770419633,0.31988182880982019,0.73014116420427921,0.83025175133891516,0.96456168379682938,-0.71480136234509861,0.32859733500289612,0.14256006176740521,-0.92046112135123548,0.46894278331079065,0.9318861111501302,-0.30761454545699563,0.83807932687143039,0.49779777772311484,-0.63141124125647852,0.1606153378231896,-0.2594714440687127
325,0.087994659697634425,-0.72128675699606215,0.73336088406647693,0.57490514046725028,-0.17509245537326379,0.5303104012945381,0.19157276238960441,-0.077500357798502728,0.38075358082302535,-0.53509296998768874,-0.59253387062543394,-0.35098414175092896,0.19203828763548247,0.19100352665734577,0.32111110468601134,0.89215801555841745,0.28003335471414847,-0.24350342932794766,-0.66375865266481804,0.23420681839242752
326,0.16153191285906265,-0.61506675273153233,0.69263495608927839,0.39438836246622144,0.44450128926584886,-0.79571558983391388,0.94218195550913242,0.069183243964507479,-0.37582648272410912,0.54459860754390244,-0.9383478650984538,-0.46617077001793361,-0.879117434678651,0.65530848250004281,-0.71173031627891414,-0.18648830264837679,0.60401150664587133,0.8916143315555749,-0.36189873664632977,0.97148674449314898
327,-0.013065916066506533,-0.36636457225928654,0.49085090020508182,0.89236611725493065,0.6324070416820462,-0.79296306149783358,-0.29698233864834767,0.89502591515482832,-0.70508290225898373,-0.90415396960940719,-0.16374512202887903,0.38752848760206349,-0.65911860681199808,0.39140954251411353,0.89675637330768154,0.70611874458128643,-0.073576239826285583,0.95902982033969009,0.31664639406059569,-0.63497095623325128
328,0.13367174983642105,-0.89720595290759797,0.59441738006711864,0.79728280777843175,0.24388795194817958,0.038437623708713842,-0.22646431227250718,-0.98830651476142606,-0.69663566017151113,-0.59886740426082685,-0.00041786770158425135,0.20997859032912181,0.91233239307963143,0.60175746049313106,0.9094766047327234,-0.16693353544428624,0.69662134319635927,-0.068129013658125848,-0.78626916613858056,-0.92052086148016943
329,0.049709674743511956,-0.82358032934103198,0.6630156988997431,0.33142447047598944,0.5776007756890742,0.79508898642129089,0.82097800902493301,-0.85365627873594785,-0.40942645552436163,-0.45884529899278803,-0.73376621713314272,0.86711500488668336,0.98156350104796863,0.63704374871867242,-0.060588746050364017,-0.5321491044533655,-0.64128017083898037,-0.83610495659556294,-0.32491168169265872,0.78268990568266306
330,0.79828010167269636,-0.89155596126494951,0.61986628927976217,0.67755291440531584,0.28030001633458457,0.44815039727742856,0.8588369445977746,-0.93550109868758713,-0.97508279269614073,-0.23727821998219456,0.43699283426169688,0.31319881885814049,0.63431386462078465,0.30441420146809484,0.060324581906100239,-0.54789668586565665,0.4428037685171482,-0.12952735036837493,-0.75173996378138463,0.57977398520333456
331,0.062047837092529923,-0.40437934595499492,0.60310609071140475,0.53660984504082276,-0.54752835838450831,-0.67184269624939996,-0.39448081172404681,0.27211284884368458,0.73192465531985951,0.49138690857205791,-0.88562055670979589,-0.049285171576790798,0.63579191291803183,0.4923671265775158,0.43403707910295708,-0.066085655335793358,-0.7144828022555465,-0.74987083063358928,0.030123571469887089,-0.49889182503078344
332,0.017144864838845475,-0.53451060677153928,0.95088978706140437,0.93223858189969788,0.045549500802075205,0.57707706473421694,-0.043307804964598073,-0.06740378082569487,-0.68594466488893779,0.49052665791345684,-0.63729439845792779,0.25813939258244045,-0.47644070226023461,0.3588872127768159,0.47493773817942686,0.17682038989123927,-0.34850166566530438,-0.45639334002500931,0.88405056971050611,-0.42058942804521715
333,0.0041421135532566655,-0.41155195967313363,0.56933141616398708,0.37310604662478086,0.82012743582506764,0.52261358037496453,0.57647179521033109,-0.72253055265272303,0.23429984575269414,-0.10045094217345008,-0.74691006228485701,-0.46943634301978077,0.052129197050813536,0.60696028535063307,-0.37581487609996267,-0.95928419156655287,0.20877837841524438,-0.40672173166848613,-0.52169419790795479,0.73756917689021217
334,0.049709674743511956,-0.82358032934103198,0.6630156988997431,0.33142447047598944,0.5776007756890742,0.79508898642129089,0.82097800902493301,-0.85365627873594785,-0.40942645552436163,-0.45884529899278803,-0.73376621713314272,0.86711500488668336,0.98156350104796863,0.63704374871867242,-0.060588746050364017,-0.5321491044533655,-0.64128017083898037,-0.83610495659556294,-0.32491168169265872,0.78268990568266306
335,0.049709674743511956,-0.82358032934103198,0.6630156988997431,0.33142447047598944,0.5776007756890742,0.79508898642129089,0.82097800902493301,-0.85365627873594785,-0.40942645552436163,-0.45884529899278803,-0.73376621713314272,0.86711500488668336,0.98156350104796863,0.63704374871867242,-0.060588746050364017,-0.5321491044533655,-0.64128017083898037,-0.83610495659556294,-0.32491168169265872,0.78268990568266306
336,0.27057336088986128,-0.8937899255609667,0.78578806048861294,0.86421926054360876,0.62306081858477724,0.20020250044937682,0.63644602675384943,0.70867931735387413,0.58883852725996477,-0.14531012466714022,0.45832697338382533,0.27140938902242939,0.42755725455041782,-0.045269158916668717,-0.43532314693546525,0.8975645591361312,0.015234044147692583,-0.26173507863304524,0.56431526883607064,-0.72219416299570827
337,0.062047837092529923,-0.40437934595499492,0.60310609071140475,0.53660984504082276,-0.54752835838450831,-0.67184269624939996,-0.39448081172404681,0.27211284884368458,0.73192465531985951,0.49138690857205791,-0.88562055670979589,-0.049285171576790798,0.63579191291803183,0.4923671265775158,0.43403707910295708,-0.066085655335793358,-0.7144828022555465,-0.74987083063358928,0.030123571469887089,-0.49889182503078344
338,0.022105815154985775,-0.82733034451581111,0.95614535106707477,0.94127111669115116,-0.19516962898681456,-0.11147155563295486,0.096992704621146286,-0.89879110821309793,0.15903961511215914,-0.21841580474610667,-0.73898474228425615,0.58836017610064162,0.92463707506174586,0.59463620603526457,-0.39477782251819882,-0.19004713919794569,-0.43644821261392308,0.73554460731489901,0.27364788220111658,0.76102428619390916
339,0.37270257189736267,-0.84828500706526944,0.62364335725710296,0.14823731006313046,0.59953847516101866,0.16135084415665601,-0.48284331605054964,-0.50682942459104452,0.58364214172254902,-0.43727972296334161,-0.72275366894844217,-0.95462120841380105,-0.59344111254550391,0.2702666199776258,0.053081948196556539,0.84715869559096468,-0.62472377701204751,-0.083715465755223262,0.0045158801567819484,-0.45440169077818426
340,0.3191958798078236,-0.57819242206454002,0.53973826620567777,0.18256433822620632,-0.47969502483518567,0.1800846580787725,0.29668382617777733,-0.094263440577178725,-0.36118727566864983,0.50430355265656535,0.22338143318554193,0.69900467525595178,0.7864561646133954,0.19839060894060512,-0.18915208207271506,0.76947992024817058,0.60936559598572937,0.94363867085554753,-0.87887602117327668,0.66856615538087061
341,0.077665672944361885,-0.45683003871279415,0.86665372274215424,0.20299204076410482,-0.87987933820889985,-0.42274456706108698,-0.32877377417938947,0.5376969822627895,0.62348982559567512,-0.17575477509989157,-0.47478437570852172,0.31507943607045852,-0.90979697324668618,0.14938253480491404,-0.87197014219642899,-0.64992299427229216,-0.26415475934671018,0.57687794811555948,-0.71761334418181377,0.76710394460650599
342,0.19081098376690853,-0.99688403458556452,0.71787108920298937,0.10893525223453882,0.33705416716187231,0.22736819177186951,0.33652824895601419,-0.026604637976019863,-0.13903255572035778,-0.056066200588585025,0.55374763957392759,-0.50438791778105685,0.23724636904901875,0.1284180611617769,-0.87531550195224894,-0.70955558342593661,-0.80258232028190557,0.14541494803080313,0.59400119035076404,0.76573273061479008
343,0.014213072513762359,-0.58726285682948198,0.76356057189823257,0.44030771945964231,-0.65096453550727817,-0.88914235770067851,-0.18844957030704057,-0.18997543684709495,-0.25439058636092504,0.93053671843213959,0.52633498887538832,0.97710412997571061,0.94655850602656111,0.94953815248227791,0.3281637425363011,-0.78933946716403169,0.061705152647530737,-0.41958278522202619,-0.52467084449260915,-0.68922361128234666
344,0.16291934353232018,-0.80939595858478297,0.66732330523752004,0.86452896337386886,-0.10643616442794901,0.80332903968260139,0.040820604056297727,-0.17692735203021326,0.39069601604270576,0.27203587290224052,0.16955725506657426,-0.61720283144025156,0.12613604077269414,0.6737290010760133,0.0077071227413816334,-0.58236725247970478,-0.93911100718925233,-0.47485673842353027,-0.31050667817644317,0.35607205175438117
345,0.5539533478694445,-0.26844776448418117,0.44450490067110304,0.27418588137579869,0.53883619728983634,-0.055736001764008947,0.6755490767443828,-0.63624486461190677,-0.52570799183262173,-0.094004044291883027,-0.34000435211725621,0.69916801903470538,0.18301843741866386,0.38042655972211126,-0.7103992529047114,0.49156730222172884,0.26505015245189667,-0.51598853319702798,0.79263894703783411,-0.1479969992332999
346,0.036512984786296165,-0.77410843057169831,0.795344799747155,0.54480515060394419,-0.17125907061262113,-0.2234258845278414,0.8188420709916111,-0.49422121355362814,-0.61990126810680368,-0.020369888074027731,-0.69628174579837299,0.30733451905647113,0.01191321554544067,0.07553901055171397,-0.25416058072505887,-0.84241554276146191,0.75166979601118111,-0.078400137219336807,-0.47327613124612644,-0.74374304970785721
347,0.77081674326455407,-0.62025713696577101,0.60748461923117358,0.95175454351172828,0.41333922052137506,-0.1928912718909781,-0.64314449430277665,0.37860041207936157,0.97124089055160812,-0.65160672382071905,-0.61257584476673665,-0.86438096011414922,-0.95027623726277599,0.08106480213798406,-0.48282163055060123,0.49479633392759537,0.22650223357344057,-0.53108000188490401,0.14491010010848449,-0.56928533943972037
348,0.027651182815652486,-0.90782484987651935,0.2834980425962923,0.87168940524778527,0.57099114253303784,-0.49144926151074753,-0.47552459265457814,-0.83761318456030809,-0.88623639765440787,-0.69054773793806534,0.25212390951579344,-0.49854717614894684,0.30745322284973908,0.54614017996989417,-0.58000384484969025,0.52024877316112317,0.46831648875026266,0.30514748814045412,0.59901584347760806,0.62559235665231028
349,0.0041421135532566655,-0.41155195967313363,0.56933141616398708,0.37310604662478086,0.82012743582506764,0.52261358037496453,0.57647179521033109,-0.72253055265272303,0.23429984575269414,-0.10045094217345008,-0.74691006228485701,-0.46943634301978077,0.052129197050813536,0.60696028535063307,-0.37581487609996267,-0.95928419156655287,0.20877837841524438,-0.40672173166848613,-0.52169419790795479,0.73756917689021217
350,0.16139986320065525,-0.99800198066465207,0.86880110735618166,0.36974544178502122,0.77108318880960813,-0.095143337612569878,0.9245311457446368,-0.85161300141213703,-0.97249252202933589,-0.11740134714748063,0.071080570458689651,-0.82932004114446767,0.26776877367245389,0.37230769484725412,0.92725854492514093,-0.39411316268029117,-0.79277287701327115,-0.74470188251713831,-0.015584921844534305,0.080222359971399593
351,0.021868795081156467,-0.40219888825941541,0.75464459396703298,0.83099666265351568,0.19524942763892583,0.49445628073835923,0.17602170151863117,0.43609275963537031,0.0027294602738081597,0.55816566807284906,-0.85595091329988771,-0.41331363263314036,0.84652021239445085,0.02254727343108498,-0.37968542547258055,0.058691220021125812,0.95860877608824802,0.090840598395053984,0.60104647423807589,0.89051378138752235
352,-0.03029494668327315,-0.6914689293583125,0.44396184253391691,0.89364534187237354,0.2077813146566716,-0.39915239973669081,-0.71947618071924246,0.32750438584147212,0.90272646275763591,-0.94127020004849471,-0.59457301027109533,-0.84008759437377534,-0.6816953687865539,0.70202160977842132,-0.49104652402664861,0.28528071524419008,-0.88351636782819321,0.35637975395759192,-0.6737170346862511,0.49088773005414321
353,0.18456358443831644,-0.61986107985952232,0.83833851589027719,0.40903706114506844,0.31861732177804569,-0.95219565836485676,0.67559082852539443,-0.15916733807755512,0.49792106933217495,0.73832518920716095,-0.43771911487886705,0.11729445834052954,-0.073340235740642079,0.46032659101520657,-0.48390627339408088,0.46927719800827106,-0.97326126502178067,-0.21561886538079245,-0.91871756179144559,0.2954116817124357
354,-0.063295889735920152,-0.98359603382198491,0.616741619219908,0.74456427057071339,0.19356072019711945,0.68015553606100454,0.1667569100421078,-0.071055879688492141,-0.86187335863841175,-0.29659562509535098,0.57185666824578574,0.41618920541756466,0.16608845142568995,0.97574471769361759,0.46458855308851188,-0.32933633170129206,-0.51786250709737658,-0.54398239559438433,0.23227955587583393,0.060417911845668026
355,0.090131997100489913,-0.61512756159911341,0.80340929827462904,0.34187114748895508,-0.56196447040012409,0.38737388180234311,0.88274697106227773,0.60324325084114072,-0.94801602871315982,0.76687995796572861,-0.41829874762767805,-0.41999448669153328,0.93125040704305784,0.88227459467838432,0.67497006728505715,0.43236928152979059,0.76088539775030362,0.89193735369624272,-0.49741960692017773,0.41241037479190079
356,0.26197778644909198,-0.75376213619416133,0.33416455115230037,0.80910904480400148,0.53337468064909554,-0.80697950429812715,0.99283703377054566,-0.44788004704540652,0.14007751111700206,0.52747916702037601,-0.93873517462275924,-0.38714250553837126,0.61418434010770029,0.033622737770827138,0.18205374476162239,0.25956043360287473,-0.74988196878362867,0.4255741992565798,-0.19578962484004836,-0.7827521252948304
357,0.30350469839051786,-0.79499820975520152,0.86889692175104427,0.5070130295873001,0.75076363077840602,-0.80705274062981625,-0.27040018715336656,-0.068670970055053404,0.14500312155366135,0.98557766052338613,-0.64432561344987049,0.27947516515949911,0.67913263020106251,0.6676096357046517,0.41471557831776007,-0.88801505790975788,-0.66521665334753632,-0.62619548132276415,0.34121706003091212,0.39734452185756663
358,0.27057336088986128,-0.8937899255609667,0.78578806048861294,0.86421926054360876,0.62306081858477724,0.20020250044937682,0.63644602675384943,0.70867931735387413,0.58883852725996477,-0.14531012466714022,0.45832697338382533,0.27140938902242939,0.42755725455041782,-0.045269158916668717,-0.43532314693546525,0.8975645591361312,0.015234044147692583,-0.26173507863304524,0.56431526883607064,-0.72219416299570827
359,0.44499960276397488,-0.85017824580724022,0.85315848056942678,0.5636921488458484,0.63199949229885721,0.39278426353115359,-0.58009901368725814,-0.70111556631543559,0.38068839245370301,-0.25036142898160585,-0.34812786902577564,0.78353328486946405,0.88129656230681586,0.2756062070689389,-0.38998621725658689,0.21601070037447445,-0.31661934956543081,0.074831705890058275,-0.9099404384394838,0.43301705961522829
360,0.0041421135532566655,-0.41155195967313363,0.56933141616398708,0.37310604662478086,0.82012743582506764,0.52261358037496453,0.57647179521033109,-0.72253055265272303,0.23429984575269414,-0.10045094217345008,-0.74691006228485701,-0.46943634301978077,0.052129197050813536,0.60696028535063307,-0.37581487609996267,-0.95928419156655287,0.20877837841524438,-0.40672173166848613,-0.52169419790795479,0.73756917689021217
361,0.4456969412236127,-0.69940542994483779,0.73716673663220789,0.41730077197242221,0.52185320675703006,-0.037999390823086454,0.88816016112380791,-0.99269978116887558,-0.14803270686100345,0.42073269197598839,-0.87169176909960844,0.93887692770620079,0.60696038234657368,0.09226147230135906,-0.33977005054009735,0.33064587645628696,0.57833618208268778,0.68591744656757281,-0.81953382562159938,0.84056758571050771
362,0.26197778644909198,-0.75376213619416133,0.33416455115230037,0.80910904480400148,0.53337468064909554,-0.80697950429812715,0.99283703377054566,-0.44788004704540652,0.14007751111700206,0.52747916702037601,-0.93873517462275924,-0.38714250553837126,0.61418434010770029,0.033622737770827138,0.18205374476162239,0.25956043360287473,-0.74988196878362867,0.4255741992565798,-0.19578962484004836,-0.7827521252948304
363,0.062047837092529923,-0.40437934595499492,0.60310609071140475,0.53660984504082276,-0.54752835838450831,-0.67184269624939996,-0.39448081172404681,0.27211284884368458,0.73192465531985951,0.49138690857205791,-0.88562055670979589,-0.049285171576790798,0.63579191291803183,0.4923671265775158,0.43403707910295708,-0.066085655335793358,-0.7144828022555465,-0.74987083063358928,0.030123571469887089,-0.49889182503078344
364,0.019426078362891452,-0.87679877651909255,0.52471765124220515,0.30255316346452799,-0.12603534913438352,-0.78730225847199509,0.29467685448956993,-0.13674431921013741,0.14973880284579888,0.40327054664909512,0.10991577781613926,-0.86311317286741551,0.91082300972519459,0.12700716746149232,0.92022722563037096,0.2637124429892157,0.71997443784002635,-0.31429569418290759,0.8512216563854289,-0.27902415510979783
365,0.028546346369500375,-0.45041572977849387,0.8510551767030623,0.034286510674329085,0.99675675943914666,0.24937241611634398,-0.56973101349424171,-0.0029112172745970888,-0.59900272060752346,0.38163872757832396,0.27283283092002142,0.085639303280168333,-0.091539928520017355,0.8624452110244154,-0.44451645780707061,-0.36409234256242518,0.19976169178572101,-0.58305392030305314,-0.24400739970074214,0.72936669162326706
366,0.2386187441013905,-0.69348889947332948,0.65676274842935833,0.1006920635045041,0.30629847568441515,-0.78206008640354363,0.68729899735230293,0.16772901647072858,0.970618517087247,0.96929807454316119,-0.11211666516693586,-0.16927445653257478,0.94272632071652063,0.20449716028857412,-0.47883428519912452,0.22598369824913656,-0.96379987024609659,-0.0058076448261685787,-0.44345637716668618,0.47711274817403404
367,0.85408359109565724,-0.54810142933632755,0.96034477071500746,0.79910475867796982,-0.17339511591167067,-0.48237921344033174,0.90913187400715456,0.31421468810083408,0.66297458050842262,0.70228537525643353,-0.75544271683712094,-0.15277665065681756,-0.73903707740904956,0.049430443311890837,-0.35810366689206141,0.21201227704557946,0.44122099047111663,-0.84149803416338953,-0.076918960551564997,-0.99324492564055777
368,0.036094860212859237,-0.29945703123875567,0.35887542132839467,0.22600019962951468,-0.2239501191663591,-0.89831985207543652,0.54347695698298204,-0.29973738414402007,0.35184171336665981,-0.15365353590828601,0.67110599156229211,0.15398147915029714,-0.29455787522101273,0.69901507136083407,-0.11617137602429661,-0.36781989914609303,0.34646420703193792,0.24497060131235227,0.56417436768440155,-0.8952982107103078
369,0.060016990366532852,-0.38509661380959104,0.9355979376671355,0.45851474880219301,0.77425969953002927,0.36369825471318373,-0.75026398218325729,-0.89548452304789583,0.88697716281117978,0.4549165029299278,-0.73057944464175462,0.86465188567011952,0.14335061290666862,0.74463992525926592,-0.11854193345484987,0.4015192454401777,-0.45401811120748836,-0.59343102157406125,0.83701024521022371,0.88242576166975972
370,0.02202195136776508,-0.76566492987927992,0.53320570031861636,0.81813473290347782,0.083169710371506111,-0.72235322200000174,-0.55897535839877399,-0.96800917372855588,0.52313909935434344,0.63841861779051534,-0.25969576075136347,0.23214009070304198,0.15424339333346437,0.32349030669212775,-0.27656652784552804,0.71543566637676603,0.96015243551352691,0.07269733217736829,0.9611736572579368,-0.88916930049633147
371,0.93614086058172896,-0.49928285792539095,0.33992953370079193,0.3142853211355614,0.33153088440126521,-0.81258090737204158,0.67908062613755282,0.085068262327911759,-0.38057971006505475,-0.66582908886966075,-0.082657969888076499,0.12499519306277751,-0.63641920681856146,0.40780720910470447,-0.18843963855805024,-0.61105558659868753,-0.7447347017224597,0.55163938157825188,0.80452023052543176,0.14545511889435825
372,0.12206183133265602,-0.38895743622602041,0.75986499189425416,0.22678811730679693,-0.15783936701759083,0.75664235927544587,0.95941757978940512,0.31116916982543663,-0.83924310439649319,-0.42757245147344181,-0.59860306717403722,-0.36373373822778876,-0.66446271394395584,0.94485601534117558,0.077702392459519265,0.81009031859795488,-0.3654970314442807,-0.81302062978405254,0.66235098073258403,-0.14355929788457455
373,0.049709674743511956,-0.82358032934103198,0.6630156988997431,0.33142447047598944,0.5776007756890742,0.79508898642129089,0.82097800902493301,-0.85365627873594785,-0.40942645552436163,-0.45884529899278803,-0.73376621713314272,0.86711500488668336,0.98156350104796863,0.63704374871867242,-0.060588746050364017,-0.5321491044533655,-0.64128017083898037,-0.83610495659556294,-0.32491168169265872,0.78268990568266306
374,0.030714875874160219,-0.64280623945419713,0.60520146655769125,0.26010605923446772,-0.44359174595762019,-0.12989727856353439,-0.083744252512737649,0.11964976827371587,-0.27002226581863198,0.494439189949198,0.65171132797701792,-0.50874194069070855,0.95071571757286666,0.99275053625064524,-0.87433262072297757,0.019604638077129977,-0.23325992713057375,0.60602432283451635,0.75265831197094291,-0.48102671167596212
375,0.036512984786296165,-0.77410843057169831,0.795344799747155,0.54480515060394419,-0.17125907061262113,-0.2234258845278414,0.8188420709916111,-0.49422121355362814,-0.61990126810680368,-0.020369888074027731,-0.69628174579837299,0.30733451905647113,0.01191321554544067,0.07553901055171397,-0.25416058072505887,-0.84241554276146191,0.75166979601118111,-0.078400137219336807,-0.47327613124612644,-0.74374304970785721
376,0.67618116341522594,-0.952092127308797,0.66729725279211771,0.43774066134764311,0.16646694737941337,0.84296748428452206,0.82971547091409525,0.047159456275098099,-0.23404113314832986,-0.48235861862311147,-0.082840371071684515,-0.021704240294826649,0.75768989513012697,0.0025157642466662189,-0.42382814357396748,-0.037662703138432896,0.92492788704648965,-0.020131843089911561,0.17678696107421654,0.19932370033466529
377,0.026601567401548287,-0.99376088991697276,0.69969615649306283,0.65457031896806273,-0.53312188955976225,-0.10435627543134829,-0.66449015073255935,0.54326750696699899,-0.96444069914560782,0.23584170115210989,0.4290513911906122,0.99419830978211854,-0.79320515900232857,0.53572881637797232,-0.31920245294939376,0.72302045231676759,0.95221512933575925,0.079263958808945878,-0.78979737525032867,-0.12249813063973614
378,0.67135518014537965,-0.66459497514085109,0.80276885997581005,0.56513967597703618,0.30533483414043383,-0.33332494705705185,0.42409074441390993,-0.24759650571942782,-0.95236329168808531,-0.31056238892178167,-0.18582452777408665,-0.78847677401504379,-0.093805596927136303,0.78916777653692138,-0.884382833458216,-0.34767484097432444,0.44461108933929494,0.016790306691259804,-0.88258051223973499,0.095185042073911319
379,0.44192839064833689,-0.96525268706520628,0.9688004377584154,0.9658818556858173,0.69758469563598591,0.9551460511975316,0.61901063672840873,-0.53600396992491195,-0.12779001086290553,-0.72703445578598513,-0.52045390263211067,0.95691094919846531,0.41155376883877071,0.20390555469315208,-0.192433538001195,0.56448438455741501,0.58017152433399932,-0.31159932230432141,-0.9089780516705892,0.93386729349330122
380,0.78109375420337357,-0.86521541144570957,0.63056499091699791,0.96047895197219813,0.13736807719856747,-0.85694446958628245,-0.59368468321467915,0.61507378374542765,-0.14843848063979292,0.51178147609240709,-0.61673662900714254,0.87706714083972881,-0.21222541741025069,0.42950912481312242,-0.18108273434790489,0.60472599500622026,0.32941569131397985,-0.63021094516317011,-0.58068960791105373,0.74932150171699696
381,0.89636384501845834,-0.7580019084572136,0.84697292117892986,0.28181634241434428,-0.9244666804011854,-0.24331441496924588,-0.015645345771756025,0.40296611298475948,-0.33355379893536008,0.70597365432138903,-0.70968211237794754,-0.81121695477090494,-0.2684143723359218,0.99486383154562485,-0.54705058955497088,0.86783908926468256,-0.30432206456007993,-0.50333690003288734,0.29509617233148888,-0.046906834128528807
382,0.020400007513078799,-0.74664745425313228,0.45240628846777309,0.14874606073727015,-0.3327554159965449,-0.96558832402569394,0.20398477995210951,0.61390294343275942,0.014596501398241202,-0.84946961683377564,-0.0075242107172102113,-0.24228289557591554,0.67960165116948046,0.068379080878594012,-0.87983810295397102,0.66217811743730914,-0.59147841153011727,0.25000514356651182,0.67302079382765756,-0.5096286342219345
383,0.94820171461353198,-0.91794845510734269,0.71392461569779808,0.74891706778236244,-0.43307313301362549,0.056173081221692733,0.79205422913502743,0.17858934610671695,-0.54350293591343712,0.94208028426959012,0.093676887311945567,0.23971738534839626,0.1668928936499261,0.85125555470093728,-0.13027753464624192,-0.10077210486367849,-0.55005844011666083,-0.38112640810885567,-0.033642531801456155,0.72936617519107272
384,0.01211499029199814,-0.54503007973787088,0.36701116805115563,0.25583891290896643,-0.86027541923229456,0.30574694566148808,-0.031674431350534382,0.87230144275523425,-0.60700295065038734,-0.36273728135961636,0.32430342970634496,-0.9277092844288839,-0.54168161336479637,0.54067515603603411,0.90428619203607985,-0.27455914518242786,0.64349623299484704,0.48723727545121376,-0.044734612519617523,0.17767418208576879
385,0.049709674743511956,-0.82358032934103198,0.6630156988997431,0.33142447047598944,0.5776007756890742,0.79508898642129089,0.82097800902493301,-0.85365627873594785,-0.40942645552436163,-0.45884529899278803,-0.73376621713314272,0.86711500488668336,0.98156350104796863,0.63704374871867242,-0.060588746050364017,-0.5321491044533655,-0.64128017083898037,-0.83610495659556294,-0.32491168169265872,0.78268990568266306
386,0.18456358443831644,-0.61986107985952232,0.83833851589027719,0.40903706114506844,0.31861732177804569,-0.95219565836485676,0.67559082852539443,-0.15916733807755512,0.49792106933217495,0.73832518920716095,-0.43771911487886705,0.11729445834052954,-0.073340235740642079,0.46032659101520657,-0.48390627339408088,0.46927719800827106,-0.97326126502178067,-0.21561886538079245,-0.91871756179144559,0.2954116817124357
387,0.019270485338841015,-0.55532552364387078,0.51628253004729374,0.4571473454572037,0.42173982697568424,0.46397887301600704,-0.44899064490945273,-0.86367345658705053,-0.95388104980547439,-0.68026165881285561,0.61531719542133811,0.40414985641039713,0.43630396521668469,0.31982268041623296,-0.57000768954908443,0.17554964752980706,0.041967221040769997,-0.12330165672935323,0.65323346719996378,0.2240180085616772
388,0.0084644512848788267,-0.57738522414025173,0.78119490230992383,0.71265881337382253,0.23566350824065618,-0.081669732532871908,-0.74481653233683076,-0.55640958003464047,0.027823332899122644,0.48426772869419787,-0.70077637513601521,-0.71009832004093587,0.57751088936357919,0.3513760682739524,0.17869149557913966,-0.92213997957862803,-0.87385304249032125,-0.22138654692207282,-0.92742519765624776,0.3947734468987103
389,0.0084644512848788267,-0.57738522414025173,0.78119490230992383,0.71265881337382253,0.23566350824065618,-0.081669732532871908,-0.74481653233683076,-0.55640958003464047,0.027823332899122644,0.48426772869419787,-0.70077637513601521,-0.71009832004093587,0.57751088936357919,0.3513760682739524,0.17869149557913966,-0.92213997957862803,-0.87385304249032125,-0.22138654692207282,-0.92742519765624776,0.3947734468987103
390,-0.089565021058225947,-0.77618766023986918,0.4082480196341518,0.39414876699382284,-0.3327357875026582,0.7570962053942365,0.39154530318586955,0.47832657822279456,-0.75566094032194941,-0.66218242218339896,-0.94039929572045655,0.10609684769828687,0.66879019660250805,0.35926498094855219,0.36216316773199164,0.26316190492307157,-0.66450623821621679,-0.31828271734107716,-0.43294463782921344,-0.14310485246314042
391,0.059056293921267322,-0.65358971471353189,0.34378580858468522,0.99337798691537094,-0.52248222385621057,0.36627030213610312,0.73948022943882208,0.43531092899112567,0.44715404903621292,0.62989062010168073,0.38484771693370012,0.38191414604550444,0.41240208365136088,-0.0011601949199862016,-0.13413758228808437,-0.23832002108585915,0.36353868791803423,-0.0052419123827518455,0.012881207858156829,-0.60700331619142767
392,0.077486570663164889,-0.7226673175958267,0.7277725679566498,0.85804063169881473,-0.93054938624679373,0.98855528260862569,0.36413135472851588,0.011532629151171481,0.030000409823037977,-0.0054061083546912414,0.54331047017461342,0.63552386077754419,-0.2913269833589085,0.9172950906955315,-0.72297503487338899,0.76271102231361421,0.1272302179876208,0.87695679531046755,0.48777882211723944,0.60630594870744803
393,0.21330733840251104,-0.63048248166984755,0.85711243719829633,0.388572628033798,0.41964503694327648,-0.19996951808193075,0.6687235059023886,0.74602163671634592,0.72720422041805288,-0.21137656341973554,-0.623455251098326,-0.90924995594543301,-0.4118064284409495,-0.13120422856001923,-0.52212326389692265,-0.86799654942596827,-0.84795498247299728,-0.16300295032067114,-0.86517280353576265,0.38119258443049242
394,0.75820488932629537,-0.95388713386009583,0.33782871830163219,0.71534169271790149,-0.026512410393764618,0.11826669078042484,0.56828997591485719,0.6603213481563377,-0.68600857172509855,-0.45027151318644365,0.4618296685993728,0.4750264696846247,-0.69506728029961407,0.12152823904025811,-0.53394080651005771,-0.63918784463865652,0.25325279951915802,-0.13373678015806223,0.66474345482422392,0.46963954186195189
395,0.02202195136776508,-0.76566492987927992,0.53320570031861636,0.81813473290347782,0.083169710371506111,-0.72235322200000174,-0.55897535839877399,-0.96800917372855588,0.52313909935434344,0.63841861779051534,-0.25969576075136347,0.23214009070304198,0.15424339333346437,0.32349030669212775,-0.27656652784552804,0.71543566637676603,0.96015243551352691,0.07269733217736829,0.9611736572579368,-0.88916930049633147
396,0.06581457677310687,-0.63025144350623941,0.49392706988647039,0.36036630670853764,-0.6683626857696281,0.20088828274894666,-0.51788072188631307,0.58993092683992088,0.85122551424567061,0.61120396744596373,-0.12271527007840799,-0.90921326394837632,0.40593741509858505,0.68173733926690439,0.49768316943714219,-0.53159782224913954,-0.59890150008414045,0.4758885993657096,-0.30079422341699491,-0.92459711138027267
397,0.88496621245212403,-0.64978261085821121,0.59694403903964055,0.70532154401338221,0.91560068184850385,-0.41516760771428696,-0.10957397711640393,-0.24633048704365557,0.63512280591092019,-0.049445466801597338,-0.53727831288190608,-0.18439421969372849,0.22435847694015321,0.71932707259697959,-0.78055699697447456,-0.5325224913095139,0.44238446735926362,0.74833674995539479,-0.93948090570736476,0.3744001877956793
398,-0.0038973569837177369,-0.94194813684460743,0.65947600125539996,0.34671430302365969,0.98587115871477149,0.73591994787585335,0.44857058949683459,0.42806902666784463,0.26815062712892979,-0.64584639442955094,-0.57655412085741609,0.058990126769480566,-0.11543859334280659,0.96265784359059237,0.47926728555807929,0.11602767047743434,0.58911913565573437,0.57043101138848096,-0.84851353845068234,0.35182184313984965
399,0.018377160165253592,-0.30480143353777067,0.99088577677914214,0.38821751432165241,-0.77865199962859966,0.39607819774608566,0.13373818584587949,-0.086735823848841376,-0.61589186914096872,0.35381431880341485,0.79414170096368975,0.72321818760416545,0.39127642727548984,0.9185950355278667,-0.68060426668558649,0.88711656472346845,0.41646993662167509,-0.28259396156978234,-0.57548744427973464,-0.078937806332822991
400,0.18531197871838745,-0.93787574368439208,0.4805085973626082,0.135201767463214,0.82572917856529093,-0.028208992068609495,0.56738345342637175,0.77340286553632787,0.60976956511950475,-0.39253220322486038,0.39174706797446546,0.12310791746481176,0.061565229911757058,0.75670369347141531,-0.53288688174537979,0.55658786119386749,0.36862352338211357,0.19264123601014216,0.80616998337382251,0.099205635843153228
401,0.0094549669081016585,-0.89442329063918646,0.38065858330886559,0.58727312221527272,-0.62161866478816119,-0.21203751822664407,-0.39025792780520629,0.91427131985975607,0.99013485403257007,-0.63690802898138377,0.4055177022134806,0.36672406667326385,0.93685937173371236,0.72248370876796475,-0.001302873303001606,-0.4713137465991597,0.54578673640087172,-0.41885316157611863,0.81206044346591422,-0.63289072658116474
402,0.049709674743511956,-0.82358032934103198,0.6630156988997431,0.33142447047598944,0.5776007756890742,0.79508898642129089,0.82097800902493301,-0.85365627873594785,-0.40942645552436163,-0.45884529899278803,-0.73376621713314272,0.86711500488668336,0.98156350104796863,0.63704374871867242,-0.060588746050364017,-0.5321491044533655,-0.64128017083898037,-0.83610495659556294,-0.32491168169265872,0.78268990568266306
403,0.65551869839490262,-0.64395077589682637,0.67568794087331874,0.18671887227104311,-0.72214948958366132,-0.084835836709069579,0.62452595157580792,0.93569381145250197,0.79034603029188588,0.64363854310009372,-0.68160573845474315,-0.10653287592926763,0.42625846609677298,0.18080721267311217,-0.32186549599645198,0.48610604419093262,0.38036957858723164,-0.15940606014910341,-0.82031315020160434,-0.74990373496108509
404,0.048169891950036181,-0.37788753074414871,0.43032526429532059,0.3513269074714811,-0.18552792899508042,-0.38419138358222815,0.29885621248560201,-0.57227803729226423,0.99365688024826926,-0.83690927878631216,0.36160575468433365,0.19905494276408375,0.64294814046505389,0.78464132814781284,-0.72175505117657046,0.87640498870641492,-0.43656205177158602,-0.51907822320561636,0.02925184710020301,0.32920331616829923
405,0.036287666418173492,-0.7289068857359513,0.73232437908512771,0.55904696962851008,0.77060192039024522,-0.81729694442617129,-0.8266561957648908,-0.67414763050633253,0.24689377258250156,-0.98905517290724343,-0.65479431671462107,0.12476403111173551,0.4181440364117166,0.46932341923620124,0.79952014791449288,-0.10932130891405234,0.19502128076122038,-0.49727827585718987,0.44934650113030461,-0.93517696231150582
406,0.093961876596160288,-0.90038269418893124,0.55099979407348565,0.92160511559143199,0.11499391629404121,0.36445862253724282,0.25158784009653634,0.14632046673340438,0.8213914668432476,-0.018348185961863273,0.37512157676481794,-0.36425121553606776,0.3078024474667056,0.02712130973606719,0.18042016747565359,0.69584417564021139,0.5530505544014126,0.22408835324222531,-0.41711511552591896,-0.31545801199819312
407,0.023945606061723357,-0.94644964824680144,0.68256265168812602,0.72610263066753178,0.45229982648713762,-0.021522834422817549,-0.52213615350958675,-0.40014517707168484,0.97825450986314055,0.88038420235441994,0.112521866594818,-0.91155790187438623,0.66987577240118013,0.36059595590334292,-0.987734235247264,0.084624070061101619,-0.42754694473596766,-0.53046512285283143,0.81931640851952525,-0.92145049741515184
408,0.62166892495937276,-0.99081436988218274,0.834889028576286,0.89341182787579232,0.88927952611170169,0.12400379897011082,-0.072566649719020937,0.99309189724722757,0.21296996604838814,-0.052467256626501646,0.3817616601251419,0.67853630910664298,-0.20932823678777668,0.58488845170774173,-0.48086640440709005,0.12790781145284802,0.74775346121544572,0.8137738874843361,-0.054469881936146436,-0.57679167567005107
409,0.35848949522909312,-0.47158631542976259,0.93388798690384789,0.13780325290529483,-0.3643809207241997,0.40832007133159842,-0.25590213465115963,-0.56313110964278823,-0.019173464706317533,0.50884967801951508,0.64966015431293478,-0.31142386296533586,0.91026773196112187,0.41839645466291486,-0.80175155311082591,-0.56220944842016518,-0.11403075322996425,-0.0013746008369006635,-0.25214982942712361,-0.70446803242788736
410,0.4456969412236127,-0.69940542994483779,0.73716673663220789,0.41730077197242221,0.52185320675703006,-0.037999390823086454,0.88816016112380791,-0.99269978116887558,-0.14803270686100345,0.42073269197598839,-0.87169176909960844,0.93887692770620079,0.60696038234657368,0.09226147230135906,-0.33977005054009735,0.33064587645628696,0.57833618208268778,0.68591744656757281,-0.81953382562159938,0.84056758571050771
411,0.046711551235716353,-0.60158398145062209,0.78710729750349273,0.14436714422230801,0.83237752154416755,-0.71484998141856115,-0.36960783319319801,-0.74659605283927366,-0.75358926679372873,-0.040156246588070266,-0.56414556432423657,0.083992956798586871,0.89984357892044531,0.96812973753005549,-0.47716280227313823,-0.7000227837490145,0.102721397343843,0.35747634686194618,-0.9024603293183715,0.11837128783784623
412,0.85736417153409672,-0.36403533404299382,0.80381362778829502,0.891321042904476,0.96151007500940877,-0.18505615918480434,0.38189366850663786,0.51115086509117158,-0.99907693864369351,-0.060315854306484118,-0.10988126370661488,0.29625102269035675,0.23188847980706861,0.056589893521329149,0.25142712094311448,-0.86440434944166911,-0.31052506239074984,-0.68267301939401626,-0.28732071648450419,0.51582415976392215
413,0.049709674743511956,-0.82358032934103198,0.6630156988997431,0.33142447047598944,0.5776007756890742,0.79508898642129089,0.82097800902493301,-0.85365627873594785,-0.40942645552436163,-0.45884529899278803,-0.73376621713314272,0.86711500488668336,0.98156350104796863,0.63704374871867242,-0.060588746050364017,-0.5321491044533655,-0.64128017083898037,-0.83610495659556294,-0.32491168169265872,0.78268990568266306
414,0.7248385003335831,-0.63272058978200318,0.99459478282539515,0.6337239431225723,0.5049462292497231,-0.80845143508506001,0.72191121568753491,-0.18678520823990663,0.49061969455664989,0.016959647273603107,0.12549265939175269,-0.4083204444614541,-0.15127568264719193,0.30486845117264472,-0.64582330769031282,0.70082104708815796,0.5026925338633903,0.29048967657553826,-0.40255809182352942,-0.21228129672216278
415,0.13097631361221929,-0.8082305579119915,0.77437521163755063,0.31431889848468098,0.79970420197337,0.09563779836513131,0.75523516489437381,-0.80584047886818211,-0.4201592246686312,-0.037437572261613594,0.056628581374915221,-0.88679458946530998,0.75636984040400246,0.32507776578059144,0.98659606779306874,0.43640426658305453,-0.6991908531768285,-0.041198586209115096,-0.54191475595679162,-0.47898991229491328
416,0.30549976336160412,-0.73731874669717179,0.91452689639995421,0.21884033373820877,0.13340894765614753,0.46312154888302781,-0.094839246486837503,0.15530015969249922,-0.60095986636020138,-0.4926714070393361,0.89556264517968276,-0.26165868218406407,0.67386788669114606,0.32841494635406576,-0.56997010758747102,-0.12819768573230816,0.30475274759378501,0.33417607376042691,0.47252857427015527,-0.34725468478655186
417,0.017935017674048037,-0.71266937042403877,0.76410031434163317,0.5517297987125116,-0.89609534417361636,-0.94581991534674348,-0.72015170590591837,0.2761590375858971,-0.18089226640337075,0.50647279465445849,0.25653310292936005,0.44787931600244235,0.57072427901948752,0.027687338563753938,-0.79064066444025149,0.097782723252622272,-0.38583090923893937,0.53472255735280116,-0.99585474377308203,-0.61308894170462613
418,0.049709674743511956,-0.82358032934103198,0.6630156988997431,0.33142447047598944,0.5776007756890742,0.79508898642129089,0.82097800902493301,-0.85365627873594785,-0.40942645552436163,-0.45884529899278803,-0.73376621713314272,0.86711500488668336,0.98156350104796863,0.63704374871867242,-0.060588746050364017,-0.5321491044533655,-0.64128017083898037,-0.83610495659556294,-0.32491168169265872,0.78268990568266306
419,0.86834723121714452,-0.38562678101606362,0.64746631353192252,0.89795205866861161,0.92298387290982475,0.92300567532166022,0.43885012472920626,-0.53055770996585161,-0.61820149134755087,0.29057666703408058,0.10479960111256403,0.74507703613065357,0.52354712061368369,0.90939392223240167,-0.16739015554879733,0.41931313357188293,-0.83450009199013286,0.54899250014503531,-0.64351333636596064,-0.34266772288802483
420,0.83327527342812702,-0.94095140031297531,0.7435919347552038,0.56954883498174902,-0.2304812727477128,-0.6889770151149226,0.67599599256796972,0.74713914077556542,0.33936187493511971,0.70919864776290287,-0.61664384444209652,0.76021862402073137,-0.078962559949514954,0.41543743466480643,0.23903973875462881,-0.038547470196931721,-0.12551679524856985,0.30904015471020374,-0.59813975209210168,0.23460886222776711
421,0.0084644512848788267,-0.57738522414025173,0.78119490230992383,0.71265881337382253,0.23566350824065618,-0.081669732532871908,-0.74481653233683076,-0.55640958003464047,0.027823332899122644,0.48426772869419787,-0.70077637513601521,-0.71009832004093587,0.57751088936357919,0.3513760682739524,0.17869149557913966,-0.92213997957862803,-0.87385304249032125,-0.22138654692207282,-0.92742519765624776,0.3947734468987103
422,0.4456969412236127,-0.69940542994483779,0.73716673663220789,0.41730077197242221,0.52185320675703006,-0.037999390823086454,0.88816016112380791,-0.99269978116887558,-0.14803270686100345,0.42073269197598839,-0.87169176909960844,0.93887692770620079,0.60696038234657368,0.09226147230135906,-0.33977005054009735,0.33064587645628696,0.57833618208268778,0.68591744656757281,-0.81953382562159938,0.84056758571050771
423,0.54054162607480793,-0.84430031356659496,0.59655357974239864,0.52836793938026916,0.25563638248519061,-0.27816089715557446,0.4400238324617185,0.96445250895294565,-0.95690685572462231,-0.7024255792497911,-0.27773439160831925,0.81685073553291287,-0.61224572873287864,0.40614668792308484,-0.57313402937096347,-0.52279155148633949,-0.84262215366079385,-0.49105667478859383,-0.52039806087267504,0.95877413200628192
424,0.04065087297306369,-0.61137951652253086,0.36983154724881806,0.43931467935391288,0.3411471173358398,-0.78175493194795265,0.94205726700327808,0.015175200318878757,0.84386851726326273,-0.34341056640008061,-0.079145291097576509,-0.39740402028481103,0.99382458451750222,0.092921903575241549,0.31886033036284012,0.71796912111915523,0.30096096367891723,0.44335534101605223,0.31255788636378945,-0.73434082775096465
425,-0.024397744393885645,-0.78047421393458372,0.44838529609628042,0.36061414946380421,-0.59571386012611516,-0.17703129992556255,-0.46018909478713499,-0.80525972440429117,-0.9021254191454271,0.52120303528333434,0.96397222562335805,0.28681197171010608,0.072737341626155416,0.76415811386770138,-0.25367799783224876,0.11481896163396765,0.16305539411809322,-0.12811842539971741,-0.67746319294020441,0.17789589512781578
426,0.046711551235716353,-0.60158398145062209,0.78710729750349273,0.14436714422230801,0.83237752154416755,-0.71484998141856115,-0.36960783319319801,-0.74659605283927366,-0.75358926679372873,-0.040156246588070266,-0.56414556432423657,0.083992956798586871,0.89984357892044531,0.96812973753005549,-0.47716280227313823,-0.7000227837490145,0.102721397343843,0.35747634686194618,-0.9024603293183715,0.11837128783784623
427,0.18921152873260327,-0.58547206480199221,0.97126920080144608,0.79502254554026952,0.44049107152950828,-0.78770809692780763,0.71813119105064782,0.45636815090064586,0.15852058925891765,0.14605876430406983,-0.84441878548409477,-0.10745711443820927,0.73141896819173491,0.83893643768753723,-0.87471697413436011,-0.31762815128289401,0.8266570280049701,-0.76496110623492908,-0.070635587603372407,0.04582926476112803
428,0.63130493665810561,-0.45420443439694513,0.63589598587047913,0.75737787711032878,0.52775998535580704,-0.37438504262127759,0.25932400860105154,-0.88960633330121919,-0.5917856962571697,0.24612417395338104,0.11962317977716097,-0.76662173226132668,0.57739320705588515,0.48723406419738757,0.087337453683689059,0.88850254921043703,-0.40321148606375079,-0.73675910873977868,-0.32897640014774243,-0.023587029148845584
429,0.0078063351571233675,-0.2162723199124541,0.82678180833082426,0.45056939821397179,0.99154350380377076,0.52126020640043502,0.91714601208577107,-0.46312177185068926,-0.77837751587740689,0.94174365779021785,-0.046559504742648139,-0.54372860547248214,-0.63878260492691363,0.5884105073744994,0.20053900268082536,0.11937079816941076,-0.40175000994959431,0.28857251765597813,0.81320643592938113,0.76636738000103399
430,0.35067623424931482,-0.81794899764785889,0.55246503947617165,0.91812940396107123,-0.96624258497661963,-0.45569338400745307,0.59200685850530288,0.5342854173840752,0.74602539785061706,0.027095437177817372,-0.33956647826759045,0.0949948232872595,0.10747585268062765,0.04264702891412453,-0.20688860907975859,0.081471695084471385,-0.68207437866548193,-0.73974338125942851,0.63313607077795409,-0.88638025219006766
431,0.1333714515647344,-0.43531521144513707,0.770766660519552,0.28632914904664286,0.42603631738602821,-0.56797988687994638,0.62577843461321825,0.24125681279725963,-0.23092308934541284,-0.22206092970530955,-0.53972671210300716,-0.67950309986482726,0.31223264352787283,0.15445829419691726,-0.11602995567177432,0.61201867933388465,0.83534263530107111,0.78101141261403639,0.28054334275234782,0.11301390979091308
432,-0.006985388959177552,-0.56364904369594981,0.51459210569881209,0.18387406984737709,-0.22808290005940601,0.2775359039777674,0.82344580849169602,-0.86101769167182485,-0.95894067761448709,0.032990069543580747,-0.4833787932871354,0.48108385132742182,-0.32151034120567012,0.3538353297913337,0.39415951822515916,0.89137237788574009,-0.0022568033280179201,0.62013641664365471,0.051456435960675728,-0.27770255946698263
433,0.043523289665837295,-0.5885470377589499,0.62851741314615928,0.9039664993618286,-0.99107856785483883,-0.33795764741908929,0.15065496187368055,-0.2962922160261463,0.81305100736672187,0.2504211069747766,0.6504911812193499,0.9382402234303282,0.91543179565685628,0.70526765511336587,-0.1953387813394809,-0.80785643891790304,0.44677497178114733,-0.87043932191459272,0.52504406401712789,-0.20939731238246551
434,0.34793475748589509,-0.46549046912151515,0.64203787302607407,0.91198808898292238,0.78964965716617153,-0.74074841203975739,0.099032727684028155,-0.44855094972998799,-0.32223055607701712,0.83080528233948425,-0.67535338425729985,0.80158198357024268,0.43261738905370484,0.25708501506806369,-0.22926983035845905,0.20928825779049398,-0.2697508589855262,0.93066203612270493,0.93021508328639269,0.20139397727512809
435,0.89523135009364663,-0.96572612516097589,0.57566513142323594,0.65924755491371245,0.92559595170867559,-0.26524452060625703,-0.22275161695698542,-0.60160866976351168,0.93461446758633637,0.63907769343884979,-0.82456665060386714,-0.81373387310913881,0.36594747963009144,0.7576620697873544,-0.20932938778989119,0.93680773622053493,0.063659510742858361,-0.92820941700777371,-0.21046381710171747,0.079090424469130394
436,0.020400007513078799,-0.74664745425313228,0.45240628846777309,0.14874606073727015,-0.3327554159965449,-0.96558832402569394,0.20398477995210951,0.61390294343275942,0.014596501398241202,-0.84946961683377564,-0.0075242107172102113,-0.24228289557591554,0.67960165116948046,0.068379080878594012,-0.87983810295397102,0.66217811743730914,-0.59147841153011727,0.25000514356651182,0.67302079382765756,-0.5096286342219345
437,0.30318266624543933,-0.4096881493016129,0.94647800221712552,0.25891822359798011,0.66527515841856166,-0.15704720443217046,-0.92708370364795112,-0.445623326687836,-0.63061368339766344,0.76450773277075568,-0.69068612595368695,-0.41099249519654868,-0.29106934778444415,0.34340430979184444,-0.44952637494901349,0.40317961224490251,-0.90448968157255316,0.44026140728853913,-0.93681435493005494,0.26288241131969592
438,0.01385173222338798,-0.94528857366418206,0.69547058890402913,0.058841122909984778,-0.61309253712556755,0.87218803571242365,0.91619548031299858,-0.91795934091996756,0.78870415870173161,-0.18622573053698654,-0.14535369623980099,0.61772366981808258,0.34901802289161443,0.53483324338930305,-0.34896392275524213,0.26051041906448558,-0.20063672962522228,0.13815697000709104,0.88456549766558257,0.55243206804195299
439,0.95350071304501327,-0.90789483580230423,0.62050112528413037,0.5555475254484179,-0.6026936614918379,0.53222095855365747,0.96053560589865183,0.03999044107859917,0.026860177720052336,0.24472917876590894,-0.65632621369208355,-0.94802650715598413,0.77750319522294564,0.47474923566816152,-0.93595874868866358,-0.56002503415097671,-0.65731286260917976,-0.34085828705809873,-0.017334788203589024,-0.93550074925658255
440,0.011153807754365808,-0.69884439331408332,0.91569625437753932,0.23954373814554364,0.64150020909170813,0.69708272799086424,0.7170881575608643,0.9059685377893647,0.32278061358685206,0.080859510688471303,0.50240393810720119,0.18597912450945153,0.76431656362063571,0.28619517629355062,-0.81675070635322733,-0.23361617605492757,0.538367468929281,0.077068407721634591,0.20961250660357678,0.65669396321325024
441,0.044319571913689071,-0.52883311186864557,0.45274867571622002,0.69163468284099094,0.62469348249729073,0.68194368420840767,0.16105214499660359,-0.37792092728245907,0.85722421639155089,0.3706310995700679,-0.2706520316230685,-0.30305127089165573,-0.88320172214981274,0.72413411145768647,0.86495259712459949,-0.88391030553320582,0.66538842694946343,-0.52659057355560268,-0.56349411193221521,0.95349590445918664
442,0.76308655422932858,-0.63154447784412682,0.60539702052216859,0.48838293840698421,0.64647871245336797,0.99317128304295199,0.90799783257725553,0.179006460811729,0.24827054347225186,-0.35083273303262863,-0.33347891751989334,-0.14752251734323152,0.011778939861195159,0.0048650025856116219,0.62569379768673627,-0.46391317667063414,-0.95296294297727702,0.91766450050224191,0.91433735198496113,-0.35285404167237355
443,-0.0075069433973131705,-0.84543934593362247,0.5178443310921188,0.58660099019617795,0.06260556184212307,0.64384290745314132,0.47052386375641997,-0.72711409465901111,0.5141624670672893,-0.043562194226345996,-0.34814387861911844,-0.70249073720793187,0.81409798271699163,0.14366571166262898,-0.82862471294483298,0.71689228515365855,0.52380115426104656,-0.28347284970748876,0.69026347869495397,-0.017551726233266507
444,0.060996220325658657,-0.51601523926025705,0.82496121234015596,0.45975950999931037,0.6226911730206659,0.17614525716222618,-0.63365898908792051,0.059537250250067064,-0.88171169253630755,0.60625449133751697,-0.45693346686652725,0.30355043916974989,0.75882950969316254,0.86585252492184006,0.57341192891518999,-0.99875435344649244,0.87321003029711841,0.90234980028457423,-0.45058265057544777,0.83558037051048539
445,0.43776591016547095,-0.61548811744123411,0.50322840537002955,0.11419879100141217,0.98090627362692717,0.56802611465159369,0.39372536725476404,-0.26581135753218876,-0.64083379546864627,0.95282661345623776,-0.73264346900693567,-0.95835772529676233,-0.36177981140771642,-0.00074826742707467808,-0.88758139064785802,0.73139723735197038,-0.27177935556750343,0.43041125591267093,-0.72656694124110355,-0.58065800819935132
446,0.30213850691159339,-0.99916035646981327,0.81588527560737667,0.17603832649984508,-0.40338666969319781,-0.51577587577463624,0.52422090183808656,0.40527195246860659,-0.81238886528085597,0.51044986030897421,-0.35654059386054437,-0.10028860336657108,-0.41158251308206939,0.42322425625737692,-0.95275661264867795,-0.01326729842282659,0.090303161186316094,-0.18406424540706356,-0.80746133991235536,-0.64542795331131808
447,0.33277898523580074,-0.94770411550040445,0.4288467651058554,0.64848018603054114,-0.067371165514393372,-0.020611584320958221,-0.85715673205416176,-0.61582868320924589,-0.25870560620678429,0.74740862825877574,-0.95271912139851378,-0.42550898567865203,-0.22543604818003349,0.30716037449651723,-0.19504965786874195,-0.47480449037931982,0.56189831948672886,0.60592200129117058,0.54693242158589972,0.19469704080341943
448,0.17256279930157548,-0.77446678956199344,0.56505774963729571,0.90861770719359147,0.48973573164070561,-0.20494329683557733,0.68815748981988456,-0.39009261470231626,0.0086942853689953026,0.29121993397246082,0.19024820831587053,0.86510859214597313,-0.61316568845723629,0.27292563579046747,-0.93615867711611589,0.325561089514115,-0.79289849864339712,-0.21596102677250717,0.59369983866495235,-0.40437551952306294
449,0.011153807754365808,-0.69884439331408332,0.91569625437753932,0.23954373814554364,0.64150020909170813,0.69708272799086424,0.7170881575608643,0.9059685377893647,0.32278061358685206,0.080859510688471303,0.50240393810720119,0.18597912450945153,0.76431656362063571,0.28619517629355062,-0.81675070635322733,-0.23361617605492757,0.538367468929281,0.077068407721634591,0.20961250660357678,0.65669396321325024
450,0.14233804386515381,-0.72297760173030712,0.62269794484993501,0.58298339766176044,-0.12931299638825955,0.98747293810147241,0.38612827879031664,-0.72370915316760542,-0.72333622225755478,0.99314577271560966,-0.29124314431763465,0.62428564550892873,0.65252018941240686,0.31455446835879575,0.19472065658980808,0.50905360398981725,-0.45826930807007304,-0.56799914265269424,-0.2304543720017993,-0.093210106070861887
451,-0.0093888747181272159,-0.79610867676311625,0.53694056620408426,0.33883664529418911,0.61225173658832444,0.10656958289102825,0.72734174544104291,-0.52312617622272106,0.16763444734323985,-0.3334316915243849,-0.050658138432513544,-0.9110988940607414,-0.66480323313822787,0.24462723389057217,-0.17954339127261743,-0.51299030342456575,-0.87959330409666969,0.34526946260563607,0.66964180155242392,-0.53745588934719501
452,0.87682443513537978,-0.51522634348326557,0.52711400525096086,0.59799435412734447,0.68556856382062148,-0.85302416085094279,0.88150063921382316,-0.97817375482713875,0.53130679619825072,-0.39377130920784298,-0.49935285222890302,0.57653615050312501,-0.38887292143283414,-0.049813342178320008,-0.050997255999447599,0.15451183421882408,0.93179783473088551,0.53170098691036483,-0.60200871217676655,0.97177911700501785
453,0.27057336088986128,-0.8937899255609667,0.78578806048861294,0.86421926054360876,0.62306081858477724,0.20020250044937682,0.63644602675384943,0.70867931735387413,0.58883852725996477,-0.14531012466714022,0.45832697338382533,0.27140938902242939,0.42755725455041782,-0.045269158916668717,-0.43532314693546525,0.8975645591361312,0.015234044147692583,-0.26173507863304524,0.56431526883607064,-0.72219416299570827
454,0.046711551235716353,-0.60158398145062209,0.78710729750349273,0.14436714422230801,0.83237752154416755,-0.71484998141856115,-0.36960783319319801,-0.74659605283927366,-0.75358926679372873,-0.040156246588070266,-0.56414556432423657,0.083992956798586871,0.89984357892044531,0.96812973753005549,-0.47716280227313823,-0.7000227837490145,0.102721397343843,0.35747634686194618,-0.9024603293183715,0.11837128783784623
455,0.91145993075372345,-0.8667440279405878,0.56880683205561122,0.83636183635938299,0.77997307520365577,0.073221478198360668,0.58636872611041069,0.84464942785881236,-0.43343099188512624,-0.87433296486833134,-0.067736659568279123,0.52200821678952547,0.63738433584025689,0.8119381023071417,-0.13629657090838077,0.9464058557371835,-0.62588561802465192,0.24829418623270527,0.20530443151774258,-0.56252808847529701
456,0.046711551235716353,-0.60158398145062209,0.78710729750349273,0.14436714422230801,0.83237752154416755,-0.71484998141856115,-0.36960783319319801,-0.74659605283927366,-0.75358926679372873,-0.040156246588070266,-0.56414556432423657,0.083992956798586871,0.89984357892044531,0.96812973753005549,-0.47716280227313823,-0.7000227837490145,0.102721397343843,0.35747634686194618,-0.9024603293183715,0.11837128783784623
457,0.017935017674048037,-0.71266937042403877,0.76410031434163317,0.5517297987125116,-0.89609534417361636,-0.94581991534674348,-0.72015170590591837,0.2761590375858971,-0.18089226640337075,0.50647279465445849,0.25653310292936005,0.44787931600244235,0.57072427901948752,0.027687338563753938,-0.79064066444025149,0.097782723252622272,-0.38583090923893937,0.53472255735280116,-0.99585474377308203,-0.61308894170462613
458,0.31447720387561562,-0.44173197074197734,0.96095095085054139,0.94382314719760552,0.86096368668396717,0.33835596050697392,0.34512919485213955,-0.53167123025908225,-0.11202753185107639,0.2472749929344229,0.3622215533181592,0.6636198334429646,-0.16372335994534137,0.16237053105400157,-0.71496773052383156,0.82122090439205397,0.99415208469053051,-0.31723745215489507,-0.76116993059757587,-0.16697423355942731
459,0.049709674743511956,-0.82358032934103198,0.6630156988997431,0.33142447047598944,0.5776007756890742,0.79508898642129089,0.82097800902493301,-0.85365627873594785,-0.40942645552436163,-0.45884529899278803,-0.73376621713314272,0.86711500488668336,0.98156350104796863,0.63704374871867242,-0.060588746050364017,-0.5321491044533655,-0.64128017083898037,-0.83610495659556294,-0.32491168169265872,0.78268990568266306
460,0.078466587615671601,-0.40484531541243585,0.53583348900715211,0.59491754475201786,-0.35145681488006275,-0.68706229637925964,0.46350830063400972,0.1141881973216925,0.99950883485212638,-0.073170409640473721,-0.67670829124711585,0.16909352348680229,-0.0160823345842529,0.06991887092393001,-0.49384140588809933,-0.59004329845527725,-0.96449117888337299,-0.71593558763879006,0.1677536538250517,0.095786358620964185
461,0.049709674743511956,-0.82358032934103198,0.6630156988997431,0.33142447047598944,0.5776007756890742,0.79508898642129089,0.82097800902493301,-0.85365627873594785,-0.40942645552436163,-0.45884529899278803,-0.73376621713314272,0.86711500488668336,0.98156350104796863,0.63704374871867242,-0.060588746050364017,-0.5321491044533655,-0.64128017083898037,-0.83610495659556294,-0.32491168169265872,0.78268990568266306
462,0.8588926261462515,-0.94866597535134645,0.57489796435657214,0.83854293660704315,0.021268003957840342,-0.43101319345189837,-0.413166562575775,0.53341687893461698,0.087303685018801591,-0.81650175868159525,0.11790278227642226,-0.58525807028972388,0.39120730345804611,-0.01508608752914431,-0.63649396434133387,0.38630426430481579,0.58633171609392143,0.25748475075944288,-0.027866339397583317,0.65460002583721422
463,0.049709674743511956,-0.82358032934103198,0.6630156988997431,0.33142447047598944,0.5776007756890742,0.79508898642129089,0.82097800902493301,-0.85365627873594785,-0.40942645552436163,-0.45884529899278803,-0.73376621713314272,0.86711500488668336,0.98156350104796863,0.63704374871867242,-0.060588746050364017,-0.5321491044533655,-0.64128017083898037,-0.83610495659556294,-0.32491168169265872,0.78268990568266306
464,0.62395800390294975,-0.90660353615551292,0.9286217290814005,0.40924117254165138,0.62503262122482628,0.13336619246251336,-0.85447204922128273,-0.35387256798892008,-0.99630589173299344,-0.44255728234537717,-0.7180343959619635,0.54690500552718357,-0.10010071490580175,0.46798247410906857,-0.51623341268498901,-0.75253255999493596,0.9322122268420765,-0.17309607352165157,0.095496852709092694,0.20644511199810966
465,0.012640782510790149,-0.96244283104324935,0.62099383551466825,0.15054423769602399,-0.57811624907184123,0.87158782495363063,-0.31441779615554744,0.14053859359036647,0.5864208434031557,0.081194677302639517,0.25154052931602111,0.62189705191274314,0.15809969259649881,0.55163812006837865,0.71012557189499659,-0.83481303507436366,0.18972014519615299,0.52247274622336981,0.90567090435433761,-0.41219954231273981
466,0.8915447886416259,-0.76139580652373873,0.91517195058047029,0.35746548065768802,-0.85852121576718665,-0.074011996877429764,0.54559121667608212,-0.92382653756527611,-0.60435538368749109,0.74064788770478018,-0.98255605106836197,-0.93064888442955507,-0.28457706426451468,0.83118041071241433,-0.41895988564316311,-0.17262363783348111,0.56455549411179029,0.15198578427488507,-0.071613576595008333,0.39963574881995267
467,0.064164171015299143,-0.86058069783135727,0.24368752234061053,0.85794857473894592,0.23153425430611874,-0.31408080051556686,0.3628256856847154,0.71840026421911385,-0.59647865708580494,0.1352247870297516,-0.95592188077248519,-0.37131564887107293,-0.15239334372248914,0.69253278646606242,-0.73926840742805955,0.154980962730626,-0.96307392183882734,-0.58803079266993974,0.067460343386249733,0.033658062775539843
468,0.17256279930157548,-0.77446678956199344,0.56505774963729571,0.90861770719359147,0.48973573164070561,-0.20494329683557733,0.68815748981988456,-0.39009261470231626,0.0086942853689953026,0.29121993397246082,0.19024820831587053,0.86510859214597313,-0.61316568845723629,0.27292563579046747,-0.93615867711611589,0.325561089514115,-0.79289849864339712,-0.21596102677250717,0.59369983866495235,-0.40437551952306294
469,0.36854685770273821,-0.88915862011998836,0.99250170476351829,0.42701230097098808,0.73114047106139468,0.28115971982737165,-0.13832062160614922,-0.41365064859296341,-0.66246900467840875,0.88598916081864876,0.9309332778278161,-0.087264803680193292,0.75749675623552015,0.35421495536207082,-0.50348888720198359,0.3612338656707732,0.48888436118485434,-0.21875789437209381,0.48594035921816503,0.23945924298828847
470,0.088118086448369048,-0.63050899208429212,0.6838084623361107,0.50033364675408776,-0.89988591438537413,-0.96261303650763153,0.92202446235289903,-0.34699850902024876,0.40754389477224806,-0.044011018399884749,-0.71697773414602728,0.75547229610469868,0.030451805162450718,0.71407872050972721,-0.24079078275578336,0.18234080108814821,-0.08858462353108143,0.85827661836746016,0.45382529222862722,0.72652876780743703
471,0.75701947639584555,-0.80061394677030062,0.87624685086088583,0.87837535061929084,0.35788772648183431,0.0057910527993096927,0.0070504969232172421,0.79085820643628191,-0.6482187853118806,0.033313770537684251,0.069300253261782352,-0.62040674289308706,-0.58024579826826606,0.34244684034644068,-0.97115249950685989,0.76626855815739359,0.15644517100855748,0.83528448251878129,0.39016699738904914,-0.20636246211614151
472,0.01045353369311619,-0.33833028065497617,0.72511488363552656,0.57887173968076455,0.65966879674114343,0.84727189007262371,0.23578658291231513,-0.52652816636299993,0.66536801351349029,-0.78363653510492348,-0.96862462776875913,0.52084002434709253,0.97938525452287761,0.026802107153332866,0.073179357581786286,-0.6273543716939467,0.19106995135250848,0.93033881788704087,-0.94892933521315381,-0.4170068632253523
473,0.10408857137028682,-0.99341856757742719,0.41610333265496746,0.32820147960926183,0.37704583646764478,-0.92331709988786148,-0.34471871545637267,0.0018105937835746211,0.45247511936735041,-0.14114012952481203,0.29518278351919403,0.61791620865684904,0.92125585724617332,0.070478749651031736,-0.32684585485332218,-0.27671854665700457,0.39072396572914392,0.95219105322927566,0.0024323407133959307,-0.71045306939632336
474,0.30759047212525048,-0.47112876359667855,0.60448560762399395,0.70805659964676027,0.061849318111728557,-0.36546786554959065,0.35886422474909563,-0.6603079412854691,0.4152315553546635,-0.18762781993110278,0.7240092220002512,0.16354322870349236,-0.036280105661397943,0.1283040381898628,-0.037822291238261307,-0.57474325182795405,0.72795301693281766,0.13861771050219529,0.31406153012302807,0.64128653712075523
475,0.4442632154799615,-0.46583991278673831,0.36333942194749258,0.74142521335669564,0.12962846707797104,-0.8153626109420935,0.22398935339399362,-0.25025987881509715,0.89119741399837471,0.84117571123490698,-0.043004321669886325,0.71713110637368227,0.77466710055142163,0.58999146033780581,-0.87945037179243624,-0.13820439342191171,0.41030586539701708,0.48393462193844128,0.77211886581474753,-0.22786621433999965
476,0.21237993923460108,-0.60033693009634281,0.85176408434898776,0.82653749982096403,0.58987068476873117,-0.95552202639561123,0.81852095552723569,-0.41440537493801166,-0.76234303223421263,-0.11431428525397602,-0.66066813242806677,0.45935610931288751,-0.50327534989320677,0.0057273113790439201,-0.063265675241723329,-0.25688261298956094,-0.92709429919600805,-0.55842940236451311,-0.01712905276626131,0.89624342509516519
477,0.56162863504980653,-0.61921465340033754,0.9425050834658586,0.32823259128012849,-0.79242926862827812,-0.078983107401310537,0.59732265424678177,0.21598458579953594,-0.47248838150376349,-0.20071863305455029,-0.64070770480332961,0.22530115419769792,0.99521069316840571,0.31935251143140442,-0.10770681535779003,0.85320078088408446,0.034995482654166077,0.070028322578518543,0.62409696342711141,0.33341692950372037
478,0.034569432401790223,-0.63040689865887223,0.89311610473216518,-0.039422817611683092,-0.45024500724442884,0.80383933479381331,0.068361560622452133,0.97543503777387697,0.48075564056464404,0.67116581895261995,-0.95294875700890547,0.64022518970881492,-0.19335518328654211,0.46681578204177421,-0.40439027362168445,-0.060705106217026739,0.67350363816673253,-0.71977865457069123,-0.89333121259851822,0.42131160892955788
479,0.34793475748589509,-0.46549046912151515,0.64203787302607407,0.91198808898292238,0.78964965716617153,-0.74074841203975739,0.099032727684028155,-0.44855094972998799,-0.32223055607701712,0.83080528233948425,-0.67535338425729985,0.80158198357024268,0.43261738905370484,0.25708501506806369,-0.22926983035845905,0.20928825779049398,-0.2697508589855262,0.93066203612270493,0.93021508328639269,0.20139397727512809
480,0.018377160165253592,-0.30480143353777067,0.99088577677914214,0.38821751432165241,-0.77865199962859966,0.39607819774608566,0.13373818584587949,-0.086735823848841376,-0.61589186914096872,0.35381431880341485,0.79414170096368975,0.72321818760416545,0.39127642727548984,0.9185950355278667,-0.68060426668558649,0.88711656472346845,0.41646993662167509,-0.28259396156978234,-0.57548744427973464,-0.078937806332822991
481,0.44771293998212047,-0.99772994835775908,0.78217469933884032,0.56811699955142969,0.24311686504397279,-0.050319966698937346,0.42337332048758691,0.88486682187856713,-0.7400974167726122,-0.92729201224164792,0.088695201270408974,0.13391873770787832,-0.015651552577101935,0.46930918240077246,-0.97465798553420346,0.41963353634921408,-0.88314116827770728,-0.66186938612650437,-0.444130753979183,-0.18479920070906242
482,0.1513391375482207,-0.40806802365859207,0.84077787239695967,0.59315713254391822,0.94669355624102702,-0.77440855461737357,0.16743335266170956,0.029039274909023138,-0.68837694250534143,0.63039533281369864,-0.55068635090505946,0.33664614837170093,0.032966480436415813,-0.0073837684482023214,-0.74430226509247666,0.40210830777559603,-0.40760492671627113,-0.1529193717915629,0.9351914462583697,-0.13810279508868861
483,0.15132707718812166,-0.43846933088982154,0.5936762481738731,0.36587283947321092,0.7385567755810496,-0.0049852470161484419,0.48669582126715216,-0.68748740820705678,0.48164341857673842,0.5642333181614787,0.37080004189707272,0.14352360164962952,-0.20177745097886146,0.83696150024810145,-0.34247973110622976,0.075940117404976526,0.54146447408809051,0.25180328099026816,-0.85948008276268451,0.86427300870319335
484,0.01385173222338798,-0.94528857366418206,0.69547058890402913,0.058841122909984778,-0.61309253712556755,0.87218803571242365,0.91619548031299858,-0.91795934091996756,0.78870415870173161,-0.18622573053698654,-0.14535369623980099,0.61772366981808258,0.34901802289161443,0.53483324338930305,-0.34896392275524213,0.26051041906448558,-0.20063672962522228,0.13815697000709104,0.88456549766558257,0.55243206804195299
485,0.025144871155788451,-0.38836123220437124,0.76444258845566271,0.022703859950865546,0.016029089446941258,-0.58700791234582317,0.84091993786097063,-0.66174514486947733,0.16817710021089405,0.279688986323402,-0.43255236863573243,-0.49638442967789498,-0.83165645270857524,0.80031382370929882,0.52328334458498582,-0.40641744178828287,0.3737674544029479,-0.55014134194681996,0.51063079738513828,-0.59524388581192422
486,0.36314943019184853,-0.56865938478282785,0.88618777886307898,0.87586716085424365,0.53165989183459916,0.68002186303838807,0.82883966227859207,-0.29853770163300308,0.93527731194039743,-0.75437881166405574,0.054399399870312726,-0.25312783737957023,-0.082411853358477005,0.52049418858921292,0.71474156075794215,0.90663458340020853,-0.080432401724307212,0.3399220430354708,-0.13707040771167223,-0.42082597514984976
487,0.0094549669081016585,-0.89442329063918646,0.38065858330886559,0.58727312221527272,-0.62161866478816119,-0.21203751822664407,-0.39025792780520629,0.91427131985975607,0.99013485403257007,-0.63690802898138377,0.4055177022134806,0.36672406667326385,0.93685937173371236,0.72248370876796475,-0.001302873303001606,-0.4713137465991597,0.54578673640087172,-0.41885316157611863,0.81206044346591422,-0.63289072658116474
488,0.89523135009364663,-0.96572612516097589,0.57566513142323594,0.65924755491371245,0.92559595170867559,-0.26524452060625703,-0.22275161695698542,-0.60160866976351168,0.93461446758633637,0.63907769343884979,-0.82456665060386714,-0.81373387310913881,0.36594747963009144,0.7576620697873544,-0.20932938778989119,0.93680773622053493,0.063659510742858361,-0.92820941700777371,-0.21046381710171747,0.079090424469130394
489,0.064616968803695496,-0.63966480284053451,0.58367392785264194,0.85688935754193829,0.5734491078967372,-0.75069361183850103,-0.26015921052414326,-0.64164298137585929,-0.97444099700123532,0.094491073852082774,0.38393969973611686,0.37397879051904481,0.81138782265136267,0.89969040242116693,0.74794955816907649,-0.67306273783900061,0.37099732138048824,0.71903458243181806,0.21254207215618814,-0.87673715836757316
490,0.1093366686681827,-0.50592179429837869,0.59767981218321053,0.77226595771861772,0.57555090334555237,0.20934106835054145,0.60704410631744365,-0.093885228344768201,0.78407193979137801,0.49133443667534138,0.46837757340663666,0.34548131564421003,-0.064317150247683585,0.18700249213375852,0.96545390219895655,-0.35888748755223721,-0.13110605489618421,0.60751217003943458,-0.17839821916761034,0.14288522940494031
491,0.73443445634905657,-0.26844236369644281,0.84367283718348829,0.3076214709895404,-0.98565637612795332,0.62057876272511714,0.68550585251649787,-0.1816882596304894,0.77606146654640829,-0.3521242596150651,0.30087954400603345,-0.99903989038501839,0.62788262743618595,0.69008870809781242,-0.14138249117997659,-0.10865574207093265,-0.69299413720101133,0.37193110627880532,-0.46076974848818608,-0.44218463247231243
492,0.2783616343009867,-0.91921236641980486,0.79847590588318518,0.75547562122455947,0.31777387332115925,0.66217002946880843,0.85185215917973678,0.41132793963427394,-0.32042170502162293,0.39569101171753895,-0.61942587635978974,0.29216774384769018,0.18696110817244493,0.57193285689901985,-0.26059820012634693,0.096022505808681879,-0.024122568925976973,0.30051906634644454,0.32257984860422639,-0.018369166814468763
493,0.25205776500457899,-0.91390039367273057,0.8461628719802845,0.8113888037151531,0.22915882409831423,0.28548329914797432,-0.75490905503253924,-0.11445472610367879,-0.053448091180756663,0.69713792098141547,-0.99057338663670658,-0.76618909941412139,-0.053916866151261011,0.87514819446695813,-0.081684956515353679,-0.078072224793851008,0.38149117655323961,0.60397151875869293,-0.67855317554355987,0.37340597565925893
494,0.27057336088986128,-0.8937899255609667,0.78578806048861294,0.86421926054360876,0.62306081858477724,0.20020250044937682,0.63644602675384943,0.70867931735387413,0.58883852725996477,-0.14531012466714022,0.45832697338382533,0.27140938902242939,0.42755725455041782,-0.045269158916668717,-0.43532314693546525,0.8975645591361312,0.015234044147692583,-0.26173507863304524,0.56431526883607064,-0.72219416299570827
495,0.046711551235716353,-0.60158398145062209,0.78710729750349273,0.14436714422230801,0.83237752154416755,-0.71484998141856115,-0.36960783319319801,-0.74659605283927366,-0.75358926679372873,-0.040156246588070266,-0.56414556432423657,0.083992956798586871,0.89984357892044531,0.96812973753005549,-0.47716280227313823,-0.7000227837490145,0.102721397343843,0.35747634686194618,-0.9024603293183715,0.11837128783784623
496,0.36454966887061802,-0.34365924486232347,0.35892191877720481,0.17561717779601849,0.80848276569807664,0.017292248102589003,-0.72661166986753001,-0.082182404291160305,0.85017442789659858,0.53462099026105547,-0.24092316789249546,0.8448969356082181,0.2850035108113067,0.61039287638429984,-0.1529349067709449,0.474233835924327,-0.07314168046948244,0.98404649177753067,-0.25290171876123124,-0.9650901856420333
497,0.0041421135532566655,-0.41155195967313363,0.56933141616398708,0.37310604662478086,0.82012743582506764,0.52261358037496453,0.57647179521033109,-0.72253055265272303,0.23429984575269414,-0.10045094217345008,-0.74691006228485701,-0.46943634301978077,0.052129197050813536,0.60696028535063307,-0.37581487609996267,-0.95928419156655287,0.20877837841524438,-0.40672173166848613,-0.52169419790795479,0.73756917689021217
498,0.060996220325658657,-0.51601523926025705,0.82496121234015596,0.45975950999931037,0.6226911730206659,0.17614525716222618,-0.63365898908792051,0.059537250250067064,-0.88171169253630755,0.60625449133751697,-0.45693346686652725,0.30355043916974989,0.75882950969316254,0.86585252492184006,0.57341192891518999,-0.99875435344649244,0.87321003029711841,0.90234980028457423,-0.45058265057544777,0.83558037051048539
499,0.10864846438894116,-0.40139504670579607,0.38760767394385565,0.76558340158391802,0.20350901087818207,-0.92980949611421004,-0.98628637807385888,0.19509572740302472,-0.93542227494179975,0.32532237039504763,0.78508528741194916,-0.37638476700167356,0.1473366727448493,0.88413400145723187,-0.93467266491847401,0.51481168282267475,-0.55702907880955732,0.486058214357173,-0.063668520709020626,0.93634390271265922
500,0.32540282685458966,-0.79044427220215296,0.70393423881317574,0.80737608762066548,0.51491503721556464,-0.97850813373455292,0.090875544881939829,-0.60942577402752884,0.95232172401357063,-0.35567738716104658,-0.3221133340268596,0.53836650520669083,-0.72158295259725991,0.8842317616801405,-0.59923532910353328,-0.5725199932393783,-0.54172352162487103,0.071981681747092408,-0.031254947132535627,-0.87573438613122412
501,0.060996220325658657,-0.51601523926025705,0.82496121234015596,0.45975950999931037,0.6226911730206659,0.17614525716222618,-0.63365898908792051,0.059537250250067064,-0.88171169253630755,0.60625449133751697,-0.45693346686652725,0.30355043916974989,0.75882950969316254,0.86585252492184006,0.57341192891518999,-0.99875435344649244,0.87321003029711841,0.90234980028457423,-0.45058265057544777,0.83558037051048539
502,0.080668823311298654,-0.91761662653540688,0.54473217958523357,0.31512832461339002,0.71843716374091127,0.15838187770326417,0.96861389577335255,0.97395572615627612,-0.87588301260052215,0.90064008698022202,0.24251659157498073,-0.36354322087402791,0.44908253609442794,-0.021438200887623937,-0.86211802566512619,0.63455545180241102,-0.78700540456837076,-0.51043025591694424,0.41624904126553242,-0.34134824447258771
503,0.020400007513078799,-0.74664745425313228,0.45240628846777309,0.14874606073727015,-0.3327554159965449,-0.96558832402569394,0.20398477995210951,0.61390294343275942,0.014596501398241202,-0.84946961683377564,-0.0075242107172102113,-0.24228289557591554,0.67960165116948046,0.068379080878594012,-0.87983810295397102,0.66217811743730914,-0.59147841153011727,0.25000514356651182,0.67302079382765756,-0.5096286342219345
504,0.01267171141487311,-0.59288085155929648,0.45776347471264067,0.69881110816040204,-0.87480674977354722,-0.80984064909831299,-0.36408811446389144,0.66100574751246666,-0.53365606751278238,-0.51069408168621377,-0.37651595721977182,0.15336744244929479,0.90884100526861178,0.2736013542340312,0.27850087220254194,0.33342790243022602,-0.92997283155738475,0.48072234431873229,-0.41569798899044441,0.87635911966316526
505,0.02202195136776508,-0.76566492987927992,0.53320570031861636,0.81813473290347782,0.083169710371506111,-0.72235322200000174,-0.55897535839877399,-0.96800917372855588,0.52313909935434344,0.63841861779051534,-0.25969576075136347,0.23214009070304198,0.15424339333346437,0.32349030669212775,-0.27656652784552804,0.71543566637676603,0.96015243551352691,0.07269733217736829,0.9611736572579368,-0.88916930049633147
506,0.020510836397819032,-0.62647275933750879,0.34816774755474555,0.10160802625628307,0.59099037759705531,0.92280325036057542,0.35880379363772197,-0.06740325244298262,-0.47400729514721229,-0.91734546586460586,-0.43375459109672265,0.21210827236402463,-0.7309856925194278,0.86221947820939526,-0.059480352488489929,-0.40141901467189389,-0.84283712579704906,0.31094668456668728,0.87226461504728836,0.051361702235805939
507,0.060996220325658657,-0.51601523926025705,0.82496121234015596,0.45975950999931037,0.6226911730206659,0.17614525716222618,-0.63365898908792051,0.059537250250067064,-0.88171169253630755,0.60625449133751697,-0.45693346686652725,0.30355043916974989,0.75882950969316254,0.86585252492184006,0.57341192891518999,-0.99875435344649244,0.87321003029711841,0.90234980028457423,-0.45058265057544777,0.83558037051048539
508,0.049709674743511956,-0.82358032934103198,0.6630156988997431,0.33142447047598944,0.5776007756890742,0.79508898642129089,0.82097800902493301,-0.85365627873594785,-0.40942645552436163,-0.45884529899278803,-0.73376621713314272,0.86711500488668336,0.98156350104796863,0.63704374871867242,-0.060588746050364017,-0.5321491044533655,-0.64128017083898037,-0.83610495659556294,-0.32491168169265872,0.78268990568266306
509,0.046711551235716353,-0.60158398145062209,0.78710729750349273,0.14436714422230801,0.83237752154416755,-0.71484998141856115,-0.36960783319319801,-0.74659605283927366,-0.75358926679372873,-0.040156246588070266,-0.56414556432423657,0.083992956798586871,0.89984357892044531,0.96812973753005549,-0.47716280227313823,-0.7000227837490145,0.102721397343843,0.35747634686194618,-0.9024603293183715,0.11837128783784623
510,0.2783616343009867,-0.91921236641980486,0.79847590588318518,0.75547562122455947,0.31777387332115925,0.66217002946880843,0.85185215917973678,0.41132793963427394,-0.32042170502162293,0.39569101171753895,-0.61942587635978974,0.29216774384769018,0.18696110817244493,0.57193285689901985,-0.26059820012634693,0.096022505808681879,-0.024122568925976973,0.30051906634644454,0.32257984860422639,-0.018369166814468763
511,0.021868795081156467,-0.40219888825941541,0.75464459396703298,0.83099666265351568,0.19524942763892583,0.49445628073835923,0.17602170151863117,0.43609275963537031,0.0027294602738081597,0.55816566807284906,-0.85595091329988771,-0.41331363263314036,0.84652021239445085,0.02254727343108498,-0.37968542547258055,0.058691220021125812,0.95860877608824802,0.090840598395053984,0.60104647423807589,0.89051378138752235
512,0.023945606061723357,-0.94644964824680144,0.68256265168812602,0.72610263066753178,0.45229982648713762,-0.021522834422817549,-0.52213615350958675,-0.40014517707168484,0.97825450986314055,0.88038420235441994,0.112521866594818,-0.91155790187438623,0.66987577240118013,0.36059595590334292,-0.987734235247264,0.084624070061101619,-0.42754694473596766,-0.53046512285283143,0.81931640851952525,-0.92145049741515184
513,0.26197778644909198,-0.75376213619416133,0.33416455115230037,0.80910904480400148,0.53337468064909554,-0.80697950429812715,0.99283703377054566,-0.44788004704540652,0.14007751111700206,0.52747916702037601,-0.93873517462275924,-0.38714250553837126,0.61418434010770029,0.033622737770827138,0.18205374476162239,0.25956043360287473,-0.74988196878362867,0.4255741992565798,-0.19578962484004836,-0.7827521252948304
514,0.91694560855685525,-0.76897147256856035,0.38064289936527729,0.41504445771640675,0.98026351260572953,-0.2891424345534257,-0.123566435508774,0.73603266044249094,0.51487918562458335,-0.022794766896136576,-0.24204686491635607,-0.064393654424919067,0.95962259988700183,0.74932326201844424,-0.59764668839845991,-0.055707775842197327,0.23214619248642876,0.47878147466338761,-0.91010068350066331,-0.86491729022699104
515,0.84148996229335249,-0.53027544959956918,0.90072492061974829,0.75705079533610875,0.62635830016860483,0.39917430625731809,0.63403095102377804,-0.11066741285654103,0.79651303598300705,0.70727172459833998,-0.46636401600677968,-0.87031259492901492,-0.090357256773423433,0.67024570410722917,-0.79589219566100633,0.21406301159693308,-0.70794255142012807,0.99013735865684116,-0.83272159263208523,0.7267031715860155
516,0.060996220325658657,-0.51601523926025705,0.82496121234015596,0.45975950999931037,0.6226911730206659,0.17614525716222618,-0.63365898908792051,0.059537250250067064,-0.88171169253630755,0.60625449133751697,-0.45693346686652725,0.30355043916974989,0.75882950969316254,0.86585252492184006,0.57341192891518999,-0.99875435344649244,0.87321003029711841,0.90234980028457423,-0.45058265057544777,0.83558037051048539
517,0.27057336088986128,-0.8937899255609667,0.78578806048861294,0.86421926054360876,0.62306081858477724,0.20020250044937682,0.63644602675384943,0.70867931735387413,0.58883852725996477,-0.14531012466714022,0.45832697338382533,0.27140938902242939,0.42755725455041782,-0.045269158916668717,-0.43532314693546525,0.8975645591361312,0.015234044147692583,-0.26173507863304524,0.56431526883607064,-0.72219416299570827
518,0.14956464667957192,-0.92601808342520719,0.55039702789770462,0.57869462995000687,-0.95481878268893072,0.43210824370478895,-0.21658999885011521,-0.73521804714584782,0.1954257449576251,-0.91014378822727471,-0.73881434738503482,0.17623146031017334,0.80655478742273745,0.60068852995793165,0.85529112722016842,0.34647911237387952,-0.93792871550371304,0.14522093082517462,0.19779085067919322,-0.92774784313090453
519,0.0055742301431123131,-0.73535872678269554,0.31590051337992775,0.90907984103253314,0.060309851987834451,-0.89517568449096441,-0.55953622763544497,-0.38243252952274309,-0.17403067372811387,0.19605225156654549,-0.44947304242077624,-0.052022300277669853,-0.83080331843350486,0.98280802936155309,-0.20865663881725549,0.29880155582551415,0.82882292641459632,-0.57762348461624868,-0.96754362567575414,-0.98957347482675884
520,-0.062050570548737749,-0.48849107253218693,0.91040421671318428,0.4012907507222061,-0.37800098748150979,-0.86194545728647376,0.77628831128947762,-0.44959571747138294,0.22133495224628552,-0.93328702786844708,-0.63619290883349033,-0.49550711662575964,-0.90539481013536549,0.088772950309340848,-0.13566628930124369,-0.53501783329388308,0.11610292526006116,0.50888669685300147,0.32399704817555453,0.70662856177081035
521,0.1447010554228092,-0.62221191601785208,0.54789091819492142,0.17776111824013663,0.7328082882798308,-0.03686172938324761,-0.47270201559035629,0.17529270293570876,0.23711253592633019,0.47771769623103544,0.07947718889610611,-0.85500103310722442,0.98246363222995692,0.97937096352160191,-0.77747071254999489,-0.095854974189758746,0.22244032327864227,0.11810921565929533,-0.12490091571054229,0.88753244704905532
522,0.18456358443831644,-0.61986107985952232,0.83833851589027719,0.40903706114506844,0.31861732177804569,-0.95219565836485676,0.67559082852539443,-0.15916733807755512,0.49792106933217495,0.73832518920716095,-0.43771911487886705,0.11729445834052954,-0.073340235740642079,0.46032659101520657,-0.48390627339408088,0.46927719800827106,-0.97326126502178067,-0.21561886538079245,-0.91871756179144559,0.2954116817124357
523,0.01267171141487311,-0.59288085155929648,0.45776347471264067,0.69881110816040204,-0.87480674977354722,-0.80984064909831299,-0.36408811446389144,0.66100574751246666,-0.53365606751278238,-0.51069408168621377,-0.37651595721977182,0.15336744244929479,0.90884100526861178,0.2736013542340312,0.27850087220254194,0.33342790243022602,-0.92997283155738475,0.48072234431873229,-0.41569798899044441,0.87635911966316526
524,0.8839067110236698,-0.79297337392263745,0.67162139423868239,0.14615972367456864,0.6377363161357481,-0.25830955427711544,-0.59972459692143709,0.25847611618818944,-0.074559119332952672,0.6841915979041393,-0.62780240795080933,-0.62275331761136909,-0.32625903319257099,0.49060987335052331,-0.79417662933614852,-0.82344217838478428,-0.22202588600704787,0.8378279418423531,-0.40504786760181166,-0.11566309887102322
525,0.89636384501845834,-0.7580019084572136,0.84697292117892986,0.28181634241434428,-0.9244666804011854,-0.24331441496924588,-0.015645345771756025,0.40296611298475948,-0.33355379893536008,0.70597365432138903,-0.70968211237794754,-0.81121695477090494,-0.2684143723359218,0.99486383154562485,-0.54705058955497088,0.86783908926468256,-0.30432206456007993,-0.50333690003288734,0.29509617233148888,-0.046906834128528807
526,0.0049698211387383395,-0.49785142318797648,0.33868003596362772,0.04080538235590736,0.23590736222767195,0.92863239516177543,-0.84992781444456367,-0.15964418222686505,0.10927721467975937,-0.71761222416718451,-0.67682578774465907,-0.45674529247075668,-0.16000463595751535,0.44044324532420309,-0.16547080570878525,0.00082510195442164758,0.076277308448114978,-0.24168495477248886,-0.040321916763474963,-0.035982906969908024
527,0.85018261841250031,-0.56332959855618525,0.93692184056425543,0.50097453642492495,0.25000503685093456,-0.91800139453184992,0.93425898613233116,0.60275756760532562,0.24154243496428585,-0.68718401208701385,0.47282323484209932,-0.476081151997376,-0.85304459950476086,0.81096154828597222,-0.85241393949692124,0.76198938208567557,0.43463179974489785,0.96671127875476137,0.13837606091851806,0.31265094624852474
528,-0.0038973569837177369,-0.94194813684460743,0.65947600125539996,0.34671430302365969,0.98587115871477149,0.73591994787585335,0.44857058949683459,0.42806902666784463,0.26815062712892979,-0.64584639442955094,-0.57655412085741609,0.058990126769480566,-0.11543859334280659,0.96265784359059237,0.47926728555807929,0.11602767047743434,0.58911913565573437,0.57043101138848096,-0.84851353845068234,0.35182184313984965
529,0.034569432401790223,-0.63040689865887223,0.89311610473216518,-0.039422817611683092,-0.45024500724442884,0.80383933479381331,0.068361560622452133,0.97543503777387697,0.48075564056464404,0.67116581895261995,-0.95294875700890547,0.64022518970881492,-0.19335518328654211,0.46681578204177421,-0.40439027362168445,-0.060705106217026739,0.67350363816673253,-0.71977865457069123,-0.89333121259851822,0.42131160892955788
530,0.014814557245779403,-0.91885995308733737,0.34695019367372848,0.85211685049757468,0.68068368373099619,-0.68718579943805502,-0.34527681837439506,-0.9388697079183661,0.69809575684287739,0.71955690323487032,0.50558088700135184,-0.12980140573542998,-0.32945781887240533,0.070452234082753806,0.47209966528364888,0.92268359480190765,-0.64238038547216636,0.16133533135271749,-0.22005957313620139,0.65692500394149156
531,0.046335836427960908,-0.72636500081943822,0.50010056207155351,0.46290736887900596,0.016274313225304038,0.21655132840886226,0.85560150445657879,-0.21488745255036279,-0.10902562565330531,-0.28100622357641725,-0.020261524298634148,-0.57183388382930356,-0.79713555787713486,0.90697228490104509,-0.58811286757526715,0.93657694214155218,-0.73183659945612733,0.86027505219136202,0.95172155549798965,0.70027038786683438
532,0.024643183146411785,-0.71537056202181781,0.35197967541428676,0.56283412799619192,0.26178082749127296,-0.32536645736602798,0.84972432340923421,-0.15005315373877082,-0.046687238822728627,-0.17359701991752496,-0.050442291419808161,0.61093471399599641,0.0090210285687464253,0.18060230803089827,0.58986925372183041,0.66813165553412346,-0.15316302577849417,-0.75730318929488116,0.09440732462037249,-0.39081989367303827
533,0.10060106808254288,-0.39661143408069988,0.50937178809230632,0.6960103108203386,0.23840882892022131,0.60139108262310526,0.34258083581948706,-0.059828913256054994,0.73143616996589977,-0.83818309052828899,-0.36148661587053987,-0.83835119515295542,-0.46340500712459165,0.90093932648842268,-0.51563432529621811,0.72444380610280534,-0.44574667597665751,0.37116168901495894,-0.79600538592465298,-0.41024345723699041
534,0.10662055886193711,-0.51144925795271634,0.56689760553259649,0.7303170825423031,-0.74153839168742897,0.97462910176276663,-0.54681393591299687,-0.45835534364281405,0.3084731315203828,-0.4909175866838662,-0.93747529395318074,0.012320430005712035,0.15034394339747914,0.17356269206325692,0.34517312436072989,0.48847335413606285,0.8271578431876172,0.38183417196909053,0.84826901549916833,-0.77206594977055154
535,0.023511401456690839,-0.77622821005198261,0.38887027928587847,0.52466175582836438,0.29420782424274239,-0.58586411634191404,0.59940420394346394,-0.14897622506789343,0.33895742566926312,-0.62381323041614412,0.48953222284829701,-0.9792263385570561,0.30386673741567383,0.013610518362817237,-0.90592447885901017,-0.70509432834141839,-0.83359625916500768,-0.63027157128929034,-0.42305479095785836,-0.36587013639410726
536,0.27057336088986128,-0.8937899255609667,0.78578806048861294,0.86421926054360876,0.62306081858477724,0.20020250044937682,0.63644602675384943,0.70867931735387413,0.58883852725996477,-0.14531012466714022,0.45832697338382533,0.27140938902242939,0.42755725455041782,-0.045269158916668717,-0.43532314693546525,0.8975645591361312,0.015234044147692583,-0.26173507863304524,0.56431526883607064,-0.72219416299570827
537,0.7248385003335831,-0.63272058978200318,0.99459478282539515,0.6337239431225723,0.5049462292497231,-0.80845143508506001,0.72191121568753491,-0.18678520823990663,0.49061969455664989,0.016959647273603107,0.12549265939175269,-0.4083204444614541,-0.15127568264719193,0.30486845117264472,-0.64582330769031282,0.70082104708815796,0.5026925338633903,0.29048967657553826,-0.40255809182352942,-0.21228129672216278
538,0.85018261841250031,-0.56332959855618525,0.93692184056425543,0.50097453642492495,0.25000503685093456,-0.91800139453184992,0.93425898613233116,0.60275756760532562,0.24154243496428585,-0.68718401208701385,0.47282323484209932,-0.476081151997376,-0.85304459950476086,0.81096154828597222,-0.85241393949692124,0.76198938208567557,0.43463179974489785,0.96671127875476137,0.13837606091851806,0.31265094624852474
539,0.12013949004878821,-0.60306209861599935,0.92384274987272863,0.87004816747539282,0.74307624155947227,0.32192266800647418,-0.16508078886648381,-0.40833088350132374,0.22258356751355413,-0.11765802309573115,-0.24919486461313722,-0.48047242123708878,-0.21820649986410423,0.32528081815308485,-0.076175649822288305,0.4094103227696313,-0.19451810158936134,0.70240878424045938,0.92152545060664193,-0.82494213333470046
540,0.8915447886416259,-0.76139580652373873,0.91517195058047029,0.35746548065768802,-0.85852121576718665,-0.074011996877429764,0.54559121667608212,-0.92382653756527611,-0.60435538368749109,0.74064788770478018,-0.98255605106836197,-0.93064888442955507,-0.28457706426451468,0.83118041071241433,-0.41895988564316311,-0.17262363783348111,0.56455549411179029,0.15198578427488507,-0.071613576595008333,0.39963574881995267
541,-0.020742075822885786,-0.87596610806615294,0.67518345191437867,0.77795671940355193,-0.75394906348274282,0.035145014660255658,-0.4102613266018611,-0.99450683852962896,-0.94350983815193601,-0.9237274796125472,0.56179623464003758,0.92276476167818799,0.43693529011601107,0.4342155589587875,0.92816015389568407,0.70339665937441631,-0.11714794633433034,0.96135075495323097,0.19689016331308173,0.79962673157783204
542,0.0044044944390215779,-0.36629748371384507,0.4432545629414173,0.37197815100918308,-0.82424172765502979,-0.83879789344726108,0.69065077394073948,0.46787408033671629,0.7437057960348501,-0.92878685647597026,0.43132602074137116,0.26818532860981281,0.0041674130290314526,0.10267114028846147,-0.35090901995890222,0.74331438829421526,0.57399732523526392,-0.028247297840396923,0.038153572807584579,0.69430673914781083
543,0.067495577144569996,-0.59175746799517159,0.56796965820173995,0.2633716674912443,-0.79911012825389194,0.38017509365582214,0.71220351891065725,0.56228406707914225,0.37660603414054905,-0.38346343316762166,-0.1257707548956748,0.27804718236254256,0.78919311164564632,0.96593460256000463,-0.17401903390606854,-0.34385026505962091,-0.4796332067305189,0.56115331320083017,0.69851484211377124,0.77738970561838072
544,0.027993724879754378,-0.64696480355363128,0.8811603795095897,0.9092553863035806,-0.97200542106266941,0.23196312642806483,0.15024330507738881,0.59216064452217121,-0.61986429519533237,-0.29524158214134544,-0.45284295676663855,-0.70538263981884919,-0.53311429012903622,0.76213985688391994,0.9773330368301012,0.82044432187512606,0.017834391533885663,0.79310863101088613,-0.39210041802040152,0.92960278434070198
545,0.3191958798078236,-0.57819242206454002,0.53973826620567777,0.18256433822620632,-0.47969502483518567,0.1800846580787725,0.29668382617777733,-0.094263440577178725,-0.36118727566864983,0.50430355265656535,0.22338143318554193,0.69900467525595178,0.7864561646133954,0.19839060894060512,-0.18915208207271506,0.76947992024817058,0.60936559598572937,0.94363867085554753,-0.87887602117327668,0.66856615538087061
546,0.77909031406795726,-0.77846495140787142,0.48388976836549813,0.79746635512659991,0.15820776445483209,-0.80117331419201987,0.63699091832581622,0.32033149538470562,-0.84865336582666373,-0.98511967377790532,0.32328078791579107,-0.6157285883153012,0.86139200676317729,0.38816080999237657,-0.0823644407346662,0.86313500982134106,-0.22708898424471191,0.79675211072943353,-0.084631842551083913,0.37547413230464599
547,0.0084644512848788267,-0.57738522414025173,0.78119490230992383,0.71265881337382253,0.23566350824065618,-0.081669732532871908,-0.74481653233683076,-0.55640958003464047,0.027823332899122644,0.48426772869419787,-0.70077637513601521,-0.71009832004093587,0.57751088936357919,0.3513760682739524,0.17869149557913966,-0.92213997957862803,-0.87385304249032125,-0.22138654692207282,-0.92742519765624776,0.3947734468987103
548,0.09166003158799807,-0.883921031825051,0.65852801377218229,0.063456123841559853,0.23305517661525155,-0.62816043874667882,-0.5919216851151532,0.21045905796078013,-0.81293354201030565,0.1647405284531529,-0.84679398963394381,-0.463902785073802,0.70242574918325928,0.33222072233505839,0.077401826037211574,0.57744989575607897,0.47562002144928117,-0.65389256494398329,0.96454404375383751,0.22732020532347219
549,0.18658860836494706,-0.90460843440061978,0.81491437791899002,0.39036267800592461,0.87837573737973829,-0.19261285153474406,-0.63696753577682008,0.83950860964685381,-0.49960983402937775,-0.44701778565745309,0.87867082439618538,-0.47787492858529079,-0.4599809830913808,0.45947026515362221,0.34166761537707568,-0.033949650383016117,0.91313052256589278,0.78717311374226262,0.87719539128704027,-0.42062865104413905
550,0.86834723121714452,-0.38562678101606362,0.64746631353192252,0.89795205866861161,0.92298387290982475,0.92300567532166022,0.43885012472920626,-0.53055770996585161,-0.61820149134755087,0.29057666703408058,0.10479960111256403,0.74507703613065357,0.52354712061368369,0.90939392223240167,-0.16739015554879733,0.41931313357188293,-0.83450009199013286,0.54899250014503531,-0.64351333636596064,-0.34266772288802483
551,0.29075740003702788,-0.77751343491872005,0.72630875764424041,0.24392845917488892,0.05808909400513218,-0.75384645637878589,0.52721998235347911,0.22983577181552794,0.6050009704710273,0.85082918464327117,0.68922235835742995,-0.19610066153851702,-0.31636201484723503,0.12728044989924725,-0.23089951036017231,-0.52857117257018471,0.23783201945951293,-0.68420759992931246,-0.14002202351563064,0.82499094316107469
552,0.052033424892965474,-0.90788147874631697,0.92449113960491114,0.61655146449920517,0.10506149357207484,0.32362655454781253,-0.7944497858695565,-0.91131112789853197,-0.03025803911747782,0.74828164302613298,0.6522153039739802,0.19085196993307996,-0.51979468260221062,0.73730463927636958,0.63059483083411516,-0.64773188813089533,0.026714477723388086,0.33503084108425063,0.60911567154944457,0.70779494107191354
553,0.38857320961824837,-0.61974773711441444,0.53189552155380393,0.41216488593297052,0.57064299667266249,0.47354183013627305,-0.82916078474165666,-0.39486993531662695,0.17823469575838669,-0.78342943138298304,-0.70941892274052409,-0.45561993407942092,-0.95252216531449951,0.50794071960409259,0.30766519744931986,-0.90807236242110201,0.75681858728898277,-0.65430276137089649,-0.89185406045821125,-0.93072243901692731
554,0.012445378722691913,-0.84234588940662403,0.47046345389892874,0.82247983409683423,0.43119258615123046,0.80270819602191823,0.31008839905971142,0.23439158419248973,-0.29077108877093205,0.43890063887759645,0.93437316424568273,-0.70568518884735409,-0.09902310503474121,0.52512581004022896,-0.88963402738426889,-0.53681480076284216,0.19383216517357749,0.55295733801496749,0.97100372185984929,0.077233744890156553
555,0.56318494606932901,-0.92962289174256885,0.75390138909890458,0.21760657105323755,0.65840192485187909,-0.1923323945212092,0.15410508963995539,0.51221109162646683,0.20107477908966231,0.041736810129135327,-0.34620863390591117,0.16922898350134541,0.65750631628125755,0.41716548393769037,0.74558816659330751,0.32380491328612981,0.65318982326498531,0.87925671119871307,0.53651854808006538,0.61524006286054456
556,0.38323461207016751,-0.78513291363078763,0.49809534309453651,0.1209814288609401,0.42582057639709858,-0.1721244366048591,-0.84382438482038213,0.40801560543652604,-0.61917224493648004,0.91475789142497188,-0.50176152618278058,-0.88018281875018278,-0.37472139216246303,0.83855978764712868,-0.58335569818439392,-0.70442752239689743,0.72202346293826425,-0.60346571516579561,-0.38340295589448248,-0.52185504785943659
557,0.88681273489226498,-0.47919581942559275,0.55265430335241383,0.29554622593026303,-0.87287984507840299,-0.56683091607992075,0.34171797337218668,0.52217788252126707,-0.69659755167723092,-0.24362333866954744,0.032822935779851958,-0.27138347044311639,0.38763975542113838,0.1012571053254665,-0.23708088234769309,0.82081922579216604,-0.53153826720805353,0.58094875468957308,-0.60890150048890668,-0.22103646172679126
558,0.78026593699765279,-0.57999707893192465,0.88406372608592743,0.6328015952949384,-0.57317102952445453,-0.93174973915342019,0.23925899943503426,0.14158436305758282,0.36317711165272115,-0.66649930759168741,-0.56509008624496193,-0.95521589334686285,-0.21466456530603817,0.68947643973789052,-0.37640292399017627,0.57351521218468382,0.83561486822290054,0.57766322332330278,0.76962321343796103,0.49324358797564716
559,0.78045620487693901,-0.47421456403737317,0.63667237064421056,0.11711384583096796,-0.25927768664666928,0.65293061897792448,-0.70311074905192572,-0.9020384472512526,0.34689343570211872,-0.33019743320264916,0.40667834368481803,-0.40682240888504495,0.16081650459088048,0.66551410313455239,-0.78722005099020675,0.36413675423641689,-0.22398278846957309,0.6657328746907174,-0.64047051806203292,0.61355330957056653
560,0.049709674743511956,-0.82358032934103198,0.6630156988997431,0.33142447047598944,0.5776007756890742,0.79508898642129089,0.82097800902493301,-0.85365627873594785,-0.40942645552436163,-0.45884529899278803,-0.73376621713314272,0.86711500488668336,0.98156350104796863,0.63704374871867242,-0.060588746050364017,-0.5321491044533655,-0.64128017083898037,-0.83610495659556294,-0.32491168169265872,0.78268990568266306
561,0.043186927965385813,-0.31568187102009015,0.64529907743444004,0.40310134493611027,0.40505895028580308,0.29051385653274497,0.62578710127859583,0.95740709492385734,0.085168027660061041,-0.61856876120633197,-0.85946737084218627,0.21229192148610165,-0.48257333559919746,0.29983157508175884,0.90700025543361762,0.98757173812636978,-0.29927629413108381,-0.6174274394538628,0.5356743814588627,0.37519811981608453
562,-0.020742075822885786,-0.87596610806615294,0.67518345191437867,0.77795671940355193,-0.75394906348274282,0.035145014660255658,-0.4102613266018611,-0.99450683852962896,-0.94350983815193601,-0.9237274796125472,0.56179623464003758,0.92276476167818799,0.43693529011601107,0.4342155589587875,0.92816015389568407,0.70339665937441631,-0.11714794633433034,0.96135075495323097,0.19689016331308173,0.79962673157783204
563,0.080668823311298654,-0.91761662653540688,0.54473217958523357,0.31512832461339002,0.71843716374091127,0.15838187770326417,0.96861389577335255,0.97395572615627612,-0.87588301260052215,0.90064008698022202,0.24251659157498073,-0.36354322087402791,0.44908253609442794,-0.021438200887623937,-0.86211802566512619,0.63455545180241102,-0.78700540456837076,-0.51043025591694424,0.41624904126553242,-0.34134824447258771
564,0.034526847549792627,-0.80423205233850314,0.86252783881737116,0.057824137856492985,0.22856355836927178,-0.98250397301119041,0.28338495884065074,-0.078065740222583946,0.54007039372242671,0.21401990145405292,-0.81760652832577696,-0.27185806250740785,-0.82457922619031443,0.36610731234609784,-0.1508466796169845,-0.96577926403732528,-0.11395659444064488,0.72810232166693978,0.9019716062890113,-0.76497127342283466
565,0.02342002212464922,-0.7420879194152239,0.53917461840448078,0.10528039717059645,-0.91730497667126265,-0.99790133805070957,0.91396341603337983,-0.5778764391182285,0.19664664165834633,0.59053227887916027,0.80700584868689895,-0.030067041321356625,0.19700549739507189,-0.024990441375467132,0.93671786198608942,-0.65372738312669543,0.16637761723503242,0.094763910319043188,0.1661325333946353,-0.87593869821920123
566,0.44192839064833689,-0.96525268706520628,0.9688004377584154,0.9658818556858173,0.69758469563598591,0.9551460511975316,0.61901063672840873,-0.53600396992491195,-0.12779001086290553,-0.72703445578598513,-0.52045390263211067,0.95691094919846531,0.41155376883877071,0.20390555469315208,-0.192433538001195,0.56448438455741501,0.58017152433399932,-0.31159932230432141,-0.9089780516705892,0.93386729349330122
567,0.046711551235716353,-0.60158398145062209,0.78710729750349273,0.14436714422230801,0.83237752154416755,-0.71484998141856115,-0.36960783319319801,-0.74659605283927366,-0.75358926679372873,-0.040156246588070266,-0.56414556432423657,0.083992956798586871,0.89984357892044531,0.96812973753005549,-0.47716280227313823,-0.7000227837490145,0.102721397343843,0.35747634686194618,-0.9024603293183715,0.11837128783784623
568,0.79873275325473569,-0.83636045731703224,0.66150043944539694,0.32361170590003785,0.47555010820842814,-0.082425185416842961,0.69519890485165581,-0.23971596581373333,0.1480985593994617,-0.094225423070552594,-0.82317396138251619,0.8886826634095919,0.47965040185174268,0.19088485953234136,-0.00078849071126230186,-0.012733257292103506,-0.64278300206040084,0.96158481402729423,0.48085790931272876,-0.2852331880777923
569,0.064164171015299143,-0.86058069783135727,0.24368752234061053,0.85794857473894592,0.23153425430611874,-0.31408080051556686,0.3628256856847154,0.71840026421911385,-0.59647865708580494,0.1352247870297516,-0.95592188077248519,-0.37131564887107293,-0.15239334372248914,0.69253278646606242,-0.73926840742805955,0.154980962730626,-0.96307392183882734,-0.58803079266993974,0.067460343386249733,0.033658062775539843
570,0.34649762335706513,-0.38160930307075858,0.68999628770181287,0.93118121858739844,-0.78824298839750395,0.21388039673068615,-0.53174268022500537,-0.21518856277111986,-0.3207720858431673,-0.25336703031727503,-0.47755056795899509,-0.80956419825809389,0.53586782672977651,0.62740667924710336,-0.66193370712307331,-0.70276480426295307,0.65279270044154503,-0.1714585102128976,0.84886423616377371,0.53291855668457999
571,0.89636384501845834,-0.7580019084572136,0.84697292117892986,0.28181634241434428,-0.9244666804011854,-0.24331441496924588,-0.015645345771756025,0.40296611298475948,-0.33355379893536008,0.70597365432138903,-0.70968211237794754,-0.81121695477090494,-0.2684143723359218,0.99486383154562485,-0.54705058955497088,0.86783908926468256,-0.30432206456007993,-0.50333690003288734,0.29509617233148888,-0.046906834128528807
572,0.88771148827025015,-0.90561162369956727,0.63815562951700833,0.71302870175953603,0.3422646865347998,0.46316147555900211,0.052116604597889582,-0.80139836887789095,0.99663053543288926,0.7890615744093461,-0.85091918459058569,-0.50343640216146568,-0.85478746910524439,0.2922482747485442,-0.88132765312955819,-0.064075318829881933,-0.28807763615576087,-0.23257227975573391,-0.85139000275938392,-0.15437275292450803
573,0.30216482181646254,-0.98286420001984842,0.9030783380160059,0.013144967216432324,0.31420431203854626,-0.31083159294298901,-0.47108384550916749,-0.47831546617045428,0.082424589090966061,0.92852084456546757,-0.46037656365688617,0.41133594635183868,0.90194641801525943,0.30982333524629624,0.084603942774198915,-0.020100303112668527,-0.19727281463939228,-0.63502834197054492,0.40435160883228205,0.33750154429804491
574,0.046711551235716353,-0.60158398145062209,0.78710729750349273,0.14436714422230801,0.83237752154416755,-0.71484998141856115,-0.36960783319319801,-0.74659605283927366,-0.75358926679372873,-0.040156246588070266,-0.56414556432423657,0.083992956798586871,0.89984357892044531,0.96812973753005549,-0.47716280227313823,-0.7000227837490145,0.102721397343843,0.35747634686194618,-0.9024603293183715,0.11837128783784623
575,0.24214464410544068,-0.36280449059190611,0.87599354328993395,0.23955835184557084,0.29051033970962736,-0.73380796486943733,0.31256005856872204,-0.30516840650942223,0.030014515420476728,-0.89743663694244247,-0.62496894353220722,0.93599863488044766,0.45463519383458095,0.7714622620753997,0.7270280903241968,0.72630370292849666,-0.8717493661148592,0.82897437251364314,-0.66159108593120486,0.29604389876680393
576,0.023945606061723357,-0.94644964824680144,0.68256265168812602,0.72610263066753178,0.45229982648713762,-0.021522834422817549,-0.52213615350958675,-0.40014517707168484,0.97825450986314055,0.88038420235441994,0.112521866594818,-0.91155790187438623,0.66987577240118013,0.36059595590334292,-0.987734235247264,0.084624070061101619,-0.42754694473596766,-0.53046512285283143,0.81931640851952525,-0.92145049741515184
577,0.31681487993883928,-0.87826471989626098,0.41545875035581048,0.27301267775288429,0.91174813592120363,-0.86599370228747552,0.57218650203466903,-0.23241450498538274,0.53617095206128562,0.85296593255046771,-0.71037822911751736,-0.48622992698154932,-0.99481404432185316,0.69249986038850864,-0.95737266019328993,-0.33642904088662129,0.044182342884107939,0.0077794647665354599,-0.1805290165603286,-0.40612997020768993
578,0.014213072513762359,-0.58726285682948198,0.76356057189823257,0.44030771945964231,-0.65096453550727817,-0.88914235770067851,-0.18844957030704057,-0.18997543684709495,-0.25439058636092504,0.93053671843213959,0.52633498887538832,0.97710412997571061,0.94655850602656111,0.94953815248227791,0.3281637425363011,-0.78933946716403169,0.061705152647530737,-0.41958278522202619,-0.52467084449260915,-0.68922361128234666
579,0.4736041811305749,-0.92982803829628269,0.25979568749491011,0.63593877206936322,0.89517686107998129,0.88645633055802642,0.44498366776163856,-0.27967606342198881,0.60372081468561323,-0.89123455054084277,-0.95109159317088166,-0.33438880948259375,0.57689569117914785,0.035032080676077104,-0.33715711507610946,0.95391807360834702,0.18650290810124104,-0.7865354904777766,0.59077378418738857,0.042480818917264518
580,0.48026603312574534,-0.88431936678161427,0.63800935876277998,0.98094757146342904,0.32341985450680988,0.23074104374412263,0.40119938888937545,-0.25843055821725769,-0.0069588583138189275,0.77649409585211737,-0.37176919957355614,-0.76430321196627871,0.31518611756975523,0.35321413430885151,-0.9717975578312954,-0.70034858922471122,0.23858289735756721,-0.092182251213629662,-0.70730540234842021,0.49114610993918206
581,0.11781246629598296,-0.73958947801274633,0.64233273351842968,0.1138623179492515,-0.86455853469140553,-0.87800966665438218,-0.89630304581024656,0.74572507369309315,-0.26633357458718598,-0.63316102152792664,-0.94265644406687343,-0.36112230831436465,0.50886931144107717,0.48650756677093132,0.2873030801090144,0.46602209504340064,-0.59170043415771967,-0.82649687459858034,0.47457936824756031,-0.30641592564842357
582,0.4456969412236127,-0.69940542994483779,0.73716673663220789,0.41730077197242221,0.52185320675703006,-0.037999390823086454,0.88816016112380791,-0.99269978116887558,-0.14803270686100345,0.42073269197598839,-0.87169176909960844,0.93887692770620079,0.60696038234657368,0.09226147230135906,-0.33977005054009735,0.33064587645628696,0.57833618208268778,0.68591744656757281,-0.81953382562159938,0.84056758571050771
583,0.18911468265280518,-0.29891301243202406,0.96756529361711552,0.46721250927977409,0.28716733376414538,0.20176620535196155,-0.32071577252656369,0.78827373498329778,-0.89811461940028825,-0.93003298889673691,0.05464202171269994,-0.12878234272429046,0.14130054355830435,0.81288718350334555,-0.23504001724712231,0.90527000918081368,-0.94424756266511101,-0.50719681413761175,0.76326979832150554,0.020720301855170264
584,0.05318326947923957,-0.76332359765831392,0.6854852689000408,0.20630682131515155,-0.66965878924904931,0.21901210255512882,0.026752758252435616,0.7177536653112182,0.47835988806058327,-0.68260326021960993,-0.10380756833941951,-0.66498210068975649,-0.52230160814194226,0.63228681230186212,0.66639327747033028,-0.93053729482713066,0.18194052398103344,0.95649126580599875,-0.28596256640223805,0.71346503378331705
585,-0.062050570548737749,-0.48849107253218693,0.91040421671318428,0.4012907507222061,-0.37800098748150979,-0.86194545728647376,0.77628831128947762,-0.44959571747138294,0.22133495224628552,-0.93328702786844708,-0.63619290883349033,-0.49550711662575964,-0.90539481013536549,0.088772950309340848,-0.13566628930124369,-0.53501783329388308,0.11610292526006116,0.50888669685300147,0.32399704817555453,0.70662856177081035
586,0.9011508966447217,-0.56227078314351497,0.92350598533289818,0.49829177995387597,0.58798676308757902,-0.92201806328328662,0.50650822846423904,0.60763713109021045,0.80849192387474944,-0.20127044035576636,-0.25741703925290582,0.36456392739020904,0.24890198598709667,0.48252796282867494,-0.71853286519574278,0.75477795299406614,0.44810860478133163,-0.17511220115864412,-0.94743935874304164,-0.052680007461594958
587,0.023945606061723357,-0.94644964824680144,0.68256265168812602,0.72610263066753178,0.45229982648713762,-0.021522834422817549,-0.52213615350958675,-0.40014517707168484,0.97825450986314055,0.88038420235441994,0.112521866594818,-0.91155790187438623,0.66987577240118013,0.36059595590334292,-0.987734235247264,0.084624070061101619,-0.42754694473596766,-0.53046512285283143,0.81931640851952525,-0.92145049741515184
588,0.46530294678414874,-0.41114939620453717,0.8664193716884474,0.61260664379581975,0.3185021538584456,-0.097843193973647491,0.33294883607572889,0.10374669578810858,0.60110595859547966,0.15573122836469477,-0.66434762946882198,-0.57702080078164419,-0.76836950190155973,0.87697350235813953,0.51497029968116492,0.88438074363351182,0.12924222480901215,-0.58351055105460725,-0.19482787944281355,0.57104672084711905
589,0.086799660499391917,-0.46756400599008674,0.79356549980048086,0.28799744785973869,0.22349182379397137,0.5642787772032325,-0.54622663527808246,-0.93626724921803084,-0.3583256082652293,-0.69613533391247806,-0.63513943843434872,-0.0075099293073828122,-0.26765232183172416,0.95990233596130747,-0.080533782950335864,0.38393380061069871,-0.52108424875870973,-0.40972215773130038,-0.080011220218885626,0.018774565747639693
590,0.030714875874160219,-0.64280623945419713,0.60520146655769125,0.26010605923446772,-0.44359174595762019,-0.12989727856353439,-0.083744252512737649,0.11964976827371587,-0.27002226581863198,0.494439189949198,0.65171132797701792,-0.50874194069070855,0.95071571757286666,0.99275053625064524,-0.87433262072297757,0.019604638077129977,-0.23325992713057375,0.60602432283451635,0.75265831197094291,-0.48102671167596212
591,0.79499234418992248,-0.67221556604357358,0.73551457785434571,0.81375373210998592,-0.41764055382617693,-0.94531677199244935,0.93376687681373016,0.034585784006817555,0.45868959932903697,0.93905182417347999,0.20443272413926783,-0.50914575084236113,-0.11664011339394276,0.88361559459334105,-0.59652409537921169,0.21499432826100007,-0.3593795577123422,0.40348477829722618,0.67146836677406951,-0.80336632357712401
592,0.21237993923460108,-0.60033693009634281,0.85176408434898776,0.82653749982096403,0.58987068476873117,-0.95552202639561123,0.81852095552723569,-0.41440537493801166,-0.76234303223421263,-0.11431428525397602,-0.66066813242806677,0.45935610931288751,-0.50327534989320677,0.0057273113790439201,-0.063265675241723329,-0.25688261298956094,-0.92709429919600805,-0.55842940236451311,-0.01712905276626131,0.89624342509516519
593,0.29980483440181693,-0.75556028940968134,0.79433619652635445,0.18682751561081945,-0.98266817537806483,0.036651713878043335,0.091093893188008535,-0.93800261079468972,0.33477213908158876,-0.54352037699231115,0.21129146162116452,-0.41278854499139728,-0.63046903078271899,0.60595374550036207,-0.26179461316515207,0.27134730592273359,0.98356983449186419,-0.15623274561578904,-0.34766517689724563,-0.12781693566083274
594,0.91145993075372345,-0.8667440279405878,0.56880683205561122,0.83636183635938299,0.77997307520365577,0.073221478198360668,0.58636872611041069,0.84464942785881236,-0.43343099188512624,-0.87433296486833134,-0.067736659568279123,0.52200821678952547,0.63738433584025689,0.8119381023071417,-0.13629657090838077,0.9464058557371835,-0.62588561802465192,0.24829418623270527,0.20530443151774258,-0.56252808847529701
595,0.32609746391624328,-0.81957550414867852,0.67339041702501223,0.91214226975816337,0.75602007542194838,-0.93953359710127127,-0.052113443165888729,0.47943898070219193,-0.06176396814566254,-0.76234495117155654,0.92119592387281668,-0.34745700104062394,0.30202093471818703,0.24683415455425228,0.63796753180728794,0.69059057522962397,-0.66713578644590976,-0.56384511201531939,0.77719538802460009,0.80955624457914488
596,0.26197778644909198,-0.75376213619416133,0.33416455115230037,0.80910904480400148,0.53337468064909554,-0.80697950429812715,0.99283703377054566,-0.44788004704540652,0.14007751111700206,0.52747916702037601,-0.93873517462275924,-0.38714250553837126,0.61418434010770029,0.033622737770827138,0.18205374476162239,0.25956043360287473,-0.74988196878362867,0.4255741992565798,-0.19578962484004836,-0.7827521252948304
597,0.51083951011086404,-0.99164450160890794,0.61107503755860071,0.33745467550637676,-0.42588828868782413,0.20352027833095132,-0.76467541460978738,0.57681415554309123,-0.14632638962436184,-0.84725568212989355,0.19263723120080867,-0.66982756169805113,-0.14689955199435989,0.82860998091963256,-0.67707335223537934,-0.84598097766072944,-0.64119928853422326,0.31400204778232998,0.41348329480804025,0.98374035465697007
598,0.69815377431993997,-0.89031654493326151,0.82614521542662911,0.25528414070182581,0.31464268783359084,-0.92771049729510935,-0.63971721696255757,-0.49838711478937636,-0.67248171842086868,0.76071924241531841,0.35109820902934996,-0.94026460756410701,-0.77755703780798302,0.82109445014902649,0.91832021935341812,0.44640322141798072,-0.547066448546637,0.36635022437210552,-0.41167728047161822,0.74642534090562784
599,0.049709674743511956,-0.82358032934103198,0.6630156988997431,0.33142447047598944,0.5776007756890742,0.79508898642129089,0.82097800902493301,-0.85365627873594785,-0.40942645552436163,-0.45884529899278803,-0.73376621713314272,0.86711500488668336,0.98156350104796863,0.63704374871867242,-0.060588746050364017,-0.5321491044533655,-0.64128017083898037,-0.83610495659556294,-0.32491168169265872,0.78268990568266306
600,0.13097631361221929,-0.8082305579119915,0.77437521163755063,0.31431889848468098,0.79970420197337,0.09563779836513131,0.75523516489437381,-0.80584047886818211,-0.4201592246686312,-0.037437572261613594,0.056628581374915221,-0.88679458946530998,0.75636984040400246,0.32507776578059144,0.98659606779306874,0.43640426658305453,-0.6991908531768285,-0.041198586209115096,-0.54191475595679162,-0.47898991229491328
601,0.10021161709795745,-0.74460937306701136,0.99483626387822377,0.41394327328801483,-0.2388383461231991,-0.8620604328673187,0.58869171436456558,-0.67703724235152474,0.057259199072299038,-0.96092786425571108,-0.062240760950657004,-0.37883135695424652,-0.97012646490448784,0.90344574144077749,0.49501482507183736,-0.76827064914758081,-0.86496922183445868,0.38845983339360091,-0.74373427495231992,0.30332583035177074
602,0.014213072513762359,-0.58726285682948198,0.76356057189823257,0.44030771945964231,-0.65096453550727817,-0.88914235770067851,-0.18844957030704057,-0.18997543684709495,-0.25439058636092504,0.93053671843213959,0.52633498887538832,0.97710412997571061,0.94655850602656111,0.94953815248227791,0.3281637425363011,-0.78933946716403169,0.061705152647530737,-0.41958278522202619,-0.52467084449260915,-0.68922361128234666
603,0.29044543107304577,-0.69104121511221206,0.8929907724255044,0.51731004247739332,-0.55985012948441049,-0.13071335018254882,0.71433095975598793,-0.27335445846778961,0.74771525321091925,-0.023871724009729478,0.69830331238098919,-0.3903280194973644,0.23518135492153802,0.18585783139849266,-0.51857815786775863,-0.47848696697548254,0.22584407694756492,0.5105748765313618,0.55252937150979475,0.10054706729241247
604,0.071680047681271342,-0.42490854882387996,0.64549515145427194,0.78542131498329404,-0.25042527851266816,-0.97848410940246033,0.043764058325664212,-0.77924846019934213,0.18113612105604426,0.21691233972662793,-0.88805535618971421,-0.58558317965290696,0.090163948408538808,0.89199341125120157,0.95593711442578,-0.13193672584419436,0.11426648235561943,-0.33780207584280619,-0.11211639149939345,0.80551802694769759
605,0.049709674743511956,-0.82358032934103198,0.6630156988997431,0.33142447047598944,0.5776007756890742,0.79508898642129089,0.82097800902493301,-0.85365627873594785,-0.40942645552436163,-0.45884529899278803,-0.73376621713314272,0.86711500488668336,0.98156350104796863,0.63704374871867242,-0.060588746050364017,-0.5321491044533655,-0.64128017083898037,-0.83610495659556294,-0.32491168169265872,0.78268990568266306
606,0.75456237805682225,-0.96479466914376455,0.95164931197422042,0.88904006127290347,-0.19076875268390592,0.06355696044087078,-0.66558071265044516,-0.69831657469509967,-0.62036416983853027,0.042220989666810427,-0.58037067461547576,0.075707568768064615,-0.28225255717528452,0.95938706259260997,-0.2997755297267124,0.7160175230363528,-0.084263088378088158,0.53504642156499371,0.56686469154306529,-0.43140109130677118
607,0.26197778644909198,-0.75376213619416133,0.33416455115230037,0.80910904480400148,0.53337468064909554,-0.80697950429812715,0.99283703377054566,-0.44788004704540652,0.14007751111700206,0.52747916702037601,-0.93873517462275924,-0.38714250553837126,0.61418434010770029,0.033622737770827138,0.18205374476162239,0.25956043360287473,-0.74988196878362867,0.4255741992565798,-0.19578962484004836,-0.7827521252948304
608,-0.051139868607348316,-0.67980177683353249,0.65970760482287294,0.63797301157567321,-0.061041434570451303,-0.7722897223373606,-0.071768820590538462,-0.060786060613494008,-0.070168675675974956,-0.16510179015420556,-0.63782722011272419,0.51789307419271013,0.37176910404826935,0.24810575795460976,-0.48925307077285485,-0.091014336218088188,0.18571297453217839,-0.54256296434633589,-0.40927144140256821,0.73628777939530976
609,0.61867115329992983,-0.96006913690691764,0.27053690815002374,0.4620028422694944,-0.49704840926172444,0.33845356107923275,0.31228159992233717,-0.62806369686337216,-0.35369876567448211,-0.75870714015679175,-0.74612331748569538,0.28307266181740043,-0.56726713012506425,0.63859379136934491,-0.44729072070158105,0.34128591099205052,-0.35350383325357804,-0.29990548815444318,0.87376392707036143,0.61888905082614309
610,0.34235086069683107,-0.56861046275696059,0.65058383556517629,0.94323650997152053,0.57344832429529391,0.38900115230094601,-0.067009363094616026,0.25728958877801089,-0.24553892244540032,-0.89313647776113392,-0.11379733037734785,-0.18626739816886428,0.22831201929561074,0.32346212940069852,0.58008255054283842,0.42337822197615704,0.57141477334910951,-0.94244480319679358,0.55621468753889358,0.78623864737893601
611,0.043186927965385813,-0.31568187102009015,0.64529907743444004,0.40310134493611027,0.40505895028580308,0.29051385653274497,0.62578710127859583,0.95740709492385734,0.085168027660061041,-0.61856876120633197,-0.85946737084218627,0.21229192148610165,-0.48257333559919746,0.29983157508175884,0.90700025543361762,0.98757173812636978,-0.29927629413108381,-0.6174274394538628,0.5356743814588627,0.37519811981608453
612,0.68412994536745764,-0.39509628463962243,0.94700701303052659,0.99484531741515081,-0.51268905184583624,0.067280848571212859,-0.50797692740183487,0.37437395009754026,-0.16701064870416849,-0.52717417399453415,-0.4286153927124392,0.67080064418589092,0.70638435473461447,0.88922786130722842,-0.70171215087706651,0.83845944049478072,-0.80685958628294174,0.38871142534203984,-0.0081018182403012062,0.97094503705759183
613,0.29371760281586279,-0.84964188347644676,0.71688988516463592,0.24954562912368528,-0.30954406995312866,0.71387528073152406,-0.092467725411953028,0.3208759824498526,-0.066844351262699719,-0.8975880490363668,-0.92302609133094426,0.035114803740684319,0.42998343268760775,0.99348154146425705,-0.72500797935722594,0.23385608792951773,-0.60976989877853316,-0.53573593048440404,-0.82242198311205317,-0.39483617637651691
614,0.020510836397819032,-0.62647275933750879,0.34816774755474555,0.10160802625628307,0.59099037759705531,0.92280325036057542,0.35880379363772197,-0.06740325244298262,-0.47400729514721229,-0.91734546586460586,-0.43375459109672265,0.21210827236402463,-0.7309856925194278,0.86221947820939526,-0.059480352488489929,-0.40141901467189389,-0.84283712579704906,0.31094668456668728,0.87226461504728836,0.051361702235805939
615,0.030714875874160219,-0.64280623945419713,0.60520146655769125,0.26010605923446772,-0.44359174595762019,-0.12989727856353439,-0.083744252512737649,0.11964976827371587,-0.27002226581863198,0.494439189949198,0.65171132797701792,-0.50874194069070855,0.95071571757286666,0.99275053625064524,-0.87433262072297757,0.019604638077129977,-0.23325992713057375,0.60602432283451635,0.75265831197094291,-0.48102671167596212
616,0.020400007513078799,-0.74664745425313228,0.45240628846777309,0.14874606073727015,-0.3327554159965449,-0.96558832402569394,0.20398477995210951,0.61390294343275942,0.014596501398241202,-0.84946961683377564,-0.0075242107172102113,-0.24228289557591554,0.67960165116948046,0.068379080878594012,-0.87983810295397102,0.66217811743730914,-0.59147841153011727,0.25000514356651182,0.67302079382765756,-0.5096286342219345
617,0.023945606061723357,-0.94644964824680144,0.68256265168812602,0.72610263066753178,0.45229982648713762,-0.021522834422817549,-0.52213615350958675,-0.40014517707168484,0.97825450986314055,0.88038420235441994,0.112521866594818,-0.91155790187438623,0.66987577240118013,0.36059595590334292,-0.987734235247264,0.084624070061101619,-0.42754694473596766,-0.53046512285283143,0.81931640851952525,-0.92145049741515184
618,0.0041421135532566655,-0.41155195967313363,0.56933141616398708,0.37310604662478086,0.82012743582506764,0.52261358037496453,0.57647179521033109,-0.72253055265272303,0.23429984575269414,-0.10045094217345008,-0.74691006228485701,-0.46943634301978077,0.052129197050813536,0.60696028535063307,-0.37581487609996267,-0.95928419156655287,0.20877837841524438,-0.40672173166848613,-0.52169419790795479,0.73756917689021217
619,0.4481638067396605,-0.54612142062671509,0.46314356653455979,0.91597859112843105,-0.75240939140459884,-0.80152373942792243,0.12824830729060532,0.52351011918616108,-0.67519319824057122,-0.33730934032144,-0.45928737462069558,0.83334051664044462,0.42150102347277008,0.64932841410699482,-0.86626979495816459,-0.78931527556020153,-0.31737124567087771,0.19817167868843488,0.68349292112009463,0.51805120195293197
620,0.30248546240585727,-0.74703100926154908,0.46436108067600479,0.47900360695875999,0.77042318259153864,-0.43584004451156289,0.85817558192597354,-0.28620627425665868,-0.44579457863428362,0.77864383146489047,-0.19977352641729929,-0.89926385332134751,0.47374996212585407,0.13281494551504425,-0.25995921369539676,0.6793382511354662,-0.7791460528382772,-0.012370636698221027,-0.22248315417376596,-0.47563120683915061
621,0.5925420733133413,-0.65965146891693394,0.43791801809069009,0.1799325723174352,-0.32615278466967279,0.98773918496478164,0.3274005499531667,0.31198110382965338,-0.59401056759010085,-0.16306407838831816,0.93982362573670364,0.34704357613458781,0.56730085535094665,0.23599968368712321,-0.25203843204684806,-0.57244716402313633,0.61454030596999276,0.81119476034662163,-0.86971734876023543,0.71129198365331137
622,-0.022703743399719256,-0.594410365827029,0.66612327991735465,0.39918036717400351,-0.20333087104350511,-0.67760563361738524,-0.69570828873253432,-0.74929099960518486,0.96978115901033113,0.83292236538019959,0.3630839005269253,-0.30808129645160709,0.85896852716807848,0.82446456391520306,-0.89500270665421766,0.11218264893292784,-0.52794651933294556,0.17885971045805626,-0.63300478677443062,-0.61772609303077175
623,0.39484914275316352,-0.55601164264421232,0.97121466236606935,0.71039437354047608,-0.20770482570598325,0.11538288714757461,0.95768611741336995,-0.37818565728547093,0.80812102152827303,-0.95709988577274241,-0.66724934174854544,0.82766202380714748,-0.22167095669212955,0.8562963815289828,-0.89461309854401461,0.57560853936462753,0.82871461406335789,0.23327961421568122,0.19045263099120513,-0.17258936705568773
624,0.36189505829526758,-0.75755927042248361,0.86113422375364213,0.96172615129598715,0.46579612956795091,0.10313765789890206,0.9374974942219898,-0.48983952506620776,0.92245393734093484,-0.64088676244249521,-0.98624079090105266,0.96918392922925611,-0.31325688310645528,0.26083959786177635,-0.88117523674237086,0.3776188371750957,0.71230195826789933,0.28269956359603454,0.54713140714304509,0.25339090139055687
625,0.84148996229335249,-0.53027544959956918,0.90072492061974829,0.75705079533610875,0.62635830016860483,0.39917430625731809,0.63403095102377804,-0.11066741285654103,0.79651303598300705,0.70727172459833998,-0.46636401600677968,-0.87031259492901492,-0.090357256773423433,0.67024570410722917,-0.79589219566100633,0.21406301159693308,-0.70794255142012807,0.99013735865684116,-0.83272159263208523,0.7267031715860155
626,0.049709674743511956,-0.82358032934103198,0.6630156988997431,0.33142447047598944,0.5776007756890742,0.79508898642129089,0.82097800902493301,-0.85365627873594785,-0.40942645552436163,-0.45884529899278803,-0.73376621713314272,0.86711500488668336,0.98156350104796863,0.63704374871867242,-0.060588746050364017,-0.5321491044533655,-0.64128017083898037,-0.83610495659556294,-0.32491168169265872,0.78268990568266306
627,0.8130091017938208,-0.86973841089843429,0.92367779849675591,0.53698488778198605,0.34730483463794593,-0.11720628484660778,-0.66316853059824687,-0.22986751434097941,0.26614359649170449,-0.19594326766562298,0.39022210022651005,0.056507060135926546,-0.39903611177584586,0.90159180477198264,0.027821385377069463,-0.58531115577860127,-0.98207065396555371,0.34994276852220141,0.43852481564052215,0.21898773612887257
628,0.024643183146411785,-0.71537056202181781,0.35197967541428676,0.56283412799619192,0.26178082749127296,-0.32536645736602798,0.84972432340923421,-0.15005315373877082,-0.046687238822728627,-0.17359701991752496,-0.050442291419808161,0.61093471399599641,0.0090210285687464253,0.18060230803089827,0.58986925372183041,0.66813165553412346,-0.15316302577849417,-0.75730318929488116,0.09440732462037249,-0.39081989367303827
629,0.02202195136776508,-0.76566492987927992,0.53320570031861636,0.81813473290347782,0.083169710371506111,-0.72235322200000174,-0.55897535839877399,-0.96800917372855588,0.52313909935434344,0.63841861779051534,-0.25969576075136347,0.23214009070304198,0.15424339333346437,0.32349030669212775,-0.27656652784552804,0.71543566637676603,0.96015243551352691,0.07269733217736829,0.9611736572579368,-0.88916930049633147
630,0.081161374615690285,-0.74411409025295572,0.83521303899509869,0.97576193955796664,-0.51530919126072039,0.2501879856214213,0.6616173550076041,-0.87439639928401891,-0.97471859486559342,-0.28625076070850319,0.63451966953392747,0.86580300839418767,-0.37445258466714759,0.45514902322913708,0.22036109084193467,-0.93338628433331405,-0.94574552482358198,-0.93804001616887134,-0.99722103702036868,-0.12315657633718913
631,0.71291780828588602,-0.53963814661630805,0.93731118152821646,0.97995711204481073,0.1987712330099447,-0.28685492288418968,0.88278714553448734,-0.47380343255807045,-0.70399890791194841,0.13947574758317871,-0.53946796145481524,0.83098169712697523,0.0048789401887452399,0.59066726124057212,-0.4833470776056854,-0.33561037627051005,0.77667386779608849,0.0022331848979266766,-0.33538082654450441,0.73665503592677783
632,0.048169891950036181,-0.37788753074414871,0.43032526429532059,0.3513269074714811,-0.18552792899508042,-0.38419138358222815,0.29885621248560201,-0.57227803729226423,0.99365688024826926,-0.83690927878631216,0.36160575468433365,0.19905494276408375,0.64294814046505389,0.78464132814781284,-0.72175505117657046,0.87640498870641492,-0.43656205177158602,-0.51907822320561636,0.02925184710020301,0.32920331616829923
633,0.14776166933805035,-0.8945910739752474,0.69533068024125688,0.44185334980795266,-0.54246356075978586,0.66224053598757493,0.37821201643687119,-0.70434720258483385,-0.1912156771182405,-0.073776930073794933,0.3099176013015188,-0.13322276976864567,0.69580372110937616,0.65033399715557239,-0.41117842271266536,-0.51811165160879269,-0.57610741163020962,0.30001717987023668,-0.9367516777900522,-0.51633108396933425
634,0.75643671518436073,-0.61838685879069155,0.66858465294938441,0.30562733189345992,0.13188177778739485,-0.58973585975171705,0.46539994675373464,-0.72356413924638874,0.030925756031413343,0.80100836207858617,-0.51206649603972521,-0.44102418003821198,-0.43960397652491978,0.56796312947008132,-0.99763412531856299,0.56049026928146106,0.8597687307159787,0.20287920550365435,-0.4211457592517871,-0.35686889187910986
635,0.0054339529040428047,-0.810748161316585,0.48664696903593896,0.57373292212999694,-0.58154943738104037,0.09050364407012701,-0.41014826665942783,0.97707987841479516,-0.79940548482670315,-0.9773925032477504,0.53474081799193618,0.13173299700343266,0.29263605777235302,0.16990276608700317,-0.50683952707333613,0.1556452349423334,0.098714305767184873,0.98513188776785832,0.98469438318306701,-0.67305781585149793
636,0.26197778644909198,-0.75376213619416133,0.33416455115230037,0.80910904480400148,0.53337468064909554,-0.80697950429812715,0.99283703377054566,-0.44788004704540652,0.14007751111700206,0.52747916702037601,-0.93873517462275924,-0.38714250553837126,0.61418434010770029,0.033622737770827138,0.18205374476162239,0.25956043360287473,-0.74988196878362867,0.4255741992565798,-0.19578962484004836,-0.7827521252948304
637,0.0094549669081016585,-0.89442329063918646,0.38065858330886559,0.58727312221527272,-0.62161866478816119,-0.21203751822664407,-0.39025792780520629,0.91427131985975607,0.99013485403257007,-0.63690802898138377,0.4055177022134806,0.36672406667326385,0.93685937173371236,0.72248370876796475,-0.001302873303001606,-0.4713137465991597,0.54578673640087172,-0.41885316157611863,0.81206044346591422,-0.63289072658116474
638,0.046711551235716353,-0.60158398145062209,0.78710729750349273,0.14436714422230801,0.83237752154416755,-0.71484998141856115,-0.36960783319319801,-0.74659605283927366,-0.75358926679372873,-0.040156246588070266,-0.56414556432423657,0.083992956798586871,0.89984357892044531,0.96812973753005549,-0.47716280227313823,-0.7000227837490145,0.102721397343843,0.35747634686194618,-0.9024603293183715,0.11837128783784623
639,0.31681487993883928,-0.87826471989626098,0.41545875035581048,0.27301267775288429,0.91174813592120363,-0.86599370228747552,0.57218650203466903,-0.23241450498538274,0.53617095206128562,0.85296593255046771,-0.71037822911751736,-0.48622992698154932,-0.99481404432185316,0.69249986038850864,-0.95737266019328993,-0.33642904088662129,0.044182342884107939,0.0077794647665354599,-0.1805290165603286,-0.40612997020768993
640,0.91145993075372345,-0.8667440279405878,0.56880683205561122,0.83636183635938299,0.77997307520365577,0.073221478198360668,0.58636872611041069,0.84464942785881236,-0.43343099188512624,-0.87433296486833134,-0.067736659568279123,0.52200821678952547,0.63738433584025689,0.8119381023071417,-0.13629657090838077,0.9464058557371835,-0.62588561802465192,0.24829418623270527,0.20530443151774258,-0.56252808847529701
641,0.024643183146411785,-0.71537056202181781,0.35197967541428676,0.56283412799619192,0.26178082749127296,-0.32536645736602798,0.84972432340923421,-0.15005315373877082,-0.046687238822728627,-0.17359701991752496,-0.050442291419808161,0.61093471399599641,0.0090210285687464253,0.18060230803089827,0.58986925372183041,0.66813165553412346,-0.15316302577849417,-0.75730318929488116,0.09440732462037249,-0.39081989367303827
642,0.29943036639184495,-0.68542748150154686,0.64121884782450334,0.87683760575489655,0.065290193545197495,-0.49303486134567409,0.32489671868130632,0.94847823625258409,-0.36219504633042154,0.98970424089863451,-0.26748082294523856,0.28304444528760553,-0.61236263126943968,0.29889452707712993,-0.90615267598061533,0.36650288582360258,0.83978552062760037,-0.026762754465559979,0.84424274409528688,-0.27307682978353731
643,-0.03029494668327315,-0.6914689293583125,0.44396184253391691,0.89364534187237354,0.2077813146566716,-0.39915239973669081,-0.71947618071924246,0.32750438584147212,0.90272646275763591,-0.94127020004849471,-0.59457301027109533,-0.84008759437377534,-0.6816953687865539,0.70202160977842132,-0.49104652402664861,0.28528071524419008,-0.88351636782819321,0.35637975395759192,-0.6737170346862511,0.49088773005414321
644,0.020400007513078799,-0.74664745425313228,0.45240628846777309,0.14874606073727015,-0.3327554159965449,-0.96558832402569394,0.20398477995210951,0.61390294343275942,0.014596501398241202,-0.84946961683377564,-0.0075242107172102113,-0.24228289557591554,0.67960165116948046,0.068379080878594012,-0.87983810295397102,0.66217811743730914,-0.59147841153011727,0.25000514356651182,0.67302079382765756,-0.5096286342219345
645,0.16153191285906265,-0.61506675273153233,0.69263495608927839,0.39438836246622144,0.44450128926584886,-0.79571558983391388,0.94218195550913242,0.069183243964507479,-0.37582648272410912,0.54459860754390244,-0.9383478650984538,-0.46617077001793361,-0.879117434678651,0.65530848250004281,-0.71173031627891414,-0.18648830264837679,0.60401150664587133,0.8916143315555749,-0.36189873664632977,0.97148674449314898
646,0.34328391652351176,-0.77023429171475599,0.51096574629210867,0.88887356010221041,0.56056926649279815,-0.95783799261107494,-0.96573642477769539,-0.1264640111680313,0.71942023352679585,0.91305956520535814,-0.77532378673528513,0.17141302841677186,-0.33695125689820515,0.87916134617630992,0.2361285393411261,-0.55789269368841876,0.16079375365667237,0.96845875375502177,-0.61345797389035228,-0.96993980010671099
647,0.29044112375163222,-0.46172297038865584,0.78398116295667797,0.69808563989378269,-0.061664348430154448,-0.63475834544544707,0.74738821374280939,-0.80813493493770205,0.11386229621196464,-0.1237185384693773,-0.49225393158487174,0.84180548074838346,0.39894504032465683,0.36156989251639549,-0.072018952580286122,0.72890371706758361,-0.76636479960626724,-0.47745949182829106,0.16593754895521085,0.40277343006450028
648,0.046711551235716353,-0.60158398145062209,0.78710729750349273,0.14436714422230801,0.83237752154416755,-0.71484998141856115,-0.36960783319319801,-0.74659605283927366,-0.75358926679372873,-0.040156246588070266,-0.56414556432423657,0.083992956798586871,0.89984357892044531,0.96812973753005549,-0.47716280227313823,-0.7000227837490145,0.102721397343843,0.35747634686194618,-0.9024603293183715,0.11837128783784623
649,0.043523289665837295,-0.5885470377589499,0.62851741314615928,0.9039664993618286,-0.99107856785483883,-0.33795764741908929,0.15065496187368055,-0.2962922160261463,0.81305100736672187,0.2504211069747766,0.6504911812193499,0.9382402234303282,0.91543179565685628,0.70526765511336587,-0.1953387813394809,-0.80785643891790304,0.44677497178114733,-0.87043932191459272,0.52504406401712789,-0.20939731238246551
650,0.27057336088986128,-0.8937899255609667,0.78578806048861294,0.86421926054360876,0.62306081858477724,0.20020250044937682,0.63644602675384943,0.70867931735387413,0.58883852725996477,-0.14531012466714022,0.45832697338382533,0.27140938902242939,0.42755725455041782,-0.045269158916668717,-0.43532314693546525,0.8975645591361312,0.015234044147692583,-0.26173507863304524,0.56431526883607064,-0.72219416299570827
651,0.085956927260801175,-0.66344039199590288,0.46534742326907663,0.31694655421061158,-0.31719492800997751,-0.5752210810767604,-0.8329360337317695,0.077694007822285416,0.33663351661641028,0.99814174306021664,-0.26574554995800614,-0.89241232987890906,0.8028114364949126,-0.017513647681512978,0.24408027806789501,0.99785020635125443,-0.82550859300484425,0.76512396242832126,-0.85781093751512705,-0.27340156450917652
652,0.83326629951507725,-0.82033469422182259,0.808771639459132,0.67399856940036451,-0.70650555300341922,-0.20245447094217317,0.56088227556747561,-0.051549442017357894,-0.75358492005665689,0.073259606863527393,-0.2386350601125522,-0.99010186294271563,0.79571729867827301,0.18196769484570297,-0.78271230047135965,0.69665842207672934,0.3546003738301251,-0.90311592179322298,0.67965598424990881,-0.72176892402192361
653,0.16654080910335223,-0.74310239503952569,0.50621928086906087,0.50465091823288666,0.54692275178459671,0.57751442219609683,0.57047683716914133,-0.48789245725721808,-0.38101474504338051,-0.97633203144014247,-0.47148647226341334,-0.45748656567634471,0.30382176831271956,0.91343893122866682,-0.014466109103175251,0.64939772194890999,0.34273517879557969,-0.61026668652701943,-0.75874797537889216,-0.76213315954666827
654,0.21662920047912548,-0.76731754089028748,0.70543574899534711,0.50368481170485979,0.06654808142368851,0.69578049582899881,0.48810918200554188,-0.15468347658303339,-0.5794443684987205,0.89061195417039496,-0.36561692629615861,-0.5429765108756841,0.68366648709533573,0.093946242810303726,-0.69084611070209756,-0.033940567074021599,0.59963563331388459,0.56624474580047424,-0.88538489854034674,-0.12066310496843391
655,0.093414358416839205,-0.8695759330015671,0.98773658042323631,0.22454087787222954,0.40722783039559096,0.62709841231548835,0.1026934297162907,-0.28299666117185929,-0.98044622156975936,0.60692840103746826,0.39719456063809089,-0.60674755617941911,0.76782142589413049,0.85178373530987139,0.93274916302519517,-0.74994260725899786,0.1679084039304588,-0.13761601497550879,-0.91337237124600779,0.0046070448698607436
656,0.093961876596160288,-0.90038269418893124,0.55099979407348565,0.92160511559143199,0.11499391629404121,0.36445862253724282,0.25158784009653634,0.14632046673340438,0.8213914668432476,-0.018348185961863273,0.37512157676481794,-0.36425121553606776,0.3078024474667056,0.02712130973606719,0.18042016747565359,0.69584417564021139,0.5530505544014126,0.22408835324222531,-0.41711511552591896,-0.31545801199819312
657,0.16153191285906265,-0.61506675273153233,0.69263495608927839,0.39438836246622144,0.44450128926584886,-0.79571558983391388,0.94218195550913242,0.069183243964507479,-0.37582648272410912,0.54459860754390244,-0.9383478650984538,-0.46617077001793361,-0.879117434678651,0.65530848250004281,-0.71173031627891414,-0.18648830264837679,0.60401150664587133,0.8916143315555749,-0.36189873664632977,0.97148674449314898
658,0.63623400682585318,-0.77536295402460387,0.67459892424708778,0.43109449193206495,0.053937374967274909,-0.58401316876699516,0.66600424966930327,-0.34846490442363298,0.94695743219031003,-0.35349893899899287,0.74746363681611983,-0.48850859258120227,-0.96216452151251119,0.46299896114275585,-0.79327648591501165,-0.0095303183501014299,-0.73224908101020159,-0.97593851673267928,-0.11538646096641081,-0.48287120037263431
659,0.25205776500457899,-0.91390039367273057,0.8461628719802845,0.8113888037151531,0.22915882409831423,0.28548329914797432,-0.75490905503253924,-0.11445472610367879,-0.053448091180756663,0.69713792098141547,-0.99057338663670658,-0.76618909941412139,-0.053916866151261011,0.87514819446695813,-0.081684956515353679,-0.078072224793851008,0.38149117655323961,0.60397151875869293,-0.67855317554355987,0.37340597565925893
660,0.0041421135532566655,-0.41155195967313363,0.56933141616398708,0.37310604662478086,0.82012743582506764,0.52261358037496453,0.57647179521033109,-0.72253055265272303,0.23429984575269414,-0.10045094217345008,-0.74691006228485701,-0.46943634301978077,0.052129197050813536,0.60696028535063307,-0.37581487609996267,-0.95928419156655287,0.20877837841524438,-0.40672173166848613,-0.52169419790795479,0.73756917689021217
661,0.88496621245212403,-0.64978261085821121,0.59694403903964055,0.70532154401338221,0.91560068184850385,-0.41516760771428696,-0.10957397711640393,-0.24633048704365557,0.63512280591092019,-0.049445466801597338,-0.53727831288190608,-0.18439421969372849,0.22435847694015321,0.71932707259697959,-0.78055699697447456,-0.5325224913095139,0.44238446735926362,0.74833674995539479,-0.93948090570736476,0.3744001877956793
662,0.38912834188264878,-0.73687160649177041,0.55397800309594225,0.62406683035361254,-0.75666863042074928,0.52968492307454507,0.13655216479291354,-0.51558042292021544,0.87530488302090337,-0.63291252905943396,-0.90069146327994387,-0.85971702180190213,0.17990850376827039,0.54525268464149068,-0.94163735806038962,0.33435881432485948,0.61363540197501498,-0.33521066521757081,0.19884371459105288,-0.62011687551380223
663,0.26197778644909198,-0.75376213619416133,0.33416455115230037,0.80910904480400148,0.53337468064909554,-0.80697950429812715,0.99283703377054566,-0.44788004704540652,0.14007751111700206,0.52747916702037601,-0.93873517462275924,-0.38714250553837126,0.61418434010770029,0.033622737770827138,0.18205374476162239,0.25956043360287473,-0.74988196878362867,0.4255741992565798,-0.19578962484004836,-0.7827521252948304
664,0.026669686696967343,-0.84285240578701659,0.49350101610903696,0.38474599867990755,-0.72167479538718271,0.94423367440701744,-0.32697754627619258,0.30936913317797243,-0.8987798452182163,-0.6560630499137583,-0.64981148438107117,-0.074665051286499695,-0.04680670298710421,0.45068966586419235,-0.088512924242931224,-0.86015343072758577,0.84244463812927939,-0.80557278612968153,-0.14572072079066634,-0.12810962488499777
665,0.03394272510171592,-0.63047043453986484,0.38381360333544312,0.54081802389356515,0.70567116578958045,-0.05397575083099615,0.029010020129859093,-0.54736393058042032,-0.62392598750865202,-0.3388584641484238,-0.67891152787452813,-0.36407506428036451,-0.063813231300414275,0.061317166106905407,-0.061544492097886483,0.73159852228863542,0.74954502785537391,0.90525056631822842,0.20114415460941659,0.27527718971037229
666,0.98816564856546329,-0.67236788525680091,0.99174664945982971,0.13610819889937842,0.76156259593411368,-0.85444489652316746,0.94541772215980191,-0.088112116239170923,-0.31822954655995384,-0.75498627039495969,-0.5852059398254863,0.13601271398453862,0.12799766633313925,0.54972779731280874,-0.0062347778542251042,0.29450316036158353,-0.41339989728776416,0.29407031435387254,0.37611862071889401,0.033245559905951572
667,0.073818310121918085,-0.65579939634531814,0.61355169076816507,-0.0069269764892778696,0.15793948842647065,-0.95162547740468262,0.74652113549005539,0.74126167789925868,0.95446651510518299,0.60194189493298489,-0.63817478731042065,-0.72921684794980757,0.52663945869238149,0.55713792834767206,-0.59916914799123,-0.55631611040197226,0.41828920296045968,-0.50496495900015526,0.37499800376499515,0.66436271237200328
668,0.18921152873260327,-0.58547206480199221,0.97126920080144608,0.79502254554026952,0.44049107152950828,-0.78770809692780763,0.71813119105064782,0.45636815090064586,0.15852058925891765,0.14605876430406983,-0.84441878548409477,-0.10745711443820927,0.73141896819173491,0.83893643768753723,-0.87471697413436011,-0.31762815128289401,0.8266570280049701,-0.76496110623492908,-0.070635587603372407,0.04582926476112803
669,-0.10838987628191488,-0.73526474844747858,0.75000824565756918,0.92700938674792388,0.40412879313110817,0.55190570106861436,-0.18168455388962013,0.11207805118885794,-0.10204744515804642,-0.95491864776412916,-0.57642605029696092,-0.51833876674816604,0.90130747802321332,0.35345311167829885,-0.9562439356987178,-0.84780550877336447,0.26564834764775047,0.43157281107513934,0.99494259261185136,0.043497552468198197
670,0.21662920047912548,-0.76731754089028748,0.70543574899534711,0.50368481170485979,0.06654808142368851,0.69578049582899881,0.48810918200554188,-0.15468347658303339,-0.5794443684987205,0.89061195417039496,-0.36561692629615861,-0.5429765108756841,0.68366648709533573,0.093946242810303726,-0.69084611070209756,-0.033940567074021599,0.59963563331388459,0.56624474580047424,-0.88538489854034674,-0.12066310496843391
671,0.090131997100489913,-0.61512756159911341,0.80340929827462904,0.34187114748895508,-0.56196447040012409,0.38737388180234311,0.88274697106227773,0.60324325084114072,-0.94801602871315982,0.76687995796572861,-0.41829874762767805,-0.41999448669153328,0.93125040704305784,0.88227459467838432,0.67497006728505715,0.43236928152979059,0.76088539775030362,0.89193735369624272,-0.49741960692017773,0.41241037479190079
672,0.0093313413983444615,-0.6185323548001771,0.67092466572552745,0.93900192770419633,0.31988182880982019,0.73014116420427921,0.83025175133891516,0.96456168379682938,-0.71480136234509861,0.32859733500289612,0.14256006176740521,-0.92046112135123548,0.46894278331079065,0.9318861111501302,-0.30761454545699563,0.83807932687143039,0.49779777772311484,-0.63141124125647852,0.1606153378231896,-0.2594714440687127
673,0.0028940940832427042,-0.8351995561495178,0.89638659359683248,0.78551233111474095,0.8570085775119809,0.2170165059665361,0.786110803412994,-0.82127031474872236,0.87323750117354826,-0.78819732527432129,0.021878514311717279,0.63030699223899944,-0.22558263910251641,0.08633585989396142,0.29774454596202937,0.14560499098753477,0.84912663284149792,-0.632187045170576,0.14454698103923658,-0.28332190326717521
674,0.40275098867821013,-0.3936575127586821,0.45021642663438399,0.91173103815892187,-0.066241171769269469,-0.396352675836952,0.58703559393643179,0.93489335068605683,0.28122933115745119,-0.13112541654385779,-0.79457600552177032,-0.47251258007289731,0.93875051292162093,0.46938613632768456,-0.97897319744530908,-0.77439645358548215,-0.09986868239584612,0.65777504115440366,0.88695186953966809,-0.088801972722511779
675,0.30549976336160412,-0.73731874669717179,0.91452689639995421,0.21884033373820877,0.13340894765614753,0.46312154888302781,-0.094839246486837503,0.15530015969249922,-0.60095986636020138,-0.4926714070393361,0.89556264517968276,-0.26165868218406407,0.67386788669114606,0.32841494635406576,-0.56997010758747102,-0.12819768573230816,0.30475274759378501,0.33417607376042691,0.47252857427015527,-0.34725468478655186
676,0.67322641559253005,-0.54525945520553787,0.74857403251648025,0.68361926154979025,0.87189404340642129,-0.65519921833004524,0.78054476955129592,-0.32569681151359742,-0.14004429414001529,0.93824945963894923,-0.88417393659929777,0.29761417685901259,-0.43491385501972157,0.62689222275441292,-0.81074399070531089,0.68140237605425558,0.71249173284608402,-0.56402242762176202,0.1138041866226045,0.39652265379471485
677,0.01267171141487311,-0.59288085155929648,0.45776347471264067,0.69881110816040204,-0.87480674977354722,-0.80984064909831299,-0.36408811446389144,0.66100574751246666,-0.53365606751278238,-0.51069408168621377,-0.37651595721977182,0.15336744244929479,0.90884100526861178,0.2736013542340312,0.27850087220254194,0.33342790243022602,-0.92997283155738475,0.48072234431873229,-0.41569798899044441,0.87635911966316526
678,0.30248546240585727,-0.74703100926154908,0.46436108067600479,0.47900360695875999,0.77042318259153864,-0.43584004451156289,0.85817558192597354,-0.28620627425665868,-0.44579457863428362,0.77864383146489047,-0.19977352641729929,-0.89926385332134751,0.47374996212585407,0.13281494551504425,-0.25995921369539676,0.6793382511354662,-0.7791460528382772,-0.012370636698221027,-0.22248315417376596,-0.47563120683915061
679,0.017144864838845475,-0.53451060677153928,0.95088978706140437,0.93223858189969788,0.045549500802075205,0.57707706473421694,-0.043307804964598073,-0.06740378082569487,-0.68594466488893779,0.49052665791345684,-0.63729439845792779,0.25813939258244045,-0.47644070226023461,0.3588872127768159,0.47493773817942686,0.17682038989123927,-0.34850166566530438,-0.45639334002500931,0.88405056971050611,-0.42058942804521715
680,0.010045590342275368,-0.2758507082593844,0.3749012673689367,0.26710069795419944,0.58887659138370552,0.49299601757702516,-0.21331238729805779,-0.81221582155305416,0.27202674802335647,0.64182886045238385,-0.5299022898365624,0.53069288327859621,0.71466014385645349,0.94039590958988772,-0.71445080260901528,0.65987605929505766,0.64137983179997327,-0.97915255785770205,-0.040357766359789604,0.10707181322012049
681,0.42072251138596917,-0.92750523316249356,0.710129209787141,0.90651384762595222,-0.89107560687739373,-0.15778477978918404,0.052659970019354629,0.80622608547999297,0.67802523536420423,0.46590725057977034,-0.50100735190785284,0.37333951383136066,-0.044723146008613268,0.93963229897610012,-0.55284343639239197,-0.074827639766682053,0.43990438577558377,0.38494328433966407,0.13344502655341195,0.87134098758743628
682,0.30350469839051786,-0.79499820975520152,0.86889692175104427,0.5070130295873001,0.75076363077840602,-0.80705274062981625,-0.27040018715336656,-0.068670970055053404,0.14500312155366135,0.98557766052338613,-0.64432561344987049,0.27947516515949911,0.67913263020106251,0.6676096357046517,0.41471557831776007,-0.88801505790975788,-0.66521665334753632,-0.62619548132276415,0.34121706003091212,0.39734452185756663
683,0.020400007513078799,-0.74664745425313228,0.45240628846777309,0.14874606073727015,-0.3327554159965449,-0.96558832402569394,0.20398477995210951,0.61390294343275942,0.014596501398241202,-0.84946961683377564,-0.0075242107172102113,-0.24228289557591554,0.67960165116948046,0.068379080878594012,-0.87983810295397102,0.66217811743730914,-0.59147841153011727,0.25000514356651182,0.67302079382765756,-0.5096286342219345
684,0.0041421135532566655,-0.41155195967313363,0.56933141616398708,0.37310604662478086,0.82012743582506764,0.52261358037496453,0.57647179521033109,-0.72253055265272303,0.23429984575269414,-0.10045094217345008,-0.74691006228485701,-0.46943634301978077,0.052129197050813536,0.60696028535063307,-0.37581487609996267,-0.95928419156655287,0.20877837841524438,-0.40672173166848613,-0.52169419790795479,0.73756917689021217
685,0.86834723121714452,-0.38562678101606362,0.64746631353192252,0.89795205866861161,0.92298387290982475,0.92300567532166022,0.43885012472920626,-0.53055770996585161,-0.61820149134755087,0.29057666703408058,0.10479960111256403,0.74507703613065357,0.52354712061368369,0.90939392223240167,-0.16739015554879733,0.41931313357188293,-0.83450009199013286,0.54899250014503531,-0.64351333636596064,-0.34266772288802483
686,0.40754147208625002,-0.94660214835018031,0.80179462804599821,0.83628176796013864,-0.27289223367912441,-0.31958802674296916,0.39379836129723311,-0.9523201722655481,-0.61627691577242794,-0.29507360311472763,-0.49369412092006715,-0.37611833624405411,0.69892217341084262,0.95119722824859076,-0.78853356594534363,0.17812553301607181,-0.10752545768067701,0.50628467648525333,-0.54290069130262553,-0.081845364222200567
687,0.28984861838315568,-0.54205676171526918,0.81955295181948484,0.33926954692187006,-0.79879210343403062,-0.98890567340446012,-0.92315837813233714,0.71209768602548196,0.81195294678380603,0.044159591775654095,-0.80450114740066736,-0.65894236178569265,0.17595329719544783,0.56661117314948739,0.11942300839882458,0.53366818381481007,-0.8586926456096684,0.821808844281676,0.40024917279622652,-0.070998041602315265
688,0.83332210723093025,-0.78896659975237649,0.68444073922259197,0.72668921175788781,-0.37361282939118445,0.14430992337753956,0.36683555663516021,-0.95114533322773176,0.27645602114363799,0.5788159888368658,-0.84660251585424207,-0.41742536095265681,0.78123303283620626,0.41164677251673054,-0.81206738694110525,0.25376051712815095,0.32825657009021958,-0.82888440101957483,0.50324450410044408,0.94925353770088461
689,0.26671320383159536,-0.83369058231535242,0.79520121301217461,0.43178349097497892,-0.63817868943763978,0.13919368112890651,-0.079362299969820471,0.42743053730138558,0.22641116660222904,0.90827668419129282,-0.84002345312810367,-0.052014065791590847,-0.41998525097631934,0.70006359486616421,-0.35815571311221661,-0.46756660770760194,-0.098805634572315615,-0.45639167910800493,0.065358506711635345,0.76576052118612781
690,0.93396151540427286,-0.41195198300039526,0.65318689007459163,0.58249085983459925,0.44146885724554874,-0.68384753262673814,0.93271113007827311,-0.51750431363085569,0.3406711369418518,0.35070272871893882,-0.76529788371190111,-0.56224721067038441,0.16586627528266695,0.10130045537389454,-0.48951303150548275,0.37265720454243301,0.56248808272604256,0.39467545733766429,-0.8554158638119902,0.43435829988358932
691,0.18921152873260327,-0.58547206480199221,0.97126920080144608,0.79502254554026952,0.44049107152950828,-0.78770809692780763,0.71813119105064782,0.45636815090064586,0.15852058925891765,0.14605876430406983,-0.84441878548409477,-0.10745711443820927,0.73141896819173491,0.83893643768753723,-0.87471697413436011,-0.31762815128289401,0.8266570280049701,-0.76496110623492908,-0.070635587603372407,0.04582926476112803
692,0.33404169956486363,-0.58291396877229684,0.96190327980412893,0.95279251603998771,-0.10936810529826424,-0.72647560309916881,0.29266748087113914,-0.30916967603308176,-0.61436622326959633,-0.98734039400824591,0.67952273187169121,-0.63369744740688172,0.94179422251420664,0.58277465011936069,-0.7287624391058376,0.56296548996143958,-0.030425892249133391,0.26585153959912255,-0.46451204419979497,0.076690169008614584
693,0.54054162607480793,-0.84430031356659496,0.59655357974239864,0.52836793938026916,0.25563638248519061,-0.27816089715557446,0.4400238324617185,0.96445250895294565,-0.95690685572462231,-0.7024255792497911,-0.27773439160831925,0.81685073553291287,-0.61224572873287864,0.40614668792308484,-0.57313402937096347,-0.52279155148633949,-0.84262215366079385,-0.49105667478859383,-0.52039806087267504,0.95877413200628192
694,0.39735371621804538,-0.80022634495966494,0.33363766733465416,0.92692385274208999,-0.49790415582670522,-0.58177186867032615,0.89603418085058228,0.74809518499392502,0.93880738770284955,0.37697177770853263,-0.91398595203417554,0.33861295949747783,0.49002191944340456,0.59636776543412395,0.56077060422939651,0.38140882461512748,-0.89410808866855973,0.29313643057503036,-0.0010852390335944762,-0.099871792996502951
695,0.090131997100489913,-0.61512756159911341,0.80340929827462904,0.34187114748895508,-0.56196447040012409,0.38737388180234311,0.88274697106227773,0.60324325084114072,-0.94801602871315982,0.76687995796572861,-0.41829874762767805,-0.41999448669153328,0.93125040704305784,0.88227459467838432,0.67497006728505715,0.43236928152979059,0.76088539775030362,0.89193735369624272,-0.49741960692017773,0.41241037479190079
696,0.039629872832069646,-0.93954205522983081,0.35348913638320845,0.82598348411775357,-0.74881821888169608,0.90846815029636407,-0.14094423390648969,-0.88138496874409999,-0.75192877098099875,-0.26813833874420956,-0.11970366582645497,-0.80365701717651006,0.80723630159507787,0.17897861190036202,0.32814805136864322,-0.78801918146369543,0.85819057787145581,-0.7864441010318346,0.43279240385741624,0.6798784842369916
697,0.03394272510171592,-0.63047043453986484,0.38381360333544312,0.54081802389356515,0.70567116578958045,-0.05397575083099615,0.029010020129859093,-0.54736393058042032,-0.62392598750865202,-0.3388584641484238,-0.67891152787452813,-0.36407506428036451,-0.063813231300414275,0.061317166106905407,-0.061544492097886483,0.73159852228863542,0.74954502785537391,0.90525056631822842,0.20114415460941659,0.27527718971037229
698,0.83069398510473325,-0.60796408377962519,0.33909854465842781,0.62906993730059058,0.42826448832034747,0.0057223470634470974,0.18806645741682648,-0.92374369457212024,-0.33989706739994907,-0.30409230563018452,-0.16450999665333121,0.23319089277648364,-0.42963576747173815,0.7301562510294024,-0.55903107584996703,-0.97660974686548929,-0.96139200959999394,0.49985805478766387,-0.849925872473144,0.71958500866189246
699,0.30248546240585727,-0.74703100926154908,0.46436108067600479,0.47900360695875999,0.77042318259153864,-0.43584004451156289,0.85817558192597354,-0.28620627425665868,-0.44579457863428362,0.77864383146489047,-0.19977352641729929,-0.89926385332134751,0.47374996212585407,0.13281494551504425,-0.25995921369539676,0.6793382511354662,-0.7791460528382772,-0.012370636698221027,-0.22248315417376596,-0.47563120683915061
700,0.049709674743511956,-0.82358032934103198,0.6630156988997431,0.33142447047598944,0.5776007756890742,0.79508898642129089,0.82097800902493301,-0.85365627873594785,-0.40942645552436163,-0.45884529899278803,-0.73376621713314272,0.86711500488668336,0.98156350104796863,0.63704374871867242,-0.060588746050364017,-0.5321491044533655,-0.64128017083898037,-0.83610495659556294,-0.32491168169265872,0.78268990568266306
701,0.02202195136776508,-0.76566492987927992,0.53320570031861636,0.81813473290347782,0.083169710371506111,-0.72235322200000174,-0.55897535839877399,-0.96800917372855588,0.52313909935434344,0.63841861779051534,-0.25969576075136347,0.23214009070304198,0.15424339333346437,0.32349030669212775,-0.27656652784552804,0.71543566637676603,0.96015243551352691,0.07269733217736829,0.9611736572579368,-0.88916930049633147
702,0.48026603312574534,-0.88431936678161427,0.63800935876277998,0.98094757146342904,0.32341985450680988,0.23074104374412263,0.40119938888937545,-0.25843055821725769,-0.0069588583138189275,0.77649409585211737,-0.37176919957355614,-0.76430321196627871,0.31518611756975523,0.35321413430885151,-0.9717975578312954,-0.70034858922471122,0.23858289735756721,-0.092182251213629662,-0.70730540234842021,0.49114610993918206
703,0.046816012614199209,-0.49766830512634996,0.91251568326220123,0.84095977755584639,0.9101123097110253,-0.58925467075788029,-0.79744851809307882,0.80816902692646009,-0.95804579396489897,0.99704901215609132,-0.38947851701818226,-0.46999162073507583,0.54480693964452986,0.94506088438388791,0.97141564709137751,-0.65655289747414058,-0.23974268951492483,0.90841508009632044,-0.075374181992244216,-0.37730010039430262
704,0.15680027596955526,-0.62126815229889787,0.71251294377033592,0.36881502914531072,-0.087706701670149601,-0.95036397636933523,-0.85894604691378618,0.64040161266859408,-0.080232045927197237,-0.68177859480608816,-0.23427500908901155,-0.020161530522826876,0.029320444684143521,0.57174440581192476,-0.54648928851445322,-0.57597304134117433,0.9501232878034771,-0.45458124236519826,0.98966522161703452,-0.51626424292636841
705,0.046335836427960908,-0.72636500081943822,0.50010056207155351,0.46290736887900596,0.016274313225304038,0.21655132840886226,0.85560150445657879,-0.21488745255036279,-0.10902562565330531,-0.28100622357641725,-0.020261524298634148,-0.57183388382930356,-0.79713555787713486,0.90697228490104509,-0.58811286757526715,0.93657694214155218,-0.73183659945612733,0.86027505219136202,0.95172155549798965,0.70027038786683438
706,0.42072251138596917,-0.92750523316249356,0.710129209787141,0.90651384762595222,-0.89107560687739373,-0.15778477978918404,0.052659970019354629,0.80622608547999297,0.67802523536420423,0.46590725057977034,-0.50100735190785284,0.37333951383136066,-0.044723146008613268,0.93963229897610012,-0.55284343639239197,-0.074827639766682053,0.43990438577558377,0.38494328433966407,0.13344502655341195,0.87134098758743628
707,0.58826954820176258,-0.9048001813694726,0.71014824120863818,0.67833317021256501,0.10802962680150729,0.068348754706249126,0.56322707021176588,-0.95729042225786531,-0.081313990622289056,0.096809956717955226,-0.40092297991631431,0.56724819187421316,-0.32779320193966877,0.50003709512430006,-0.29322683796298032,0.04395526661327942,0.92391759354040781,0.050575298191060103,-0.31990904952885879,0.75414053645435186
708,0.26197778644909198,-0.75376213619416133,0.33416455115230037,0.80910904480400148,0.53337468064909554,-0.80697950429812715,0.99283703377054566,-0.44788004704540652,0.14007751111700206,0.52747916702037601,-0.93873517462275924,-0.38714250553837126,0.61418434010770029,0.033622737770827138,0.18205374476162239,0.25956043360287473,-0.74988196878362867,0.4255741992565798,-0.19578962484004836,-0.7827521252948304
709,0.8839067110236698,-0.79297337392263745,0.67162139423868239,0.14615972367456864,0.6377363161357481,-0.25830955427711544,-0.59972459692143709,0.25847611618818944,-0.074559119332952672,0.6841915979041393,-0.62780240795080933,-0.62275331761136909,-0.32625903319257099,0.49060987335052331,-0.79417662933614852,-0.82344217838478428,-0.22202588600704787,0.8378279418423531,-0.40504786760181166,-0.11566309887102322
710,0.26197778644909198,-0.75376213619416133,0.33416455115230037,0.80910904480400148,0.53337468064909554,-0.80697950429812715,0.99283703377054566,-0.44788004704540652,0.14007751111700206,0.52747916702037601,-0.93873517462275924,-0.38714250553837126,0.61418434010770029,0.033622737770827138,0.18205374476162239,0.25956043360287473,-0.74988196878362867,0.4255741992565798,-0.19578962484004836,-0.7827521252948304
711,0.049709674743511956,-0.82358032934103198,0.6630156988997431,0.33142447047598944,0.5776007756890742,0.79508898642129089,0.82097800902493301,-0.85365627873594785,-0.40942645552436163,-0.45884529899278803,-0.73376621713314272,0.86711500488668336,0.98156350104796863,0.63704374871867242,-0.060588746050364017,-0.5321491044533655,-0.64128017083898037,-0.83610495659556294,-0.32491168169265872,0.78268990568266306
712,0.003161261560046702,-0.34846193990213625,0.56936645956285981,0.96271737796292811,-0.75897289238942744,-0.24933235829800249,0.97010678427671748,0.049246561601722583,0.37704453699490958,-0.50904284094667629,-0.22241079553919252,0.21366645089195968,0.31516797733265323,0.56436717834823047,0.12295384358312966,0.88943719440368829,-0.75914575992261302,0.68088021559438405,0.31074186489733457,0.77585364134652113
713,0.95350071304501327,-0.90789483580230423,0.62050112528413037,0.5555475254484179,-0.6026936614918379,0.53222095855365747,0.96053560589865183,0.03999044107859917,0.026860177720052336,0.24472917876590894,-0.65632621369208355,-0.94802650715598413,0.77750319522294564,0.47474923566816152,-0.93595874868866358,-0.56002503415097671,-0.65731286260917976,-0.34085828705809873,-0.017334788203589024,-0.93550074925658255
714,0.69815377431993997,-0.89031654493326151,0.82614521542662911,0.25528414070182581,0.31464268783359084,-0.92771049729510935,-0.63971721696255757,-0.49838711478937636,-0.67248171842086868,0.76071924241531841,0.35109820902934996,-0.94026460756410701,-0.77755703780798302,0.82109445014902649,0.91832021935341812,0.44640322141798072,-0.547066448546637,0.36635022437210552,-0.41167728047161822,0.74642534090562784
715,0.0084644512848788267,-0.57738522414025173,0.78119490230992383,0.71265881337382253,0.23566350824065618,-0.081669732532871908,-0.74481653233683076,-0.55640958003464047,0.027823332899122644,0.48426772869419787,-0.70077637513601521,-0.71009832004093587,0.57751088936357919,0.3513760682739524,0.17869149557913966,-0.92213997957862803,-0.87385304249032125,-0.22138654692207282,-0.92742519765624776,0.3947734468987103
716,0.046711551235716353,-0.60158398145062209,0.78710729750349273,0.14436714422230801,0.83237752154416755,-0.71484998141856115,-0.36960783319319801,-0.74659605283927366,-0.75358926679372873,-0.040156246588070266,-0.56414556432423657,0.083992956798586871,0.89984357892044531,0.96812973753005549,-0.47716280227313823,-0.7000227837490145,0.102721397343843,0.35747634686194618,-0.9024603293183715,0.11837128783784623
717,0.26810274506836507,-0.78732842127537772,0.44137805027241184,0.30789746355165892,0.80023242184304233,0.082741030085693223,0.42219577982883139,-0.90448237014807331,-0.94254669976176375,-0.54192635560660651,0.56864899956813919,0.43377685310998948,0.61364655126124767,0.76479193997966832,-0.29685969944907775,0.57286131697482312,-0.61201561353938749,-0.49026738992734842,0.63584514706500017,-0.83010243121310046
718,0.012640782510790149,-0.96244283104324935,0.62099383551466825,0.15054423769602399,-0.57811624907184123,0.87158782495363063,-0.31441779615554744,0.14053859359036647,0.5864208434031557,0.081194677302639517,0.25154052931602111,0.62189705191274314,0.15809969259649881,0.55163812006837865,0.71012557189499659,-0.83481303507436366,0.18972014519615299,0.52247274622336981,0.90567090435433761,-0.41219954231273981
719,0.64103404440161516,-0.68048955997832672,0.60005576458635557,0.68825458854655452,0.49985196919888586,-0.48897223416493496,0.77566806244591846,0.017890278917896962,0.02550418338362781,-0.36133190729462283,0.93639883263465906,0.97076431618154824,-0.81708062588848707,0.0090279155820445212,0.30303055105696752,0.63660203338475729,-0.62091092569860895,0.21927618215666844,0.037633211799938504,0.43234692811023923
720,0.062047837092529923,-0.40437934595499492,0.60310609071140475,0.53660984504082276,-0.54752835838450831,-0.67184269624939996,-0.39448081172404681,0.27211284884368458,0.73192465531985951,0.49138690857205791,-0.88562055670979589,-0.049285171576790798,0.63579191291803183,0.4923671265775158,0.43403707910295708,-0.066085655335793358,-0.7144828022555465,-0.74987083063358928,0.030123571469887089,-0.49889182503078344
721,0.56162863504980653,-0.61921465340033754,0.9425050834658586,0.32823259128012849,-0.79242926862827812,-0.078983107401310537,0.59732265424678177,0.21598458579953594,-0.47248838150376349,-0.20071863305455029,-0.64070770480332961,0.22530115419769792,0.99521069316840571,0.31935251143140442,-0.10770681535779003,0.85320078088408446,0.034995482654166077,0.070028322578518543,0.62409696342711141,0.33341692950372037
722,0.03394272510171592,-0.63047043453986484,0.38381360333544312,0.54081802389356515,0.70567116578958045,-0.05397575083099615,0.029010020129859093,-0.54736393058042032,-0.62392598750865202,-0.3388584641484238,-0.67891152787452813,-0.36407506428036451,-0.063813231300414275,0.061317166106905407,-0.061544492097886483,0.73159852228863542,0.74954502785537391,0.90525056631822842,0.20114415460941659,0.27527718971037229
723,0.44070567339944433,-0.38063255761183501,0.85820370854266259,0.91870026177344055,-0.22271968680460152,0.35281554554573935,0.40753311869599096,0.95878895708338097,0.47514824721355686,-0.31038909633467315,-0.4882654412545957,0.76434153832248497,0.66493275900218518,0.55836131734078798,-0.87182275897815553,-0.9161714977412001,-0.74294992812987459,-0.57602735357242496,-0.53973801566246449,-0.52738213798210354
724,0.020794920143063944,-0.88229722872405114,0.68787412792155234,0.69790807175233316,0.9166028313968797,0.45374162084677727,0.33098926624614955,0.89076818932769375,-0.84870169572835819,0.11276652452571123,0.088619500700204634,-0.98202505688980457,-0.26872145338893727,0.93858205415063756,-0.083333065978566934,-0.82321998347400127,-0.91996890784297491,0.38482928381978732,0.20263353456663769,-0.67339948182610643
725,0.0053109709049501408,-0.88556010742046887,0.53999389900302286,0.30297791695429721,0.028348621242079819,-0.087601185966046158,-0.029019211334039285,-0.70773071252760555,0.58906376571390617,-0.10429496692872675,0.55194721703459848,0.22773545227669545,-0.92748407661808563,0.10686966308085588,0.20390600560320049,-0.17409012055598505,-0.074558861245417773,0.80773705870467483,-0.11717945064899205,0.62402661053782937
726,0.01267171141487311,-0.59288085155929648,0.45776347471264067,0.69881110816040204,-0.87480674977354722,-0.80984064909831299,-0.36408811446389144,0.66100574751246666,-0.53365606751278238,-0.51069408168621377,-0.37651595721977182,0.15336744244929479,0.90884100526861178,0.2736013542340312,0.27850087220254194,0.33342790243022602,-0.92997283155738475,0.48072234431873229,-0.41569798899044441,0.87635911966316526
727,0.21237993923460108,-0.60033693009634281,0.85176408434898776,0.82653749982096403,0.58987068476873117,-0.95552202639561123,0.81852095552723569,-0.41440537493801166,-0.76234303223421263,-0.11431428525397602,-0.66066813242806677,0.45935610931288751,-0.50327534989320677,0.0057273113790439201,-0.063265675241723329,-0.25688261298956094,-0.92709429919600805,-0.55842940236451311,-0.01712905276626131,0.89624342509516519
728,0.75643671518436073,-0.61838685879069155,0.66858465294938441,0.30562733189345992,0.13188177778739485,-0.58973585975171705,0.46539994675373464,-0.72356413924638874,0.030925756031413343,0.80100836207858617,-0.51206649603972521,-0.44102418003821198,-0.43960397652491978,0.56796312947008132,-0.99763412531856299,0.56049026928146106,0.8597687307159787,0.20287920550365435,-0.4211457592517871,-0.35686889187910986
729,0.39403072546129803,-0.30177057654699468,0.6244163532321565,0.74758943695357294,-0.50916991261954059,-0.28843721136476619,0.77646176115908005,0.13126537268288541,0.69269754111761084,0.53282207726530695,0.19802495930721453,0.13643588859222455,0.29528418939702483,0.76904085436459124,-0.36755789705309394,0.68713879951316703,0.23784484356927127,-0.47912267654511376,-0.56984917157993764,0.77368894819591816
730,0.049709674743511956,-0.82358032934103198,0.6630156988997431,0.33142447047598944,0.5776007756890742,0.79508898642129089,0.82097800902493301,-0.85365627873594785,-0.40942645552436163,-0.45884529899278803,-0.73376621713314272,0.86711500488668336,0.98156350104796863,0.63704374871867242,-0.060588746050364017,-0.5321491044533655,-0.64128017083898037,-0.83610495659556294,-0.32491168169265872,0.78268990568266306
731,0.85791488423657047,-0.27811559165216515,0.63540110392223559,0.59166116087942666,0.82789638354021267,0.98067267599207231,0.85342740726079969,-0.5425556566334393,-0.37921540753295924,-0.26742665712533165,-0.62794718786507708,-0.93044579299444075,0.93663909030720949,0.34975877782564457,-0.33066842172562083,-0.67299469738509576,0.57195564526772125,0.27216975811839772,-0.17149362576639637,-0.25129719888508761
732,0.031566608930572615,-0.35838014110641003,0.418633050272462,0.61835453853825051,-0.23472834521248709,0.60507105692740937,0.57756318628756032,0.85152890207792531,-0.48515020289771882,-0.64849373442344693,-0.080557640617905824,0.066892360331167522,0.80151195379760898,0.93096713313157275,0.031260696480084116,0.77222871616638811,-0.63480783756732073,0.12723731617668821,-0.96933944523126669,-0.13794081238342448
733,-0.0017008998436629508,-0.79592158675615909,0.68604454503136481,-0.030856348143390777,-0.26683478428133589,-0.33732809494376825,-0.18894636631591655,-0.3325926504047827,0.15607698090905808,0.88654349414888944,-0.2172064918495582,-0.45575237772395583,-0.9517536130840818,0.2780132838515097,0.63805289473920812,0.44432925059378436,-0.74750730745690164,-0.79242579895481868,0.062081291873892885,-0.39247934854928768
734,0.21237993923460108,-0.60033693009634281,0.85176408434898776,0.82653749982096403,0.58987068476873117,-0.95552202639561123,0.81852095552723569,-0.41440537493801166,-0.76234303223421263,-0.11431428525397602,-0.66066813242806677,0.45935610931288751,-0.50327534989320677,0.0057273113790439201,-0.063265675241723329,-0.25688261298956094,-0.92709429919600805,-0.55842940236451311,-0.01712905276626131,0.89624342509516519
735,0.36826385738504053,-0.76404249949245018,0.81423711018953182,0.41470072063781482,0.37712779359097448,-0.85520748086778653,0.36960238344314145,0.21138048382498886,-0.31237851117706894,0.65732891612946753,0.92945940813406147,0.17457460412050163,0.71117269783441373,0.16227473546241167,0.35136935154078963,0.15530610236605202,-0.74122479479196945,0.458930450082216,0.48428516480540229,0.092552099765163431
736,0.071680047681271342,-0.42490854882387996,0.64549515145427194,0.78542131498329404,-0.25042527851266816,-0.97848410940246033,0.043764058325664212,-0.77924846019934213,0.18113612105604426,0.21691233972662793,-0.88805535618971421,-0.58558317965290696,0.090163948408538808,0.89199341125120157,0.95593711442578,-0.13193672584419436,0.11426648235561943,-0.33780207584280619,-0.11211639149939345,0.80551802694769759
737,0.017935017674048037,-0.71266937042403877,0.76410031434163317,0.5517297987125116,-0.89609534417361636,-0.94581991534674348,-0.72015170590591837,0.2761590375858971,-0.18089226640337075,0.50647279465445849,0.25653310292936005,0.44787931600244235,0.57072427901948752,0.027687338563753938,-0.79064066444025149,0.097782723252622272,-0.38583090923893937,0.53472255735280116,-0.99585474377308203,-0.61308894170462613
738,0.30350469839051786,-0.79499820975520152,0.86889692175104427,0.5070130295873001,0.75076363077840602,-0.80705274062981625,-0.27040018715336656,-0.068670970055053404,0.14500312155366135,0.98557766052338613,-0.64432561344987049,0.27947516515949911,0.67913263020106251,0.6676096357046517,0.41471557831776007,-0.88801505790975788,-0.66521665334753632,-0.62619548132276415,0.34121706003091212,0.39734452185756663
739,0.0053902294848695576,-0.38028356954861575,0.57947688974330069,0.60883607161448072,-0.58568214348888925,-0.5722862626853995,0.060243459572659086,0.3615331124873582,0.54207360743319444,-0.80380364194206577,0.32312243931329143,-0.83166536525317847,-0.82251076176949622,0.53391674948278522,-0.47465263482006637,-0.13877498688062428,-0.063943554396015401,-0.04412536715845472,-0.76146821281654931,-0.60956841175889531
740,0.01045353369311619,-0.33833028065497617,0.72511488363552656,0.57887173968076455,0.65966879674114343,0.84727189007262371,0.23578658291231513,-0.52652816636299993,0.66536801351349029,-0.78363653510492348,-0.96862462776875913,0.52084002434709253,0.97938525452287761,0.026802107153332866,0.073179357581786286,-0.6273543716939467,0.19106995135250848,0.93033881788704087,-0.94892933521315381,-0.4170068632253523
741,0.31452915762132427,-0.78270422257004202,0.45354036856224389,0.2154688819503916,0.36527245667091757,-0.7959202298485395,0.96807579534611721,0.0051655013878038059,0.80238074682314187,-0.13278273661804874,-0.50364153428820746,0.23329173564110639,0.86805526929889343,0.087844997036256478,-0.68011414239085255,0.52705135617078369,0.72247769743602674,0.40287674688518238,0.65664584894810729,-0.65054167041867461
742,0.25057533716531077,-0.42111080623710362,0.90781023036462005,0.53984961603018933,0.27377206230046491,-0.012420834949274928,-0.3253723702109359,-0.65184192289961551,0.67476414348087643,0.85811577268230654,-0.041720426150402723,0.3351474009379003,0.88280642530912701,0.5945463375773461,-0.47162627001165114,-0.51303899983072521,0.51078905014336917,0.42277608725722371,0.55044640180268534,0.91866979179755304
743,0.17256279930157548,-0.77446678956199344,0.56505774963729571,0.90861770719359147,0.48973573164070561,-0.20494329683557733,0.68815748981988456,-0.39009261470231626,0.0086942853689953026,0.29121993397246082,0.19024820831587053,0.86510859214597313,-0.61316568845723629,0.27292563579046747,-0.93615867711611589,0.325561089514115,-0.79289849864339712,-0.21596102677250717,0.59369983866495235,-0.40437551952306294
744,-0.011578931338552589,-0.74415354803279543,0.97818926865834821,0.14582609223114296,-0.72979515345957902,-0.16569482741650465,0.64401370533758273,0.86978071202796148,0.4913315636691522,-0.62436572912382005,0.06455417473467695,0.27490819275078171,-0.014217589548966458,0.33416445983309551,-0.52515112160946287,-0.12873193760377633,-0.0044407455249337868,-0.31611877824188594,0.80618544398652348,0.3342266061774759
745,0.63623400682585318,-0.77536295402460387,0.67459892424708778,0.43109449193206495,0.053937374967274909,-0.58401316876699516,0.66600424966930327,-0.34846490442363298,0.94695743219031003,-0.35349893899899287,0.74746363681611983,-0.48850859258120227,-0.96216452151251119,0.46299896114275585,-0.79327648591501165,-0.0095303183501014299,-0.73224908101020159,-0.97593851673267928,-0.11538646096641081,-0.48287120037263431
746,0.023945606061723357,-0.94644964824680144,0.68256265168812602,0.72610263066753178,0.45229982648713762,-0.021522834422817549,-0.52213615350958675,-0.40014517707168484,0.97825450986314055,0.88038420235441994,0.112521866594818,-0.91155790187438623,0.66987577240118013,0.36059595590334292,-0.987734235247264,0.084624070061101619,-0.42754694473596766,-0.53046512285283143,0.81931640851952525,-0.92145049741515184
747,0.04065087297306369,-0.61137951652253086,0.36983154724881806,0.43931467935391288,0.3411471173358398,-0.78175493194795265,0.94205726700327808,0.015175200318878757,0.84386851726326273,-0.34341056640008061,-0.079145291097576509,-0.39740402028481103,0.99382458451750222,0.092921903575241549,0.31886033036284012,0.71796912111915523,0.30096096367891723,0.44335534101605223,0.31255788636378945,-0.73434082775096465
748,0.41256258548912306,-0.88727258379203522,0.60690359563561835,0.80841525493004562,-0.2891648489570271,-0.8111308982582226,0.064666069291372086,-0.83775358368833519,-0.84883448450210275,0.23875416638127622,0.10563604912480473,-0.53719759555816293,-0.95848787566588634,0.82570767884305485,-0.77333492612751109,0.22655344377740705,-0.75954920254904223,0.19452901702544545,0.6586726603931421,0.91729773804809511
749,0.0084644512848788267,-0.57738522414025173,0.78119490230992383,0.71265881337382253,0.23566350824065618,-0.081669732532871908,-0.74481653233683076,-0.55640958003464047,0.027823332899122644,0.48426772869419787,-0.70077637513601521,-0.71009832004093587,0.57751088936357919,0.3513760682739524,0.17869149557913966,-0.92213997957862803,-0.87385304249032125,-0.22138654692207282,-0.92742519765624776,0.3947734468987103
750,0.02525142420793669,-0.93624945812866223,0.52060509088235074,0.3653197027395465,0.5928023246299583,-0.11437686192136254,-0.78950648404456603,-0.48074575253503093,0.14258817058316597,-0.41978445145012677,0.72266008414681049,0.022681484912853156,-0.10908342315431274,-0.045328186341403454,-0.75096274820009556,0.38695603277527435,-0.49170877401015955,0.73532146645049212,-0.091567959061230386,0.026840879537452622
751,0.39255341136527266,-0.76194642689571723,0.44429982049775485,0.17680461710878403,0.90171865693613285,-0.4212276061122775,0.1083218915446309,0.80261309451425022,-0.058697089379727396,0.8243546249999818,-0.84365840784992696,0.28941589103318965,0.54241881274770187,0.36477190859961772,-0.096443336515044997,0.53715454087421444,-0.56357278112507614,0.60382204990371924,0.88642498849316698,-0.97827611420558847
752,0.003161261560046702,-0.34846193990213625,0.56936645956285981,0.96271737796292811,-0.75897289238942744,-0.24933235829800249,0.97010678427671748,0.049246561601722583,0.37704453699490958,-0.50904284094667629,-0.22241079553919252,0.21366645089195968,0.31516797733265323,0.56436717834823047,0.12295384358312966,0.88943719440368829,-0.75914575992261302,0.68088021559438405,0.31074186489733457,0.77585364134652113
753,0.10551000517014275,-0.87294842224711244,0.49082704820459755,0.44094890688106281,0.77590995617558289,0.2732963056762221,0.8211623247278983,-0.20037101471235497,-0.55960742258708907,0.031120534875914263,-0.039069432144547722,0.61011563941700375,0.37241957943947557,0.95284703292151529,0.071072902341268396,0.83971181838674513,-0.83608985592970675,-0.90853911548528021,-0.56231542371000565,0.10268332638200262
754,0.064408341319517781,-0.81455880337017872,0.71190685709250712,0.42548433303442046,-0.23595774716492435,-0.55668577066275793,-0.84566112567416618,0.86397808241239971,-0.39582425993410708,0.74864058314604032,0.43469635932564987,-0.1339237949625165,-0.16112434988997637,0.61385610318383099,0.48764502278160338,0.0672403730890061,0.90312913256851091,0.97948661173467522,0.83298358986353005,-0.52935040330451155
755,0.30318266624543933,-0.4096881493016129,0.94647800221712552,0.25891822359798011,0.66527515841856166,-0.15704720443217046,-0.92708370364795112,-0.445623326687836,-0.63061368339766344,0.76450773277075568,-0.69068612595368695,-0.41099249519654868,-0.29106934778444415,0.34340430979184444,-0.44952637494901349,0.40317961224490251,-0.90448968157255316,0.44026140728853913,-0.93681435493005494,0.26288241131969592
756,0.27057336088986128,-0.8937899255609667,0.78578806048861294,0.86421926054360876,0.62306081858477724,0.20020250044937682,0.63644602675384943,0.70867931735387413,0.58883852725996477,-0.14531012466714022,0.45832697338382533,0.27140938902242939,0.42755725455041782,-0.045269158916668717,-0.43532314693546525,0.8975645591361312,0.015234044147692583,-0.26173507863304524,0.56431526883607064,-0.72219416299570827
757,0.093414358416839205,-0.8695759330015671,0.98773658042323631,0.22454087787222954,0.40722783039559096,0.62709841231548835,0.1026934297162907,-0.28299666117185929,-0.98044622156975936,0.60692840103746826,0.39719456063809089,-0.60674755617941911,0.76782142589413049,0.85178373530987139,0.93274916302519517,-0.74994260725899786,0.1679084039304588,-0.13761601497550879,-0.91337237124600779,0.0046070448698607436
758,0.02202195136776508,-0.76566492987927992,0.53320570031861636,0.81813473290347782,0.083169710371506111,-0.72235322200000174,-0.55897535839877399,-0.96800917372855588,0.52313909935434344,0.63841861779051534,-0.25969576075136347,0.23214009070304198,0.15424339333346437,0.32349030669212775,-0.27656652784552804,0.71543566637676603,0.96015243551352691,0.07269733217736829,0.9611736572579368,-0.88916930049633147
759,0.27057336088986128,-0.8937899255609667,0.78578806048861294,0.86421926054360876,0.62306081858477724,0.20020250044937682,0.63644602675384943,0.70867931735387413,0.58883852725996477,-0.14531012466714022,0.45832697338382533,0.27140938902242939,0.42755725455041782,-0.045269158916668717,-0.43532314693546525,0.8975645591361312,0.015234044147692583,-0.26173507863304524,0.56431526883607064,-0.72219416299570827
760,0.060996220325658657,-0.51601523926025705,0.82496121234015596,0.45975950999931037,0.6226911730206659,0.17614525716222618,-0.63365898908792051,0.059537250250067064,-0.88171169253630755,0.60625449133751697,-0.45693346686652725,0.30355043916974989,0.75882950969316254,0.86585252492184006,0.57341192891518999,-0.99875435344649244,0.87321003029711841,0.90234980028457423,-0.45058265057544777,0.83558037051048539
761,0.023945606061723357,-0.94644964824680144,0.68256265168812602,0.72610263066753178,0.45229982648713762,-0.021522834422817549,-0.52213615350958675,-0.40014517707168484,0.97825450986314055,0.88038420235441994,0.112521866594818,-0.91155790187438623,0.66987577240118013,0.36059595590334292,-0.987734235247264,0.084624070061101619,-0.42754694473596766,-0.53046512285283143,0.81931640851952525,-0.92145049741515184
762,0.91758207931288771,-0.80025810342996584,0.75635794127498901,0.15530345173990834,0.56812472615149723,-0.87533796748840698,0.78790149321859304,0.80936380064566937,-0.76689299548016399,-0.92290672268481044,0.37195888523958143,-0.99401045062338711,-0.99618892718523822,0.84353538146382068,-0.11009654647386413,-0.89158132287329428,0.47729194834995248,0.22049855347258984,-0.65691242691076979,-0.80665832540884175
763,0.36219292410707515,-0.53973891298501875,0.44597820318938952,0.85597409494967946,-0.9953583928006009,0.25255181090967671,0.35875092462562086,0.28029043584761792,0.99085355449097801,-0.7626476069069752,-0.1507956695193351,0.39415486451286585,0.72330560716558745,0.37475183416482483,-0.86716714850075993,0.63472520649503883,0.86848277027073517,0.23781086983582012,-0.68265111858682914,0.48422220314921094
764,0.02202195136776508,-0.76566492987927992,0.53320570031861636,0.81813473290347782,0.083169710371506111,-0.72235322200000174,-0.55897535839877399,-0.96800917372855588,0.52313909935434344,0.63841861779051534,-0.25969576075136347,0.23214009070304198,0.15424339333346437,0.32349030669212775,-0.27656652784552804,0.71543566637676603,0.96015243551352691,0.07269733217736829,0.9611736572579368,-0.88916930049633147
765,0.0053902294848695576,-0.38028356954861575,0.57947688974330069,0.60883607161448072,-0.58568214348888925,-0.5722862626853995,0.060243459572659086,0.3615331124873582,0.54207360743319444,-0.80380364194206577,0.32312243931329143,-0.83166536525317847,-0.82251076176949622,0.53391674948278522,-0.47465263482006637,-0.13877498688062428,-0.063943554396015401,-0.04412536715845472,-0.76146821281654931,-0.60956841175889531
766,0.028546346369500375,-0.45041572977849387,0.8510551767030623,0.034286510674329085,0.99675675943914666,0.24937241611634398,-0.56973101349424171,-0.0029112172745970888,-0.59900272060752346,0.38163872757832396,0.27283283092002142,0.085639303280168333,-0.091539928520017355,0.8624452110244154,-0.44451645780707061,-0.36409234256242518,0.19976169178572101,-0.58305392030305314,-0.24400739970074214,0.72936669162326706
767,0.27057336088986128,-0.8937899255609667,0.78578806048861294,0.86421926054360876,0.62306081858477724,0.20020250044937682,0.63644602675384943,0.70867931735387413,0.58883852725996477,-0.14531012466714022,0.45832697338382533,0.27140938902242939,0.42755725455041782,-0.045269158916668717,-0.43532314693546525,0.8975645591361312,0.015234044147692583,-0.26173507863304524,0.56431526883607064,-0.72219416299570827
768,0.80614197867262027,-0.76240873720008207,0.60060486165770821,0.45694729234170084,0.72094479937174594,0.81843809468197959,0.72242913428668842,0.8869291256150682,-0.014159909892879297,-0.17202612650486282,0.81724972348476421,0.55075235739448014,-0.2920875717255591,0.0097126312014321758,-0.53848158981731853,0.81731301858658933,-0.64995565225753649,0.36213713523928592,0.15882620117928892,0.75904447927356977
769,0.91694560855685525,-0.76897147256856035,0.38064289936527729,0.41504445771640675,0.98026351260572953,-0.2891424345534257,-0.123566435508774,0.73603266044249094,0.51487918562458335,-0.022794766896136576,-0.24204686491635607,-0.064393654424919067,0.95962259988700183,0.74932326201844424,-0.59764668839845991,-0.055707775842197327,0.23214619248642876,0.47878147466338761,-0.91010068350066331,-0.86491729022699104
770,0.26221911740187975,-0.52520798629383303,0.73201988370566173,0.92266656318364104,-0.27904469268098175,0.061279635057594817,-0.94273628627289829,0.58354538942878498,0.092571436649564465,0.72570561796532007,-0.24934920288973861,-0.0094909629201669343,0.17417737051700755,0.61885080240134416,-0.9860309841278696,0.45086195750624647,0.56972565023852195,-0.034669026249859902,-0.11312401541012163,-0.90047677879642518
771,0.2562130192361578,-0.73128164379456906,0.68150477712159807,0.35438196676321088,0.20874811745088406,-0.073686038829202216,-0.47980064526291155,0.31612910522998483,0.84835251320869842,0.23133767348082435,-0.89414448760089815,0.73049216644378445,-0.46047062248000348,0.81354790512052166,-0.1027600142882108,0.92190821166252324,0.31551060108248263,-0.98063528958199364,0.25415107966790651,-0.73529668324873509
772,0.92905919913304125,-0.62369983665475592,0.93772893435904536,0.63440583985725629,0.2452936371574661,-0.47312443969884344,-0.45520203649762503,-0.97932226429543268,0.33716403894972413,0.10039800258326359,-0.47224890927687024,-0.054720283957744087,-0.87330431335509062,0.15480319052509328,-0.97210641672201703,0.98685407208903531,0.27316868305185449,-0.22739217837162307,0.86986671995740017,0.2791971170688945
773,0.16330032995789878,-0.7781962459185765,0.9295870809876623,0.23540950397810678,-0.35174820976005283,0.44138478625495758,-0.44269177474595223,-0.64575237325429957,-0.90019072559030477,0.45278349799887652,0.5937477597337173,-0.19917269255047865,0.7111117062368455,0.64170619886460867,-0.23747034675173007,0.30347585072588656,-0.98975722722873893,0.98855040447849163,-0.76844936170683953,0.35145589085519968
774,0.1333714515647344,-0.43531521144513707,0.770766660519552,0.28632914904664286,0.42603631738602821,-0.56797988687994638,0.62577843461321825,0.24125681279725963,-0.23092308934541284,-0.22206092970530955,-0.53972671210300716,-0.67950309986482726,0.31223264352787283,0.15445829419691726,-0.11602995567177432,0.61201867933388465,0.83534263530107111,0.78101141261403639,0.28054334275234782,0.11301390979091308
775,0.76215088033334522,-0.81932450223627473,0.43368098442758396,0.36911918881019101,0.38350717826481873,-0.44289282666594798,0.64111165258586045,-0.2923967096505331,-0.67914996131882432,-0.83560082188896589,-0.54139719784088602,-0.22162242167400925,0.72725667805786642,0.2202846797576572,0.53084219712302572,-0.65912600159693513,0.2773166633045212,-0.81639397979573469,0.76459801795626703,0.58192169359996759
776,0.45143769867368033,-0.64945989997251385,0.79650297108985946,0.40451527194788284,0.54540651396092121,0.039178904148280846,0.82601282551005584,0.37960694550420482,0.38588948873864659,-0.53831975235048524,-0.30887864435203927,-0.97022690591184779,-0.13055917728601862,0.57009604314494089,-0.94503068806136037,0.50930028597151766,0.75030784902584857,0.40486081654119488,-0.019225307135132041,0.54995556911547405
777,0.52731857876507804,-0.80674534400361497,0.84015795765990764,0.14736465780871599,0.90887524443510559,0.17941895817595199,-0.99243697970020861,0.99623027744312664,0.80335675649537763,-0.37185671903795248,-0.45197982877538423,0.97360612082594189,0.003060185937504345,0.60077180616168957,-0.6464435477934154,0.89352359694922279,-0.87618385509162433,0.98972277542467735,0.41119289885738164,0.35333279402697326
778,0.22306648317715694,-0.47801099432086591,0.48667230722086985,0.73739250076660268,0.51142880230212118,-0.36572915266328732,-0.23556523692077702,0.56914119690641862,-0.77853020976908693,-0.033397791758251971,0.039705268087666168,-0.80431062089484162,0.12935303568499101,0.8940639944414801,0.090306146427481027,0.72327231864373798,-0.74301353828152994,-0.24974596258299719,-0.10156695989438291,0.64464781723634168
779,0.060996220325658657,-0.51601523926025705,0.82496121234015596,0.45975950999931037,0.6226911730206659,0.17614525716222618,-0.63365898908792051,0.059537250250067064,-0.88171169253630755,0.60625449133751697,-0.45693346686652725,0.30355043916974989,0.75882950969316254,0.86585252492184006,0.57341192891518999,-0.99875435344649244,0.87321003029711841,0.90234980028457423,-0.45058265057544777,0.83558037051048539
780,0.048169891950036181,-0.37788753074414871,0.43032526429532059,0.3513269074714811,-0.18552792899508042,-0.38419138358222815,0.29885621248560201,-0.57227803729226423,0.99365688024826926,-0.83690927878631216,0.36160575468433365,0.19905494276408375,0.64294814046505389,0.78464132814781284,-0.72175505117657046,0.87640498870641492,-0.43656205177158602,-0.51907822320561636,0.02925184710020301,0.32920331616829923
781,-0.036429112881523729,-0.746715787522789,0.63666595583012064,0.39376690885696264,-0.78825548177705551,0.8015261853367972,-0.99937526782408459,0.018113980770348981,0.72662462859991006,-0.74971231869248767,-0.75087784045324546,-0.53611870376073556,0.82629728744141673,0.69621682543068597,0.76881516019171303,-0.39723973073281527,0.87371566113781762,0.94236972283010045,0.66082001887601072,-0.32490766893692369
782,0.087570155019364382,-0.54267944987604544,0.41601632442366476,0.66764539995400285,0.38112434531405404,-0.080283881756376241,0.060037799922255886,0.8316133767154481,0.26033987690963101,-0.32862031116312429,-0.76402773727042561,-0.40057929353882993,-0.43057716897572518,0.67507689610939736,-0.87146499650260312,0.15321581587023991,0.61857964065757143,0.49200796385953383,-0.67579997762324751,-0.059877203298328352
783,0.021868795081156467,-0.40219888825941541,0.75464459396703298,0.83099666265351568,0.19524942763892583,0.49445628073835923,0.17602170151863117,0.43609275963537031,0.0027294602738081597,0.55816566807284906,-0.85595091329988771,-0.41331363263314036,0.84652021239445085,0.02254727343108498,-0.37968542547258055,0.058691220021125812,0.95860877608824802,0.090840598395053984,0.60104647423807589,0.89051378138752235
784,0.4456969412236127,-0.69940542994483779,0.73716673663220789,0.41730077197242221,0.52185320675703006,-0.037999390823086454,0.88816016112380791,-0.99269978116887558,-0.14803270686100345,0.42073269197598839,-0.87169176909960844,0.93887692770620079,0.60696038234657368,0.09226147230135906,-0.33977005054009735,0.33064587645628696,0.57833618208268778,0.68591744656757281,-0.81953382562159938,0.84056758571050771
785,0.12206183133265602,-0.38895743622602041,0.75986499189425416,0.22678811730679693,-0.15783936701759083,0.75664235927544587,0.95941757978940512,0.31116916982543663,-0.83924310439649319,-0.42757245147344181,-0.59860306717403722,-0.36373373822778876,-0.66446271394395584,0.94485601534117558,0.077702392459519265,0.81009031859795488,-0.3654970314442807,-0.81302062978405254,0.66235098073258403,-0.14355929788457455
786,0.20263031699452405,-0.79495323087277869,0.54087326614870501,0.16218126835122004,-0.045442679567789579,0.043859018026390473,0.60565479448792092,0.59550869073660095,-0.5192953463326917,-0.29874970425184633,-0.41649607714003478,0.50059695594560938,-0.46114000894344387,0.24951754773543788,-0.027874979726402183,0.42949267486256937,-0.64399109900045604,0.18897234248202777,0.66954253315065548,-0.24224241664972834
787,0.0041421135532566655,-0.41155195967313363,0.56933141616398708,0.37310604662478086,0.82012743582506764,0.52261358037496453,0.57647179521033109,-0.72253055265272303,0.23429984575269414,-0.10045094217345008,-0.74691006228485701,-0.46943634301978077,0.052129197050813536,0.60696028535063307,-0.37581487609996267,-0.95928419156655287,0.20877837841524438,-0.40672173166848613,-0.52169419790795479,0.73756917689021217
788,0.14776166933805035,-0.8945910739752474,0.69533068024125688,0.44185334980795266,-0.54246356075978586,0.66224053598757493,0.37821201643687119,-0.70434720258483385,-0.1912156771182405,-0.073776930073794933,0.3099176013015188,-0.13322276976864567,0.69580372110937616,0.65033399715557239,-0.41117842271266536,-0.51811165160879269,-0.57610741163020962,0.30001717987023668,-0.9367516777900522,-0.51633108396933425
789,0.20085369041298229,-0.57154515045076382,0.56085701045874736,0.041677539556981946,-0.73993104117171038,0.12934682246408413,0.9400887679803327,0.59417574936797468,-0.89657005767674702,0.74899686878614902,-0.61856669035307266,0.051077957711125777,-0.27018206989074645,0.40053005058741764,-0.88443342704966454,-0.32613998299998337,0.77030898701459138,-0.93871894556179747,-0.77880657797873498,-0.18581594621608932
790,0.67322641559253005,-0.54525945520553787,0.74857403251648025,0.68361926154979025,0.87189404340642129,-0.65519921833004524,0.78054476955129592,-0.32569681151359742,-0.14004429414001529,0.93824945963894923,-0.88417393659929777,0.29761417685901259,-0.43491385501972157,0.62689222275441292,-0.81074399070531089,0.68140237605425558,0.71249173284608402,-0.56402242762176202,0.1138041866226045,0.39652265379471485
791,0.85286289238824486,-0.84232447663097587,0.34045900283871555,0.87264932024269859,0.12316941209009924,-0.51784098402036416,0.34201810298581115,0.34204228459818165,-0.10957146115199845,-0.68945821780462002,-0.86180664654376349,0.36201921359979861,0.43986445323146039,0.87310210349499462,-0.097931459344123839,-0.59654714801634312,-0.51099985284634886,0.44332320190564256,-0.45566707746725599,0.87019325295518946
792,0.34921297279332153,-0.62005837596502111,0.85814928592468287,0.74244596932630347,-0.32641895238913166,-0.35931397261596199,0.81014081393410331,0.53408924072319408,0.93935170560329451,0.73352305412452745,-0.85505808460006083,0.42467881209200153,-0.64836203486039667,-0.010300106466719861,-0.4450035402719843,0.77160371971447339,-0.29855356222563834,-0.29190078767199101,0.53847976830989541,0.22985368286665664
793,0.20946086624687266,-0.36579804760565149,0.77008110012180087,0.46413404170639327,0.41767784947837328,-0.34534047662163103,-0.80253518353662789,-0.72682281774705126,-0.2858722066411552,-0.50178101815944265,-0.53121166621169191,0.61360718950330906,-0.38223131904454877,0.29953885246599299,-0.74436909594977774,0.77040847790771205,-0.44603542853754297,-0.25821803452964898,-0.39372252177435096,-0.45366574381301117
794,0.012640782510790149,-0.96244283104324935,0.62099383551466825,0.15054423769602399,-0.57811624907184123,0.87158782495363063,-0.31441779615554744,0.14053859359036647,0.5864208434031557,0.081194677302639517,0.25154052931602111,0.62189705191274314,0.15809969259649881,0.55163812006837865,0.71012557189499659,-0.83481303507436366,0.18972014519615299,0.52247274622336981,0.90567090435433761,-0.41219954231273981
795,0.43832109834188104,-0.96079446417876535,0.3243023537884393,0.81544310833203193,0.72097013848568192,-0.25313667364271786,-0.52019572346274079,0.37756381580637655,0.11322898831190686,-0.44016276044476399,-0.016079744703396237,-0.16233161586392808,0.91584826609380809,0.48545512413305025,-0.54597348466785967,0.19647404364447141,-0.42063733367080047,-0.69468183616754065,-0.24528874872201345,0.35366566358869433
796,0.38637502996508455,-0.51199286038054526,0.51009486259869963,0.83217766352586109,0.8297543004617296,-0.9558119721891416,0.80865496086661293,0.038910900740972476,0.4968771733717523,0.046566185377098446,-0.33080828471364576,-0.78854043336768731,0.85189563270745738,0.27583274913607259,0.29972828933213114,0.38792008376599996,0.92134077184998375,-0.70564177216250856,-0.51471148926381582,0.45452532501202181
797,0.046711551235716353,-0.60158398145062209,0.78710729750349273,0.14436714422230801,0.83237752154416755,-0.71484998141856115,-0.36960783319319801,-0.74659605283927366,-0.75358926679372873,-0.040156246588070266,-0.56414556432423657,0.083992956798586871,0.89984357892044531,0.96812973753005549,-0.47716280227313823,-0.7000227837490145,0.102721397343843,0.35747634686194618,-0.9024603293183715,0.11837128783784623
798,0.049709674743511956,-0.82358032934103198,0.6630156988997431,0.33142447047598944,0.5776007756890742,0.79508898642129089,0.82097800902493301,-0.85365627873594785,-0.40942645552436163,-0.45884529899278803,-0.73376621713314272,0.86711500488668336,0.98156350104796863,0.63704374871867242,-0.060588746050364017,-0.5321491044533655,-0.64128017083898037,-0.83610495659556294,-0.32491168169265872,0.78268990568266306
799,0.29371760281586279,-0.84964188347644676,0.71688988516463592,0.24954562912368528,-0.30954406995312866,0.71387528073152406,-0.092467725411953028,0.3208759824498526,-0.066844351262699719,-0.8975880490363668,-0.92302609133094426,0.035114803740684319,0.42998343268760775,0.99348154146425705,-0.72500797935722594,0.23385608792951773,-0.60976989877853316,-0.53573593048440404,-0.82242198311205317,-0.39483617637651691
800,0.37706657246076025,-0.55240061241437699,0.84702826318468971,0.49816724152855252,-0.48072702308664428,-0.45185536566061479,0.41633512426760921,0.75775711920626332,-0.47039022779309003,-0.22310637858499716,0.70131343185793882,0.87437016508515719,-0.54531322677716632,0.82318397484114336,-0.76126279569833044,0.52165411469094503,-0.24026733478220175,-0.14320893783095978,0.97457549010761357,0.30065772898279586
801,0.91145993075372345,-0.8667440279405878,0.56880683205561122,0.83636183635938299,0.77997307520365577,0.073221478198360668,0.58636872611041069,0.84464942785881236,-0.43343099188512624,-0.87433296486833134,-0.067736659568279123,0.52200821678952547,0.63738433584025689,0.8119381023071417,-0.13629657090838077,0.9464058557371835,-0.62588561802465192,0.24829418623270527,0.20530443151774258,-0.56252808847529701
802,0.036287666418173492,-0.7289068857359513,0.73232437908512771,0.55904696962851008,0.77060192039024522,-0.81729694442617129,-0.8266561957648908,-0.67414763050633253,0.24689377258250156,-0.98905517290724343,-0.65479431671462107,0.12476403111173551,0.4181440364117166,0.46932341923620124,0.79952014791449288,-0.10932130891405234,0.19502128076122038,-0.49727827585718987,0.44934650113030461,-0.93517696231150582
803,0.0055742301431123131,-0.73535872678269554,0.31590051337992775,0.90907984103253314,0.060309851987834451,-0.89517568449096441,-0.55953622763544497,-0.38243252952274309,-0.17403067372811387,0.19605225156654549,-0.44947304242077624,-0.052022300277669853,-0.83080331843350486,0.98280802936155309,-0.20865663881725549,0.29880155582551415,0.82882292641459632,-0.57762348461624868,-0.96754362567575414,-0.98957347482675884
804,0.033499850345357629,-0.35139720378769712,0.90270544580567869,0.29892363708130332,0.52394425496322872,0.23600338577811253,-0.21670743044160679,0.27547856270085802,0.58520822983819709,-0.60355906555287775,0.32703569647710262,0.4486656367169175,0.12603578888995814,0.80263834523697342,0.2203591120425652,-0.3415761949941758,-0.081955226474103693,0.3560290252219227,-0.85598375059534515,-0.28440039205898104
805,0.79873275325473569,-0.83636045731703224,0.66150043944539694,0.32361170590003785,0.47555010820842814,-0.082425185416842961,0.69519890485165581,-0.23971596581373333,0.1480985593994617,-0.094225423070552594,-0.82317396138251619,0.8886826634095919,0.47965040185174268,0.19088485953234136,-0.00078849071126230186,-0.012733257292103506,-0.64278300206040084,0.96158481402729423,0.48085790931272876,-0.2852331880777923
806,0.099873228027230754,-0.44276058712294519,0.53479273554552575,0.29861715753657148,0.29574650766504162,0.21318046462354379,0.5169155147672384,-0.0039477728049734928,0.57736382509192707,0.59909750215953617,-0.44991511804547502,-0.67711145869380607,-0.12385028675109333,0.26209422543223537,-0.86251879255452479,-0.90157882860173855,0.14135469988355265,0.34865805658796667,0.42182989659950221,-0.67935714845392359
807,0.01385173222338798,-0.94528857366418206,0.69547058890402913,0.058841122909984778,-0.61309253712556755,0.87218803571242365,0.91619548031299858,-0.91795934091996756,0.78870415870173161,-0.18622573053698654,-0.14535369623980099,0.61772366981808258,0.34901802289161443,0.53483324338930305,-0.34896392275524213,0.26051041906448558,-0.20063672962522228,0.13815697000709104,0.88456549766558257,0.55243206804195299
808,0.26197778644909198,-0.75376213619416133,0.33416455115230037,0.80910904480400148,0.53337468064909554,-0.80697950429812715,0.99283703377054566,-0.44788004704540652,0.14007751111700206,0.52747916702037601,-0.93873517462275924,-0.38714250553837126,0.61418434010770029,0.033622737770827138,0.18205374476162239,0.25956043360287473,-0.74988196878362867,0.4255741992565798,-0.19578962484004836,-0.7827521252948304
809,0.78804260816140737,-0.80227547184776893,0.51883948532853674,0.8403867489105572,0.65910692853633757,-0.64965189444277116,-0.47331041253929107,-0.30861959596372457,-0.16900701432766296,0.32673367097483563,0.74843508538258474,0.25562101599677489,0.91673584634943928,0.58806585107007403,-0.89544613944219664,0.12145900977838542,-0.38386651052756937,0.21949619403803999,0.17709074836488048,-0.78171947216018989
810,0.023945606061723357,-0.94644964824680144,0.68256265168812602,0.72610263066753178,0.45229982648713762,-0.021522834422817549,-0.52213615350958675,-0.40014517707168484,0.97825450986314055,0.88038420235441994,0.112521866594818,-0.91155790187438623,0.66987577240118013,0.36059595590334292,-0.987734235247264,0.084624070061101619,-0.42754694473596766,-0.53046512285283143,0.81931640851952525,-0.92145049741515184
811,0.00049545615777057961,-0.90707133733957757,0.6403069062820772,0.63390225460272132,0.50165759138694632,0.25334121313198099,-0.30629238248288582,0.753657945811951,0.50411402401568428,-0.82301247371431985,0.85231327315103855,-0.6552652822873184,-0.89718735001765482,0.50761033313336723,0.46965517821588354,-0.28311709632322479,0.73692322637622643,0.35957022026159624,0.39060006407288017,-0.27524166321820798
812,0.049709674743511956,-0.82358032934103198,0.6630156988997431,0.33142447047598944,0.5776007756890742,0.79508898642129089,0.82097800902493301,-0.85365627873594785,-0.40942645552436163,-0.45884529899278803,-0.73376621713314272,0.86711500488668336,0.98156350104796863,0.63704374871867242,-0.060588746050364017,-0.5321491044533655,-0.64128017083898037,-0.83610495659556294,-0.32491168169265872,0.78268990568266306
813,0.020400007513078799,-0.74664745425313228,0.45240628846777309,0.14874606073727015,-0.3327554159965449,-0.96558832402569394,0.20398477995210951,0.61390294343275942,0.014596501398241202,-0.84946961683377564,-0.0075242107172102113,-0.24228289557591554,0.67960165116948046,0.068379080878594012,-0.87983810295397102,0.66217811743730914,-0.59147841153011727,0.25000514356651182,0.67302079382765756,-0.5096286342219345
814,0.27057336088986128,-0.8937899255609667,0.78578806048861294,0.86421926054360876,0.62306081858477724,0.20020250044937682,0.63644602675384943,0.70867931735387413,0.58883852725996477,-0.14531012466714022,0.45832697338382533,0.27140938902242939,0.42755725455041782,-0.045269158916668717,-0.43532314693546525,0.8975645591361312,0.015234044147692583,-0.26173507863304524,0.56431526883607064,-0.72219416299570827
815,0.31681487993883928,-0.87826471989626098,0.41545875035581048,0.27301267775288429,0.91174813592120363,-0.86599370228747552,0.57218650203466903,-0.23241450498538274,0.53617095206128562,0.85296593255046771,-0.71037822911751736,-0.48622992698154932,-0.99481404432185316,0.69249986038850864,-0.95737266019328993,-0.33642904088662129,0.044182342884107939,0.0077794647665354599,-0.1805290165603286,-0.40612997020768993
816,0.18729223333689871,-0.59552306383073073,0.43987387991972704,0.61910531364156518,0.064137414675780047,-0.23270606421211992,0.24007255329497101,0.8181175481414007,0.69646841472277754,0.91370666856038074,-0.12588060092730413,0.92937731391788536,0.66633011713724155,0.55356965416931869,-0.14223520735893835,0.32578539194270029,0.027840183701861365,0.56788531522079833,0.32974145193219417,-0.73158839599884873
817,0.081161374615690285,-0.74411409025295572,0.83521303899509869,0.97576193955796664,-0.51530919126072039,0.2501879856214213,0.6616173550076041,-0.87439639928401891,-0.97471859486559342,-0.28625076070850319,0.63451966953392747,0.86580300839418767,-0.37445258466714759,0.45514902322913708,0.22036109084193467,-0.93338628433331405,-0.94574552482358198,-0.93804001616887134,-0.99722103702036868,-0.12315657633718913
818,0.39553100439824029,-0.92590126883625223,0.39450423374807619,0.86612244850494613,-0.12138682329473638,-0.80824740107459658,0.094654103590712246,-0.24802953115432436,0.044129566472296933,-0.95679705016202754,-0.25539259726112418,-0.57873389283479937,-0.2633989241755843,0.30312178789699074,0.059170388692499243,0.17185444641969738,-0.37192954642420162,-0.99675080478132339,-0.47714672875347652,0.89174244606141961
819,0.046711551235716353,-0.60158398145062209,0.78710729750349273,0.14436714422230801,0.83237752154416755,-0.71484998141856115,-0.36960783319319801,-0.74659605283927366,-0.75358926679372873,-0.040156246588070266,-0.56414556432423657,0.083992956798586871,0.89984357892044531,0.96812973753005549,-0.47716280227313823,-0.7000227837490145,0.102721397343843,0.35747634686194618,-0.9024603293183715,0.11837128783784623
820,0.090131997100489913,-0.61512756159911341,0.80340929827462904,0.34187114748895508,-0.56196447040012409,0.38737388180234311,0.88274697106227773,0.60324325084114072,-0.94801602871315982,0.76687995796572861,-0.41829874762767805,-0.41999448669153328,0.93125040704305784,0.88227459467838432,0.67497006728505715,0.43236928152979059,0.76088539775030362,0.89193735369624272,-0.49741960692017773,0.41241037479190079
821,0.26197778644909198,-0.75376213619416133,0.33416455115230037,0.80910904480400148,0.53337468064909554,-0.80697950429812715,0.99283703377054566,-0.44788004704540652,0.14007751111700206,0.52747916702037601,-0.93873517462275924,-0.38714250553837126,0.61418434010770029,0.033622737770827138,0.18205374476162239,0.25956043360287473,-0.74988196878362867,0.4255741992565798,-0.19578962484004836,-0.7827521252948304
822,0.26197778644909198,-0.75376213619416133,0.33416455115230037,0.80910904480400148,0.53337468064909554,-0.80697950429812715,0.99283703377054566,-0.44788004704540652,0.14007751111700206,0.52747916702037601,-0.93873517462275924,-0.38714250553837126,0.61418434010770029,0.033622737770827138,0.18205374476162239,0.25956043360287473,-0.74988196878362867,0.4255741992565798,-0.19578962484004836,-0.7827521252948304
823,0.40275331009458104,-0.34972697419751575,0.44247268157786723,0.16765946190154368,0.34350610070466381,-0.88057349794977369,0.77095682700537305,-0.3181390338191159,-0.40990157692098173,-0.75244887723684695,-0.79562297192401021,-0.98899708961746646,0.29832414490156212,0.76241972755483389,-0.97668899380238328,0.069689834103851434,0.59658027142757053,-0.45367849995577614,0.98443871991076959,0.99107988202076092
824,0.050943976824846082,-0.79599685252361918,0.9810659079480839,0.031422851601011326,-0.051629544974599373,0.78255640851113473,-0.68720741060529189,0.64324297759509852,0.33085670471654827,0.050074708586155925,-0.63421263149219254,-0.73232462411726584,-0.64758983355320576,0.41735172592072578,-0.86306143613284791,0.92333386874641543,0.59558542793165858,-0.48160613147805087,0.12016289619229137,-0.57811830342279857
825,0.029712919215551636,-0.29140302977713084,0.96162418484244561,0.15199314601169478,0.84621361591607958,-0.095646998010475048,0.86431192538132406,-0.44740048710348379,0.45991682547958779,0.59358210012462109,-0.46474832976291092,-0.49171728333287046,-0.73915349815402154,0.52251711852564564,0.37217565710929446,0.84279884737891919,-0.97978192744889059,0.057065160017373717,0.5824986785997821,0.71260431845676431
826,0.63088287696080325,-0.82335881903692454,0.92640452167766241,0.50843936334702478,-0.51042110409794739,0.4037103539053386,0.7413755695558133,0.019482046723724666,0.8279095422520768,-0.37885166853382257,-0.30449735394202637,0.85172153415248175,0.75163238505228991,0.55832552910485256,-0.94940497867472406,-0.48708265272830542,-0.47371338267867125,0.37891807556565471,0.4177033041477356,-0.6950703371154372
827,0.062815476322421349,-0.21596879366822197,0.51878829674904403,0.20422198066952935,0.058541672194086125,-0.73586673495201183,-0.28393192157355784,0.6369887583011804,0.08093727852702659,-0.94104507885674038,-0.64599305494228476,0.81450529004371841,0.039020791046271874,0.89900161969701098,-0.55658960138599611,-0.30489197662135936,-0.98522263047409653,0.71884153113850879,-0.31439488172820518,-0.98627978189653054
828,0.1093366686681827,-0.50592179429837869,0.59767981218321053,0.77226595771861772,0.57555090334555237,0.20934106835054145,0.60704410631744365,-0.093885228344768201,0.78407193979137801,0.49133443667534138,0.46837757340663666,0.34548131564421003,-0.064317150247683585,0.18700249213375852,0.96545390219895655,-0.35888748755223721,-0.13110605489618421,0.60751217003943458,-0.17839821916761034,0.14288522940494031
829,0.95886593236173745,-0.62030543994618115,0.84808393725939113,0.24616045004369913,0.38689699716461234,-0.86488657726300811,0.61640805528969311,-0.90655141654079263,0.24959114911562352,-0.91647171728161747,0.491860307730835,0.38691282148793427,-0.29631695971380068,0.79445415525412488,-0.47862164665061546,-0.87265257526280315,-0.63911843260929091,0.4647249207773998,-0.20864165621904252,0.44949066914158342
830,0.049709674743511956,-0.82358032934103198,0.6630156988997431,0.33142447047598944,0.5776007756890742,0.79508898642129089,0.82097800902493301,-0.85365627873594785,-0.40942645552436163,-0.45884529899278803,-0.73376621713314272,0.86711500488668336,0.98156350104796863,0.63704374871867242,-0.060588746050364017,-0.5321491044533655,-0.64128017083898037,-0.83610495659556294,-0.32491168169265872,0.78268990568266306
831,0.21237993923460108,-0.60033693009634281,0.85176408434898776,0.82653749982096403,0.58987068476873117,-0.95552202639561123,0.81852095552723569,-0.41440537493801166,-0.76234303223421263,-0.11431428525397602,-0.66066813242806677,0.45935610931288751,-0.50327534989320677,0.0057273113790439201,-0.063265675241723329,-0.25688261298956094,-0.92709429919600805,-0.55842940236451311,-0.01712905276626131,0.89624342509516519
832,0.023945606061723357,-0.94644964824680144,0.68256265168812602,0.72610263066753178,0.45229982648713762,-0.021522834422817549,-0.52213615350958675,-0.40014517707168484,0.97825450986314055,0.88038420235441994,0.112521866594818,-0.91155790187438623,0.66987577240118013,0.36059595590334292,-0.987734235247264,0.084624070061101619,-0.42754694473596766,-0.53046512285283143,0.81931640851952525,-0.92145049741515184
833,0.21237993923460108,-0.60033693009634281,0.85176408434898776,0.82653749982096403,0.58987068476873117,-0.95552202639561123,0.81852095552723569,-0.41440537493801166,-0.76234303223421263,-0.11431428525397602,-0.66066813242806677,0.45935610931288751,-0.50327534989320677,0.0057273113790439201,-0.063265675241723329,-0.25688261298956094,-0.92709429919600805,-0.55842940236451311,-0.01712905276626131,0.89624342509516519
834,0.19505541572278706,-0.91513031771463016,0.41551820215411195,0.41160381320233475,0.92055908065610947,0.54011812851008578,-0.85416278366691545,0.87234056254343528,-0.95909033343178174,0.46666159130784268,-0.53951450416961411,-0.58731760684684309,-0.47775548881103225,0.52581472787482886,-0.54346758990795574,0.040364412864261512,-0.2804584902561531,-0.10339640906590519,-0.66146035578456086,0.3059369305977202
835,0.45745025525884642,-0.93242892499892349,0.86495906444628856,0.82588858246940511,-0.87221189199201743,0.27785120352789128,0.19894590677271329,0.28707651145084156,-0.85249789173313739,0.31932693362838149,-0.84947377696168491,0.97272408211469208,-0.63383785381548763,0.66532421231476735,-0.85302164208885189,0.96096035715113648,0.48077449476064937,0.56307626080728612,0.71256910668923923,-0.91264774826962025
836,0.020510836397819032,-0.62647275933750879,0.34816774755474555,0.10160802625628307,0.59099037759705531,0.92280325036057542,0.35880379363772197,-0.06740325244298262,-0.47400729514721229,-0.91734546586460586,-0.43375459109672265,0.21210827236402463,-0.7309856925194278,0.86221947820939526,-0.059480352488489929,-0.40141901467189389,-0.84283712579704906,0.31094668456668728,0.87226461504728836,0.051361702235805939
837,0.060996220325658657,-0.51601523926025705,0.82496121234015596,0.45975950999931037,0.6226911730206659,0.17614525716222618,-0.63365898908792051,0.059537250250067064,-0.88171169253630755,0.60625449133751697,-0.45693346686652725,0.30355043916974989,0.75882950969316254,0.86585252492184006,0.57341192891518999,-0.99875435344649244,0.87321003029711841,0.90234980028457423,-0.45058265057544777,0.83558037051048539
838,0.9011508966447217,-0.56227078314351497,0.92350598533289818,0.49829177995387597,0.58798676308757902,-0.92201806328328662,0.50650822846423904,0.60763713109021045,0.80849192387474944,-0.20127044035576636,-0.25741703925290582,0.36456392739020904,0.24890198598709667,0.48252796282867494,-0.71853286519574278,0.75477795299406614,0.44810860478133163,-0.17511220115864412,-0.94743935874304164,-0.052680007461594958
839,0.067495577144569996,-0.59175746799517159,0.56796965820173995,0.2633716674912443,-0.79911012825389194,0.38017509365582214,0.71220351891065725,0.56228406707914225,0.37660603414054905,-0.38346343316762166,-0.1257707548956748,0.27804718236254256,0.78919311164564632,0.96593460256000463,-0.17401903390606854,-0.34385026505962091,-0.4796332067305189,0.56115331320083017,0.69851484211377124,0.77738970561838072
840,0.21028207320195835,-0.66269286919064041,0.44617703636391837,0.663771851741074,0.56925390959250399,0.4925187650204832,0.56053190622525628,0.020047971312253221,0.97403523133270942,0.84535635690585065,-0.8194858332533479,0.91817731654762191,-0.84725811526522921,0.33342876031325952,0.4342276411596675,0.60788487848337547,0.13640616671354189,0.52097762881880239,-0.1743429701403818,0.094899519711902691
841,0.77115140317664221,-0.83705534035830742,0.57910582227559559,0.56525640825186541,0.80930825235515624,-0.31149315608386763,-0.2682049203027117,-0.43544956861632644,0.7833310022204385,-0.012995370026816389,0.37819664989794788,-0.24283250101700204,0.74748781826519495,0.15165179885967328,-0.22659276515894589,0.5011150899880461,-0.87931009488829104,-0.30468199842135002,-0.66721895884621385,0.52969016170818883
842,0.33404169956486363,-0.58291396877229684,0.96190327980412893,0.95279251603998771,-0.10936810529826424,-0.72647560309916881,0.29266748087113914,-0.30916967603308176,-0.61436622326959633,-0.98734039400824591,0.67952273187169121,-0.63369744740688172,0.94179422251420664,0.58277465011936069,-0.7287624391058376,0.56296548996143958,-0.030425892249133391,0.26585153959912255,-0.46451204419979497,0.076690169008614584
843,0.18531197871838745,-0.93787574368439208,0.4805085973626082,0.135201767463214,0.82572917856529093,-0.028208992068609495,0.56738345342637175,0.77340286553632787,0.60976956511950475,-0.39253220322486038,0.39174706797446546,0.12310791746481176,0.061565229911757058,0.75670369347141531,-0.53288688174537979,0.55658786119386749,0.36862352338211357,0.19264123601014216,0.80616998337382251,0.099205635843153228
844,0.87834295554179276,-0.76236632762194012,0.94078104897389525,0.2525868292028417,0.74403726924303082,-0.73981078343135676,0.83163660175132414,0.30824322539161075,0.17369622085121628,0.51575419494758212,0.033827458132160926,-0.33018272230973644,-0.36591510538282535,0.89927496397409401,0.65388236878968531,0.48335445648216369,0.94644527639418263,-0.26721139488979873,0.71858519440554813,-0.12711826863347686
845,0.023945606061723357,-0.94644964824680144,0.68256265168812602,0.72610263066753178,0.45229982648713762,-0.021522834422817549,-0.52213615350958675,-0.40014517707168484,0.97825450986314055,0.88038420235441994,0.112521866594818,-0.91155790187438623,0.66987577240118013,0.36059595590334292,-0.987734235247264,0.084624070061101619,-0.42754694473596766,-0.53046512285283143,0.81931640851952525,-0.92145049741515184
846,0.0084644512848788267,-0.57738522414025173,0.78119490230992383,0.71265881337382253,0.23566350824065618,-0.081669732532871908,-0.74481653233683076,-0.55640958003464047,0.027823332899122644,0.48426772869419787,-0.70077637513601521,-0.71009832004093587,0.57751088936357919,0.3513760682739524,0.17869149557913966,-0.92213997957862803,-0.87385304249032125,-0.22138654692207282,-0.92742519765624776,0.3947734468987103
847,0.26197778644909198,-0.75376213619416133,0.33416455115230037,0.80910904480400148,0.53337468064909554,-0.80697950429812715,0.99283703377054566,-0.44788004704540652,0.14007751111700206,0.52747916702037601,-0.93873517462275924,-0.38714250553837126,0.61418434010770029,0.033622737770827138,0.18205374476162239,0.25956043360287473,-0.74988196878362867,0.4255741992565798,-0.19578962484004836,-0.7827521252948304
848,0.71103833819748319,-0.32153959331536996,0.60464430251921009,0.66876122951887162,0.60949016657349708,-0.5365655447727038,0.10063990181766069,-0.82487404580550283,0.25689933610461835,0.52478363854078758,0.13644450881232451,0.062622139157466616,0.74048378310094876,0.68050238243054717,0.082162169867733503,0.729908002086606,0.3483558990232829,-0.77738713717223429,-0.84796824079666955,-0.82192786393692585
849,0.0053109709049501408,-0.88556010742046887,0.53999389900302286,0.30297791695429721,0.028348621242079819,-0.087601185966046158,-0.029019211334039285,-0.70773071252760555,0.58906376571390617,-0.10429496692872675,0.55194721703459848,0.22773545227669545,-0.92748407661808563,0.10686966308085588,0.20390600560320049,-0.17409012055598505,-0.074558861245417773,0.80773705870467483,-0.11717945064899205,0.62402661053782937
850,0.077198925855267886,-0.47947170034230724,0.66432716794610225,-0.03641648213078974,-0.72491255418449607,0.45348986559803528,-0.33066151442225911,-0.80958469930588639,0.22269759325496863,0.851532643852839,-0.044670104433629065,0.51310721019375127,-0.085187868161059832,0.92871187449726933,-0.86674981209718904,-0.064432707230280828,0.48822989654262883,0.41859660520484754,0.37788391574000157,0.69567226941626781
851,0.32482562646670976,-0.47054302681640081,0.70303543857261763,0.6212043051601539,0.4583601898903642,0.10097997821300519,-0.19162626523575543,-0.17723616099059081,0.059833055116942813,-0.71814356208751651,-0.30491118995875643,0.56928166045426254,-0.14136931704001543,0.56193588904923941,-0.23511526618344125,0.89687531289735167,-0.3939605683751588,-0.91019882577477307,0.11303695190523033,0.12777378426160224
852,0.90662752982014294,-0.37470434519538665,0.83870525775833893,0.78743012869470386,-0.57659347061951771,-0.29726393215985381,0.84161079807507155,-0.92729074877469553,-0.38270368415195155,-0.2001569465898474,0.7976715197164308,-0.078930613608514388,0.98675514580797219,0.16335561231589457,-0.92362718403714372,-0.59671495976184596,-0.64664611722493492,-0.30201576330572211,-0.28883562848440092,0.72429346200177602
853,0.38912834188264878,-0.73687160649177041,0.55397800309594225,0.62406683035361254,-0.75666863042074928,0.52968492307454507,0.13655216479291354,-0.51558042292021544,0.87530488302090337,-0.63291252905943396,-0.90069146327994387,-0.85971702180190213,0.17990850376827039,0.54525268464149068,-0.94163735806038962,0.33435881432485948,0.61363540197501498,-0.33521066521757081,0.19884371459105288,-0.62011687551380223
854,0.40274288911980594,-0.71559326865943196,0.94273239356991345,0.62310208409590917,0.40153359635077734,0.1922735995475704,0.87473465475545908,-0.43968341091338026,0.90108729123838915,-0.17266754732122735,-0.77160249627349464,-0.56452947558810074,-0.059785227493293736,0.083739912064759059,0.038111742264694159,-0.4946620257058254,0.42256024007102244,-0.070242567124348287,0.72979938354884455,-0.5955519212413305
855,0.21597587136707985,-0.34178739393607604,0.56594631296493225,0.69150490649495966,0.97634858970313743,-0.77926478063009719,0.16047469524714142,-0.33298945232787469,0.28830890205159188,0.22120395337730292,0.91653589273393243,-0.84709990815166236,0.92763416064184612,0.40841632703281028,-0.12597442764954114,-0.78767408891996471,0.78458109701005818,0.26772434005141132,0.61233171531290864,-0.66768985171649375
856,0.68140926870406915,-0.84636039437562527,0.90021298508106762,0.23926501943205225,-0.63909292099060622,-0.21480224107080259,0.12038186612064794,0.75831751004595271,-0.89564404844999257,-0.29717565806306401,-0.5352056982605351,-0.080236932425649554,0.76227595166489381,0.86750729018552608,0.032110472329925255,-0.65857519579017554,-0.45115602447788472,0.28516348179802353,0.069065455913491114,0.51204374810612507
857,0.36329468070021731,-0.40413156420507512,0.45053894913599191,0.7924867015567163,0.20870747339139673,0.66945136535381544,-0.46115834926449084,0.047217004371303606,0.78400170659075474,-0.59011555317535902,0.19185609034531681,0.10404135864539898,0.60122839521547666,0.26784436172945258,-0.11922231088298374,-0.3408757838748282,0.14168722722316618,-0.83790604355553899,0.27546954219373965,0.16991096388982529
858,0.30248546240585727,-0.74703100926154908,0.46436108067600479,0.47900360695875999,0.77042318259153864,-0.43584004451156289,0.85817558192597354,-0.28620627425665868,-0.44579457863428362,0.77864383146489047,-0.19977352641729929,-0.89926385332134751,0.47374996212585407,0.13281494551504425,-0.25995921369539676,0.6793382511354662,-0.7791460528382772,-0.012370636698221027,-0.22248315417376596,-0.47563120683915061
859,0.71291780828588602,-0.53963814661630805,0.93731118152821646,0.97995711204481073,0.1987712330099447,-0.28685492288418968,0.88278714553448734,-0.47380343255807045,-0.70399890791194841,0.13947574758317871,-0.53946796145481524,0.83098169712697523,0.0048789401887452399,0.59066726124057212,-0.4833470776056854,-0.33561037627051005,0.77667386779608849,0.0022331848979266766,-0.33538082654450441,0.73665503592677783
860,0.45191372630582172,-0.93865057799239038,0.42030862727066243,0.12250346683771496,0.97564935237143802,0.60382017089120099,0.53719729198956689,0.99594984239104667,0.88634270267069604,0.84125203087615907,-0.35903244260082912,0.62057811850362099,0.037461894165480292,0.90820338250804666,0.25697761337190927,-0.062411990283985475,-0.47212412888743827,0.14389929379730559,0.94594450351593373,-0.96543709852610982
861,-0.002550788996011244,-0.59446025253827495,0.47637507050894867,0.63003766597981281,-0.48399282864737891,0.56331733351132551,-0.062309179839336704,-0.2082937993054319,-0.84826516270078911,-0.99471081864070277,-0.56483524381198835,0.053691068693061395,-0.97432403015183899,0.80604803101750955,0.86478128205166782,-0.11082625240049282,0.37580379717331458,0.2148810165116104,0.84697779039109933,-0.69922831749865755
862,0.30248546240585727,-0.74703100926154908,0.46436108067600479,0.47900360695875999,0.77042318259153864,-0.43584004451156289,0.85817558192597354,-0.28620627425665868,-0.44579457863428362,0.77864383146489047,-0.19977352641729929,-0.89926385332134751,0.47374996212585407,0.13281494551504425,-0.25995921369539676,0.6793382511354662,-0.7791460528382772,-0.012370636698221027,-0.22248315417376596,-0.47563120683915061
863,0.18456358443831644,-0.61986107985952232,0.83833851589027719,0.40903706114506844,0.31861732177804569,-0.95219565836485676,0.67559082852539443,-0.15916733807755512,0.49792106933217495,0.73832518920716095,-0.43771911487886705,0.11729445834052954,-0.073340235740642079,0.46032659101520657,-0.48390627339408088,0.46927719800827106,-0.97326126502178067,-0.21561886538079245,-0.91871756179144559,0.2954116817124357
864,0.038235708308989702,-0.51709982995097215,0.81507167834462479,0.39250247129634208,0.031205832079397533,0.44646001745485764,-0.43461656528048942,-0.91609192545481188,0.53629160106320439,0.11631356769942403,-0.24727814221910682,0.23486439128918568,0.38371186461693729,0.67890883073808528,0.51872262180887763,-0.56169117757817943,0.79256252430540619,-0.036570101379238995,0.1218635736761895,0.21771938285475012
865,0.02202195136776508,-0.76566492987927992,0.53320570031861636,0.81813473290347782,0.083169710371506111,-0.72235322200000174,-0.55897535839877399,-0.96800917372855588,0.52313909935434344,0.63841861779051534,-0.25969576075136347,0.23214009070304198,0.15424339333346437,0.32349030669212775,-0.27656652784552804,0.71543566637676603,0.96015243551352691,0.07269733217736829,0.9611736572579368,-0.88916930049633147
866,0.96268610068695781,-0.79792771412484464,0.73821786444567872,0.7580280041154499,0.78450132522127491,-0.47527629669869342,0.65435377473259515,0.69906618658519037,0.77666808651433983,-0.31036043574327477,-0.30943829250675314,0.090073746074632366,0.31911245293942581,0.22991785485549032,-0.85549460913878805,-0.64864215949001136,-0.51106830403230963,0.87627704788768757,0.69631267961071375,-0.0012298018016312362
867,0.073806755165797266,-0.31929729207176316,0.52689321937909472,0.9478559507275468,0.55839838391434848,0.35717053401379162,0.077177755370729573,-0.5331361919275317,0.062883235279460159,0.35144530066849877,0.73640065678051014,0.13530131899434528,0.6358098154382692,0.15538604748096829,-0.99479993293369517,0.44453499591702861,0.29758841890190868,-0.064897784467550013,-0.78113445108430146,0.60783914698523178
868,0.56281457659070999,-0.90529573513179851,0.34505993967224735,0.69730005222117897,-0.70007096160696225,-0.78627881926426468,0.68782711941087649,0.93370905409551708,0.57841176154131446,-0.38694305215788405,0.30865168360310857,0.36741991820560349,-0.15570844039600096,0.98255732193206557,-0.3929802954705115,0.43635314032095374,-0.56795291691510008,-0.98833956531272515,-0.53642374753313704,0.60770572251928923
869,0.078466587615671601,-0.40484531541243585,0.53583348900715211,0.59491754475201786,-0.35145681488006275,-0.68706229637925964,0.46350830063400972,0.1141881973216925,0.99950883485212638,-0.073170409640473721,-0.67670829124711585,0.16909352348680229,-0.0160823345842529,0.06991887092393001,-0.49384140588809933,-0.59004329845527725,-0.96449117888337299,-0.71593558763879006,0.1677536538250517,0.095786358620964185
870,0.10338459398841549,-0.68020313146725919,0.97115621819946463,0.8792263743625095,0.72828530833481464,-0.52305908527076506,0.72744134096170487,0.28184780940587251,0.53860930921729633,0.8703059442914487,0.79575761704267634,-0.78226292925022456,-0.17635245893264329,0.081615721785009532,-0.045790440871711358,0.83490316345565097,-0.81857433473173091,0.60306454447826496,-0.21778493130034593,-0.52352905928776527
871,0.67135518014537965,-0.66459497514085109,0.80276885997581005,0.56513967597703618,0.30533483414043383,-0.33332494705705185,0.42409074441390993,-0.24759650571942782,-0.95236329168808531,-0.31056238892178167,-0.18582452777408665,-0.78847677401504379,-0.093805596927136303,0.78916777653692138,-0.884382833458216,-0.34767484097432444,0.44461108933929494,0.016790306691259804,-0.88258051223973499,0.095185042073911319
872,0.014213072513762359,-0.58726285682948198,0.76356057189823257,0.44030771945964231,-0.65096453550727817,-0.88914235770067851,-0.18844957030704057,-0.18997543684709495,-0.25439058636092504,0.93053671843213959,0.52633498887538832,0.97710412997571061,0.94655850602656111,0.94953815248227791,0.3281637425363011,-0.78933946716403169,0.061705152647530737,-0.41958278522202619,-0.52467084449260915,-0.68922361128234666
873,0.44192839064833689,-0.96525268706520628,0.9688004377584154,0.9658818556858173,0.69758469563598591,0.9551460511975316,0.61901063672840873,-0.53600396992491195,-0.12779001086290553,-0.72703445578598513,-0.52045390263211067,0.95691094919846531,0.41155376883877071,0.20390555469315208,-0.192433538001195,0.56448438455741501,0.58017152433399932,-0.31159932230432141,-0.9089780516705892,0.93386729349330122
874,0.1373069911199214,-0.47803962897290253,0.78652406853574441,0.24117498919124447,-0.10699954934321254,-0.66786266258204674,0.84474148275353578,-0.84069070634354159,-0.029867126699039348,-0.81510561021119554,-0.58804238947208476,-0.79677052199318732,0.72807251892066316,0.61583693516693772,0.54570673709092876,-0.50281016526365518,0.31411597417904336,-0.82033155981959194,-0.90747007861284246,0.26233506602166567
875,0.043912034411606404,-0.78328874757307787,0.61663801697656817,-0.16667307788081476,0.83489253572759381,-0.94608115582982788,-0.9421575094986181,-0.11684736927221917,0.48201455182156971,-0.058825643915794146,-0.85894188646549341,-0.036768841486217507,0.026114655266685771,0.64225685774797125,-0.0044360215914320822,-0.46851557642047692,0.57478081567297035,-0.98687522970226382,-0.56609167551630968,0.39448667303448226
876,0.064408341319517781,-0.81455880337017872,0.71190685709250712,0.42548433303442046,-0.23595774716492435,-0.55668577066275793,-0.84566112567416618,0.86397808241239971,-0.39582425993410708,0.74864058314604032,0.43469635932564987,-0.1339237949625165,-0.16112434988997637,0.61385610318383099,0.48764502278160338,0.0672403730890061,0.90312913256851091,0.97948661173467522,0.83298358986353005,-0.52935040330451155
877,0.16814920669317646,-0.99834925235125471,0.87984818946514887,0.9969047701676117,0.1358820672654435,-0.45045723493793366,0.86445490533855196,0.60221256811034696,0.2940104323581576,0.96053836709910212,0.041844151230483462,-0.95906841811382493,-0.43704226608227126,0.55627350548894583,-0.062262265987491183,-0.95357628929975813,-0.73315560256844692,0.47986525903178845,0.15172912491818336,0.79793164343188017
878,0.41709571206666429,-0.2680243347796023,0.63750325943032582,0.83766337322561801,0.87669883345584365,0.54050010277644489,0.68482158868436116,-0.14244600298983889,-0.31970172327157376,0.30449040256200055,0.57005668152440148,-0.2318564604519302,0.57037250409599571,0.25299328775639185,-0.038869300823707098,0.048992283066857878,0.54415920422593733,0.43125047783759762,-0.23531830267716325,-0.23717955114601974
879,0.094724550553107578,-0.39055491802445097,0.52713208637413733,0.73969268147823586,0.3511320867568184,-0.20106162029999575,0.063375134927170063,-0.99635405498675311,-0.69643504301484427,0.66013807508426248,0.88343671144699742,-0.33924150543499532,0.21581858957485034,0.71359686591826099,0.8515755511790406,0.35312359181269559,-0.27751043862179281,0.20526405674183712,-0.42455141237883032,0.077550867736542628
880,0.0093313413983444615,-0.6185323548001771,0.67092466572552745,0.93900192770419633,0.31988182880982019,0.73014116420427921,0.83025175133891516,0.96456168379682938,-0.71480136234509861,0.32859733500289612,0.14256006176740521,-0.92046112135123548,0.46894278331079065,0.9318861111501302,-0.30761454545699563,0.83807932687143039,0.49779777772311484,-0.63141124125647852,0.1606153378231896,-0.2594714440687127
881,0.12150733946833681,-0.7940903394775094,0.67066479626019548,0.71035358479881983,0.048670784032468939,0.76737608535197288,0.42302323300584788,-0.3581650023059213,-0.23125453003628516,0.85925769846753841,0.34601827088127868,0.54358655759675445,0.17599492819176477,-0.029983021818190458,0.1870795192978969,-0.98427952182894196,-0.13939726650969719,0.98565595651674909,-0.11654701737256956,0.75456392939319983
882,0.77115140317664221,-0.83705534035830742,0.57910582227559559,0.56525640825186541,0.80930825235515624,-0.31149315608386763,-0.2682049203027117,-0.43544956861632644,0.7833310022204385,-0.012995370026816389,0.37819664989794788,-0.24283250101700204,0.74748781826519495,0.15165179885967328,-0.22659276515894589,0.5011150899880461,-0.87931009488829104,-0.30468199842135002,-0.66721895884621385,0.52969016170818883
883,0.021868795081156467,-0.40219888825941541,0.75464459396703298,0.83099666265351568,0.19524942763892583,0.49445628073835923,0.17602170151863117,0.43609275963537031,0.0027294602738081597,0.55816566807284906,-0.85595091329988771,-0.41331363263314036,0.84652021239445085,0.02254727343108498,-0.37968542547258055,0.058691220021125812,0.95860877608824802,0.090840598395053984,0.60104647423807589,0.89051378138752235
884,0.046711551235716353,-0.60158398145062209,0.78710729750349273,0.14436714422230801,0.83237752154416755,-0.71484998141856115,-0.36960783319319801,-0.74659605283927366,-0.75358926679372873,-0.040156246588070266,-0.56414556432423657,0.083992956798586871,0.89984357892044531,0.96812973753005549,-0.47716280227313823,-0.7000227837490145,0.102721397343843,0.35747634686194618,-0.9024603293183715,0.11837128783784623
885,0.43776591016547095,-0.61548811744123411,0.50322840537002955,0.11419879100141217,0.98090627362692717,0.56802611465159369,0.39372536725476404,-0.26581135753218876,-0.64083379546864627,0.95282661345623776,-0.73264346900693567,-0.95835772529676233,-0.36177981140771642,-0.00074826742707467808,-0.88758139064785802,0.73139723735197038,-0.27177935556750343,0.43041125591267093,-0.72656694124110355,-0.58065800819935132
886,0.96151499753518688,-0.38289647987852193,0.65314738762096813,0.20353505145434991,-0.1825874350558907,0.86914800322536889,0.43297785695096902,0.037976653028744201,0.3503141688380087,0.1551576773983403,0.31460638881793024,-0.79602827565199363,-0.1103979489845528,0.0076498094428518737,-0.76320022317108571,0.86592337573255596,-0.66216312296473046,0.99135190961181485,-0.95161974776452207,0.6275608494665319
887,0.0093313413983444615,-0.6185323548001771,0.67092466572552745,0.93900192770419633,0.31988182880982019,0.73014116420427921,0.83025175133891516,0.96456168379682938,-0.71480136234509861,0.32859733500289612,0.14256006176740521,-0.92046112135123548,0.46894278331079065,0.9318861111501302,-0.30761454545699563,0.83807932687143039,0.49779777772311484,-0.63141124125647852,0.1606153378231896,-0.2594714440687127
888,0.0084644512848788267,-0.57738522414025173,0.78119490230992383,0.71265881337382253,0.23566350824065618,-0.081669732532871908,-0.74481653233683076,-0.55640958003464047,0.027823332899122644,0.48426772869419787,-0.70077637513601521,-0.71009832004093587,0.57751088936357919,0.3513760682739524,0.17869149557913966,-0.92213997957862803,-0.87385304249032125,-0.22138654692207282,-0.92742519765624776,0.3947734468987103
889,0.69815377431993997,-0.89031654493326151,0.82614521542662911,0.25528414070182581,0.31464268783359084,-0.92771049729510935,-0.63971721696255757,-0.49838711478937636,-0.67248171842086868,0.76071924241531841,0.35109820902934996,-0.94026460756410701,-0.77755703780798302,0.82109445014902649,0.91832021935341812,0.44640322141798072,-0.547066448546637,0.36635022437210552,-0.41167728047161822,0.74642534090562784
890,0.91796283122128042,-0.4406839447523403,0.88383863410020802,0.27005738970864446,-0.14149034395234517,-0.2146297321559143,0.41115609061339597,0.26848221756619828,0.99288724150029939,-0.57221896989169863,0.41225753570808132,-0.73491119398858173,0.69202155870654214,0.99567119019088635,-0.50778531150801354,0.51257741182755323,-0.14227122962673056,0.6846008694920771,0.12671013148425092,-0.24080043108719407
891,0.023945606061723357,-0.94644964824680144,0.68256265168812602,0.72610263066753178,0.45229982648713762,-0.021522834422817549,-0.52213615350958675,-0.40014517707168484,0.97825450986314055,0.88038420235441994,0.112521866594818,-0.91155790187438623,0.66987577240118013,0.36059595590334292,-0.987734235247264,0.084624070061101619,-0.42754694473596766,-0.53046512285283143,0.81931640851952525,-0.92145049741515184
892,0.47552128940231064,-0.46484050325262327,0.334249635541783,0.6773870268499429,0.35345975259789131,0.7537425412674319,0.96227154830714579,-0.38134612666030643,0.62351936286082332,-0.17244219660384275,0.056550767206025254,0.15557363582691286,-0.99435361116114751,0.64665688795326037,-0.93637592421823657,0.14997725895343583,-0.42123688701514173,0.20411939410256963,-0.17400789113433324,0.1983038648472415
893,0.060016990366532852,-0.38509661380959104,0.9355979376671355,0.45851474880219301,0.77425969953002927,0.36369825471318373,-0.75026398218325729,-0.89548452304789583,0.88697716281117978,0.4549165029299278,-0.73057944464175462,0.86465188567011952,0.14335061290666862,0.74463992525926592,-0.11854193345484987,0.4015192454401777,-0.45401811120748836,-0.59343102157406125,0.83701024521022371,0.88242576166975972
894,0.9011508966447217,-0.56227078314351497,0.92350598533289818,0.49829177995387597,0.58798676308757902,-0.92201806328328662,0.50650822846423904,0.60763713109021045,0.80849192387474944,-0.20127044035576636,-0.25741703925290582,0.36456392739020904,0.24890198598709667,0.48252796282867494,-0.71853286519574278,0.75477795299406614,0.44810860478133163,-0.17511220115864412,-0.94743935874304164,-0.052680007461594958
895,0.6991396331129669,-0.89040586386623977,0.8022111524404123,0.23261236534407903,0.38213366651075575,0.33795987426609364,-0.58531229966184517,-0.80717467677780341,0.95866659302533708,0.34408773098914258,-0.93161027479024572,0.71799257596312205,0.77211203148338337,0.4781331905292916,0.59025209549623425,0.84875937196868856,-0.30159437714664317,0.58513279695471332,-0.84532495200279101,-0.16358294585828759
896,0.43832109834188104,-0.96079446417876535,0.3243023537884393,0.81544310833203193,0.72097013848568192,-0.25313667364271786,-0.52019572346274079,0.37756381580637655,0.11322898831190686,-0.44016276044476399,-0.016079744703396237,-0.16233161586392808,0.91584826609380809,0.48545512413305025,-0.54597348466785967,0.19647404364447141,-0.42063733367080047,-0.69468183616754065,-0.24528874872201345,0.35366566358869433
897,0.77745816622945063,-0.72946908340346872,0.8078232967983876,0.192349551827107,-0.41352711052884095,0.82860044368175734,0.56482786062589274,0.63737760087078432,-0.61403943474181655,0.54974999709426586,-0.76860105498165243,-0.66937474814369491,-0.39394062300694377,0.61557728233617826,-0.15505035009531998,0.42272054653048285,0.37562596434985585,-0.49196277286683143,0.94987095637304009,0.61263689792197673
898,0.060996220325658657,-0.51601523926025705,0.82496121234015596,0.45975950999931037,0.6226911730206659,0.17614525716222618,-0.63365898908792051,0.059537250250067064,-0.88171169253630755,0.60625449133751697,-0.45693346686652725,0.30355043916974989,0.75882950969316254,0.86585252492184006,0.57341192891518999,-0.99875435344649244,0.87321003029711841,0.90234980028457423,-0.45058265057544777,0.83558037051048539
899,0.052323179214733173,-0.40105041860185064,0.75205356588549432,-0.22212152275671349,-0.41389477325977753,0.72410194743119694,-0.10758467045755538,0.39179489480343221,0.068827525462406225,0.6819812289793854,-0.54773261604910362,-0.28482487906103171,-0.86389095816984618,0.71074680346505192,0.88654290357922938,0.7980634678231957,0.070266201514663562,-0.60777825952284914,0.83066735565298933,0.26031152690301584
900,0.04065087297306369,-0.61137951652253086,0.36983154724881806,0.43931467935391288,0.3411471173358398,-0.78175493194795265,0.94205726700327808,0.015175200318878757,0.84386851726326273,-0.34341056640008061,-0.079145291097576509,-0.39740402028481103,0.99382458451750222,0.092921903575241549,0.31886033036284012,0.71796912111915523,0.30096096367891723,0.44335534101605223,0.31255788636378945,-0.73434082775096465
901,0.046335836427960908,-0.72636500081943822,0.50010056207155351,0.46290736887900596,0.016274313225304038,0.21655132840886226,0.85560150445657879,-0.21488745255036279,-0.10902562565330531,-0.28100622357641725,-0.020261524298634148,-0.57183388382930356,-0.79713555787713486,0.90697228490104509,-0.58811286757526715,0.93657694214155218,-0.73183659945612733,0.86027505219136202,0.95172155549798965,0.70027038786683438
902,-0.057844186456845081,-0.78497067527002562,0.6760523931168585,0.80218984611785515,-0.18473497641722614,-0.16243770755592091,-0.039276357098324777,0.89016403573650948,-0.39767545248616121,-0.21339481445031661,0.0035202291684810483,0.3417164851178045,0.19137899007637471,0.078595515434650709,-0.75649611773220804,-0.047770691443023594,-0.35194393474293584,0.042237158567446809,-0.081151160252201482,-0.61550584575679168
903,0.023945606061723357,-0.94644964824680144,0.68256265168812602,0.72610263066753178,0.45229982648713762,-0.021522834422817549,-0.52213615350958675,-0.40014517707168484,0.97825450986314055,0.88038420235441994,0.112521866594818,-0.91155790187438623,0.66987577240118013,0.36059595590334292,-0.987734235247264,0.084624070061101619,-0.42754694473596766,-0.53046512285283143,0.81931640851952525,-0.92145049741515184
904,0.02202195136776508,-0.76566492987927992,0.53320570031861636,0.81813473290347782,0.083169710371506111,-0.72235322200000174,-0.55897535839877399,-0.96800917372855588,0.52313909935434344,0.63841861779051534,-0.25969576075136347,0.23214009070304198,0.15424339333346437,0.32349030669212775,-0.27656652784552804,0.71543566637676603,0.96015243551352691,0.07269733217736829,0.9611736572579368,-0.88916930049633147
905,0.23501744557067195,-0.90144407551245576,0.44836165860867472,0.16854667286996472,-0.11060563806902235,0.22584465290558131,0.0050811883187993345,-0.51615773195649517,0.24437190112522367,-0.14106607610456168,-0.22102961048872682,0.31360666592956532,-0.21280240339624656,0.029614298346398504,-0.071261737831105565,0.3203721862056037,-0.94317991640308319,-0.13754240643849336,-0.11027196080803114,0.88379103175198948
906,0.022105815154985775,-0.82733034451581111,0.95614535106707477,0.94127111669115116,-0.19516962898681456,-0.11147155563295486,0.096992704621146286,-0.89879110821309793,0.15903961511215914,-0.21841580474610667,-0.73898474228425615,0.58836017610064162,0.92463707506174586,0.59463620603526457,-0.39477782251819882,-0.19004713919794569,-0.43644821261392308,0.73554460731489901,0.27364788220111658,0.76102428619390916
907,0.060016990366532852,-0.38509661380959104,0.9355979376671355,0.45851474880219301,0.77425969953002927,0.36369825471318373,-0.75026398218325729,-0.89548452304789583,0.88697716281117978,0.4549165029299278,-0.73057944464175462,0.86465188567011952,0.14335061290666862,0.74463992525926592,-0.11854193345484987,0.4015192454401777,-0.45401811120748836,-0.59343102157406125,0.83701024521022371,0.88242576166975972
908,0.30213850691159339,-0.99916035646981327,0.81588527560737667,0.17603832649984508,-0.40338666969319781,-0.51577587577463624,0.52422090183808656,0.40527195246860659,-0.81238886528085597,0.51044986030897421,-0.35654059386054437,-0.10028860336657108,-0.41158251308206939,0.42322425625737692,-0.95275661264867795,-0.01326729842282659,0.090303161186316094,-0.18406424540706356,-0.80746133991235536,-0.64542795331131808
909,0.36342793703354559,-0.53307397409120894,0.80420700136840817,0.24566055132302012,-0.49334763496256939,-0.58629159621766624,-0.14550898856747607,0.85457103487460073,0.91353909288511814,0.21370585379233997,-0.33036446869590308,-0.77427838121021608,0.031023226050969743,0.71923657405560437,0.2996011971598318,0.24396667949552575,0.26182549333066008,-0.83453266045554764,-0.31688453068678935,-0.055552354625190148
910,0.0084644512848788267,-0.57738522414025173,0.78119490230992383,0.71265881337382253,0.23566350824065618,-0.081669732532871908,-0.74481653233683076,-0.55640958003464047,0.027823332899122644,0.48426772869419787,-0.70077637513601521,-0.71009832004093587,0.57751088936357919,0.3513760682739524,0.17869149557913966,-0.92213997957862803,-0.87385304249032125,-0.22138654692207282,-0.92742519765624776,0.3947734468987103
911,0.34560339005290186,-0.71519936606146439,0.32010659778326245,0.7865994171199302,-0.71429968280334544,0.45537541660891367,0.94809739856186215,0.013593424748560734,-0.83330363500380544,0.085450888620288712,-0.16671519600739693,-0.86385814504334002,-0.14109874945211209,0.07168610466889902,-0.13599947470067897,-0.35489955690357489,-0.14075584214832326,0.5889060785585718,-0.88087674790028347,0.44273609876687203
912,0.52740227522020788,-0.63040562885968132,0.64874810294097851,0.58567749347319742,0.64872689987945065,-0.32013231706122003,0.78828046805031793,0.58145939176570849,0.899184749971353,0.5038010976767735,-0.29528394529636004,0.92283846703340799,0.71484608911344782,0.60856307691424982,-0.043143442094500273,0.74879805213005124,0.75607315448098489,-0.83060669960508982,-0.071712965861345124,0.59784923022197134
913,0.067495577144569996,-0.59175746799517159,0.56796965820173995,0.2633716674912443,-0.79911012825389194,0.38017509365582214,0.71220351891065725,0.56228406707914225,0.37660603414054905,-0.38346343316762166,-0.1257707548956748,0.27804718236254256,0.78919311164564632,0.96593460256000463,-0.17401903390606854,-0.34385026505962091,-0.4796332067305189,0.56115331320083017,0.69851484211377124,0.77738970561838072
914,0.064164171015299143,-0.86058069783135727,0.24368752234061053,0.85794857473894592,0.23153425430611874,-0.31408080051556686,0.3628256856847154,0.71840026421911385,-0.59647865708580494,0.1352247870297516,-0.95592188077248519,-0.37131564887107293,-0.15239334372248914,0.69253278646606242,-0.73926840742805955,0.154980962730626,-0.96307392183882734,-0.58803079266993974,0.067460343386249733,0.033658062775539843
915,0.39164578124955685,-0.42723878766830836,0.36297664412965824,0.46859521509912549,0.37247095562568799,0.32464661919193993,0.99669505670411263,0.73461674286761203,0.9386082188144047,0.7251024261228638,0.29852565062280467,-0.92400070705474069,0.79088516938087072,0.51111382610738909,-0.71201763368460735,-0.93506322883042059,0.44269457246399813,-0.36903197925082876,0.82637241449335042,0.093677911415914972
916,0.85791488423657047,-0.27811559165216515,0.63540110392223559,0.59166116087942666,0.82789638354021267,0.98067267599207231,0.85342740726079969,-0.5425556566334393,-0.37921540753295924,-0.26742665712533165,-0.62794718786507708,-0.93044579299444075,0.93663909030720949,0.34975877782564457,-0.33066842172562083,-0.67299469738509576,0.57195564526772125,0.27216975811839772,-0.17149362576639637,-0.25129719888508761
917,0.0041421135532566655,-0.41155195967313363,0.56933141616398708,0.37310604662478086,0.82012743582506764,0.52261358037496453,0.57647179521033109,-0.72253055265272303,0.23429984575269414,-0.10045094217345008,-0.74691006228485701,-0.46943634301978077,0.052129197050813536,0.60696028535063307,-0.37581487609996267,-0.95928419156655287,0.20877837841524438,-0.40672173166848613,-0.52169419790795479,0.73756917689021217
918,0.7291907827250772,-0.57165637274652714,0.61841249810129861,0.17864590160441507,0.021672353412749645,-0.16572914135162597,-0.0025674397823411965,0.66688227658865262,0.64596811353270511,0.32972741362855618,-0.79002436841279766,-0.22391263209251133,0.25100292814449143,0.20302361478776576,-0.0078027409029193251,0.26123016998330684,-0.82770695230884428,0.50990230250620594,-0.2726227738610163,0.64205743291616479
919,0.93396151540427286,-0.41195198300039526,0.65318689007459163,0.58249085983459925,0.44146885724554874,-0.68384753262673814,0.93271113007827311,-0.51750431363085569,0.3406711369418518,0.35070272871893882,-0.76529788371190111,-0.56224721067038441,0.16586627528266695,0.10130045537389454,-0.48951303150548275,0.37265720454243301,0.56248808272604256,0.39467545733766429,-0.8554158638119902,0.43435829988358932
920,0.034526847549792627,-0.80423205233850314,0.86252783881737116,0.057824137856492985,0.22856355836927178,-0.98250397301119041,0.28338495884065074,-0.078065740222583946,0.54007039372242671,0.21401990145405292,-0.81760652832577696,-0.27185806250740785,-0.82457922619031443,0.36610731234609784,-0.1508466796169845,-0.96577926403732528,-0.11395659444064488,0.72810232166693978,0.9019716062890113,-0.76497127342283466
921,0.36826385738504053,-0.76404249949245018,0.81423711018953182,0.41470072063781482,0.37712779359097448,-0.85520748086778653,0.36960238344314145,0.21138048382498886,-0.31237851117706894,0.65732891612946753,0.92945940813406147,0.17457460412050163,0.71117269783441373,0.16227473546241167,0.35136935154078963,0.15530610236605202,-0.74122479479196945,0.458930450082216,0.48428516480540229,0.092552099765163431
922,0.011153807754365808,-0.69884439331408332,0.91569625437753932,0.23954373814554364,0.64150020909170813,0.69708272799086424,0.7170881575608643,0.9059685377893647,0.32278061358685206,0.080859510688471303,0.50240393810720119,0.18597912450945153,0.76431656362063571,0.28619517629355062,-0.81675070635322733,-0.23361617605492757,0.538367468929281,0.077068407721634591,0.20961250660357678,0.65669396321325024
923,0.40098383116137537,-0.93368585602208221,0.57684274234365263,0.16136420977324328,0.36237985626450597,-0.76541515166557073,0.19273602084114372,-0.76623677940246626,-0.96374361284633681,-0.81039814198386573,-0.15175536442695514,-0.91707741797211328,-0.083632650501918482,0.21264643760048041,-0.43286395966343316,0.29618006228827043,0.37073409229182297,0.35136012802297922,-0.012315201945547027,-0.62036291116846853
924,0.35067623424931482,-0.81794899764785889,0.55246503947617165,0.91812940396107123,-0.96624258497661963,-0.45569338400745307,0.59200685850530288,0.5342854173840752,0.74602539785061706,0.027095437177817372,-0.33956647826759045,0.0949948232872595,0.10747585268062765,0.04264702891412453,-0.20688860907975859,0.081471695084471385,-0.68207437866548193,-0.73974338125942851,0.63313607077795409,-0.88638025219006766
925,0.0084644512848788267,-0.57738522414025173,0.78119490230992383,0.71265881337382253,0.23566350824065618,-0.081669732532871908,-0.74481653233683076,-0.55640958003464047,0.027823332899122644,0.48426772869419787,-0.70077637513601521,-0.71009832004093587,0.57751088936357919,0.3513760682739524,0.17869149557913966,-0.92213997957862803,-0.87385304249032125,-0.22138654692207282,-0.92742519765624776,0.3947734468987103
926,0.72009180214640245,-0.61236711818540823,0.80933366539790574,0.75800096064355915,0.5530194363603822,0.15450697436325256,-0.90691054437518726,0.69619061969160523,0.98019953614068078,-0.97442441484212106,-0.44056611803023826,-0.24386084007246289,0.93946527653987388,0.33142722448943629,-0.40582758593020296,-0.66754977698953089,0.5750419279041068,0.9423503897029788,-0.040582485578466887,-0.037712897801766676
927,0.038235708308989702,-0.51709982995097215,0.81507167834462479,0.39250247129634208,0.031205832079397533,0.44646001745485764,-0.43461656528048942,-0.91609192545481188,0.53629160106320439,0.11631356769942403,-0.24727814221910682,0.23486439128918568,0.38371186461693729,0.67890883073808528,0.51872262180887763,-0.56169117757817943,0.79256252430540619,-0.036570101379238995,0.1218635736761895,0.21771938285475012
928,0.65977809669938892,-0.95459858367402628,0.60448138910789928,0.70097740655891472,0.18198109927299622,0.76679460620785966,-0.81502206476978278,0.28420895283010306,-0.15526301642209406,-0.91724395199141751,-0.48299727306903328,0.66186334769762101,0.58445900274598372,0.77140465895665788,0.8868079740819117,0.72428858148987452,-0.097882101427718027,0.9162592540346759,-0.5321296985192201,-0.85415166488020033
929,0.023945606061723357,-0.94644964824680144,0.68256265168812602,0.72610263066753178,0.45229982648713762,-0.021522834422817549,-0.52213615350958675,-0.40014517707168484,0.97825450986314055,0.88038420235441994,0.112521866594818,-0.91155790187438623,0.66987577240118013,0.36059595590334292,-0.987734235247264,0.084624070061101619,-0.42754694473596766,-0.53046512285283143,0.81931640851952525,-0.92145049741515184
930,0.1447010554228092,-0.62221191601785208,0.54789091819492142,0.17776111824013663,0.7328082882798308,-0.03686172938324761,-0.47270201559035629,0.17529270293570876,0.23711253592633019,0.47771769623103544,0.07947718889610611,-0.85500103310722442,0.98246363222995692,0.97937096352160191,-0.77747071254999489,-0.095854974189758746,0.22244032327864227,0.11810921565929533,-0.12490091571054229,0.88753244704905532
931,0.02202195136776508,-0.76566492987927992,0.53320570031861636,0.81813473290347782,0.083169710371506111,-0.72235322200000174,-0.55897535839877399,-0.96800917372855588,0.52313909935434344,0.63841861779051534,-0.25969576075136347,0.23214009070304198,0.15424339333346437,0.32349030669212775,-0.27656652784552804,0.71543566637676603,0.96015243551352691,0.07269733217736829,0.9611736572579368,-0.88916930049633147
932,0.054133333049081855,-0.89278769358853416,0.89808958162938324,0.67886205975373537,-0.74389180054345649,0.60878168050019865,0.64830242488808776,0.90995238950376311,-0.60378241972820801,0.63987410754374863,-0.64998409242088351,0.19309113400961997,0.74728014080893312,0.6057389991844071,0.7098449175087429,0.98437631263149616,0.9425990466680727,0.36525210571795452,0.09133889822993102,0.3489767487288451
933,0.67322641559253005,-0.54525945520553787,0.74857403251648025,0.68361926154979025,0.87189404340642129,-0.65519921833004524,0.78054476955129592,-0.32569681151359742,-0.14004429414001529,0.93824945963894923,-0.88417393659929777,0.29761417685901259,-0.43491385501972157,0.62689222275441292,-0.81074399070531089,0.68140237605425558,0.71249173284608402,-0.56402242762176202,0.1138041866226045,0.39652265379471485
934,0.17256279930157548,-0.77446678956199344,0.56505774963729571,0.90861770719359147,0.48973573164070561,-0.20494329683557733,0.68815748981988456,-0.39009261470231626,0.0086942853689953026,0.29121993397246082,0.19024820831587053,0.86510859214597313,-0.61316568845723629,0.27292563579046747,-0.93615867711611589,0.325561089514115,-0.79289849864339712,-0.21596102677250717,0.59369983866495235,-0.40437551952306294
935,0.032928244135496776,-0.91386199177902383,0.77773942165338039,0.8165350596924581,-0.915645075825962,-0.84996611595951688,0.84183225060220312,0.59717801483332011,0.14673055923141765,0.75736632318240149,-0.84987929734573098,-0.27352368250385828,0.58653302858255896,0.24144559716447023,0.93823996393956932,0.23932101659623317,-0.99954117051152802,0.26101945583375041,0.13508848594879685,0.58618609279384759
936,0.01267171141487311,-0.59288085155929648,0.45776347471264067,0.69881110816040204,-0.87480674977354722,-0.80984064909831299,-0.36408811446389144,0.66100574751246666,-0.53365606751278238,-0.51069408168621377,-0.37651595721977182,0.15336744244929479,0.90884100526861178,0.2736013542340312,0.27850087220254194,0.33342790243022602,-0.92997283155738475,0.48072234431873229,-0.41569798899044441,0.87635911966316526
937,0.39484914275316352,-0.55601164264421232,0.97121466236606935,0.71039437354047608,-0.20770482570598325,0.11538288714757461,0.95768611741336995,-0.37818565728547093,0.80812102152827303,-0.95709988577274241,-0.66724934174854544,0.82766202380714748,-0.22167095669212955,0.8562963815289828,-0.89461309854401461,0.57560853936462753,0.82871461406335789,0.23327961421568122,0.19045263099120513,-0.17258936705568773
938,0.046335836427960908,-0.72636500081943822,0.50010056207155351,0.46290736887900596,0.016274313225304038,0.21655132840886226,0.85560150445657879,-0.21488745255036279,-0.10902562565330531,-0.28100622357641725,-0.020261524298634148,-0.57183388382930356,-0.79713555787713486,0.90697228490104509,-0.58811286757526715,0.93657694214155218,-0.73183659945612733,0.86027505219136202,0.95172155549798965,0.70027038786683438
939,0.022105815154985775,-0.82733034451581111,0.95614535106707477,0.94127111669115116,-0.19516962898681456,-0.11147155563295486,0.096992704621146286,-0.89879110821309793,0.15903961511215914,-0.21841580474610667,-0.73898474228425615,0.58836017610064162,0.92463707506174586,0.59463620603526457,-0.39477782251819882,-0.19004713919794569,-0.43644821261392308,0.73554460731489901,0.27364788220111658,0.76102428619390916
940,0.30318266624543933,-0.4096881493016129,0.94647800221712552,0.25891822359798011,0.66527515841856166,-0.15704720443217046,-0.92708370364795112,-0.445623326687836,-0.63061368339766344,0.76450773277075568,-0.69068612595368695,-0.41099249519654868,-0.29106934778444415,0.34340430979184444,-0.44952637494901349,0.40317961224490251,-0.90448968157255316,0.44026140728853913,-0.93681435493005494,0.26288241131969592
941,0.030714875874160219,-0.64280623945419713,0.60520146655769125,0.26010605923446772,-0.44359174595762019,-0.12989727856353439,-0.083744252512737649,0.11964976827371587,-0.27002226581863198,0.494439189949198,0.65171132797701792,-0.50874194069070855,0.95071571757286666,0.99275053625064524,-0.87433262072297757,0.019604638077129977,-0.23325992713057375,0.60602432283451635,0.75265831197094291,-0.48102671167596212
942,0.45143769867368033,-0.64945989997251385,0.79650297108985946,0.40451527194788284,0.54540651396092121,0.039178904148280846,0.82601282551005584,0.37960694550420482,0.38588948873864659,-0.53831975235048524,-0.30887864435203927,-0.97022690591184779,-0.13055917728601862,0.57009604314494089,-0.94503068806136037,0.50930028597151766,0.75030784902584857,0.40486081654119488,-0.019225307135132041,0.54995556911547405
943,0.036512984786296165,-0.77410843057169831,0.795344799747155,0.54480515060394419,-0.17125907061262113,-0.2234258845278414,0.8188420709916111,-0.49422121355362814,-0.61990126810680368,-0.020369888074027731,-0.69628174579837299,0.30733451905647113,0.01191321554544067,0.07553901055171397,-0.25416058072505887,-0.84241554276146191,0.75166979601118111,-0.078400137219336807,-0.47327613124612644,-0.74374304970785721
944,0.0093313413983444615,-0.6185323548001771,0.67092466572552745,0.93900192770419633,0.31988182880982019,0.73014116420427921,0.83025175133891516,0.96456168379682938,-0.71480136234509861,0.32859733500289612,0.14256006176740521,-0.92046112135123548,0.46894278331079065,0.9318861111501302,-0.30761454545699563,0.83807932687143039,0.49779777772311484,-0.63141124125647852,0.1606153378231896,-0.2594714440687127
945,0.032928244135496776,-0.91386199177902383,0.77773942165338039,0.8165350596924581,-0.915645075825962,-0.84996611595951688,0.84183225060220312,0.59717801483332011,0.14673055923141765,0.75736632318240149,-0.84987929734573098,-0.27352368250385828,0.58653302858255896,0.24144559716447023,0.93823996393956932,0.23932101659623317,-0.99954117051152802,0.26101945583375041,0.13508848594879685,0.58618609279384759
946,0.043186927965385813,-0.31568187102009015,0.64529907743444004,0.40310134493611027,0.40505895028580308,0.29051385653274497,0.62578710127859583,0.95740709492385734,0.085168027660061041,-0.61856876120633197,-0.85946737084218627,0.21229192148610165,-0.48257333559919746,0.29983157508175884,0.90700025543361762,0.98757173812636978,-0.29927629413108381,-0.6174274394538628,0.5356743814588627,0.37519811981608453
947,0.4736041811305749,-0.92982803829628269,0.25979568749491011,0.63593877206936322,0.89517686107998129,0.88645633055802642,0.44498366776163856,-0.27967606342198881,0.60372081468561323,-0.89123455054084277,-0.95109159317088166,-0.33438880948259375,0.57689569117914785,0.035032080676077104,-0.33715711507610946,0.95391807360834702,0.18650290810124104,-0.7865354904777766,0.59077378418738857,0.042480818917264518
948,0.049709674743511956,-0.82358032934103198,0.6630156988997431,0.33142447047598944,0.5776007756890742,0.79508898642129089,0.82097800902493301,-0.85365627873594785,-0.40942645552436163,-0.45884529899278803,-0.73376621713314272,0.86711500488668336,0.98156350104796863,0.63704374871867242,-0.060588746050364017,-0.5321491044533655,-0.64128017083898037,-0.83610495659556294,-0.32491168169265872,0.78268990568266306
949,0.048169891950036181,-0.37788753074414871,0.43032526429532059,0.3513269074714811,-0.18552792899508042,-0.38419138358222815,0.29885621248560201,-0.57227803729226423,0.99365688024826926,-0.83690927878631216,0.36160575468433365,0.19905494276408375,0.64294814046505389,0.78464132814781284,-0.72175505117657046,0.87640498870641492,-0.43656205177158602,-0.51907822320561636,0.02925184710020301,0.32920331616829923
950,0.30248546240585727,-0.74703100926154908,0.46436108067600479,0.47900360695875999,0.77042318259153864,-0.43584004451156289,0.85817558192597354,-0.28620627425665868,-0.44579457863428362,0.77864383146489047,-0.19977352641729929,-0.89926385332134751,0.47374996212585407,0.13281494551504425,-0.25995921369539676,0.6793382511354662,-0.7791460528382772,-0.012370636698221027,-0.22248315417376596,-0.47563120683915061
951,0.18102082306716505,-0.75910126618252782,0.82883250442702705,0.1799270946644842,-0.94605020539737983,0.92541613151140467,0.69850353062126436,-0.1557938153490781,0.81744710983544344,-0.56674465104400884,0.11540432650757859,0.17248865228035304,-0.33968401965072559,0.60979780480001078,-0.29299927293916039,-0.99760647570229599,0.44074698062430961,0.36414756997140763,-0.50145446339734123,-0.84389484926782199
952,0.88496621245212403,-0.64978261085821121,0.59694403903964055,0.70532154401338221,0.91560068184850385,-0.41516760771428696,-0.10957397711640393,-0.24633048704365557,0.63512280591092019,-0.049445466801597338,-0.53727831288190608,-0.18439421969372849,0.22435847694015321,0.71932707259697959,-0.78055699697447456,-0.5325224913095139,0.44238446735926362,0.74833674995539479,-0.93948090570736476,0.3744001877956793
953,0.12013949004878821,-0.60306209861599935,0.92384274987272863,0.87004816747539282,0.74307624155947227,0.32192266800647418,-0.16508078886648381,-0.40833088350132374,0.22258356751355413,-0.11765802309573115,-0.24919486461313722,-0.48047242123708878,-0.21820649986410423,0.32528081815308485,-0.076175649822288305,0.4094103227696313,-0.19451810158936134,0.70240878424045938,0.92152545060664193,-0.82494213333470046
954,0.0054339529040428047,-0.810748161316585,0.48664696903593896,0.57373292212999694,-0.58154943738104037,0.09050364407012701,-0.41014826665942783,0.97707987841479516,-0.79940548482670315,-0.9773925032477504,0.53474081799193618,0.13173299700343266,0.29263605777235302,0.16990276608700317,-0.50683952707333613,0.1556452349423334,0.098714305767184873,0.98513188776785832,0.98469438318306701,-0.67305781585149793
955,0.0041421135532566655,-0.41155195967313363,0.56933141616398708,0.37310604662478086,0.82012743582506764,0.52261358037496453,0.57647179521033109,-0.72253055265272303,0.23429984575269414,-0.10045094217345008,-0.74691006228485701,-0.46943634301978077,0.052129197050813536,0.60696028535063307,-0.37581487609996267,-0.95928419156655287,0.20877837841524438,-0.40672173166848613,-0.52169419790795479,0.73756917689021217
956,0.30248546240585727,-0.74703100926154908,0.46436108067600479,0.47900360695875999,0.77042318259153864,-0.43584004451156289,0.85817558192597354,-0.28620627425665868,-0.44579457863428362,0.77864383146489047,-0.19977352641729929,-0.89926385332134751,0.47374996212585407,0.13281494551504425,-0.25995921369539676,0.6793382511354662,-0.7791460528382772,-0.012370636698221027,-0.22248315417376596,-0.47563120683915061
957,0.16242358993518424,-0.99187599055005404,0.53908339159610108,0.19737340943597137,0.8907753919084247,0.06504495633146834,0.28275421712595161,0.037249250648778265,0.015618693344279233,0.541089529542091,0.43639538947070688,0.3622644064876821,-0.13541059153589208,0.51572732276245481,0.48840589737144025,-0.48303046386350745,0.068674162132632555,0.82934293738941633,-0.40459425630521051,0.22793305210200843
958,0.4456969412236127,-0.69940542994483779,0.73716673663220789,0.41730077197242221,0.52185320675703006,-0.037999390823086454,0.88816016112380791,-0.99269978116887558,-0.14803270686100345,0.42073269197598839,-0.87169176909960844,0.93887692770620079,0.60696038234657368,0.09226147230135906,-0.33977005054009735,0.33064587645628696,0.57833618208268778,0.68591744656757281,-0.81953382562159938,0.84056758571050771
959,0.28138017078389832,-0.69686277098795668,0.62109118772322724,0.78900785578658272,-0.5575364535044558,0.71249845834455749,0.56630319114909344,-0.11257868188397135,-0.45115923790300916,0.27376124511817035,-0.15292552537050819,0.91982900410065982,-0.56742061463876659,0.56853661946055323,-0.43254654839866591,-0.739141409347287,-0.72402802997806992,-0.38876339868501653,0.73369953235054131,0.021643765745729127
960,0.33242793513453806,-0.60469319679112155,0.66361048185736471,0.1781686638125628,-0.061268003123121861,-0.94441141013841312,0.44000293763314979,-0.019463805556377833,-0.039048419628376019,0.76826514732176054,0.22244619443073899,0.34671541350306723,-0.062864172151913644,0.85904662399340626,-0.82727098210601735,0.6069135935380332,0.15054903312121759,-0.11740973394501064,-0.7701774268445305,-0.58938886329540985
961,0.16153191285906265,-0.61506675273153233,0.69263495608927839,0.39438836246622144,0.44450128926584886,-0.79571558983391388,0.94218195550913242,0.069183243964507479,-0.37582648272410912,0.54459860754390244,-0.9383478650984538,-0.46617077001793361,-0.879117434678651,0.65530848250004281,-0.71173031627891414,-0.18648830264837679,0.60401150664587133,0.8916143315555749,-0.36189873664632977,0.97148674449314898
962,0.046711551235716353,-0.60158398145062209,0.78710729750349273,0.14436714422230801,0.83237752154416755,-0.71484998141856115,-0.36960783319319801,-0.74659605283927366,-0.75358926679372873,-0.040156246588070266,-0.56414556432423657,0.083992956798586871,0.89984357892044531,0.96812973753005549,-0.47716280227313823,-0.7000227837490145,0.102721397343843,0.35747634686194618,-0.9024603293183715,0.11837128783784623
963,0.91758207931288771,-0.80025810342996584,0.75635794127498901,0.15530345173990834,0.56812472615149723,-0.87533796748840698,0.78790149321859304,0.80936380064566937,-0.76689299548016399,-0.92290672268481044,0.37195888523958143,-0.99401045062338711,-0.99618892718523822,0.84353538146382068,-0.11009654647386413,-0.89158132287329428,0.47729194834995248,0.22049855347258984,-0.65691242691076979,-0.80665832540884175
964,0.75701947639584555,-0.80061394677030062,0.87624685086088583,0.87837535061929084,0.35788772648183431,0.0057910527993096927,0.0070504969232172421,0.79085820643628191,-0.6482187853118806,0.033313770537684251,0.069300253261782352,-0.62040674289308706,-0.58024579826826606,0.34244684034644068,-0.97115249950685989,0.76626855815739359,0.15644517100855748,0.83528448251878129,0.39016699738904914,-0.20636246211614151
965,0.47133392870241342,-0.54223259007692937,0.93311701560475746,0.46720240767132992,0.25654141160056465,-0.74865871510543935,-0.59011668831681474,-0.43894007163760063,-0.83745516600516035,-0.36263707115268518,0.39352065848192197,-0.3709826226043067,0.59893700042322107,-0.027593405397105641,-0.98971852260418469,-0.94247766172091474,0.15583656140564939,0.16476266480906676,-0.55813013292244351,-0.67484908604051363
966,0.92112526377744763,-0.9507338277318953,0.78537853573043304,0.75256113469469299,0.56774548602874719,-0.30653612387393969,0.62612972306562265,0.53887868247173443,0.45707831502321561,-0.36471796644566679,-0.80562134133121321,0.26863884811604866,0.72756887466269071,0.60820334445738289,-0.16543093936746689,-0.37482975358439252,-0.07220559282522454,-0.7755563547134916,0.97645252324434439,0.20648971515554293
967,0.16814920669317646,-0.99834925235125471,0.87984818946514887,0.9969047701676117,0.1358820672654435,-0.45045723493793366,0.86445490533855196,0.60221256811034696,0.2940104323581576,0.96053836709910212,0.041844151230483462,-0.95906841811382493,-0.43704226608227126,0.55627350548894583,-0.062262265987491183,-0.95357628929975813,-0.73315560256844692,0.47986525903178845,0.15172912491818336,0.79793164343188017
968,0.79161042782104074,-0.71132975734647297,0.89436845157123024,0.77716919886373703,-0.20781927899109198,0.81044340729347297,0.76098678156831134,0.94123024175637449,-0.28067387965844959,-0.40357816982233174,0.98055519364089783,-0.0033033855129891432,0.59351410097006463,0.04753983387644567,-0.37226499888034414,0.62933012636057795,0.065975234303970343,-0.32417917973729082,-0.88042379623342026,-0.35643076535126506
969,-0.0035342937866693624,-0.77012604008176666,0.80494538148882455,0.81621004454590196,0.27753853663400663,0.95177952919848208,0.13546670442294939,-0.53874408037352794,0.8946077006952049,0.43085062718944811,-0.32201077634081354,0.88994747818182551,-0.51871901638982498,0.91251347838983521,0.80374405175941965,-0.6532170074657353,0.33514059996904821,0.67261870231397825,0.69921538078597045,0.9113335201367212
970,0.26810274506836507,-0.78732842127537772,0.44137805027241184,0.30789746355165892,0.80023242184304233,0.082741030085693223,0.42219577982883139,-0.90448237014807331,-0.94254669976176375,-0.54192635560660651,0.56864899956813919,0.43377685310998948,0.61364655126124767,0.76479193997966832,-0.29685969944907775,0.57286131697482312,-0.61201561353938749,-0.49026738992734842,0.63584514706500017,-0.83010243121310046
971,0.21595149176370665,-0.90642092943046038,0.73824165165879507,0.39292152582228335,-0.0057580158333059295,0.96645619272349825,0.20889143956632106,-0.34826874173361189,-0.24373686254631011,0.22673003406410586,-0.71310569081932895,-0.96121052482432079,-0.082766708330513916,0.1514848875458974,0.53143083863494289,0.27197289754859733,-0.6022154278457279,-0.055376087620696568,-0.90467809439206759,-0.46862970397134163
972,0.017144864838845475,-0.53451060677153928,0.95088978706140437,0.93223858189969788,0.045549500802075205,0.57707706473421694,-0.043307804964598073,-0.06740378082569487,-0.68594466488893779,0.49052665791345684,-0.63729439845792779,0.25813939258244045,-0.47644070226023461,0.3588872127768159,0.47493773817942686,0.17682038989123927,-0.34850166566530438,-0.45639334002500931,0.88405056971050611,-0.42058942804521715
973,0.26197778644909198,-0.75376213619416133,0.33416455115230037,0.80910904480400148,0.53337468064909554,-0.80697950429812715,0.99283703377054566,-0.44788004704540652,0.14007751111700206,0.52747916702037601,-0.93873517462275924,-0.38714250553837126,0.61418434010770029,0.033622737770827138,0.18205374476162239,0.25956043360287473,-0.74988196878362867,0.4255741992565798,-0.19578962484004836,-0.7827521252948304
974,0.18456358443831644,-0.61986107985952232,0.83833851589027719,0.40903706114506844,0.31861732177804569,-0.95219565836485676,0.67559082852539443,-0.15916733807755512,0.49792106933217495,0.73832518920716095,-0.43771911487886705,0.11729445834052954,-0.073340235740642079,0.46032659101520657,-0.48390627339408088,0.46927719800827106,-0.97326126502178067,-0.21561886538079245,-0.91871756179144559,0.2954116817124357
975,0.023945606061723357,-0.94644964824680144,0.68256265168812602,0.72610263066753178,0.45229982648713762,-0.021522834422817549,-0.52213615350958675,-0.40014517707168484,0.97825450986314055,0.88038420235441994,0.112521866594818,-0.91155790187438623,0.66987577240118013,0.36059595590334292,-0.987734235247264,0.084624070061101619,-0.42754694473596766,-0.53046512285283143,0.81931640851952525,-0.92145049741515184
976,0.5011941938172102,-0.46560882925971048,0.59466989493856737,0.14672523904749668,0.95224563088429326,-0.63513121750511692,0.35363187999971224,0.32156283337121194,0.10654698033807408,0.74400969774900938,-0.48344495780543606,-0.064004619510589444,-0.95614924522855715,0.33047110286649417,0.36693735437940744,-0.22127598293057082,-0.64559708997486864,-0.0034404039020099475,-0.94637962766014305,0.10202739614826251
977,0.02202195136776508,-0.76566492987927992,0.53320570031861636,0.81813473290347782,0.083169710371506111,-0.72235322200000174,-0.55897535839877399,-0.96800917372855588,0.52313909935434344,0.63841861779051534,-0.25969576075136347,0.23214009070304198,0.15424339333346437,0.32349030669212775,-0.27656652784552804,0.71543566637676603,0.96015243551352691,0.07269733217736829,0.9611736572579368,-0.88916930049633147
978,0.52740227522020788,-0.63040562885968132,0.64874810294097851,0.58567749347319742,0.64872689987945065,-0.32013231706122003,0.78828046805031793,0.58145939176570849,0.899184749971353,0.5038010976767735,-0.29528394529636004,0.92283846703340799,0.71484608911344782,0.60856307691424982,-0.043143442094500273,0.74879805213005124,0.75607315448098489,-0.83060669960508982,-0.071712965861345124,0.59784923022197134
979,0.26197778644909198,-0.75376213619416133,0.33416455115230037,0.80910904480400148,0.53337468064909554,-0.80697950429812715,0.99283703377054566,-0.44788004704540652,0.14007751111700206,0.52747916702037601,-0.93873517462275924,-0.38714250553837126,0.61418434010770029,0.033622737770827138,0.18205374476162239,0.25956043360287473,-0.74988196878362867,0.4255741992565798,-0.19578962484004836,-0.7827521252948304
980,0.023945606061723357,-0.94644964824680144,0.68256265168812602,0.72610263066753178,0.45229982648713762,-0.021522834422817549,-0.52213615350958675,-0.40014517707168484,0.97825450986314055,0.88038420235441994,0.112521866594818,-0.91155790187438623,0.66987577240118013,0.36059595590334292,-0.987734235247264,0.084624070061101619,-0.42754694473596766,-0.53046512285283143,0.81931640851952525,-0.92145049741515184
981,0.40098383116137537,-0.93368585602208221,0.57684274234365263,0.16136420977324328,0.36237985626450597,-0.76541515166557073,0.19273602084114372,-0.76623677940246626,-0.96374361284633681,-0.81039814198386573,-0.15175536442695514,-0.91707741797211328,-0.083632650501918482,0.21264643760048041,-0.43286395966343316,0.29618006228827043,0.37073409229182297,0.35136012802297922,-0.012315201945547027,-0.62036291116846853
982,0.36826385738504053,-0.76404249949245018,0.81423711018953182,0.41470072063781482,0.37712779359097448,-0.85520748086778653,0.36960238344314145,0.21138048382498886,-0.31237851117706894,0.65732891612946753,0.92945940813406147,0.17457460412050163,0.71117269783441373,0.16227473546241167,0.35136935154078963,0.15530610236605202,-0.74122479479196945,0.458930450082216,0.48428516480540229,0.092552099765163431
983,0.64108196569585529,-0.79001090433669496,0.84402945066476298,0.30429599402639851,0.14489133776647622,-0.79617560308586866,0.25520878712366923,0.86866726666619409,-0.29238742965011388,0.43717039279713799,0.41748228035917712,0.67174383312120622,-0.032677987585547186,0.39626358297928421,-0.093141256202394551,-0.559408896006929,0.51213451858550152,-0.9503797960848468,-0.058808114245638921,-0.77168143983553872
984,0.85791488423657047,-0.27811559165216515,0.63540110392223559,0.59166116087942666,0.82789638354021267,0.98067267599207231,0.85342740726079969,-0.5425556566334393,-0.37921540753295924,-0.26742665712533165,-0.62794718786507708,-0.93044579299444075,0.93663909030720949,0.34975877782564457,-0.33066842172562083,-0.67299469738509576,0.57195564526772125,0.27216975811839772,-0.17149362576639637,-0.25129719888508761
985,0.3191958798078236,-0.57819242206454002,0.53973826620567777,0.18256433822620632,-0.47969502483518567,0.1800846580787725,0.29668382617777733,-0.094263440577178725,-0.36118727566864983,0.50430355265656535,0.22338143318554193,0.69900467525595178,0.7864561646133954,0.19839060894060512,-0.18915208207271506,0.76947992024817058,0.60936559598572937,0.94363867085554753,-0.87887602117327668,0.66856615538087061
986,0.020794920143063944,-0.88229722872405114,0.68787412792155234,0.69790807175233316,0.9166028313968797,0.45374162084677727,0.33098926624614955,0.89076818932769375,-0.84870169572835819,0.11276652452571123,0.088619500700204634,-0.98202505688980457,-0.26872145338893727,0.93858205415063756,-0.083333065978566934,-0.82321998347400127,-0.91996890784297491,0.38482928381978732,0.20263353456663769,-0.67339948182610643
987,0.7453028084650366,-0.9638862474903398,0.99352564284262868,0.91272202949779269,0.75610274487820339,-0.34434057382632699,-0.057455981885099261,-0.93159709527586987,0.86475666285378261,0.98571784520190708,-0.034782713405132837,0.85401287510564616,0.0721800774740744,0.039692035703436934,-0.19330731120216127,0.8084737598471663,0.77699003695835378,0.41136485828636404,-0.75155094781539233,-0.91942864912991662
988,0.11615738740395654,-0.57662438816032502,0.98571363124157863,0.67626408171608943,0.45995680191959032,0.32853132588973954,0.063982378932388118,0.43801487838645747,0.64050552500152058,0.32366380663175454,0.39695009104094914,-0.088342578562674579,-0.51406530070942713,0.78155270038866664,-0.10813434676442335,-0.17312939131697624,-0.58038306083202151,0.68467341113625668,-0.33481339975920865,0.49291537775706029
989,0.93396151540427286,-0.41195198300039526,0.65318689007459163,0.58249085983459925,0.44146885724554874,-0.68384753262673814,0.93271113007827311,-0.51750431363085569,0.3406711369418518,0.35070272871893882,-0.76529788371190111,-0.56224721067038441,0.16586627528266695,0.10130045537389454,-0.48951303150548275,0.37265720454243301,0.56248808272604256,0.39467545733766429,-0.8554158638119902,0.43435829988358932
990,0.82918542284978214,-0.51766968794795032,0.44370898812809445,0.44892285825540101,0.38438003233676232,0.91971558796759179,0.29949053453810626,-0.099972990161053543,-0.72926838903468916,0.75015359247934343,0.43398866301642802,-0.29882003569373428,0.31930568529805603,0.01094698395154925,-0.098326379631411331,0.2712535917384471,0.73578539798438447,-0.30360436793612933,-0.193481340177037,-0.054157039650287286
991,0.02202195136776508,-0.76566492987927992,0.53320570031861636,0.81813473290347782,0.083169710371506111,-0.72235322200000174,-0.55897535839877399,-0.96800917372855588,0.52313909935434344,0.63841861779051534,-0.25969576075136347,0.23214009070304198,0.15424339333346437,0.32349030669212775,-0.27656652784552804,0.71543566637676603,0.96015243551352691,0.07269733217736829,0.9611736572579368,-0.88916930049633147
992,0.24769698788852312,-0.57627553121803698,0.68847657764698211,0.53328557748591177,-0.061624154445271362,-0.41775580578054305,0.17462988869727147,0.3503694174289147,-0.96425176135119961,0.96048952614998573,-0.56688206729965462,0.93189359463882782,0.97604020824381044,0.48575060578613694,0.01049481407060493,-0.95958410583148424,-0.33661347176195355,0.25420253451813335,-0.37454487913062784,0.3926256740211278
993,0.02202195136776508,-0.76566492987927992,0.53320570031861636,0.81813473290347782,0.083169710371506111,-0.72235322200000174,-0.55897535839877399,-0.96800917372855588,0.52313909935434344,0.63841861779051534,-0.25969576075136347,0.23214009070304198,0.15424339333346437,0.32349030669212775,-0.27656652784552804,0.71543566637676603,0.96015243551352691,0.07269733217736829,0.9611736572579368,-0.88916930049633147
994,0.046711551235716353,-0.60158398145062209,0.78710729750349273,0.14436714422230801,0.83237752154416755,-0.71484998141856115,-0.36960783319319801,-0.74659605283927366,-0.75358926679372873,-0.040156246588070266,-0.56414556432423657,0.083992956798586871,0.89984357892044531,0.96812973753005549,-0.47716280227313823,-0.7000227837490145,0.102721397343843,0.35747634686194618,-0.9024603293183715,0.11837128783784623
995,0.0041421135532566655,-0.41155195967313363,0.56933141616398708,0.37310604662478086,0.82012743582506764,0.52261358037496453,0.57647179521033109,-0.72253055265272303,0.23429984575269414,-0.10045094217345008,-0.74691006228485701,-0.46943634301978077,0.052129197050813536,0.60696028535063307,-0.37581487609996267,-0.95928419156655287,0.20877837841524438,-0.40672173166848613,-0.52169419790795479,0.73756917689021217
996,0.78804260816140737,-0.80227547184776893,0.51883948532853674,0.8403867489105572,0.65910692853633757,-0.64965189444277116,-0.47331041253929107,-0.30861959596372457,-0.16900701432766296,0.32673367097483563,0.74843508538258474,0.25562101599677489,0.91673584634943928,0.58806585107007403,-0.89544613944219664,0.12145900977838542,-0.38386651052756937,0.21949619403803999,0.17709074836488048,-0.78171947216018989
997,0.42272291697077535,-0.80863799470831266,0.42692377720990216,0.12817022810698719,0.43807172171595554,-0.23525597576876311,0.68425185510972875,-0.26372455079117985,0.8520778322695457,-0.055252164281544003,0.15116042012300412,-0.8973266574719303,-0.70915835791907789,0.33052040040780972,-0.30506291032441313,-0.31310973608198767,-0.2037231251495768,0.98786728003155622,-0.92916491521728672,0.83390909949656478
998,0.29371760281586279,-0.84964188347644676,0.71688988516463592,0.24954562912368528,-0.30954406995312866,0.71387528073152406,-0.092467725411953028,0.3208759824498526,-0.066844351262699719,-0.8975880490363668,-0.92302609133094426,0.035114803740684319,0.42998343268760775,0.99348154146425705,-0.72500797935722594,0.23385608792951773,-0.60976989877853316,-0.53573593048440404,-0.82242198311205317,-0.39483617637651691
999,0.28429019637513719,-0.79080469293392031,0.85962380288985685,0.87381379759794942,-0.95393460303040234,0.8894934704392734,-0.1166562372747928,-0.52356079624459606,-0.68088277144232601,-0.60075049688557836,-0.39741243207698473,-0.54811893552398061,0.23413136683755043,0.99119364257438702,-0.21015487594171223,-0.089248658314279528,-0.24284458747358162,0.17100777032905734,0.23065647305197889,0.60645256441579454
