sample,y0,y1,y2,y3,y4,y5,y6,y7,y8,y9,y10,y11,y12,y13,y14,y15,y16,y17,y18,y19,y20,y21,y22,y23,y24,y25,y26,y27,y28,y29
0,-7.396483181002564,7.294940867059667,5.908196374945303,-9.533673117418333,6.861233652430233,-11.305689844115005,-2.110846598220116,-4.414684398401501,-7.2481895327687065,4.4812328738253235,-0.6272126095045408,5.058572220657365,6.390345806740534,3.6489844107198346,-1.6646840547235353,2.322171127150118,-12.782590644930858,7.515027831411809,-12.569173435309347,16.11703001844171,-12.851861011571104,3.2278938816895173,4.735339000354668,6.288679018177991,-5.768321305898473,-5.706305421552674,-2.2137980772483075,-4.954665167955446,6.372368040264652,-12.425561435861948
1,4.836371195240666,-5.726815616677184,-4.050670922929244,7.352221451814559,-4.1080580679097265,8.011318577614302,5.054089539722139,5.737549799780474,1.8693793984467286,2.422249667447224,-2.578896538832338,-5.808717187384898,1.8559223125851052,-0.7082252443158373,11.801857959413516,-2.74935184146501,-9.432458243257699,-4.027553024384441,-5.2771255149424965,-5.054977990154528,-12.789483212672721,-14.64910572009246,-2.3581303565135365,-19.470683114174275,18.94407774537369,25.392894202161163,-4.925195457122312,2.2424565467164745,-4.333674160992411,-0.6096787559319807
2,-7.7055420858375685,6.029214012468899,5.164050552350696,-6.16147858829463,8.693434157499118,-6.601584197256776,-4.1266879643662975,-4.508878982683349,-3.642846642034228,-2.1949514123633396,-0.950101337052045,3.3953572872438063,0.41898468059779287,4.082438921530679,-9.221605122845396,-7.229684147110688,-15.378519164737824,-0.1915556520624367,-1.5247482705750495,9.034013573665936,-2.519396702722654,-12.735333108421552,-15.284408706052208,8.306265524266859,14.823412876317484,26.21958380695061,2.732554149169243,18.800986801968843,-17.545018394794877,0.9888041881931757
3,1.628592630125773,1.5318215132695439,0.14371768430187373,-3.9183916378458354,-3.874246314805275,-4.592999273617158,-1.9200057366188423,-2.8047087506940587,0.4897152653701161,6.638225291768006,5.7431040318496684,5.3005053752067,2.175980216551943,-6.983280454854907,-18.74020305826389,12.75139298125124,-1.8254261669875818,-3.543634189341834,15.609605182011505,9.97208170521776,-7.93084245804204,-7.889023688919353,-0.12504482864024602,4.851866356550763,3.971618452985445,12.523446486613729,3.3663863056785748,10.901749687251066,-4.087011766513713,17.87395229758145
4,9.026760968185302,-6.03744343669109,-5.627662230694651,5.393704535839667,-10.888433776861152,5.725090747531096,3.469283273865186,3.709985434467469,4.631308140694182,-0.8188248133083298,-0.2860935838799173,-6.909454194977288,-2.004463269003578,-2.4656132450554655,16.00945371906903,-15.952852350448827,1.0696877904854036,13.60090989529676,-0.08122804589381387,7.34677483966227,6.055308242654853,21.181009348862922,4.969561459536754,4.785669863158175,9.808320777817649,5.9744328412546075,-2.8650031026826586,-12.127687208317177,9.267390570442528,-8.842130649141813
5,-10.248028644324501,9.136317986334708,7.316405142623733,-10.150694623145853,10.809468224623105,-10.899944674571893,-7.107548329422305,-7.785771480376347,-4.434708894791318,7.245767242103886,0.9953234848858441,4.372555983122031,6.976726238635343,-0.8463576234692586,-1.4244069041687075,0.9690668254294557,-5.3693669224537555,-0.13465188810991968,-1.9527834512840248,4.167845364213359,-7.109325067341548,12.21393113723312,2.1121420478778234,11.634913757776285,8.817114502036116,10.591057580902204,-2.014271383544848,15.505002567452511,-1.403664090424897,-1.1848568216327127
6,-0.8739635953935474,1.8760571155043333,1.4277253742239706,-3.8151647334715224,-0.30859727843716367,-5.224630107978727,2.0401167268967764,0.022630911563492062,-4.3885149881761025,-4.135215396247305,-4.44927724595262,-2.7225763075852525,0.8941516300745938,8.195985823435576,5.422667779348591,-14.805177303041802,5.631181170837957,2.285759845042361,-12.26843128732565,-1.6711632868101753,17.18206747243642,-19.718158881015245,-12.276678004122626,-3.2600309677835586,-5.4573646435322924,3.2535046904205087,-2.5808103069544823,-10.836745487713886,-7.8919863919089845,-6.27119011049938
7,9.32085630874891,-4.805513026219284,-5.253064683427875,3.1122458171711793,-12.184269364556632,3.294532442485278,1.3352497562188153,1.4417118264030826,5.383899758683857,9.004960910046753,8.770480106979097,4.368736640612606,0.3342141274661875,-13.521149879880726,12.43228863291951,13.80491323631846,-21.18113654765295,14.406559859973273,-5.063092189312162,25.780338948941356,-16.13403256909922,-4.518063144368351,7.848975010223456,13.518038078983254,25.92333281773722,4.504354197774083,4.523967529756893,11.762819336608517,-1.9299105881033847,7.002083564434567
8,-0.49697313175575814,-0.2732257698259981,-0.11974713460893732,1.2913224339672198,1.2596093770643937,1.9697422273957246,-1.486707914471006,-0.48799485091105355,1.7943844067657984,-1.7553933828302781,2.5901423942660315,3.569096614430198,-3.311442417517855,-2.3925968295595395,6.140643773447965,4.50040248598195,-8.38863573859707,3.400938493027076,0.47096127333735455,-1.4644682146644055,-14.098297863921422,0.850393909727277,6.616820882754837,-9.031034525091027,1.8705688010062782,-11.10608576904258,10.256570132862862,1.1641249046391897,8.936668923750219,11.5397817875841
9,-7.956262122600519,7.379594092170616,6.061687352520916,-9.136662188186296,7.8387279623346755,-10.628584351585173,-2.8291280273849266,-4.713165440058006,-6.541055034280872,-1.8919849442739451,-5.21349100749036,-1.8870024015518967,4.059638540045512,9.111084316482113,-9.063038704166667,-13.620983487569568,11.546338178928277,-13.080480520000904,-2.937092445954183,-17.468252299965904,15.381379223766066,4.305231255054112,-6.17112932205222,-5.019576568127703,-22.79603487979989,-2.081998940799199,-11.252780659677567,-6.090589003740795,2.6734626007072344,-10.404605856242586
10,2.343065139905803,-0.008448212254297422,-0.9659072891994175,-0.9583804580090068,-3.6989743203361485,-0.6758461137915773,-2.877324993875694,-2.408447629304253,3.4605789349013096,7.571121488330254,2.6071945595743897,-3.111874788309276,3.59313240953033,-7.44291643747199,-0.6823427558158606,1.9265265936422695,-0.3914595950203384,-2.934175949784337,-0.862514714002175,1.862764545571078,6.781088064904466,6.014715283407312,8.727754396135692,-4.321275733528504,-4.3519472764732265,-3.0475123464748637,-3.9486566220759816,-12.497595307665156,-2.3610022801851014,-16.685212045825804
11,5.021697667280251,-0.6136591073990729,-2.071236527398404,-1.685186684148345,-7.848612115641029,-1.7671200526842559,-2.5339934945713334,-2.6111266711062293,4.248354951239352,-5.607638641401137,4.299615645528049,1.0062021383556647,-7.054465651798698,-3.119967265030854,0.805024155023311,-12.375121186181333,-23.346806133592015,10.13854660245154,4.747374064481341,8.875913290080591,4.4547483765726055,-4.180952190614863,-11.83409972305174,9.32321841613898,11.180529266248875,6.72613677657598,8.431308112347192,4.633270238101735,-8.453981729953583,-2.7550412643716493
12,6.138602952449151,-4.42238632225334,-4.047622653843453,4.486935647856851,-7.0649441384751555,5.0633556247437275,1.7289684191301213,2.40180308232264,4.143930783570467,-5.014104918587547,3.04087101554283,1.330362445273228,-6.782365534761898,-2.69328563381404,2.4038045645591963,-9.04887320507672,-39.272976524538194,18.118154729402896,0.8303166959139456,20.968796773657218,-10.809584198983364,10.492495825954999,3.852342594130379,10.896056025029885,18.96145687978468,14.313491442907697,12.849138371571685,7.471643605133152,-6.928538854155266,-10.196714961358591
13,-9.39821975922561,5.949974028013184,5.515848377093464,-4.437047627474866,11.844886516080562,-4.053216430357679,-5.554960734116706,-4.726027891256287,-2.150395359540977,-9.350620517156594,-6.479760971247814,-4.954771640442381,-2.337168400324613,9.851076306329256,20.07227768290837,-14.880089862089497,-3.4172594608651528,6.334238554130088,-2.6056165358245233,-2.940207107216104,1.4009476832973782,28.408813069822774,-0.5925622256822467,15.451552221574813,5.429221847060414,-10.608818617282656,-5.317757561987522,5.633898071370863,0.17497216000688187,-9.470689441281703
14,-4.013792763799617,2.280179587552457,2.41104148133685,-1.8913950222802374,5.017862555862695,-2.210471330034299,-0.13083530431835327,-0.5260258614653222,-3.0917261033729213,-1.4106996967314975,-1.7321664559864072,1.8079727321610517,0.7634485764788431,3.883870534113852,9.673962185728424,13.12049241235328,4.965963985661243,16.629159909955234,6.548371463662545,1.7172505046877082,-8.263321937543108,9.735215281937958,6.962329011875732,15.507217760387574,-15.798130097915736,-13.967467667514317,5.306808632558015,-13.427952218592027,5.874773538293846,-4.5496072435773485
15,-5.220752276504041,6.393435798814611,4.721938421261488,-9.055544382957093,3.934360729130573,-10.659603721515657,-2.6820067869543514,-4.755805897354049,-5.14674852719027,-0.040446309008515494,-3.8917207415926285,-2.7797335180731393,4.439121191647326,6.540557818281003,7.881503987509059,1.326405798742528,13.971763410289668,-14.958619260192188,-4.551782008456539,-1.7620654532407136,4.203486224186659,2.7251338166034573,4.88593894742365,5.0504732886570025,10.36104663586047,5.5258592695681115,-15.946452545097438,10.263697884811691,-6.34920558361726,5.427982860894939
16,9.282416910818885,-5.546844214566073,-5.328894032455001,3.8429097403603363,-11.902911194730109,3.4588807233393886,4.853401603086038,4.050289022310182,2.590164376187309,3.2377105889764444,0.13012180953023245,-5.48372526585096,1.3974768381685687,-3.0102819773169687,3.8303385087595685,8.026698883865064,13.253014337144583,6.443755154858509,8.05474589585708,-12.932970200891525,-10.748696660518064,11.265758676363541,19.333493469563706,-10.53540371655761,-18.595120134038243,-4.222707889672609,3.0980355866911897,-18.0819296592216,12.444257145975914,-6.705849539957872
17,-3.837649846612486,2.1991513567798013,2.078771701889759,-1.1788636464416495,5.1015705829283835,-0.7241517293895159,-2.878908855772892,-2.1055847372603735,0.05937873519426564,-5.816738766614964,-2.874773981592212,-2.7908189581472875,-2.581252204359218,4.370403469249757,-3.881759670750829,3.09282035357506,-7.565601058280646,-11.609477438693121,3.2755843283264428,-7.388159835778722,0.34149840395928266,4.032049906979528,5.339446587053691,-20.887829247462317,4.524733332607606,4.27247252403437,1.0865972705687916,1.0188217808464006,-4.141162097017249,-3.429113371576871
18,4.585383975691112,-4.28936322182237,-3.6762667189082245,5.805496096624887,-4.265628931013568,7.218552372244216,-0.2756321177137263,1.6448816858026627,5.934441717959669,-0.9536069733648669,0.9332780169712886,-4.538465734460923,-3.202146657026811,-4.46969223818103,2.6150117499937697,6.284142172156774,-2.23916282201022,-7.444000871226463,5.631206824963126,-7.275190076688909,-0.998064828383632,4.393688164785815,10.457650091538376,-20.709645040008585,1.7956303895499035,11.112241613339803,0.061665748520063124,-9.018036851786663,-0.6025122695080474,-3.052819461121018
19,2.2758071702282554,-2.7135582287777296,-1.9934399603585502,3.718513805702319,-1.812463975205937,4.291462103613317,1.4757079121160812,2.1937264084587267,1.8034299391500368,5.959774108654246,1.7587468396715276,0.20948433654269402,2.5263942815322387,-5.210849159831179,-8.225339368244224,-12.454209259394895,4.902550782715298,1.2520796914348704,-1.970288352780837,-6.141860232297155,2.2918267811177246,2.33868543819447,-13.194809648470567,13.729873938213316,-18.08241749948321,-19.309970242260313,0.04776515187092234,2.2472996682082647,-0.03976017617370298,-6.675743234981498
20,-4.049519190565315,0.8626515351438218,1.9441073043800283,0.3576620837727733,5.910706070097981,-0.04159428858236268,2.9813251092315642,2.3650290824073856,-4.928474030464386,8.492094005017615,-0.9976282239981563,3.946260030292743,7.678856414307365,0.1558619168554425,-13.191106611741136,20.85835478999496,18.12353224705182,0.5438532771828916,13.198599787353185,-2.2638990725670274,0.5550578299234735,-0.7665185798206396,4.044533611227338,-1.0643675553311793,-12.161245605011008,-9.913570709478684,7.560683793435805,-4.827403308753343,5.706077075953373,4.158660161951158
21,1.6491956065312465,-0.026416661016092254,-0.3152060173949973,-1.6945154507201166,-3.094271604520197,-2.707275202403333,2.346742911176047,0.8416934559322994,-2.232530736806296,0.8292263984562007,-0.4497024230461207,0.4017708606440565,1.600642958978971,1.7195046865415815,4.67910023192949,0.5272642783853402,12.372584099124385,11.187051251544132,14.001593380031517,-5.9146466456401665,-9.737096276489737,19.103725733349393,-2.1886820807200973,22.690662546482258,-27.545416137265796,-29.636626341152123,0.40063924404749063,-11.05949540010198,13.275419943564323,4.495641263331635
22,7.205062677268651,-5.614967519007503,-4.947349488855374,6.083493338567693,-7.971136234955607,6.907975225131686,2.337628034396509,3.3215445544634994,5.0919022520021455,-4.9729401656191135,-0.6054539944555904,-5.963711170105546,-5.114440207824283,-0.871322943704662,12.988295978416444,7.215130964494031,23.699261832473184,6.4562475263988945,5.695694296207922,-16.91824687207739,-11.671430376360666,7.068039179258473,0.8136932770116657,1.316349857799289,-16.68637735688486,-31.25368279753746,-2.3361880410889984,-11.760165364179826,16.345671302997758,1.4005504973025766
23,0.24728287000516183,-1.0281919823888754,-0.4815657364679203,1.6046532472543462,0.2571303909833963,1.6791400018579168,1.5635086369534197,1.608756839435873,-0.3659101206075702,-7.012296473823827,-4.8944645942604215,-5.669160038623873,-2.572628076330614,6.707819529711438,-8.993881768083908,-12.798113234777038,5.732771973230871,-15.390517003669354,-4.247904788767195,-13.805338592159561,8.809670077031834,-14.092145343888488,-14.446028997617988,-4.835772582929134,-12.506709615899327,-6.528967969311237,-9.271441010594728,0.8080811814999826,-11.806088391330093,-9.155124189642704
24,-9.905912714600397,7.881434749219521,6.774081383880089,-8.384480310669442,10.975698684499571,-9.239866894397409,-4.527293070930452,-5.447775406411308,-5.660634500147772,0.11711903116059494,-2.5493502875059946,2.2623829355093026,3.714082702159658,5.5835927880004865,4.11916158605214,-2.791168411257294,2.470764617913999,14.222079207236638,5.389238602315993,1.0551014095535607,-4.866961384035632,0.6080230808378624,-1.191663720584346,5.373340246867378,-16.34503791608338,-13.979009534414828,4.369668110964382,-17.294495792058676,10.537391276656265,-0.9877609425566928
25,-5.068053618453001,2.3359024744929413,2.7035638429618314,-1.0897457731900715,6.86768493146662,-1.012858186731502,-0.8086887884127657,-0.6195882311517178,-2.491421682348339,-8.904950975658954,-5.6037999834577885,-3.063422864536066,-2.841245042730606,9.37229083051814,9.891524839023642,-10.759316310510675,10.009167883038087,-3.0095165051333903,-5.0215132129861875,-4.7997541826504,11.28112523428079,-0.7668092799696824,-8.14693981894228,5.4058718970757855,-2.248814686095118,-0.48554060048872216,-8.38515956740024,0.5850783322367392,-2.3138997934062586,1.0799796488524291
26,4.670304539676413,-2.58262673396997,-2.6204676408034238,1.6338265245320949,-6.098001198870489,1.4844839334908644,1.8743128594928984,1.5511971986387538,1.6329159316930946,5.445705108171552,1.8870458086731166,-1.1029889121608003,2.4671440657667505,-4.6951425798517175,-8.093496328216936,3.624103660293345,-0.6335388499064433,-1.401869049407417,15.11391651601467,-0.7403438024939519,-6.841068549109616,-6.081383404348894,-5.111783436242057,-5.416792062241386,-0.9597799653776091,11.572175756724153,5.440809143622912,-2.4550041668135836,-5.5873841432863705,5.5842592038435335
27,-8.615057865477525,4.683521307756987,4.885154154957081,-3.109695502958201,11.189712892603582,-3.0947980409198443,-2.3669907623662154,-2.1709521556341165,-4.06406575528834,-6.9431514168373605,-6.12696620685138,-2.1715759079301207,-0.55508250050093,9.872869418142347,-3.1088746100609383,-22.041016120670264,-3.872044391669938,6.933013975905405,3.0163184404571743,1.9242568016256638,11.7987320359978,9.32087775072894,-7.9127222943054445,0.5550689339372271,8.6918157361605,18.487451049703058,3.945834799847317,1.6561859577893718,-2.568061787809722,-4.306795094902542
28,-0.47266694586094166,-1.5739636515440891,-0.25556612529104467,2.4363548825188093,1.5609609813607677,2.0183755388502873,4.9797699308153796,4.228696971079573,-3.7308449271317135,6.888702381780129,-0.4287356342366327,3.5363147716471404,5.699001911612763,-0.2706436775577798,3.6530808076857664,13.176415289407212,4.910580160993749,10.046370633322251,-3.039783053119171,3.8661681092546387,-3.032739092636856,-17.144699294381706,7.3990992289486766,-9.056026897931929,0.3572833948761689,12.887552863044844,7.488250739948074,-13.145411098170149,4.2745464306557315,2.538298348335589
29,-6.309261441909282,4.653437415098814,4.368982433499493,-5.26936777944634,6.964723719445663,-6.416648911472883,-0.00677067777531461,-1.5304264671076713,-6.352122799632978,6.240725336695034,-1.1362845238772359,4.21621589108074,7.17831435032642,2.4246410620564305,5.3479236979789535,-1.014718677040173,0.6971323274840614,9.187752909167372,-3.2435894661950018,7.189323817167887,5.367410297226487,3.394937060669922,2.3193806748978005,1.4021991233880113,-12.204300419016711,5.212528338452616,1.8020314125592314,-19.234069993812827,8.627786337132811,-7.04031362433583
30,-0.2726069136732948,2.0569240384907856,1.2240918886043766,-4.298895372930316,-1.3417054928677972,-5.567685103353939,0.6968293962149354,-1.084363186449503,-2.9792102096754185,-10.113307414203945,-5.7816241274133535,-5.760680629978363,-2.960882882045784,10.839601093469174,21.961664362410147,-3.3168317632177664,-3.871411246812953,1.9642011446641792,-3.3342841107305103,3.567867199081282,-2.5324943490817575,10.850044974781637,1.27928547724931,4.3960647410010845,7.971228097215203,-9.906457021472285,-8.583843733967159,-4.3216205280862345,0.06939455794501947,-4.8902429413817545
31,-6.674129855488506,1.6070644088475685,2.996280703988783,1.0642147466999292,9.998678852854512,1.2982895385734683,1.3587167287013027,1.7060223105887602,-4.399290859165648,-4.06669416408105,-1.6234205936539714,6.776233316142144,-1.4767294231652073,5.600597772002047,-19.9255702435165,-5.725091444510615,-2.61205190821066,-24.81101164188462,-3.856430961295135,-13.702252709781307,14.644146011696726,-7.720808053622436,-24.017071256465705,-1.1217879483003195,-11.896110025166404,-20.292128277025043,1.45425398341239,16.778542052431753,-9.858096577727798,4.606910997166514
32,8.780994897803225,-3.4979330969142115,-4.5118333307808545,1.0626083579431245,-12.20391877579075,1.0051101260644457,0.046698888920100726,-0.12793887435769247,5.248109593577911,6.319315485172802,7.436966369934545,2.0942108818837384,-0.5734262580047067,-11.228866534513472,2.7322329111367094,-0.30946352531226157,-13.327393790742526,-1.016453777962617,-6.003072192643771,12.914189952557079,-4.082745528313496,-8.635448105598304,-2.728804739682995,0.14705908799483056,9.755630151463963,11.332407970437007,-1.3472558307654134,3.1433673456692603,-5.987814936217536,7.932098616473404
33,-3.355801271390929,3.144019729985259,2.472866753522789,-3.6355985453823254,3.4155593446187007,-3.9552738349554484,-2.3621073952494718,-2.6860350962655306,-1.6140772399793704,3.71779021615491,1.397324378139908,3.030232906861819,2.752447489874113,-1.4879596594062348,4.313386808848893,-10.57063020997689,-4.9790751044202475,4.954863270714104,-6.401626470302185,7.362540973794466,4.808170918126999,11.323489776364399,-17.90575398581413,8.688213690811827,4.88730776945793,-5.737224291234693,2.324476316212961,4.985091776474062,2.5165112465628225,-3.781070473020077
34,-0.39354185815310705,2.032314095216933,1.3410348050309644,-4.424006313128608,-1.2382904671978674,-5.954979143931046,1.7799342427412785,-0.40192261578677135,-4.188285817958603,-5.889011789023071,-4.6965218989233355,-3.4260689315174995,-0.19879354835081794,9.066325388960673,-6.118377225655447,-7.2346480540932365,-1.1774072551966093,-12.252316052075669,4.542525873477645,-13.748187935947684,4.336580457493556,-9.888475337036063,-14.820218584854782,-10.16909736486035,-0.8251240711298382,5.29244866648787,-2.94853319735614,1.5364481111575539,-7.123828369861238,-7.684871701929163
35,1.7357628600107582,-3.64252826263285,-2.126473609255193,5.518161711086316,-0.35737185995898135,6.104428618407778,3.6951739179502145,4.3587333295885955,0.5142649773974647,-7.374433457710164,-3.8456502182696712,-3.493270899983093,-4.1569533297077825,5.398231924765374,-5.294384000285263,-13.789949570483497,-3.439500908460439,-11.366732440717655,0.32313224527365886,-10.457572532200198,6.069581312008613,-2.2375009821581093,-19.427989917229564,-8.02064588690775,4.458780341195336,7.626148215356508,-2.539701034519977,5.8793366067165485,-5.7261987791379205,-6.360194643700775
36,10.581895861199895,-9.266698715862521,-7.642436702118189,10.626906498424558,-11.064809824994304,11.88023694857042,5.294243958581791,6.732181266899408,6.487103626070135,5.076384453971865,2.851668943485069,-3.3095749030204873,-0.5486809204363053,-8.766778415428858,-6.034382028320059,-10.274562808716372,-8.425485215617996,3.4200012328868925,0.45582603681196654,2.802457988039925,0.18658105206159287,3.1114045911644137,-2.158257547315131,2.4016433605181766,-6.103679356820207,1.9091040686079506,-2.264593402971925,-5.436071950314631,1.7361108481812317,-13.417656135103554
37,-0.007161508897596091,-1.89488841989657,-0.8040051287583856,3.4515355073442233,1.3500642769961362,3.880692201579099,2.210132761509302,2.72697487495839,-0.15552677306572726,-8.09021998745016,-3.4987132899230167,-2.1951405979859953,-4.470499366728003,5.954744178075888,6.334279357712071,10.154630139045741,18.879351676422182,11.864488164956288,0.17187011622776613,5.1430053083788305,14.428293555679282,-3.453070284542428,10.75953070269292,6.947402505863527,5.591544431735934,15.511552945303992,-1.8143014963805415,-8.001846041382597,0.6551593449764815,-0.778190377750044
38,-0.3789171618045844,0.8203140378736595,0.4924955600418847,-1.300151826983017,0.036466223425304554,-1.4910949708882735,-0.6311899039367485,-0.869569966488048,-0.2894117725917646,5.602531358203885,-1.9337734836027256,-5.017293319760533,5.452017970449504,-0.8953623585252369,19.600667412287844,-5.7153445470725135,18.152604773657114,7.591304922016024,-11.321822464166234,4.692288391647066,29.32439793359042,-5.323404309600417,6.849293224211083,-2.800727864224892,9.221480297833006,26.745785323287944,-4.940395698654337,-16.337820883099177,-6.49584432492097,-10.08310981831356
39,4.340760722936488,-5.7408972461864325,-4.052501537040903,8.148366814449869,-3.044672970262915,9.400792383417675,3.3591976632643212,4.930741533216241,3.6180731823774974,-6.30700239694383,0.23824880271490356,-0.18604662919020556,-6.63240991734072,-0.10002402432395356,0.9488637964707535,20.464421910700754,10.94707669186732,-3.9969508300431937,4.63738453231296,-4.749209714907238,-15.080113205723956,-12.503838973952389,5.805094236016627,-1.8111556402968574,8.18189270922956,-6.51375678791951,-3.922153050344576,8.75103117781273,7.030488326875852,14.165649029473412
40,4.070415143428401,-5.354785115660544,-3.6202699350413696,7.114131426299262,-3.102086803910011,7.735875810833021,5.0694704227092995,5.708723926710216,1.359942757483143,-5.299988272201904,-4.131624792146694,-5.7108047335848395,-2.8320730677116814,4.131197921363974,-1.5218063168800895,-12.382966112167766,0.21005865061270163,-4.633503163817738,-2.743535109761859,-6.782384063548472,3.6215968479470635,3.7963991071460423,-12.841388146010482,-11.598630724690585,-9.924970037986714,-0.5315273518058463,0.5503858436385083,-11.239477905047474,-3.4250692810421115,-15.9372805944502
41,-8.160849793417169,7.750131684061125,5.954589598126488,-8.738042267727035,8.372516981918187,-9.201959309503211,-7.070852176760195,-7.376878940543715,-2.476425645976885,4.689373298654402,-1.8455994956209998,-2.5652702997766736,6.123057270376118,0.9243478523814866,1.8157276685493686,-14.56746198770461,8.994281683082429,-2.8275410044795675,7.2715162742294215,-12.95068320741131,2.615306051969214,4.505158388379161,-10.101572148224989,8.619934436119376,-14.285187211402834,-9.780542681429047,-5.736866716987248,-6.279390742666351,-0.5400615897421255,-5.840621612640774
42,-9.188548029719893,7.019547163902173,5.897063384187685,-6.5042720407876855,10.741664199727817,-6.37664004795695,-6.9178981337140435,-6.398149787924713,-1.9746684730518034,-0.4537705987401257,-1.7428002872409463,-0.2100588649863651,1.8270114276833944,2.60226672392343,12.532210646396654,1.5221940495925084,-5.163875816705886,0.676027337598646,-1.8518188811029512,2.3453854450899017,-2.7934321969145466,14.267920782131215,12.398251401227265,-0.3258583855978328,-0.01577950685690488,-19.06182438146436,-2.963599677007365,-4.60325378045233,5.593862477347502,-0.0697442413555549
43,7.246381043989572,-6.0002901979211005,-5.047679743163915,6.538995399691971,-7.873465127575536,7.192889408540547,3.6745063233779702,4.374053389164898,3.9288062144105114,2.2725864707118784,5.505297942581753,4.6359582400305035,-3.0409403725346236,-7.532847777889869,1.670423461400438,19.183667676719388,0.38341555308828096,11.52278722927382,4.608494967744139,14.988067955168805,-19.66598172077884,6.925865395230546,16.313533151458643,18.851140445647058,0.40063018097565717,-16.556683922627045,0.254236636274485,3.657882671159325,13.660737219759948,14.640305534710995
44,4.723652378539698,-4.270291540184048,-3.704044032049695,5.6541790455175205,-4.525999640593077,7.011423018336692,-0.22490367491616164,1.6149506824844702,5.803954755319792,-1.8311123073844024,4.85690192191047,2.680208061348972,-5.997697486455602,-6.696714134107758,-16.38065121732367,12.161166050018675,28.94237187675781,2.7020241743598374,12.294578722480402,-3.810220135692914,18.71840513598522,-3.270509118670363,-4.826970408660773,1.1798096290421094,-22.518063937547605,-8.73101798250988,7.724013066678751,-15.068968879887164,5.957271526939978,7.097244108743731
45,0.1187275688552591,1.0925159079679916,0.3724299601097696,-1.9128859262273208,-0.8999876556988631,-2.0030687192089687,-1.928594245934196,-1.9865551470051463,0.8538527608571228,-0.14863536876068748,1.296916809148647,0.27755055576352844,-0.725082752652423,-1.333478202367522,-14.187859473984137,-2.0762053268526754,-14.374082797168528,0.36638001019110616,0.24177023051212668,4.012743626214623,4.940097066524976,-13.082629034135886,6.990479595174695,-7.503151851328982,2.09913610342448,6.97802177998253,5.869684292942616,1.464057023804348,-9.11502027604914,-7.935496831494905
46,-4.078921485022254,2.7322901694374884,2.439539668093633,-2.1469403639983984,5.059552982614718,-1.954940869674466,-2.797596415166947,-2.3888869269106423,-0.6537430015948108,-8.521607969788073,-3.4073127009624953,-2.493437812299542,-3.9892728201017493,6.485879961857102,3.2086970309779668,-6.241821352313906,-3.319393367891575,9.154401802611787,0.46016086268629264,6.0655330546611,1.3728341118063143,-0.5593067359114753,-0.42535283045871736,6.9785101739427775,4.594270338494515,12.340906420000044,-3.4022533546808176,-1.198505044603691,-2.390795976741436,-2.9148826643953574
47,-3.7374740441218655,3.5800403720411946,2.7771904382863646,-4.162590457109695,3.7625907250757176,-4.502773226200131,-2.8421818334370093,-3.1734784678403996,-1.4825654365743142,-8.854252807737366,-4.544631802716457,-4.464952262903763,-3.121890250310607,8.139965896204403,-2.0462279330294284,-7.133693572312926,2.015397154191288,5.709553930223724,5.804599172561258,-5.155872915157996,3.581829904855637,15.864817380930202,11.20095755113413,-15.574472949437837,-5.4288959742379035,-2.181478617322565,8.593068347296416,-9.878488702648518,5.949306512983934,-5.233194568974159
48,3.5688004840133796,0.06217566497358904,-1.1307448920087348,-2.469828173018917,-6.104441636182956,-3.0614645595890693,-0.8770232156080673,-1.7042426560095656,1.429465215272036,1.8030723873189038,2.9895640997444346,0.4857196993728824,-0.2046697437061493,-3.547537706711695,-4.953896517123821,7.530645392958422,-4.178921086616608,7.345857852141985,-2.46076010414257,8.171622414273752,-10.551039441586143,-7.133175139606222,3.1897152861926084,0.028787313823650476,-6.122773710666196,-4.422294298550037,7.059598969192078,-2.119066977413287,-4.804735238088586,-5.460482443917474
49,-0.3683865647097327,0.414609767493265,0.5954913246720981,-1.3592436217669202,-0.07250772982189399,-2.3692516891896314,3.0889809500263277,1.5828667915300805,-3.7265668730144776,-10.337908751120079,-6.217695322850564,-4.063320589829519,-3.166808189984429,11.612362940534286,10.714230447793256,-14.656220919341111,4.547092187946786,2.0399686355575235,-2.372817776992661,-9.666338165852702,11.103821855919456,20.079986855199945,-3.496156788464099,-5.36609062758219,13.351346143666534,0.05576917965507544,-1.0798226712563754,4.322901898255079,10.63390117656922,0.049569927413909864
50,7.938735584138718,-7.516441266570201,-5.751869764906895,8.371135332234271,-8.202610187592448,8.716399634523878,7.21255645003098,7.351387709223518,1.9287731565690622,5.19475216715217,4.450187727506121,5.179263101606615,-0.14913185424567493,-6.73241698368761,-6.057291410257696,-6.839022964101583,-5.344682666501092,11.63156542780003,-1.8734065426835966,8.89959896451365,12.11134301235961,-6.757831560498339,-15.517653922761347,12.81751138681352,-5.221165679171823,15.456499888295781,9.914392841042092,-2.647160767993387,-5.101994024083162,-2.4974908291575404
51,-1.750847202389858,3.428031714033013,2.2595191795120737,-5.739333540643835,0.23755703598817238,-6.989496076692899,-0.8863960712643255,-2.569947472447635,-3.2507445637608052,2.520208114005996,0.9317962152096034,2.9960310858518473,2.8088890866261798,0.739012309832341,12.098723009869728,7.665483104848969,-9.890932024633802,9.861031582174535,-11.643419514082538,16.41793798340686,-4.187763811143955,-4.687946892345611,9.15835744337115,1.4063360180376137,8.176409822041167,5.975810720448251,-2.6791010077975894,-5.811763452342631,4.001798713476822,-1.800782602374503
52,11.256018132865107,-6.160354141841095,-6.379739656612633,4.0798139645693485,-14.61859587487776,4.003008230589092,3.3786669645737755,3.032879870128537,5.1250218503586975,0.7587679730138207,5.6388842985934895,1.077663208625017,-4.0294917075324,-7.429836166908958,-4.86793273641018,-0.8744453317229707,-14.580984065960031,7.287956898347852,-7.756973901297453,2.2279459275627698,-0.1416617970564301,-9.353944362873328,3.0118850882376336,-12.31156663328542,-7.948295054488269,2.855388533786651,10.342426743227987,-6.953308238633239,-1.587894032293434,-4.0922339045915
53,0.030729012998320166,2.5890110002406126,1.3166099244375182,-5.3664429462740335,-2.184429579385172,-6.688732901637296,-0.40561052323618146,-2.225138646300207,-2.4160916839065227,-1.708192422713819,-3.1652251171194865,-4.684887794629742,1.8061646568441667,4.960378902743554,-15.968480401785033,-18.623089418721626,12.418961897753038,-13.891676000173332,11.991630904151998,-14.331406372226667,16.59687425846744,12.961432623013105,-8.666083415269007,2.6543201041796363,-25.641609041832538,-1.8804449223130186,-6.768482339030994,-7.747327238607952,-4.546230201204175,-9.151837077380712
54,3.701848205700407,-0.6045562859982352,-1.3225206819390949,-1.7273710351155385,-6.042387370852204,-2.6299620779156316,1.4431378536540402,0.10108298595505671,-0.3528558076193798,8.613366101315263,3.5650596549302245,2.294796134863456,4.739609879001758,-5.739329289263908,-1.1661467399854373,0.913382417301454,-8.440272234102574,-15.761595778447239,-6.567581704178249,-4.076750185023893,3.517409055286262,4.450730300522867,10.924369797674148,-7.1867472871411,10.639422848155967,3.9219700587670148,-1.4633623479979172,17.200088586683822,-4.384896654103245,4.802713997557139
55,10.639712897414116,-9.278318680298952,-7.650401494804937,10.565331386624589,-11.17606883814057,11.760697592956756,5.477906739188166,6.8283434622087205,6.262661009300638,4.5056511787532685,5.276974628527098,1.3687886011439523,-2.273557666077902,-10.031981174830303,-7.289970446537095,9.318728493889372,2.110919660294205,9.215054618607521,-0.2990716622886128,10.657676362491388,-6.657207754672821,-10.762960584114603,3.210760623938715,6.415471922259087,-6.427553543469352,14.2781152420193,6.385060996615704,-3.019393852876862,-4.151464930848546,-4.107336484961481
56,-0.29564642059145096,-0.7095085003908287,0.1934844961397563,0.3545671726268983,0.46246670601528733,-0.738806612824239,5.546419692122919,3.8368354930935986,-5.278043204944684,5.575398289453628,-1.0816286764300969,3.6240492735816,5.725616218211329,1.9866885387449973,5.762671534948933,-2.612512344206936,-11.941415946537887,-1.584001665730059,1.8481279314486225,-2.403459253156228,-3.953666668029866,11.189870541045426,-9.30926802903486,-0.058717176526690174,5.428931490616611,-4.75292703460796,3.6611564535955146,2.8585078935082384,7.01820646415579,-1.9928428636546611
57,4.3889734443638675,-4.503389011939495,-3.34203450350352,5.300604442326997,-4.270225701093616,5.615822661597297,4.2293681449570455,4.46996359589846,1.214841753260107,-2.53294983829617,2.5969857736932447,4.662817270688125,-4.266569155971241,-1.5556169458540343,-5.869879439000048,12.905254329729159,9.673799373102652,12.596068108072563,-1.9698180540856969,3.666374940327725,-11.126909839014163,-8.330838610523044,2.785567597365866,-1.7040391989520134,-20.179692091982204,-6.3038743177938725,4.442203468147131,-17.910111077206487,17.437758955556387,4.695019961490152
58,-0.5512646669564799,1.2902752639810908,0.3363237176873737,-0.8745312531084081,0.5547977996167631,0.1984762436497336,-5.938512083909134,-4.234278609016881,4.865348256878434,-0.5299839844810585,1.8790462234278198,-2.9526113230004216,-2.3158053549113276,-4.514027686323619,9.451794196046231,-0.3883512095595311,-4.961224638077215,9.004165330726137,-3.817135256164596,5.05543412276906,-4.320159042251736,-0.1584250360568489,4.799090665947892,8.11039384411072,10.292198231257032,7.153293198652174,-0.24096846705494657,3.1381596406449495,-8.658173714862441,-6.629371504689763
59,-0.22424670563199525,0.668586319346605,0.34581137831056646,-1.035784958648206,-0.07581638862527898,-1.1133576125663511,-0.8614950579496268,-0.9361479024183419,0.1586661291155011,2.0147387757269803,-1.2359334180676664,-3.3384827357587525,2.292861094110343,-0.10842504371858523,2.821288702550735,-8.297313665937766,-3.0865480800641745,-3.895408798543493,4.14077128664079,-8.853575354165752,5.091962161460286,8.451484690860015,-0.4831015488157287,-12.766014093264015,-0.69135838798943,-5.523095305472473,5.505289562207273,-2.541470552760241,-1.5034337680652934,-3.7080760030460063
60,-10.744880827336145,9.271207808355465,7.6142566334077895,-10.292615615593014,11.450632201685417,-11.250385886072461,-6.228730053289353,-7.221972371627335,-5.59114530952248,4.985623456413968,-0.4327646838609899,4.02652043615738,6.3612198456736655,1.9495280679341085,-9.673533331109809,-5.258527455506002,-15.243335674507103,2.9755466460838655,-7.038456423209942,8.818651623307334,-0.3115236130374751,-12.959364354340277,4.035507640378291,-17.235792153328617,0.9899022545007055,19.745883352531408,7.679590887911913,-2.486878836180258,-3.8025039199085007,-2.675230809101615
61,-5.604190699514501,3.000771308264249,3.412738411273533,-2.6597807443002197,6.967217391769895,-3.4685148957114413,1.476723716122722,0.3624543635005264,-5.877524689008232,-0.6333460559480945,-4.451611367666884,0.5530255090596994,3.510542087136703,7.3513231312058185,-4.830535740656121,-11.883024814557874,-7.277918933796008,-7.03568335855603,-2.030661924823613,-11.661938514090378,4.445394496975173,-4.613044311105227,-14.83697701497947,-3.2247134623242064,-5.321700961866915,-4.967493665160653,5.714190759084403,5.380337440129411,-10.984253277746912,-6.70114486699057
62,-6.502865108826604,6.359677287117751,4.623080629586322,-6.731103699640416,6.812266016670345,-6.490561039842191,-8.179035102647829,-7.4865408785074825,0.6452921244039885,-5.519978665982661,-2.679603740190578,-4.974333787796277,-1.8219484312079461,3.8183082788846168,17.476847469816175,-2.8959859064381246,21.014914136826647,4.6652502167241865,-5.134993814069599,3.4347796441464893,17.0772838049922,2.1818831504364065,1.0455860766583336,10.960991260090397,15.914065091394287,8.704082519067784,-9.716533745619794,-0.47685208519125205,-3.1299382941664065,-5.5272314745084
63,-9.011379827162127,7.053106695243168,5.806821438196327,-6.549023446814108,10.480792165271458,-6.304300138200844,-7.545167010892696,-6.842701559255748,-1.184146469694496,-10.503900568238077,-5.548218483900464,-5.398302080688421,-3.5846411714907074,9.164922476361353,8.966602883842679,-17.900704980064145,-8.232170302350909,7.558948951498606,-2.3772593238949455,3.1002668298254497,1.5820977841316413,11.574593467246878,5.0821039677471775,-0.02814827011050936,9.27617039681211,11.359548438693299,-1.0239125764154737,-2.3036119724714985,-5.531403581770984,-5.903350460376258
64,-10.91997625131032,6.66828058936988,6.481586429196057,-5.210563429247291,13.696509825120009,-5.285518266210904,-4.108451387822755,-3.9508093845612366,-4.800621076941074,-8.768704512743895,-6.540447966119472,-1.65208488028615,-1.2511606516777443,11.46619225246334,9.349783465591532,-0.9225630047212641,-2.924461215695614,-3.563187578817262,-10.411910275849948,6.427095415957103,-0.12117330575429913,-4.932646129055805,7.502990166725148,-7.931961151365245,34.2701580350027,18.001174036929147,-6.515132911009524,17.741710091387578,-2.6389644926159384,6.472375571647439
65,-4.70955628622081,2.021393438897887,2.3752442797988116,-0.5328534462460081,6.58680534542036,-0.1880746720616826,-1.434127393632588,-0.8551908678055944,-1.5141316533217395,4.582497141152466,-2.1621696960070675,-1.624805644490588,4.879127315311693,0.28392654205597534,-6.054175256191086,-4.402399769862293,-1.113279523573028,-9.953724463617272,2.678592150933687,-2.9709293093988762,5.349387566403551,-1.7678938295782087,7.528694326378433,-2.117774748422099,3.969239526473282,21.197944668499808,-5.9004891090049485,5.632764024490602,-9.231436538565767,-2.923098808904694
66,-2.788097697352162,-0.3010801769670318,0.5789526410528749,2.946597080783698,5.213844383542492,4.107516732549595,-1.3145403996782619,0.3714690051119914,1.3042578584614613,-0.9993417383421943,-0.4577788652770983,0.24506896027519348,-1.235846344268864,-0.4889750037857085,3.7957788097376453,3.2627183275372476,-3.8218339990861634,9.014826332250635,-0.8505035443915242,16.98039964622002,-2.529430529249823,-12.444547793521155,-3.4612663963841355,8.268213945195383,9.393543945117685,16.641049344096682,-2.091023799642661,-1.914342838582025,-6.934805627573047,1.4132054547698352
67,8.446321051801684,-5.51648245141799,-5.318642562944145,5.115002049843117,-10.134080017727182,5.751256823700972,1.8182093500718952,2.546344821488044,5.631544865956517,-2.3795522651530714,5.111752870963407,1.861497639235406,-6.355467656396658,-6.253444306766635,-11.293012756424913,0.7640606769018099,-0.7658408592756207,0.5342299742911552,6.5535850844832835,-0.8331500272099538,-7.919573008303958,6.612075223741676,0.7180587362464784,-3.1417821118848086,-8.240022767213432,-8.672609639379058,6.428311341002225,3.004526202097273,8.82660477566306,12.394021524065924
68,1.1581420162764664,-0.8822833329022355,-1.1767973943043162,2.045786124684158,-0.7676861770801332,3.4447550687627286,-4.191803052858687,-2.1156297625458,5.634189507350134,1.4337081465019237,5.781465536089603,3.243080918787495,-3.61544719045641,-8.695180078697478,-20.286167477048057,8.386570607558253,-4.659788772694391,-14.215343040511321,6.96110012406265,-4.741481001061486,19.864896087897694,-5.4860270898604435,1.1128995070905634,-17.997589629868752,4.235427267998956,-3.5248522525192696,10.061904397833894,3.6331736079408383,-8.132805173195948,1.804870495104295
69,-5.764730003111553,5.528890138388144,4.458125632924857,-6.918957538958864,5.56640035260378,-8.004145664031764,-2.393853445902626,-3.75258620588327,-4.5205723732041,-8.245381882612131,-5.002686791666258,-2.1520983659906383,-1.4304558654852928,10.368793023530197,8.93492162907844,-5.426684009057343,-20.512536292130168,1.3965113372107316,-5.007643902642145,-6.065956869506962,-18.740401723696014,11.79123687339471,8.824037653179163,-15.814709410696194,-5.651443169134611,-15.88872677971904,5.5340946245447125,-7.4371289898403345,4.160979835826753,-10.156320139959771
70,0.2252747600865322,2.5601930711545102,0.9812715759613452,-4.706336023425588,-2.1426999357233205,-5.206679892048376,-3.4436576807212753,-4.017810288168344,0.9240011517374351,-5.10477052485392,-1.070223779613985,-4.090541284271301,-2.642558084111161,2.6183218614775003,-0.6971869242237055,-4.9788576922024195,-1.0865706299108688,-13.226962631159036,1.9851477949784309,-15.868193239402796,-0.8044390646107566,-0.37808317532999275,-4.3783593893402495,-15.723261223390683,3.309769869378366,-2.059093772426153,1.4723726806596122,7.412104573291487,-9.346154976424426,5.029962838025511
71,-2.090895234088854,-0.6647313800059544,0.4053452116507318,2.5609674884459546,4.006269369521434,3.0162100654598647,1.36518106455375,1.9702712290842332,-1.0609683830879184,2.443618690484148,-1.92267629529359,-0.6839666827190394,2.6721161680811454,0.7415725069304904,22.465070215454627,17.957161534116363,20.17672082139743,11.325578936068707,-8.375250749292553,3.642540332405052,-4.707511128676624,2.2018581435829376,6.156395174916404,12.943915136385714,3.001885632598066,-4.678907939319477,-5.41895969390298,-3.8929371456383515,5.612393095128003,-1.3818069522924854
72,5.204101331832331,-2.4674790875715953,-2.8305324085779424,1.3153088612837793,-6.969473373801418,1.3336337672951626,0.618514288400349,0.5667372811835163,2.9915540634401374,-3.75353631825015,2.029731472642817,-0.5134812856851035,-4.601525913805249,-1.6214303695814865,-7.898708728152907,5.219718481407425,2.2368309867515057,0.9780171804001466,1.5756972955019504,4.278506666397845,-0.45985891110290084,-0.6259629366667528,11.223994891378519,3.367172437109152,-14.337171534093445,-3.212429356760778,-3.506012201850792,-9.249603906186305,3.2613621812868354,-5.865113570322251
73,-3.39822878770247,3.360127455146311,2.6245413218386107,-4.1308076075081575,3.272846469582901,-4.642133965416504,-2.0692169653794044,-2.668831223945642,-2.057731748841474,-0.43148891769422076,-4.027225568531564,-5.1406030419576165,2.9053526075497973,4.464152735114633,16.107875238104697,-19.171384142153876,-0.7188769981818548,-12.690167814031536,-9.46675230004489,-12.941385323174208,-4.937281443251673,13.32483129364983,-1.423554813366103,-4.604274605434302,9.301398211885338,-7.48476126874084,-10.71548675311968,12.835229810103746,2.0858016164222137,2.0976725238550906
74,-14.299576713050195,11.274587758614368,9.58561566413047,-11.493752738061696,16.11839808194728,-12.218732271075032,-8.15551331925392,-8.71991286396137,-6.292949305954595,4.393977164992537,-4.440954481249146,-1.290015000184213,8.424977674472121,5.344061669425583,2.2028068817026467,1.1325643655188338,4.574797431685643,-12.252735147716052,-9.106538428751533,1.0611329643880936,9.68852244867575,-0.04790617900133226,11.39539881394933,-4.203006840210065,11.532337999246202,10.278709571438757,-15.364211468996082,2.595280125584009,-3.497753298988152,-10.491006556578247
75,-9.700082530246515,8.81781465207849,7.001251843955988,-9.927671132829621,10.106461564690907,-10.687321253541056,-6.882531487172502,-7.588970202266803,-4.148503439655303,-0.7695413110057829,-1.2300006985801548,2.081876646030351,2.2462867417155965,4.080624604543471,7.181638379229605,11.054212700137493,16.442986275857148,15.440090031057466,8.88527869527076,-11.373687082348047,-4.222838823733886,-0.6881524465616603,-2.0846300192248974,-3.150864466087837,0.8471310171914377,-2.8805716489615234,10.631869170586766,-1.644564189519798,11.570690911565173,10.30099096848553
76,1.9994187354311064,-0.7821223681200187,-1.2130294759353735,0.7589198288033981,-2.5294495221417033,1.3673684986808745,-2.2397097876201504,-1.3378464132909307,3.5639574842066306,4.0530846835610825,4.251899698434098,1.550955289761938,-0.20095032724803583,-7.20689075671529,6.479323674551509,1.745991538423687,-4.404944099008377,-0.8601277665991564,-4.774509037732272,1.0149351410499186,-4.581154235544692,13.558284915916705,0.4945442820807306,9.925824325929856,-6.897255904906184,-22.61455479382627,-6.682107789036923,-3.3861044188081726,10.802315184559033,-11.717961947946026
77,-11.320312016416532,6.204498601314317,6.347729864198228,-3.9148034498987085,14.793540206561012,-3.604189912303142,-4.24993905405881,-3.5483755422792376,-4.230847322640745,-7.169468210376737,-4.847610595258983,0.9731274583884694,-1.3399305638553693,9.081643141381441,-0.13140287147093302,23.31751736949513,16.185238621050953,19.800179231868537,14.375807812597564,3.9183184806180944,-14.657864437695297,-8.546668921776519,16.730354236693984,6.73859369534172,-11.541442765120994,-1.429364579325994,8.33327487405105,-16.758535871569197,5.092242325927478,2.007003453453642
78,-8.584668995224119,6.76474675705574,5.770517391526702,-6.942693921005894,9.655653055645935,-7.434066097864981,-4.687761950611917,-5.1118209317685945,-3.9898066050572125,0.6150542333971502,-2.802399361442664,-0.23450248017673858,3.695118519714189,4.354892124653359,10.376014994157499,25.17532172376701,16.79512912813686,6.080811878905242,4.594048061242976,4.080472618220496,0.0886637269513899,-6.060187676116755,12.937659091584313,2.648215528529075,5.1936067115462725,4.972529066355838,-2.176378440516517,-9.409505138858844,-1.4202107215284037,-1.250464269484451
79,5.9237502980918135,-6.214010907664724,-4.998468374888728,8.618663232459411,-5.085852931896015,10.475374686271616,0.8595213587124292,3.3407923388706977,7.105894933297086,0.18923574640307264,0.9884628534365326,-5.365607803521331,-3.0206578601873297,-5.915793208821483,3.911338666736962,-5.356648155512011,5.493366968970365,-7.6661797564323315,8.893721316303358,-14.10724323224066,-6.0911237562036336,30.594548723613737,5.458450252943208,-0.023985234566015562,-11.256105663743938,-22.015063556450883,-1.1871505611121762,0.8004988877260741,8.297364260990708,-4.7198709993913415
80,9.536879296084193,-5.01702643493406,-5.323351995275999,3.1001708059381134,-12.523226256794423,3.002864568151794,2.578427747565713,2.2508322388176585,4.392424514844783,1.5280859684071622,6.052681802184758,2.70102492895523,-3.4354121901271846,-7.591235761116211,-20.669509682976393,14.123501589543153,-0.9097272662657818,-3.9239313249212078,6.464782985505687,1.3251639979923444,-12.476799021026036,-23.844561787508685,-3.564172688870152,-7.445828304086648,-12.975283844823833,-5.9907025590807566,7.697257060288591,2.4509609585171743,-5.6847047921199785,11.014581184556144
81,-4.407673924515382,4.476701790092759,3.0547145399262248,-4.44116200481728,4.7023977948466555,-3.8286255011543395,-7.478429162081254,-6.317184216275319,2.289027048969887,-5.582178401854013,1.6455881542098834,0.940490089637822,-4.926694449530785,-0.32103486316221047,-10.12350935191384,-2.0086328957656807,12.952039593041796,-1.549280294561655,1.702053508794656,-9.273798421205255,14.587754211510191,-3.862383129738599,-15.40962759810343,-12.087699082645525,-11.80374456151793,-0.542425976123688,10.07568412710841,-3.149240541709228,-3.0273415122297176,0.5406263651310766
82,-0.36717145348360597,-1.3927445728015724,-0.48012934284416436,2.7943793558158183,1.6157327259005534,3.1896718060512153,1.62992996070604,2.1242004529650833,-0.1410538765234774,-8.637858929690896,-4.100821260954312,-3.320804343523591,-4.448417920706963,6.619117316152383,13.260263316492185,5.610650434529906,1.5334420997505145,4.778863688292146,3.1005927900516803,-3.4515545816677173,-4.951939765739661,-2.6547176593287776,1.5053991071734574,-2.8796470918345434,10.477973905742978,21.008871013761585,-0.2331663993660551,1.4354898415767585,-1.9745004033375486,0.4279699060782941
83,4.117879758315017,-3.217800073390903,-2.647277712770234,2.9718172876879625,-4.798461992098081,2.8457387257412083,3.4885160285931645,3.1463155873069613,0.5963284185525777,-2.6920762098859767,-1.2252721307889742,-2.3010454277543126,-1.7735712579741392,1.7168389513118598,0.8265027229684406,-2.7245085026749125,-20.82018841761275,1.7399037746270363,-10.1598437407792,5.729732676940343,-5.9044204457647105,-6.433253918042223,12.09452870437531,-14.388055234683957,-3.586168838200192,10.676541857266464,1.2355969825409203,-8.294299494193865,-5.254023025830481,-11.950454668511926
84,2.021914909277649,0.20059407653462927,-0.7958916897744827,-1.0612224325527058,-3.269976760163356,-0.6987700956709099,-3.3172569960270235,-2.7185572177658206,3.5888962938536833,6.587509851041065,5.603188601827896,2.3556900870312023,1.1710121255817045,-9.192534883635949,-9.485324006003973,20.217214521726095,9.411466184084974,-19.061435453335022,3.7964925999897163,-5.339848224705539,-9.326553884722625,-2.191469043456567,19.219675739695557,-5.806763391537833,-7.86049750290139,-10.953547067350776,-10.027148842749096,7.295342749008277,6.0527669954717656,13.394794921038892
85,6.55810725481836,-3.925267034170368,-3.9151807659911486,3.144450276185025,-8.205366953728362,3.355241540416774,1.7179842407605763,1.8797474605091284,3.6511852163849636,2.3737350777229604,2.360086310861629,-1.9940722339029338,-0.6560443966939589,-5.057696264279751,-5.653994517355901,-11.166668794078673,2.4060436976602215,2.7889042660271093,-0.14766450602646108,1.8894984516726525,4.931648746913601,-7.022305999250156,3.9424546365676245,-7.778636954808256,-7.71128454346169,14.667791992524483,2.669152292393464,-8.371037680097118,-1.8125594597548347,5.935705465974108
86,-13.085747290371064,9.625178231810468,8.396697492350295,-9.03042690664053,15.348096787597479,-9.274868243289635,-7.595130770885534,-7.525934951879513,-4.799093175601286,-2.8696632010803698,-4.349912530200165,-0.37745426940437005,2.383592895190683,7.3915236516971365,2.5952793423783267,-16.192412415132903,-8.01560070885097,1.6306851830158093,-4.094114645991924,6.244157642775875,-7.95897733009087,9.725848708350911,-3.108883814243228,21.16710194256522,2.3958125245893824,-13.797459239733808,-8.98315284871991,9.322130843888624,-2.644855669493058,-4.277039734321169
87,6.658476393075708,-2.266903303678905,-3.2224569930549216,0.00613533142911455,-9.573220030936694,-0.23770401405417213,-0.0093572396010419,-0.41786101340824505,3.5648649020435164,5.881441620913085,6.7283123786123245,3.37060520099161,-0.041118794044092515,-9.41875193058751,-6.860120903875101,9.149274546183763,1.029944990108874,17.521016555197566,10.077864882273762,8.936686657758804,-2.7001080032642304,-5.217663071053742,-4.55428364854913,8.770674584697595,-9.173069578188484,4.980078245143231,13.560605255840635,-9.21316426563872,-0.1699104785881358,-2.106624082787488
88,-3.170940907906278,0.4793358610346227,1.5173741884785545,0.4145247814587847,4.660580070302992,-0.1096061566931877,3.477624324578125,2.661248526587901,-4.817649975987884,-5.0772951112356655,-1.6987463165179582,5.835316423126301,-1.9272886033639156,6.645984139489182,-4.186968876955658,4.747241428915252,-9.042896391025533,0.6082723656488095,4.055440466545587,-2.253493240806365,-10.801264098367604,16.99852284907752,11.038960010988479,3.4460881541508543,-5.422128808005717,-10.889796003912789,2.1514605892944703,2.5141215679208426,15.165040587571252,9.37870393816901
89,7.17509499009429,-4.060058103627517,-4.147606769277942,2.9114288807830273,-9.191780294417645,2.97139514218973,2.0270469652670147,1.9621598519992483,3.6535113466858196,-6.550579509172678,0.11235469174247477,-3.969940177875904,-5.916167525383806,0.5188638046677222,7.117197063305769,0.8052933925632144,-6.050890049766578,6.834063619510693,10.160085799147984,5.735755642710742,-9.900619011416554,14.986155438245381,7.187968508038396,14.40398730436301,23.80211284650122,0.46443566034723993,-0.20156677589118877,18.110803566541176,0.8014538562959328,4.954945719415484
90,8.331535963363503,-7.239428594475688,-5.64637234791894,7.282269874859676,-9.220826449309618,7.1268194721960345,8.140251110049086,7.547706239855596,0.8281581845694188,-7.175265368206536,-0.8271639573218208,-0.18032959058633452,-5.898352404611053,3.295967920941278,-6.955853558695517,-16.34324309230444,-14.039510882456671,5.2184586497383165,1.7707477930935418,4.650311200937881,-6.159439202658242,6.696343816052906,-7.861253357044141,5.084075628445489,-6.446371214283763,-11.225462586553927,6.300909526256632,1.730457071146136,3.326948762924455,1.951041886900403
91,-2.4077543095925087,1.0662009848364224,1.4618002542833717,-0.9932156834075523,3.0284213218573006,-1.5850263824498931,1.948059524599493,1.0839406232045468,-3.6851416668003627,-5.8854956838482755,-1.6766568981057697,3.6813271641205465,-2.5412235537487016,6.305824833910994,-5.692152117521072,-5.232592048974829,-15.109842521415601,6.50832407071498,-9.462084685494158,7.891641009708589,10.848725970941006,-7.789773030518448,-8.241342996033424,2.3348626602353524,-4.145778087586342,18.14997419203147,0.8225299693675168,-8.178929379678985,-3.908940082522039,-16.3427495978603
92,-3.8447344976308195,0.9833933677659833,1.9519859047335335,-0.06204777486732325,5.446703900648887,-0.5963227965257822,3.0611410502371523,2.252615342580756,-4.966770603816317,-0.3524951828217286,-6.688088540231878,-4.031787012347636,4.436816682179659,8.102745826427798,16.57129083110212,5.998190541780218,22.01046529024191,-1.0493112101414057,6.440515413260728,-14.203442961800937,12.733040649061348,2.0078874009980665,9.243475925133852,-7.21637062923121,-5.445623026470246,2.437688604274993,-1.357458075878301,-15.730640790694636,1.612022485492667,3.642908679437337
93,-2.379255541848225,0.753852300114169,1.2945939274289846,-0.3729374614066163,3.2344562109517216,-0.8172024490939442,2.013930190824378,1.3517709954902142,-3.4179712772224935,6.730763005475576,-2.9862283848096314,-2.0049166645525496,7.332426305502043,1.387039809574101,-4.976813017036962,5.524499778722631,14.393790886389107,-9.870779987510462,4.9620531582579455,-10.111694153132108,2.614409986812381,-9.587163372725513,0.868484112871667,-24.791083713336793,-12.239103847346733,2.526126368884283,1.267369073477609,-15.889019966769274,0.7439607379782116,4.947325932336805
94,2.005087998080039,-3.557148911759973,-2.5327834645002834,6.19105028031305,-0.39430118845202927,7.871863760511075,-0.6028656990929394,1.727938402244872,5.03327114853608,-2.207165638503499,0.34237797776504814,-2.9687275291547683,-3.7180526238594216,-3.0383846892443405,11.965144685878816,1.4868536012520943,7.332276159976934,16.879950430716576,1.5797856642734214,7.07402452256872,1.9465541482228155,18.444529502462224,12.79372722667686,12.76660801438431,1.7932751662337902,-14.546114769211728,2.892470335702854,-5.665714474830751,9.47999357457933,-6.231711965815637
95,2.563922717137358,-4.045298703892777,-2.3515849171466168,5.09567346242131,-1.7700091227709447,4.939127706277609,6.4795433001306515,6.0055890495088216,-1.9513939075039664,-5.673037574256661,-2.397007262395257,1.2552300991430982,-3.1368940541185566,5.459793075906942,-15.768614007553008,5.487881991263443,9.537233993791835,-8.931509423534251,0.9017633319376255,-2.2979450821007688,9.14962710750947,-7.835051889645348,2.750676229758943,6.64199813203562,-18.029926133790575,5.9859407249229415,-10.19798349240139,-3.957259508726434,-0.2939722213357121,-2.511105244838346
96,-7.917330064658877,6.583355771440057,5.581309128031106,-7.348944336978852,8.509245722100149,-8.247324440440586,-3.411380266087469,-4.452148908743183,-5.1851453525221665,8.605363579529904,1.9436394838408435,7.146534255285512,7.229088989121817,-1.5831206766075085,2.4192799543288825,-7.95986406285281,-14.769196860344897,-3.2814654736302615,-10.006462349971686,6.584671858970244,5.877063040667884,-4.408431038713668,-9.172215753210342,-3.736135707233929,15.504852064406167,20.047782819245043,-2.506047205008088,6.637288574232607,2.3527545932265292,4.466874885982495
97,2.3719418262243956,-2.4295250443172467,-1.9309558378011227,3.2154096690683796,-2.13945320700726,3.7972731278074017,0.8061409238566571,1.5592317760664067,2.178236283271158,5.648503544881627,4.152933973595839,3.7732637799150597,0.9541461260171474,-6.969884391085145,-3.4139678247324974,-1.3010489906282403,0.5873548683470108,10.078476861880022,-1.360416750519124,11.564704406868085,12.340330695957972,-9.305421192807783,-2.2571840968373125,0.5775446343894468,-4.103614077047514,9.028968533533233,4.731797486821612,-13.352579251236245,3.197544955720095,2.1446651015567264
98,5.85392634583051,-1.2671948113142308,-2.354405215157802,-1.795705798067188,-9.158710799464773,-2.7272449459180796,1.1236538765144775,-0.27007366425540247,1.1929837705803525,-2.170770922189985,1.7786921635445228,-0.8280951847109,-2.4560987179850042,-0.6689820472660098,5.5840272915096145,22.337115066388172,4.28929077615399,-2.608760742926232,4.542351656341673,-0.9638194529382079,-12.800464787884858,-12.700042261892712,13.417274583086895,-14.726151819910264,5.420649309234656,11.101656997901804,1.3191864550729389,-3.412578772510907,0.7222164012642405,8.520117507820189
99,-8.031172058727126,3.653455678854513,4.220642960049193,-1.5172121186814236,10.975316654742624,-1.2440764423954198,-1.7273455582572808,-1.2020873342788048,-3.5540505463866308,-7.797839688740495,-2.9548872143249354,3.574354310179247,-3.2919948995468835,7.637719839247493,-22.9448560040166,-1.0326424015041482,-1.7489917179709036,-7.181917014367104,4.361219170205408,-1.224017553360848,3.006554194026515,-15.530162380851895,-8.05169696305967,-6.483547324906365,-2.7973892474417745,-1.0652090501592482,4.461463961046248,5.178933310047474,-4.668767717841527,6.566980074536776
100,5.639293848945872,-0.6613519970098738,-2.0543470791248835,-2.6785850492353447,-9.184991730956748,-3.623167488114193,0.1475273673670085,-1.227411511314134,1.475664430337294,3.6244854665665702,3.425322374577029,-0.14518296322728383,0.9538573843222875,-4.556235722823588,7.59097784127141,14.639773094401432,-3.014270775590323,-0.848645328024627,2.925321748432011,0.7090165116071637,-24.49590416101427,-8.744305433041838,13.525545147574332,-9.901860407085959,7.2478627535170315,-2.3241459536358584,-1.0973075225849038,3.708874409308968,7.97380128231599,13.934238089868675
101,10.022372054011608,-8.84116299179396,-6.9987590862805815,9.426222753958053,-10.795493441475442,9.758080783241057,8.198832873155945,8.261990671258397,2.812936656431799,3.0381310894643283,0.128895908420895,-3.2876943099363527,0.3934977833674411,-3.329015508037555,-0.2696243404204419,-6.814107895544058,-11.11572104883507,-7.698967047624247,-4.163328592477237,3.4451357424988363,-13.27609875983451,-1.4029651121987408,-11.498987309161802,6.975610338867562,0.6923440271850057,-8.555766439745662,-4.952800694557102,7.329649315055768,-10.472822724029433,-5.104945491742821
102,-0.31987174473660585,0.55036971666054,0.6531825978555006,-1.6825494282799467,-0.27192786633715993,-2.7820623568188627,3.102100586660999,1.4708926763506387,-4.0731295853358045,1.271931522165011,0.7542122622176543,5.493441546548556,1.5846526297600552,1.8740236276028157,-20.081782581924326,9.596802607566921,-5.207955988142836,-7.1982146598471894,4.36425845614566,4.482977717918157,-3.844680406135679,-11.708366268994032,-9.899236634849863,-8.814375313772349,3.515095275584077,16.46422257537436,5.117347615321984,10.652493019009748,-4.381647333846796,10.231172493603582
103,-4.614576738536203,2.004174824443495,2.6257449005971956,-1.3814845974837189,6.047169717533152,-1.988380820327723,1.9257440854353312,1.0649333042056477,-5.09948798191273,3.649550269782896,-3.6078426414400835,0.18318394724993226,5.860920016305989,4.301027263444709,-3.7053840552730235,-4.085660823809538,-11.880508130591716,-9.493160801987864,-5.979899133895814,-0.8744424065338181,-10.566919315603949,-2.896232067167474,-0.7737751761088707,-7.382207484790753,5.846438743792465,-2.682049824526039,-0.11279030453355404,15.60440668898764,-6.241152302632165,1.3895542660871052
104,4.795519593094969,-5.3575998662918565,-3.607794462103536,5.935969386883708,-4.6680788168911045,5.63055837125269,7.806617352343493,7.055503058249641,-1.5442374736673987,-0.4730204667694047,-2.3315663959737334,-0.9311055729204986,0.4901269505148719,2.904533240689523,4.100877355219593,15.94187571054327,27.073495762083706,7.012665936616694,5.693510776086872,-2.0632999885271217,12.533714181534432,-14.181452642206777,0.6687151720905389,4.856421380050654,-0.9667295495469548,19.370301022865952,4.224034862969641,-5.493213505707241,-6.937929947252121,7.595449070271465
105,-4.054492161669592,4.458803551976263,3.52289368997796,-6.3132918042894755,3.3165864006802437,-7.676819769031454,-0.6625992767151166,-2.486818706317053,-5.032946682899781,3.2559875050971043,-0.4586271801760602,3.183308933919946,4.532504591410416,2.534993760391964,10.527626942362199,7.117975373446982,-1.642006490718032,8.011339753077445,-6.158727806363811,0.7649939320375552,0.4982260319491771,-22.177249965745556,-0.6172122447611852,-10.41805521650667,4.738258808775926,4.626176422770293,5.079078243200526,-11.62520603203693,2.3494166727702956,1.3507173881480181
106,-2.9779930604214595,0.4002448416525935,1.2663260346698866,0.8693644985809588,4.598235388792109,0.836221206611531,1.723237327534451,1.6478287467043016,-2.8321462230743695,-2.338134674583619,0.017834418578966546,5.773414387020299,-1.3422351500823622,2.8127425106733654,-6.662763901276138,16.677481754424928,7.517287524871776,4.372825015655346,-0.3879258871774584,7.023288236683531,10.90851549884156,-14.89470170137519,-10.268350828693059,5.078352563491068,7.898950206019055,13.373230092925446,1.5369201238058436,3.055453714377648,0.616367229952913,-0.3729090790178007
107,0.6198147633569749,1.32914089886218,-0.028284105997507053,-1.714560484641563,-1.459454455825816,-0.8352473466662231,-6.264328939764972,-4.829574158837911,5.441029808963718,-8.52259346697872,0.22812940292536146,-5.3454992033691635,-7.24088894948085,-0.10800443539710414,13.186605961247901,5.246412120942272,3.699724742250057,20.07886890693855,13.287257815713621,6.356656001450198,-2.3210364834446477,12.109542988240449,13.97665506470338,12.892000728357482,14.44294934811301,-3.842348540487674,6.755270185147003,3.206385848865717,0.9482019288058074,0.36765675789765145
108,-4.031030098869998,-0.3278840671090083,1.195267293829314,3.179940351017549,7.039518165037102,3.816142518551998,1.6135953640004728,2.4814157893095907,-2.0424710554423915,2.583757278087614,-2.1605813266812204,1.1234772871081826,2.978270215331053,1.3916730242787148,10.8289301097287,1.9631907171454728,15.9779454586519,-3.3466734994950347,-0.019997728096542017,-1.9690934976864358,12.637082929214545,10.351842762157764,9.233828023555684,13.748826004381007,3.7409564263197885,-11.564250043479701,-10.39065387054265,-0.37816808778809974,9.277365980853613,8.316381697995375
109,3.2820384369816495,-4.378290508131537,-3.2858215168072618,6.811892831960498,-1.997168519163233,8.437506634171744,0.18786779966332748,2.4005420950918857,5.2573411544959425,8.033599764688187,1.7061257264316116,-3.70302140351172,2.940921277617332,-8.652464160313313,2.943791876768608,-0.5789680705621669,6.72137384674677,-18.771070647979748,-4.657225120431136,-7.251132900249135,-1.9660351332255892,-3.452656898989956,1.449398032071074,-2.883322735872612,-0.5330521187055917,-1.837270000268783,-9.992594819125117,11.548353794306967,-10.639966637983804,5.525101696652413
110,-13.496417320964396,10.13894931089024,8.851202803817953,-9.984629561607202,15.543769017478027,-10.613258805983369,-6.905123651887096,-7.388763160513759,-6.208191601653518,4.238702443076793,-5.362014068819584,-2.5534402603342463,8.602621367757571,5.961788558786498,10.985259031626573,-14.473767058002258,1.8983046138151134,10.533027291090637,6.945126394278888,-2.0706433710044174,-1.8432434947729421,20.286234906456865,0.11150298410504847,2.512904485733342,1.157077343105819,1.9281604250010913,2.253662165093028,-7.165792942969722,5.955722030410605,-4.171166309765089
111,13.487253631592514,-11.320038770931404,-9.333695686820725,12.09060546163827,-14.717453886819992,12.93171570932025,8.483160061165114,9.205608510647568,5.894342690884838,4.700708509209011,0.5557508164402691,-6.882970785749973,0.424496952478502,-6.484662559051484,13.019368275133996,9.259486001958217,8.252106228714256,-2.4494644438499895,-8.477172164739004,0.35541606846242557,4.904568783410789,-17.12898728269202,12.045653657748483,-21.689725916611454,25.87145171739025,27.753558812257218,-2.193489370569891,0.06281138008030276,-4.809326292214318,-0.6354776322500387
112,0.3020922618823263,1.1966211199635872,-0.014669456060555702,-1.1702038603665685,-0.7816592277135584,-0.10198199544448167,-6.422758762074593,-4.717061026048329,5.558901199491975,4.919445745365244,5.078362142945861,-0.06313071455240929,-0.1809521637306557,-9.584589403958653,4.197658938906197,-1.4639873527151737,-10.624939588291765,-11.858846667503684,-6.149455297416215,2.571029075704986,4.64418761575729,12.25530730970046,10.459164695782453,-4.922217986610006,13.746938632702252,-2.9529400820487353,-6.031596104708182,7.542619546304745,-0.6873735377404138,-3.688394289290801
113,-3.186053548446056,4.461176810733697,3.2087514751360287,-6.796086725695899,1.885527439207011,-8.191394105422946,-1.2519311506654798,-3.108553457023328,-4.193057625888299,2.0488522700139753,-2.7709614774364453,-2.216714096096382,4.859408250024712,4.159558986282075,-5.508840194889008,-0.8447753677218747,7.212633297185641,-8.379958573189736,-0.5477936728367545,-5.555285186357395,6.483996283746369,-7.098742896972647,0.36266017939328377,-9.203275455146374,-17.046968530058923,-2.148166974206447,-2.483447077046251,-10.383971359425548,-7.277672822427975,-6.204583219157151
114,12.722448944458286,-10.675703060802618,-8.89081950886286,11.648141839657896,-13.766312785997657,12.725809381357166,6.981119292341586,8.09295182851842,6.566495340465944,9.24883723305122,4.576997505371127,-1.7485330292122665,1.4288821719206446,-11.800786704198012,-1.1507849315665006,3.065480073993636,-1.085960358335538,14.281482511668473,15.795756885674106,13.249678730603435,-15.83329433324768,10.56087891077783,9.285564916364097,14.54313642694314,2.4920178710852126,-4.433551178454437,6.104009294798571,-1.6682907139857308,7.1434459096835425,3.4665991634340294
115,-3.9824527021318725,3.5686901897497822,2.7517302895319697,-3.6968352561441873,4.322013015502738,-3.6688424974405893,-3.9390531291602975,-3.7183353413970055,-0.5053988060267299,-0.3535041672913236,2.9796719145529718,5.6909253655510845,-1.3605116889255289,-1.6001751766920154,-13.753267998813417,7.698343694461052,-8.220802982575343,-1.4910850553222392,3.1220229051216015,8.375867148269016,-4.342716415127154,-8.75366270109682,-6.562806431070473,9.169160137854862,-16.37574720230301,2.8161150661123875,-2.4328779731161196,-7.782722989906695,-4.7685413077669025,-3.1978999554355925
116,-0.10779473735260152,-1.8942046440888423,-1.0381666569695094,4.272982148602226,1.8818302365831976,5.588291218336389,-0.8783242714096635,0.97784753279719,3.0164001718022346,5.883453619644441,2.191670954052679,0.5979739631245106,1.8510429145490281,-6.513260992169735,-14.431859804359553,-2.386465435889034,8.661054771642444,-18.702041920128213,10.52415887251318,-21.697238615389594,5.555462415625725,14.88302337662814,-11.15465120237507,-10.95352064770593,-25.24733437132407,-27.49392354835332,-0.013164357214711332,-5.576666625198741,7.337039630232504,0.6983494615499898
117,-1.6476849957702158,2.5423201060221965,1.7694852913019155,-3.9707134260239916,0.795546391657906,-4.777933624946229,-0.8053623987674765,-1.8786672842088208,-2.2713440482731797,-0.353470496012262,-0.7836093252148408,0.28511446401439255,1.1973085794531944,2.425197702874642,-12.292955372387794,-8.57069941106298,8.864711004360402,-0.2538607701823862,6.378089270084724,-2.725095283863266,15.649968458409035,-2.249434507170565,-13.249424618298596,0.3546883745506968,-11.096758467898006,14.16797778581549,3.6072396465671526,-6.838895450326652,-6.686822173850982,-1.7123170373798915
118,0.1897654259854103,1.3280508433898885,0.8373282538811887,-3.4860091949876937,-1.7114768184139335,-4.9038357855358985,2.295943334079864,0.24649973422323027,-3.882687730911595,-8.12915617787376,-2.7519430647177137,0.4549812291142279,-3.128011770464764,8.479637509737259,-21.366157392375193,-0.6874648622941646,-1.4189269342098145,-7.132297522093893,2.5565413838517106,5.806490048915143,8.829704652908516,-13.409325584806176,-6.779585982281764,6.127201820420013,2.6836339324126155,7.858706518483906,-0.980905422590042,12.83256834580758,-15.01857080500136,-0.31223225500203533
119,4.076033540129872,-5.160700217876684,-3.849636730270789,7.635510182021617,-2.829064930580354,9.222762333974652,1.230303417049137,3.3444046443769166,5.068428269950625,9.985876378993988,5.162910281103303,2.2496741549207164,2.3702711504496583,-11.78317861538904,2.55526292021617,11.641912603474164,7.690897060401925,-0.5587006468017605,-8.834698728681783,8.711446629061344,7.151358528062981,-5.359324067148537,6.146549429877225,7.74375568930346,-6.368878124894069,-4.455255690641002,-5.339012180786436,-6.953172219314802,-1.4517376201718497,-3.8749605018628435
120,-0.7786356850786307,-2.2083497956341973,-0.6570965586347627,4.445839765278899,2.8407260892856585,4.972475047809111,3.1004027019325875,3.729055016764462,-0.9371807988469227,-2.289541625742353,-2.8108818468696857,-0.7411291188550659,-0.5911392142866289,3.3545828645690943,18.610400149235357,2.305901684501327,1.2380165416035918,8.840401132880194,-5.404194026263992,-5.684225991224436,-4.112391199911465,-1.0743568576211944,-4.63693816101237,-6.909526626638553,6.984226838283591,3.5389309798506825,4.301501515619502,-3.8251138381298815,5.825224982738748,1.123167259189941
121,-6.8388475776168205,7.062996573174922,5.444329576139031,-8.958027622971649,6.327443156187487,-10.167382589552883,-4.113115117173649,-5.571684902839026,-4.670183955304992,-5.3669709337809275,-0.8525005434355406,4.037830536625459,-1.329576414502283,6.3546915541220645,-1.6403761680249134,-8.995321878891538,-18.547260970977373,-3.9637121758610703,-9.131149650469704,8.623242034881164,2.3312791221509856,3.642980212714759,-7.557897854068035,5.45061474097301,0.47748328073434565,-12.096085882566491,-0.002640191893570676,5.034926024145079,-4.742422842613726,-6.447886687568285
122,7.516667655643356,-6.748987408199691,-5.404980467414546,7.583837839689363,-7.870045668274771,8.203698533256297,5.0560371385378176,5.656556466650305,3.429393279622164,6.468187316566605,-0.5126292889349445,-6.078369150142917,3.3754684620544815,-4.900451752030624,8.264628226780664,15.879152296001454,20.6726395335573,-1.1690438897622317,1.1141075933229125,-3.840943261210804,-0.9138799481041064,-9.777858674459722,12.959313042805745,1.634254456371014,-11.360749689171426,0.9357551896535141,-8.404223817453671,-14.36042755971274,-3.3423417395763835,-11.245104354875918
123,-12.22966851126681,8.996575439671055,7.980783820610706,-8.818043515656578,14.16338174504241,-9.479798612107125,-5.551309593261523,-6.142318293578808,-6.168836375442457,-2.2581702324592356,-4.146809635801199,1.353464992759766,2.9839092755237884,7.99246295912655,-5.551088555813943,7.346109760134477,24.129486529363657,-4.470032839557973,6.059600147449057,-7.506747228683502,16.935302269326975,0.6603889829467859,5.458155132695822,-5.6949379015246855,-15.591672111750775,-0.07032690885445714,-3.249954859610188,-15.906658677087428,6.864514792947117,-0.6227534765331711
124,3.404215149292458,-1.720481954573461,-2.183841664104396,1.8665657421707518,-4.0955940445981405,2.837475522002976,-2.813648204675376,-1.4037484311660764,5.410101650277836,9.733955266389183,7.271727506848343,3.0693244698283895,1.7734298785610554,-13.115222162612419,-0.2072962985811574,2.9241953821841715,6.812906174075717,10.795730662474593,8.191334268804537,-1.1703799835191362,1.3137473649918094,5.231323808599922,-10.043398429963526,6.000959784224559,-13.561195361637255,-24.063148858286638,9.947790205008168,-10.855284705201694,8.596934078542278,4.332266815951773
125,5.879320440179765,-1.9985173425867493,-2.607858424809668,-0.6690143688472912,-8.774745206638698,-1.6544050441764033,2.7386591400198625,1.2127484235385801,0.38112064259293826,-7.104182644634539,-2.748309064276909,-5.974731271868754,-3.5478561666966995,5.188118245371151,7.2839717583265395,1.3651492602956576,8.403118623995082,9.986370807132733,7.222805063159512,-0.10094860010219495,-15.230791253278898,19.308166895189867,16.788001661796315,7.802219526429521,-9.194901610080706,-12.848968591564855,-6.482061702619848,-10.10954110336802,16.560711564535918,-4.807807388298842
126,3.997033031997641,-1.4668613668310946,-2.131025970164819,0.6255076025758514,-5.46690376632595,0.9965295733118764,-1.6460766669091047,-1.1156991049978244,4.076257104458258,3.669809961009017,2.468233387722496,-2.9597351243094083,0.4729317811244454,-6.033117403175091,-0.35079483708462533,-1.3175507215739215,14.145628890210741,-6.883182808917086,6.350439714063772,-21.90010661534624,-3.0988840667405615,1.6345200405257811,-5.661893329130424,-7.5736180173246765,-24.322741799743376,-31.641465092338606,0.945148494543861,-9.27093381559547,6.219363977169894,2.586902766558447
127,-5.893642394261558,2.2085304117848232,2.713432053648818,0.26371690993964336,8.635140500630152,1.166322670798797,-2.8455417729979224,-1.4304860218281759,-0.40365793563191565,-6.402503622489352,0.2545293778359342,4.949249719226791,-4.9284191502170085,2.5847303798988412,-6.247800288853543,0.5948831329029828,-2.7506298972697665,20.439435261972427,3.1073798197484375,5.139855457603958,17.753759573681464,-8.550081881255926,-4.20745287815055,0.2837016141394467,-11.196635854841768,14.308065583644769,15.926998709951334,-20.323147934413655,0.7075908212848658,-11.32736325255807
128,-2.1537378357312438,-0.25419158692008437,0.46768737253108517,2.231515993688061,4.002703208516391,3.0365696817348278,-0.644872731843075,0.5171974387144436,0.720205553496943,-5.252561588156361,-3.976245859537855,-4.701251126605501,-2.154336805478264,4.337362464862401,20.517921499856776,-15.392056118574907,-15.452755207499084,3.9208668220254244,-9.901031638265014,-9.3965277631325,-2.5627727780145055,8.079542760477311,-5.134762315710655,-11.950830806888774,-0.5082249340977931,-8.700972149549388,0.8172443183489155,-8.854006725907746,3.58391195167584,-14.82668500827156
129,-4.197239062998554,5.063955228573996,3.412252346490156,-6.146338749585086,3.6924430180143815,-6.2734287448361705,-6.162094299209184,-6.07535446629277,0.2101755055649029,-2.554661773554784,1.962208126206852,2.4504648876557837,-2.196501509840281,-0.3069099152626454,3.5514071135146743,-6.061287931664711,0.5959473600999324,6.255957675534207,-3.4235259107120313,-3.5259051572844706,-0.25113708573889326,8.144396686948982,-2.843171211607438,4.037012942762959,-1.9211784431843135,-21.04734769401028,4.523910678490441,7.493292477302317,8.200299814371839,10.036036075759236
130,-4.867255892394863,2.4379195861299596,2.4889750558648425,-0.8617556736330826,6.715632672056505,-0.21207208919099638,-3.219181828695767,-2.152502550123066,-0.04232168865575465,-6.970599104765637,-1.5000403932011608,0.6089656395819434,-4.248458442853348,3.92123287549305,3.477977177633116,-9.55940503865727,-11.06605178810901,-3.3069004442518173,-1.6370720854203225,-4.7811912048115,-8.025180451526122,24.13740216875782,-5.143793355149465,13.220011134223434,-6.244193570325613,-17.81933557144617,-9.80577823516112,6.2653761989538,11.42499827242494,-9.110535406740558
131,9.838220682784161,-6.844435543159175,-6.152715173997302,6.095097523249661,-11.806890258497184,6.212058466233026,5.175610491359192,5.049882523643668,3.723175829003426,1.0371168814380005,4.547619394491749,2.356807803705633,-3.2537701613807237,-5.9916860946176635,-9.686938923038612,4.263262305470823,-2.8493385939358262,-9.857204697428413,1.332656132460637,5.0645795982025845,-14.037026842987146,12.862046130571828,-9.376093539275205,19.956005346645398,5.16221907449169,-16.099130217142218,-8.525983190146125,24.232735755483134,4.1933608418766495,5.055977504812994
132,-9.3073343378391,3.055904133573225,4.422043689302038,0.29391359423544244,13.507751136668345,0.7721577533558737,-0.25555382643448754,0.5155108067783408,-4.6309818044728335,-3.3631382727056125,-6.981852667717147,-2.0013657084113072,2.1565881111694747,9.056652978019951,-9.57334399976692,-13.290053122015806,2.866128043464447,-9.547287302236398,3.23359232909949,-10.481920562387314,6.073618239159403,-8.482298402189775,-15.89368014578917,-3.971557565033509,2.5117262168919057,-2.090564305604974,-0.9308116162692024,11.430132694650023,-7.222976705429697,1.5936615081949557
133,-4.491291255476531,5.000910465458008,3.9162400137131113,-7.070483156747085,3.647146486359953,-8.554269233576674,-0.9510469387943026,-2.9271625807495276,-5.348978973948328,4.801633962021679,-3.6422000747156136,-2.66172576018946,7.624055125144293,4.297980844655879,17.699895351127402,8.741801379989809,11.609599418805482,12.622929950347165,-5.7159734168340925,6.863925868891599,10.239679205078462,3.3189488323987706,18.682119329695702,-7.722059596953137,18.58474567870525,20.60791954289886,1.2841451970087303,-8.227067782502223,3.900697615025107,-7.730725878085022
134,-6.529562247910255,4.615823735116462,4.433657664403045,-5.08165129721104,7.352885236812363,-6.214904627213184,0.19442272469911817,-1.3145723557709057,-6.445773791636088,-4.278916291688965,-5.084051709636088,0.2849403694720424,1.6386104391643113,9.886733818464231,12.77614997136835,16.13452062914534,10.824644471028716,6.180171972197973,2.0303265177623375,-6.491489893286332,-1.4693549997566349,-7.087246518753337,14.509088042702196,-12.374915938917496,-1.5834725193284163,8.475422517974373,2.271071170023567,-10.06683685531664,7.801637986312686,7.343388123106216
135,1.6180669570349167,1.125716410778424,-0.07435228456640124,-3.034916185933255,-3.503783455523812,-3.457538544665238,-2.0111505360290964,-2.543091415937953,1.2192049125052433,-1.2890541591028837,-1.1739636880850595,-5.3581773388890115,-0.056336661457606386,0.7807382102749805,2.205300504021462,7.929437855266335,24.849115267640297,-1.511266329804766,-0.054460715505521215,-6.372352399038,24.724662493165823,-3.5047473740333785,12.809211812514238,-1.3414177368299194,-1.0703567481397889,12.96804622169921,-1.3141462615063888,-5.1793346681622365,-12.323930230523798,-7.996502961339987
136,-1.3460045122050246,2.4307932283098546,1.1003286004055766,-2.4837298248986306,1.0707622622805986,-1.6080624247917186,-6.844257136313503,-5.373127425371592,4.2964007784163405,6.450467953549138,6.677112728689827,3.9449471887461574,0.4675275427277495,-10.509437736310486,-4.67948904867118,-15.908086308889104,-26.35350375156909,-8.56056161749206,-20.302108746438467,11.550170370863745,-0.20570250566790244,-8.430507360449118,-6.119582801990929,-4.791679169673342,11.11874447466755,2.5832427146625783,-1.735452787651011,11.966057012820391,-9.49773073082629,-3.4949063898492256
137,12.680034618594645,-7.996234954125719,-7.660709777944465,6.586523018311434,-15.689200449576216,6.817725204005648,4.754759662194896,4.772183007132186,5.908150004968485,8.954437241750934,6.379883325947532,-0.07502605084766652,1.0836384943287523,-12.190089624627674,21.99075639102541,1.2692241575235568,-6.524407557621439,11.256353350880266,-5.1812179844768,5.281354691449324,-16.228979642672833,7.328449897387206,5.194494639235239,3.672282535276973,18.28706571295654,5.699291178415142,1.5916846071835309,6.535435583725609,9.92356106107575,10.533674830559667
138,-7.9666720853339585,8.197213053258073,6.478204881816185,-10.801713576508742,7.190875490553045,-12.689087866029904,-3.020170328291813,-5.445687146472169,-7.2315916468422605,-7.016635985679792,-5.745608211834843,-1.4038766240407201,0.9738531466367721,12.336592818366922,-15.626181757171121,0.24218015499210177,25.870478974086936,-19.548082227520972,7.56901631389349,-12.408466400063762,16.652041948829098,3.7265707132575363,1.758856198257378,-8.504480951794093,-3.0123995177654272,1.8590395556886732,-7.260496709579458,8.0461409992784,0.3796935752599516,10.691929193167136
139,7.485208649275492,-6.430247453529495,-5.192545561575411,6.836244373642708,-8.131780309752406,7.172249500570699,5.467248455820324,5.659914143764843,2.560634926753598,2.36184516752431,2.895822839787333,1.7918145662759288,-1.2719886600441646,-4.788595125530317,-17.785150569661834,12.459651639436991,-0.8933999119285473,-0.21335349107742374,-0.31360380804197546,15.391468625493047,-3.4295497340540737,-23.055683929863115,3.362383744550869,6.160734381003984,-14.100488441182462,4.01301516270516,-1.7284822620998308,-8.691260597823437,-10.520127903584001,-3.1015448367117147
140,0.12227055884418142,-1.9540676360409026,-1.003834192264591,3.8493806638143013,1.351554194925376,4.703151552228575,0.704816182534126,1.8624344772267913,1.4553281136281233,-0.303604514763472,0.7162662604765292,1.311812534227715,-1.4893143779951554,-1.5925987888601543,19.598370469728206,6.85137383353112,-19.068053008684082,14.390876789520714,-5.515680243697517,18.41581555420672,-24.595027480835324,14.447647546892576,14.41857391180479,24.64172432708389,17.107267561644004,-21.25809274186084,-2.0953732226272495,11.357088955682865,5.8744481063201786,-1.6625241623221645
141,-5.0540364129427084,4.9456864222631305,3.5355643650776374,-5.070415795718521,5.371916881739697,-4.69275150849477,-7.044359463300184,-6.217324550583274,1.193157897115071,-6.7877815776577055,0.940728374922918,1.3395934053974665,-5.11503244313281,1.4772578607094906,-4.949209338591937,8.97868462605166,3.0200277417604005,-5.849700666610888,2.9174612232197155,-5.923824559389938,-10.693665515379235,-18.30586615735874,2.2990134631377765,-14.38245771576639,1.7899336268028425,9.467943761283363,2.0308389612722646,4.04489894728845,-1.6639573337837734,13.936299416554853
142,-8.541569653445165,4.824874481798987,4.903252638088635,-3.3637511527901265,10.989765448492717,-3.333316078840275,-2.7605162530945537,-2.5297651591284844,-3.835247489785812,-6.233074123615089,-3.7456133283123205,1.4158151916443422,-1.3761352032598781,7.757969732106806,8.05702828702318,-9.871208365104183,-3.123780588959776,1.1643552818947462,-5.164242117750765,4.818265826806341,9.746497652195188,14.14643177765016,7.954023799395449,9.941189953760858,16.78888102655697,3.939991838741679,-1.3591670885158225,9.856512463725851,0.07945522251265968,2.515544822824441
143,3.045048414329307,-3.0036592051766995,-2.616805378825761,4.447472731538912,-2.5750605318963933,5.7774118637312055,-1.2766894948640202,0.5804059793798713,5.123236748641571,11.080868593477927,7.3936505088538205,4.678111467933105,2.365141900152522,-13.752875467206973,-6.197741483432242,8.591651345367476,-1.1594605489417389,-0.5061697235179095,-8.43064504205027,6.374179794937807,-5.282239190425207,-15.261623793015275,1.250186498789344,14.26864415395378,-5.506937893163081,-7.815640227931421,-1.7249341299442074,7.771905318137919,-6.344838591028327,-1.2228723508923123
144,4.297652253306716,-1.8304039886543608,-2.167094115137738,0.47637557841422207,-6.013117058089203,0.17689304826625518,1.226557446286207,0.7221628181732486,1.4775362873401907,-2.574346787634162,0.585123074002461,-1.523854001048846,-2.508788883089156,-0.07677390050631822,12.755530521271568,7.458118082029714,-4.2616815730984605,9.520029333650722,0.8949248057652426,9.76335651039009,-14.617796793142945,7.418603875655959,9.505525781279099,-4.339205850258633,6.432881017575687,1.7055203036473876,2.4709414362294164,-7.42310321619037,7.433773686441578,3.7894223242442484
145,-4.753797583834725,5.793227356858516,4.305088921188882,-8.243722550936251,3.5787325973357826,-9.755109163065047,-2.2045523782536622,-4.171726108439265,-4.989357719551634,6.349037500682015,-0.9742573773827681,0.7252087638488235,7.361293596611348,1.5470193793349283,1.2007587839144362,1.6826646659475166,2.944168639485577,7.484379652351398,6.995251706384778,-2.3004513014519152,-10.353942792121478,5.80020325580941,-1.5447221354205305,-9.002580545121912,-10.913239533138757,0.5074389314627554,6.735081303275504,-14.933815422329308,8.296277796423396,-1.042144196590257
146,-10.440500466885496,5.869052092736835,6.057709487805522,-4.276382107523217,13.349572766966704,-4.481943360864531,-2.4501674406992766,-2.5374982906974193,-5.7523712998217205,0.7721647292938444,-1.6441152763907045,5.995049207317821,3.087694289129222,4.479300936150713,-17.682582053430636,4.394341979598733,13.675463560410806,-6.978985979790083,8.6716189115658,-0.6970380832080431,9.044494279074298,6.427093976702195,1.6184458700410236,-3.0466131386698194,-12.438271638896179,-18.559049012815663,3.3975556638441775,-4.2945498288428805,10.864656579924553,12.191669123891126
147,-8.826957482152899,3.6268575847287634,4.547991582011847,-1.1716151803245045,12.23641221474072,-1.0263263043479043,-0.5779657416274018,-0.2622741182709429,-4.975854006294389,6.022398435983071,-2.308400660687253,3.3570681903026056,6.73821078516749,1.989264483356119,10.73612144204495,12.731003795782252,12.760175043069218,3.553534637400908,3.1544855519030635,-4.3869427481769,-9.462197384493557,-1.8527712578868705,12.259899153535681,-2.1650746712929174,-6.622187371386299,-16.467848669062274,2.784937998812907,-6.131189275467848,13.134844541269313,12.730378522943376
148,0.5681681258155398,-1.1168438279311763,-0.37136723276004024,0.8405626355953582,-0.5661108880346919,0.06234771455420448,4.528847727769445,3.283175816212086,-3.5091762161260385,-5.991877904456085,-1.502106017781416,3.584310960453705,-2.9658730116047387,6.1903066405728175,-13.625250507742292,5.9409639288971405,0.27399524186044266,-6.688304161984672,-4.0415012838812725,-0.24589083885895832,3.0087309384454626,-13.938033318457077,-1.788778538955857,-11.368670083483323,-16.860906016850752,6.88837399518802,-1.494310486738938,-10.986550697808015,2.186916298858538,0.1866798375915395
149,5.58624578054188,-5.640491543833741,-4.045569584842961,6.101096046703227,-5.7286226789797725,5.930312342886703,7.247689442621757,6.694670898995385,-0.549955078421365,2.295890170030574,0.5845257491685171,2.0247952115584456,0.6805384211855682,-1.0195722112787182,2.384560598275943,-5.125611638378599,1.0131085583102648,13.863685414779482,-5.207638173453595,6.095350871395172,-6.674117789084637,3.3812622486639756,-5.920555419710251,11.11484336128472,-4.814724605342067,-2.1163507070944214,2.186288485287517,-0.09044237475995798,11.717270027188434,-0.6496702411059131
150,5.991068132213526,-4.9619408616394205,-4.16001957084202,5.369425764339623,-6.527283729079246,5.865655063504762,3.198820139709888,3.7099289765537566,3.146033542575004,-3.3331956861730037,2.019783730759059,0.8336277714537456,-4.903025859872537,-2.077524758707501,-5.317329645929342,-7.06757595269218,6.218567861758011,-0.14286825369990377,3.130704271355824,-5.980936152398287,10.120508393778485,2.8171277079618497,-13.056376119144318,-3.431633884760043,-12.566148942821139,-4.671891354053689,7.36633940833896,-3.7470390276076917,1.0210990104966604,9.077954159322159
151,1.3437843285171887,-3.7232961525932913,-2.1453232844828114,6.239868926739014,0.5162793080910774,7.271294651076226,2.578240660073214,3.902836913904664,1.698984914704533,-0.09727886524917435,-2.529993144812211,-4.093071510207113,0.10447162329643697,0.34586546211412056,-4.606427722847704,-5.0359646305945445,-0.9144542948338329,-9.831000781763171,4.181497700481565,-2.3246870367155945,14.161892064056456,-9.773264268647814,-2.8402759235458657,-9.085134245359912,12.359864804745019,14.725724366099143,0.3355355051517206,5.028307892555964,-15.60018233366909,0.5681154016358707
152,2.879165274269378,-4.111341371256586,-2.8105639897414165,5.938206857514234,-1.814064435004098,6.816152828304299,2.658038259495248,3.7506754997523153,2.2676884449161268,0.10804529606179374,-0.20912305647210983,-1.4751678564777584,-1.087208004096484,-1.6530345508352784,2.8688217885895404,-8.40412629915639,-9.139194966448102,-15.605099284160918,-10.324236183471776,-8.4587243367558,2.0731847107258234,-6.714052168260762,-8.442527465589611,-10.483793971472654,12.713561121732276,16.06579195566163,-4.606047490037606,17.04205495934544,-10.929416811532459,2.7030608879551745
153,-4.390881531223091,1.3228902860914658,2.3109471134912383,-0.4248443103417605,6.0838594821714675,-1.0692558741880194,3.224179248924972,2.262952193366261,-5.647536746417619,-6.530212112081636,-4.370349637296213,2.5887027879700324,-1.2284982567123843,9.708063820865908,-8.517298124358222,-3.297102811346973,-9.401803689053537,-12.062358509410991,-7.109936606629184,-5.837188316764619,-2.3728128133564828,-7.729308374903083,2.7321606317961287,-11.92371836908982,-1.2452205746707299,13.73382687550372,-1.4421658999102422,8.50756425431395,-3.5522745092033503,4.91187609449797
154,0.34477358943209807,-2.629980661486115,-1.570301821993863,5.5171964578519805,1.7305908143232767,7.160947230116214,-0.9647083947108052,1.345158586027572,4.06996452242664,-3.780052750764576,1.6160375626320855,1.212921323692535,-5.327291325099255,-2.6047940252284194,-4.5092919269692775,15.627163428380314,-7.956066596362151,-6.284768561349424,3.786690243050014,-6.448745217148747,-0.4751748625846146,-3.9438700291806876,3.66735131305352,-13.551841237460524,2.664835223997951,1.8944333383705971,7.1388044092850125,2.0910957331450857,-5.597960728974249,-2.908332975849614
155,-5.929251192775174,6.137135018931597,4.715975109691935,-7.762899932161104,5.489829844774481,-8.781890892374733,-3.698297885875951,-4.917257626344914,-3.962441097194853,-2.1283075296421057,0.8391096510355815,5.522282726235368,-0.19834502775114346,3.228952475819275,0.4286519268921769,26.562147157857822,3.4748468837884525,-2.0260157160229295,-3.1740312712118754,3.978640322378203,-8.280517926125821,-9.87379827657101,8.257889695035193,-6.189836931947701,5.433046706027092,-3.9244831307787114,-1.6281546949203667,0.7059388454161935,6.723937323690799,6.583062598856559
156,-0.6444555528860518,1.1668505457170826,0.9390154851220418,-2.3581271481900803,-0.045393502440021154,-3.2780699070677284,1.5047918797427766,0.18264730122845638,-2.923443952756936,-8.46716988986727,-5.5875108673335365,-4.844441055247538,-2.164613680266514,9.808386531993435,8.224200444903564,-12.154981057205639,14.690036549198998,-2.856205221243706,6.4359744769905145,-7.387437270085593,6.1232002426278935,11.672542026204107,-3.666036060813891,17.76389518822863,-2.6916672898002347,-15.889907497295015,-12.153110010650673,3.736945375927789,4.393005926024723,6.368409407705999
157,-6.695403704352277,4.525525904296169,4.091576470340641,-3.7958290938864336,8.1818643532291,-3.71751730901447,-3.8254573363597357,-3.5101790621725812,-2.1253178136604736,-2.6451156861368443,0.7247149542998375,5.3178182022538145,-1.4912470566219775,1.9769492991741069,10.707791684220215,26.902580530847768,5.54884194097238,14.454446560443824,5.852848011835683,15.39867536221135,-11.151347435307347,-4.508226694883952,3.981444224644326,17.399772781814423,8.13566324299972,-4.672591298445131,-0.032027430021325465,-3.2900180445593246,7.585049839014787,5.21066325931787
158,2.1415834392366118,-1.0711795297961788,-0.9732065297910706,0.032987589145223976,-3.120038379299383,-0.6483414834586132,2.827288854408635,1.759563189944097,-1.527707553863387,5.435930844592072,0.7204857188577564,1.018694063066667,3.9446528574837307,-1.703355391542515,8.823643488506109,2.4871010695977533,-31.862398717451693,15.771340275821274,-1.9674087187523628,16.793175808019186,-12.100644524077,-1.5780766553595402,11.52161618850995,-4.541680067164415,9.574634157529482,25.675648371626178,6.634987732332421,-10.473215941732587,-3.190523267104652,-13.046054101209535
159,9.211847552104352,-4.578027731625495,-4.988162166961585,2.394546722797138,-12.339380258859551,2.110647886249098,2.6406950626731933,2.055602376501039,3.8818354978135075,2.468988703959713,0.5098198475534476,-6.930007493940759,0.5690300528348804,-3.7779216103969655,-0.3225812104236128,2.0622700651002415,5.21609397262458,-7.882471430692664,8.916398137636296,-11.034114078940801,-20.3304361965017,3.8359721568087086,-0.4037878636795411,-8.027466411351899,-0.6222846376181741,-7.97731555912854,-5.136224738003326,6.3703855117236525,2.0869285526994847,6.665774436732794
160,0.8716332080978197,-1.578957366878848,-1.261300420413916,3.1651574894425836,0.049687683030004516,4.3800536851542144,-1.9288313677807847,-0.18506790320013972,3.9511865484251194,4.986069741522453,3.2841444582433694,0.6796382803080708,0.5709943308368155,-7.4197392824957005,-8.00976195247629,5.260641688917385,11.793443831172779,7.210635677022301,11.183621870566665,1.4607327158552423,7.465820521939352,2.3079551369053104,-5.76850419618194,9.36311129127807,-0.9171203231560288,13.450941073598536,8.265900959601467,3.105676172296258,-7.565546965318792,2.6609733349976916
161,11.498131495530835,-7.804340959105355,-7.112456190010819,6.781933613428983,-13.930360920193017,6.889537063105343,5.768321872135622,5.590983403971813,4.400944965238155,7.375698629881981,5.882416567357459,1.910002739897262,0.4552464354293099,-10.153790727725115,-0.9288782594556436,-8.106394455931573,-5.918009208135552,-11.633565003980564,-16.828988289004158,-1.8971158987060681,3.1811513395580997,-2.7341598924265402,-8.636644446111479,2.3950963579071582,14.771885153269743,-3.5916855108313426,-5.081914608465114,23.139316781356783,-2.268666617961134,4.717679460574899
162,3.8210624794883863,-4.853918924918742,-3.637236469365574,7.248169643501358,-2.611569794741939,8.81006406636455,0.9206849405571891,3.0133046815940174,5.093887123565318,8.78017447248495,1.4827440030320147,-4.0741375849724,3.595003488255807,-8.703346143746037,-2.7599707104995197,-13.253597394040321,5.765780579953603,-5.983987744429647,-4.421247460179337,5.829836498538158,13.55451479108242,-1.6795656110246036,2.617792310732988,7.896985049293789,0.7917764858758826,-4.324111073966253,-11.913384481762465,-3.634473678110151,-5.294288007489717,-3.210966017250638
163,2.0120274465589705,-3.922592264603215,-2.237012539379956,5.567066544472448,-0.7616658738501718,5.851941347886515,5.103098631177051,5.295893418293459,-0.7790021784688443,1.4996289808760799,0.7094561222669618,3.8066619689852628,0.07925766816178184,-0.7780998532226705,-23.169809437225716,-0.26830633439129986,4.176682445047884,-18.027799241244583,-5.281636669674543,-7.516823342799998,13.691059503448482,-4.885095150889835,-7.687707654326418,-4.63845517027775,-25.877359375773548,-15.997407359251612,-5.441871952862572,-6.42861931352032,2.124687081805804,-10.026011859883182
164,-12.895638754694042,8.13294480623234,7.752221376948065,-6.5892650593454265,16.008296320199282,-6.6973154290080155,-5.291405259509419,-5.116748350071521,-5.559253742943187,-6.415030615748268,-4.762450077456433,1.9043299584839497,-0.19722882199991904,9.676735616959578,-2.5599021756519806,-1.222305609039251,-7.830977276486404,1.8955332897896677,-1.4950791606804275,5.725211078899584,-4.719598016170453,8.05150914578431,16.366079898621514,12.3059043685404,11.547985972600287,10.148816244352627,-1.6718931553920005,15.005190946010371,-3.9599576893002446,-2.7935941321772906
165,9.916895908726161,-4.294160387009474,-5.140786365875639,1.5394530686533394,-13.676506128985283,1.2232702495998404,1.629150793771276,1.0276548455599173,4.730950061189733,7.0692864561365365,2.1433042034991203,-7.003489512919444,3.005832325907105,-7.473076085337235,3.125534825172597,-16.5227235567938,-6.558929446267069,-8.85065035022171,-3.331260111131778,-15.12553433981036,1.2974226254014622,2.289510135005798,-7.814915280178373,-12.882970604022228,2.632882784317501,-1.418030936137076,-0.1157297279037739,5.067438039804029,-7.494847533669648,-10.3855830115563
166,-6.01014909615312,6.790694895363769,5.305024093505483,-9.704447589283985,4.780558130977189,-11.785402172553937,-1.1261769946647675,-3.908030418640675,-7.413607663231209,2.0334574327533566,-4.823955536884418,-2.110385220624246,7.030183628564955,7.8634708791939625,6.769709278090915,1.5307786157443053,5.121899396107656,-2.144283347390912,-0.9122182363398508,-1.240375537644252,1.3998934290133793,4.757351882897204,-1.3303984785228828,-7.217563710245812,12.246694774924434,7.235840582961224,-2.3462503027009642,5.246558252970344,0.5221431911494316,-2.40789759960103
167,-0.6247950650155262,2.404063114818293,1.5244644918323622,-4.806655390373451,-1.0407497886923343,-6.222124767570997,0.8194810453084924,-1.1657144497963063,-3.6850399778304954,-2.7223012669553928,-1.3681667349266193,0.8923646976489189,0.21384814975964478,4.994835757980532,-9.59353498084046,-10.535619586665637,-3.784804390538497,-11.172389143432666,-8.573312333827813,-0.4828127629714069,13.092063937756027,1.5598826014788756,4.191085203616106,-6.933802971040795,-5.48709030971594,-1.5380273723526798,-8.093717462089455,-2.18589868646548,1.7400520290574346,0.927421120169583
168,-5.265296463959881,4.647056592629103,3.729852503377675,-5.103663326607662,5.599417978945187,-5.4480475950336915,-3.703954185220226,-3.9943087800735326,-2.1124508216916476,1.8817171223222633,-1.8728889689807209,-1.6477103976675125,3.5171301790811578,1.9162221534148725,11.21444181630389,4.435146127617149,-6.103119263319297,2.1051719441278576,-6.028867448472705,2.0079115119297826,-16.97447669202495,-14.360675199340532,14.677679095666026,-11.983986389047624,13.677581513326057,-0.7544099998773999,-1.3220517651533261,3.8127332499160085,1.6865671566792806,7.136960174888218
169,7.452065260481384,-4.893748926669767,-4.54972456120885,4.124816776106967,-9.13092966968398,4.189982866547382,3.4306369124015395,3.3202726151907114,2.9754672823769885,2.5802809101244106,5.448167321120933,4.424120412857005,-2.2267128650721335,-6.812618102785976,1.7197834597361543,4.297515321794891,-12.997354322269121,11.832418924319887,-7.0926477808631025,19.77851477330288,-6.6712897192702085,4.647655867530825,-3.0366615966658936,10.037332004451905,0.32461185663907877,-2.2575406438777073,5.800694105206729,-4.831582431691863,0.09218252272569982,-0.6279607154199891
170,-0.17986541694876565,1.3459205882018241,0.7539340353649118,-2.6773995399938744,-0.8111104383350849,-3.3525889661023682,-0.0970649093137021,-1.0279783428633171,-1.370140836254202,-6.546318806245833,-2.727665560473833,-2.5915060071814913,-2.6152172379210334,5.908952766541834,0.20365528778405478,-20.328908542050307,3.385516094222489,-8.13222323227956,-9.446774541568217,-11.386964398416938,-7.547474161153106,13.599164601795046,-10.58944431439272,9.645363554662442,-16.43777134138657,-19.795543553669344,-13.351337903380127,7.05492019415356,8.052966248255885,-2.9331324964402685
171,5.868576973620633,-3.0137937970755635,-3.442811244197763,2.335598397439294,-7.489801341718279,2.9051352734409326,-0.8084707195466344,-0.05238068071302311,5.339430230860768,-7.945946273424256,-0.23660498981391576,-6.165574998781279,-7.03095084570444,0.13494760373026066,-1.1634348478379668,6.643047463382851,18.60693850412997,-15.161998437542248,12.603946789643595,-12.22199563854366,9.726270294484635,4.778511738955049,18.054082763065935,-13.157357796389881,7.2603046391823804,4.131074773113449,-6.58263271835251,1.3653214082192378,3.154231127749018,10.639877943893444
172,-4.473361020652411,3.9760210115134766,3.5661513702192402,-5.478100129519842,4.216068129211347,-7.032477370372806,1.309013040760194,-0.8452809754754201,-6.563308512042252,-8.635251203255658,-5.062072009895022,0.6689050366442586,-1.456185955143498,12.036868272742316,1.1003586996079826,-9.925139050655064,-1.9515430131718452,-12.663807345553112,-2.606337449374703,-11.62025802411859,-5.358941010367155,5.639282182258109,-11.957389493815207,-0.48645068116401224,-13.194186108457918,-18.308578082418187,-8.879785446597172,0.531403949041863,6.4549866478856925,4.276205673191988
173,-2.6596784692794966,-0.8120583720774698,0.661365567324787,2.8243520280742516,4.894522333214736,2.967507492747864,3.2289046766997083,3.3412194538291713,-3.0450952754877005,5.127929958132422,-1.142721773372083,2.855955453383188,4.563395080091014,0.3678399165690119,-0.23254266088436418,-14.849416028856721,-20.749320147259866,-4.584098307756682,-16.424380101417587,9.926329642586289,-0.06415094285900773,-7.151193825509548,-8.717017529240582,5.5105891456701475,0.1211917874773647,-1.814139752480207,-7.68390515098079,0.5137552229022337,-5.142199280302377,-8.323740959187349
174,-2.047838909103391,-0.8299154332263252,0.6569399563173838,1.8820697552551806,3.595393809510601,1.2736396821095386,5.459132430969054,4.4437057225065395,-5.243236309616419,2.3407861478706895,-5.596930147036713,-2.1777080152111323,5.6105280469744345,6.350112558041825,13.840615332608724,12.588569950333103,24.183249656969192,2.7517059025370174,4.280237857448506,-4.793161386566262,2.7545975479537903,15.198286736202403,12.554012869897763,9.027563742486617,-12.465462923728172,-13.889063731981672,-5.388246043985578,-14.57021506689506,8.913266203464573,-2.3036647479564887
175,10.045515652237837,-8.323986647998082,-6.956676950871907,8.952919040006199,-10.9692916693374,9.719573216632782,5.605424082175179,6.363170157253707,4.977965012473496,8.98080513763279,2.63022559357752,-3.418016297170856,2.9933680090295973,-9.220265040751688,3.284597890674106,-9.907905464138661,-6.172275773512571,10.096731567094302,2.8389151505657297,13.19877571294307,-10.963071435299883,15.445318956689233,2.2980266638396425,13.012573963960808,-1.429133763634439,1.7922589010682684,-2.8091485255829385,-6.055342833143539,3.2610409461940315,-3.991764773159238
176,8.483094381707158,-3.2034063083552327,-4.091753440978432,0.16252121676536865,-12.174072579850517,-0.5587741046928241,2.078215609278403,0.9142737475870446,2.869127269033126,-8.791986760936933,-0.3057982230425235,-4.934384282843285,-6.7382313624756875,2.5874237524591033,8.081216371816648,-6.939784128599697,-10.09714036142599,-7.166797673135407,-8.56466380627724,-5.695630221559897,10.944541278607423,5.737499163889021,16.15375873333145,-20.044465480451066,9.074748117838718,-3.4336919949155806,-2.6625390384884753,-1.7642885969261222,3.186608766022603,-2.5121073025471135
177,-1.9898444195309375,2.5625146584406453,1.9900815140850359,-4.0676308574260505,1.2256188223704576,-5.153223548125421,0.42509449635317503,-1.0741971153612673,-3.666930225864797,-4.838876952324973,-1.1632106211834643,2.6497147365392233,-1.5990363373879861,5.658615381523055,-15.608252112864738,9.973788845696138,14.759018979096105,-1.4164316432684303,16.60464041122515,-1.5696135662283441,8.354099569311398,6.51413243619726,-1.9640963173800776,7.517321843871429,-11.107514024973092,-10.08887636241258,2.605417349078951,-3.1519622091740076,4.554270725556593,6.5834442056958755
178,-3.8249828861536,3.576546851966976,3.0348232587516275,-4.75178995384456,3.601477164466318,-5.828666410352345,-0.13122619130352042,-1.5792254133398442,-4.446353432233418,-2.0193514782583053,-5.5859129370854195,-4.582531930594262,3.1809786308608285,7.956966189895537,-3.852395899575822,-9.125271714420595,7.526964006795504,-12.337975391016437,-5.589503127375527,-4.57543707644052,8.130913230913663,-17.34749436601839,-0.11086658183815985,-4.259284237841169,-7.9512513514250704,9.429179238527418,-13.991004725588306,-5.860939645180436,-11.21546233146772,-2.933451563375063
179,-6.248852863972181,2.0116036776432487,3.0078160807347736,0.11181593451122257,9.0215686684574,0.25966262810811713,0.5268862327162113,0.7795876058853378,-3.877949740377904,-1.5481786890206128,-2.1686122232619,3.8668996151129402,0.7260370507624352,4.565596466929036,-2.427933277158664,7.22286301085609,8.158865436975592,3.3111474914448387,11.766620853867382,0.019674090486605525,-3.8169571132736055,1.00031063295921,-0.40967891201676115,14.63755745527614,2.840698241068845,1.9464755972487984,-0.3961138982101417,7.103233021498385,5.9399865069012865,12.073060907279974
180,-2.890222389422301,-0.7071625173737681,0.5692870557558852,3.3845580752298265,5.498079842583015,4.230192301692134,0.6959292203604087,1.8745714598412206,-0.43542182588622347,6.855848029307651,-2.095537818757848,-2.253670978212094,5.750985814627114,-1.6359052823245714,10.662510563765382,-20.88061086873245,3.0320605055186647,5.346054296521052,-7.781460110528721,-9.559599781184744,-2.649351925437844,-5.776823259085996,-7.934125143353224,4.987677637226451,-5.062302819134153,2.043130302243431,-0.07652586586931553,0.5516026369092195,-3.428003236931154,2.4364671280126813
181,9.89658967335872,-8.771243672846563,-7.197094910699092,10.14340776482583,-10.267480807111022,11.355683327542868,5.014497054440772,6.412697449119282,6.093751705807542,4.936629202536164,3.760147636298798,-1.144744557497057,-1.0231885908100093,-9.072392681950422,-9.709716504159925,-14.90488174428795,-10.471041889119876,4.326328627264752,0.36090287524780046,5.452017445265498,-3.114157033560547,9.730164948061017,-3.1397654632480987,11.789552157362584,-17.504891579931833,4.9523129208428145,-2.135706320416121,-6.919319892440894,-1.637400907960703,-8.707977910573355
182,7.635621865420598,-4.487691830239107,-4.462245322778854,3.338006113627073,-9.694452991981272,3.3657592436834283,2.6156496810623056,2.4803416175089428,3.5896832141886996,-3.8758053268695445,-0.9785026682156012,-6.486399861381892,-3.3767498131701643,0.1386090403685551,-14.312874160581854,-9.639341876040731,11.309198899176323,-12.206901320207233,6.698362863885034,-6.081041452672065,17.1828404149569,3.879194582571936,2.419487440329741,-2.8994804018345763,-9.895502835675853,13.300659366401689,-7.175945107194261,0.6904516686856537,-7.762454062893356,-5.440576352461839
183,5.583165458401865,-4.749105095344562,-3.764431400352215,4.762492341852978,-6.218589590586229,4.713915292975276,5.054564548600797,4.748767915404303,0.8219784383871834,-5.2114266042922965,2.0777829665218626,4.247634701526707,-5.763034803618583,0.3756021166672152,5.093602215723074,0.3193554823909098,-32.0282712305494,7.204078730341727,-8.959300106812229,8.940868969637693,-17.497658925469075,4.634190520439913,7.04863846304496,-10.152416975558818,7.090971689398296,4.191393418749125,8.698706011075934,1.306653187027413,6.382092319465455,3.4926017623354335
184,0.9947504241421382,1.9224851900035596,0.22326311331537896,-3.3830321266868193,-2.678324748127309,-3.091394390712747,-5.635506768255884,-5.041931346591739,4.160292137262315,-8.709598443985396,-0.2776566695130882,-5.505888290573078,-6.579475760914573,1.347333272764126,22.189510637899904,4.642392549322994,12.494650018818305,-3.8197408379012625,-2.7829332751847513,-16.808253372050746,-3.0690319031204094,12.68465866461833,-3.8573110885197077,-2.6617732495721946,-1.6078928028722714,-19.216217866775033,-7.621788468534686,-2.5944491532729907,6.158553943045366,-2.3338178722876166
185,2.6504262794756213,-0.739823406981495,-0.9391321904013361,-1.0701922165025026,-4.296676806908684,-2.0978743248037413,3.0026129558647456,1.4429928972921935,-2.001745599864304,4.9887436456784915,0.5782721585775992,0.7668452165892568,3.9653467547681096,-0.9798759976581101,4.957215864481149,14.40209842949192,13.468670216560938,-7.694134040555898,5.744458692666346,-8.242266948950041,-16.194487032034242,11.221811666985618,6.966232369231571,-0.526897795273119,-9.844410946536954,-29.02464263032941,-6.398389918073851,-4.728164755628811,17.22181991788874,9.435344606948735
186,-8.82992137472862,8.507859977475315,6.700181956763305,-10.258386085488471,8.694743141531529,-11.456884567196587,-5.401740347669962,-6.77843947354495,-5.299993843171482,6.102253119156408,-0.43841575387378945,2.662406019549923,7.159820183468268,1.3644979762849991,-4.7168521933283385,-5.647041344248869,-10.933667631722653,4.244312814826852,-0.965869992417306,12.01572172165442,-7.2018905450706185,-2.117419342216197,-6.334667238846083,16.821443903077185,1.7180842820498898,-6.718427273581729,1.1150833170907215,6.911302526339774,-10.744974625010135,-4.976029311306004
187,-0.9434475810498381,-1.6501429605510265,-0.3256076291520759,3.424579556335872,2.671667306717266,3.719828612044571,2.958786836415475,3.2733526449481607,-1.5921181790787178,7.330881207308234,2.6367395085193226,6.774014018502267,3.7134441103474622,-4.197366322885901,-1.7660605806374612,3.85495339356056,-11.07702897733663,-1.7928600785537536,-9.39525561337662,9.079246652435158,4.15988549239861,-10.523817055257483,-4.681341826412325,0.48871678551325876,-3.228508538659458,-8.002302003523141,0.9519330788543439,-7.474038526946853,0.4668986288012391,-2.9018720337076553
188,3.6864438414626095,-1.2110755483151412,-1.6436120980717874,-0.4214116403728255,-5.495993922863049,-0.9630204265102038,1.3616662191058888,0.5232251096589793,0.5437512887279169,-1.5805294275323745,-0.5783374411102704,-2.864342507406052,-0.8137182811299378,0.9636829425262831,5.2535693910797905,-1.4140150237645237,15.899180372472365,15.440591123183284,1.2263099943142324,3.5076110610975397,12.845996812955322,8.147445842382586,2.218718216689365,16.882290649855133,-2.823735150077255,-12.405452810590237,3.8969480274128987,-4.119888669868085,1.1664086175165829,-7.525899522518424
189,-8.04282211953246,4.41888013792696,4.732061948807771,-3.416960831696872,10.208519076448752,-3.907466965043368,-0.4981216213185477,-1.0752238998739712,-5.768890683604192,-0.30773284763102043,-3.9032769331694928,1.8324928620043337,3.4841801585864194,6.640628729511875,-5.936087089602052,-15.293349032054675,2.409252936397251,-10.089515894104778,3.90739130774164,-18.498393512773056,14.128133823797944,8.053853127500354,-6.858662265327259,-6.8599890019921395,-8.165634615096096,2.3428267012889594,3.7416138392746103,5.156751184887742,-0.4429922053306017,6.841335023279486
190,13.149154013511417,-10.726802689084392,-9.021091337480128,11.374835491284372,-14.495228598068117,12.297801506554231,7.291912548199071,8.173678713395018,6.523851482870208,-7.518101602784077,-0.3561129389309807,-6.308217726274149,-8.084715433067897,-0.8498857980305484,4.631225542723903,-0.7778644001196705,-2.30941539665913,-10.39452174576894,3.933000024635535,-10.854788118634687,-0.064498032153695,-0.3327626414453522,-3.3753897731004066,-6.901195597176008,8.08627089686096,-13.073820622884607,-4.75495390440433,6.557925412953973,-0.11975067031331088,1.5490750398379194
191,-2.3073264718224293,-0.4491309448172685,0.8512658641029206,1.5075869794673031,3.8373488413425765,1.0240420753180208,4.470013931632138,3.6655737149407854,-4.649910314877269,-2.466126411676589,-4.419711062316918,0.32875747356317747,1.3420895446731202,7.25130681153905,7.151854054814018,4.996729976481169,6.549202037678959,3.7445973657785085,6.0660957575153205,-1.6609406538761071,-1.8501234288587525,15.577307359108142,4.976606404209667,-1.4716517089787144,7.564197685437248,-3.123850381262039,5.786158304627447,0.110993006512066,9.016182974709393,4.4066696742016065
192,-6.734377358742379,4.296365418810216,3.9192304068032806,-3.105582785397622,8.528192852064786,-2.6842728238802045,-4.568215051775882,-3.7505732582002915,-1.1078855044133604,6.477202591863146,1.1833585106446225,2.783422034872687,4.654638246111964,-3.1582110684742593,10.653789668528013,-18.608110891975223,-13.833916794861336,4.006314994369809,-12.526376137945233,3.3785329392019507,5.015114708945363,18.121275368387728,-7.6171016486419845,15.8073843486615,3.7427318787420263,-7.434427180272144,-1.3743609151164062,7.332269685514318,0.10253248756670796,-11.873209098838604
193,1.573962147036001,-1.4932369951022149,-0.9099664872698912,1.009109990663942,-1.937636738462421,0.32349305877043955,4.131730997344089,3.017855209534328,-2.3713735143969807,-9.989614278946341,-5.936851771497213,-4.954167457787994,-3.6561665203713813,10.292189336311768,15.980833293096609,-1.1663167330173003,-5.6232013059713655,18.685651422728505,-4.916058267847911,6.161354021340236,-12.403218951697426,1.912847507875463,4.9101824816662445,-7.610874162505115,2.0620471813404673,1.2014852125499516,5.771236554136345,-12.793872699142847,6.843913453679512,-10.321931562145199
194,3.0895069240850277,-2.5448807477250104,-2.1669702770647397,2.821852849243147,-3.338469046982165,3.1646176032261666,1.3115702256670565,1.707576643403348,2.0825847023661503,-7.384313068608062,-3.1959386424729472,-6.142772189607499,-4.4216108533718375,4.061346990036724,13.298808332248596,3.189969231901136,11.957803572918891,-17.071038093325043,-2.627590836678653,-14.114539171390277,2.5996417562873506,0.48969700495141666,-3.245801370655614,4.5383731672639005,1.8199482356312555,-17.48783766300164,-15.205296196887547,8.428755514195686,-5.199027887142229,-1.511680532465951
195,-1.7629254049881875,3.991980689568935,2.6242926773509274,-7.099452001871311,-0.3036604159436996,-8.868807381871893,-0.13322832421420824,-2.5632935948247546,-4.719850698718094,4.86831987965723,0.929822303404149,3.5928995598381865,5.038236348418991,0.811558425288355,-11.963268783829696,-1.6569785296541013,1.374147353734559,-7.5406181090393725,5.097745979864339,-8.883304036329186,3.6751203043504845,17.152522650048784,3.796984339107282,0.7217231592031217,-17.686500746027612,-13.021068496369331,-0.31416238228051774,-3.045693640177533,9.140999831116618,-3.0699678520720903
196,-7.318880621525272,5.277953755417754,4.495872378801123,-4.418521742535104,8.86911050577774,-4.024712478523975,-5.936611450121086,-5.1023978014843925,-0.7187515609760424,-7.638190248812892,-1.788225652470939,0.3186229034967459,-3.962133044008561,4.938072315760444,9.220637458122546,0.8225918424002039,-3.388675954902721,0.5333933248290719,-2.815059663597831,-4.353366741390221,5.545821620780809,2.5768480578521875,6.960858528290004,-6.110486588796081,9.228347949636367,-4.142124854518899,2.1874625052295134,-0.9109832263118993,2.0725157978790962,-1.4406292869530835
197,-6.051503374635555,5.231884688788741,4.0609780904009005,-5.1593808319167085,6.75524379684739,-4.946157409831728,-6.219142693931098,-5.638787366689198,-0.26388881785986035,2.799317357691864,2.287059626663697,3.3832141658634716,1.4747948713847874,-2.7400876182868834,-4.744552601313741,16.574788707371738,8.746877551216944,12.60902228388805,4.305049159824033,8.572118617962907,-5.993682272646197,-16.81943177928699,9.281028061640844,4.871841118852057,0.07399163124958541,4.25069349549979,10.044284201827137,-0.5064041008279669,-6.300947562847814,9.076532787430578
198,-3.279371038562302,-0.3190482361960101,1.0182724079989864,2.4891844839015165,5.671608883819039,2.796599703338354,2.167219415881909,2.5515173718240125,-2.4616183753643743,-5.1364022560897045,-3.8549044862867845,0.0764273111760166,-1.5499477771892005,6.380275539863073,9.693805896724914,5.650308570391667,8.513641496210553,-4.896153649557766,5.9469705131298065,-14.678778783761157,-7.692340125799724,11.031017674090561,2.958398045580717,0.4142995088076547,0.10750093810394823,-12.711925248391632,-1.073564730578431,5.800734913933568,8.595604524962209,12.886507729409582
199,-13.68644694318193,11.135479000324331,9.326464153001412,-11.64236058376419,15.176950164153933,-12.431417529819658,-8.144955046813202,-8.805094178875972,-6.1436971362843,5.742122869523578,0.29173137484646966,6.245543805861015,6.765470212173191,1.3954966941180147,2.694474805400861,-3.074441949457117,4.083619688285817,7.983574488938772,0.9308218779606309,7.09551950971293,2.6948769565123314,13.801504264778131,-6.254389618783182,22.56204507487878,-2.6797576821892104,-23.382697738462728,2.196515539445044,4.682040008908309,4.7714190803089975,5.56344953106371
200,-9.764513938831591,8.314147064303604,6.983062524242638,-9.465142956217948,10.334401236650148,-10.67145301473233,-4.240164954946492,-5.658939792466093,-6.521773907324138,6.000676549114304,0.40720627757889827,6.47121877234785,6.723170975088824,1.5916493276141042,2.7544855532903525,-1.8683212874467814,-9.509674611504348,19.320323436514805,-8.721904896669082,11.507550250633859,-4.498185403145796,-8.678438730833324,-15.592686596171147,14.047784766441119,-1.7793060727258863,13.560240519114519,6.754972004489506,-2.6082845630595943,-2.826452924856473,-11.756295372406063
201,13.320733106930703,-10.87056899974311,-9.029398477698804,11.215814162237349,-14.831899732460867,11.790030644283211,8.684397199949922,9.031388656279281,5.157828675548888,-0.027202634625690243,0.42061018628188085,-5.302762866885606,-2.702872251034142,-3.729850106872542,-5.0891749657530045,-10.621371354179134,16.055771174232813,-0.2946149971323781,0.3460979559709525,-12.413008423539761,9.615270534407403,-0.27238638111562447,-6.845495055310736,-8.842059760888873,-23.807002325491137,-8.148065297517116,3.9702000202681633,-14.80379610686326,2.5843430770085485,-5.302054420187376
202,-2.553831627616495,-0.0926798256137119,0.9144995897079397,1.4987377052661661,4.232095783251199,1.5230612941643944,2.1492899724531216,2.13396418578579,-2.5749484591247924,-5.370267076906249,-3.755523045758869,-0.288701948308958,-1.5936256738342913,6.591970431667943,8.858646568404108,-14.578009541364588,8.269198219261597,8.128702749280743,-8.80282736168088,7.306781499241927,17.09667326292091,4.714468142256072,-4.204442731342529,12.845930106548886,2.51795552096345,7.517583492653031,-5.174811066106177,-4.933953161102516,2.93538371692495,-0.6414835214393373
203,-1.946715750054742,2.796874569806473,1.5547337523490334,-3.0469695716912315,1.6919195954056157,-2.4950357533283545,-5.926182328056779,-4.930122880296134,2.9416758468794293,-1.7229486565330483,0.28174311673500463,-3.5527878987216304,-1.611896815765006,-1.4770268482615294,10.433144142633424,-3.8772630836057256,-9.248628719676978,-3.5393749137824138,2.212090543746106,-0.34082744812748694,-5.587884832561637,16.55711709219507,7.572982887312771,-3.6258582773121937,-1.3666600608951764,-2.3275923486841457,-5.6061729392436535,-7.469631106832476,1.3512002146563138,-6.307204935025943
204,2.2094680955818102,-4.224573790449286,-2.611516628827607,6.5012604268960885,-0.6375294142896711,7.415190600205063,3.2912668594352676,4.418471248768692,1.5107008058284024,6.783207485872424,2.5314098824394007,3.105090845177298,2.3448478827306283,-6.056703624552877,2.923237517748764,4.902546949530928,-15.638401605012543,2.9188736143668206,-0.4572966018054528,8.634121173962013,0.268977016991745,0.989937500054482,1.3334189133992345,4.749000655886192,16.303285112125458,-4.640854645668378,6.355471592433051,11.10005450367409,-3.13615306062931,-0.36627930041765855
205,4.59521232841602,-4.168254816725394,-3.1131814860510145,4.121252755933903,-5.064248222608932,3.828615408674489,5.575424019572753,4.923228109629192,-0.47455259203014183,-4.687297182302319,-2.7930211013017856,-2.8071773267912623,-2.305141638910946,4.422056447049765,11.340169617620441,-9.288464370077897,2.363873601612194,4.909342389021685,2.4788129336168048,-0.5595125852566086,13.687490542552274,11.337626763843675,-15.150462549829257,12.567572555091036,0.36946903074742665,-12.539152280748457,-0.8553016731593913,-4.623244456883523,1.1658620997907008,-8.684899123176477
206,6.4776131326923005,-6.295890111187445,-4.85870025207781,7.3989364039044,-6.447834653158347,8.030691424149797,4.954996002315552,5.586624397889592,2.8143731033938364,2.1385082839105203,1.8545270199138992,0.3277937322494629,-1.007079532363031,-4.2368842732793235,-11.04315667459169,5.9985231127442455,10.582893213138059,-6.982066307777492,1.0467073157488958,5.627211701962554,15.876692394033249,-16.121698447987853,-12.274073159822477,12.723585722400367,15.354346860911413,16.81120720409595,-6.8169916438907725,15.068078432585214,-12.233646748692506,1.1744533818971459
207,-10.751222510372147,6.211778018544447,6.151967635251672,-4.2632811162302895,13.841359236940185,-3.999737821201138,-4.553596145827091,-3.912584747933643,-3.9758550557272,5.973713115247849,0.7877530656934917,6.7901313021810115,5.181506955682316,-0.8041454002325622,-14.910568375309946,0.009449902069591806,-11.15324013951199,5.974330291501768,1.003280173667142,20.59842062115894,12.455196794450456,-11.053721080390327,3.5723128233722976,0.7561786877799623,4.047667286568624,24.972028852487213,7.627304916714614,-5.247885708034882,-8.91798619592297,-2.259767280895476
208,-2.5206220987140875,3.996575951103793,2.3372953759677055,-5.093640095914634,1.7031633209711798,-4.999822961731317,-6.193971949192534,-5.817582596609104,1.7384121175441511,1.2273350466033024,1.50375746724932,-1.4112476585973628,0.4103005606114882,-2.7092417435689766,-14.615086889180882,-4.756604116992044,15.728353344542846,-11.565609325317388,-1.4883045956565855,-6.343378801467917,25.796962243580584,-11.468980519717158,-6.7207432973816985,-4.471267484540864,-4.5426084655487315,13.24058956276605,-6.908272578892101,-1.7179145040784143,-9.504537618906532,-6.154853509317768
209,-10.63096003528235,4.982792758712016,5.643094746082024,-2.2574940046616816,14.433036509951938,-1.9087639907725862,-2.5300444070839188,-1.84390351189753,-4.592146135544429,-7.675999275229273,-5.05718323682224,1.7435580178684509,-1.7534286392673963,9.663356177478159,-0.6755385539866396,-9.97198702323768,5.064416361624687,-4.712107564639869,-6.8154087299834485,-8.622123825958354,8.785780605841381,18.33274064382503,-4.883638215735732,5.080383635401616,-21.631029996669284,-21.163623389477006,-1.6537489033388924,-4.723939463927806,4.9324293584625165,-8.716549127590946
210,3.324366300953408,-2.492995401754184,-2.059955169741521,2.1162571484116484,-3.991891253109454,1.8845408192845887,3.074150368095643,2.6085782955355277,0.008759174090780484,1.2215457668066472,1.965876001324486,2.9462321484608496,-0.4533954442776138,-1.8253928995807422,0.652448556928053,-4.568332995942503,-16.383057008157255,2.4608449454838337,2.1666920760064503,0.4101607080177222,-6.469657231186345,13.060661852769297,-12.807389527288608,3.7916396130069203,-0.15171292386330126,-5.384765154674862,3.4414335511929486,-2.0872493845971114,3.767216264370839,-1.0542136853197623
211,-3.032651733820113,3.431029937947315,2.894203953121025,-5.514948031580317,2.1175585456625665,-7.267739439049778,1.9352273990646887,-0.5316955653688326,-6.479625086907409,2.143841742110252,-2.1168592315949604,2.392843042024431,4.840867640176562,5.22910051349264,10.053136506915708,0.7514733123059463,-16.703249863141338,-12.904557849426247,-5.286188824983504,-5.075449329436699,-10.389216670122837,5.207726637223763,0.7326907047129128,-16.695496605662083,8.8389696971801,-3.9174734222471175,-4.934784912623812,3.454555377470151,7.158169026173461,8.854313477578797
212,-7.343388501495777,7.341699617206752,5.657119154026365,-8.935284123825443,7.081378527972873,-9.89984220658396,-5.132481104500059,-6.210112195825318,-3.88302019667476,-7.698640309383668,-4.370807199418052,-2.38327467425455,-1.2449938033099515,9.244577663567657,-6.985238578787122,4.196081448041871,2.8443928498681417,-23.92283599138141,1.8330587412578172,-8.589321458487161,2.6365720555847987,0.42386181162901726,4.306901693757157,-8.892951445420483,12.035197586965388,5.886069481786438,-10.3795921374353,18.58322729355484,-8.832657664338324,1.1875705428964072
213,7.80706194489887,-6.9540289590175774,-5.84621514054329,8.50071596522911,-7.866893384996191,9.966256389896067,2.2037650954099126,4.074968472500681,6.751357873471389,3.9382359773887625,2.993280194692892,-3.1021490774695826,-1.2595755162923836,-8.602892839031712,-6.80049127999102,-17.1851049196338,8.57018050622403,-26.171996805624012,-6.478646424666983,-6.9066083682005965,15.882059667142121,10.85528950465728,-2.5483115966509575,7.5944208349009745,0.3539859471024891,-10.33772735766119,-20.25433404383866,14.121937114694889,-0.5389212219371893,2.107566911454216
214,5.741855432226229,-5.353545665629217,-4.408746609983706,6.707564247258311,-5.607181239962969,7.863213188583621,1.8143906760761237,3.291609553768412,5.098066861664247,-6.804180758427585,0.4467382993619927,-2.785761154418494,-7.175200431446301,-0.9144255176204855,2.570185563294284,-10.746005599019915,-9.382006397708835,12.927872643281928,-1.9428700065962083,1.5881755633833983,6.0797183369231185,-9.99818669093299,-3.8957948888706597,-3.7117056069084016,11.488532686325993,9.314707050815935,10.174965038164263,2.091391901238893,-4.846808152638505,-2.5943991943052875
215,-3.844828234397178,4.697618768624159,3.2744691700510615,-6.087505459306215,3.17353650286222,-6.620093902554213,-4.272995198394552,-4.819243469495802,-1.3035475066073239,-7.111265534192788,-0.37944220211380175,1.3301632361753755,-3.9296138881029115,4.439193751473886,5.882714342661256,8.245078100582019,-23.57332526867604,18.298570880530963,4.163312784414648,15.056396343675623,-18.585701606388103,-22.956616132858127,-1.0504593056814495,2.193839787236418,19.691839526164717,24.129401176951358,7.762953194697042,0.49711405208564485,-9.687833693662997,-0.026634258242620446
216,2.561996583697389,-2.272625709878753,-2.1778746458478597,3.518193172472388,-2.231960674727541,4.854931931052552,-2.354936135691662,-0.44506655906626585,5.430370623117786,9.348927315852052,5.47452954927454,1.073168629795598,2.2329451206948576,-11.848044351634686,-4.16109855168291,15.429846536724064,8.689958190762958,8.593831333372387,-0.7489620161503577,10.906149514905351,-0.7955130719518206,-5.6942009630042625,8.879233071616705,2.0617904959947757,3.1906349290754847,-1.6746937030655435,4.492893031694072,-3.429226015124344,-0.598472271175384,-1.571678770870308
217,0.8611987666641019,-1.294375776725908,-0.5745639146557683,1.06239008601436,-0.8942337833431818,0.3831573577300479,4.28964551529871,3.1865950118611783,-2.9897625588924677,5.777569673474634,-4.00282834113589,-4.599710874118152,6.965876224896608,2.33339299603289,5.217674314064631,13.420804968506076,35.2550661962977,-9.550174425850212,12.042710390915373,-20.729109200859742,11.259978783220967,8.532435837060355,4.327943720773421,-12.857827963212646,-13.571925475419093,-8.310227739194287,-5.171719758110314,-14.433594237544828,11.680922578410394,1.5716452931036589
218,-6.067839760001627,5.779910196087957,4.6043059193137275,-7.008567638127344,5.9836241122391085,-7.909463780082388,-3.3042532228683554,-4.371948654816241,-4.069703590302215,7.359462385312011,2.018963530401056,5.669146757825984,6.029225446947988,-1.780077056142674,-10.392523508371307,-5.998881487392296,-0.6305205209053593,-2.067901655741831,-9.502756104740257,0.7559899079549737,2.2534164410743958,-16.8680275884446,-14.047217250655201,-8.594866789803337,-11.716516024646939,-1.9868517207619216,4.644835560150676,-6.225865886677885,-1.4873245429376802,1.9713282193245973
219,8.236264053403945,-6.326072868404568,-5.628602221542987,6.821412605187258,-9.160325390815194,7.783875410773913,2.418225883720353,3.579668534708989,5.80271887314383,7.643347569229491,6.092140155068944,1.6469911495969534,0.17870830025613937,-11.614183809529434,9.817916999460797,12.748453707369165,-10.343734724190877,-2.240110104229924,-4.631998594936332,2.67778782568698,0.8373827012687044,0.2256362657136705,6.750435410882073,-15.270459981883945,11.890088397324957,-3.7834985458461237,4.57397961969969,-3.419931591373565,3.7182200505922594,0.8536708082832714
220,-8.931362847031515,3.0085327650384333,4.2236189456277655,0.2913718979492863,12.978970494966019,0.9030460592927354,-0.9414033453473999,0.03499972207473504,-3.938667745639932,5.340769085824406,-0.19897066182408313,6.695825273032193,4.623141506355468,0.006098987536939038,-0.3380313856195157,3.478910272799225,-23.001519419054386,3.365718446343715,-20.362136221614932,16.89726547567119,-11.33707272285597,-19.14783662683727,-1.5471044929879434,-2.4108890230486377,9.69874758952449,14.558294310131537,-2.021166711936396,3.512933040112792,-3.5682827812978353,-7.290787399510729
221,8.13343385281231,-2.370733765214707,-3.7860596366990698,-0.6624803412321397,-11.949000375547213,-0.9875132348970878,-0.7001588176841965,-1.2124312299813622,4.7113391070784765,3.0442957689106223,6.097350800639708,0.6714967657332466,-1.8799941096670916,-8.409142683365785,12.057929902374518,2.5210470279543906,-2.222637076449645,19.448175085035146,-0.9936067319077128,6.094846780822678,-19.633329277966926,0.799391392885197,7.231160126752243,9.197400024153598,0.981623287050569,-12.384095507758534,6.470881368933687,0.6637989219726576,12.549294030004505,5.899041414394569
222,-4.677965488180116,0.47954530555336505,1.806395388474301,1.9748613927117595,7.489888344218173,2.3452003881729695,1.4911664267555933,2.001532248814354,-2.8579898380395377,-0.007756656999853998,-5.466655516881826,-3.3535642819394935,3.257761308413462,5.444511346722122,-1.1050321065765105,-2.930825861102274,26.072867939521398,-13.89729945005035,-4.3466411547803325,-14.36536983085819,16.801867459153357,-5.446755497876617,5.138242269245855,-22.06772519716055,-10.939416074568861,4.912799810434105,-10.555220217275853,-15.169138077484476,8.631088675925056,5.575070625241841
223,-1.3855670198453687,2.2562633305152695,1.2075922493914735,-2.6178078760844694,1.0329277797030847,-2.245862508758947,-4.667277581571507,-3.9713799643468652,2.1311246885802686,9.365438083602477,5.58614715126652,3.955410901100025,3.684547717427622,-9.504008139238197,-2.9967015613509735,5.342585170723352,1.6228471778777427,19.348780872018935,8.277580276771303,11.612249921894367,-13.29706076776647,2.4382037008300155,8.256540752000518,15.186281477514827,-13.534658148543626,-14.51880735794431,4.2080482389752305,-11.645612973501219,14.685673164118036,1.890734454520632
224,12.248285374266713,-7.750469230072404,-7.4039565346861576,6.390112728245301,-15.14600222200435,6.596016679964082,4.707449678616874,4.696054588871857,5.67206484288732,6.095981596113211,3.7256100924167375,-3.657340593794483,0.537891790375702,-8.92338506212688,6.320084486087702,12.90411001070037,14.825023519122004,21.39431872173776,1.518869050274455,11.099375922061094,-3.2518668224405816,-10.064997249711379,10.863090548014048,5.720505284704689,-8.92725999529702,14.363843675196321,2.755556581170506,-23.069834614776017,1.9345724331633563,-10.572344843750871
225,9.486787463058743,-5.715745581996286,-5.531130934721084,4.196667910664705,-12.043999239676662,4.02650549914596,4.257742494753209,3.770133042017974,3.5053025224299255,-2.88348782102114,-0.7369453192394296,-6.479213907436525,-2.855319945092701,-0.34351709151240173,4.550336212723885,7.2104184073373725,11.169768847365862,2.4942277718969907,6.188417506919666,0.8718009557499602,10.630688169608288,-7.0561866909542745,10.95262508275084,1.0060507213662397,20.79847923808661,16.383885422705788,0.560164552221259,8.553769652477762,-10.482807489640958,2.07269111273097
226,7.711973998141195,-7.159817338086869,-5.709425747215659,8.389880168785826,-7.821948265531551,9.286885946775756,4.718769632074228,5.713476646105788,4.235084321709985,7.205216007764097,2.2856528039739064,-2.026731206957034,2.0682925855003047,-7.775483306233181,1.3158948616451547,16.624192023969208,9.062201657223593,-8.529492438692236,5.165035992220201,-8.39408895487004,-8.096477582379713,-6.684745355426309,17.3924509049269,-8.307681232262452,-0.5404384438680151,-9.277054029796652,0.4385569885695289,4.5499749575708375,-1.4353061739218642,12.348497674556079
227,3.7348113001499783,-1.325666617895957,-2.1250265746463577,0.9357206062709313,-4.933080376724351,1.7704377582806892,-3.3715412031705623,-2.1342333215690448,5.656462055213092,3.186564134173515,6.995672893243712,3.4158634008202418,-2.7957118529306055,-10.119001208399201,-5.164438308528449,4.269109221908144,-13.30052291387472,13.516514316301137,10.763543888944147,13.827285408074177,-8.166417014866601,-7.5800207199034295,-2.1450078275220967,3.8077767410596013,6.225747056620976,8.147697572823978,13.478834830428017,-5.465836035919965,-4.322043380848262,5.051101862540582
228,-1.535034688246845,-0.3620401814890375,0.6032196903017851,0.9373819819174096,2.5112794754983216,0.4221634588314165,3.7904620105864626,2.9579842676785675,-3.978697312966468,2.162039899784945,-0.29533543098545506,4.997274230068332,2.397128231768437,1.9285137611326986,-1.1822220863345994,0.17068563032125358,-16.311085054069732,-6.617440866369094,-11.771024483362853,6.682577691802483,-4.2197585332464795,-0.12781124313747538,-4.648289777248807,-1.2435276051568367,13.398117605719019,11.09427253530173,-7.178274572483809,10.938088662583995,4.552481282405024,-1.5410876611889586
229,-5.691974220260647,4.264653529183851,3.5014084548128057,-3.548480390053481,6.870105200613021,-3.072669488821218,-5.5386265656440985,-4.622086583750149,0.10884656942567313,6.2182491980805015,3.859434643919306,5.440063057501452,2.801254353932872,-5.680379250285126,-6.695995578195586,-16.04605610350908,-11.900310531860129,5.800217640637557,2.0515521366540987,-3.73394128221126,-4.674611951927481,13.438885960287413,-9.366403399029155,7.2921478163312194,-22.211289127076842,-10.394532146082327,5.385671386063085,-7.877727860727307,8.074896781613965,-1.9153451904658692
230,10.666649127742883,-5.801134944851191,-5.986988548469364,3.6774557971760364,-13.937365943354656,3.455975565190879,3.66101956921359,3.110868683316434,4.429986760078667,-2.392415978637099,0.3501520166962772,-6.54828685877607,-3.191726328137745,-1.8751787181678474,-1.1471169853052343,-2.749349008702886,11.221749370079923,-5.435535073001511,-4.66257520112524,6.134451868430533,21.57703501662355,-3.0606539083967377,0.4401603955191293,-1.2002585298106008,3.391579750847282,2.767815483287178,-8.252551838506555,-7.67462580704714,-8.259836964278723,-11.061508587638095
231,4.76401433540111,-1.5303624193436263,-2.5173436500873385,0.5476793357105694,-6.574921589034848,1.1691850076215557,-3.0329613551383887,-2.114236915010469,5.791647505687799,-4.368983564992354,3.781543669215161,-1.0270019404204571,-6.502190704242839,-4.540619990402199,-4.962454300011805,5.956437299823689,-6.641695606426428,-6.419297189448469,5.251782096138684,-5.154738646522227,-15.175295898040625,-6.275133821589838,-8.763486904772485,6.87063774487681,-9.149827226843895,-8.568641761091516,-0.07267977240961232,10.68437160487156,-11.807986590591458,0.2071511902530518
232,-7.990891409016582,7.004647418784206,5.6184309850557925,-7.596669357531801,8.561305223884165,-8.037551927837251,-5.8190113814553435,-6.139269841206031,-2.9716610759027797,0.6142856124344951,-0.7320070037963448,1.5982854195220788,2.434358972127521,2.263849515241269,-3.0260899805665002,9.781579618973511,18.45047899891789,-4.534718969933084,-0.5404480545809464,-7.568209016855561,6.509893715936271,2.9473192542078355,6.0395312756296695,1.882574926951781,-15.737240293119452,-14.475617877051638,-0.5059154447639176,-5.093092902353317,-1.973887540679236,3.026534856472075
233,-10.177937180406435,8.533417592517347,6.872412440574192,-8.633921848170383,11.338974054432008,-8.721784326521252,-8.338860338491523,-8.057062316222293,-2.360041082676451,3.215096183055113,-0.22183096667972216,1.342838291685579,4.047898066203195,0.24102793144012907,6.373586622115482,-4.179743724391786,-10.753167039145652,-1.9697018412448077,-10.265298568568118,10.358838575941931,-1.0746361751306666,9.298292371441203,10.509788716741795,1.82558919207498,20.415353276450688,6.975990142996567,-1.9964025844678843,15.132584320418013,-6.391298671187531,1.6573006950702163
234,-3.5190082583647664,0.5297587753663119,1.5587361488935603,0.8158627578275697,5.341834221635845,0.6394819471718882,2.4147835915903353,2.1219876172256193,-3.767557532669693,-0.841282838354774,-3.005910203849229,1.3922595052193436,1.6434554313893734,4.882957854281609,7.089300378640643,10.137205495097353,-1.3690604754461355,11.274137312345621,0.9600456254013272,4.370901791580301,-0.32043509917709256,-8.816414436996613,1.2176034250003571,-0.8430077484362443,3.651864958251526,20.494147048958105,4.063955928274746,-10.977646637191466,-1.7005827979500374,-5.332862985478227
235,1.7221722770277605,-0.1498721543389881,-0.38749693344949454,-1.5292005815434946,-3.1363183439731266,-2.538609722699499,2.5196662115989064,1.0123591727222017,-2.1855216741811465,-7.332559631500792,-2.9856204617298636,-1.9482842328982224,-3.0155219045159964,7.071609334567431,7.269841242037176,9.726102463263796,15.566000607051333,8.240119420927947,10.345509002830232,-4.106590046887827,-1.7219936245214995,4.5541307078548385,20.1898247612136,-2.3678172738668577,-1.301224940084584,8.17604211541833,1.2277931386722705,-9.640642053558876,10.97834865778563,11.928426597243877
236,8.247429931300832,-7.754548924761637,-6.220686812232237,9.35753258917812,-8.196935813927265,10.577668507725868,4.306448077719115,5.758156581385296,5.498820460782639,-4.254262942203146,1.97530384537586,-0.9021104177015288,-6.580735475948496,-3.382739306994077,9.407766740236397,2.6530023728592487,-7.686101495214042,-0.03765561083251156,-5.103781302875845,-1.0955897405409223,-12.239086040296053,5.824073336953403,-0.7810089549695901,3.1656435096888895,-7.348570991281464,-13.038954837692952,-0.18146748882646296,-0.9670476187838264,0.9466125276154109,-2.0782908721209905
237,1.626340586434105,-1.070202241093082,-1.3205222724779042,1.829100661330189,-1.5492356801787186,2.9078992245828736,-3.0528712177605866,-1.466006385289578,4.785072427360062,-4.09627141915896,2.113310754011533,-0.9923301043874456,-5.412735237271044,-3.0453920605072384,17.270641786562713,10.593318759718834,-6.587341283998275,6.998759156056451,-10.14360920629462,8.796180159166495,-1.560435324750419,-18.736712976788528,-3.8090799324058686,-12.503973912823627,29.991197212215983,17.958960135469344,4.086229794853219,5.517876976419396,-7.435123808284565,5.53385411405381
238,-5.120894648373286,4.127846567956316,3.559123863859291,-4.529321526798268,5.589506124859124,-5.095884933315749,-2.0013588065666315,-2.661679343736389,-3.3103855200077836,-2.9588290186910795,-2.972288797950971,-0.5703096968114032,0.7332890114915284,5.661220092850918,-9.35205968126989,-2.2561681043039825,9.190469476252316,-17.657887226237925,-3.739144649513129,-13.10384148091761,13.754672937491465,-4.3125469839762,1.073074304080546,-12.839951787259311,-6.905461513494519,-1.694487110251635,-7.713652124353596,-0.37062202565971203,0.11871875217241934,-3.515340668548508
239,-7.882858984072231,5.751374818112215,5.222387029968359,-5.8761318490285355,9.029629390058995,-6.612648857377257,-2.3762600607693596,-3.22963126866323,-5.269678803435873,-0.20358336048567768,-0.9569269719498695,5.135738482586651,2.1735694440341162,4.3320777967473285,-9.746535191760735,-1.101082682571432,-17.73580883395679,2.1190852418203576,1.8919217082154103,3.0955361703875517,-4.243717740931582,-11.054805482236997,-4.700890868944382,-7.740773274238435,-3.4507591376163296,4.626747361525052,13.919060239993135,-1.4500183268574487,-11.061108993928231,4.241789617181929
240,10.590350639797823,-9.269563015544296,-7.375936276544577,9.860735133058352,-11.443068154185672,10.232322448978433,8.44535542022735,8.548835492721398,3.094725754205368,-4.594802877742219,3.130323453028672,3.674530348618695,-7.018237633957151,-2.210376973557425,-20.68672405478221,-20.588849512511036,-20.683330577185927,-10.123569698114622,-1.03036349955592,4.596153781705064,5.137543888401493,-2.8151622103691873,-19.958507222461787,0.6512592819409416,0.768073046410963,5.914267216205899,1.5108223719637142,11.81437981454954,-2.575866977771889,6.100693062288146
241,-2.7821387069022445,0.4767528262031352,1.2861838745640315,0.45699806610999416,4.142874369786188,0.20936835644395368,2.181606867235929,1.7904512497254703,-3.348318116838076,5.211431069090398,-3.0679291820320156,-1.288535656732934,6.1150403135428055,2.001404145048104,-2.3273671076562024,1.5357051338859744,-3.3666948106476435,-12.46669494506908,-2.5162201451786097,-3.9627174248142953,-10.072299472600745,-0.7726116687102191,-5.393059123296034,1.0100342841791345,-11.34677593752321,5.1825344406668155,-12.748662336111101,-1.236264042047028,-5.228421701688966,-9.899506538177128
242,-6.761290408432028,3.4538098367683525,3.5304521403984217,-1.4448455635764421,9.221521119567427,-0.7019139311434426,-4.034017301467947,-2.789040265546937,-0.716774146531092,6.76542424290242,0.06601077730478097,1.0450846702061865,5.167519817418278,-2.8772053351865563,15.021735754358046,-1.4701633442568272,10.226088198355972,19.818232867981152,4.724792011302536,-2.760393296441768,6.926618097565638,6.982000743772392,-3.984418155593482,14.597420135920837,-7.140066617693822,-3.909229623420721,6.654076872492966,-12.93485604824623,5.801431895692534,-6.946613865774289
243,-2.661192243148775,2.7084021587950677,1.8722112288102906,-2.763768452971991,2.8006853796699787,-2.4783603897647453,-4.224318657189239,-3.6505722200897823,1.119828502225994,-6.010628691168607,-1.465270242982045,-2.796557420405869,-3.4724519838603776,2.878805678363366,-0.9249437179143988,-13.7421950765488,-6.994900748319254,-1.8963289185086531,-8.746352142398965,-4.252146868528654,5.9859124496669125,1.6649324314392622,0.4104440405317451,-6.230706431816438,6.1965629389541,-10.010224011933126,0.8054956091421874,7.0979181328191565,-2.549346207889412,-6.607013961391612
244,-2.7686308628531098,-0.8581785275645778,0.38364982995940966,3.8109963677130776,5.509092967491073,4.938009291485051,-0.1098176506773388,1.4862696478909563,0.5348482332753501,7.00418495934737,2.647831896567819,5.029892436660822,2.940500051145734,-5.70207400838312,-10.495680512431022,-14.895833307919515,-18.857743837310416,-16.196216214168672,-3.675155942727307,7.7699076817286015,1.6988098381909733,11.811244669098139,-4.972244551418019,7.985909213780899,4.375475008723379,-2.642571967520853,-9.2925641451814,10.619860574798492,1.2821006548903608,0.2260196585170301
245,-2.9391736549663925,-0.3422496582009887,0.6745425004418286,2.939693429675256,5.4127160825196805,3.92548834618681,-0.4857651230485602,0.9296351586077964,0.3973309313629138,-2.529248123810631,1.0891281224005978,4.59358820240169,-3.0471006020015063,-0.2481622724148402,-14.759827837777502,6.185702346960149,-7.045832419669322,2.808466846612373,11.48980539824642,9.42697222292511,-2.4323528195592194,-4.245545067638578,-3.7538961027375795,6.599332579766556,1.7605028317395615,-2.01216974267943,7.29112933657548,0.8440921529475424,-0.7361467988345614,1.4578824216066708
246,2.5382493416950878,-1.0501053182119842,-1.612289697829311,1.2034506857713387,-3.1057685027450663,2.1451976711943215,-3.3357726633144953,-1.9386104746142323,5.213167345919301,0.04804472488336796,2.033036444164681,-3.4086117731793943,-2.294142115917578,-5.0475897557467935,2.7461534574396294,1.5371388195955769,9.222832409466651,6.771771544475737,-3.6034700326573352,-1.2365271045412376,6.420784401182452,2.4381411014853414,7.779838906187314,-2.4242396898427696,-14.25861137808135,-21.58839550103166,2.08994113556557,-15.775425161532162,2.8327138427614527,-10.17538187750731
247,6.7482095686183134,-3.8929410682375427,-3.8013424323125906,2.502195451825264,-8.769829774416966,2.1481033723296914,3.5208295071090228,2.833371341005305,1.8045218138029133,-6.108841329022738,-1.8442636129486714,-5.234924273830226,-4.064829948779264,2.9914225122558955,5.088948039379693,-4.915768519295115,-8.283210764934292,-3.307392811628932,5.413773495765082,-3.168254969386275,-4.671801003584547,-1.8690545597911703,6.537568067163383,-5.347742335411985,4.1790591064500875,10.173475786478656,-4.208421007587806,-5.492145420846909,-4.619695491480211,1.2751981649139426
248,2.2986050816500905,-2.106184536947973,-1.5479190060863104,2.0480420841463753,-2.5431163692320986,1.846666138119352,3.0272590457911073,2.6163142434710065,-0.43287608164831287,-0.6609807506895365,-3.633740789209196,-5.563825451168534,1.3827061744404707,3.1572287963600876,8.92463742691623,-11.052029115570669,-9.618079167927297,-15.082906913762983,-6.2185737661093485,-1.938241888182156,1.6142893784614232,11.018168739113008,1.6193576120728246,4.254616681564678,19.002526721068453,4.0265831923415405,-15.51585066893002,16.560471282492497,-6.662619143153078,-8.236476943064444
249,-2.8674199654938075,2.7384295665559857,2.0335656171040197,-2.9135501007270594,3.019154829147894,-2.8677049306612337,-3.261302408790304,-3.051691538340299,-0.06422812439003435,2.942501628739995,0.17229862404348492,-0.7396662968492397,2.4565728192103538,-1.4018964231419695,9.472869600614647,2.4818103947642256,7.228326813287354,1.055111455315596,-2.405707845377587,-1.2372471357613586,-3.4219333399714773,-1.3718985648459723,-2.224573460441988,1.496409619893507,13.732609947814614,-5.870295347077528,-1.7529011666267493,9.851780204136649,2.6216158412980937,6.043529715850754
250,8.661844597603539,-6.015272715803471,-5.608423289545056,5.901629611708935,-10.13756098115121,6.640574706121508,2.2619134715444447,3.1144317140430324,5.771337454380074,0.5584217810326182,3.6065555503456337,-1.4524622419390647,-3.489513287598849,-6.641337999842946,-2.488678206285681,12.189069582774644,-8.282347025705178,3.746941364641606,-3.7818991955990544,15.140337809768402,-8.355663446365366,-28.61915263283671,5.323941984331336,-7.611724681876731,16.633246181607493,21.92519560679641,1.22934087716648,-0.09690688665860403,-11.746725389814499,0.3155521429385171
251,5.074512596060779,-5.24173571705581,-4.035800539430425,6.63630740788555,-4.700286617725855,7.519712525665764,3.103641214892732,4.164741377383399,3.4098816516807813,-1.3750815148174114,1.616756493557927,0.22032770544085792,-3.4954393413812457,-2.9777773250743316,11.06622111911556,4.752725988626322,2.934476017573363,5.878815016477243,-5.39423883278249,4.7813615415786686,-1.6271019642552467,2.5402942651666365,4.090481008457136,-0.11960867924773391,5.901785987879215,12.019511187058706,1.2148256300073674,-1.06069539102483,2.6192224393692936,5.635246364845552
252,-0.8121096877200318,-1.7668014981342097,-0.2296896727515014,3.017321486021091,2.2764422436352794,2.7047798580250877,5.256223279852812,4.645164132281719,-3.7903101856459855,-6.5612430088523634,-1.9337523058332557,4.890607182329973,-3.4353449515483128,6.744437884660146,-9.742973008919417,4.218302974676158,-17.435569867845516,1.2145546270582805,3.3236773748740642,-1.1786915315141087,-16.333180710366058,-10.68379734834035,-12.060980300179214,6.091002189742503,7.149553545383743,-10.202041199937558,5.693720112113214,16.174034066748685,-0.1155816793270279,6.450482510121494
253,-0.11697513759432758,-0.7994060194258541,0.012141359532550751,0.6412121205683973,0.3377300400547088,-0.18338528032163579,4.619244866905667,3.3133279994599865,-3.970274432289785,-9.427368034517622,-6.461785233093984,-3.548824725938248,-2.6015423875656727,11.459972580744894,10.652395810320803,-2.1294088667102784,16.515232478589486,-4.170243689015954,0.032990328812591084,-11.80308237683955,13.079659659968208,9.500938856502493,0.41506621288630097,-4.5057037607469,-2.207540222390814,-4.435843315506757,-4.2493984284277895,-2.7924007768640022,7.459426261456781,1.7466382391048036
254,-4.341122139690136,0.8431974020194403,1.6541650226512603,1.6508599935460209,6.928650245517143,2.528715828262375,-1.3115450644208229,-0.0016647506055069811,-0.25005321525331636,-3.9108557350719724,-0.5642996770670853,2.7477489311754724,-2.8412810765372316,1.9578287595061237,-13.977189020873798,1.6945689474443455,6.292654264161865,-8.409919936990098,-6.114539204077758,-4.915785016496205,14.780741990591782,0.9492348480169723,-2.95863225524543,-3.757931340718654,-4.400141199062085,-12.16066597745773,-0.8830111033394347,5.219024861145958,2.4528394452338738,-3.294150467597505
255,-1.7520182111049187,2.5561019994328893,1.6906791029014976,-3.5913525537479574,1.12332205050541,-3.9987835238472744,-2.1779242656252267,-2.647099555427388,-0.853532960638005,2.2743993521576233,0.757373594710728,0.7379428903167136,1.9197939882989312,-0.8472557525173373,14.46885819732541,9.456847423303914,2.3508485594094943,-4.762283514025015,2.6158326897762714,-2.5015852256709357,-15.673278740151728,-0.5588773043998915,-4.416503595668161,3.323881391721675,11.785077002674868,-7.325352179563251,-4.522219877268302,14.940508705965774,3.1838657114295095,15.58039811181887
256,2.2559954916485143,-1.9466736424310391,-1.2213175140772563,1.0925805407829476,-2.9147327674425845,0.0642854310114705,5.7030641740973325,4.0510729733616495,-3.6506235161138414,7.138492842725369,0.7462046818657885,3.791800860214273,5.460479267704488,-1.01870074312337,0.42026411281690107,5.754125508671801,-11.368145284167799,-12.099833028758207,1.0503246609614796,-9.201435535135202,-9.94911521374468,4.557507350137589,-10.313690937236672,-2.1132435803039797,9.849799373847596,-3.147089448880765,-0.9859501498031791,17.106505488310127,3.2923802789418293,0.7619134567757138
257,-2.4091257997236255,4.041061878396758,2.639954770644607,-6.153923222481816,1.0496218133752373,-7.130212017939354,-2.5457298187278097,-3.7837080734544792,-2.1550538843418443,-6.145136351536652,-2.3042315938389155,-1.8080520203766455,-1.9270382427585715,6.042610040633646,-2.1110562315191372,10.928469570277079,17.156440806801818,-2.4557513583306037,10.073189316615606,-9.725616561703871,15.897965978229626,2.1558741322170794,4.0405149510985225,-9.064668323518154,-9.124522882088781,5.220858946115475,0.0817681671411683,-13.714830527029548,2.9982936502997584,-5.602953923240767
258,-7.770918051649181,6.152171532039392,5.01575135442622,-5.713893645924103,9.01775355071345,-5.4486172398229655,-6.83848047715359,-6.145734556063001,-0.7855841463314711,-4.95149522707693,-3.283481940680401,-3.4099780278039513,-0.9494380202651634,4.871267410777021,4.256012806663901,-14.724607190350897,-14.849506143021435,-12.637658542534203,-15.501999420372,4.742415334946399,-2.517097342459798,1.808684391741304,3.874878392907032,-7.057605446669795,16.939630544149537,-1.222068161722901,-10.850849830376909,15.403167890232206,-6.751442553467834,-4.768842202127654
259,-2.180695889477239,0.7565375824691989,1.2432579849119902,-0.5426545916256705,2.8792584155725964,-1.058443688324279,2.1046825029530676,1.3380179897186448,-3.5011777154660235,-1.295346957731844,-0.7735984357539188,3.9730625176281067,0.23038747204204202,3.497352146150923,-3.1333212095907634,-10.428208492000872,-15.099187350153448,17.22997576627616,-1.8436687198774158,3.652868491604058,-0.7821379825462306,6.523013729922728,-1.7949019014447898,5.916484385724811,-18.566662906084883,-18.431221389823694,12.799797166570379,-13.225282213292544,7.46104291691926,-10.187431777843987
260,-7.026161281887891,4.2737819172045866,4.066582699886784,-3.048358459625907,8.9552892772794,-2.777827024334135,-3.750013195947523,-3.1673513865101066,-1.8669887269338301,-2.7249540809911674,-4.702803778035706,-4.114800277412628,1.3254370299844156,5.540434330028664,6.632967226835018,5.901455891479387,12.41761346838268,-1.2746607682162925,10.217734970694739,-12.096029931537311,-6.679927025687528,10.803573500244307,5.632089654954362,9.94091845926273,-11.333831795049091,-17.41667105977476,-2.304686138145794,3.2086768201072484,-2.7749845916632747,-1.9780177775277408
261,5.383497760809867,-6.477749795388316,-4.950795218793195,9.498431840015481,-3.961509085195521,11.551920258641223,1.1107818593830932,3.8617493215390466,7.029088386353601,-3.073311555322154,2.0366935386576315,-1.9292076816373311,-6.135204592387781,-5.218560923286564,4.389273210354901,-6.592273300984438,-2.4640388875122063,23.073664600014215,1.3517511533773292,9.464829007555789,3.7686459370158985,-5.487834860097086,-8.560865641642074,16.972571367166733,2.2131748509913183,8.912796516557826,9.58187827858903,-4.978817892845475,-6.814790945092054,-10.878868332334003
262,-6.2464988739717695,6.782154429373237,5.019309269704711,-8.517138388880495,5.673289437109615,-9.389392707748678,-5.240431041545938,-6.197890110648812,-3.1183927077984084,3.3543561385799783,2.1636216915690234,5.102072305630089,3.026972532221382,-0.7074092729196434,-15.376732280755245,-8.696310167559353,-6.3039435100468575,-24.990574158785734,-4.882773081481282,-10.335580351961049,1.2170102598956494,14.054301962226807,-2.8150811447284565,-7.778783084133376,-7.8311826462760505,-7.287529294532398,-7.417488967587618,12.401941889907606,3.353067101318833,5.937729152353932
263,-12.377919654382666,10.52700148004308,8.546573707962478,-11.125935491336918,13.515218368399145,-11.674434830451435,-8.856538963327186,-9.17178060795184,-4.426639266298754,1.934765665301337,-0.3927844050327649,3.614761767084829,3.9476714598918354,2.3955005919893373,-1.443981152562718,0.5684399142985773,-11.732847847502507,-3.447472601855761,0.8166396466609168,-9.780471894407741,-0.54231935342739,4.250875390401869,-2.688940866143525,-11.31035690877949,0.3042672111666683,-2.8367238308843126,6.522631599547083,-0.27445286284215353,0.10944238696761183,-7.36173809463368
264,-11.998702696365491,9.728751243222748,8.205053383208227,-10.267287126914162,13.270972235071277,-11.091407786813924,-6.601140103263903,-7.382540494785733,-5.7417069898793365,-10.35521576732386,-6.33673360332234,-1.7251010610471627,-1.6137739303210061,12.900159260023644,-8.839255144263449,0.6559545474209802,-1.4600934029980894,0.7482843610257242,7.110620294924324,-2.6023816435144114,9.41005779400745,-6.46081403075179,4.857529786361524,-0.5585029595161313,-3.3939322864081993,9.083467496304063,4.051024934955108,-1.9904822868841525,-13.700530928120848,-12.360302551799665
265,-7.892430857745724,5.447166265084567,4.975364548572228,-4.97476277012928,9.423944818802124,-5.247915454970051,-3.4249005088408286,-3.5984713725434045,-3.7385495327614517,-2.7159812591245958,-2.8066719739679993,1.0109220987399272,0.917204951673652,5.5979835921087595,6.957090982695077,-3.2997419142882753,-2.6290887377196612,10.603106662227205,3.128090337708376,-3.010277727309971,-3.6277096600191996,-7.372312446120577,3.5316026976118966,-1.7667929592448,-2.8573855172352833,0.7827807131451356,8.580272205318895,-9.870872554645024,-1.3885191316284304,5.516116782918586
266,2.6186518004812562,-0.5765541704647055,-1.022692739925072,-0.8837084762704691,-4.137003572076025,-1.4110508529335888,0.917300548797361,0.12573115012788816,0.1580643502493453,-1.1616847928540617,-2.299496963053653,-5.360057355199855,0.5860223169298222,2.2071125204705195,11.520980845422532,-10.349748652293519,-5.697670565302346,4.631766925126845,1.639494818784982,-12.270872909087034,-4.729275792761182,9.26321693957378,8.828443083607594,-4.562173496098002,7.318710294105755,-4.00477313249043,4.099795767463415,6.442094111594984,1.9044385317398453,-3.054225164545111
267,-8.166250631935167,7.778241147808092,6.340248783878829,-9.838757928831868,7.858612673869969,-11.519760119068277,-2.770853795763646,-4.916917826451938,-7.188047406055254,6.103252241408232,-2.012821680117087,2.2387317737735764,8.37915246136688,3.8174687757409376,-3.2074517450203706,-4.014598652777829,-4.414431097765802,5.266586106124193,-6.284061539175568,5.694181973363248,14.04748761650868,-11.979013000917949,-1.9497740743275198,9.691124886522518,2.230245396610577,18.65613294812422,-3.7724673560764517,-2.6044782185023396,-8.968118020214444,-16.645025116246423
268,-2.8254689120222345,1.1692246871279648,1.2231259768076101,0.2786660653533678,4.230527297539152,1.0926882164730176,-2.945240926415233,-1.682070834337117,1.3899392357143245,-5.915507822705914,1.175326881977281,3.0420794765381554,-5.393002480223184,0.6392886167168299,-3.909940341622268,3.4825289345366484,4.257374153063995,5.375837508472162,-0.5729985458566066,6.709122424712739,-8.465022881778081,-13.313041588399644,-17.346820804484203,16.239977176151736,0.6698698393318006,-11.18941947197843,-0.9235598552958879,8.074309365509345,-1.5406533306042653,8.390038088685062
269,7.819382630478182,-2.7135483213841414,-3.760026672488534,-0.029930515955540617,-11.268442687709403,-0.45497993329096303,0.5862884077545567,-0.10693309146624537,3.766427788437453,-4.126356754974292,1.5721628630030806,-3.828174501244931,-4.525655895671554,-1.4588107822247547,16.930780068549918,1.781062187897788,-10.19611981422523,-0.5091443502404156,-9.635792093824726,3.33322518840255,-10.538967061277644,0.48045422103869684,11.07257077242539,-0.4747318107916744,17.759797347768565,13.356164163219539,-10.179993520590495,8.884714828764382,-0.7120076873492707,1.1692762428936618
270,-13.868782489976434,9.302469199951508,8.588330214622328,-8.138828942548965,16.804158711975894,-8.428127285487108,-6.168465583433038,-6.203720051534483,-6.236924377406,6.857640867012345,-0.4263480368365298,6.56279154400021,7.485628886485709,1.2687457488565916,-1.9616075152752455,-0.9297926226947202,-18.95716813242524,8.620940318096228,-4.112678723037487,3.6661441120806484,-11.524842628999343,-3.414928723776177,8.352231010449497,2.0111274351384374,2.2278309728880563,-13.001003804590022,8.458780194414558,5.038715607865359,3.4077789837817494,-0.8125238200263334
271,-2.1538986200362653,3.2485382076440206,1.821135774710934,-3.75162466392929,1.7153501143992194,-3.2910652687224022,-6.324066353995074,-5.43841082090674,2.8194459518120887,-3.7272916225222157,1.007881674705629,-1.8492441807849371,-3.3692062252094894,-0.9791339164019901,4.368721052190253,8.86448640385885,-4.613603584226076,10.498621128421766,13.334776493835214,7.072902717635417,-5.770238818172822,-8.579791486474734,2.0059412925741418,3.618264546957137,11.887692671046333,7.239232734285604,7.219090965446324,3.040265145788092,-7.799890477577929,1.9010183640199716
272,5.883712616380143,-2.7334030052313274,-3.187546339123167,1.4167363275135252,-7.904053368294155,1.4616468094901425,0.5017025036095825,0.48371365453849036,3.50383216778244,7.121377597852296,1.6694521743951625,-4.864841463070906,3.497904461235929,-6.5330628681704965,9.543544795300662,-1.515680987303292,2.8218349886140404,-7.273162732038774,-14.26280830669762,-1.86471761475755,2.0909226750182235,7.777682728520001,14.678200707697988,-5.99238126100162,0.42513407458872,6.1707627848443,-15.895601491408392,-6.20560443913086,5.094031751026609,-16.1529823462983
273,-11.472336680692987,8.944467735831372,7.660476713679444,-9.074543475920457,12.985189260408264,-9.675869769086269,-6.273462847879241,-6.763124814892778,-5.121889057479288,-5.894525989028823,-6.989571157421467,-4.460125082099787,1.7428501402587946,10.899541766710033,6.093228048048181,-8.96425953285964,10.13868850953508,-8.912065023183542,-5.312281234863765,-8.519749510209694,-3.4958965827256043,-12.480101322779392,-0.20510557087588926,-8.797385724110706,5.511223477021359,5.533298598306947,-12.541648896243963,5.612821605255971,-1.1615461246346088,8.820088352800303
274,-3.1039877217049003,3.5260687887188444,2.7501431172018167,-5.0528100839453165,2.452518436220505,-6.139159431440112,-0.5774778431795797,-2.030453459332991,-3.8038241962210284,-4.847147060521543,-3.9005136748243987,-2.085509679775705,0.08243973921214583,7.6459523251217645,5.071245006219801,3.2785085028638696,14.061030251512795,13.563703032311544,11.040281559763542,-0.13353243994020228,-8.456250307417971,8.626007240470512,9.993468943949713,15.96995515782992,-14.056235227136137,-11.752627519116164,-2.8772213406458738,-11.789612993203338,10.112372991152057,3.2931547049393863
275,-2.9284232841313504,0.21999870944224292,0.9630801555082749,1.7604433723572641,4.926081860866138,2.4456018083785125,-0.5289427832582788,0.47099057820192014,-0.1351760781704848,5.217299398834663,-3.0274263628583014,-4.627062203952749,5.246761631943785,-0.3899721044320755,0.8777985760558694,-7.080712535281243,3.7243321039063804,0.7641403179996341,-4.55652739722118,7.514331127824729,5.226130666116919,0.34833973006614094,7.6005947122389435,6.909335944916039,2.8087346324993936,18.85303863506344,-7.895372062130049,-2.0937293728603636,-9.72364068599979,-15.371166552832085
276,-7.190037036191834,4.7942457317779645,4.38209033282256,-4.002666533093805,8.810771414073766,-3.9563952834737455,-3.8433904352897996,-3.5666533003241208,-2.495447460185539,2.53792708739316,-0.21560475821890104,2.8442033730560667,2.946807918904284,0.570389933042302,1.3075305130369252,9.638903129292276,5.475522238107301,16.9751689860985,7.938275132649342,3.5440349349635483,2.3068229433662744,-16.990404812066306,15.354888239952539,-7.2943632541410075,-7.011057126966441,18.580887133692002,14.639965092491483,-18.837221176622748,-1.6334004223560918,6.068361479889068
277,5.791082214532816,-2.912924873100432,-3.4223557607013944,2.338056393404949,-7.365024712739076,3.0523925183885927,-1.4628380867286073,-0.48194435271273617,5.795920384649508,4.708174072487761,3.6707696028442194,-3.1274304733010605,-0.005696717870657437,-8.53372439065414,-3.0678752602749566,-2.6840863037459304,-25.947043039593037,-9.962623753732034,0.02258972693861961,-3.9149906104936054,-16.537473512605867,-9.140444256869696,-5.0275330396087075,-15.753951322293116,10.862754265033356,4.299662676985946,-0.3433750174355852,6.43369991327995,-9.086173338364192,-9.800468647714036
278,0.7848872806882693,1.0709329100856553,0.2858108298064058,-2.7058960544815136,-2.2035030153029393,-3.350410871841283,-0.43987816382920636,-1.3263514454665555,-0.724274821970642,8.54140064365027,4.484487614365791,5.016578410873686,4.333435956498995,-6.207361538404974,6.007843112454364,3.553168038180586,0.9553290882956946,15.3103125233711,-0.13932541105217117,12.973758182493224,-3.3534966957773253,-2.043819079718131,0.30621137654624836,10.924527599131046,-8.327496897851786,1.418721727078362,6.617066928264447,-13.725666974764072,3.087183066090006,5.696374011436524
279,2.9060137131591137,-4.2324550185737575,-2.6079103103526746,5.396402248808105,-2.1298339225598313,5.440977179250598,5.854735194017514,5.678180261926052,-0.9903856793257928,-6.312830713315608,-2.788172823134217,-0.4739264919943364,-3.6215804054858065,5.338015221371874,13.923569602091142,22.0555087657364,16.809370221160847,-0.10977568097943623,1.8639313815047442,-5.126341113796971,2.3338912386133717,-3.1678886856808357,18.91006673621349,-13.624581208736341,4.631958977369907,1.701738816400891,1.262977441853176,-7.216156807662264,11.022890278903612,11.491041772265804
280,5.038515418341773,-1.1181799707347768,-1.9464568747914783,-1.755195709754502,-7.987614439686379,-2.8494679708955424,2.067048009468165,0.4228871225381244,-0.05257490183975882,-7.384285058495055,-1.638527280503468,-3.599602563927541,-4.144187700219127,4.856090047540594,0.6270829224041645,-10.760159588734773,9.242759435052992,-0.3741441405224704,-2.640229043419437,-1.6829777743615164,30.541859442449777,0.39754140576017133,-14.26214858084252,6.912727519606095,8.044563332316999,22.0539734645872,-5.203700179081524,1.7834088250245983,-9.451216879630557,-10.386383423897882
281,-3.198052694131354,4.689101500770154,3.4212229649801884,-7.518727704200009,1.5939959702616542,-9.327085031412048,-0.21531370945513398,-2.681311812316289,-5.566102455132313,-3.6932637996548587,-2.4515589717067394,1.262432391535966,0.8406860164408457,7.502940915451353,-9.750248937518167,3.61829737239887,1.4980204669666837,5.570665621041996,13.209344556446416,-5.034016948094842,3.7433935383647,-2.004176734149595,-7.535516102774413,8.33015848803757,-4.634918312285695,-7.627177559065747,10.937352824059358,5.051646984393759,-6.261204309456031,-3.8805942500605983
282,-0.24618067289904297,2.6157189054585555,1.1071620505778517,-4.3527045575535634,-1.312805899746955,-4.6244285828922065,-3.991462855848898,-4.224173455391724,1.3540642133451228,-3.257843920403286,-0.3505935253157681,-3.5050965276605384,-1.836402981999056,0.9445724996081728,2.5819497334041777,-7.766552094703498,3.3453534934295703,6.761476943410069,3.652187106684579,-4.996651890175568,10.412593782002784,-2.4760933757205255,-1.186548835830909,-3.71301621062628,-12.108531581769377,18.610013706257643,4.002336678692306,-14.450846102336792,-9.29736985095138,-4.946147448582469
283,8.999348787331893,-5.4071776743655215,-5.284946957602413,4.079519753883036,-11.375683560292702,4.059191818350362,3.5051955297336486,3.2572051481553466,3.803471147448484,3.868139183835942,2.2555785121114553,-3.213659369147529,0.3812818591824465,-5.658976087191845,-2.4012480934621676,2.2452053636294123,3.0880353201668944,-22.12461062733681,2.7807717002723322,-6.490364260280618,-7.581060526312704,-1.4619871265836317,-1.0799314885550089,-22.777121854146813,8.934950642301104,7.747000755031321,-7.462183005524402,7.0271811129482185,0.4112883062128232,18.094377275036788
284,1.803569126974343,-1.0352480919882412,-1.1565575741355836,1.0636221488894428,-2.1543500044265205,1.4329825108766994,-0.7280723455992374,-0.20924098480271644,2.2267509965713255,-3.803490687362707,3.0602446256716482,3.430452303891064,-5.091049987714938,-1.964620019278663,-17.73418158667789,-1.6075977242733468,-0.7718095076430322,-2.281106531338968,0.8351759124128433,7.435389335531342,12.294110822439084,-7.5816924931786405,-13.065993556056286,14.314484673502308,-5.969149538409917,5.150098166519176,0.863336292809847,4.97478444873603,-11.716324350505658,-4.073743017859205
285,-13.309894159512035,9.97897763770717,8.610417785963822,-9.499036253788686,15.491809385188434,-9.756128130773883,-8.067728728089683,-7.996944737542077,-4.7426596117053545,-4.123643711055588,-3.2452386711350725,1.691796741389752,0.8944361373398,7.152445438028104,-2.4556752650757807,0.08075082716386586,8.825745126987217,0.1322955365188867,4.686555339462117,-14.98734122634042,1.4096036134235574,10.312488686268866,4.435798622912717,-0.7011450768406466,-10.397005010415132,-12.941780130556166,0.5101303182630847,1.5055705699777902,11.587166080760298,-1.0868472123972142
286,0.30056238812478187,1.3889640075753207,0.3022181971980216,-2.1831682218365223,-1.2321958907223123,-1.9221678079177171,-3.915181055217378,-3.417689434415089,2.733612453024038,0.480759704466778,0.03373359016892148,-4.71680372685422,0.10797748369929605,-2.0458447991446933,3.225089559227461,-8.382370026717362,-1.3713700928490558,-8.368183606229648,-6.192553546809821,-4.163073606229361,-11.83717875077966,4.99586072588785,-2.8770522478175806,-2.8296110961547956,4.65511427745883,-1.3753647988312885,-11.89769131164891,9.377709648911164,-0.5447857102575362,1.646436812971083
287,-8.513698991032836,5.903183547200503,5.559418780210205,-5.927882802256233,9.901898249650348,-6.817707670441202,-1.620476759706548,-2.7065223695939107,-6.224982607367073,-9.980195180737834,-6.345708474339345,-0.40869200116745336,-1.8081157754406338,13.065090226103127,-7.868605906948219,4.187025471907193,-7.802579660737577,-5.1719064543414,-5.876585410498423,9.372388711204149,-17.172751682225762,-17.597995768905704,9.511527863078923,-8.219749318039666,3.403370368322338,9.181528500574183,-5.529881593405665,4.572703003300316,-6.296602996312208,4.633109373716779
288,11.58043280556583,-8.94944151057817,-7.743031079088976,9.140719088943028,-13.103839446844521,9.87352190923178,5.726329684684803,6.416549615657279,5.838374747698126,6.763755276070921,2.1132041779349415,-5.321614330635723,1.4794332578199259,-8.403796148344613,3.3972902585012252,4.69464051619744,19.579727605755565,0.45573084491157373,-2.141485443936399,0.29607173493915123,-1.5496264468533172,4.404686193410256,1.830315007359875,1.681315216817888,-0.032402367234593665,-3.01007579605203,-4.945816245728505,-4.454314884920074,4.139894721660534,-7.4780170305048745
289,1.9579403564858207,-3.4837135430282093,-2.264148087009853,5.459742915614455,-0.6665755252619526,6.408117051397334,1.908647392452639,3.135288321154948,2.2256723684938464,3.0647239183083146,-1.3629505925703735,-4.133537413939989,1.7972211236071114,-2.166277050834861,9.133346580958726,-9.362873509883075,14.623317982698833,-4.873967182652604,-2.532449485692962,-7.559086907152109,4.855268653866444,19.248277962156216,-4.852892993185215,12.65323661357339,-4.646470053400845,-17.61568368214367,-8.377698815338,1.4590380615445724,3.357410011434487,-6.689229433561566
290,-5.994294023149131,4.906160867161363,4.216998931399733,-5.491411732315007,6.464356503615014,-6.234041348566837,-2.2052836912424514,-3.0932468576390084,-4.2457288408116085,5.531973205422828,1.5514088339528502,6.253411958879283,4.7591981680215865,-0.5935142833852465,-5.415812473977419,-8.888661118806265,-20.568963144486357,-9.613688172218804,-9.259993839154369,15.629269998656934,-4.607128405408136,2.5190920101530296,-1.3261991015379215,11.20715480459906,-0.47069130165614004,-1.3973759989829402,-10.339185909104183,5.939045095831869,-1.097059386773886,-0.6056832630164257
291,1.2325029458080794,-2.55346022726592,-1.178364259902315,2.959179653992366,-0.7066528950771137,2.333640577186025,6.283323476418482,5.180124833143627,-3.703271335091698,1.7521709196415343,-1.532973205229118,2.5212139900860278,2.4892669896011115,2.8358624133854664,-2.7542081779432586,10.36795708648548,8.988417311154668,-1.0384816582132348,4.233422335900553,-0.09143346519137091,-2.8074094574997717,9.78620575611144,7.808827510747042,3.7682026751702895,-16.658207925644113,-17.99317609065261,1.630877708563939,-8.61195388503497,8.281717201472839,2.969799717509995
292,9.315962199187489,-6.83125843952093,-5.8680452321520855,6.105351518630607,-11.07773765345395,5.946457569481699,6.555719694404699,6.0041046741677,2.1973078996258457,-1.9785056754148584,1.203877374720468,-0.628163117254676,-3.298271198318806,-1.2760899822493954,-3.0279780311160036,8.220886012713693,14.936313278842471,-1.8262105668411472,2.1069591209128005,-13.873275794705433,0.1306561277792951,-4.190388353447888,-13.449030427226248,0.8570786490051389,-15.47824265553662,-11.001238644569458,3.636860414970698,2.556811753840923,0.671664443339087,0.28613183309089607
293,-0.260299515192153,1.1444772012293134,0.5134395124396145,-1.7457711823619568,-0.287595240292236,-1.7733072701251391,-1.9503239585455516,-1.9166193535424942,0.6739765705315777,5.569769015845209,4.117975269436902,4.217868257849746,1.9046767633859794,-5.739336685322251,-0.5885758711555013,5.128223069755226,-10.271744971180448,2.673514540158619,9.283038613982091,5.0065345215857375,7.787961537156897,-0.01803739478818288,-4.363060831974008,-5.145400443413676,13.967973081206367,6.376597584111112,11.719950727107744,1.0563729786704124,-3.3925663814870965,8.17085594138603
294,-4.148728978779688,4.4519825905106245,3.566989098129495,-6.285205616002064,3.4591912914548564,-7.685497895385728,-0.44193753101295474,-2.3239568318740607,-5.289269619184581,5.604154676627137,-0.5037240858128,2.860954053517213,6.332002474083963,1.697508308260341,-3.511861812938503,-0.873233887995249,10.302606131948995,-2.506629674613421,-0.3700307883959658,-16.38856298808103,4.591955242316586,0.2699240684188298,-11.929130176420951,-4.161128130757427,-27.94680992425528,-18.702308453862244,1.9514170232519543,-13.738165600700842,5.801305497703944,-1.4228986125621144
295,-6.86132506662927,2.9700598748237863,3.5918719427258443,-1.1637602251768773,9.415237583340613,-1.0603356066842173,-0.7128877019828074,-0.47134044814912307,-3.694162040197289,6.217232453099198,-4.88317491353257,-3.606144586867852,8.103281750646095,2.899688574672607,2.398173007527858,-9.562913868119015,16.272226755717504,-5.0174024172398894,9.813966751924957,-19.613472140124784,-1.3932987407072193,5.7634452759465065,-4.888128018339778,13.92815380681204,-14.7698231658201,-14.656374109393663,-7.768049461307348,2.523906693855452,0.3115396202036109,-0.5286145174972618
296,8.297781184192317,-7.052924544387934,-5.902614015943797,7.946549380828007,-8.826319092207035,8.883315844258615,3.8947100317847845,4.967537281552666,5.048477196643034,7.455953377024499,5.281744111254583,1.7444247278897091,0.4835272019816784,-10.487628259862978,-3.158118821156457,7.993759272969382,-1.4444446871889227,6.383184170912993,2.4506762684171814,12.522942103940382,-12.237777053417133,-10.601118965796669,-1.7645038617302624,15.660190792079087,7.5093175233138565,7.218012199449231,-1.4362094562740921,4.267476971938412,-2.9775125879269146,3.5257559643004326
297,7.62816700894056,-4.884281325124395,-4.764389669083054,4.448843469533907,-9.218043088908862,5.0097530470186875,1.498066100873411,2.1417579165345413,5.04180193127213,6.334137302416293,7.452922709968865,4.4454885717306905,-1.0540187162158958,-11.34865120972703,-11.051101148810584,12.049410068696181,4.4934537016403775,11.371537319109526,4.715418825467061,9.194506493441873,-10.533790709584512,-0.31024860371524016,6.844472264120638,11.029985952876691,-16.757810542820696,-13.923111400281647,7.483649158883876,-3.6839551381697913,6.625177139526154,8.593463600282325
298,2.55547527250405,-2.093388451494446,-1.9641923986912009,2.8133781467599057,-2.530490108625245,3.669959329704364,-0.9867508176829248,0.20887728601116598,3.7923851279710172,5.872585771808488,3.4609540230252427,0.17066459203205092,1.2420372516149123,-7.703190335020784,-13.722364503900003,-7.174787788342926,5.789259803563072,-19.563365283160888,-0.3166745787714256,-14.592930548233836,9.039783481399422,9.890347712924815,0.5732616732479991,-3.8400740148249812,-10.739763089864823,-10.645244978357091,-4.78829704128052,12.149443423608485,0.3583008125365825,1.8975911670305485
299,-4.4919534262000695,0.6987794354621841,1.688843966430553,1.8794457239821443,7.222866243968859,2.6604980052396088,-0.5592574035475557,0.5913275726433409,-0.8759960135659232,1.836761912081072,-4.257391933721852,-4.3376303251833335,3.5511726134003045,2.3925493440499928,-3.818475826886429,-11.16447701387943,7.059623594748814,-10.387245396978948,5.845065295040222,-11.456872889656747,-4.470188816329307,15.479877939967052,-13.224840741715042,4.015577577807997,-15.532464097583423,-8.622047973278047,-7.393788039358705,-4.147355652595002,-2.8258064739639015,-9.264946861054142
