,x0,x1,x2,x3,x4,x5,x6,x7,x8,x9,x10,x11,x12,x13,x14,x15,x16,x17,x18,x19
0,0.42199937,-0.323386,0.91162646,0.875787,0.51943,-0.4971433,0.6795578,-0.3765335,0.7531367,0.9747932,0.057996716,0.01703055,0.2865605,0.29494682,-0.8443854,-0.855959,-0.66525507,-0.31316426,0.24374877,0.6568981
1,0.589644,-0.23905219,0.94406533,0.9143805,0.37117547,-0.015208925,0.9609407,0.5554145,0.2306271,0.79403806,-0.1593837,0.57340825,0.553635,0.16753754,-0.39019966,0.16267955,-0.38894826,-0.24658234,0.04213226,0.8815657
2,0.50386983,-0.2311418,0.94930583,0.9643339,0.23855796,0.49404824,0.6340542,0.526896,0.4233515,0.6092117,-0.3031211,0.34881714,-0.52640337,-0.24799594,-0.5774616,0.7202891,-0.942723,-0.705477,-0.06571671,0.7086412
3,0.51219386,-0.17933744,0.9297913,0.901627,0.6241775,0.6248292,0.03360823,0.47214067,-0.17041656,0.7957591,0.032090332,0.28160802,0.36059728,0.31124577,-0.58577454,0.07462473,-0.6392339,-0.035210688,0.56678003,0.79494905
4,0.5747513,-0.23666488,0.96868277,0.8336474,0.31004906,0.24113536,0.35780764,0.701976,0.583834,0.92918456,-0.03791869,0.6811069,0.7633383,0.6441519,-0.53974444,0.63427156,0.38338894,-0.371353,-0.26478755,0.34599844
5,0.39002627,-0.20184718,0.9791512,0.8882757,0.23609012,-0.21417847,0.697206,0.27697363,0.082545996,0.44319004,0.38303643,0.10919796,0.68861544,-0.0596536,0.63368434,0.6448584,-0.9689152,-0.33832103,0.10740794,0.82802606
6,0.59216166,-0.3285005,0.9103501,0.98600084,0.3573249,0.5238762,0.8050721,0.7902697,0.26467496,0.73168045,0.44111073,0.529151,0.99645716,0.38452408,-0.309011,0.56024253,-0.44219092,-0.13887556,-0.42093426,0.2849491
7,0.5684629,-0.18698464,0.9696697,0.9714288,0.3748867,0.32339776,0.48383403,0.7862343,0.23655914,0.9652541,0.2136987,0.37417492,0.2857439,0.45306435,-0.54043686,0.58296114,-0.4405822,-0.46634468,-0.2582591,0.59106207
8,0.54566157,-0.23677903,0.9453739,0.90257543,0.38794726,-0.42619127,0.9242535,0.088742994,0.80123466,0.69296855,0.24108638,0.08525344,0.79610777,0.3988157,-0.5561563,-0.40093035,-0.7453084,-0.14447086,-0.23068309,0.7591678
9,0.5735766,-0.29262024,0.96685797,0.9310117,0.37673414,0.24906799,0.77357584,0.6026399,0.41050908,0.68336064,0.08721989,0.5878706,0.33681306,0.5688853,-0.56958693,0.57659197,-0.15834492,-0.35771972,-0.14878719,0.9336443
10,0.6770524,-0.34328383,0.9513084,0.9590847,0.36843207,-0.21209413,0.98785377,-0.015742103,0.3743266,0.60223395,0.21910731,0.320408,0.43949193,0.1260724,-0.4725222,-0.4283407,-0.78763413,-0.012241685,-0.050253242,0.78425837
11,0.58511984,-0.2854193,0.90044457,0.67843723,0.3667285,0.40040067,0.86569315,0.07947228,0.50377256,0.37543678,0.484778,0.38113654,0.8089741,0.08886559,-0.9518761,-0.14884692,-0.2778598,-0.36497387,-0.34356228,0.4609404
12,0.4841323,-0.3683722,0.9703444,0.8564152,0.3681557,-0.17929728,0.8898898,0.1614877,0.018975902,0.79667354,0.521799,0.20574541,0.8551152,-0.21502535,-0.67662245,-0.36945832,-0.24148235,0.10878913,-0.16458295,0.7868174
13,0.40217212,-0.29910243,0.92281556,0.9946028,0.48927775,0.6115018,0.035009757,0.49774632,0.35178846,0.5855985,0.05056192,0.5050343,-0.4034826,0.42685482,-0.2983749,0.8408259,-0.9380502,-0.6951089,0.16716877,0.94089806
14,0.5796929,-0.16821134,0.9814343,0.8332853,0.338601,-0.035957508,0.65185905,0.0027189755,0.8018934,0.6494795,0.20349932,0.49929565,0.481767,0.41869342,-0.84910846,-0.37279508,-0.40954503,-0.5341593,-0.25707573,0.4638743
15,0.7139293,-0.26469487,0.93401504,0.9679969,0.38793746,0.013864372,0.52802944,0.53665984,0.48779804,0.52790046,0.1616013,0.42476055,0.5988528,0.7679437,-0.8688612,-0.2180846,-0.15873805,-0.5037096,-0.54124445,0.34738404
16,0.5210885,-0.39343548,0.92038304,0.9884517,0.4843153,-0.37810302,0.32530653,-0.038105905,0.5678819,0.9181553,-0.124375075,0.19270873,0.622835,0.9878481,-0.6770285,-0.20209256,-0.12977019,-0.4417384,0.1665186,0.8705609
17,0.5420965,-0.3885028,0.93671095,0.83906215,0.32138062,0.57522887,0.4338674,0.96119744,0.062939286,0.9709217,-0.419007,0.4483596,-0.33532143,-0.055560697,-0.7612163,0.8302491,-0.39391905,-0.4781894,0.16657181,0.5023507
18,0.62777835,-0.33821496,0.95093983,0.96279395,0.43380898,-0.31032285,0.8028646,-0.07227232,0.6876036,0.72679126,0.12401295,0.62099844,0.36277175,0.2944342,-0.5522299,-0.6379125,-0.60861677,-0.39814475,-0.56807077,0.57485956
19,0.7616814,-0.33091137,0.974853,0.9137712,0.46713495,0.50046974,0.5731121,0.5513675,0.23055264,0.55659425,0.21620598,0.4113553,0.57926124,0.5655697,-0.48669547,0.3440259,-0.40589336,-0.5179646,0.29939476,0.9865191
20,0.5531747,-0.47505203,0.94029325,0.8851476,0.25873157,0.6772654,0.8061918,0.6535965,0.22263312,0.4176928,0.120877504,0.48735437,0.9978449,-0.25131017,-0.0861861,0.37727463,-0.95619977,-0.38867378,-0.1400132,0.67195714
21,0.5673644,-0.38930652,0.9486851,0.9263983,0.44156775,-0.47005054,0.19825709,-0.11539866,0.7980826,0.8977178,0.12984955,-0.07577759,0.7339175,0.21161675,-0.2071458,-0.12685663,-0.7057194,-0.4046259,-0.1874032,0.96282256
22,0.558143,-0.31583276,0.97405326,0.89501154,0.5062864,0.61340094,0.7579471,0.43021777,0.5276602,-0.044406984,0.49062324,0.53838295,0.46963745,0.5981162,-0.22989266,0.48150888,-0.65917236,-0.9452793,-0.38161746,0.9031956
23,0.56206703,-0.17203395,0.9687434,0.9460647,0.33915493,0.08288564,0.40490094,0.33643487,0.40687287,0.7198468,0.038898155,-0.023660589,0.4860973,0.030556249,-0.9400343,-0.30032635,-0.6515593,-0.3557824,0.11183185,0.51047474
24,0.5372985,-0.23764881,0.9053008,0.89831275,0.470064,0.4510408,0.6552167,0.63724744,0.12129108,0.2968075,0.40404773,0.3896562,0.6093577,0.83709687,-0.35076892,0.5310236,-0.055060744,-0.5289828,-0.15776432,0.84663457
25,0.6880304,-0.3054846,0.94901633,0.9909225,0.25844157,0.241962,0.8106745,0.435283,0.54550415,0.9377766,-0.045395598,0.43113837,0.18804432,0.45289412,-0.7990917,0.061608583,-0.33209714,-0.57576716,-0.2062083,0.51793236
26,0.58115506,-0.2728904,0.9593795,0.8708111,0.34627992,-0.3338844,0.40138987,-0.438144,0.6836089,0.64247465,-0.28234822,0.18411452,0.00077662984,0.3641908,-0.3686966,-0.042987123,-0.6249236,-0.6248345,0.10727472,0.6800664
27,0.64890516,-0.34647918,0.9775198,0.85966814,0.34684384,0.29125735,0.53712064,0.4913521,0.29033828,0.7401743,0.4033209,0.4069599,0.9901577,0.59014463,-0.32603338,0.11423297,-0.5724605,-0.18177354,-0.45387354,0.9334741
28,0.4425357,-0.423205,0.97862697,0.95768166,0.39737335,0.24651535,0.6763288,0.13785319,0.96037406,0.8445442,-0.115363866,0.6043717,-0.20719978,0.26329327,-0.97503626,-0.074239194,-0.53986996,-0.54448944,-0.081877686,-0.015741404
29,0.60685307,-0.12811016,0.9747801,0.9285819,0.25557607,-0.47683087,0.6605238,0.0201427,0.5867149,0.98302525,0.11111086,0.48452467,0.1483629,0.2513078,-0.6648352,-0.37238157,-0.41368103,-0.121620595,-0.03859635,0.62268823
30,0.6176677,-0.23587257,0.96294844,0.96142405,0.29193377,0.24292345,0.9506789,0.20837583,0.30649623,0.2637297,0.44373265,0.48617992,0.6958879,-0.28992265,-0.3297093,-0.14204717,-0.9955497,-0.20310892,-0.5612659,0.90841043
31,0.5497926,-0.30808666,0.9643043,0.8916047,0.30685636,0.5218656,0.7211184,0.70911676,0.4411332,0.61980987,-0.063304216,0.41753381,-0.25640646,0.44688016,-0.86958843,0.70780015,-0.57581997,-0.35953167,-0.022950513,0.6112743
32,0.58528286,-0.48071128,0.97304237,0.931255,0.7188313,-0.60362935,0.6026938,-0.39101288,0.6833838,0.1873772,0.38901585,-0.18473575,0.7846339,0.20292976,-0.6199336,-0.8944177,-0.7124708,-0.49079323,-0.2517923,0.70065427
33,0.64503896,-0.22888193,0.9428443,0.8430465,0.42149088,0.05579925,0.7853408,0.4164614,0.2831875,0.1612291,0.50167626,0.21429762,0.72842175,-0.17824133,-0.17908391,-0.06538944,-0.62072235,-0.029101972,-0.11035499,0.97265923
34,0.5574575,-0.23460461,0.9521487,0.85718787,0.08254824,0.38450733,0.4752389,0.5394246,0.22913933,0.5181091,0.29235134,0.16953762,0.316044,0.21308182,-0.3989141,0.4184742,-0.50549,-0.36801663,-0.2910108,0.46878022
35,0.60050374,-0.22560494,0.95865816,0.7787572,0.28571245,0.5947037,0.84700453,0.5301202,0.389392,0.8562521,-0.04198932,0.5690153,-0.22358498,0.10240131,-0.6992975,0.5766285,-0.26445696,-0.2618544,-0.10464192,0.48370844
36,0.58568645,-0.23001947,0.9759472,0.97684854,0.4166335,0.036211938,0.6767411,-0.013053674,0.55505764,0.80197805,0.4361027,-0.11679974,0.6619622,-0.24461782,-0.38618514,-0.23525019,-0.85849726,-0.23697102,-0.14111732,0.8549674
37,0.5760342,-0.22480646,0.9698129,0.97631556,0.27347156,0.3881141,0.7608014,0.66573054,0.49807167,0.58555335,0.46894938,0.8611067,0.9041145,0.6283319,-0.2817024,0.49504447,-0.18984011,-0.21795847,-0.82312775,0.59831053
38,0.6503431,-0.23345263,0.9684619,0.93317676,0.34353545,-0.15875192,0.17821433,0.5825798,0.026375884,0.6976836,0.5668688,0.5273505,0.7052915,0.7471305,0.0055863955,0.29183984,-0.758563,-0.104011536,-0.25306982,0.96599054
39,0.4980582,-0.18534692,0.97672355,0.93053216,0.23066218,0.46808904,0.9110617,-0.37831855,0.9537055,-0.32396507,0.514725,0.3500252,0.46979883,-0.11092865,-0.6669077,-0.21572104,-0.6692457,-0.8977962,-0.12599756,-0.14031327
40,0.45976698,-0.089190766,0.9777224,0.9865392,0.15298244,0.5762815,0.3932831,0.6307976,0.23116873,0.57698035,0.47659722,0.22235405,0.6534981,0.19893925,-0.72921556,0.23854095,-0.78822875,-0.116703406,-0.04967935,0.7639638
41,0.5267357,-0.19256413,0.9571502,0.9885768,0.10474881,-0.0827039,0.44668218,0.19257188,0.56325036,0.8492074,0.19884886,0.17630444,0.41788703,-0.1102393,-0.45080146,-0.020704499,-0.9197076,-0.30844042,0.011977073,0.5935288
42,0.6806386,-0.1958835,0.9736191,0.97195774,0.40041068,-0.010040355,0.6276799,0.74278927,0.6487637,0.7759995,-0.16938949,0.88276964,0.26438683,0.41950852,-0.007020267,0.9516904,-0.23865004,-0.7416438,-0.3299767,0.6134743
43,0.5403654,-0.20371018,0.9735686,0.6645853,0.35491616,-0.17166877,0.86684036,0.38357225,0.56526977,0.8582475,-0.4861558,0.48817402,-0.0040449942,0.20472673,-0.876124,0.18176623,-0.4308666,-0.5166184,-0.01318311,0.4545115
44,0.5836967,-0.32877567,0.9408533,0.95693266,0.4819802,0.4042431,0.962012,0.76636857,-0.036127426,0.7298,0.33411896,0.6765958,0.58526784,0.21315424,0.24308224,0.94216746,-0.16069743,-0.30424798,0.06929944,0.8587699
45,0.6033744,-0.2238734,0.9810137,0.92106736,0.2095757,0.40146324,0.98105997,0.11568145,0.52987915,0.30887565,0.508704,0.1260434,0.46997938,-0.12624423,-0.76703733,-0.13671021,-0.9069769,-0.49356696,-0.61127365,0.5888068
46,0.812254,-0.2782066,0.9752295,0.98660713,0.23204318,0.44845733,0.6435516,0.7020092,0.39809722,0.3206923,0.78202283,0.34993318,0.5775074,0.5366794,-0.56056076,0.35125208,-0.45735994,-0.4502997,-0.47969612,0.8613633
47,0.5626785,-0.1652394,0.9800525,0.91700965,0.23654035,-0.53070265,0.85490125,0.15192692,0.8497546,0.5567674,0.33853,0.72301954,0.96933156,0.33455613,0.13533337,0.3059876,-0.69915646,-0.3640013,-0.36342543,0.13342151
48,0.6982756,-0.40654185,0.977824,0.94676596,0.31529403,0.61619306,0.635191,0.3577097,0.594049,0.48032892,0.41596475,0.5141335,0.28775272,0.4806379,-0.89499307,0.08153525,-0.70202005,-0.5066905,-0.52692664,0.6817046
49,0.6395742,-0.35513085,0.9709289,0.92445415,0.508452,-0.0025254523,0.6615332,0.1748614,0.6984585,0.42311054,0.31485835,0.80219454,0.8485484,0.93674296,-0.6238419,-0.0703944,-0.39053705,-0.52492356,-0.531743,0.67845577
50,0.58557725,-0.26747063,0.9317603,0.97110754,0.17613593,0.28822204,0.6936742,0.40480912,0.56812185,0.5655755,0.14435728,0.15966207,-0.06221127,0.18958738,-0.7873219,0.17780817,-0.9444843,-0.35050756,-0.31072366,0.851325
51,0.68597573,-0.22385873,0.91926336,0.9945788,0.6399102,-0.1869831,0.60975933,0.588091,0.17364873,0.8920648,0.1475973,0.47587913,0.51009536,0.4360112,-0.124332584,0.7304952,-0.48823965,-0.6527493,0.46281776,0.87819386
52,0.50723547,-0.16454023,0.94412714,0.9634821,0.44622394,-0.2867889,0.06209809,0.19721468,0.7805952,0.97963387,0.22432607,0.21972364,0.5388732,0.32984906,-0.22628854,0.37654456,-0.5296642,-0.53466976,-0.2601828,0.8141934
53,0.67884594,-0.089676104,0.9659703,0.99144965,0.4538019,-0.11357249,0.50196165,0.3011333,0.3866473,0.818643,-0.14776364,0.055500045,0.436387,-0.09900018,-0.40867677,0.21608312,-0.43432578,-0.18031278,0.29308394,0.75740975
54,0.6039298,-0.42906144,0.9734613,0.9582836,0.4740965,0.042067595,0.43881458,0.52476454,0.16493341,0.6808307,0.108505264,0.36247975,0.80997837,0.6356658,-0.36215314,0.4221077,-0.40499532,-0.5137982,-0.016690979,0.70197165
55,0.51644516,-0.4086648,0.94788,0.8639524,0.47936425,0.3284378,0.15519972,0.8659697,-0.21825294,0.9698288,0.39951095,0.50199556,0.65991354,0.7897795,-0.5828718,0.45175397,-0.25444117,-0.17035864,-0.3639634,0.8595292
56,0.5996715,-0.18383443,0.96892023,0.83515316,0.311431,-0.2214559,0.30583072,0.2465289,0.36413074,0.4293151,0.35628387,0.19322363,0.5051977,0.25775585,-0.24494787,0.022718258,-0.62927103,-0.20973913,-0.11049211,0.7791658
57,0.5870994,-0.28937018,0.9565422,0.97650075,0.10321565,0.13964663,0.7833353,0.35444707,0.34575716,0.38301644,0.32642427,0.1046047,0.31716228,0.034658983,-0.37003264,0.28139922,-0.8394538,-0.33829278,-0.3530273,0.7309705
58,0.5428374,-0.19294117,0.96441454,0.8792898,0.42394462,0.5166634,0.9562241,0.28719088,0.45494995,0.24478684,0.20068505,0.36572796,0.48657808,0.5178278,-0.43230486,0.31104085,-0.4454311,-0.60056585,-0.05637344,0.87056065
59,0.72162366,0.022159534,0.9606501,0.9408253,0.3247341,-0.124147296,0.031481523,0.17351755,0.49619785,0.54307145,0.6363975,-0.013355438,0.8235758,0.8839337,-0.73918056,-0.54073405,-0.69922477,-0.23853682,-0.383054,0.6242468
60,0.5608895,-0.21979132,0.9733245,0.8683873,0.33483493,-0.10568663,0.73379946,0.096697226,0.3206415,0.98314023,0.17080298,0.16518672,0.20784038,-0.116837755,-0.9408036,-0.50105125,-0.59892493,-0.36930838,-0.45816812,0.63930666
61,0.62431717,-0.26362467,0.9233267,0.8827814,0.15725166,0.683774,0.59210604,0.93315864,-0.021773111,0.6236404,0.34046674,0.75000566,0.4433139,-0.012183222,-0.053221617,0.9332976,-0.6213579,-0.2288032,-0.33072516,0.3853438
62,0.7622731,-0.42724013,0.9821226,0.88452166,0.37963822,0.7602598,0.9479907,0.81329453,0.33473,0.4763859,0.48889825,0.5928133,0.20310098,0.44408488,-0.41565984,0.8602478,-0.61335415,-0.43926343,-0.4518973,0.96196127
63,0.6473332,-0.29612547,0.9208074,0.9313235,0.4638859,0.32067496,0.8511099,0.38402706,0.35088292,0.8366814,0.15377058,0.7441022,0.5483112,0.3794309,-0.34343538,0.23621991,-0.34828246,-0.38322923,-0.107377514,0.53998435
64,0.6125892,-0.19888896,0.9596911,0.9837458,0.12060264,-0.0049075964,0.6175979,0.54678917,0.12897447,0.6554688,0.14968345,0.2809356,0.24875796,-0.27117485,-0.43485877,0.18086794,-0.51119876,-0.2822111,-0.3557328,0.4132114
65,0.68026483,-0.3853985,0.97392666,0.9539017,0.33947667,-0.20894898,0.47348237,0.18821713,0.5693237,0.6015632,0.38521296,0.5312343,0.8513689,0.8552029,-0.55588907,-0.03926672,-0.18419798,-0.6450395,-0.433484,0.88628644
66,0.6899344,-0.3725151,0.9784042,0.93338025,0.35465944,-0.17700212,0.66998005,-0.15469037,0.5882914,0.721891,0.70141584,0.13252799,0.9669506,0.6772192,-0.62172955,-0.6295339,-0.7430741,-0.2223852,-0.4569493,0.8713055
67,0.6308387,-0.17275095,0.9735542,0.8384733,0.30770946,-0.16127262,0.61892366,0.4106884,0.1703679,0.8114465,0.29831722,0.31968802,0.9299309,0.8091784,-0.7089276,-0.24154797,-0.079050004,-0.19507734,-0.35047618,0.7594162
68,0.41050723,-0.3729947,0.9776811,0.82977474,0.16465646,-0.31260225,0.94684637,0.49410316,0.038966734,0.9422728,0.040338766,0.3251328,0.52432436,-0.25677943,-0.46762404,0.22511171,-0.48700872,0.079631954,0.0045027337,0.18995331
69,0.47167626,-0.2443946,0.96367687,0.9486856,0.0952885,0.6352299,0.9853035,0.57573503,0.11697001,0.47865263,-0.12968355,0.09287013,-0.27487147,-0.26591972,-0.55631053,0.74480146,-0.7373769,-0.38004676,0.015101687,0.8152963
70,0.7228408,-0.22645605,0.9747054,0.7915234,0.3323047,0.24269657,0.9524564,0.46916524,0.6693752,0.9828006,-0.32030785,0.15367408,0.17397729,-0.43030202,-0.90262944,0.09629396,-0.24340162,-0.6050413,-0.019592756,-0.016483646
71,0.5131446,-0.04523047,0.9664414,0.97392184,0.34971714,0.76848036,0.36491224,0.32065898,0.44218627,0.52203566,-0.13282752,0.41329122,-0.4744366,-0.10704696,-0.8656946,0.43193892,-0.933377,-0.6608514,0.014698868,0.5443601
72,0.54927325,-0.14758761,0.9724886,0.90621626,0.3198619,0.32998857,0.62749994,0.63598996,0.13176772,0.8233956,-0.052627396,0.43604735,-0.10179881,0.17830074,-0.76137125,0.6931837,-0.52289367,-0.36063975,0.15413404,0.65823525
73,0.6960359,-0.3330862,0.9735674,0.9278904,0.29191035,0.017630568,0.80216,0.24567877,0.5746198,0.7474147,0.3843002,0.39404568,0.37851968,0.79212755,-0.6957092,0.14008668,-0.42799097,-0.19613577,-0.22353727,0.8795843
74,0.6195438,-0.24982865,0.980904,0.87296146,0.3012829,0.65535885,0.33605695,0.7838036,0.3935304,0.53595227,-0.09404921,0.5723139,-0.8153626,0.18690065,-0.9099001,0.8697922,-0.49659136,-0.55809224,-0.026984353,0.83263344
75,0.5855472,-0.20168906,0.9540018,0.9537348,0.29824203,0.06412462,0.95371604,0.2260312,0.9639397,0.7048475,-0.20893364,0.870302,0.10237324,0.071320295,-0.8414019,-0.13582821,-0.33860472,-0.8113412,-0.19727059,-0.6813999
76,0.5269939,-0.18461312,0.9486129,0.9989559,0.49727583,0.3047281,0.5320773,0.5439357,0.40289482,0.91559356,0.033198055,0.25073737,0.42651,-0.18112995,-0.42315614,0.18069959,-0.65709734,-0.35482532,0.22686717,-0.04150585
77,0.515721,-0.3462384,0.9521729,0.8931504,0.22379938,0.36522007,0.8501774,-0.28381383,0.59308416,0.84658766,-0.032793153,0.17400074,0.09219177,-0.72133493,-0.7407206,-0.060566463,-0.84994507,-0.34881234,0.18301181,0.023335863
78,0.5082523,-0.2297041,0.9458862,0.90302527,0.15774736,0.2164266,0.2916074,0.8222766,0.41747707,0.9522435,0.3233559,0.8595354,0.69256276,0.46501598,0.10306798,0.7273939,-0.48115265,-0.37839937,-0.60506904,0.8227329
79,0.7494848,-0.16223656,0.97104514,0.8835788,0.4559641,0.23314777,0.215915,0.37598544,0.1702863,0.6724998,0.26860562,0.044589616,0.573543,0.406299,-0.8869607,-0.42305085,-0.027702244,-0.24857242,0.1571777,0.9471257
80,0.563924,-0.24997444,0.9388617,0.94722444,0.32866085,0.32276407,0.746393,-0.07575254,0.62994725,-0.08949148,0.8846429,0.011996257,0.3062849,0.31139016,-0.9207732,-0.3971524,-0.69435805,-0.5414411,-0.2952603,0.8798326
81,0.44723615,-0.21083988,0.97369295,0.88265663,0.47038707,0.54743344,0.529343,0.686091,0.048771452,0.0949946,0.6489126,0.2749377,0.7458623,-0.1706277,0.2824733,0.47888017,-0.7079047,-0.22615573,0.046176173,0.69096154
82,0.5879835,-0.21732254,0.9330586,0.9239945,0.18063973,-0.35063326,0.8128674,0.6120951,0.7593389,0.85823274,0.19744706,0.4361828,0.8618624,0.6207541,-0.14247699,0.5494377,-0.5040064,-0.55705565,-0.77086145,0.43857566
83,0.54579663,-0.27871668,0.97249436,0.7523754,0.28855744,0.48659915,0.947891,0.45157656,0.4428716,0.67497826,-0.2463435,0.74078834,-0.07208904,0.10949255,-0.6350372,0.14674687,-0.55510527,-0.7243597,0.120152004,0.20895001
84,0.61267734,-0.195548,0.9680942,0.8674506,0.22729082,-0.032173526,0.65597713,0.26201493,-0.09510522,0.93547404,-0.57877797,-0.040601067,-0.3398888,-0.25678134,-0.56709224,0.47204626,-0.7426128,-0.29510683,0.53065777,0.6864292
85,0.59948915,-0.27583137,0.98155594,0.96591616,0.4687434,0.8020575,0.849022,0.89168596,0.19093716,0.9116031,-0.18444042,0.8458549,-0.06342438,-0.25201315,-0.7053921,0.95422477,-0.6639423,-0.37900805,0.4262325,0.606236
86,0.48739648,-0.23827602,0.9728017,0.89496195,0.15600483,0.6513409,0.7051319,0.92911386,-0.09785685,0.5276447,0.075099975,0.23462701,-0.7654581,-0.05635887,-0.31295398,0.8502051,-0.9799617,-0.09187421,-0.26562592,0.8638426
87,0.62469405,-0.104262784,0.96768576,0.9839698,0.4260469,0.18648596,0.93379563,-0.20199676,0.7080548,0.39603263,0.06614933,0.33829585,0.84055454,-0.38471204,-0.43940067,0.18841404,-0.27052906,-0.3889493,0.076171234,0.19814889
88,0.4651465,-0.29490513,0.947274,0.83400536,0.3901599,0.32413825,0.509866,0.4268466,0.26315725,0.19886875,0.18640092,0.36734343,0.51332307,0.24844877,-0.4389736,0.24891816,-0.34031186,-0.42782763,-0.17686819,0.89112616
89,0.64784694,-0.28008565,0.92513937,0.93195814,0.44275075,0.0108926995,0.7969515,0.93039715,0.38485867,0.5437033,0.4726207,0.4468582,0.72064185,0.56211,-0.60959804,0.46722347,-0.67792356,-0.3268037,-0.22056457,0.8251117
90,0.6244738,-0.17165567,0.96562326,0.8900157,0.41238928,-0.11830127,0.26853532,0.7403566,0.3441842,0.9685507,-0.23985566,0.56476474,0.373883,0.71668535,-0.7032732,0.3651557,0.1520436,-0.44625318,0.118262514,0.61087054
91,0.6932816,-0.23510474,0.9508321,0.9463315,0.17550203,-0.054452676,0.65148187,0.6913624,0.22447154,0.92754954,0.066943094,0.5287957,0.6509154,0.25069964,0.122392334,0.87785554,-0.22541519,-0.38444212,0.11173833,0.9292934
92,0.5584797,-0.3267595,0.9237972,0.8437794,0.53063685,0.2844255,0.65308917,0.6159764,0.02322345,0.851754,-0.14179242,0.34538785,-0.1416082,0.2877674,-0.61021996,0.5002603,-0.4490106,-0.243627,0.23356976,0.94985664
93,0.52415633,-0.2841012,0.9421771,0.9942957,0.29150203,0.16874266,0.5395752,0.2965029,0.37196994,0.8108772,-0.12581965,-0.09932419,-0.06850486,-0.94315386,-0.70689166,0.08302487,-0.8148666,-0.12488345,0.2345212,0.5347105
94,0.5385603,-0.27312607,0.9632956,0.9923869,0.36354163,-0.134451,0.2943282,0.1422215,0.07821531,0.9120071,0.011214136,-0.0008585478,0.3224367,-0.30778834,-0.108867824,0.13972665,-0.6983031,-0.11966332,0.3631691,0.8881753
95,0.6080462,-0.14072032,0.93694824,0.9178686,0.42297515,0.46517733,0.96402425,0.79838485,0.43337855,0.43399832,0.14502211,0.36602244,0.7141474,0.47851098,-0.9449868,0.23323962,-0.32058617,-0.41443452,-0.03566156,0.3945002
96,0.5590491,-0.21808803,0.96893686,0.8973655,0.42818508,0.31583548,0.6836097,0.75482553,-0.0013397802,0.70130414,0.1715156,0.41990724,0.4564995,0.24271157,0.04999687,0.6972415,-0.8070463,-0.25172034,0.29955977,0.78657013
97,0.5686228,-0.23457122,0.9379648,0.8857701,0.27094227,0.26685128,0.09603996,0.74825114,0.23991872,0.780011,0.1916218,0.6117739,0.42542383,0.6757077,-0.10823163,0.9510392,-0.32562014,-0.441433,-0.3115884,0.90577126
98,0.6058508,-0.245517,0.9799649,0.87123346,0.3402773,0.5338237,0.9885954,0.45952696,0.565888,0.6814835,0.42965496,0.61458683,0.4422686,0.73155814,-0.90936846,0.040160652,-0.486405,-0.31596282,-0.4184438,0.8640955
99,0.47004682,-0.24633332,0.9491551,0.836535,-0.086093806,0.811956,0.7956144,0.5150321,0.37107816,0.18868074,0.37817872,0.32914707,0.1648315,-0.15541403,-0.5370054,0.5038384,-0.9767123,-0.47824192,-0.22674625,0.34093925
100,0.46509668,-0.30842,0.94391334,0.84141904,0.32759792,0.26678643,0.56510055,0.35377753,0.2891029,0.6457,-0.010674082,0.45110777,0.058220632,0.042623207,-0.47876662,0.21946046,-0.28633302,-0.40856814,0.027795672,0.96886456
101,0.5083059,-0.32784572,0.97276264,0.96089464,0.34348905,0.36337176,0.37259042,0.81952995,0.14687817,0.67794305,0.19145831,0.59484106,0.55459654,0.30963466,-0.07394794,0.88921016,-0.15664183,-0.5941364,-0.16421483,0.7150586
102,0.5837548,-0.25504398,0.9794813,0.9082569,0.4116552,0.52635556,0.8087133,0.9037202,-0.03929839,0.70200837,0.20903914,0.40533873,0.4798592,0.34234798,-0.56386894,0.5359559,-0.5491164,-0.15286656,0.31486306,0.57873124
103,0.5911299,-0.35311678,0.9515733,0.91612244,0.25653455,0.27813962,0.45177054,0.6174561,0.100194804,0.9443614,0.04047599,0.15921678,-0.23324884,0.106594816,-0.24643318,0.80858177,-0.7896113,-0.19656067,0.049384285,0.97613966
104,0.49075872,-0.24789721,0.94212437,0.82404727,0.122563526,0.12075938,0.25825226,0.26654676,0.45399213,0.30281755,0.56355184,0.5129081,0.835444,0.56908345,-0.06668732,0.21968937,-0.33104053,-0.57195234,-0.32195044,0.94100785
105,0.6893552,-0.23127452,0.9743757,0.9872825,0.46498555,-0.24653034,-0.017498735,-0.23942475,0.59074104,0.08369255,0.60540384,-0.15256715,0.97568244,0.7432696,-0.74740005,-0.6371721,-0.41880852,-0.74996716,-0.33175737,0.67120886
106,0.7596631,-0.2978756,0.9743663,0.9317329,0.2515874,-0.014412438,0.64671224,-0.4363883,0.74093235,0.66213685,-0.044863738,-0.57856274,-0.36097318,-0.28283963,-0.9267493,-0.7180294,-0.9524292,-0.28650954,-0.021696173,0.8183757
107,0.59405416,-0.18597241,0.96634287,0.9600774,0.5646949,0.43361944,0.9758739,0.82548803,0.18223183,0.5211165,0.28096864,0.92802036,0.842436,0.74040276,-0.48090932,0.5813034,0.0053333887,-0.22271194,-0.2021747,0.6035081
108,0.7046153,-0.17552887,0.9723569,0.9794962,0.24851823,0.40004146,0.78330356,0.6320615,0.21044481,0.7175138,-0.3742881,0.41654155,-0.45632604,-0.10996071,-0.6770114,0.56107754,-0.9090071,-0.26721343,-0.045911554,0.5288984
109,0.5681056,-0.26213443,0.9492917,0.8912784,0.35009867,0.12814793,0.64849156,0.21087964,0.26814193,0.76347315,0.42666668,0.21685253,0.50669044,0.35493138,-0.739407,0.06379838,-0.5208969,0.0411702,0.2668201,0.84470165
110,0.50019747,-0.28638825,0.96494395,0.8711183,0.41463152,0.45392147,0.8651709,0.7345351,-0.013173432,0.52897394,-0.18887238,0.2921398,0.08400077,-0.3031955,-0.4489749,0.59277904,-0.4347888,-0.38379273,0.17267093,0.7324297
111,0.54853934,-0.29919112,0.97531337,0.9707403,0.42582878,0.33102414,0.66709805,0.5799216,0.21645239,0.24680017,0.0868605,0.14841326,0.37113455,0.42013192,-0.5984146,0.19084145,-0.9572306,-0.3340582,0.45622963,0.60940534
112,0.49388912,-0.2149765,0.9773184,0.95751745,0.23993954,-0.40288115,0.6315828,0.29455423,0.8526813,0.8868816,0.41843656,0.28415406,0.74551034,0.7143441,-0.681182,-0.15800108,-0.66300493,-0.39762866,-0.62083,0.8536184
113,0.60036606,-0.12514155,0.9697631,0.83947694,0.29401535,-0.2757049,0.9610089,-0.0040441747,0.42058116,0.93719953,-0.06414944,0.04183248,0.5203325,-0.5106392,-0.6886796,-0.66718125,-0.83490956,0.23657162,-0.11960445,0.58724916
114,0.59120315,-0.30145735,0.9649557,0.78377587,0.1909214,0.18360625,0.9520982,0.29099366,0.91731584,0.13873504,0.4138818,0.76476365,0.3625129,0.1648322,-0.64948744,-0.13676119,-0.8449237,-0.46713662,-0.6468323,0.00042297464
115,0.568755,-0.3421336,0.9008161,0.96885467,0.52815753,0.7399008,0.5021278,0.6704195,0.5084919,0.5976313,0.498363,0.9579112,0.4402683,0.73159045,-0.7169958,0.69545525,-0.21054474,-0.59637207,-0.19552049,0.4545456
116,0.4803455,-0.10910402,0.95780534,0.9976913,0.59654176,-0.4589441,0.49458742,-0.1846563,0.4346454,0.89054704,-0.06876689,0.17535289,0.4436604,0.3463186,-0.6535824,-0.20349799,-0.76827073,-0.29212013,0.6074723,0.91581243
117,0.5120792,-0.13142765,0.94067246,0.74237365,0.28694496,0.016588692,0.9495563,0.4163801,0.049324475,0.87384856,0.10243206,0.12892017,0.6456151,-0.3073295,-0.017946824,0.34142444,-0.26964733,-0.05305973,0.38622168,0.9354292
118,0.55113,-0.13874388,0.9528939,0.9686657,0.01791522,0.4304629,0.91296947,0.64015913,0.04075051,0.912658,-0.46746045,0.44343266,-0.62755555,-0.77318305,-0.8523729,0.242413,-0.43219241,-0.3610156,0.3050092,0.0036213198
119,0.67538196,-0.34129423,0.8786985,0.9801915,0.4393608,0.48044747,0.93031764,0.6792736,0.46928298,0.3425536,0.0455063,0.92204016,0.77121717,0.7271886,-0.37860617,0.29694092,-0.16502348,-0.589288,-0.33731037,0.42730087
120,0.44834507,-0.20367303,0.96062887,0.993768,0.49084216,-0.265648,0.4093965,-0.076847926,0.79189044,0.55668896,0.052598152,0.52348936,0.16309647,0.9421292,-0.98100996,-0.8510422,-0.3656273,-0.47418928,-0.3815365,0.9205551
121,0.6470462,-0.2584155,0.97522974,0.96656984,0.4398573,0.40553436,0.61374104,0.65770584,0.4101081,0.6713171,0.06471807,0.67121226,-0.17942704,0.5507559,-0.3513226,0.8679213,-0.83474743,-0.50819135,-0.14750692,0.9077048
122,0.5152522,-0.16244856,0.95601046,0.97068584,0.30330583,0.7105123,0.699105,0.4938783,0.52224934,0.14933592,0.466245,0.34688073,0.54192984,0.35788557,-0.3157563,0.26454565,-0.6309152,-0.63336205,-0.50276953,0.31568122
123,0.6489691,-0.22189672,0.96348447,0.897263,0.11829503,-0.31279498,0.9532604,0.45886874,0.58416396,0.61963505,0.2762375,0.24065864,0.6767062,0.7309283,-0.8936473,-0.48681712,-0.3711443,-0.3292852,-0.79047817,0.6425778
124,0.36243048,-0.23632956,0.9023753,0.9271599,0.41852784,0.060003873,0.52134395,0.39678395,0.2866789,0.978014,-0.18007861,0.13019466,0.07024958,0.6468507,-0.93880326,0.004068945,-0.5911435,-0.52464277,0.061500534,0.98560077
125,0.5920242,-0.24437758,0.9785017,0.8984935,0.40369937,0.032446574,0.15089937,-0.025571486,0.5997052,0.5015251,-0.15949431,0.040320706,0.01478538,0.41244826,-0.97102284,-0.06560628,-0.6301141,-0.95541066,0.06891257,0.6397752
126,0.512847,-0.2893139,0.93219876,0.89651567,0.3622028,0.099065,0.542241,0.61788744,0.40177393,0.448442,0.21872167,0.633724,0.31282473,0.9746381,-0.8843308,0.39382562,-0.27220595,-0.44289893,-0.08169811,0.81587607
127,0.4296154,-0.17093596,0.9756768,0.95602757,0.45964676,-0.18180774,-0.10894993,0.36209264,0.30670658,0.9591699,-0.11310725,0.0884994,0.37052605,0.94184804,-0.8867705,-0.20611945,-0.6067937,-0.48466337,0.14002243,0.940976
128,0.5583921,-0.27440295,0.94369274,0.90216243,0.2725325,0.17603019,0.8081637,0.5056308,0.571161,0.7354931,-0.26061207,0.25006744,-0.5919588,0.527138,-0.62850326,0.41841245,-0.42318702,-0.8009879,-0.119391344,0.9678404
129,0.7035593,-0.16514929,0.9744033,0.89770526,0.26736486,0.14013372,0.8918673,0.1971241,0.4896747,0.11398335,0.6862214,0.37869632,0.996751,-0.11357203,-0.37945127,-0.38255766,-0.95051867,-0.3140014,-0.771459,0.7866097
130,0.60750616,-0.16661793,0.9707903,0.79841787,0.45771703,-0.06846178,0.33785638,0.39792544,0.26241535,0.74755216,-0.037945427,0.31351468,0.7576412,0.8212953,-0.5717909,0.049392805,-0.16731536,-0.33375853,-0.21184795,0.71106464
131,0.7045575,-0.23089224,0.9521977,0.9478354,0.27733094,-0.021682488,0.59948516,0.72380126,0.12411961,0.7566278,0.31597635,0.3922433,0.700444,-0.066325024,0.13963681,0.7009686,-0.4528997,-0.41979143,0.010467578,0.7318372
132,0.5334964,-0.19595346,0.9265391,0.97241575,0.45051518,0.56917703,0.39122927,0.5782609,0.20580162,0.9312504,-0.04972855,0.5926171,0.07616115,0.72490746,-0.6999794,0.7148382,-0.61979204,-0.33013397,0.40682507,0.85437083
133,0.57637197,-0.19779955,0.9811576,0.96539235,0.4577914,0.19001181,0.33504787,0.15471521,0.08113969,0.80631846,-0.14538655,0.011937735,-0.016701313,-0.2927947,-0.92087734,-0.1915373,-0.65072787,-0.27000585,0.6270488,0.47764343
134,0.5439417,-0.24727511,0.9636805,0.9638056,0.5604566,0.0004646612,0.41334814,-0.2050439,0.51004475,0.6651903,-0.090883605,0.10236518,0.5324336,0.6517977,-0.91113186,-0.17224884,-0.114305735,-0.6574472,0.29341686,0.841201
135,0.6813232,-0.3872545,0.94055045,0.98081255,0.5050817,0.573262,0.96536165,-0.06278271,0.8950934,-0.523661,0.54940355,0.43978095,0.101088285,0.3876091,-0.73401,-0.11546263,-0.84412634,-0.90834993,-0.56778055,0.8272959
136,0.61620086,-0.19114979,0.9458995,0.97284037,0.53018105,0.13985674,0.9577093,0.3310749,0.73096013,0.83391595,-0.07243254,0.65139365,0.083816186,0.10108349,-0.56014204,0.22914961,-0.70044124,-0.34091434,0.049667038,0.6415479
137,0.54038805,-0.14254694,0.97752994,0.7989604,0.19816917,0.5160953,0.515912,0.46768343,0.39266607,0.3145715,0.1831363,0.29359272,0.009293553,0.25213766,-0.6752596,0.5184607,-0.73141295,-0.28955373,-0.39742178,0.9404732
138,0.5533312,-0.18364544,0.97177666,0.92022115,0.30715477,0.3660874,0.13095297,0.7366368,0.2089891,0.6725248,0.2519094,0.57253647,0.7139126,0.3703423,-0.24637213,0.6620193,-0.12237868,-0.25697774,-0.3320254,0.85918874
139,0.59346354,-0.3885203,0.9337708,0.95517796,0.40743667,-0.08012688,0.6172304,0.39040473,0.26924604,0.84161174,-0.36107975,0.150752,-0.31518707,-0.55942625,-0.4532277,0.4136446,-0.9865974,-0.44645187,0.28031552,0.4736993
140,0.65993094,-0.41207513,0.94331235,0.94750184,0.19862758,0.3451483,0.40730962,0.40357512,0.32169682,0.09638555,0.15344597,0.5508049,0.12416663,0.071523294,-0.1287297,0.37716553,-0.7460547,-0.53506505,-0.116564915,0.9307178
141,0.49730286,-0.29823762,0.95705074,0.9744252,0.3922943,0.200178,0.79457384,0.82246137,0.05412017,0.2556532,0.09204791,0.56021017,0.65727717,0.05344585,0.14780904,0.79827833,-0.7642744,-0.36098015,-0.030119391,0.95253915
142,0.6177136,-0.22127862,0.9597017,0.9033674,0.3292803,-0.40890557,0.6802612,0.27772364,0.6288084,0.9531306,0.032720968,0.16521633,0.1624361,0.27400118,-0.3812075,-0.10090119,-0.72962016,-0.35873565,0.22313721,0.8218495
143,0.5468869,-0.38259622,0.95003676,0.9544054,0.31635162,0.16504487,0.84102505,0.40137604,0.370938,0.73294246,-0.19544835,0.5398947,-0.23107539,-0.08305731,-0.26640132,0.48321646,-0.7421787,-0.63187677,-0.04957623,0.2895508
144,0.5304996,-0.24728797,0.96577275,0.8878763,0.19766957,0.50124,0.4389637,0.41887176,0.20183165,0.8393561,-0.20880368,0.102708876,-0.4093355,-0.15915819,-0.7829278,0.44531804,-0.5973456,-0.4385368,0.27816868,0.639847
145,0.5618189,-0.15830466,0.97061616,0.9732387,0.35618657,0.011900667,0.44740286,0.30590442,0.5587895,0.8457501,0.34484854,0.07956313,0.20462963,0.6386929,-0.90022683,-0.25412396,-0.7662415,-0.32718563,-0.37618166,0.9765667
146,0.57009315,-0.3756932,0.95429164,0.95531243,0.305941,0.5863939,0.8530727,0.55995417,-0.21123363,0.06733382,0.821704,0.11096895,0.6025705,0.3965926,-0.7678045,-0.06885291,-0.8403206,0.23013078,-0.19184819,0.87878215
147,0.65211964,-0.33181995,0.96512514,0.99305904,0.21791908,-0.7439437,0.69088286,-0.4433668,0.6187813,0.7971082,0.11829155,-0.17684704,0.67239314,-0.15420975,-0.12492476,-0.56089437,-0.8874427,-0.13809006,-0.074827075,0.7211962
148,0.35663903,-0.25132063,0.97540164,0.8830757,0.5976006,-0.0019419327,-0.06407273,0.43560964,0.11270239,0.9276903,0.31898287,0.40178117,0.7725348,0.69951254,-0.41596565,0.16668461,-0.06934805,-0.4395003,-0.062051397,0.94284296
149,0.45582154,-0.12282931,0.9667446,0.8708408,0.1298125,0.23422593,0.7840471,0.26402023,0.56348944,0.6725707,-0.15815224,0.51076025,0.21280749,-0.32821575,-0.8568121,-0.11743227,-0.41044596,-0.37279192,-0.16249253,0.023493122
150,0.6037336,-0.19277307,0.9589306,0.96934783,0.56152385,-0.073970094,0.546488,0.1216012,0.7897592,0.7662325,-0.09781771,0.41754904,0.6036706,0.19442706,-0.76599085,-0.30447182,-0.939554,-0.086498484,-0.14007702,0.6819496
151,0.635906,-0.12550886,0.9074978,0.8485355,0.20149863,0.42281044,0.3481003,0.5248682,0.18002331,0.8610179,0.3206849,0.07924575,0.67464155,-0.043559257,-0.8176443,-0.21045485,-0.7503597,-0.048705693,-0.112747915,0.787322
152,0.48019603,-0.18808134,0.95052075,0.8479907,0.38328087,0.4279745,0.8980025,0.7312821,0.25531647,0.6985162,0.47874996,0.5890719,0.68486,0.82697594,-0.24097103,0.38471103,-0.26437145,-0.6369351,0.02755752,0.74884355
153,0.3518818,-0.1693213,0.9701284,0.9947632,0.309108,-0.027086275,0.87771106,-0.0737073,0.6333793,0.9075629,-0.12132357,0.41125804,0.24388538,-0.06705994,-0.7205112,-0.56296504,-0.9033183,-0.37599117,0.049440883,0.50712496
154,0.60035145,-0.15340862,0.9760561,0.971352,0.38415077,0.48052266,0.7233308,0.2509191,0.6160704,0.35898,0.42385608,0.57212263,0.38292938,0.9778143,-0.95952487,-0.18044677,-0.3927422,-0.70287067,-0.58242196,0.9636331
155,0.62420166,-0.2428732,0.9525489,0.9968541,-0.10710925,0.2756555,0.7971586,0.5747564,0.43464434,0.60626864,0.10125833,0.6028424,-0.08055063,-0.8005532,-0.20438273,0.48113003,-0.87633425,-0.48156768,-0.27597734,0.21237406
156,0.70989776,-0.3511168,0.9541574,0.92742103,0.5056273,-0.14562775,0.17885713,0.071384974,-0.029292403,0.85872746,0.46475932,-0.017588418,0.96758467,0.2733618,-0.2743611,-0.21050934,-0.8084652,-0.11608803,0.12170878,0.94355583
157,0.6386773,-0.27227464,0.971659,0.9577046,0.36364514,-0.15453248,0.31971335,-0.12074838,0.5518284,0.7688119,0.16199724,0.32445496,0.48991653,0.09258317,-0.5370385,0.03492071,-0.5541423,-0.38793045,-0.27948803,0.37068012
158,0.4387975,-0.30717444,0.93516666,0.93238574,0.3711037,0.28756493,0.48284155,0.4429781,0.27479252,0.39896634,0.3947926,0.27233204,0.47990766,0.13347243,-0.2956914,0.3596145,-0.50403935,-0.41079515,-0.17537808,0.759821
159,0.5369399,-0.25234768,0.96679205,0.9852619,0.46053016,0.16039373,0.9509701,0.95442957,0.028440922,0.7955983,0.15607616,0.7768566,0.73119617,0.55339897,-0.23147564,0.71385473,0.32924548,-0.47493866,-0.26635343,0.82930666
160,0.7291145,-0.18048942,0.9728685,0.95663935,0.65683794,-0.2683088,0.45207483,0.8646844,0.5099093,0.9569226,-0.39764237,0.5691059,0.9287511,0.45622644,-0.8813231,0.14627025,0.039227482,-0.68290555,-0.2567675,-0.10163904
161,0.55859184,-0.35004938,0.9207985,0.9569722,0.38936284,0.5588815,0.6878982,0.297585,0.67057645,-0.18972506,0.19902016,0.34978014,-0.12599686,0.534002,-0.878652,-0.05299264,-0.77391565,-0.677371,-0.27171543,0.6569246
162,0.4337739,-0.28500122,0.970319,0.9828317,0.1773907,0.1218247,0.7681863,0.4151987,0.12967464,0.9379588,0.042009227,0.10830172,0.40503305,-0.924773,0.06811446,0.50713366,-0.9532763,-0.031390492,0.30807975,0.7142326
163,0.604327,-0.220547,0.95542324,0.9674378,0.28170162,0.47740012,0.65045065,0.2989347,0.54686534,0.55180216,0.124545634,0.4121228,0.22790003,0.6695752,-0.9880603,-0.24610741,-0.053803038,-0.38093677,-0.3912673,0.8105358
164,0.655653,-0.15437412,0.9752033,0.8551596,0.31432182,-0.2618717,0.8914926,0.15435478,0.36370087,0.8181862,0.15346643,0.23674087,0.576373,0.14059357,-0.51639414,0.12973161,-0.33313558,-0.32978815,0.21987727,0.9715264
165,0.5797762,-0.43696004,0.9692173,0.78579354,0.17575747,0.6580647,0.5107018,0.5937362,0.53049576,0.06437043,0.32711488,0.21932566,0.3200259,0.8220332,-0.95939,0.32146922,-0.3680509,-0.68977267,-0.7508013,0.90963376
166,0.49870983,-0.22961248,0.9646414,0.81714416,0.24689613,-0.19189659,-0.0510584,0.0044126646,0.36209145,0.63012224,0.35187003,-0.13201253,0.47123435,0.20359653,-0.9514306,-0.5806372,-0.6244523,-0.29506493,-0.34161463,0.88024026
167,0.6700084,-0.32237566,0.97323257,0.81161904,0.3852599,-0.21167754,0.8193365,0.16849065,0.64829326,0.7761469,0.54609644,0.24624524,0.7232806,0.2165323,-0.8246703,-0.40544146,-0.6413419,-0.17949831,-0.54161286,0.52711296
168,0.4357609,-0.22008802,0.9542985,0.91650975,0.23329107,0.63577574,0.7912757,0.724517,0.90593284,0.9013681,-0.114344984,0.6601937,0.63291514,-0.019435823,-0.85873455,0.31413394,0.09825084,-0.7011215,-0.11015271,-0.6984817
169,0.4439998,-0.19588889,0.97752064,0.86389047,0.3589547,-0.3176697,0.90371716,-0.29319814,0.71326286,0.6422176,0.09402913,-0.066312745,0.73318154,-0.2973081,-0.63382626,-0.77539676,-0.87241924,-0.16040452,-0.17471911,0.11991715
170,0.7357182,-0.22098075,0.9797853,0.99542564,0.27281955,0.04236135,0.7853204,0.23115762,0.31840554,0.7803612,-0.06546821,0.20914003,0.018192671,-0.22762607,-0.42388564,0.767573,-0.9605059,-0.4777993,0.031121753,0.86636
171,0.6114322,-0.42983574,0.9309394,0.9772825,0.42042726,0.655737,0.5977688,0.54661334,0.39922428,0.83279896,-0.43211192,0.6970868,-0.19853577,0.6920118,-0.7385779,0.674721,-0.09503447,-0.6776178,-0.17788169,0.6801251
172,0.5184731,-0.19079587,0.94268775,0.96514255,0.23089145,0.11434215,0.24383351,0.44391525,0.46862438,0.8321542,0.1547697,0.28654495,0.37787887,0.13006018,-0.36936572,0.39930257,-0.6468409,-0.25147295,-0.1369559,0.68724763
173,0.4975365,-0.38911515,0.9728929,0.9384502,0.6696492,0.4050826,0.74207693,0.9311216,0.06365218,0.80090606,0.5156824,0.6022457,0.6951173,0.70891255,-0.3617017,0.4505686,-0.6650797,-0.38935634,0.33318615,0.87425065
174,0.6521566,-0.06224525,0.9616787,0.9418915,0.47572085,0.1308976,0.9723049,0.4852768,0.29671395,0.76246375,0.35524938,0.62629974,0.95515823,0.3044707,-0.31908798,0.088787004,-0.11819322,-0.12903067,0.012124854,0.5262339
175,0.47927096,-0.27433437,0.9513111,0.8418852,0.3846428,0.43280137,0.4878235,0.45741287,0.40134418,0.20457089,0.10201495,0.54005045,-0.07545652,0.40491575,-0.79705083,0.1344691,-0.6592344,-0.5239413,0.18134046,0.4761143
176,0.6176053,-0.3587067,0.9765559,0.9509405,0.33795667,-0.646385,0.5557542,-0.17563252,0.5002924,0.818692,0.12869912,-0.05347357,0.9559887,-0.21196549,-0.676599,-0.68971574,-0.8471391,-0.0022089838,0.18438832,0.87147355
177,0.63069427,-0.25933233,0.9810943,0.9683795,0.23699306,0.02094858,-0.07804722,0.40117714,0.33792257,0.705964,0.542202,0.09584625,0.6498643,0.754978,-0.8487777,-0.19668123,-0.7311766,-0.28006417,-0.63018286,0.92304105
178,0.5466394,-0.3725559,0.97786903,0.97805303,0.31661248,0.58536935,0.30032676,0.8421582,-0.06950086,0.516892,0.29662928,0.2506876,0.5901217,0.6057295,-0.62396336,0.7040637,-0.3692917,-0.287841,0.267595,0.84274244
179,0.76041305,-0.25861844,0.96978545,0.8856875,-0.019715186,0.8029483,0.67744786,0.5426833,0.65501916,0.46124706,0.024044892,0.18244712,-0.43357337,-0.059092734,-0.5974583,0.83414656,-0.9899932,-0.4678975,-0.6583815,0.9162449
180,0.66025776,-0.37550032,0.97270435,0.9657561,0.20511973,-0.0021077262,0.051714648,0.32580388,0.9283395,0.2913149,0.38827732,0.2704381,0.75650644,0.6993454,-0.020737587,0.30731136,-0.7946368,-0.79328537,-0.7749489,0.7018709
181,0.50049317,-0.286688,0.9523668,0.9497202,0.20451663,0.4054945,0.9802934,0.66554666,0.4661333,0.8244385,-0.29966074,0.6159581,0.34195507,-0.14993821,-0.12998477,0.8928327,-0.22838108,-0.4506767,0.13598096,0.079629295
182,0.6212492,-0.29935634,0.9584564,0.9271947,0.10769068,0.049459476,0.81138307,0.70187813,0.2881515,0.65434986,0.20053506,0.5179961,0.5554853,0.4295666,0.046556685,0.7749064,-0.34381166,-0.6137455,-0.5290618,0.6945464
183,0.5347578,-0.39674756,0.961936,0.87865543,0.23885743,-0.2479411,0.045300268,0.2038741,0.25195858,0.7774147,0.23020148,-0.20084672,0.38970166,-0.34430808,-0.8536137,-0.16385531,-0.94613934,0.08517911,-0.02799245,0.80386174
184,0.5556984,-0.3891194,0.9398465,0.785316,0.22762476,0.35773647,0.019608486,0.8367572,0.1041839,0.96843237,-0.60243034,0.16806997,-0.30440742,0.13247377,-0.7373674,0.5327581,-0.40578383,-0.40482405,0.44788,0.20336093
185,0.5090268,-0.2940115,0.9571895,0.8149878,0.30765215,-0.048913434,0.9794447,0.28175282,0.56079,0.91767645,-0.5450247,0.3660072,-0.14158793,-0.088140845,-0.55818295,0.6966875,-0.69811475,-0.44974124,0.055155348,0.8530297
186,0.62436,-0.1817784,0.97038466,0.8807087,0.27131835,0.020580467,0.7079365,0.5596723,-0.07376166,0.84615916,0.25045058,0.15142901,0.89878,-0.43591788,-0.04581036,0.20095749,-0.60813564,-0.09037066,0.03876437,0.47331882
187,0.54064596,-0.19492778,0.96789044,0.98650396,0.44561967,0.3316341,0.6882831,0.8195589,0.19935149,0.96650565,0.093671404,0.68248755,0.29525137,0.4844899,-0.2837488,0.73410857,-0.2160935,-0.38759157,0.48312232,0.60660857
188,0.4241126,-0.3726253,0.9764565,0.99030197,0.40506604,0.6552807,0.24649125,0.600933,0.425677,0.5170288,0.12748624,0.21600856,-0.078197934,0.06800645,-0.5487551,0.46770674,-0.8911006,-0.5465916,0.078799166,0.68144846
189,0.5148965,-0.2512131,0.9634121,0.874657,0.23541158,-0.32432398,0.6595544,0.31460163,0.95744455,0.65640825,-0.08557642,0.3178886,-0.060119864,0.5553302,-0.5346913,-0.1786114,-0.46826032,-0.71615,-0.28975356,0.3393167
190,0.57462966,-0.23223509,0.94942796,0.8844729,0.29959485,0.2902507,0.6677938,0.78566617,0.14138037,0.7922089,0.33170998,0.34453574,0.5513224,-0.40560776,-0.07218928,0.7751981,-0.9487976,0.01586526,0.022100188,0.6177099
191,0.7684496,-0.32021257,0.932653,0.9463208,0.26902625,0.36948335,0.9267299,0.3370963,0.4272857,0.4687446,0.8632586,0.5266082,0.8433233,0.8378157,-0.8562783,-0.35433656,-0.1792358,-0.26086435,-0.9789611,0.69588274
192,0.6364788,-0.22654192,0.932668,0.8932906,0.3125485,0.023085395,0.78733766,0.5366974,0.21982206,0.53881025,0.26600665,0.36448118,0.7966787,0.64745754,-0.55145437,-0.13659051,0.11754725,-0.24096954,-0.4775492,0.5748995
193,0.66930664,-0.23534304,0.9805761,0.9214286,0.4408781,0.12405693,0.4157041,0.55815387,0.14659227,0.81911755,0.3971397,0.41409576,0.65861356,0.5606808,-0.794995,0.032723773,-0.16880116,-0.3700298,-0.40283778,0.9744986
194,0.60782474,-0.23808733,0.96354306,0.9375419,0.19999436,0.45335037,0.31253514,0.55577725,0.22344354,0.67663676,0.234778,0.102445886,0.6653717,0.15205987,-0.56553495,0.4162864,-0.37720093,-0.11160255,-0.40095285,0.53485507
195,0.60949564,-0.21011642,0.92468655,0.976082,0.5018733,-0.05085162,0.48315993,0.1563263,0.16727556,0.61627346,0.3029942,0.24733001,0.8663278,0.31697774,-0.07038559,0.21829887,-0.28187633,-0.2420482,0.17074546,0.9190436
196,0.5615663,-0.26520365,0.97638136,0.9633816,0.22440307,-0.58313894,0.86760217,0.35048097,0.7183548,0.80463165,0.40687335,0.82012403,0.9166466,0.8490283,-0.4544198,0.12189841,-0.38639733,-0.23784655,-0.7504284,0.86342895
197,0.54192924,-0.26894078,0.9801703,0.8550543,0.36538577,-0.060722135,0.8659569,0.3360862,0.27030566,0.87136936,0.17086071,0.3871408,0.7893181,0.2907023,-0.7301515,-0.11960642,-0.30324814,0.035062373,0.15626691,0.71101284
198,0.50048023,-0.16555457,0.97064,0.88154554,0.67047054,-0.03807255,0.40071556,0.20675796,0.28435826,0.7655381,0.019774402,0.20223612,0.9069651,0.781501,-0.59903455,-0.13779981,-0.017352251,-0.6372285,0.24259272,0.9750797
199,0.5927486,-0.20642342,0.9736709,0.7949939,0.30043042,-0.37998992,0.8369505,0.82996327,0.77924865,0.8441593,-0.17733136,0.3472308,-0.22183757,0.16410741,-0.1275005,0.8141242,-0.80109364,-0.564457,-0.5044232,0.7981252
200,0.5521474,-0.21669224,0.9752642,0.9665638,0.13187332,0.83934224,0.81509894,0.66017705,0.16459846,0.19646871,0.19473973,0.39983815,0.4593399,0.17183183,-0.19641098,0.5499392,-0.74336374,-0.39838332,-0.24240164,0.26274115
201,0.49148807,-0.37090912,0.94195974,0.9608562,0.42804807,0.2625054,0.77266526,0.37105614,0.38059238,0.70828897,0.074395515,0.15173684,0.15222026,-0.37647817,-0.8591829,-0.22934148,-0.7129167,-0.39750236,-0.24652165,0.5795172
202,0.48819104,-0.20410179,0.93130136,0.9611694,0.4123746,-0.13916384,0.62497604,0.57371986,0.08493411,0.9792405,-0.03912111,0.40487647,0.6352234,0.5284807,-0.76463187,0.09807745,-0.07686419,-0.12870692,0.23336689,0.43703255
203,0.48247176,-0.23545232,0.96413255,0.8568462,0.557795,0.084778436,0.88932204,0.2463388,0.64753026,0.44938937,0.034081254,0.67829776,0.7202546,0.55421716,-0.8021018,0.06475914,-0.01294326,-0.5382802,-0.135244,0.40200695
204,0.6969994,-0.08268363,0.9740586,0.94816756,0.41738603,-0.20247144,0.38134462,0.47265667,0.23331904,0.97608805,0.031095933,0.32599622,0.88174427,0.2941216,-0.35776606,-0.005340603,-0.5148013,-0.57112986,0.022644501,0.49651936
205,0.5166139,-0.29030266,0.93142074,0.8990518,0.29487446,0.26299918,0.49109936,0.43828022,0.17396918,0.83634317,0.38842413,0.35868362,0.6078427,-0.050141156,-0.5398154,0.11034214,-0.61340517,0.17870127,-0.09635274,0.6842876
206,0.58994055,-0.24802358,0.95695657,0.88989455,0.4268666,-0.2749892,0.27365083,0.37684307,0.57618994,0.8509274,-0.04062223,0.6831697,0.4593189,0.3775583,-0.59027785,0.51652837,-0.90257996,-0.38022545,-0.004924678,0.37426367
207,0.5880804,-0.1831027,0.9821185,0.9007343,0.28554168,0.4906592,0.47316754,0.29091987,0.26904103,0.4440102,0.32802862,0.0747837,0.7758418,0.113305554,-0.9547188,-0.31797668,-0.64179784,-0.17930344,0.051629197,0.41785526
208,0.62296426,-0.19194661,0.9625895,0.8905295,0.22585133,0.30762768,0.5604529,0.44918105,-0.07445448,0.6104651,0.08173343,0.07902499,0.21263558,-0.49783874,-0.1830236,0.38457683,-0.82379067,-0.32535797,0.4218228,0.8463625
209,0.59534854,-0.22164457,0.97549564,0.834595,0.17805572,0.64072025,0.9363271,0.8212578,0.14743368,0.833859,0.3489209,0.8179752,0.4397449,0.17474887,-0.22944975,0.8658908,-0.32954252,-0.21034265,-0.46769282,0.7640171
210,0.5884277,-0.43911815,0.9665433,0.83252954,0.51947343,0.06528642,0.64042556,0.039479014,0.61474115,0.34182665,0.16099125,0.13611068,0.32633412,0.76533425,-0.9291796,-0.29299936,-0.56493115,-0.47767752,-0.024929965,0.7517669
211,0.6081477,-0.40266195,0.9390616,0.94794244,0.44033372,-0.10519829,0.39563417,0.4642094,0.5596933,0.48342255,0.21131432,0.32276973,0.71516734,0.8829591,-0.8095442,-0.1109026,-0.6804656,-0.65852743,-0.23197225,0.50011295
212,0.7714694,-0.24940148,0.93456674,0.93215716,0.3853564,0.37252748,0.4357607,0.72511226,0.115231484,0.42789325,0.022364732,0.4707731,0.3526462,0.31878123,-0.540197,0.6646174,-0.09936694,-0.5320709,0.2034693,0.56162155
213,0.7375694,-0.35053918,0.9804524,0.9842799,0.4079121,0.07577276,0.9641588,0.031193519,0.67066365,0.07259611,0.75803924,0.47267178,0.61350936,0.7842653,-0.826206,-0.4054734,-0.7359431,-0.5347671,-0.71092844,0.84920925
214,0.6190807,-0.2791506,0.8641192,0.9665691,0.4017122,0.8595832,0.84684986,0.8840751,0.3350104,0.745982,0.090732805,0.97718376,0.18956031,0.58008504,-0.76546323,0.75225174,-0.18763496,-0.49909395,-0.24715295,0.03786726
215,0.57264507,-0.11159281,0.97923493,0.99761957,0.3621893,-0.19238392,0.62603426,0.11695305,0.0941889,0.85620546,-0.27567,-0.0063831387,0.39841145,-0.96230453,-0.14594957,0.16676444,-0.57321626,-0.18443646,0.28998247,0.4218501
216,0.4585017,-0.35144928,0.9342655,0.86551344,0.5996221,-0.16763142,0.9303602,-0.3352467,0.9047468,0.5179917,-0.21409395,0.43235448,0.11654833,0.23168284,-0.6588205,-0.5413138,-0.8863544,-0.5898532,0.21411134,0.6546768
217,0.51572675,-0.15249446,0.9773378,0.8777513,0.48887062,0.41617298,0.67628825,0.20530602,0.15877548,0.6773825,0.082178816,0.28006154,0.44219503,0.12718567,-0.29787955,0.25702333,-0.47547486,-0.37351102,0.34802443,0.8764705
218,0.5182145,-0.18878466,0.94454575,0.94677615,0.31676644,0.09912556,0.69144106,0.18152891,0.7374584,0.8773461,0.34429446,0.8000469,0.5671342,0.53704023,-0.6195886,-0.03714539,-0.43468255,-0.3442758,-0.6002328,0.4739397
219,0.48918146,-0.16914915,0.98109996,0.9742856,0.39423552,0.42526707,0.79988766,0.6917164,0.5180987,0.58919567,-0.12999131,0.55225086,-0.0783994,0.008901911,-0.10539631,0.8127536,-0.85275424,-0.5815433,0.4140778,0.3201682
220,0.5977436,-0.10962029,0.96704596,0.8014699,0.2363748,-0.4204333,0.47758678,-0.07734202,0.44448647,0.7824562,0.54981273,0.21897724,0.9810906,0.3737815,-0.8835868,-0.87392735,-0.58128476,0.07912648,-0.5372249,0.8941445
221,0.7760367,-0.099890225,0.9815071,0.873258,0.20130454,0.44228402,0.9021453,0.7057194,0.47741082,0.33825377,0.23394425,0.4473737,-0.04370332,0.80692446,-0.9199642,0.10270858,-0.13653524,-0.5526264,-0.4445327,0.84555
222,0.45688155,-0.08944591,0.9390892,0.9886672,0.4718641,0.13381132,0.12835498,0.89007366,0.6098629,0.72331685,-0.2055102,0.7881469,0.22542381,0.80464673,-0.4538382,0.95827764,-0.0362738,-0.9490261,-0.09374729,0.42988342
223,0.7595684,-0.2046963,0.9636611,0.96524495,0.18418671,0.69113934,0.8807392,0.8984293,0.26267192,0.62183064,0.40362316,0.8140418,0.7135875,0.21002766,-0.49283528,0.48386964,-0.571041,-0.2089214,-0.6301471,0.43292323
224,0.63642794,-0.24924922,0.9706959,0.9941675,-0.026289232,0.1358582,0.8392022,0.13740921,0.6746944,0.486846,0.3729718,0.29438287,0.22616167,0.022336489,-0.21509872,0.44582003,-0.7550904,-0.37727836,-0.55392456,0.8739243
225,0.6718256,-0.30218872,0.9232615,0.99627715,0.07947339,0.20859914,0.919601,0.5811008,0.6484475,0.9102999,0.40905532,0.6986753,0.63698673,0.9259092,-0.9739297,0.13090831,-0.037272915,-0.44880697,-0.6762679,0.46194977
226,0.53478384,-0.31256542,0.8812518,0.963921,0.40198633,0.29875502,0.88596386,0.18053989,0.23907457,0.34098363,0.7734686,0.30326095,0.7411219,0.22283062,-0.88238835,-0.43496782,-0.36493558,-0.38591757,-0.2821977,0.46017137
227,0.5773949,-0.2420802,0.93902665,0.9981567,0.2892213,0.4589984,0.9566208,0.43104422,0.26761347,0.73414284,-0.14394683,0.35798785,-0.6383649,-0.06567987,-0.41901526,0.76408875,-0.968759,-0.5790432,0.22154841,0.81385523
228,0.545972,-0.22482719,0.90397644,0.9990531,0.35304943,0.1459086,0.7009822,0.39248407,0.6040385,0.4067762,0.23468456,0.48976368,0.077416025,0.34544703,-0.71157974,-0.25006685,-0.44580325,-0.48483106,-0.47357732,0.68200654
229,0.4798055,-0.44614002,0.9735031,0.7227884,0.2194082,0.545486,0.3602839,0.5025479,0.6382643,0.9711069,-0.18902291,0.49544418,-0.25892165,-0.33711165,-0.9264359,0.65258783,-0.40635145,-0.69795763,0.0651598,-0.09132728
230,0.46557012,-0.30465627,0.965647,0.9760382,0.4626205,-0.20306264,0.61874866,0.25944802,0.5916162,0.77026933,-0.086193636,0.35892385,0.26410866,0.10739895,-0.088991225,0.64125514,-0.41538322,-0.6419887,0.2468934,0.73067355
231,0.4355012,-0.15679929,0.9496248,0.8414978,0.43526825,0.54116076,0.69265884,0.060713984,0.4686314,0.323436,-0.06829478,0.5449711,-0.47368792,0.21765463,-0.73304665,0.19281244,-0.86918813,-0.7138222,0.23102811,0.5844312
232,0.55503315,-0.27432698,0.9063489,0.8931145,0.33968177,0.15812081,0.9376182,0.46284983,0.85446316,0.9122826,0.13523936,0.6506572,0.3692886,0.6177056,-0.97552764,0.008806914,0.20304509,-0.42428687,-0.3092299,0.18076871
233,0.56792504,-0.25305897,0.96799135,0.8778179,0.4066332,-0.104065455,0.6000121,0.14547855,0.5671903,0.79164976,-0.037591245,0.43541896,-0.3573202,0.28853592,-0.46996295,0.39136526,-0.8740876,-0.54243475,0.16137406,0.79730237
234,0.61334425,-0.34304014,0.9346058,0.9803104,0.46595952,0.34013927,0.947012,0.37191865,0.934522,0.13112214,0.08843088,0.612891,0.38761368,0.47447672,-0.35115716,0.34391204,-0.63403016,-0.8440933,-0.2674708,0.13659546
235,0.70185894,-0.34201944,0.9704367,0.9438804,0.2051305,0.65783286,0.8301163,0.624578,0.30094332,0.041053947,0.39470753,0.50613,0.513132,0.10015868,-0.75834435,0.38984376,-0.51279956,-0.51577264,-0.39691043,0.48120213
236,0.6320374,-0.082713805,0.9584531,0.7672214,0.18645868,-0.40497804,0.076247655,0.36946318,0.3785012,0.75652134,-0.5395836,-0.20824099,-0.66461664,0.20094708,-0.75528806,0.22755875,-0.6582551,-0.8135623,0.13785985,0.37206715
237,0.6506407,-0.120539196,0.9674499,0.9579404,0.51782066,0.09383694,0.56857085,0.10885812,0.039218657,0.21213776,0.25250268,0.22718954,0.51938665,0.5734222,-0.40596476,0.43834305,-0.34839833,-0.6144134,0.2060142,0.93221474
238,0.71781,-0.39843062,0.96518403,0.8389891,0.25354922,-0.013821542,0.599149,0.9097117,-0.2582429,0.97335196,-0.07224196,0.39403978,0.59519076,0.019976513,-0.573463,0.33296826,-0.35472658,-0.08515854,-0.15122075,0.6153261
239,0.67266953,-0.2202631,0.9726587,0.97825485,0.3510446,-0.16075815,0.9477874,0.57794666,0.7851667,0.8916931,0.3602113,0.7923775,0.81956714,0.7460942,-0.6727486,-0.042943817,-0.3028728,-0.3506041,-0.67494184,0.35736406
240,0.56001365,-0.3228835,0.8838252,0.98570406,0.41192496,0.40907022,0.9687741,0.40879023,0.39587313,0.54068774,-0.4576463,0.29786646,-0.95316744,0.45286492,-0.87154,0.30402622,-0.1565234,-0.8153768,0.017950535,0.90808016
241,0.70565355,-0.28953072,0.9599292,0.8928582,0.10921863,0.35307473,0.74324906,0.97619754,0.17546481,0.8738625,0.18521038,0.61593956,0.31966028,0.84768045,-0.57736325,0.51531583,-0.9198915,-0.2882138,-0.49835896,0.98636436
242,0.62575096,-0.34588173,0.9809299,0.8826017,0.22789061,0.27649584,0.64923793,0.4037464,0.2922008,0.7067486,0.02928553,0.39103428,0.15710706,0.15495498,-0.62790024,0.109112486,-0.30447766,-0.29488412,-0.031692937,0.69629884
243,0.6013586,-0.2348628,0.9719046,0.99796873,0.3925142,0.26313087,0.8104624,0.2400673,0.5003929,0.35211334,-0.11547678,-0.011446399,0.5362597,-0.41612163,-0.857903,-0.54499686,-0.4090027,-0.3583856,0.1444085,-0.030394536
244,0.622172,-0.20142312,0.9540789,0.9280137,0.52390426,-0.52257484,0.9424232,0.38273177,0.5523265,0.9836234,-0.4317875,0.51628053,0.20974092,0.7261805,-0.70589334,0.21479994,0.23730436,-0.5276035,0.040532045,0.73813313
245,0.66692436,-0.342491,0.97957146,0.95927113,0.51337594,0.17713906,0.58967555,-0.3147833,0.2974721,0.37182513,0.6818875,-0.027578073,0.79395986,0.03309587,-0.6613214,-0.25845087,-0.9333379,-0.48667222,0.34017473,0.63505936
246,0.5741168,-0.22934331,0.9421969,0.9542207,0.058086824,0.8144615,0.66435164,0.58706653,0.7184789,0.7861891,-0.19679391,0.51311,-0.6343835,-0.027334588,-0.65477294,0.9207865,-0.6427044,-0.44199878,-0.21593553,0.43606213
247,0.45838076,-0.3831146,0.93064976,0.8820025,0.40530595,0.19838513,0.9756524,0.08016873,0.9957446,0.66658777,0.47897804,0.76895565,0.030544927,0.73320097,-0.88565326,0.07983255,-0.34487763,-0.737792,-0.69411594,0.49374613
248,0.4604736,-0.16476755,0.9561171,0.9920297,0.162942,0.43894804,0.69013065,0.72782284,0.5749618,0.55890685,0.22768958,0.77659196,0.7086551,0.15875226,-0.3338593,0.26389638,-0.4166155,-0.63921744,-0.5121232,0.006666669
249,0.60761946,-0.18778946,0.9583221,0.918232,0.28742808,0.4555393,0.64106053,0.6506954,0.28789768,0.5946517,0.7035617,0.55372095,0.9861804,0.53033674,-0.77755874,0.002729721,-0.46000147,-0.30424404,-0.56750107,0.6796323
250,0.524018,-0.14241381,0.95422536,0.7945958,0.44384634,0.27723968,0.9390941,0.6995535,0.4214714,0.37980238,0.3398005,0.6374125,0.350617,0.8494081,-0.4486229,0.62227637,-0.55185014,-0.6074165,-0.26713517,0.9036209
251,0.44722992,-0.13822138,0.9790648,0.9577657,0.17087792,0.7880559,0.96519995,0.5752511,0.5122687,-0.19928882,0.45022416,0.32781678,0.42928487,-0.15615122,-0.5016119,0.4758926,-0.9262632,-0.46728343,-0.48502803,0.23981334
252,0.56970114,-0.3441702,0.97387373,0.89981,0.27121854,-0.45667836,0.7929605,0.4573349,0.26122048,0.9454168,0.21604297,0.40492105,0.8553893,-0.5973252,0.47647554,0.32547498,-0.9106002,-0.14517584,-0.0009054537,0.85488737
253,0.6332634,-0.5279705,0.9304279,0.8760234,0.368685,0.52947193,0.24316594,0.27142835,0.5863396,0.24557069,0.37624612,0.052672118,0.41744205,0.6483833,-0.8751544,0.027676338,-0.76854503,-0.7873861,-0.25588724,0.7667975
254,0.5566699,-0.29368013,0.9610529,0.9862664,0.40149763,0.08809109,0.4310392,0.3334642,0.21687368,0.96404976,0.035150535,0.25041988,0.65002257,0.4354975,-0.4047536,0.27992627,-0.36420348,-0.29104996,0.00024070006,0.62194115
255,0.6228292,-0.4435845,0.9632455,0.99868494,-0.0192964,0.76468086,0.70967907,0.88091,0.0469271,0.5919178,0.35572127,0.46342567,0.3266764,0.121546045,-0.33155122,0.785056,-0.99741596,-0.30206883,-0.38753298,0.3880218
256,0.66473407,-0.27321634,0.94353944,0.9528125,0.3474422,0.4198923,0.60206586,0.01844449,0.47797656,0.10406706,0.59352505,0.4973957,0.7655395,0.7723999,-0.7318373,-0.12745413,-0.4070122,-0.37661812,-0.37541878,0.9669339
257,0.6011373,-0.12487719,0.97646785,0.94670063,0.10093349,-0.8104534,0.91764593,-0.2704334,0.7627287,0.70351523,-0.042475518,-0.12302736,0.62617993,0.0029750532,-0.650982,-0.5821163,-0.6441975,-0.33952555,-0.6845387,0.6636186
258,0.73370546,-0.34402332,0.9596517,0.97569835,0.31135213,-0.08965576,0.946529,0.11334178,0.6671936,0.74383813,-0.19101502,-0.10540055,-0.29956946,-0.32267588,-0.7752258,-0.00503459,-0.6376741,-0.7102504,-0.12954165,0.602184
259,0.5811765,-0.21192771,0.96276003,0.8935671,0.49721733,-0.15471844,0.88190746,-0.038887877,0.8820281,0.6217559,0.006867108,0.45028222,0.91205317,0.3184404,-0.9353393,-0.60575527,-0.10648734,-0.5978137,-0.16011766,0.32120517
260,0.7116296,-0.16743149,0.9820891,0.68157,0.21270145,-0.015237004,0.7874108,0.46003917,0.15992036,0.8374068,0.0069151362,0.2741283,0.06443621,-0.05272462,-0.9418741,0.030095056,-0.6588073,0.0389895,0.16287063,0.36505088
261,0.5795226,-0.28160596,0.95111537,0.849952,0.21836706,0.2762142,0.6195047,0.62668663,0.046582054,0.7337101,-0.085645564,0.2551663,0.12840548,-0.4487755,0.11639918,0.7642936,-0.7330763,-0.35878795,-0.04148858,0.86642814
262,0.56219745,-0.21448483,0.9600767,0.9125,0.41466278,-0.23598601,0.73055154,0.043214556,0.31384167,0.45111427,0.3334726,-0.26091924,0.7604118,0.14416951,-0.60573184,-0.5345038,-0.8110244,0.121404156,0.026491022,0.9354182
263,0.5335675,-0.22122514,0.9769438,0.95587575,0.38520637,0.30546978,0.92887014,0.5454943,0.46991962,0.90903884,-0.43969843,0.48091862,-0.9644725,0.31415707,-0.7559944,0.527631,-0.49899825,-0.65147555,-0.027192924,0.7399479
264,0.6145991,-0.2533835,0.9523428,0.87831616,0.36736488,0.34981763,0.61205447,0.59868467,0.0628881,0.6072755,0.17112237,0.14261027,0.35940757,0.2388284,-0.3106146,0.52552634,-0.4752409,-0.33338705,0.22212848,0.95819855
265,0.5174496,-0.26215345,0.97107667,0.9545099,0.32248202,0.46317115,0.75075173,0.5425724,0.5735468,0.8290736,-0.22778425,0.3626809,-0.07184315,-0.097302094,-0.5720122,0.72668946,-0.40812194,-0.66714513,0.1355368,-0.016648129
266,0.5807826,-0.14579023,0.97900844,0.8747183,0.119525865,0.4715848,0.8852931,0.8634202,0.5486828,0.42504913,0.115732335,0.89584,0.84854144,0.40631148,-0.48797974,0.54155993,-0.070153415,-0.24063621,-0.5495651,-0.059548333
267,0.551141,-0.27901193,0.9676099,0.87851495,0.24702829,0.55727845,0.729924,0.8775407,0.18646774,0.59283733,0.26124215,0.628918,0.58777165,0.7538663,-0.5219212,0.97940195,-0.06103016,-0.5092459,-0.03101307,0.49202138
268,0.6648878,-0.04736962,0.9742867,0.9670308,0.4851762,0.7572847,0.21753567,0.8544103,0.024301343,0.45564276,0.049233455,0.642367,0.56587565,0.5041855,-0.16605256,0.71692663,-0.06648122,-0.65819025,0.20691708,0.821537
269,0.56445575,-0.23415725,0.961602,0.88938725,0.3958241,0.18504943,0.8477181,0.5430806,0.28613302,0.7061714,0.29280984,0.57029974,0.040701758,0.38410974,-0.1739361,0.4682343,-0.6541009,-0.3222301,0.031927276,0.81176114
270,0.41860119,-0.25229314,0.95534927,0.98530644,0.40515995,-0.2036546,0.8481434,0.43281612,0.14217642,0.96217185,-0.18852028,0.65213144,0.9906318,0.08185893,-0.43321243,0.28961554,-0.3226877,-0.040872086,0.1582081,0.7048513
271,0.6413923,-0.39909807,0.89035165,0.9864556,0.18756719,0.33974606,0.6775518,0.74494183,0.36831686,0.79781026,0.43614396,0.5133168,0.90462124,0.3563327,-0.28862026,0.6551177,-0.56449556,-0.1324537,0.010946908,0.7450088
272,0.5822747,-0.33444643,0.9401902,0.9555565,0.5545315,-0.41877496,0.5637491,-0.22549249,0.7414218,0.7565101,-0.053108566,0.13444364,0.18134432,0.4168574,-0.9501167,-0.65232277,-0.7545585,-0.5448315,-0.0066854833,0.5004332
273,0.47289363,-0.24637951,0.9478374,0.88414335,0.23634803,0.86090416,0.4624125,0.8639913,0.0963024,0.42628345,0.36722675,0.5154866,0.19080594,0.19172184,-0.522944,0.5128242,-0.46700576,-0.56350166,-0.03610409,0.6748579
274,0.6330906,-0.25752738,0.9207132,0.84892243,-0.0023297933,0.7338153,0.98212296,0.7915176,0.6934775,0.45892626,0.35510105,0.817285,-0.37874046,0.714066,-0.44200507,0.9163505,-0.30913782,-0.48285505,-0.814535,0.74377257
275,0.7363636,-0.307251,0.9353644,0.9363488,0.5900622,0.08690442,0.91133785,0.14658196,0.4653667,0.28755653,0.65042937,0.2324204,0.958389,0.78373384,-0.35348564,-0.2793779,-0.29942492,-0.6478817,-0.24450535,0.86139476
276,0.5531869,-0.30367655,0.9677125,0.88638896,0.3935262,0.46394843,0.87683,0.4417246,0.43205112,-0.068279356,0.44329497,0.54397684,0.5855956,0.22148873,-0.29795134,0.23031001,-0.5119446,-0.5009359,-0.6067293,0.55344266
277,0.75067645,-0.16945906,0.9778608,0.94964945,0.16726309,-0.42891002,0.4164818,-0.22087945,0.6692504,0.4674032,0.3396084,0.2754842,0.21128333,0.21640794,-0.5683663,-0.2258886,-0.32222414,-0.4752512,-0.47561273,0.9329774
278,0.6052725,-0.34061655,0.9307307,0.88856834,0.4863759,0.05767503,0.57566106,0.33559594,0.50869405,0.8192387,-0.1515991,0.50602794,0.4132897,0.27273685,0.16169782,0.8430401,-0.21051809,-0.9018701,0.19339299,0.5414263
279,0.6663468,-0.05060077,0.9810476,0.9618254,0.3694867,-0.026958255,0.67573315,0.0138608515,0.76946247,0.5758039,0.27647644,0.42966035,0.93337184,0.29434603,-0.91167754,-0.8340367,-0.7447874,-0.21189597,-0.3113916,0.7016138
280,0.49180275,-0.19232202,0.9787391,0.6429215,0.50413805,0.386723,0.16759454,0.52622324,0.5160854,0.9469325,-0.36477822,0.24239649,-0.123308696,0.3091006,-0.9042704,0.43413538,-0.30823714,-0.35232672,0.47691524,0.6273352
281,0.62582,-0.30599764,0.97768,0.81546634,0.5819272,0.16521454,0.73533183,0.60342664,0.053213675,0.7285536,0.23472205,0.2957139,0.9252741,0.38635203,-0.7249554,-0.28532243,-0.69371396,-0.14366546,0.21421464,0.8097933
282,0.5464214,-0.30002105,0.96060926,0.9196862,0.5436054,0.03163444,0.865873,-0.31188294,0.5538072,0.2609486,0.70718163,-0.09428075,0.90558916,0.27887517,-0.8386535,-0.87941474,-0.80743814,-0.21897784,-0.24917649,0.7943518
283,0.57099044,-0.15951851,0.97479975,0.95609605,0.30669117,0.34247062,0.5884058,0.8610121,0.35771647,0.904452,0.0527795,0.63719183,0.97079116,0.64323735,-0.5573634,0.57446986,-0.056956284,-0.16454238,-0.4100728,0.5369814
284,0.55504125,-0.1929893,0.97128195,0.95638055,0.31486878,0.3515166,0.8176489,0.12223136,0.77178633,0.19803037,0.5475413,0.7554049,0.8974497,0.5901115,-0.83469045,0.06352807,-0.38476837,-0.6058651,-0.71294415,0.39616138
285,0.74752784,-0.26152354,0.9798847,0.9523558,0.16187873,-0.14098376,0.9120287,0.48515335,0.70882446,0.85893166,-0.6677659,0.5431999,-0.87218136,0.430629,-0.90131176,0.6440834,-0.35710686,-0.63320094,0.0622087,0.9237719
286,0.5014445,-0.22093819,0.9789263,0.9194349,0.35197762,-0.086329594,0.9591742,-0.15215424,0.38955888,0.8883306,0.20738369,0.15877952,0.37856898,-0.052113596,-0.562715,-0.5695228,-0.86290026,-0.08582691,0.045795713,0.8108003
287,0.79630864,-0.30059344,0.95536286,0.9668799,0.4505327,-0.39705142,0.859374,0.27743322,0.5314325,0.858208,0.105303936,0.41441435,-0.04553847,0.21176852,-0.14827892,0.3758483,-0.97566295,-0.49070355,0.2484397,0.89851946
288,0.7303369,-0.27681842,0.9699369,0.8148431,0.122509174,0.95664054,0.92621905,0.54469955,0.18475844,0.017436627,0.5163148,0.6396826,0.16667508,0.034072742,-0.4353927,0.51567954,-0.8711529,-0.32803434,-0.44208476,0.83809465
289,0.6884504,-0.21763316,0.9546567,0.80862767,0.20617105,-0.5695231,0.9619237,0.085948154,0.62997264,0.6002426,0.2660786,0.23209204,0.8162134,-0.3382238,0.12713659,-0.022739867,-0.6800965,-0.055097826,-0.01610614,0.4296485
290,0.6745309,-0.3017984,0.9418499,0.84804785,0.28967565,0.44846627,0.47509688,0.5469666,0.7323121,0.9570125,0.29892978,0.80902493,0.8350727,0.5785075,-0.86967707,0.099391215,-0.20643206,-0.17531726,-0.4632589,0.17663617
291,0.48711205,-0.38607135,0.9486163,0.67557603,0.029477932,0.5124611,0.6752909,0.5488947,0.15654106,0.90517175,0.006787613,0.23825336,0.15152282,-0.3370485,-0.3808075,0.7020946,-0.6420416,-0.35250506,0.053669028,0.65627366
292,0.64630085,-0.37724066,0.9740889,0.97405434,0.42318627,-0.040935654,0.5837373,0.38066348,0.0038102278,0.9117756,-0.36144623,0.051462863,0.6186384,-0.92834795,-0.25958484,0.1596764,-0.47289878,-0.19913106,0.499122,0.06447727
293,0.66918737,-0.22139442,0.9681116,0.85419255,0.17929366,-0.15318109,0.4582666,0.2685966,0.29625976,0.8085459,-0.1881215,0.14308788,0.27103165,-0.43232837,-0.42656085,0.21565957,-0.88710946,-0.20882094,-0.006392365,0.559639
294,0.56698847,-0.2892627,0.9656444,0.7913359,0.46873003,-0.023030013,0.9603664,0.32480544,0.3861632,0.8452007,0.46780273,0.5121379,0.4449475,0.48560053,-0.8038136,-0.47371507,-0.36266446,-0.110164516,-0.028632138,0.71930426
295,0.45371997,-0.32365096,0.9672884,0.9832705,0.30519545,0.5635185,0.71993804,0.45267734,0.598886,0.7183337,0.17097297,0.68573654,-0.25177646,0.62595606,-0.63853365,0.44835654,0.11841479,-0.64409095,-0.24104302,0.53758806
296,0.42930192,-0.27760896,0.9786384,0.8497034,0.36087295,0.39132944,0.5570136,0.5057663,0.43752655,0.9807066,-0.07830299,0.5492561,0.3531214,0.30570227,-0.70123523,0.5676604,0.013071458,-0.75522846,0.030466925,0.13944612
297,0.6137582,-0.18311116,0.9691915,0.7911439,0.35171497,0.023261005,0.76147723,0.68791586,0.48786467,0.78798103,0.036160428,0.49479407,0.30505064,0.88446635,-0.62976736,0.4644158,0.25249267,-0.67627376,-0.057624694,0.7560439
298,0.53119403,-0.15633085,0.96443516,0.86923903,0.37799835,-0.26500273,0.894187,0.5989059,0.19837824,0.84785247,0.3032463,0.33337045,0.48923555,0.0052212575,-0.4512736,-0.18935756,-0.6272386,-0.19937892,-0.17329708,0.92559415
299,0.61598885,-0.2156645,0.94326824,0.92671967,0.2784411,-0.03286787,0.39592576,0.40545437,0.4689528,0.9721969,-0.15279354,0.2029457,0.28732502,0.13888596,-0.23171064,0.52318555,-0.48133993,-0.47012258,-0.10780951,0.22682683
300,0.7371769,-0.3371926,0.97705775,0.94273907,0.30408585,0.36267433,0.43318668,0.29363972,0.35761848,0.3521933,0.2848401,0.357966,0.5051086,0.48742312,-0.3917211,0.525998,-0.68662715,-0.5127617,0.1366358,0.5213133
301,0.64987737,-0.20545062,0.9661765,0.9319128,0.18643215,0.2921128,0.8820956,0.74690264,0.40091708,0.68355584,-0.12441305,0.7864433,0.19422069,0.6843132,-0.7154323,0.52593696,-0.060235355,-0.47970083,-0.24031359,0.39350644
302,0.54442286,-0.15973023,0.96946913,0.84112394,0.2226383,-0.53127855,0.8602638,0.006544625,0.62146306,0.8120503,0.06434389,0.31213316,0.3676281,0.37228867,-0.6047045,-0.22641246,-0.8754532,-0.35760936,-0.15688409,0.7376725
303,0.5112848,-0.2567197,0.9657849,0.97389,0.5160951,-0.07289211,0.7421184,0.40339896,0.6619324,0.5281187,0.32869214,0.30603474,0.7271574,0.58232254,-0.40599862,0.087952845,-0.7645275,-0.39332464,-0.044707347,0.77013224
304,0.5881321,-0.22166166,0.96158004,0.9249782,0.37012047,0.29208532,0.6308932,0.5476531,0.58888364,0.2458772,0.4094871,0.60280263,0.32540506,0.79857355,-0.85835505,-0.005616336,-0.5049212,-0.49713793,-0.6143853,0.78714365
305,0.5538198,-0.21868354,0.91172093,0.91649306,0.4430385,0.30464423,0.8683303,0.07645414,0.5486416,0.36918423,-0.12099677,0.04293791,-0.10225274,0.016244516,-0.8051549,-0.16366251,-0.72007906,-0.5595892,0.3053476,0.79236704
306,0.5320853,-0.16493042,0.9408333,0.9887897,0.30562955,0.34629998,0.64749455,0.43086758,0.013499022,0.6463664,-0.11596913,0.4056421,0.46034372,-0.17207317,-0.27402595,0.40909547,-0.22035968,-0.4381097,0.25836042,0.6004605
307,0.48654312,-0.25005168,0.97184837,0.9119194,0.27003637,0.31337517,0.24659367,0.41738757,0.62075657,0.9634044,0.035183538,0.13348746,-0.38963377,-0.26840442,-0.82546777,0.59263057,-0.7389764,-0.35921854,0.4757536,0.6041726
308,0.61986506,-0.291952,0.94758314,0.85264474,0.3303881,0.11527457,0.475663,0.58574647,0.6230043,0.7869386,-0.13827091,0.680006,0.4951381,0.6992732,-0.5444982,0.19068725,0.26989892,-0.47301948,-0.5714807,0.35211068
309,0.6879393,-0.26177317,0.95753425,0.78974414,0.016668633,0.33955675,0.39760062,0.70618254,0.08415874,0.75749993,0.13311903,0.264888,0.44347218,-0.64133555,0.14811388,0.6308299,-0.8795646,-0.30636013,-0.21037886,0.37057686
310,0.646541,-0.3037857,0.95794916,0.9080978,0.14301565,-0.20487364,0.6239922,0.73943853,0.3453811,0.78487664,0.51756364,0.57785475,0.98381776,0.9215362,-0.7518554,-0.09619011,-0.36520395,-0.18995151,-0.7662591,0.94255
311,0.495519,-0.3049107,0.9749895,0.92189384,0.1678753,-0.06283628,0.75070524,0.014371136,0.24098746,0.3209703,-0.21672598,0.10930261,-0.010443023,0.16117133,-0.16941693,0.3978765,-0.8372057,-0.47303456,0.20133817,0.9119035
312,0.7375229,-0.4330605,0.95853287,0.97473985,0.3436077,0.37270498,0.68564165,0.15944776,0.06288465,0.4307613,0.025481954,-0.0588541,0.05372422,-0.059121147,-0.5734562,0.14675485,-0.78050226,-0.47201103,0.09896667,0.93683827
313,0.6476519,-0.23533653,0.9752246,0.98939085,0.3851385,0.86477244,0.83281463,0.98025495,0.20592764,0.15154268,0.14400724,0.27410635,0.0592446,0.5506465,-0.56409734,0.9058933,-0.42773828,-0.7094363,0.22260432,0.7532397
314,0.45644864,-0.21861246,0.98089325,0.9786384,0.27935693,0.1382358,0.6460224,0.6090669,0.43172246,0.75112003,0.14756027,0.8062013,0.33155286,0.31087968,-0.35483906,0.4489889,-0.5156778,-0.4195527,-0.42305303,0.3756141
315,0.6274245,-0.29233465,0.97837883,0.99672425,0.2501845,0.32740438,0.22768016,0.8534584,0.051194362,0.93142843,-0.08586536,0.4367435,0.08394923,-0.11727478,-0.5896495,0.534976,-0.36364993,-0.20531401,-0.25126094,0.7446134
316,0.74126565,-0.26670167,0.9792818,0.86009026,0.29323283,0.30281222,0.7524529,0.93197465,0.31333464,0.7180634,-0.3112046,0.5250017,-0.6832299,0.36383328,-0.71932834,0.53911716,-0.7728752,-0.47664118,0.0713289,0.77731115
317,0.5854967,-0.2096518,0.97983575,0.97526556,0.09746775,-0.27425772,0.72032493,0.38236585,0.6303179,0.8640568,0.122984715,0.38100308,0.14112134,0.046188425,-0.041453287,0.55336714,-0.63375145,-0.377986,-0.29395667,0.66560876
318,0.4690187,-0.1818726,0.97943825,0.8533844,0.47193894,0.0675904,0.8163363,0.41709107,0.42839924,0.9610622,0.04842857,0.26116487,0.3659082,-0.05415335,-0.5683706,-0.12968642,-0.5355024,-0.32688215,-0.38019058,0.6280372
319,0.56145644,-0.30597088,0.96220315,0.96831536,0.29940918,0.32274717,0.85750926,0.33209345,0.6326559,0.41294146,-0.20590141,0.21339525,0.31842533,-0.3684169,-0.6653034,-0.101026,-0.96118313,-0.42437828,0.049032707,-0.09307057
320,0.6854243,-0.37304765,0.95191234,0.8817248,0.36802447,0.5164135,0.5177381,0.2572249,0.49870166,0.50263774,0.18386334,0.43019447,0.0495215,0.7677712,-0.7216851,0.30366835,-0.45507345,-0.53411496,-0.12361413,0.92829156
321,0.57694125,-0.15926237,0.9717233,0.9332731,0.14835703,0.775935,0.6780616,0.70740724,0.40311727,-0.14109093,0.093216196,0.5327727,-0.48213276,0.8650686,-0.7875157,0.49069914,-0.4959381,-0.97031164,-0.8294534,0.86021674
322,0.71495706,-0.1949536,0.96208185,0.92245245,0.19845386,0.057462063,-0.0022813675,0.8667054,-0.08354482,0.95654535,0.2594262,0.45319366,0.9433621,0.6660852,0.11473865,0.9456187,-0.13095017,-0.117764615,-0.12509306,0.944481
323,0.62416923,-0.116932586,0.948776,0.93970126,0.36423805,0.5061798,0.4761146,0.92277527,0.2669657,0.5957402,0.19599213,0.6897027,0.767029,0.5281824,0.030818589,0.5459513,-0.2659794,-0.36900085,-0.41917223,0.78171796
324,0.4990597,-0.3491099,0.93564755,0.8791107,0.0382513,0.43226632,0.9673712,0.96793824,0.43756518,0.48635212,0.15755393,0.976593,0.86496395,-0.005542594,0.0032509319,0.82615846,-0.42927444,-0.5823972,-0.84413314,0.2524079
325,0.5568508,-0.19830215,0.97057414,0.9035692,0.23667724,0.18560065,0.34965545,0.07355312,0.6869534,0.42835107,0.733382,0.5728757,0.73618245,0.9698445,-0.6311655,0.018688213,-0.43926743,-0.43416038,-0.6540733,0.8416291
326,0.53665304,-0.078806505,0.9563239,0.98944634,0.11822741,-0.45005307,0.6557959,0.5709732,0.35861596,0.6137307,0.4460833,0.42888564,0.4524888,0.5332871,-0.93123955,-0.3017223,-0.91606754,-0.16431431,-0.75653934,0.7322711
327,0.56399703,-0.19438769,0.9820356,0.90661395,0.2838611,-0.15006302,0.9893202,0.69747066,0.66169924,0.6349197,0.3283149,0.89712167,0.73138964,0.88765025,-0.009062404,0.44955823,-0.40449196,-0.42959383,-0.5482243,0.53633034
328,0.5310153,-0.19750561,0.9820588,0.8789491,0.27739346,-0.10939815,0.8275115,0.27194327,0.65202355,0.9003277,-0.2414785,0.61910474,0.21534033,-0.44649196,-0.2497286,0.385265,-0.77051955,-0.33428144,-0.1534181,0.5287641
329,0.56108737,-0.29219735,0.97308886,0.9394263,-0.012736267,-0.05133651,0.7903753,0.73505086,0.24891731,0.80102646,-0.1972555,0.483846,0.103876196,-0.07993657,-0.18247616,0.7508439,-0.47265702,-0.26239887,-0.4604794,0.53958815
330,0.49228135,-0.35917556,0.9631613,0.9759159,0.33138967,0.11321057,0.7751914,0.28314477,0.6166588,0.82370543,0.15244874,0.32083616,0.6413952,0.07332407,-0.7757444,-0.045929648,-0.45367616,-0.16528195,-0.104689315,0.3472899
331,0.5074602,-0.3846853,0.95746696,0.9855019,0.4733331,0.49898303,0.84902114,0.067838214,0.24644071,0.36637354,0.05023755,0.21613552,0.32965374,-0.5451716,-0.5745504,-0.060352955,-0.89421403,-0.3895381,0.11909575,0.830063
332,0.5168118,-0.22133079,0.9588538,0.81110734,0.27691302,0.28463525,0.787451,0.15097955,0.55182445,0.24229358,0.67065233,0.27876273,0.69859165,0.19803934,-0.43904102,-0.11205985,-0.72627753,-0.50645536,-0.43686783,0.75869936
333,0.6173976,-0.44223994,0.97273904,0.9923748,0.54271203,0.057991862,0.637464,0.5130646,0.7337079,0.888471,0.29159388,0.8896101,0.6308368,0.9100513,-0.52519083,0.63704187,0.0047506015,-0.3593724,-0.5088496,0.73838073
334,0.57926244,-0.07782602,0.9352876,0.85998964,0.19472723,0.5815216,0.4877475,0.650265,0.029763969,0.46124268,-0.17305134,0.1813339,-0.14339375,-0.4991509,-0.35696286,0.99432856,-0.7798974,-0.3029278,0.10378233,0.41216636
335,0.5282754,-0.14096719,0.9717278,0.8001141,0.31606337,0.22758955,0.28764737,0.6278384,0.13138537,0.31602788,0.10070245,0.34923825,0.71102834,0.84276676,-0.89916545,0.43515345,-0.33994448,-0.6447345,0.23410091,0.52198994
336,0.5457639,-0.3798006,0.9416563,0.87997013,0.47221214,0.25545594,0.6080191,0.8519149,0.053721085,0.9142984,0.20215027,0.35611856,0.78217936,0.8055685,-0.7672716,0.09687589,-0.5645929,-0.11451066,-0.010749427,0.9843555
337,0.5471188,-0.16528112,0.9221816,0.9836045,0.39334086,0.069810025,0.91568625,0.2167125,0.20661025,0.93724924,0.3031921,0.21922915,0.5520273,0.36318496,-0.91583323,-0.44670185,-0.1543217,-0.07163939,-0.018648595,0.78758746
338,0.6141095,-0.23983458,0.951692,0.9913926,0.21559986,0.22662513,0.2991738,0.8084325,0.009568725,0.8285188,-0.20347574,0.036481157,0.31108305,-0.2368149,-0.2839904,0.81762487,-0.1709554,-0.31471273,-0.024145637,0.53216106
339,0.6141231,-0.5013112,0.91700536,0.91106945,0.26562873,0.7387282,0.97772634,0.78782743,0.36407834,0.7475732,0.059873365,0.75389373,0.17457049,0.030062454,-0.76144755,0.23323284,-0.88478225,-0.3816096,-0.21204306,0.04625384
340,0.5842758,-0.19083741,0.9215228,0.9169853,0.2392121,0.06733948,0.660082,0.0017080471,0.5642468,0.7973128,-0.04355213,0.3431056,0.31700507,0.14787018,-0.46180573,-0.067723446,-0.50009936,-0.39558256,-0.10788724,0.8033212
341,0.6030722,-0.31936267,0.9690119,0.9905062,0.45172355,-0.022424662,0.8703919,-0.5535176,0.60323596,0.32970124,0.09608843,-0.14724024,0.38981965,-0.22736107,-0.8493697,-0.6814276,-0.6273708,-0.3438431,0.24559097,0.8059633
342,0.7788679,-0.13001418,0.960847,0.81934243,0.3033243,0.7962678,0.6310411,0.5908078,-0.06930245,0.43166298,0.60922587,0.493069,-0.35444424,0.31800726,-0.41008297,0.8284491,-0.913012,-0.3559422,0.059896246,0.90943956
343,0.49661592,-0.24166235,0.94298446,0.98125386,0.24948701,0.34589237,0.71589273,0.24999721,0.6104548,0.17663956,0.6130335,0.48567256,0.7342209,0.35418525,-0.6240923,-0.25855103,-0.8735464,-0.3147366,-0.6604392,0.341902
344,0.6260407,-0.55163825,0.90926415,0.86902845,0.42931074,-0.073399305,0.41889864,0.36304775,0.15244888,0.95376754,0.31975332,-0.052282486,0.06390794,-0.39822412,-0.93271,-0.2862429,-0.7005468,-0.13450587,0.04060192,0.6517185
345,0.5035603,-0.19203664,0.9562575,0.6814256,0.2090003,0.2847365,0.7266587,0.45944354,0.72608143,0.56912446,0.22766215,0.32792038,-0.2900548,0.0718907,-0.4541876,0.49445388,-0.8478048,-0.37468955,-0.19250116,0.64558387
346,0.45870095,-0.29910025,0.9406729,0.89259946,0.32404763,-0.46244943,0.9434405,-0.48108295,0.89622754,0.98185086,0.049076714,0.24910927,0.645982,0.18834974,-0.6116516,-0.435751,-0.7122235,-0.25355715,-0.104082994,0.6007022
347,0.54190403,-0.31617895,0.9589347,0.79925835,0.4433253,0.23006746,0.8287169,0.054237284,0.6206632,0.88232315,0.116493806,0.1415124,0.7739219,-0.31416896,-0.34503034,0.08406474,-0.771943,-0.16161248,0.34406132,0.64006984
348,0.5916088,-0.22966184,0.91272867,0.9258267,0.10103877,0.30614582,0.9064785,0.779072,0.37595403,0.710448,-0.18976977,0.33506745,-0.8279012,0.4418487,-0.9851074,0.40730044,-0.2589146,-0.30636927,-0.08574314,0.81452596
349,0.58520335,-0.25166517,0.945152,0.98270386,0.340649,0.4647032,0.82780796,0.9526232,0.21183757,0.39732718,0.32235867,0.81355494,0.5915167,0.98317355,-0.52866185,0.43265158,-0.123535,-0.37148842,-0.20491052,0.34776926
350,0.57081497,-0.30684966,0.97210795,0.95992965,0.63429254,0.08225685,0.93976927,0.13125806,0.3205878,0.80852896,-0.46494713,0.05628053,-0.40356663,-0.069714226,-0.7644776,-0.021229194,-0.9549688,-0.39331752,0.60193175,0.75982964
351,0.5330012,-0.2951074,0.97745174,0.9268726,0.37994125,0.14951655,0.97364634,0.34710988,0.5928158,0.83743685,0.10859245,0.6212319,0.25437585,0.4921359,-0.9675507,-0.22038482,-0.8420726,-0.23274446,-0.40833837,0.4531022
352,0.57204175,-0.40767646,0.96699226,0.97308767,0.40417376,0.3966722,0.17354523,0.371745,-0.08151874,0.9262485,-0.23172659,-0.0720631,-0.29246888,-0.36267096,-0.8024275,0.6503427,-0.76978654,-0.24377024,0.7757176,0.72712916
353,0.63576174,-0.50792766,0.9655006,0.96535945,0.4880869,0.6182249,0.822797,0.27510664,0.68640006,0.75678253,-0.39117128,0.74972343,0.019846557,0.7326947,-0.98801017,0.29036176,-0.057947807,-0.7195436,-0.023291787,0.08183447
354,0.56543803,-0.22143169,0.96211135,0.85771513,0.51188993,0.31879216,0.92628187,0.31560948,0.8953808,0.94757485,-0.5580741,0.45372108,-0.92649496,0.53277737,-0.86303604,0.45943296,-0.55128187,-0.97833383,0.38952214,0.58865345
355,0.6212597,-0.07864762,0.97048473,0.8379925,0.35832638,0.50512874,0.2754537,0.77436507,0.0475597,0.74383944,0.41875455,0.4934411,0.61037713,0.93956727,-0.6652382,0.31094816,-0.124373585,-0.3086648,-0.17039903,0.9635592
356,0.66223764,0.033146877,0.9682112,0.9966744,0.3574804,0.2740315,0.973513,0.5108749,0.28580484,0.9091399,0.10749194,0.5100809,0.5946909,0.8371503,-0.75626636,0.24580401,0.26020536,-0.16581169,-0.12570089,0.50096667
357,0.43602645,-0.016117042,0.9015483,0.9706946,0.24465425,0.46225443,0.94958794,0.29998192,0.4605108,0.0652598,0.2923693,0.2959626,0.19390875,0.181827,-0.8347459,-0.03318346,-0.8853381,-0.16259602,-0.37024513,0.8386267
358,0.63636893,-0.18757199,0.9008135,0.916445,0.18216129,0.3582219,0.9782401,0.16914651,0.96143496,-0.19991307,0.3909339,0.6330651,0.32111928,0.62477595,-0.6178273,0.08832477,-0.51613,-0.6816849,-0.38000372,0.27840012
359,0.6183281,-0.37405026,0.97733223,0.9122319,0.32813755,0.28692353,0.7072906,0.5121539,0.36530566,0.5653549,0.07728088,0.18113062,0.60698813,0.21559809,-0.84821457,0.18777227,-0.68510765,-0.39070025,-0.0077865687,0.373554
360,0.5615635,-0.253975,0.96288306,0.84616107,0.16881472,-0.5422567,0.5255999,0.7414741,0.5418814,0.8739231,-0.35170692,0.6936553,0.03580976,0.09177714,0.66943073,0.9778238,-0.4061711,-0.53278834,-0.34547746,0.93645436
361,0.6361865,-0.24239203,0.96879965,0.9342869,0.20525129,0.58400804,0.813845,0.2589032,-0.2012713,0.81874645,0.03626713,-0.09173127,-0.14091524,-0.82942694,-0.22130257,0.41112226,-0.8899821,-0.13292505,0.47535613,0.93790907
362,0.39508757,-0.3485214,0.97328794,0.7688787,0.17505904,-0.11634405,0.4817193,0.22917873,0.621724,0.9516958,0.46020433,0.155623,0.5052022,-0.11312892,-0.9810515,-0.6874972,-0.3845296,0.11869472,-0.2741964,0.6095467
363,0.6044262,-0.22298032,0.95986927,0.86051774,0.49584794,-0.3641588,0.7753734,-0.11258168,0.96786785,0.88492393,-0.23597792,0.1925111,0.022299545,-0.1939401,-0.9630959,-0.3133453,-0.87884814,-0.4070998,0.28932613,-0.04453764
364,0.55120474,-0.23521444,0.93207395,0.86770165,0.17821263,0.6132428,0.40322003,0.8107777,0.29865652,0.79104805,0.17253506,0.6664042,0.5387827,0.4696666,-0.8037244,0.7121706,-0.4493694,-0.4381221,-0.036845036,0.2541201
365,0.48367348,-0.48500103,0.96566194,0.92018837,0.30496654,0.50701797,0.5589675,0.43738738,0.75430286,0.3984198,-0.22107898,0.6373286,-0.34294862,0.7108616,-0.45340568,0.69733524,-0.6128953,-0.8850375,-0.11133071,0.80845577
366,0.6004082,-0.2843315,0.92194295,0.985527,0.5401902,0.41657966,0.04921172,0.11811396,0.630694,0.51958644,0.1465395,0.3752702,0.117633544,0.63602877,-0.7562552,0.19405197,-0.68600833,-0.6653765,0.108369045,0.82832885
367,0.5487105,-0.19567841,0.98074883,0.8121977,0.33944565,-0.54612106,0.81255615,0.046548013,0.6904231,0.71212894,0.31637716,0.445352,0.3812889,-0.024410293,-0.13614096,0.035692766,-0.9044207,-0.107242525,-0.35525802,0.6107476
368,0.83032405,-0.36581105,0.9648433,0.79975486,0.3566677,-0.35096368,0.7062849,0.4269474,0.56715477,0.7159482,0.0551653,0.36028907,0.8058996,0.87227124,-0.67395246,-0.0011128146,-0.34422496,-0.7290455,-0.7398946,0.64802873
369,0.6399547,-0.34038407,0.97035706,0.98121953,0.24786894,-0.0721908,0.94496423,0.37025568,0.44630244,0.6922312,0.08256505,0.30768135,0.8684695,-0.39502463,-0.021190867,0.6900281,-0.5225563,-0.31393442,-0.02513248,0.53166944
370,0.53105503,-0.26629418,0.9797705,0.99026424,0.21611628,-0.07601214,0.6620023,0.47808483,0.510673,0.73845804,0.21729206,0.3616268,0.6426919,-0.08103352,-0.5363958,0.27048993,-0.8205146,-0.17727828,-0.014544358,0.3168705
371,0.5445165,-0.21913666,0.96078956,0.88033843,0.3401081,0.13363667,-0.15983915,0.509118,0.3727023,0.58813334,0.2915119,0.30960092,0.46474203,0.8472781,-0.5731177,0.22356641,-0.3009333,-0.5042883,-0.17376819,0.9173254
372,0.6674669,-0.26030993,0.9710383,0.8845624,0.04800529,0.10593231,0.9088526,0.5031395,0.8638053,0.5861543,0.5810531,0.6391431,0.6091006,0.50327057,-0.58588034,0.312999,-0.43490043,-0.07775059,-0.8492062,0.8203927
373,0.5794576,-0.28323,0.9581697,0.91871065,0.34590337,0.036372792,0.62877655,0.1272616,0.4359882,0.7882206,0.608315,0.27063057,0.9300976,0.26353535,-0.5942547,-0.08854269,-0.5295165,-0.078770034,-0.2778262,0.9789902
374,0.5850653,-0.14780031,0.9706014,0.8836343,0.18012248,-0.21048325,0.8772208,0.712919,0.85440904,0.4156027,0.34689045,0.47743222,0.23592778,0.7401097,-0.17676714,0.84819466,-0.5279182,-0.46755004,-0.7069286,0.9513642
375,0.5511976,-0.2608816,0.9743911,0.8330465,0.16400279,0.41679904,0.81348974,0.87219846,0.32611018,0.6517097,-0.10057815,0.43079928,-0.43563077,-0.027900694,-0.49146637,0.7671656,-0.9584575,-0.3982318,0.057114825,0.8567664
376,0.42241687,-0.25606942,0.98205125,0.9809076,0.41914928,-0.09183219,0.6494444,0.0093854135,0.45232117,0.4598057,0.09070903,0.29384744,0.33277065,-0.045316074,-0.2906185,0.0026485776,-0.90457445,-0.35759112,0.09711398,0.8983693
377,0.551231,-0.20715861,0.95817876,0.9406205,0.66005754,0.040894605,0.7516824,0.2368711,0.4372787,0.68105537,-0.31503937,0.5780574,-0.28839192,0.37921324,-0.80787086,0.076698534,-0.6550268,-0.60563636,0.35502478,0.94771576
378,0.441672,-0.2616723,0.97307754,0.96633214,0.4665302,-0.3346164,0.3690329,0.36578915,0.25289643,0.82704645,0.08227996,0.24558899,0.9654958,0.12105892,-0.09754832,0.09324216,-0.41339323,-0.23600416,0.047101878,0.74985176
379,0.47104254,-0.14057365,0.9689036,0.8556389,0.25066528,0.6448047,0.68528295,0.4694614,0.12136686,0.4021941,0.05387717,0.037837893,0.0043055923,-0.0012451423,-0.19432673,0.5681726,-0.8237971,-0.51098865,0.16875966,0.8015275
380,0.6101172,-0.29436836,0.98160857,0.9726543,0.23778339,-0.14698176,0.84692997,-0.22070079,0.9861368,0.5947944,0.41848388,0.43387935,0.87593484,0.6049997,-0.9329864,-0.95599043,-0.8970699,-0.31633598,-0.771043,0.5299035
381,0.49524486,-0.37312847,0.9777711,0.9981404,0.50929785,-0.29644328,0.6648317,0.050499238,0.4753028,0.8172694,-0.12907866,0.20947336,0.49882215,-0.37635213,-0.7145559,0.058642328,-0.2941642,-0.40855154,0.5170099,-0.050220747
382,0.58502895,-0.2886732,0.9782027,0.9086015,0.0144053055,0.40800038,0.59937316,0.4476115,0.34197593,0.48396224,0.14222819,0.189095,0.23914681,-0.30271423,-0.44743347,0.51538616,-0.6263018,-0.36337116,-0.27576494,0.34115693
383,0.3718208,-0.3421069,0.9644519,0.97417754,0.21844995,0.48486695,0.82261115,0.3261663,0.48864952,-0.18491347,0.21837234,0.3592483,-0.01642995,0.28293312,-0.9155567,0.31379342,-0.93122673,-0.6430959,-0.51087946,0.738111
384,0.62602127,-0.26489308,0.97436786,0.90665805,0.3232471,0.5312681,0.613655,0.6633571,0.10545456,0.5882452,0.3252981,0.4891,0.101213865,0.4687605,-0.66746676,0.56339467,-0.34978375,-0.2421625,-0.084151134,0.54903895
385,0.5502465,-0.17988189,0.934103,0.812981,0.41265735,0.50375503,0.68975246,0.2085714,0.2721019,0.49377573,0.25267634,0.46281695,0.09319453,0.561321,-0.48581803,0.3832433,-0.13641778,-0.711483,-0.026032796,0.9908131
386,0.61654806,-0.09661746,0.96527237,0.97365314,0.2639801,-0.26755258,0.82113,0.22518489,0.80397743,0.80701536,-0.08894254,0.11622848,0.73696023,-0.41561395,-0.53485006,-0.12682676,-0.47918636,-0.5036185,-0.20501894,-0.21596587
387,0.5282993,-0.1389952,0.9793919,0.919945,0.34045362,-0.40490422,0.66427827,-0.34534088,0.9001239,0.53354853,0.3579268,0.05411204,0.87301624,-0.31775397,-0.6359351,-0.671765,-0.7805004,-0.23981333,-0.3945644,0.22296298
388,0.57655436,-0.2756719,0.9605473,0.9662411,0.37247664,0.09220744,0.79564655,0.39604118,0.21697049,0.51621467,0.1426246,0.18085736,0.9054528,-0.3858556,0.26898736,0.4016937,-0.71674246,-0.1573115,0.15191369,0.7336123
389,0.52758175,-0.15201035,0.97040486,0.9755503,0.46114856,0.18311048,0.6566857,0.44854698,0.60610867,0.6478807,-0.24411722,0.72093105,-0.094459094,0.4842939,-0.38244352,0.5592322,-0.37930724,-0.70231783,-0.18606228,0.8686121
390,0.40172106,-0.29734367,0.9298576,0.92627454,0.18528007,0.081729785,0.26728302,0.23629938,0.21649906,0.529254,0.40074348,0.3299271,0.09805975,0.3988937,-0.72209835,-0.0032557398,-0.63902456,-0.21287203,-0.22666351,0.79649615
391,0.7950342,-0.2165209,0.9668346,0.9678286,0.48875907,-0.024181765,0.73447436,0.21406133,0.5252033,0.79451424,0.19730699,0.32492667,0.1263616,0.32381952,-0.586317,0.23472638,-0.56951886,-0.38327748,-0.03219538,0.8167451
392,0.74353373,-0.2328711,0.9609687,0.8736969,0.37880254,-0.20894489,0.84072125,-0.060182482,0.3306099,0.41783845,0.11382694,-0.022911781,0.24826819,0.13343443,-0.5118968,-0.30127332,-0.9828272,-0.36067146,-0.0054751625,0.982982
393,0.53473496,-0.25239304,0.9811693,0.88885087,0.3084306,0.0012518087,0.64949703,-0.015842982,0.26974633,0.76416934,-0.07877611,0.059787948,-0.35076424,-0.65068257,-0.47090766,-0.13923255,-0.87800705,-0.22737567,0.34504142,0.6629307
394,0.7321228,-0.2137947,0.96903396,0.9290686,0.27294543,-0.025006628,-0.33999076,0.7532804,-0.07142474,0.81464624,0.32348025,-0.15739532,0.46316195,0.4110805,-0.28795364,0.55371726,-0.6117983,-0.2772297,0.26166996,0.9685303
395,0.6631964,-0.25715286,0.97785616,0.930682,0.2884652,0.34882823,0.887299,0.7502773,0.6256028,0.4854638,0.06503711,0.8647034,0.85357356,0.10952781,-0.24712557,0.5299375,-0.1342137,-0.5827248,-0.38582405,-0.38777274
396,0.541062,-0.17399544,0.9798554,0.87146145,0.47951853,0.1383367,0.5244649,0.21040721,0.53718174,0.7775344,0.17765528,0.2247413,0.96953565,0.3835391,-0.96268123,-0.6319606,-0.17811003,-0.18755789,-0.19291416,0.22366259
397,0.4501059,-0.21948147,0.9467458,0.9314621,0.26897013,0.28631914,0.9049863,0.5745519,0.30985925,0.28311926,0.41549394,0.45604554,0.7776441,-0.6431506,-0.016490452,0.35602632,-0.9043814,-0.38029653,-0.034995377,0.25182375
398,0.43358642,-0.07850118,0.95399517,0.9252834,0.50359744,0.4962913,0.5165587,0.29012844,0.67681754,0.73771775,-0.24721842,0.590386,-0.7908003,0.6405859,-0.9694833,0.45680484,-0.5665686,-0.65214574,0.14657468,0.7398387
399,0.57866263,-0.178606,0.9801669,0.99332595,0.52465385,-0.23460528,0.50895995,0.21840334,0.45807827,0.968686,0.026528401,0.08629421,0.57317716,0.61212075,-0.72830254,-0.3779568,-0.71898746,-0.4337655,-0.2449278,0.9589768
400,0.49433038,-0.2682181,0.969211,0.86848295,0.47549564,0.3852302,0.5214703,0.7255661,0.047613505,0.8855177,0.04367673,0.4245786,0.6652677,0.57595086,-0.552545,0.6426157,-0.3448949,-0.4177331,0.7300474,0.80887955
401,0.5686006,-0.2617237,0.9355041,0.9109855,0.2237095,0.08803517,0.8786171,0.29880327,0.520355,0.51676714,0.39564043,0.8309438,0.822123,0.11108925,-0.33973545,-0.053073898,-0.55783385,-0.4112808,-0.46044835,0.023347586
402,0.5213026,-0.16416816,0.9622121,0.80300003,0.19977137,0.26951396,0.864305,0.28379005,0.5560713,0.95073223,0.12623253,0.59333295,0.49234024,0.10810075,-0.87927765,-0.10568943,-0.59809834,-0.09592121,-0.24321392,0.31519085
403,0.66964793,-0.29243976,0.97984385,0.819335,0.38796893,-0.25709894,0.8717752,-0.1153939,0.5678223,0.82509923,-0.10943392,0.17172712,0.23966916,-0.19255657,-0.65662724,-0.40430164,-0.7588849,-0.39071888,-0.047997735,0.6503715
404,0.7525518,-0.3245512,0.9722143,0.84673446,0.29031205,-0.32284975,0.8866312,0.03254928,0.72415847,0.64090544,0.50309247,0.6425189,0.9111678,0.6211176,-0.6494319,-0.53898203,-0.2143866,-0.41151437,-0.7735887,0.55995256
405,0.46717033,-0.26954573,0.9207973,0.9737774,0.37690702,-0.216469,0.95759195,0.30398303,0.2599498,0.9308986,-0.2654206,0.1480259,0.09351488,-0.4386689,-0.1989906,0.3063921,-0.90846956,-0.21705166,0.49566048,0.50308406
406,0.43852288,-0.3176211,0.9718693,0.93485117,0.37253785,0.30574283,0.9860241,0.47227517,0.8869977,0.45475766,0.17544173,0.78357834,0.6470292,0.93175685,-0.86809105,0.21757524,0.37801322,-0.99565727,-0.5254328,-0.21057633
407,0.5099954,-0.19392958,0.97939306,0.97344065,0.3031563,-0.16978055,0.8822217,0.75887233,0.7475302,0.8457674,0.020840487,0.9306097,0.29878175,0.52598387,-0.3380287,0.5373967,-0.43454698,-0.52341616,-0.4237435,0.3064141
408,0.5738697,-0.27772805,0.949726,0.7176845,0.20233667,0.08944909,0.838119,-0.053767618,0.77722484,0.7344587,0.009440641,0.1953651,0.17471029,-0.512164,-0.9016744,-0.28913814,-0.9180381,-0.36861235,-0.03966017,0.2121551
409,0.597871,-0.1482944,0.8904148,0.90336585,0.41362295,0.5891032,-0.15300979,0.94537395,0.07532299,0.6194087,0.047490362,0.5127481,0.96418095,0.96922123,-0.36732957,0.9313586,0.35788357,-0.6352006,0.31553337,0.5330394
410,0.5376685,-0.2619993,0.97979665,0.82312393,0.53813404,0.23320903,0.929225,0.501646,0.8742741,0.4516793,-0.0969849,0.7948755,-0.11251679,0.97977024,-0.79990983,0.32061553,-0.18626556,-0.83624643,-0.2703656,0.76546717
411,0.40359747,-0.23472746,0.9619355,0.8108083,0.13726965,-0.13087873,0.58506274,-0.07313285,0.626621,0.36768466,0.2781714,0.07755051,0.013375667,-0.14711475,-0.6581223,-0.31941935,-0.97293633,-0.4369626,-0.36156613,0.32927927
412,0.5318963,-0.18571076,0.9443119,0.9081158,0.5887174,-0.020295996,0.6510303,0.48328575,0.05064728,0.5502411,0.40137517,0.2994128,0.72084695,0.7118856,-0.9601833,-0.7548386,-0.5400012,-0.077120684,0.052522175,0.6762635
413,0.6600793,-0.33289075,0.9581791,0.9784324,0.52573115,0.587078,0.89712405,0.14270762,0.28300554,-0.0335695,0.3928756,-0.08083513,0.38251638,-0.041220073,-0.68214256,-0.12300457,-0.85507524,-0.30922338,-0.08752688,0.86050403
414,0.71309525,-0.28345627,0.9166894,0.92415154,0.36749125,0.46745145,0.9775386,0.71511626,0.29710555,0.503105,0.26023462,0.6971462,0.10084802,0.49947268,-0.45967388,0.95707476,-0.4109247,-0.52371,0.17527895,0.6757914
415,0.64117116,-0.2975768,0.96984345,0.99516237,0.5055446,-0.25208578,0.5725216,-0.16727483,0.7362676,0.6397326,-0.25043434,0.38777158,0.6467868,0.7424038,-0.84067005,-0.4745647,-0.24676672,-0.6912675,-0.015684513,0.8055337
416,0.709713,-0.13838232,0.9445567,0.9301146,0.39830497,-0.39196727,0.53793055,0.07590267,0.69384515,0.5865107,0.656659,0.26337302,0.9868715,0.52936083,-0.14313483,0.007741579,-0.4183067,-0.24385118,-0.34155208,0.9211671
417,0.65943056,-0.21396697,0.9704834,0.9087958,0.25624502,0.1361924,0.9562964,0.687083,0.703676,0.77924454,0.56107295,0.9489143,0.98932743,0.5118944,-0.060768742,0.60837096,-0.05913367,-0.3005337,-0.39894065,0.7301969
418,0.6525131,-0.28710714,0.97936696,0.9467437,0.28974223,0.550421,0.8210777,0.802834,0.26161826,0.77305347,0.2958051,0.80149865,0.16777356,0.49705255,-0.70442414,0.5900987,0.27208498,-0.07649587,-0.38550758,0.7995784
419,0.6203457,-0.41170496,0.9324837,0.99370396,0.3123717,-0.7319638,0.929596,0.23255241,0.8473309,0.9385531,-0.11114578,0.798716,0.81272876,0.53875226,0.0873707,0.3179691,-0.10598873,-0.4729498,-0.5861495,0.84970635
420,0.6236439,-0.3110629,0.9259021,0.907162,0.5283665,-0.06397691,0.8171869,-0.031101419,0.5289608,0.57046205,-0.20121671,-0.20613775,-0.09027859,-0.009069212,-0.7593702,-0.07654893,-0.7302221,-0.53359413,0.2973109,0.74318165
421,0.67531246,-0.21260574,0.9345887,0.80376536,0.42142755,0.8760313,0.8383784,0.7746474,0.35421413,0.29457223,0.007795023,0.50461763,-0.29004034,0.62208396,-0.70092165,0.77870417,-0.23009978,-0.8138059,0.0556327,0.92937815
422,0.65072113,-0.40924236,0.96498084,0.9063399,0.38567162,-0.15908065,0.5022435,-0.1074549,0.47518378,0.8997248,-0.17398043,-0.058471523,0.077726424,-0.4251805,-0.7624503,-0.2535653,-0.98736084,-0.22712763,0.3392346,0.8021055
423,0.6032067,-0.27227405,0.9566615,0.8760962,0.36697435,0.48667553,0.5028094,0.658595,-0.07675232,0.6729791,-0.0065182787,-0.027848853,0.123956345,0.16396053,-0.15232284,0.8024692,-0.5556078,-0.88180983,0.39742607,0.9104903
424,0.6302389,-0.2018628,0.9797346,0.8601141,0.21461451,0.2948739,-0.13742462,0.3094376,0.17161515,0.78444487,0.091182806,-0.21561669,-0.013594234,0.09748277,-0.95599496,0.051489804,-0.5587009,-0.19397257,0.041287027,0.8700884
425,0.53109205,-0.28388944,0.90485084,0.9729972,0.44898486,0.5697373,0.9689983,0.27374634,0.9262,0.07762453,0.11257844,0.68446016,-0.16032891,0.7509045,-0.78878456,0.28028473,-0.358507,-0.9279529,-0.41088986,0.68455017
426,0.7058622,-0.28912103,0.9465049,0.9947602,0.082093395,0.49247977,0.9427335,0.50287527,0.6722745,0.4858012,0.19870336,0.555163,0.40981618,0.15327905,-0.7782154,0.3978083,-0.4697444,-0.5264021,-0.24645352,0.0548338
427,0.44622064,-0.27027395,0.96063596,0.8978588,0.31707242,-0.045576386,0.70534146,-0.23469047,0.6801612,0.46291342,0.2451378,0.3988762,0.6494822,-0.22170928,-0.67325133,-0.34730366,-0.53690743,-0.54511166,-0.263065,0.45207587
428,0.6840422,-0.22320676,0.9763062,0.96494156,0.2555499,0.401638,0.7037664,0.5496686,0.24511778,0.4926236,0.14299096,0.4124568,0.75432426,0.3536027,-0.6333779,0.21564375,-0.3452472,-0.2929286,-0.45958525,0.49043304
429,0.7080534,-0.16158395,0.9694475,0.84681743,0.069015406,0.16266142,0.8862101,0.45490298,0.48437846,0.79887617,0.20432585,0.4956443,0.8169957,-0.27540547,-0.63024247,0.3599807,-0.1937264,-0.13201909,-0.2335455,0.20163807
430,0.5887287,-0.2849144,0.93122786,0.93475294,0.41969377,0.13986602,0.59179586,0.20948735,0.09857553,0.8076779,0.04900325,0.0672004,0.8507709,-0.015098344,-0.5258053,0.0014037035,-0.47972327,-0.20457555,0.28835142,0.54472095
431,0.56777006,-0.1984808,0.958888,0.98680794,0.2866997,0.2658006,0.84550333,0.6833039,0.56289214,0.5219589,0.45486113,0.57869387,0.21909498,0.22995855,-0.70209306,0.4064757,-0.854774,-0.2350099,-0.63705677,0.4168248
432,0.5432219,-0.31576523,0.9752434,0.93047595,0.47773302,0.3988818,0.4154214,0.16408293,0.5941586,0.76436573,0.26875362,0.37215897,0.63623667,0.71393555,-0.8864411,-0.11912831,-0.44111332,-0.43491045,-0.12445051,0.53893733
433,0.7104599,-0.24068065,0.97217876,0.97542953,0.24847738,0.07222465,0.8727592,0.22384138,0.39137056,0.14324696,0.58015674,0.3933636,0.5971161,0.2748394,0.16149694,0.4989602,-0.47817102,-0.4448906,-0.38451535,0.95005685
434,0.56215125,-0.15928221,0.9198055,0.9595042,0.3701779,0.63732123,0.4864076,0.21317503,0.7054637,0.28544098,0.35799375,0.46109954,-0.7225955,0.5069454,-0.80326736,0.48261407,-0.87622374,-0.83569264,-0.084604606,0.74078584
435,0.58509344,-0.19932757,0.97100335,0.9723645,0.22346982,-0.19092794,0.74199533,0.19891621,0.3026695,0.9576457,-0.01653814,0.074480705,0.40175086,-0.49094078,-0.6313639,-0.30094677,-0.67799026,-0.016530445,0.13048857,0.41736904
436,0.46779522,-0.2638152,0.96989775,0.97379375,0.3637877,0.15736459,0.46807978,0.60567725,-0.08178943,0.7089066,-0.24881612,0.43502274,-0.22879472,-0.18063138,-0.3357108,0.44672653,-0.96901935,-0.5194996,0.21615502,0.7808397
437,0.6226312,-0.32620957,0.9582669,0.9716698,0.22753523,0.46476662,0.04492381,0.4536116,0.2675586,0.68307745,0.48204288,0.10160699,0.56456476,0.06053149,-0.39816618,0.5436908,-0.93743926,-0.35243213,0.01647982,0.72405845
438,0.52545464,-0.41870895,0.932672,0.9561122,0.45109698,0.4460206,0.6427163,0.60669434,0.51636165,0.15999939,0.8766782,0.58081126,0.9657429,0.7459944,-0.38708863,0.36937764,-0.38215557,-0.6419489,-0.33819106,0.7407284
439,0.5863744,-0.07611205,0.96762615,0.9239244,0.37478805,-0.17880104,0.3620286,0.5283852,0.30286086,0.789723,-0.104470804,0.11025512,0.2254692,0.11087231,0.15707281,0.8143541,-0.668948,-0.5896861,0.08674247,0.8186378
440,0.49720994,-0.30217463,0.9356216,0.95600253,0.5082194,-0.35335585,0.8864348,-0.14949866,0.34696427,0.91539645,0.19147618,-0.045502152,0.9984725,-0.6112867,-0.40434843,-0.28667897,-0.52107584,-0.046375513,0.45909584,0.31702042
441,0.4747866,-0.17621775,0.97733396,0.94044834,0.28363326,0.18717828,0.44483498,0.11741656,0.5013909,0.8170549,-0.21534695,0.20084292,-0.049524087,-0.08247601,-0.799718,0.0018787854,-0.642163,-0.39301854,-0.0102565875,0.4219113
442,0.64858955,-0.33619046,0.9542526,0.8853349,0.4825278,-0.9986511,0.70994055,-0.17104389,0.6806985,0.74034256,-0.07499099,0.15581024,0.75614417,0.05606422,-0.078361675,-0.47835892,-0.40568975,-0.42705974,-0.14989445,0.9681025
443,0.49046218,-0.15260199,0.93213326,0.851825,0.27668437,0.6077643,0.8456085,-0.02065373,0.63720006,0.4094998,0.28691113,0.41246375,-0.5427402,0.43378642,-0.9425717,-0.24114566,-0.64088786,-0.72328025,-0.101917796,0.82810295
444,0.6209933,-0.3748818,0.96812904,0.99369484,0.08967571,0.10632446,0.6463046,0.5608738,0.4630147,0.8877015,-0.11157815,0.46206847,0.12195888,-0.25153795,-0.54086065,0.81345606,-0.54666656,-0.32417873,-0.2111838,0.46022633
445,0.86067194,-0.20277819,0.9762864,0.9381523,0.40233308,0.6960289,0.9321722,0.4091742,0.17194964,0.7161755,-0.1929478,0.22816506,-0.090204425,0.0226006,-0.64684093,0.81692296,-0.6994095,-0.6886787,0.6056964,0.45072874
446,0.47535002,-0.38336137,0.9757826,0.99671644,0.4347432,0.22148606,0.5975326,0.3409698,0.8039834,0.92834336,-0.17039524,0.28596175,0.3024621,0.078657545,-0.9872792,0.098811194,-0.55715674,-0.69397944,-0.29398176,0.01169895
447,0.66958696,-0.40424633,0.980947,0.97725195,0.27564785,0.7037659,0.6784506,0.35556012,0.6464641,0.029606985,0.24482751,0.38104698,0.5589117,0.82912385,-0.8714377,0.25585544,-0.112843186,-0.6005007,-0.5242997,0.74759054
448,0.617176,-0.41554582,0.97361946,0.94154716,0.41684878,0.5721098,0.8957046,0.68446517,0.13915333,0.5100036,0.24529666,0.8182266,0.4412887,0.5859934,-0.5793822,0.63173777,0.091288716,-0.3369806,-0.1407117,0.75926465
449,0.60852605,-0.19217762,0.96496254,0.94804317,0.36120215,-0.11384882,0.50007033,0.39533785,0.12883835,0.85669935,0.08042661,0.26153997,0.6382783,0.20632045,-0.30939305,0.008712088,-0.3080253,-0.28067634,-0.053657234,0.8435061
450,0.7337498,-0.27017528,0.9759349,0.8595601,0.3446519,0.21764848,0.63419664,0.6997119,0.18524316,0.7869702,0.07155227,0.7197013,0.95524865,0.4953143,-0.7103991,0.3448471,0.40719518,-0.01874016,-0.08352606,0.45809835
451,0.47186068,-0.19993547,0.9772515,0.86630714,0.5438491,-0.17473616,0.9789682,-0.1043085,0.5565685,0.50971013,0.35812718,0.089097,0.6899626,0.08621196,-0.9870963,-0.72482467,-0.64419657,-0.060144264,0.062157575,0.71901184
452,0.45843422,-0.05440066,0.9624812,0.89141166,0.14113802,0.519621,0.53957874,0.66600156,0.06358662,0.44986314,0.12173172,0.4929648,0.39549902,-0.3416102,-0.2228916,0.590255,-0.6536597,-0.33922854,-0.11843443,0.45922795
453,0.5485332,-0.15560775,0.96671486,0.89590114,0.7078792,-0.24957941,0.64624286,-0.6515426,0.7776826,0.15479957,0.81477386,0.3857935,0.3492074,0.8463116,-0.9197628,-0.85159576,-0.56897485,-0.72195673,-0.5043961,0.7147556
454,0.5604826,-0.13320448,0.97813344,0.99403894,0.06238813,0.31675482,-0.09915032,0.6994829,0.08169295,0.6618133,0.23641168,0.42320925,0.3596624,0.5684936,-0.44195163,0.61095935,-0.41278234,-0.39743626,-0.39303032,0.66086686
455,0.5538111,-0.2655188,0.975959,0.8299513,0.43326983,0.404912,0.53839815,0.13936381,0.58154744,0.68224394,0.1559199,0.19711238,-0.11165075,0.32897595,-0.7812039,0.19427077,-0.4573648,-0.3163489,0.041394632,0.76490444
456,0.44299498,-0.3340954,0.9574672,0.9697852,0.42284867,-0.1275803,-0.11082191,0.16869871,0.79806846,0.803627,0.10276246,0.117912166,0.7148939,0.77691996,-0.8724491,-0.098776646,-0.13581601,-0.71690583,-0.41941997,0.7967947
457,0.74433064,-0.12616353,0.95068544,0.92902213,0.16584787,0.17839652,0.6988843,0.31553876,0.3319668,0.2705262,0.8260135,0.35567328,0.7774878,0.6157897,-0.41333494,-0.15344027,-0.7249179,-0.3037203,-0.5332441,0.8531278
458,0.6421068,-0.3707787,0.95002735,0.9667445,0.5176473,0.2925781,0.34687313,0.8370988,-0.18390886,0.8622335,0.26439014,0.43450373,0.88913983,0.52635515,-0.54250985,0.20184769,-0.05031901,0.013192025,0.11544918,0.88100094
459,0.66079533,-0.24122286,0.8953266,0.9386799,0.3418184,-0.43962175,0.74690914,-0.06518523,0.4714357,0.6704185,0.026302455,0.14483444,0.4007859,0.061962605,-0.52552915,-0.2934055,-0.70900166,-0.2874939,-0.04615611,0.73630357
460,0.4197427,-0.3910128,0.9583003,0.93765086,0.446295,-0.028887456,0.54837567,0.5232679,0.52281475,0.8788963,-0.53582156,-0.15590714,-0.90222985,-0.0055997167,-0.8419473,0.6284104,-0.5964741,-0.5692303,0.15203154,0.95932883
461,0.5394783,-0.32976556,0.97962976,0.7591262,0.19682501,0.018663045,0.8212632,0.49482828,0.7993828,0.9748224,-0.05545219,0.63352716,0.43848243,0.5254256,-0.98949885,0.2736084,-0.16035987,-0.41193557,-0.2853933,0.38974634
462,0.5315557,-0.52195644,0.95772374,0.9162677,0.48034558,0.23255907,0.12952869,0.21843274,0.6348054,0.89214116,-0.27131894,0.09011925,-0.28910324,0.11055388,-0.6279003,0.41085255,-0.22268158,-0.9034863,0.20111679,0.55024964
463,0.8335556,-0.30085826,0.97081697,0.9501703,0.50846845,-0.14644137,0.28933004,-0.07614743,0.4977631,0.8667681,0.11617181,0.31329167,0.09366854,0.6810461,-0.77964395,-0.22401759,-0.04978457,-0.5082442,0.01993377,0.9643938
464,0.5692306,-0.18458425,0.95749176,0.90764546,0.43572512,-0.40062332,0.8083794,-0.23808618,0.60659397,0.93047273,-0.097074986,0.04218373,0.45524082,-0.2154204,-0.58426696,-0.17783459,-0.5082192,-0.13913548,0.017189033,0.7488587
465,0.6472842,-0.31132886,0.9622148,0.91808075,0.44157663,0.30199045,0.29776222,0.24670005,0.3255144,0.6142569,0.18266252,0.1880127,0.7204241,0.48049852,-0.72231025,-0.15259297,-0.32635954,-0.5922206,0.070049874,0.86421716
466,0.50950485,-0.3321053,0.95082563,0.8966383,0.27588043,0.6346585,0.70426685,0.44936162,0.06939144,0.360136,0.74469036,0.43360183,0.9193229,0.021118974,-0.539562,0.24798822,-0.5892349,-0.038418535,-0.16697238,0.45988622
467,0.6163899,-0.11007229,0.97456145,0.8685462,0.3024157,0.17086223,0.6291979,0.44146332,0.27150896,0.9870238,-0.18488562,0.64869857,-0.5232712,0.20005216,-0.86791426,0.18492226,-0.7630558,-0.024643138,0.07520605,0.8696492
468,0.67973876,-0.053424817,0.93342346,0.97911024,0.18860193,0.06317852,0.85236245,0.43099874,0.22724698,0.6866869,0.1618838,0.22790867,0.759058,0.20793168,-0.32629776,0.16693756,-0.31978142,-0.28137973,-0.046221964,0.80526876
469,0.7108292,-0.13791436,0.96558326,0.97759277,0.07309337,0.18526003,0.41369414,0.7004076,-0.1507124,0.75628084,0.044517577,0.33451775,-0.0933798,-0.045493044,-0.26371646,0.16629115,-0.71772695,-0.24056774,0.15051937,0.8367427
470,0.6003784,-0.22584382,0.94113845,0.88790303,0.33716053,-0.39195666,0.36104843,-0.12506765,0.32741815,0.80075127,-0.092110746,-0.27856153,0.41903755,0.3558643,-0.87872696,-0.57306844,-0.22654113,-0.25956583,0.09738882,0.85878414
471,0.5735287,-0.16912673,0.9750361,0.82906806,0.1816432,0.4492044,0.47624403,0.51992416,0.45791706,0.6480779,0.06382032,0.30486393,-0.30533063,0.15287341,-0.6204992,0.765567,-0.6626485,-0.50461423,-0.13591409,0.8218558
472,0.53418636,-0.29258332,0.9391411,0.6746857,0.43257034,0.18280162,0.8266409,0.6788431,0.52611554,0.5571158,0.030202089,0.2874426,0.6678526,0.01874399,-0.9229704,-0.0151066715,-0.788867,-0.48807904,-0.18685511,0.016987488
473,0.7392212,-0.24773745,0.98155993,0.9695919,0.40023696,0.17047626,0.69997406,0.40976438,0.35854042,0.68206596,-0.12507349,0.19173215,0.27392772,-0.17169064,-0.37899008,0.290441,-0.94451976,-0.35684353,0.113023184,0.94187516
474,0.6101038,-0.2813842,0.9613332,0.9240107,0.17631166,0.40349463,0.9566888,0.20373708,0.7003751,0.2343155,0.30928707,0.3383047,0.33455545,-0.2027199,-0.97489166,-0.2561287,-0.84647053,-0.2635051,-0.38693032,0.05973665
475,0.74021494,-0.24684095,0.9794344,0.97704005,0.13905622,-0.17424062,0.84843117,0.08912806,0.5231962,0.5236519,0.30330768,0.13120595,0.6026067,0.66106236,-0.3837638,0.10521582,-0.35629883,-0.54967326,-0.2857737,0.94315404
476,0.4402291,-0.35230523,0.97819173,0.9850364,0.6051925,0.13154483,0.45350182,0.34808928,0.2865781,0.81126994,0.3012241,0.52219397,0.89444494,0.5603375,-0.12214141,0.46306622,-0.24332741,-0.5178966,0.29963455,0.6183438
477,0.75770175,-0.32778668,0.97557825,0.9548834,0.12853749,0.038979683,0.38811508,0.69992274,0.25522655,0.5876994,0.05868437,0.5338693,0.030564476,0.38956043,-0.7402714,0.42623377,-0.28559017,-0.40429887,-0.38466078,0.4915189
478,0.47652805,-0.15744498,0.9787291,0.97758174,0.53626996,-0.29251483,0.8905147,0.34063354,0.93498915,0.6899886,0.051480018,0.7579471,0.6150021,0.35289663,-0.15744457,0.3227154,-0.50707114,-0.5313444,-0.18923807,0.41924396
479,0.61012274,-0.19901434,0.9707653,0.96360505,0.37730846,-0.36410865,0.95173275,-0.14512809,0.8572157,0.92897516,0.21609858,0.29399848,0.5645691,0.18201856,-0.637069,-0.33637923,-0.76631916,-0.19034727,0.003737622,0.6364876
480,0.44886842,-0.28317043,0.97998345,0.88717383,0.54658633,-0.20355597,0.71558964,-0.28191605,0.630474,0.46483174,0.19006419,0.26996818,0.598645,0.5040337,-0.90036017,-0.85485196,-0.5346805,-0.20668848,0.12174604,0.7445649
481,0.48063436,-0.25305328,0.9624705,0.85061634,0.2320228,-0.42960465,0.43922365,0.8714624,0.39233908,0.9281299,0.12683076,0.15556411,0.90990335,0.088652946,-0.23862524,0.5654757,-0.18699564,-0.2243401,-0.20037337,0.24013734
482,0.68843615,-0.37705725,0.95943826,0.97230494,0.035560954,0.044337425,0.6304182,0.7134058,0.3344738,0.9432244,0.2588592,0.33492327,0.7015114,0.4934169,-0.54947436,0.45114052,-0.37597176,-0.25008607,-0.32178047,0.5886693
483,0.56424576,-0.18156844,0.9820291,0.9354174,0.23775744,-0.3989244,0.79417205,0.11631183,0.61384845,0.6698707,0.7020632,0.5269431,0.9244238,0.6822776,-0.9205728,-0.5376347,-0.6983785,0.2095808,-0.22195172,0.61318856
484,0.5256248,-0.24721766,0.97600096,0.87485904,0.09849503,-0.15945376,0.59362775,-0.023712702,0.23483665,0.6835135,0.008187293,0.106464185,0.32045096,-0.77002776,-0.24233657,0.0053834217,-0.67927605,-0.23717,-0.0026485578,0.97115475
485,0.5757514,-0.12854092,0.9731008,0.9327039,0.3928485,-0.08370361,0.10797973,0.29025877,-0.06543831,0.7359501,-0.06619798,-0.07627249,0.54041433,-0.6966898,-0.4551407,0.053720653,-0.7611778,-0.22643523,0.34630322,0.7218404
486,0.58588684,-0.33021238,0.94782877,0.79615825,0.3860405,0.010733747,0.26046267,0.01161486,0.4824905,0.9811094,0.08458815,0.019594774,0.6744379,-0.30978283,-0.7164192,-0.20041609,-0.9404125,-0.11596887,0.47120637,0.34285337
487,0.5131368,-0.26924047,0.97183895,0.88955265,0.3208656,0.04711814,0.8163877,0.316494,0.49024802,0.3169919,0.22163577,0.7243613,-0.16028698,0.72409344,-0.5964934,0.037613556,-0.77099204,-0.65709484,-0.6240859,0.96178186
488,0.55516917,-0.24236315,0.9642952,0.9667949,0.078748435,-0.035657387,0.25549096,0.8597762,0.29230842,0.73239356,0.21170257,0.32792366,0.44481754,-0.048562735,0.13476631,0.64301765,-0.91250813,-0.018349333,-0.38949373,0.58480585
489,0.52515996,-0.49311084,0.9770575,0.8688576,0.4444524,-0.04439531,0.58426344,-0.017153928,0.8748113,0.89594704,-0.07242313,0.23223917,0.33295536,-0.07337826,-0.82385325,-0.15841258,-0.8536598,-0.46206895,0.00870782,0.22568172
490,0.64985275,-0.40642682,0.9511321,0.8611,0.33471614,0.34457982,0.37122765,0.7519295,0.22225304,0.8631403,0.37989226,0.4129008,0.6916587,0.5892215,-0.17220965,0.96257645,-0.22292231,-0.39981607,-0.33978564,0.9190539
491,0.4821458,-0.27308866,0.9462248,0.8895152,0.2210973,0.37979028,0.46301797,0.24471712,0.37835094,0.4793642,0.09381265,0.7180785,-0.051839825,-0.12172598,-0.63842463,0.14479527,-0.6169506,-0.5380766,0.0722737,0.7565973
492,0.7686624,-0.27678984,0.9769656,0.92813903,0.18721396,0.15136355,0.8335883,0.70971274,0.2704691,0.73919576,0.09895108,0.31307858,0.84207815,0.39012536,-0.46499923,0.63378066,-0.2374341,-0.5373783,-0.5871034,0.6319459
493,0.61247975,-0.22290872,0.9804785,0.9691403,0.43976673,-0.12249882,0.93506354,0.233767,0.6174171,0.54154885,0.23624276,0.30861902,0.59735686,0.4542901,-0.73644954,-0.27848676,-0.7460571,-0.29963964,-0.39286384,0.71225935
494,0.48193794,-0.15163425,0.9723944,0.90035963,0.24890853,0.582821,0.9224176,0.48215652,0.73897135,0.59680355,0.32974958,0.7171592,0.11859946,0.70686793,-0.93364763,0.30196682,-0.49275425,-0.71619684,-0.41396365,0.4626913
495,0.34321833,-0.2598107,0.9716951,0.96030706,0.13337867,0.5869908,0.7882748,0.4989108,0.43779904,0.57349,0.13896687,0.54351825,0.08880616,0.28350422,-0.29314917,0.6790825,-0.741369,-0.5123818,-0.22939019,0.60044515
496,0.4102193,-0.20323312,0.9746288,0.9932951,0.19510156,-0.102842554,0.1846868,0.27720144,0.4115898,0.5801161,0.2989991,0.1331446,0.32673338,0.52018076,-0.53745985,0.07738968,-0.7575112,-0.4830789,-0.29641825,0.809618
497,0.68200564,-0.036314838,0.952198,0.6856011,0.40820023,-0.07528954,0.9758719,0.10168176,0.45484233,0.542945,0.24560979,0.5772012,0.96043813,0.3111302,-0.15086517,0.07840968,-0.8267266,-0.28472915,0.13882957,0.74219996
498,0.44508183,-0.3510912,0.93481946,0.8635971,0.46295384,0.39431643,0.80860454,-0.0043718666,0.6669202,0.53449446,0.4425361,0.3993314,0.03785307,0.53157127,-0.77023566,-0.06131585,-0.58659244,-0.63626105,-0.26912174,0.75362563
499,0.5792576,-0.25812653,0.98048145,0.8956897,0.60991085,0.3967945,0.9912102,0.11015878,0.39764053,0.66601944,-0.17678204,0.53392345,-0.6141295,-0.1716349,-0.8470221,-0.12750101,-0.6665514,-0.56667286,0.25025,0.6615453
500,0.5838217,-0.23029503,0.98087245,0.9142834,0.487755,0.03332414,0.76465297,0.58563745,0.355815,0.97525775,0.17289186,0.62269163,0.1816527,0.352859,-0.22857238,0.65720195,-0.39589104,-0.44131014,-0.06242807,0.96639967
501,0.49465555,-0.3566577,0.9584584,0.80951977,0.47680807,0.07458395,0.5289758,0.25599635,0.5271305,0.8995877,-0.018210137,0.44627368,0.20686226,-0.15278661,-0.7650964,-0.10405246,-0.5387672,-0.35519668,-0.009145778,0.4299514
502,0.48190436,-0.26726937,0.9797955,0.9258819,0.36192334,0.116421856,0.6599695,0.916913,-0.07484288,0.6201788,0.3664648,0.5579263,0.84294343,0.42312843,-0.15125053,0.50726336,-0.18233311,-0.22655414,-0.21792842,0.84434247
503,0.5509778,-0.29909837,0.9750032,0.7446382,0.20382826,0.37400243,0.49292156,0.41228247,0.24228153,0.5674707,0.24538171,0.30838776,0.4265313,0.19095048,-0.7411869,0.10812318,-0.60438424,-0.17771669,-0.14396104,0.807512
504,0.5905964,-0.22211447,0.9813478,0.863762,0.47971404,-0.63199025,0.080771685,0.0656609,0.65346414,0.80180323,0.1939559,0.18150546,0.8283653,0.4205633,-0.8144495,-0.43368196,-0.057983283,-0.33918166,-0.2778987,0.8167841
505,0.49674723,-0.28868365,0.965653,0.8460969,0.18261673,0.20570028,0.8985611,0.6593657,0.4616059,0.602975,-0.21770442,0.597478,-0.11005177,0.5800122,-0.6317365,0.47437313,-0.61332476,-0.45414928,-0.013756596,0.5369783
506,0.59756696,-0.1762897,0.9737481,0.9209478,0.33588377,0.34451047,-0.13463703,0.71501213,0.16706176,0.6513071,-0.036870822,0.3349589,0.15757146,0.8136585,-0.31051254,0.9004037,0.047178995,-0.7223287,0.1053263,0.8674882
507,0.61434305,-0.33669552,0.9531015,0.9730642,0.4998859,-0.09374973,0.1602063,0.5070707,0.22942486,0.8378568,0.3348775,0.5324122,0.7074033,0.41664547,-0.6544489,-0.13862576,-0.53039616,-0.43128282,-0.30902094,0.6608629
508,0.5114778,-0.325201,0.9183446,0.9516737,0.44592685,0.18499637,0.78809726,-0.12421319,0.36225393,0.3718845,-0.13429262,0.033407696,-0.44601786,-0.31619507,-0.9257832,-0.20894192,-0.8335133,-0.540896,0.5269951,0.5766832
509,0.5662104,-0.257379,0.94816965,0.91786873,0.44045794,-0.25343263,0.29786947,0.26738128,0.25656933,0.9346259,0.041309386,0.14553812,0.6641863,0.14211868,-0.3588226,0.17746527,-0.61435574,-0.35257763,0.24973004,0.6925067
510,0.65737784,-0.42172158,0.9708703,0.96901685,0.17772475,0.28353128,0.43738568,0.9533483,-0.09101024,0.9642528,-0.42123744,0.88480437,-0.33684498,-0.010640602,-0.83458453,0.3374377,-0.687274,-0.32289147,0.03954194,0.23716079
511,0.5558082,-0.25584963,0.97426933,0.9792101,0.38545695,0.27453512,0.6197228,0.5335891,0.0711378,0.26199046,0.3401032,-0.21638131,0.3198156,0.20169152,-0.6318689,0.18375579,-0.76138353,-0.19471614,-0.04682206,0.97122085
512,0.4812518,-0.31077608,0.9763915,0.9907879,0.29930875,0.43376783,0.7268773,0.37156656,0.12519382,0.96833336,-0.4050443,-0.048429366,-0.373598,-0.6842536,-0.29428327,0.8103403,-0.98358244,-0.63938266,0.47876084,0.7080047
513,0.5354609,-0.33083114,0.9813804,0.9841918,0.3632811,-0.4519324,0.6538801,0.16800477,0.4507892,0.9430516,-0.23633416,0.18322253,0.3845706,0.16054387,-0.3451165,0.18042094,-0.64047843,-0.37307107,0.003966573,0.9553749
514,0.5870398,-0.2654116,0.9523581,0.8850191,0.49042472,-0.089905426,0.5826558,0.18447243,0.64834124,0.9699668,0.12660457,0.3166719,0.6219179,0.6179649,-0.763197,0.22168751,-0.080351956,-0.52795273,-0.0046908357,0.40910017
515,0.38973102,-0.21127093,0.9705674,0.77572376,0.24990064,-0.44375184,0.47500384,0.23410326,0.70822334,0.43710437,0.6629759,0.2523065,0.8928115,0.6180003,-0.18990676,-0.13541429,-0.83477753,-0.24048418,-0.5523979,0.8123299
516,0.69210845,-0.41727728,0.9779142,0.9149578,0.38488638,0.035648584,0.35361362,0.37734002,0.2311818,0.86644316,0.09804031,0.37201834,0.7119761,-0.012943512,-0.23604831,0.5520912,-0.48032138,-0.40311542,0.14378999,0.42722365
517,0.4801422,-0.19673479,0.92345715,0.96607363,0.40338132,-0.6744045,0.9201378,-0.100276396,0.59920716,0.5916785,-0.053673726,0.100908265,0.4185858,0.11964365,-0.36373976,-0.24165583,-0.9392753,-0.04827481,-0.051473927,0.8228016
518,0.44847366,-0.26116,0.9713588,0.8804536,0.21267505,-0.70206606,0.8421447,-0.14123596,0.6762241,0.6314306,0.38849297,0.17045887,0.66100645,-0.31778052,0.12808895,0.1983283,-0.6995568,-0.19759753,-0.43054566,0.94643223
519,0.6122414,-0.20122908,0.94615847,0.99504435,0.36985415,-0.28714204,0.94450986,0.60633016,0.8738321,0.84797496,0.31107748,0.76878905,0.7030312,0.6565402,-0.03843992,0.57526314,-0.98319983,-0.20945697,-0.14465325,0.8359044
520,0.6016185,-0.1867572,0.940698,0.9940736,0.38553768,0.21450631,0.92620087,0.23224722,0.67902917,0.5456608,0.3992971,0.7255321,-0.0050881514,0.5739151,-0.8212647,0.022906007,-0.76646924,-0.48975816,-0.35941413,0.74955016
521,0.8849275,-0.3042666,0.9130345,0.9788549,0.31476742,0.9360586,0.8343268,0.7586648,0.57760406,0.02058965,0.8318428,0.8378891,0.39643177,0.9183107,-0.50418115,0.8288493,-0.51794225,-0.6523591,-0.5828775,0.98022616
522,0.3594088,-0.24378648,0.95032215,0.9893114,0.46216315,-0.05496493,0.5772163,0.37292814,0.63845706,0.88716453,-0.28687358,0.15269266,-0.503196,-0.013373812,-0.88354194,-0.18312082,-0.5971836,-0.35040802,-0.017456032,0.6428786
523,0.6501807,-0.21355247,0.9717113,0.9210189,0.2881224,0.8339189,0.8033956,0.7529946,0.16631027,0.30376264,0.5017252,0.6464126,0.22746606,0.20593292,-0.24811448,0.9238676,-0.43299577,-0.3979485,-0.18412301,0.82378834
524,0.6399771,-0.24673654,0.96524936,0.9781455,0.3741571,-0.5795143,0.99021536,0.20714173,0.8023495,0.5581301,0.23070306,0.4137411,0.0402454,0.5267508,-0.50128406,-0.30295566,-0.8661706,-0.32493374,-0.18091477,0.8163831
525,0.5697602,-0.20688076,0.9766059,0.9099909,0.20529677,0.08652275,0.43981594,0.7598588,0.7687057,0.8964187,0.075673,0.5812678,0.90119475,0.018079957,-0.49190173,-0.022458304,-0.50490135,-0.41025668,-0.5992333,0.0060961326
526,0.69320196,-0.30047193,0.93996084,0.888261,0.09252486,0.3012522,0.5031163,0.60002875,0.21459864,0.818242,-0.31527513,0.18129496,-0.012912421,-0.21284765,-0.24840917,0.9614218,-0.5648137,-0.49681565,-0.024712251,0.8416382
527,0.5503756,-0.17421383,0.9773331,0.8940864,0.12942149,0.4749122,0.7995396,0.9096614,0.38946706,0.86388874,-0.08379855,0.58498615,0.12897843,0.22670652,-0.7746935,0.59340835,-0.94373876,-0.48566025,0.2593171,-0.32665113
528,0.7062545,-0.14460139,0.97949183,0.97401977,0.37162545,-0.051644478,0.42276233,-0.114446655,0.8439312,0.75654,-0.24244303,-0.056891788,-0.15547311,0.31759983,-0.843999,-0.3559868,-0.58051914,-0.6686573,-0.11570145,0.7329173
529,0.67468077,-0.23464905,0.979256,0.95969087,0.15186553,-0.083366066,0.11229372,0.26187435,0.32748953,0.9583881,0.23558514,0.17586046,0.2115756,0.08823539,-0.6010426,0.08671023,-0.3134856,-0.096487686,-0.6218171,0.9529344
530,0.5593776,-0.19481027,0.97346455,0.8499162,0.33681807,0.27420983,0.5079042,0.78669095,0.13693424,0.6368292,0.14233442,0.42619434,0.80481994,0.2595373,-0.16550869,0.9015145,-0.54405355,-0.422408,0.23749022,0.7823786
531,0.7165155,-0.21507081,0.97724974,0.9041571,0.377674,0.19740763,0.87887955,-0.09897687,0.4082515,0.8308663,0.33039016,0.17939171,0.9515315,0.18874037,-0.64035666,-0.3947193,-0.4306079,-0.06321966,0.46457028,0.65085095
532,0.6302061,-0.23630515,0.95306116,0.87637913,0.57531446,-0.15496632,0.7248736,-0.18851915,0.5352816,0.65844345,0.3507248,0.32314008,0.5204492,0.6542169,-0.9144952,-0.77835417,-0.39848512,-0.35510328,-0.04790894,0.96203256
533,0.5337187,-0.30003977,0.94164723,0.9519666,0.50791085,0.24678685,0.669456,0.91717815,0.24709053,0.9142176,-0.19418755,0.8104711,0.27704427,0.66248435,-0.80884963,0.557249,-0.6488235,-0.36996654,0.15289238,0.4414383
534,0.6078909,-0.19078565,0.9663425,0.8080542,0.3527413,0.14603935,0.8366941,0.6570546,0.4802978,0.74150103,-0.05291308,0.60858166,0.43258944,0.08690268,-0.3115312,0.6041381,-0.43296093,-0.52172637,-0.19302334,0.8215839
535,0.48986912,-0.25624663,0.9673857,0.9983625,0.34065744,-0.50356156,0.6923676,-0.48389485,0.98271275,0.26052308,0.51241827,0.0866044,0.6320714,0.19811273,-0.6369511,-0.8048176,-0.80877376,-0.69947505,-0.6940553,0.38885263
536,0.45684943,-0.24429277,0.9714165,0.8552537,0.43405247,-0.28645214,0.24876162,-0.22470409,0.7595959,0.9734854,-0.4890837,-0.05430715,-0.928888,0.48710683,-0.554308,-0.053757075,-0.68010163,-0.7712146,0.45124698,0.9841833
537,0.4779547,-0.29577103,0.9186907,0.7917863,0.44688106,-0.22968811,0.8699901,0.20189282,0.58637285,0.37390944,-0.1147256,0.24155618,0.49203956,0.26049012,-0.3988632,0.21656702,-0.5356327,-0.71536,0.0024037422,0.9231822
538,0.5630204,-0.25359854,0.9421557,0.8940073,0.0720269,0.48055157,0.8122213,0.3742438,0.36306176,-0.3558822,0.94986236,0.35850734,0.97165304,0.19595538,0.24321467,0.6743819,-0.7478434,-0.3090018,-0.61063826,0.58875364
539,0.5024487,-0.3640133,0.9714661,0.8528003,0.48786548,0.14550349,0.88809556,0.30130994,0.6679054,0.68098545,-0.09893566,0.69981354,0.92952156,0.4944866,-0.80160475,-0.32977512,-0.38464156,-0.24881941,-0.6631378,0.42610756
540,0.5441174,-0.19124252,0.960357,0.9215759,0.5761542,0.060746167,0.87165076,-0.02079246,0.6716724,0.09821528,0.30814102,0.48433128,0.86222166,0.7759127,-0.5915647,-0.709738,-0.45512447,-0.39011192,-0.5039641,0.93143696
541,0.6489184,-0.25934103,0.9749585,0.942319,0.3790728,0.2808361,0.65673953,0.0040954472,0.60154444,0.43500397,0.3662702,0.4747973,0.8625099,0.49152905,-0.83423674,-0.13486806,0.08391097,-0.53951144,-0.09080539,0.24199767
542,0.5873121,-0.17881794,0.98030615,0.9686045,0.27801064,0.12478268,0.7264983,0.9433144,0.23102252,0.91144407,-0.30538628,0.5797805,-0.05045754,0.7671181,-0.45597467,0.8355234,-0.068724155,-0.41008642,-0.31790903,0.59423864
543,0.54994607,-0.21543637,0.94078463,0.97678196,0.41210422,-0.025288362,0.48295593,0.33052582,0.28637818,0.9082068,-0.034058984,0.21416265,0.5257547,-0.21758172,-0.8639579,-0.6102592,-0.7400779,0.09331869,-0.116717175,0.53730506
544,0.51418614,-0.40399596,0.92162174,0.93859786,0.65645194,0.43755364,0.10925218,0.66851586,-0.08875475,0.90634614,-0.028052023,0.1589664,0.3312799,0.39145997,-0.48181593,0.56647724,-0.20297158,-0.6215146,0.33820373,0.8854338
545,0.5127835,-0.27394027,0.9700335,0.86719084,0.35768336,0.22602084,0.9768059,0.4228668,0.7790377,0.26500887,-0.04343945,0.58608174,0.34462616,0.30496734,-0.54080504,0.2513746,-0.6910513,-0.7417779,-0.19958857,0.06856256
546,0.5515968,-0.19319749,0.9767202,0.74126244,0.41256595,0.24771737,0.9846669,-0.17271483,0.3142619,0.023648268,0.360294,0.17709108,0.24904418,0.39685383,-0.47475484,-0.19481261,-0.65790075,-0.5299421,0.08661262,0.9554149
547,0.5632122,-0.38712105,0.9783385,0.7913399,0.02415219,0.33001164,0.8103516,0.4684643,0.28186375,0.59376353,-0.067244835,0.4465282,-0.13920668,0.07045827,-0.34991422,0.40911344,-0.78933954,-0.39176846,-0.52502745,0.9827604
548,0.52491724,-0.38665032,0.9620463,0.946556,0.53019834,-0.40422398,0.7285482,0.36929247,0.72562736,0.72315574,-0.2566517,0.52236956,0.32770723,0.63942844,-0.7414114,0.015464723,-0.24511908,-0.61343884,0.034600507,0.6357932
549,0.6488618,-0.2666998,0.9755866,0.89763886,0.4107481,0.27516177,0.9460975,0.5212567,0.13223985,0.39379063,0.20748094,0.45211703,0.4191764,0.55237836,-0.4980083,0.18270521,-0.6554656,-0.49168062,-0.075879246,0.6868466
550,0.5846265,-0.2691919,0.97569835,0.9526978,0.38049048,0.74638397,0.64992577,0.36871207,0.2871342,0.4980901,-0.19483794,0.19561748,-0.17802474,-0.25338042,-0.6338011,0.6558759,-0.84288013,-0.6675224,0.5147702,0.57828075
551,0.48379526,-0.17828888,0.92253345,0.8842114,0.32658982,0.22053497,0.7519253,0.1546645,0.46136704,0.3672556,0.00797436,0.45150432,-0.47625878,0.2328035,-0.9137793,-0.0035084505,-0.38571322,-0.6260849,-0.35894865,0.7715754
552,0.56232554,-0.2676241,0.960586,0.8656519,0.3399847,0.41055113,0.88255167,0.43087852,0.4786677,0.77987415,-0.073460534,0.39830938,-0.044707086,0.52704936,-0.7253479,0.46604902,-0.6278403,-0.563553,-0.1416664,0.97262526
553,0.5447572,-0.31236133,0.96498436,0.99821013,0.60423326,0.3453077,0.90524197,0.4849341,0.37732792,0.8785902,0.20145907,0.66850567,0.6640419,0.6535435,-0.39291656,0.57044864,0.01623384,-0.58957434,-0.06408511,0.9348761
554,0.4181631,-0.15380949,0.9508045,0.9694763,0.26203424,0.25134423,0.65593016,0.2900712,0.2887487,0.6130176,0.27893502,0.3921384,0.5717834,0.3162987,-0.6795482,0.23332849,-0.3425008,-0.15421426,-0.1261872,0.785671
555,0.5667669,-0.29023552,0.9624855,0.9723358,0.49322614,0.5482875,0.7605976,0.81628555,0.031984128,0.98576695,-0.08806987,0.49699125,-0.292175,-0.06702801,-0.19231354,0.94700724,-0.5670778,-0.39718816,0.4517886,0.8392656
556,0.5246863,-0.13166171,0.97469276,0.9583746,0.24912359,-0.40657935,0.6248625,0.08292501,0.6911229,0.95747447,0.17409386,0.26075876,0.13866171,0.29534614,-0.6107497,-0.14953063,-0.9935241,-0.32285398,-0.5173509,0.8376398
557,0.5071016,-0.2358019,0.98023736,0.8900645,0.37028542,0.64025897,0.5652664,0.5078398,0.31822655,0.15979734,0.5103463,0.45843598,0.30413592,0.7232885,-0.3672449,0.69743484,-0.88020056,-0.33742988,0.20759706,0.8554746
558,0.3479587,-0.31973198,0.9490661,0.9758698,0.36657906,-0.2666323,0.84761333,-0.4030101,0.55992997,0.7148406,-0.025192685,-0.00033963844,0.40156156,0.4509025,-0.8248143,-0.6327915,-0.24834007,-0.41946808,0.0070847822,0.867977
559,0.65573865,-0.25517505,0.9673252,0.9974776,0.40430486,-0.3625949,0.6758702,-0.18429486,0.47300637,0.4259947,0.3808405,-0.38500974,0.96889925,-0.2863663,-0.46194196,-0.6600427,-0.6594719,-0.17052427,0.11178282,0.9232993
560,0.70080596,-0.24210462,0.95823824,0.93300676,0.21152604,0.3352089,0.23787478,0.66826624,-0.18098822,0.92120504,-0.05681041,0.026873782,0.33968297,-0.28390253,-0.15082951,0.9669857,-0.29666182,-0.23999022,0.3958156,0.9733044
561,0.5516543,-0.24536318,0.97786796,0.8812472,0.23246273,-0.041914295,0.9401805,0.1232036,0.28824213,0.7443549,0.45213783,0.2805729,0.644479,0.10286592,-0.26714516,-0.12932412,-0.67538023,-0.3690535,0.025857272,0.76285475
562,0.6687529,-0.1805476,0.97279227,0.95446426,0.40531188,0.17690884,0.33289722,0.7679795,0.17058787,0.76432586,0.20976594,0.4894785,0.7164073,0.59363574,-0.34951603,0.7422561,-0.122085385,-0.37184364,-0.16108964,0.70722634
563,0.59115577,-0.37692806,0.9217275,0.93767756,0.54006374,0.47372565,0.5331275,0.70468813,0.08333657,0.86325336,0.42524984,0.4962701,0.36936134,0.32351667,-0.019133542,0.58947796,-0.615858,-0.40976086,-0.032186355,0.8361308
564,0.5431219,-0.2481992,0.957048,0.82719696,0.34182337,0.3090668,0.48459834,0.71509343,0.2210476,0.69462025,0.22081019,0.4586795,0.56869084,0.70021755,-0.21738632,0.7762206,-0.15570061,-0.4369521,-0.18171844,0.8959647
565,0.605068,-0.17043976,0.9644873,0.98041207,0.32500988,0.31502706,0.6530382,0.69866407,0.26472768,0.47670496,0.06898915,0.49487054,-0.06102488,0.09101863,-0.39264038,0.4650917,-0.6379301,-0.40616646,0.06116025,0.64073515
566,0.4960399,-0.15423185,0.95916855,0.99226165,0.25487113,0.19953766,0.68377686,0.59566975,0.31462193,0.5162286,0.45344606,0.34931895,0.9155496,-0.03227326,0.23787153,0.65773046,-0.81162965,-0.38833252,-0.3025283,0.8299514
567,0.6117344,-0.23700313,0.9616459,0.93457764,0.23995943,0.798486,0.9588904,0.94551736,0.13846038,0.35779616,0.21823263,0.46326545,0.42659578,0.13849449,-0.5487455,0.3894152,-0.40263993,-0.33668,-0.12454636,0.34362864
568,0.49563596,-0.16871887,0.96526533,0.8995242,0.29080373,-0.15904228,0.98668796,-0.07599905,0.61949307,0.78885174,0.007663241,0.121756434,0.81936944,0.026187379,-0.0768166,-0.06336633,-0.35187435,-0.46941346,-0.20487908,0.63858324
569,0.46165234,-0.31393462,0.95873034,0.9154928,0.5397,0.074582875,0.054201342,0.34928137,0.3090897,0.8197725,0.3443161,0.30888152,0.6621868,0.7667391,-0.7446305,0.0670515,-0.30190092,-0.58222574,-0.0016873351,0.8280817
570,0.57829535,-0.07953237,0.9194386,0.92871517,0.36916912,0.34453556,0.475379,0.6323424,0.1573061,0.729654,0.025411094,0.12145498,0.026853302,-0.24433435,-0.69669425,0.21640009,-0.7516046,-0.24097316,0.009989878,0.5363667
571,0.5790015,-0.1867362,0.9721448,0.9378813,0.33985883,-0.33940828,0.94495815,0.48366284,0.18488482,0.43767008,0.28625116,0.024643462,0.5308117,-0.019069556,-0.6134038,0.028801877,-0.91016066,-0.41880035,-0.11867951,0.7829296
572,0.37957108,-0.18890275,0.92857766,0.96614224,0.2605648,-0.53171587,0.2586778,0.18564321,0.5687556,0.81078935,0.17214315,0.39545918,0.5873443,0.1776902,-0.08770062,0.29153192,-0.6442046,-0.1574659,-0.44514695,0.894932
573,0.5092213,-0.13130456,0.97968364,0.9083833,0.22756958,0.6561516,0.7678071,0.21796258,0.34079325,0.290501,0.44859144,0.1912674,0.2815709,0.15452468,-0.42927843,0.5265084,-0.81472707,-0.5781401,0.17109983,0.6949577
574,0.5914583,-0.25705242,0.9722897,0.812612,0.29549688,0.3576653,0.5048409,0.68515205,0.43983617,0.9829591,0.039716057,0.6805071,0.48076755,0.32748085,-0.3856653,0.7483694,-0.09047528,-0.43757752,-0.054770548,0.40823394
575,0.5193573,-0.17313516,0.9721402,0.78323525,0.20640054,-0.0007642454,0.98832726,0.40859288,0.81117433,0.48031425,-0.014429452,0.5106746,0.23432957,0.13756897,0.009174433,0.8615719,-0.9548991,-0.6795925,0.015487969,0.67450655
576,0.6591729,-0.3468794,0.96070826,0.9455319,0.1740802,-0.5224053,0.50913143,-0.5788805,0.6750871,0.69884276,0.16976044,-0.11515635,0.40463236,0.06955323,-0.4844544,-0.5133076,-0.7742451,-0.44698143,-0.4728395,0.8808804
577,0.3955883,-0.23627327,0.952591,0.88493496,0.36915123,0.49312535,-0.16501546,0.59949505,0.54280055,0.9404601,-0.32595727,0.6343282,0.085498266,0.65225816,-0.92552423,0.6119481,-0.24186623,-0.90833515,0.25921196,0.24307504
578,0.68978244,-0.275866,0.96654224,0.9647531,0.22474648,0.37503394,0.9677069,0.6199087,0.98208004,0.63974327,-0.16152604,0.90751106,0.3972669,0.004635374,-0.65341055,0.1868791,-0.23731148,-0.76673836,-0.73788726,-0.656236
579,0.61217093,-0.10062595,0.9631531,0.90666556,0.29243883,0.21731795,0.9445163,0.40419158,0.961434,0.49712026,0.02189758,0.31971267,0.2010309,0.5198198,-0.97896564,0.3044737,-0.33377016,-0.98724866,-0.20704602,-0.024743937
580,0.76625454,-0.20165004,0.9765764,0.8797748,0.43671605,0.7363063,0.8077551,0.64086884,0.32280904,0.53118277,0.15472215,0.46477273,0.34505752,0.04907841,-0.75656193,0.4784021,-0.40522242,-0.5614957,-0.14690946,0.38394728
581,0.7091944,-0.25120923,0.97278637,0.98695815,0.31168807,0.6393795,0.94999796,0.1559148,0.50464463,0.32753116,0.0022263501,0.5233602,-0.09760924,0.31837797,-0.6429134,0.46881562,-0.6832344,-0.7155075,0.23140416,0.7666361
582,0.553226,-0.37058726,0.93608755,0.9615325,0.6106212,-0.20448731,0.5463702,0.12561528,0.23103344,0.8731257,-0.07838426,0.19964676,0.35482422,0.3066391,-0.6935222,0.06355305,-0.6487924,-0.46882412,0.55108625,0.85637087
583,0.6823964,-0.5634475,0.9685593,0.9801446,0.17349662,-0.37152332,0.62829447,0.13146803,0.364524,0.8136835,0.08785218,-0.11914964,0.349782,0.20546307,-0.50332874,-0.0822978,-0.9219151,-0.3078201,-0.07380407,0.94627947
584,0.6672355,-0.47825724,0.9536957,0.72773767,0.41186798,0.13527283,0.66840047,0.106810085,0.82702357,0.59061015,-0.00018866586,0.4802022,-0.3359933,0.64980775,-0.8579085,0.099722095,-0.7155333,-0.6381745,-0.23798908,0.8790325
585,0.6229693,-0.2444182,0.9793943,0.9569504,0.35281932,0.13105202,0.468701,0.40993696,0.63176423,0.56103885,-0.20634568,0.16668315,-0.13065569,0.13475558,-0.54594487,0.4179476,-0.6170137,-0.55456877,-0.43208468,0.75817734
586,0.6983318,-0.14717017,0.9722007,0.94943327,0.18494861,0.22665225,0.5479972,0.5817385,0.326187,0.7027515,0.31539187,0.485697,0.14184153,0.43967253,-0.31167418,0.54787016,-0.46032134,-0.3472619,-0.51743144,0.8276917
587,0.51518136,-0.3534198,0.93905795,0.8921793,0.21966209,0.4943678,0.6210927,0.30102545,-0.040402886,0.8294471,-0.023784608,0.11587582,-0.22381434,-0.62565964,-0.34757566,0.6190843,-0.8038369,-0.21124078,0.32858568,0.6586211
588,0.6560856,-0.23730023,0.97221625,0.97321606,0.2757009,0.09706346,0.6263228,0.66475344,0.610491,0.6123211,-0.20636325,0.59172994,-0.36236313,0.20680685,-0.5206538,0.6502186,-0.37406963,-0.81965506,-0.2160333,0.7622654
589,0.47028953,-0.28293166,0.9811201,0.8989753,0.4533467,0.41353387,0.52434605,0.72994834,-0.059772577,0.33887544,0.35234535,0.3165794,0.3325285,0.170078,-0.016869867,0.47397146,-0.9056375,-0.33103466,0.024470871,0.86079985
590,0.64314187,-0.46749422,0.9776576,0.84803957,0.108786635,0.17527862,0.8586623,0.22675157,0.53650177,0.87685275,-0.09711757,0.23691939,-0.10059423,0.11842102,-0.7673631,0.21605875,-0.58352774,-0.25741735,0.02118054,0.301707
591,0.58159626,-0.15684783,0.9820655,0.99336565,0.15305196,0.121048376,0.87507856,0.6463742,0.43687353,0.33473995,0.37424856,0.4881928,0.9768291,0.53136164,-0.44789314,0.12616296,-0.44799542,-0.100798346,-0.78930175,0.73160404
592,0.4848103,-0.17175551,0.95086694,0.8909365,0.3288599,-0.18701237,0.2990529,-0.044904467,0.87525755,0.93351763,0.22426243,0.076095246,0.2897619,0.76502967,-0.8616572,-0.3313021,-0.5626404,-0.7062673,-0.14169261,0.83469844
593,0.5373144,-0.18105553,0.9561157,0.79799527,0.4718449,0.4521876,0.8915949,0.29139957,0.71413887,0.012942568,0.637184,0.9626502,0.7914806,0.34080285,-0.6276019,-0.28619453,-0.29258463,-0.569189,-0.46795234,0.06484081
594,0.63360983,-0.35176566,0.95635885,0.9739858,0.41039842,-0.14038685,0.90464485,0.44516554,0.19981626,0.770326,0.3076203,0.4176105,0.99676317,-0.19597074,0.23335344,0.8562923,-0.5272136,-0.3289519,0.009702583,0.4537883
595,0.44762114,-0.26734567,0.97403324,0.9792166,0.35003936,-0.5697594,0.702056,0.07749554,0.76185143,0.79486626,-0.07449349,0.40914112,0.9035839,0.65987843,-0.50204754,-0.41993836,-0.15523848,-0.41313833,-0.86900043,0.7290149
596,0.70053214,-0.3295832,0.9704348,0.7476842,0.23617716,0.30255666,0.6206703,0.5729419,0.6047458,0.77784944,-0.15463133,0.4776211,-0.58894014,0.1834013,-0.39980772,0.6672296,-0.717717,-0.6180487,-0.46627846,0.79212475
597,0.47583038,-0.21744645,0.9788252,0.99137664,0.4294704,-0.033938956,0.7489818,0.22482052,0.53917885,0.67278475,-0.11035237,-0.05566112,0.5603979,0.06894877,-0.6666553,0.09908806,-0.5221202,-0.40636128,0.058188893,0.4086658
598,0.47924423,-0.40995336,0.9558225,0.93713117,0.818712,0.40943787,0.8764065,0.15367012,0.094352566,0.4634596,-0.017865896,0.31091872,0.49464065,-0.010552922,-0.71238154,-0.111229315,-0.75997823,-0.46676064,0.74664444,0.8667206
599,0.59364647,-0.33162802,0.9346335,0.9854236,0.40325272,-0.03779962,0.7276508,-0.02045846,0.85665303,0.94516057,0.15604483,0.31292143,-0.066938825,0.1936365,-0.5427353,0.45590514,-0.85988724,-0.63465106,0.1757726,0.98553103
600,0.68359447,-0.21990906,0.9172536,0.98883873,0.28248033,-0.69249916,0.8372103,-0.31458828,0.84445214,0.9868941,-0.10986428,0.0680656,0.29063708,-0.6774049,-0.7126751,-0.9272544,-0.55626696,-0.07917765,-0.23301971,-0.19707522
601,0.60782737,-0.32780442,0.9550313,0.884297,0.38643852,-0.107658304,0.93231916,0.30985874,0.7870255,0.91811985,-0.1926329,0.14317837,-0.038479302,0.03381256,-0.8771427,-0.2145297,-0.7219001,-0.45619836,-0.29869464,0.5268714
602,0.5868827,-0.046295997,0.95988107,0.9249501,0.45094314,0.08587492,0.2876188,0.06443953,0.38143247,0.9012483,-0.046641078,0.27674916,0.117087975,-0.052597266,-0.2766483,0.3399008,-0.48602548,-0.52657616,0.41325596,0.5860264
603,0.6038872,-0.23820582,0.97794807,0.85418814,0.44737425,-0.07398936,0.8667917,0.21322502,0.41382375,0.9447922,-0.56615114,0.51675534,-0.6829526,0.12886554,-0.80880344,0.42381695,-0.6444377,-0.5614859,0.4591515,0.6302909
604,0.5864205,-0.41522223,0.9522478,0.9075702,0.5349725,-0.36590335,0.67653763,-0.015309724,0.275504,0.85957545,-0.08582922,0.38165933,0.7712388,0.19334167,-0.3965507,-0.34741855,-0.22954553,-0.28780445,0.100327924,0.68513197
605,0.56891876,-0.15544252,0.96588993,0.99213237,0.4148005,0.07926043,0.85683763,0.83608216,0.33172673,0.76677537,0.12246374,0.32165736,0.61764085,0.54229826,-0.4686819,0.68770427,-0.048297763,-0.52060574,-0.28154898,0.646081
606,0.67451906,-0.41634828,0.97349334,0.99013484,0.5890149,-0.2934825,0.60769284,0.07846779,0.7356822,0.8642544,0.15706205,0.524433,0.99810064,0.8165917,-0.63396466,-0.27186963,-0.28287616,-0.5146929,-0.16261439,0.94656557
607,0.67781323,-0.26437354,0.9792908,0.97951615,0.22399145,0.98089385,0.8461632,0.78524625,0.31843343,0.18283086,0.6228663,0.8709243,0.633356,0.14934382,-0.078056835,0.58081156,-0.81535697,-0.30103818,-0.68806255,0.59485465
608,0.5960135,-0.12171771,0.927898,0.96812946,0.47888926,0.16445987,0.6826177,0.36223835,0.35253355,0.38969713,0.47557822,0.20008591,0.31306368,0.6508998,-0.5393345,0.21704353,-0.70454913,-0.62279105,-0.102117516,0.92624116
609,0.57307255,-0.37155488,0.8984481,0.8988148,0.36630765,0.7112507,0.6760697,0.6755771,0.45555,0.69697756,0.23291567,0.7089268,0.44439355,0.27115718,-0.52817786,0.48849827,-0.61628824,-0.51257724,-0.2766167,0.043948606
610,0.6745115,-0.23851368,0.91739935,0.8589321,0.3434939,-0.0086069275,0.32322913,0.29283056,0.43403634,0.85458964,0.0765911,0.37922597,0.6131428,0.57463217,-0.17750312,0.54390866,-0.109042905,-0.6596363,0.0223055,0.8966738
611,0.572825,-0.35048303,0.9666946,0.8211264,0.28282565,0.36040378,0.6002562,0.06643115,0.1420922,0.52417004,0.6067321,0.23190609,0.19186224,0.3473118,-0.5564736,0.025752097,-0.88466185,0.0065295887,0.004640966,0.8824701
612,0.6865621,-0.46686694,0.95306426,0.9690207,0.44563967,0.13192031,0.38960028,0.5000491,0.44450954,0.7787225,-0.37132433,0.4781478,-0.10827882,0.5382453,-0.9720316,0.35000482,-0.79147846,-0.7620004,0.024347894,0.66713744
613,0.6036548,-0.30022347,0.95007807,0.8591303,0.30735147,0.077937536,0.31561497,0.47237444,0.4109553,0.7812151,0.058086857,0.48379433,0.6971249,0.6443132,-0.77561957,-0.10942744,-0.05283228,-0.45658195,0.024140254,0.15360829
614,0.63945925,-0.27074867,0.92755085,0.9357764,0.19246213,-0.013465981,0.8979577,0.53515816,0.40611008,0.9224801,0.14969149,0.42074037,0.50175166,0.424398,-0.9318722,-0.18553591,-0.8417452,-0.1699458,-0.28312126,0.30852407
615,0.75909793,-0.44984326,0.9818529,0.88652134,0.40394333,0.29821306,0.25969732,0.7602362,0.25177696,0.7635786,0.21522649,0.38788554,0.37069288,0.6991965,-0.3537959,0.9049156,-0.17618424,-0.8325669,-0.45500565,0.8517282
616,0.5483978,-0.34992608,0.94833493,0.98831254,0.42640215,0.29915786,0.1673909,0.4472224,0.37725428,0.39825335,0.4616467,0.27124032,0.5593223,0.93739265,-0.73940563,0.025683446,-0.1712373,-0.5707209,-0.36528674,0.91670346
617,0.51574665,-0.20276439,0.9622611,0.9935599,0.15402927,-0.0077405423,0.60532254,0.116752364,0.35664642,0.94168097,-0.14763944,-0.19000413,-0.19357665,-0.41205552,-0.87655705,-0.35860735,-0.8293693,-0.1313332,-0.09558257,0.48912925
618,0.6952424,-0.238416,0.9806649,0.78722435,0.22689281,0.5098993,0.6442092,0.5470596,0.3161059,0.9269192,-0.3923433,0.16311002,-0.3947294,0.26797152,-0.6551892,0.48493308,-0.37945324,-0.45070127,-0.14713381,0.94924533
619,0.5871617,-0.05596256,0.94991255,0.8514348,0.19752651,0.54771847,0.23991199,0.44724703,0.34297696,0.5966984,-0.30371648,-0.015018944,-0.19284804,-0.1459568,-0.7921454,0.46435428,-0.49251673,-0.39146748,0.15383148,0.3700216
620,0.6156052,-0.11556802,0.9784663,0.94462365,0.25063354,0.64749074,0.07094748,0.67910403,0.19781299,0.91068393,-0.0342479,0.18544152,-0.18665029,-0.17241621,-0.54555786,0.67867416,-0.6754579,-0.33889315,0.26927254,0.88471913
621,0.8022123,-0.22608991,0.9625636,0.9843847,0.28550047,0.27874103,0.602154,0.026938168,0.6047057,0.51622885,0.5894837,-0.11910988,0.8238145,-0.2579409,-0.5757747,-0.1602345,-0.6141536,-0.30008098,-0.27628183,0.34298977
622,0.6570801,-0.22846237,0.97491896,0.9889243,0.23754478,0.361511,0.84994984,0.45164666,0.22858274,0.25176635,0.65271914,0.14028639,0.6154561,0.5687567,-0.8027418,-0.021511056,-0.8316101,-0.31902754,-0.18216154,0.75696975
623,0.6072748,-0.34537172,0.9431207,0.9746158,0.3317635,-0.07338241,0.5230222,0.5285075,0.5959674,0.7064489,-0.07468342,0.3654987,0.6023531,0.42110345,-0.5231251,-0.069070764,-0.040543914,-0.54997915,-0.49171886,0.1489855
624,0.6236265,-0.25285456,0.9799083,0.8553239,0.22220974,0.23560368,0.62388873,0.38120496,0.34428206,0.60629696,-0.0077015953,0.43442965,0.30355218,0.5236652,-0.52554315,0.39172757,-0.09400339,-0.429217,-0.38045645,0.9518966
625,0.65533435,-0.42521173,0.97342783,0.963697,0.46909064,-0.0915009,0.98046386,-0.07770179,0.7132326,0.523027,0.15904741,0.064561605,0.546404,-0.2847562,-0.7921693,-0.99141407,-0.43207413,-0.32533643,-0.3752133,0.40209302
626,0.59301203,-0.25300074,0.96431917,0.8955613,0.311939,0.43758434,0.79507977,0.5348169,0.36681092,0.73809767,0.7093681,0.45701706,0.98360807,0.57064706,-0.6239217,0.03455747,-0.08338828,-0.24239227,-0.40415186,0.639413
627,0.70110923,-0.17393538,0.97557425,0.9325735,0.40762565,0.57400835,0.8808677,0.770726,0.35533535,0.73454374,-0.03874972,0.82508934,0.13641877,0.56966454,-0.82987106,0.27105582,0.19334924,-0.5805188,-0.2965495,0.35655358
628,0.65732366,-0.23454316,0.97679925,0.8725747,0.1796038,0.21059318,0.38427463,0.5347053,0.045056377,0.72748405,0.20912702,-0.084195584,-0.028932728,-0.14832458,-0.712849,0.22095495,-0.848772,-0.2564903,0.100956194,0.9018301
629,0.6905915,-0.23704545,0.92714655,0.9336964,0.20177667,0.23730218,0.28898725,0.261006,0.6203562,0.8000149,0.53624874,0.49719158,0.8832625,0.328292,-0.6602832,-0.17930505,-0.5358415,-0.34361482,-0.46575361,0.16978607
630,0.587669,-0.3080272,0.9541765,0.89333767,0.09718271,0.54742914,0.926419,0.64018595,0.2151873,0.6965768,0.42197528,0.44914174,0.80198747,-0.19355114,-0.11688579,0.9380534,-0.7701537,-0.26148915,0.12128954,0.842777
631,0.57694066,-0.25121835,0.94477326,0.89791656,0.14402032,-0.12649803,0.6442918,0.3964753,0.5060963,0.9497112,-0.2784288,0.380138,0.22010034,-0.26239952,-0.62670016,0.109849446,-0.7588287,-0.1375904,-0.26347664,0.40095374
632,0.5415053,-0.21988136,0.9737261,0.8426462,0.4189295,0.13307391,0.96338487,0.69378847,0.122019656,0.867091,-0.146605,0.36539924,0.15994069,-0.028783392,-0.491058,0.569831,-0.8866743,-0.15803197,0.10250726,0.85446817
633,0.54877424,-0.37033534,0.9365276,0.87009954,0.465978,0.6770618,0.81927484,0.39405063,0.52531666,0.66107905,-0.099907584,0.50195146,-0.054129854,0.11570317,-0.9417099,0.6243335,-0.306973,-0.59086573,0.07392632,0.68228877
634,0.49056336,-0.111537755,0.9789351,0.96297294,0.46899602,0.21216033,0.70976096,-0.021724055,0.47072256,0.91649157,-0.14905089,0.19539449,-0.57668257,-0.1850133,-0.8738978,-0.04480976,-0.8323461,-0.5945702,0.4342051,0.6640067
635,0.5661025,-0.1368473,0.9811279,0.7786751,0.33892226,0.40524584,0.68794423,0.07134784,0.5792481,0.26388785,0.49844083,0.12657918,0.52693915,0.44038302,-0.9846466,-0.8666033,-0.9131697,-0.34759316,-0.2709165,0.7097541
636,0.65244067,-0.33031088,0.9687257,0.9134338,0.28298953,-0.2873546,0.6351084,0.4193529,0.09593383,0.84831965,0.4474972,0.29300028,0.98979175,0.6435575,-0.576366,0.14487344,-0.11973976,-0.17563432,-0.012996899,0.95888126
637,0.53414625,-0.1082505,0.95569825,0.96147627,0.19910042,0.39204922,0.4012,0.83861166,-0.026691802,0.92306733,-0.0843297,0.39031586,0.177438,0.6529794,-0.7508944,0.5836266,-0.13881128,-0.6296066,0.027606316,0.8047251
638,0.6786581,-0.18521714,0.96591425,0.98013633,0.2778908,0.14463817,0.7044693,0.4436179,0.5628067,0.9824979,0.18646456,0.752571,0.6699824,0.35075,-0.4477175,0.30806366,-0.074422464,-0.22011542,-0.35762554,0.8327577
639,0.37640575,-0.24236251,0.9645361,0.92982024,0.2804265,0.8348556,0.8979084,0.63871795,0.3411888,-0.09350335,0.65128255,0.61679155,0.29587513,0.5181265,-0.94579583,0.063894756,-0.7042759,-0.4096346,-0.5787263,0.6719139
640,0.6033194,-0.22719178,0.95002216,0.95873654,0.5640413,0.31068096,0.591749,0.24453048,0.50179756,0.27471375,0.57841754,0.43973446,0.9236048,0.7058317,-0.48431152,-0.22519596,-0.20259885,-0.4180322,-0.18113877,0.5513919
641,0.52678645,-0.10396955,0.9630328,0.9762732,0.26116848,-0.46393445,0.6932373,-0.2553553,0.29044235,0.55351514,0.540484,-0.23362584,0.87907517,0.16384712,-0.5099872,-0.9086694,-0.86484975,0.20293164,-0.0922718,0.9638339
642,0.59865123,-0.18714376,0.9533818,0.8621773,0.29742438,0.25291783,0.19344349,0.24257147,0.5804288,0.86069375,-0.043362323,0.23658146,0.5065466,0.45957828,-0.97886634,-0.15887356,-0.7621406,-0.6834072,-0.13739417,0.5605836
643,0.55453897,-0.22671917,0.9648593,0.84011155,0.41355604,-0.29077807,0.66204053,0.33171135,0.4780761,0.71791244,0.12348369,0.279143,-0.2621124,-0.02587494,-0.02194317,0.5134688,-0.92448676,-0.5208549,0.4027765,0.96631634
644,0.6409474,-0.42317155,0.9553652,0.95986736,0.42761582,0.713824,0.43457362,0.63271797,0.29325554,0.8344963,-0.09250201,0.31543705,-0.4420865,0.3165485,-0.946898,0.4413193,-0.20527521,-0.5339029,0.13788338,0.6984925
645,0.5452054,-0.12829433,0.9449502,0.91447437,0.45356956,-0.076463416,0.7042423,0.09619682,0.6910908,0.53404754,0.10070754,0.80998003,0.73701465,0.7168067,-0.22712313,0.10678717,-0.21226515,-0.6080577,-0.43839154,0.7796536
646,0.63626224,-0.2497004,0.92231137,0.8542238,0.23196337,0.8272202,0.7495889,0.6396258,0.38872686,0.5943988,0.40192738,0.50884545,0.22333087,0.23650715,-0.27973953,0.9285762,-0.6370632,-0.47318885,-0.3855561,0.81356925
647,0.5827162,-0.42799306,0.96966565,0.9476384,0.5098843,0.11820353,0.67146903,0.48546937,0.3613515,0.9225546,0.13194542,0.39819613,0.908957,-0.11725953,-0.48656428,0.3576554,-0.610152,-0.35274538,0.3868362,-0.07075397
648,0.4573703,-0.22991945,0.9795994,0.7186856,0.39019686,0.18394926,0.6422855,0.5501852,0.49943095,0.87522393,0.36557275,0.66851765,0.63268876,0.41449195,0.23495,0.9490463,-0.266711,-0.38287494,-0.2150203,0.92534214
649,0.56745785,-0.14860924,0.97355247,0.96319324,0.3320643,0.7104661,0.68586195,0.8181036,-0.032615103,0.5958642,0.15257224,0.41825697,-0.0965925,-0.111282706,-0.29014173,0.88304836,-0.7034854,-0.42851317,-0.1340762,0.82966155
650,0.65573925,-0.30583525,0.9670694,0.93358606,0.11652266,0.6733091,0.8526909,0.4912621,0.41382578,0.36659157,0.03916787,0.45055145,-0.15339343,-0.1295009,-0.3496592,0.9432629,-0.65169185,-0.6058347,-0.057103265,0.5705833
651,0.58451027,-0.32604578,0.90263116,0.94798386,0.2988557,0.3924528,0.8492532,0.38345486,0.63470066,0.731686,0.007922546,0.53787816,0.04974565,0.2182448,-0.51642555,0.5208913,-0.7046367,-0.37466595,-0.5196368,0.58516145
652,0.4890444,-0.08377762,0.9202378,0.84831303,0.105568975,0.36527693,0.6792967,0.38043982,0.09012533,0.7382366,0.1308113,0.19580567,0.37689257,-0.36624876,-0.3455837,-0.10217539,-0.8774131,0.0057094833,0.20325188,0.39140132
653,0.663785,-0.230282,0.9572236,0.86424726,0.3553928,0.63191515,0.9714843,0.107867315,0.52825564,0.32941046,-0.26965812,0.4622262,-0.44691125,0.02456935,-0.8578009,0.041301895,-0.21617506,-0.80361426,0.20332094,0.56370807
654,0.67973876,-0.053424817,0.93342346,0.97911024,0.18860193,0.06317852,0.85236245,0.43099874,0.22724698,0.6866869,0.1618838,0.22790867,0.759058,0.20793168,-0.32629776,0.16693756,-0.31978142,-0.28137973,-0.046221964,0.80526876
655,0.48637366,-0.27289146,0.97414696,0.7549505,0.319844,-0.66502774,0.47238475,-0.19059022,0.5497328,0.92498213,-0.047296204,-0.12558226,0.31054732,0.4577388,-0.79804003,-0.74923223,-0.9298071,-0.24820617,0.070817545,0.84088635
656,0.5609181,-0.1641258,0.9708323,0.87110764,0.36321384,0.22121194,-0.15918568,0.78690374,-0.14776902,0.9235669,-0.063961,-0.06581773,0.30710092,0.5849199,-0.7144972,0.17764184,-0.5908798,-0.26503375,0.18109636,0.8259796
657,0.5912706,-0.06685617,0.9597972,0.8891355,0.31842098,0.1962175,0.30143896,0.7090877,0.04161294,0.70944214,-0.37153253,0.030141566,0.52824473,0.18601348,-0.81186014,0.008132662,-0.19142653,-0.29857042,0.14548594,0.8263956
658,0.60316104,-0.24769332,0.94284135,0.99771637,0.5514902,0.19302763,0.2690225,0.08107956,0.09009053,0.88984,-0.12576589,0.01496152,0.44787997,0.27927247,-0.8254946,0.022306236,-0.3350018,-0.38283464,0.80084586,0.68125564
659,0.5175002,-0.19024168,0.98160315,0.86839026,0.12804925,0.20221284,0.8687237,0.49523538,0.38105297,0.33978468,0.5683353,0.6811152,0.7036727,0.14654866,-0.20559531,0.31830737,-0.4555991,-0.2735384,-0.33694214,0.59901786
660,0.6884848,-0.19995402,0.97885364,0.7813438,0.39163446,-0.28067815,0.8080883,0.19319929,0.08359396,0.9135351,0.02846834,0.0071308035,0.18443859,0.060765225,-0.44362134,-0.100882925,-0.5655734,-0.20816028,0.04795468,0.965591
661,0.57923263,-0.23515539,0.9768367,0.997291,0.2695183,0.46310773,0.5857059,0.51631725,0.64196235,0.43997347,0.22595666,0.3125932,0.011575348,0.2651866,-0.56470174,0.38994324,-0.71932954,-0.67830694,-0.50328696,0.5915656
662,0.5844341,-0.113143735,0.96349186,0.957282,0.21129537,-0.13088736,0.80849785,0.3601996,0.3621107,0.44791228,0.3398193,0.2264101,0.8795075,0.068424955,-0.16548716,0.009344222,-0.69019943,-0.31280515,-0.41219205,0.45769218
663,0.59397995,-0.26224124,0.96615493,0.71474886,0.2165298,0.54577047,0.42431322,0.58520573,0.23049064,0.41756222,0.43539244,0.45302966,0.37185663,0.22546376,-0.46358562,0.9461135,-0.5782524,-0.6020867,-0.10700008,0.9569071
664,0.59062386,-0.20353158,0.91679525,0.8782817,0.30613238,0.13266452,0.27294555,0.097650185,0.57514244,0.6574079,0.2178057,0.12860762,0.32600453,0.1423056,-0.7140278,-0.22020124,-0.5956494,-0.6025017,-0.12447777,0.35704017
665,0.5412815,-0.27123517,0.97466636,0.77086884,0.37936753,0.32630458,0.9182008,0.3721754,0.71603894,0.5174918,0.18529071,0.55076784,0.19317304,0.53515214,-0.57890016,0.35257167,-0.47540522,-0.9287205,-0.17072853,0.53600234
666,0.6045301,-0.18945195,0.9767426,0.94425195,0.23000461,0.25927022,0.29556096,0.37495142,0.53482336,0.82458144,0.42744648,0.42914438,0.66318,0.12890008,-0.4077519,0.19898601,-0.77159667,-0.09795777,-0.046655178,0.6788121
667,0.5296925,-0.4108393,0.9735542,0.876947,0.45601168,0.65782416,0.4679642,0.41778,0.29660064,-0.07757268,0.94297326,0.2038615,0.8573166,0.47778642,-0.51833516,-0.037135098,-0.8734637,-0.4017373,-0.113421254,0.483532
668,0.6584069,-0.29802692,0.94739217,0.976929,0.36573794,0.1177394,0.43515775,0.1105148,0.7500966,0.44686273,0.17154837,0.32238746,0.13029206,0.8527119,-0.7482849,0.12898955,-0.58448404,-0.7217684,-0.28650323,0.74185574
669,0.6290569,-0.121956706,0.9648245,0.8880656,0.14232126,-0.23014748,0.9013469,0.7004772,0.100808516,0.86397666,-0.36697647,0.33556938,0.32456425,-0.14901982,0.0009078145,0.49339604,-0.54013056,-0.5122208,-0.13947314,0.570698
670,0.48566458,-0.19702855,0.96013534,0.79608,0.29427975,0.45997164,0.924597,0.4366283,0.0854376,0.17236707,0.3261316,0.27089,0.85694474,-0.9217098,0.16311926,0.1792778,-0.9360163,0.024048273,0.111526035,0.3854146
671,0.5509299,-0.2269172,0.9431508,0.8987603,0.30319536,0.32323426,0.5867626,0.526417,0.1640066,0.6781712,0.50671566,0.55576783,0.6750788,0.5390852,-0.16867536,0.7049134,-0.13354537,-0.36346906,-0.16369708,0.701529
672,0.7910319,-0.35738856,0.9692651,0.8221573,0.31989267,0.76281625,0.33220333,0.5365877,0.0037070115,0.0865102,0.5569198,0.25996047,0.3524294,0.67522997,-0.7692534,0.4524056,0.12780523,-0.77619076,-0.10637338,0.93253505
673,0.5932488,-0.24684213,0.938951,0.875685,0.28198096,0.24240376,0.9283799,0.85198873,0.38264492,0.789784,0.41223478,0.7701849,0.6196009,0.14764966,-0.34466252,0.4694574,-0.51949066,-0.22823636,-0.48503518,0.3234421
674,0.55829436,-0.22861709,0.9472043,0.92319256,0.33067217,0.4904003,0.9136566,0.5516988,0.37535706,0.7439729,0.28940386,0.5213727,0.97857493,-0.12345736,-0.8214693,0.27059856,-0.4434117,-0.1761433,-0.20417248,0.40796727
675,0.66876185,-0.051611125,0.9463461,0.84163684,0.2860213,0.8595914,0.62087834,0.7403049,0.12764013,0.7581475,0.09102322,0.4835789,-0.64799064,0.3146467,-0.92835194,0.495304,-0.49267167,-0.30121222,0.16072983,0.7389038
676,0.40346333,-0.29727143,0.9084384,0.9603791,0.38662598,0.4062473,0.8530593,0.48256418,0.3097881,0.6260674,0.2652958,0.33101624,0.8694458,0.62812984,-0.78849685,0.06228248,-0.047598585,-0.44660282,-0.37191108,0.28753984
677,0.5231911,-0.21046396,0.97794914,0.77340454,0.46773854,0.23915084,0.9783161,0.47534448,0.666995,0.068907075,-0.03651351,0.47764847,-0.43633226,0.7666971,-0.6192327,0.5458423,-0.20268238,-0.9963192,-0.10357082,0.7677162
678,0.4745334,-0.32258424,0.93378294,0.77100134,0.21505609,0.3232828,0.6706012,0.6702237,0.3516153,0.73309153,0.11600572,0.54266566,0.63201785,0.44954416,-0.7439279,0.18249747,-0.27211386,-0.4379975,-0.34732047,0.42816946
679,0.6370024,-0.26866227,0.911069,0.8478909,0.18069586,0.27697518,0.8490005,0.85472333,0.8299415,0.555409,0.12331311,0.7017417,0.97246814,0.7784929,-0.9640508,-0.05542724,0.16785596,-0.61201185,-0.8386083,-0.09817277
680,0.6400825,-0.1896244,0.9628234,0.9316139,0.473283,0.31716684,0.9303929,0.6668092,0.53739816,0.5717404,0.20703934,0.8949208,0.60605836,0.620239,-0.5754046,0.25609127,-0.31149656,-0.549527,-0.38955528,0.26187813
681,0.58313394,-0.36425003,0.9726671,0.87704,0.17814122,0.5338561,0.8685248,0.8258845,0.087310106,0.75341684,0.0011039561,0.39330614,-0.18677208,-0.36942136,-0.66352445,0.54172885,-0.9353388,-0.14216375,0.2322205,0.32903555
682,0.6870123,-0.38775945,0.95406735,0.93073946,0.44612876,-0.040600203,0.8826412,0.21105689,0.7406354,0.92158836,-0.100523435,0.42705917,0.45120147,0.44405487,-0.90509075,-0.17570268,-0.18025367,-0.61749434,0.026911194,0.30894622
683,0.6169091,-0.22138433,0.9741696,0.85648793,0.15732342,0.4961797,0.53426945,0.56245124,0.45387027,0.073900476,0.24912071,0.39199126,-0.061900694,0.22846477,-0.28954124,0.29230148,-0.99512446,-0.40422752,-0.32600164,0.61579907
684,0.61907035,-0.24055533,0.96663296,0.9742108,0.12781715,0.11268731,0.7490361,0.8429682,0.16485514,0.7798876,-0.13603896,0.37062454,0.29391557,-0.013120004,-0.5930728,0.69930387,-0.44607586,-0.06794405,-0.38652056,0.89456207
685,0.4441153,-0.28595933,0.9678034,0.9738063,0.36358047,0.20510195,0.9770637,-0.03566369,0.3890093,-0.32826293,0.5911055,0.2264553,0.77874,0.44902083,-0.67644274,-0.7121545,-0.918683,-0.23500408,-0.5402783,0.93756795
686,0.6539409,-0.381332,0.97439134,0.9099724,0.15317973,0.20291671,0.5059535,0.48359737,0.28566042,0.48372468,0.37563324,0.39349917,0.27381718,-0.5870435,-0.87909,-0.21431263,-0.9049977,-0.09235067,-0.4025342,0.259503
687,0.4155285,-0.32475087,0.97445774,0.8846487,0.27641934,0.32979247,0.66958,0.43676114,0.48562714,0.8289519,0.030547276,0.5038083,-0.071647726,0.12785114,-0.8250904,0.099165276,-0.5232303,-0.16463707,-0.058878276,0.34151927
688,0.48774847,-0.24737325,0.97120714,0.94417524,0.2429598,0.006249767,0.958267,0.08126798,0.92801875,0.2499661,0.54919744,0.6449933,0.74212855,0.5313892,-0.5601717,-0.0106857205,-0.3116007,-0.6318775,-0.74952066,0.2591525
689,0.6765755,-0.23534791,0.9644425,0.7961699,0.346472,-0.10866359,0.9843733,0.5097012,0.5207656,0.8398091,-0.056558024,0.69948506,0.48257485,0.56731284,-0.6562214,0.0079832245,0.13687913,-0.42059457,-0.4620955,0.5106049
690,0.6447837,-0.12572204,0.8892562,0.874802,0.34318057,0.4994587,0.85227937,0.9675445,0.5297749,0.34785208,0.19079147,0.8825363,-0.269897,0.5817761,-0.6488851,0.79205585,-0.52599126,-0.6713785,-0.7406385,0.1704209
691,0.5708643,-0.30784267,0.9102631,0.96959406,0.5159338,-0.14414032,0.5934671,0.026849015,0.46113294,0.7245855,-0.120570906,0.15656288,0.36390316,0.37053436,-0.96784973,-0.17631702,-0.278159,-0.53817844,0.21865776,0.718117
692,0.49557567,-0.2396056,0.9645993,0.73282206,0.29008147,0.55077094,0.7817146,0.37575537,0.34986892,0.24646574,0.61060727,0.0675612,0.8667238,0.14667185,-0.91316307,-0.21022166,-0.7705603,-0.3125083,-0.23508742,0.44500622
693,0.5173053,-0.22449586,0.942084,0.88692725,0.18642315,0.42714334,0.72273904,0.69761175,0.92900234,0.2711396,0.3625466,0.82364964,0.3507575,0.9729768,-0.3185908,0.42382634,-0.48319566,-0.39736626,-0.9451654,0.48219222
694,0.580564,-0.05777942,0.97826546,0.8441574,0.26324165,0.24485527,0.27306777,0.43335602,0.5840886,0.91403806,0.055834144,0.6528671,0.38456586,0.88033515,-0.7557009,0.048023123,-0.4217726,-0.402155,-0.39653906,0.64617
695,0.62123084,-0.14330937,0.9773631,0.88949746,0.1708669,0.04376527,0.92343646,0.7457002,-0.04741358,0.47071144,0.45409894,0.327041,0.91430086,-0.036053922,0.23773661,0.54023117,-0.8199072,-0.23019981,-0.47386864,0.9465135
696,0.6756826,-0.3665526,0.960215,0.9984495,0.6596111,-0.62192976,0.42771688,0.039814442,0.50641805,0.92015976,0.11112127,0.5382862,0.4696698,0.6730008,-0.6801123,-0.6037629,-0.26988345,-0.31971064,0.010802038,0.6511849
697,0.6782256,-0.33747673,0.9713531,0.93014127,0.03627999,0.2711067,0.6351589,0.5068606,0.50451636,0.87502587,0.42015895,0.38261232,0.6795344,0.28315195,-0.63253963,0.76893723,-0.2117704,-0.3330297,-0.62237376,0.56879103
698,0.5630968,-0.31567648,0.9804553,0.96877545,0.4057518,-0.9363717,0.837454,-0.56278163,0.6423263,0.6696143,0.35465318,0.16749975,0.66956544,0.045607306,-0.4247231,-0.6197802,-0.6010441,-0.16338687,-0.1637708,0.97452694
699,0.5653773,-0.09762159,0.96782154,0.98886627,0.22760499,-0.24091597,0.78546023,0.44653118,0.388464,0.7216214,0.2133987,0.26253814,0.5710414,0.21188837,-0.31089595,0.07972047,-0.34142575,-0.35530373,-0.2580635,0.777438
700,0.69732666,-0.24149595,0.97574484,0.9238613,0.63082504,0.038262017,0.89131796,0.27722037,0.8220281,0.85095876,0.4765609,0.82841635,0.85510224,0.8918028,-0.69566077,0.1067416,-0.36300763,-0.5039649,-0.37968105,0.6734227
701,0.5540081,-0.39672247,0.9203081,0.8854846,0.59246206,-0.08836474,0.5929948,-0.019040149,0.45113948,0.8162473,0.370052,0.49769172,0.6868445,0.69532144,-0.8506107,-0.2366325,-0.06066503,-0.19129519,-0.1146696,0.98579085
702,0.6181526,-0.36333713,0.9317875,0.72749346,0.37798035,0.20264211,0.5447821,0.4122528,-0.116305076,0.70383644,0.11987755,0.21280049,0.7178946,0.08324609,-0.26250875,0.12564375,-0.8971618,0.019985013,0.28189173,0.74724185
703,0.5552925,-0.111693054,0.9787451,0.90934974,0.3019785,0.5018087,0.9275276,0.3316559,0.3776681,0.38696656,0.048891697,0.26471135,-0.46073043,0.33417696,-0.9919339,0.12306893,-0.4196441,-0.41082785,-0.056966547,0.92142296
704,0.549157,-0.23194778,0.9781101,0.9792334,0.50009155,-0.34826243,0.41932192,-0.11156075,0.24786139,0.8016997,0.42448172,0.088813834,0.6021884,0.18163317,-0.86685,-0.7317773,-0.95611334,-0.020590262,0.15051879,0.97664034
705,0.7067364,-0.099532016,0.93364286,0.94484234,0.64762765,0.18242304,0.45206937,0.16349742,0.21315813,0.37879968,0.41110396,0.32421875,0.4704881,0.6224416,-0.9526283,-0.6554522,-0.69182026,-0.26265493,0.055275064,0.8503986
706,0.4864952,-0.22208495,0.95619863,0.7763158,0.21274327,0.39294785,0.60297614,0.1424429,0.57475644,0.7990319,-0.11974745,0.3137568,-0.2834032,0.119214304,-0.86632675,-0.023207633,-0.4269686,-0.5016107,-0.1316888,0.75500304
707,0.54538983,-0.1777074,0.96377397,0.8921526,0.20900859,-0.45747826,0.76394624,0.55831814,0.4889524,0.64633876,0.5214468,0.60878944,0.6267862,0.851076,-0.36464128,0.17279357,0.020317266,-0.2545035,-0.91617715,0.85850006
708,0.5109806,-0.15085468,0.9696484,0.92984235,0.36331037,0.089783296,0.5137587,0.76557356,-0.07763322,0.8492937,-0.052765388,0.45968205,0.75306773,0.43859714,-0.20587376,0.6862192,-0.1683213,-0.27533343,0.35739663,0.61839527
709,0.6083659,-0.24918737,0.93938047,0.9454449,0.42874104,0.015822366,0.5570699,0.58021206,0.08264162,0.86951655,-0.12382447,0.6463681,0.66955537,0.48179683,-0.24144918,0.5746478,0.02641743,-0.302704,-0.03265736,0.7120669
710,0.7477881,-0.32006195,0.9488389,0.82345384,0.48968592,-0.5541012,0.97644806,0.092106566,0.94198716,0.9344321,0.059936535,0.7695154,0.68252546,0.22897989,-0.7342595,-0.43763965,-0.6204474,-0.5420595,-0.14339949,-0.11456978
711,0.654561,-0.17074591,0.94496804,0.8772794,0.30115312,0.48407778,0.5177898,0.47949165,0.48924613,0.17041537,0.25236747,0.5430998,0.47012165,0.49784225,-0.7015199,0.07833925,-0.2786589,-0.8493211,-0.4043168,0.40517864
712,0.59163755,-0.19666418,0.9639827,0.84537476,0.28702688,0.78919333,0.91398114,0.24873239,0.60917604,0.25664607,0.03301931,0.38263923,-0.6365316,0.065587625,-0.9919827,0.072419345,-0.935754,-0.67810136,-0.20214145,0.69396234
713,0.4959603,-0.22103094,0.95851916,0.9246434,0.42721108,0.5110924,0.5981206,0.5908196,0.33062163,0.4390601,0.049477145,0.31812033,-0.2338886,0.40679088,-0.33072126,0.70180255,-0.66996413,-0.6671594,0.043004394,0.8428877
714,0.78819335,-0.48089224,0.97266275,0.87394136,0.4102318,0.29823664,0.8215421,0.19553038,0.6031976,0.89798486,-0.4617113,0.14406505,-0.10163431,-0.009274891,-0.93940634,0.08597637,-0.16640997,-0.624578,0.24245507,-0.14817917
715,0.6755091,-0.2388622,0.97377187,0.95711404,0.5644476,-0.69555676,0.034494024,0.5581291,0.41121995,0.9617712,-0.06294856,0.106587365,0.0027026494,0.72568184,-0.8372833,-0.0507556,-0.7098893,-0.3390864,0.19751646,0.9366727
716,0.4347674,-0.21655518,0.96165013,0.9068965,0.3092946,0.40344918,0.6538535,0.2238878,0.6593451,-0.008744644,0.536708,0.4300333,-0.016371602,0.6124512,-0.8543238,0.020907879,-0.5389599,-0.7753843,-0.40881398,0.64624166
717,0.6390995,-0.31290984,0.9706277,0.9392939,0.16474967,0.25566438,0.8914836,-0.049903877,0.9072299,0.61082256,0.599618,0.1054338,0.6759619,0.21180676,-0.96900713,-0.5254105,-0.8557361,-0.28304183,-0.70370555,0.65276283
718,0.4995693,-0.118153065,0.97340757,0.7065629,0.411144,0.28444204,0.8696218,0.70729023,0.2915446,0.5614722,0.030618018,0.8015036,0.30753028,0.40393984,-0.5410634,0.10937388,-0.18863373,-0.50270545,-0.46651435,0.63146394
719,0.4898028,-0.21335156,0.94782114,0.9204725,0.26283404,0.06897148,0.63822603,0.41786095,0.64891493,0.23729971,0.28998977,0.5020712,0.4961212,0.17951372,0.037058555,0.5390087,-0.7255574,-0.50942725,-0.6169298,0.9600009
720,0.5795872,-0.2344563,0.9597405,0.9364217,0.5347952,0.23105985,0.41191995,0.56312233,0.44467178,0.97469205,-0.15109451,0.2951073,0.75831306,0.33427128,-0.27915603,0.49044263,-0.5992094,-0.5291315,-0.0013715081,0.47270542
721,0.70284957,-0.14132111,0.93983436,0.9255644,0.36365613,-0.23013945,0.92793405,-0.36226404,0.7188033,0.05153275,0.49694073,0.35979012,0.93409866,0.60656464,-0.6978451,-0.5482359,-0.51999074,-0.5484982,-0.4958337,0.8729612
722,0.59506166,-0.25631273,0.97218597,0.7994604,0.4639411,0.36202806,0.45915666,0.6178728,0.04857464,0.92388254,-0.29702938,0.2429469,-0.7582525,-0.13551621,-0.42850426,0.7650985,-0.74137205,-0.3444663,0.5956802,0.7930727
723,0.7038108,-0.4540968,0.9814922,0.72786057,0.3320856,0.7391666,0.4685654,0.5738376,0.43388346,0.5831848,0.37663153,0.68990374,0.4789087,0.40092584,-0.92744493,0.22930548,-0.23865521,-0.22343335,-0.26525494,0.53335404
724,0.45079476,-0.1030841,0.950787,0.81723386,0.4716179,-0.038938757,0.7270305,0.18648203,0.6407808,0.45176718,0.17170344,0.48578656,0.6288129,0.39524046,-0.109478205,0.28130963,-0.90768564,-0.7356563,-0.22299977,0.7251036
725,0.5638803,-0.31627503,0.97324616,0.994028,0.44560084,0.1793977,0.40252092,0.8054379,0.5385799,0.92723286,-0.0691655,0.5552476,0.20502095,0.17444412,-0.36888406,0.9837484,-0.8575207,-0.63018537,-0.019213403,0.7668413
726,0.522399,-0.18189014,0.94699585,0.98501945,0.48855194,0.12474461,0.8382265,0.79569703,0.53571534,0.67382175,0.23374209,0.70406747,0.7661023,0.84585214,-0.9352331,0.046754807,-0.14476895,-0.60633904,-0.35472348,0.106542334
727,0.64272165,-0.19514535,0.9707063,0.8814015,0.32347494,0.39604756,0.8936207,0.49775395,0.3558575,0.75191677,0.1751868,0.7885549,0.013873491,0.2736563,-0.481011,0.53145194,-0.5031995,-0.41272956,-0.28882214,0.7257496
728,0.6135307,-0.250918,0.9481563,0.7743262,0.06430946,0.7322382,0.8560322,0.49453464,0.30125144,0.1596258,0.2947461,0.26171422,-0.2586619,0.07324462,-0.52050513,0.59473705,-0.7682275,-0.5063855,-0.2999562,0.6395711
729,0.6166606,-0.34541985,0.94458824,0.99401873,0.5038786,-0.40441415,0.6781953,0.2795267,0.77209854,0.7493108,-0.3844823,0.24112092,-0.47427425,0.9051031,-0.60209286,0.41131788,-0.3929967,-0.86084163,0.074442916,0.92371315
730,0.6442196,-0.31175813,0.9720794,0.8288198,0.35436362,0.20300773,0.54740274,0.29739335,0.5531824,0.72410977,0.19959271,0.34369224,0.49784368,0.65797454,-0.9297103,-0.057177532,-0.48035157,-0.541412,-0.20695896,0.5911253
731,0.5133527,-0.092045456,0.97845435,0.8576002,0.22847797,0.3732485,0.7430926,0.66021264,0.7157434,0.7002114,-0.068599746,0.28311896,-0.77670854,0.2597775,-0.64471906,0.86250025,-0.6456154,-0.5347265,0.04956933,0.7912134
732,0.6266048,-0.19453758,0.9614276,0.98172385,0.11422073,0.3572752,0.8844081,0.3589926,0.20372768,0.59831756,0.0520657,0.17831296,0.4431363,-0.34375513,-0.08348748,0.1757026,-0.70937514,-0.3343151,-0.2704372,0.630789
733,0.55343294,-0.30205584,0.9684179,0.9332467,0.25478455,0.34123456,0.47799525,0.52828556,0.56392974,0.76403654,-0.10903603,0.59285533,-0.5230575,0.5559756,-0.60433537,0.5216824,-0.31932262,-0.7163023,-0.34450045,0.9666743
734,0.5940741,-0.3659575,0.9496918,0.85419965,0.63090867,0.45150754,0.9388078,0.48738742,0.5293398,0.7806097,-0.16318633,0.73781824,-0.11820125,0.31056827,-0.5178529,0.7624005,-0.8296549,-0.8692248,0.49857304,0.7054389
735,0.4955269,-0.20221102,0.973572,0.8532719,0.47003928,-0.07812445,0.90410185,0.25965178,0.43936414,0.7303137,-0.104708105,0.40078384,-0.19890748,-0.15398751,-0.5221332,0.026814457,-0.44116274,-0.30900696,0.021322966,0.80051523
736,0.598294,-0.31043237,0.97048116,0.8700752,0.42567852,0.31896684,-0.14382388,0.65897936,-0.09025204,0.9081847,-0.020399207,-0.043713935,0.7578376,0.3039707,-0.34130818,0.5919682,-0.32273284,-0.33731502,0.064840704,0.9696595
737,0.727073,-0.41899338,0.97301584,0.95306975,0.45223996,-0.26521403,0.8322589,-0.36975375,0.3535403,0.54277927,0.33043903,-0.12522788,0.69480085,0.3110156,-0.60230345,-0.6699151,-0.8736264,-0.33540735,-0.0033458925,0.9673152
738,0.64509034,-0.47684863,0.98137885,0.94833994,0.59910923,-0.102959506,0.9357508,0.425951,0.14205122,0.8319399,-0.09404383,0.3491561,0.48052433,0.41213542,-0.71408606,-0.18124661,-0.07834092,-0.2830203,0.5673051,0.9027459
739,0.7048118,-0.3134863,0.9763528,0.93939334,0.24512887,0.5067932,0.36932355,0.6449819,0.27463883,0.69280326,-0.012810333,0.3002143,0.014695577,0.14625905,-0.49443352,0.61375296,-0.39249393,-0.5151842,-0.10105154,0.8461358
740,0.55882305,-0.2752013,0.978221,0.9657327,0.48579293,0.09743311,0.80287457,0.08542013,0.51396805,0.99094796,-0.38124985,0.09326716,0.40683883,-0.7697977,-0.73472005,-0.054434776,-0.78854424,-0.31952548,0.3545812,-0.05785058
741,0.6130063,-0.29913414,0.95839494,0.8972213,0.32141092,-0.4518274,0.9547043,-0.33113053,0.7965199,0.3053268,0.19007863,0.1371085,0.80247146,0.2982371,-0.8007922,-0.80007374,-0.5335149,-0.32886127,-0.4638374,0.9731378
742,0.501756,-0.22778605,0.97948474,0.9779266,0.015243706,0.5533295,0.44219667,0.62308145,-0.32480487,0.533441,-0.08969922,0.1334549,-0.06836027,-0.82068455,-0.20197767,0.9503376,-0.94084734,-0.22759227,0.13203126,0.83341986
743,0.5687825,-0.26212808,0.954232,0.9638154,0.21525846,0.20668362,0.84823596,0.502033,0.07618531,0.75499064,-0.083953105,0.32183257,-0.2432436,0.0773676,-0.73447657,0.21330272,-0.43744734,-0.42976978,-0.012732196,0.8406294
744,0.6420777,-0.27241358,0.948839,0.96132356,0.43370727,-0.12360304,0.8509333,0.20636266,0.749424,0.86541986,-0.10969582,0.48230898,0.0607793,0.90919715,-0.82846385,0.19299626,-0.32903796,-0.7256175,0.12929107,0.81074065
745,0.7074553,-0.28830466,0.9577799,0.98750496,0.6768741,-0.32550487,0.866386,-0.35155347,0.6282617,0.7795759,-0.22268379,0.098799355,0.118787594,-0.2001278,-0.9317393,-0.717826,-0.4552809,-0.28981346,0.16579284,0.5266603
746,0.6453747,-0.20417662,0.97076035,0.89717114,0.12150522,0.41017517,0.8573756,0.7796534,0.45487794,0.9152125,-0.27935517,0.6006995,-0.23575182,-0.15811001,-0.327698,0.9464635,-0.801943,-0.30958802,-0.39558306,0.5352768
747,0.5414547,-0.20609502,0.98206896,0.8765646,0.29041922,0.051392365,0.17579804,0.35477835,0.16765553,0.89262843,-0.071390055,0.3596241,0.5249044,0.06515458,-0.62707895,0.0048294566,-0.44298014,-0.26019028,-0.111080326,0.68157077
748,0.5295959,-0.17203084,0.9531184,0.9527514,0.36869118,-0.989716,0.43456805,-0.18247887,0.84371465,0.7975284,0.090200834,0.52720004,0.7949971,0.5985882,0.3601745,0.27716225,-0.7251827,-0.4402868,-0.44547662,0.9659902
749,0.55696255,-0.12158823,0.9733002,0.9925163,0.5994382,0.3258025,0.9117945,0.65352225,0.45458683,0.23372886,0.3121904,0.6929349,0.9528257,0.8184471,-0.039767724,0.62980556,-0.30106115,-0.70446455,-0.13390715,0.8708052
750,0.60649294,-0.31364796,0.9636534,0.8338085,0.23086065,0.5558045,0.4717405,0.5793524,0.65058017,0.7055922,-0.082419336,0.73921347,-0.8464435,0.5362111,-0.69593585,0.7416493,-0.41057765,-0.6970437,-0.47891247,0.90942156
751,0.5184868,-0.28922215,0.97887725,0.70447624,0.3227205,0.3640842,0.55623126,0.3357958,0.53519225,0.79583836,0.55044925,0.29425,0.26025885,0.63627505,-0.78708625,-0.08417737,-0.8811881,-0.43004614,-0.5141982,0.9111609
752,0.6796403,-0.3811006,0.97276396,0.95524365,0.36233413,-0.6253438,0.5221054,-0.32262382,0.73354995,0.79864,-0.088954195,0.20151992,0.68547714,0.5357672,-0.8718301,-0.5552355,-0.7845867,-0.5189473,0.083345465,0.56050223
753,0.5193753,-0.21200648,0.9516185,0.8400562,0.320184,0.2716529,0.6543514,0.6151458,0.2404854,0.6784969,0.22629535,0.5760073,0.60871935,0.8691674,-0.6135271,0.35920414,-0.08769571,-0.40887868,-0.25612172,0.72935295
754,0.5835256,-0.08658107,0.973516,0.93815666,0.18698813,-0.07371483,-0.013993318,0.42391914,0.11193937,0.7581107,0.2267741,-0.23116681,0.7029789,-0.1530185,-0.14441334,-0.031735726,-0.75866127,-0.13738471,0.073966846,0.7000199
755,0.67098176,-0.14502451,0.9779007,0.79082155,0.23054826,0.122144975,0.5070882,0.33534002,0.6600105,0.88982344,0.22797373,0.28274527,0.67389303,-0.14691527,-0.40032312,-0.15451601,-0.8535168,-0.36431274,-0.4674214,0.6385992
756,0.7337848,-0.40001306,0.94842035,0.88308835,0.6518662,0.50096625,0.51620466,0.5963486,0.17220476,0.6794265,0.29986456,0.36676282,0.763564,0.5147434,-0.68153596,0.11458099,-0.20188893,-0.3438585,0.3926202,0.93824184
757,0.7583568,-0.32591593,0.97688293,0.9476542,0.46027356,0.6865721,0.6547173,0.9573256,-0.009283993,0.5988551,0.47658303,0.7194482,0.7046251,0.785395,-0.3543243,0.83022743,-0.22369404,-0.51277876,-0.07749262,0.900073
758,0.56895083,-0.16145106,0.9479758,0.9116134,0.5815974,0.3468613,0.452582,0.5348487,-0.13970983,0.95603675,0.09164191,0.28115505,-0.020525808,0.16226637,-0.9134349,-0.0082495725,-0.0019234532,-0.24062026,0.27582347,0.7035835
759,0.5841758,-0.26076603,0.9558793,0.88053244,0.20225401,0.68856233,0.3027696,0.89690447,-0.017778734,0.6298583,0.043332368,0.468495,0.5607904,0.06554926,-0.65981156,0.5481427,-0.060072158,-0.33343092,0.0011270419,0.49167973
760,0.54514277,-0.27920872,0.9735468,0.8699626,0.11247477,0.14085877,0.46908373,0.19808991,0.5226197,0.871041,-0.25972065,-0.009037859,-0.096646525,-0.33298406,-0.76346576,-0.12677227,-0.70449,-0.39572117,0.049309753,0.27960646
761,0.5783585,-0.10499575,0.96846753,0.9518772,0.010795918,0.42958292,0.819022,0.7468569,-0.012478829,0.8044923,0.11523135,0.34845385,-0.16378744,-0.22743309,-0.47469184,0.4062476,-0.8489035,-0.26296088,-0.22817807,0.8085105
762,0.5992013,-0.31878042,0.9739689,0.8023593,0.4942545,0.35127127,0.97057754,0.40084502,0.3517811,0.048178263,0.61750793,0.7690976,0.548022,0.19787171,-0.38274586,-0.13981888,-0.95509315,-0.51222986,-0.36984667,0.54730684
763,0.6397396,-0.1739446,0.9684884,0.75672853,0.2008941,0.19623452,0.5539155,0.08483462,0.591029,0.25930616,0.6234869,0.35905918,0.9818888,0.6452912,-0.6275174,-0.10622245,-0.21317534,-0.36362556,-0.4767036,0.8471825
764,0.63756204,-0.22750525,0.95647895,0.9958203,0.25690782,-0.4336122,0.33337206,0.3717357,0.65425736,0.87713146,0.073502146,0.3868646,0.9970978,0.9978061,-0.9319634,-0.33880365,0.11440445,-0.42210922,-0.5361071,0.54556197
765,0.55587167,-0.1881513,0.9598948,0.9532688,0.21404716,-0.3981269,0.80021715,0.122091495,0.60203964,0.95045483,0.083949,0.41685572,0.45798442,0.26277944,-0.6832065,0.069878675,-0.18012263,-0.32194158,-0.5144031,0.8468206
766,0.5230058,-0.33988547,0.97735924,0.81187195,0.35765886,-0.09647518,0.7540661,0.25362647,0.5531677,0.7386524,-0.060947817,-0.052875254,0.9107308,-0.22017446,-0.4965413,0.25258628,-0.43693188,-0.16138004,0.07847798,0.11575215
767,0.5518228,-0.24670644,0.94639456,0.9615308,0.6769358,0.12141482,0.5617647,0.06054734,0.7140208,0.8661516,-0.029347366,0.1905564,-0.18595237,0.62884665,-0.9437512,-0.18285948,-0.5210735,-0.5225812,0.1650459,0.9335305
768,0.71078116,-0.2271275,0.96446913,0.9550701,0.53562355,-0.16934277,0.8974121,0.3158266,0.40832868,0.9279587,-0.02983315,0.43292022,0.092606425,0.40593135,-0.7199002,0.099989325,-0.35778996,-0.43473232,-0.1574769,0.95633715
769,0.5268416,-0.170761,0.96980137,0.9872619,0.65906805,-0.41045266,0.77768904,-0.5353424,0.45736083,0.8326177,-0.23500569,0.28289148,0.2903495,0.28745613,-0.7554697,-0.47854328,-0.27301633,-0.4945,0.3493846,0.96677375
770,0.49409944,-0.3275804,0.9615483,0.982282,0.4669694,-0.25206244,0.27774873,-0.14901973,0.71349794,0.87739164,-0.120870024,0.0050812415,0.0868914,0.4634742,-0.85884726,-0.39839858,-0.5477604,-0.36685368,-0.08006861,0.95908076
771,0.55676186,-0.15900594,0.9391706,0.91766346,0.36195436,-0.1682824,0.46136633,0.7910723,0.30448452,0.963008,-0.38528547,0.56938225,0.30173978,0.31929827,-0.21996456,0.6210065,-0.098252326,-0.44542181,-0.06576656,0.8387559
772,0.59358686,-0.42275822,0.91657037,0.9605712,0.33519325,0.7200381,0.8608031,0.7472251,0.109124735,0.8085471,-0.07814725,0.5094059,-0.15084341,0.22093967,-0.5985139,0.90682745,-0.10085209,-0.60141397,0.018784238,0.70301527
773,0.5905698,-0.09912861,0.98039365,0.783924,0.20836617,0.5025041,0.7844264,0.7078776,0.3388786,0.38490567,0.7954917,0.78504455,0.23404156,0.7759147,-0.46346986,0.4558886,-0.77783394,-0.2343382,-0.631099,0.93617404
774,0.50283724,-0.21953289,0.9623257,0.9213666,0.33585793,-0.16447599,0.5476295,0.29835346,0.37170282,0.81221116,0.07982827,0.22856799,0.26923132,0.35114697,-0.50225747,0.2720832,-0.6060282,-0.48813394,-0.108323194,0.6455956
775,0.57186484,-0.31284034,0.9587797,0.7220767,0.3339861,0.056703825,0.82512987,0.114192255,0.6516849,0.11596959,0.37200367,0.5726436,0.279749,0.50370514,-0.35511103,0.19125657,-0.69977087,-0.75803226,-0.5318518,0.9165584
776,0.49660566,-0.25845033,0.9525941,0.8451328,0.3675913,0.55636424,0.8626316,0.73673594,0.8399699,0.32314536,-0.0850028,0.94929457,-0.27211368,0.43159992,-0.37820303,0.8789785,-0.41938338,-0.96599406,-0.11021984,0.12788086
777,0.54743135,-0.297889,0.9305686,0.966038,0.36618614,0.6435816,0.5523515,0.9265992,0.2405069,0.94421524,0.14174046,0.5541941,0.41088468,0.4936148,-0.41151115,0.8790159,-0.54890066,-0.37858412,0.12976575,0.44026986
778,0.547055,-0.36220327,0.97061604,0.96866363,0.3358075,0.15255402,0.5217233,0.55831206,0.009191493,0.7902233,0.39738303,0.27855957,0.8076523,0.43954876,-0.73818165,-0.027639171,-0.45961788,-0.16870841,-0.20659289,0.4945889
779,0.60284036,-0.20127222,0.9724087,0.84830016,0.24467887,0.3900534,0.596657,0.41163233,0.49806324,0.3674489,0.60989475,0.3955591,0.44425195,0.23239668,-0.4489183,0.13537847,-0.86527306,-0.42486185,-0.5095271,0.69193184
780,0.5602613,-0.11697268,0.9668847,0.91819227,0.16312176,0.13133816,0.9603611,0.15003897,0.50919753,0.9079648,0.07945268,0.25237978,-0.044662777,-0.036399163,-0.728343,-0.22705828,-0.66292095,-0.12850474,-0.37105963,0.537123
781,0.67075187,-0.21379617,0.9799473,0.99455345,0.3300526,0.27971286,0.66891444,0.41417602,0.28958797,0.8978131,0.15480769,0.60989946,0.10889745,0.16797426,-0.95536053,0.33282536,-0.54187983,-0.26486114,0.04002442,0.61758363
782,0.44988686,-0.33068568,0.96979064,0.9483958,0.5529013,-0.1314384,0.8281054,0.628843,0.30224487,0.6648421,0.13817655,0.97357017,-0.011983531,0.9789711,-0.21165575,0.72167486,-0.742871,-0.33186308,-0.31541973,0.70415354
783,0.59549624,-0.37828746,0.94573766,0.99186295,0.4552711,0.45317617,0.5931405,0.6189351,0.3122502,0.44586843,0.15506049,0.56933343,0.3462683,0.80523485,-0.7049388,0.4457942,0.018581599,-0.66763824,-0.20081258,0.97964543
784,0.55729276,-0.35415268,0.93585086,0.9727017,0.3204401,0.015016896,0.57961154,0.41721702,0.4648202,0.6636524,-0.12595794,0.3421701,0.26984668,0.038360365,-0.638585,-0.04020969,-0.60306895,-0.43522325,-0.25134495,0.66984135
785,0.64045805,-0.25368348,0.9309382,0.89012545,0.3586012,0.05011099,0.8923592,0.30107307,0.6153671,0.6208918,-0.05090595,0.18243343,0.28773528,-0.054284092,-0.616471,0.25798362,-0.74559057,-0.42645875,-0.26990137,0.6626332
786,0.6881451,-0.15408571,0.9685658,0.8414494,0.46457866,-0.031313445,0.40424484,0.41878203,0.37892333,0.80352414,0.22900267,0.13283417,0.7093799,0.72451186,-0.8897517,-0.018546524,-0.3581208,-0.44586235,0.10385536,0.85234916
787,0.6127934,-0.23085661,0.9473111,0.98976517,0.41183186,0.28161243,0.76631004,0.7916163,0.71881706,0.5906445,-0.021347174,0.83621836,0.42071122,0.6319144,-0.38625416,0.6668046,-0.20533511,-0.7430055,-0.3657612,0.44548178
788,0.7282367,-0.41984054,0.9493398,0.991821,0.6911253,0.19440158,0.030387942,0.56128734,-0.16379713,0.8377372,0.002418463,0.45986056,0.52677417,0.7481096,-0.4965328,0.6292032,0.013151069,-0.41121593,0.61544824,0.959712
789,0.39790952,-0.20165813,0.92893237,0.85447794,0.2924726,0.1424095,0.07585828,0.74915063,0.54643583,0.81804776,-0.0110994745,0.1591815,0.42158282,0.8006997,-0.75109744,0.38878855,-0.7363622,-0.4885435,-0.4141955,0.8787257
790,0.46708214,-0.24647371,0.9620663,0.90444225,0.5248972,-0.11612853,0.3428414,0.7647702,0.34155533,0.8721346,-0.10300943,0.51975787,0.5670681,0.4830217,-0.5385324,0.5290116,-0.33321458,-0.4232671,0.15995365,0.44478428
791,0.61995035,-0.21023493,0.8880814,0.7713488,0.10112249,0.6681895,0.6006566,0.9169433,0.016204027,0.15298793,0.8893738,0.3736513,0.307136,0.2785055,-0.8737563,0.34293547,-0.92937064,0.39356697,-0.46158853,0.8470649
792,0.5400178,-0.352733,0.9664802,0.9400123,0.29493687,0.12596935,0.42277563,-0.23984231,0.4006477,0.75666636,-0.17869714,0.06808979,0.14873028,-0.008255015,-0.7309896,-0.40261936,-0.9359629,-0.4204021,-0.22847602,0.70870715
793,0.5449634,-0.20966889,0.96923953,0.9094233,0.20382565,0.40872294,0.6692838,0.91508955,0.47620156,0.8482739,-0.21886833,0.45258802,-0.298191,-0.05708205,-0.9075234,0.57978755,-0.2019797,-0.42994604,-0.18861388,0.47834295
794,0.6475013,-0.18883161,0.9805484,0.9744881,0.3719575,0.23663555,0.65834206,0.6652783,-0.062316522,0.7411406,0.12041047,0.32027784,0.588965,0.22492707,-0.43928042,0.4122672,-0.51059896,-0.19064012,0.0932415,0.35242283
795,0.65369964,-0.21493529,0.9504431,0.9913977,0.22223839,0.45405173,0.8564722,0.21995968,0.6471569,0.14179473,0.32098418,0.23316844,0.071451485,0.4865008,-0.8551892,-0.059890248,-0.5935366,-0.46434084,-0.722115,0.8247498
796,0.52381647,-0.20240283,0.9427611,0.9135585,0.4190761,0.57026213,0.965539,0.2243275,0.79069,0.39974332,0.5252376,0.6536397,0.41794083,0.89171344,-0.61564445,0.28586972,-0.5429567,-0.30913633,-0.26835918,0.8024053
797,0.63301605,-0.15377375,0.92078185,0.9019897,0.3725812,0.09062172,0.26887017,0.59874904,0.6922798,0.9454283,0.11242572,0.5112741,0.8213804,0.8235171,-0.8612882,-0.20193224,0.29340383,-0.4757156,-0.71605545,0.6375371
798,0.58423364,-0.25773194,0.9808916,0.9044719,0.33780947,0.541669,0.6613344,0.67959917,0.81551355,0.8186735,0.06919013,0.9747811,0.22204934,0.9789332,-0.71178323,0.60186166,-0.08606012,-0.5664105,-0.49655285,0.50409573
799,0.41356885,-0.13268204,0.97362286,0.8987279,0.0410063,0.26698238,0.74186593,0.571007,0.23692675,0.649366,0.2759596,0.35758325,0.09703756,-0.6710988,-0.6773422,0.27184048,-0.6731792,-0.40224367,0.0064629107,0.3358139
800,0.5695122,-0.14425956,0.9305445,0.9362884,0.22681229,-0.16167559,0.21667454,0.17994569,0.34314457,0.93046963,-0.36830592,-0.09113438,0.37907022,0.6042877,-0.76702404,-0.19665352,-0.2404241,-0.46931463,0.11538665,0.62828386
801,0.5187456,-0.15358534,0.9559098,0.96261835,0.16931018,0.2742748,0.9489712,0.3471963,0.5377172,0.68671405,-0.10958374,0.36816818,0.32470986,0.15439937,-0.60457855,0.7087759,-0.36453134,-0.57762414,-0.14433433,0.36429775
802,0.6261801,-0.30954164,0.9743767,0.96251506,0.37720615,0.0062209745,0.85967374,0.43750486,0.33505365,0.775132,-0.064355865,0.19806302,0.26734948,0.069782324,-0.54559654,0.14409128,-0.5916922,-0.25460455,-0.03647506,0.9032225
803,0.48126832,-0.4559349,0.97122884,0.9669843,0.45423484,0.30272478,0.6404029,0.05513989,0.5430804,0.5999017,0.10075226,0.28697172,0.2898304,0.08592092,-0.69480675,-0.25563893,-0.71020305,-0.52838284,0.24539427,0.98703223
804,0.49167708,-0.18716295,0.94529593,0.93294257,0.6373258,0.23919116,0.63310426,0.37059528,0.61245155,0.57010955,0.20500772,0.64377743,0.9742664,0.9857239,-0.5409208,0.14346366,0.16697906,-0.32412496,-0.25045022,0.54943836
805,0.46087083,-0.4240136,0.9748766,0.9378031,0.46308362,-0.2608796,0.95261985,0.28072155,0.6605122,0.88177675,-0.5297847,0.1757158,-0.6859063,-0.4037002,-0.86058944,0.07273488,-0.90626305,-0.4422987,0.311538,0.67210823
806,0.6713012,-0.2791144,0.9529114,0.9608306,0.47922403,-0.110833004,0.7263139,0.2997773,0.14751433,0.5922512,-0.26460895,0.060820695,0.537148,-0.14948104,-0.56281626,-0.18976857,-0.6406184,-0.37598196,0.11985923,0.47860628
807,0.621297,-0.20753132,0.95205516,0.94690305,0.23234147,-0.19894415,0.73125017,0.71427524,0.48097625,0.9932944,0.43454307,0.95555633,0.58877075,0.88723046,-0.0837715,0.47921842,-0.3527448,-0.5402196,-0.71839726,0.7775594
808,0.5184441,-0.26057124,0.9499707,0.99378765,0.45420286,0.051551674,0.7376754,0.23191857,0.39790314,0.58372927,0.07060685,0.18954147,0.754796,0.28928003,-0.54544485,-0.41001925,-0.42586154,-0.29515636,-0.31156203,0.6170076
809,0.41383782,-0.24207532,0.96315986,0.93532056,0.42230713,0.62186253,0.6505233,0.71997964,0.10881663,0.7515006,0.14395496,0.52413076,0.14526671,0.2733636,-0.7144769,0.2884988,-0.7185013,-0.25569442,0.1584536,0.48404926
810,0.6118901,-0.3446106,0.97985435,0.9331374,0.11402143,0.652357,0.49144226,0.7968673,0.3496782,0.9253273,-0.32973105,0.34006363,-0.6351649,-0.3197003,-0.79943717,0.7519787,-0.8080549,-0.64526105,-0.025521966,0.2795233
811,0.63053,-0.33168155,0.9757144,0.910862,0.35038134,0.12670736,0.4454727,0.22707367,0.7947246,0.9612904,-0.21031113,0.40657997,-0.119179785,0.4377419,-0.59602815,0.24978504,-0.51907986,-0.68146384,-0.013553788,0.89549446
812,0.54462093,-0.15392558,0.9613442,0.98224527,0.40837383,0.78440166,0.52042204,0.52439123,0.282777,0.92479694,-0.21780714,0.276672,-0.82410645,0.0013626227,-0.93395275,0.5894532,-0.5361644,-0.61453676,0.5626142,0.5586466
813,0.53773224,-0.21232355,0.94713306,0.98896563,0.41272688,0.6492327,0.680844,0.56656766,0.40411952,0.7132626,0.11641301,0.7800845,0.27376705,0.90043235,-0.51878333,0.53217274,0.116728,-0.40134358,-0.30586243,0.6581847
814,0.5744581,-0.111563876,0.95866686,0.96623045,0.15810901,0.7487346,0.24182333,0.5896324,0.105985135,-0.0031294073,0.5941648,0.18586686,0.018264228,-0.11302451,-0.27228266,0.6841171,-0.97961897,-0.18921876,-0.23960014,0.92867166
815,0.5838628,-0.17880468,0.9723614,0.8878899,0.23191446,0.52919954,0.8307778,0.69813776,0.25098068,0.6894568,0.32312015,0.7081193,0.1060984,0.2848597,-0.34108308,0.84575796,-0.91317683,-0.54128945,-0.3080108,0.60248333
816,0.62665695,-0.13070002,0.97577643,0.90864813,0.42579526,0.36787906,0.8328942,0.9356641,0.16200286,0.8352283,-0.22443984,0.90246886,0.51451206,0.6690832,-0.5005715,0.67636216,0.023691073,-0.59040844,0.006512171,0.5019945
817,0.58654505,-0.33787474,0.941952,0.88960344,0.4042705,-0.33981362,0.35436344,0.2187496,0.38632044,0.7935068,-0.05097427,0.123583116,0.51655805,0.61802936,-0.8161871,-0.10658849,-0.3570877,-0.4197036,0.1788992,0.4482826
818,0.7136033,-0.32202867,0.9786025,0.9219057,0.43363383,0.18580054,0.0748613,0.529887,0.07990525,0.72003204,0.07139908,0.27566993,0.869703,0.6921121,-0.86652863,0.12392914,0.09943493,-0.34192142,0.0720479,0.6370237
819,0.501043,-0.27524608,0.9392966,0.94263905,0.27599776,0.514177,0.5301501,0.9705478,0.36456367,0.921604,-0.17455387,0.52172476,-0.055217616,-0.5703373,-0.82605904,0.78693986,-0.46096954,-0.50325,0.1534629,-0.37738323
820,0.6858203,-0.39072725,0.9050402,0.92386985,0.2994081,-0.5957719,0.2707335,-0.0018841828,0.6812497,0.709365,0.3152091,-0.003315639,0.3671255,0.45814514,-0.50425565,0.020411856,-0.60203266,-0.49654222,-0.11088416,0.669581
821,0.5804779,-0.16603428,0.9682397,0.99644536,0.12733495,0.2504982,0.38704318,0.88981694,-0.16692948,0.9084276,0.22570434,0.17500646,0.29736978,-0.17971247,-0.30002362,0.7948448,-0.8677854,-0.28248733,0.21567836,0.6701609
822,0.39514965,-0.47720197,0.9569139,0.9495312,0.37035128,0.3050836,0.97699404,0.510918,0.051360056,0.7531342,-0.23085374,0.5026152,-0.09564276,-0.51758116,-0.49231496,0.34885,-0.8714581,-0.38939834,0.25752753,0.13169035
823,0.6240701,-0.411189,0.91356385,0.90582705,0.34588596,0.37521017,0.68374664,0.16662745,0.9437599,0.14642967,0.10561506,0.7096256,-0.006650991,0.84397906,-0.5387912,0.3716355,-0.5082768,-0.58685356,-0.3951062,0.9343079
824,0.70333916,-0.21246159,0.9470566,0.95452166,0.11684476,0.47413623,0.7578303,0.07539917,0.2044433,0.51978683,0.50217533,0.27758545,0.4116537,0.18535241,-0.35324144,0.3395761,-0.91042864,-0.17594196,-0.021878192,0.9594629
825,0.5009999,-0.39993957,0.9370661,0.98350126,0.30621585,0.08253026,0.86426747,-0.32147443,0.6824788,0.34104374,0.08617297,0.041701987,0.36217773,-0.2878841,-0.61322063,-0.16150577,-0.7972749,-0.5059819,0.3004332,0.1035183
826,0.49600247,-0.20742543,0.98129463,0.8146693,0.34129286,-0.28950638,0.5584221,-0.027031697,0.7927998,0.45723304,0.57144374,0.24409917,0.769768,0.38501978,-0.9260775,-0.51544267,-0.5976919,-0.08406244,-0.5776369,0.86161304
827,0.6914226,-0.26478258,0.9568302,0.9989907,0.23537973,0.30028158,0.4940731,0.7446945,0.6784975,0.7148365,-0.08986797,0.5937441,0.0690806,0.9980205,-0.92026865,0.24553476,-0.13095966,-0.54359215,-0.3909945,0.9910346
828,0.6427868,-0.33155665,0.97789,0.74942946,0.38734654,-0.24915002,0.88599646,-0.17038547,0.32371756,0.77117825,0.42044333,0.07681591,0.6081059,-0.4169397,-0.8123323,-0.42176813,-0.63786954,-0.046689373,0.06404077,0.4628546
829,0.6386428,-0.23647371,0.93022037,0.9927737,0.24847323,0.26582223,0.49724075,0.26355815,0.6643918,0.6436767,0.29514867,0.44117758,-0.18959317,-0.09940433,-0.9086291,-0.25279665,-0.9604784,-0.08647142,-0.54552275,0.5900404
830,0.671167,-0.17563674,0.9394892,0.9818761,0.3972346,0.52288145,0.84261596,0.79248464,0.4724752,0.6798789,-0.20515396,0.89020973,0.1812076,0.62490964,-0.19035922,0.6464928,-0.40843758,-0.49772346,-0.23469515,0.3606731
831,0.6673589,-0.10894331,0.9812597,0.92052186,0.31557256,0.14651787,0.8829213,0.4027326,0.38416195,0.3359461,0.43930423,0.25720358,0.9903115,0.20692503,-0.6053185,-0.060737733,-0.35543752,-0.12059226,-0.1554606,0.31327912
832,0.45484266,-0.2341508,0.86771345,0.99682236,0.529325,0.21380268,0.43527463,0.25396392,0.34998307,0.88338345,-0.22802474,0.14613962,-0.5732214,0.5292493,-0.6877558,0.5159637,-0.3205538,-0.67048556,0.105428666,0.95676476
833,0.6139974,-0.2336904,0.97051424,0.8339769,0.27344584,0.44232827,0.9345631,0.8602953,0.6432052,0.67170477,0.52359486,0.9690116,0.055930663,0.5581338,-0.58546513,0.9049816,-0.15365022,-0.25511393,-0.5622265,0.63336045
834,0.5269572,-0.20355365,0.97100645,0.8801975,0.42907226,-0.15787262,0.89730614,0.5659245,0.3340798,0.96103925,0.3498888,0.5943756,0.64809334,0.4418624,-0.538715,0.023483172,-0.58643854,-0.2018161,-0.35218516,0.6348036
835,0.5035596,-0.08432577,0.96328634,0.9564337,0.20144273,-0.012622736,0.18337287,-0.035081927,0.70804447,0.12855223,0.38732657,0.17483963,0.7343876,0.8175478,-0.8485876,-0.07898311,-0.21554534,-0.57538855,-0.42274258,0.6964953
836,0.5594439,-0.34612402,0.95502007,0.73395526,0.15578623,-0.005681835,0.4332706,0.21367711,0.50637376,0.8027814,-0.22136277,0.3040969,-0.2454658,0.11879723,-0.33356175,0.21792337,-0.89735514,-0.35981527,0.105366126,0.64342594
837,0.44728208,-0.2431334,0.9685264,0.91027445,0.6741435,0.34623334,0.33468932,0.32446012,0.08287857,0.6565309,-0.15604036,0.19599351,0.073051706,-0.122024514,-0.5414658,0.3123833,-0.34632054,-0.5648016,0.544238,0.7465422
838,0.61822647,-0.2601058,0.9690113,0.96660876,0.31092605,-0.23782158,0.5542059,0.2736241,0.43359923,0.9622173,-0.34725833,0.25952864,0.29643053,-0.1305147,-0.7378649,-0.28322682,-0.3978454,-0.26252857,0.035874065,0.48555636
839,0.47549263,-0.18639348,0.98192936,0.85449773,0.21871923,0.05976247,0.9119124,0.3761753,0.3124298,0.71767455,0.12352829,0.39956006,0.28423026,-0.14229575,-0.095462576,0.21150841,-0.6657641,-0.5160353,-0.110949375,0.2959919
840,0.5496224,-0.26967704,0.90770745,0.9057456,0.5897465,0.60015994,0.9744794,0.8600182,-0.30467215,0.4325056,0.25854075,0.5408627,0.6139022,0.29413006,-0.39722094,0.43942764,-0.46439117,-0.41349408,0.25295305,0.84176844
841,0.56271595,-0.17246054,0.9607903,0.8714905,0.1703956,0.68342006,0.6353524,0.60912746,0.36762202,0.61875355,0.4743626,0.51063204,0.25679946,0.30444866,-0.8936677,0.19111498,-0.6228991,-0.15362547,-0.37125513,0.6312413
842,0.57394296,-0.2220421,0.9802468,0.8188752,0.28430825,-0.45290664,0.8275214,0.099839285,0.451101,0.7688699,0.37032127,0.3759984,0.60486865,0.023266777,-0.27886632,-0.27648202,-0.91115916,0.087359935,-0.11957109,0.80463916
843,0.59139025,-0.28846934,0.97040755,0.95949024,0.36254716,-0.18252607,0.7741992,0.13977684,0.59389406,0.83398074,0.3356314,0.6258831,0.31006584,0.8868886,-0.46875557,0.32672033,-0.05225234,-0.4491538,-0.46204084,0.9372521
844,0.64107585,-0.21721084,0.9665426,0.967685,0.02981187,0.44217706,0.77021366,0.6116871,0.116761915,0.85004455,0.13674504,0.28082243,0.17036895,-0.15519883,-0.8555172,0.3424555,-0.779626,-0.056253333,-0.03458388,0.32190254
845,0.5805208,-0.24387881,0.93294215,0.94839805,0.37508872,0.9180146,0.8718679,0.57345265,0.059750393,0.20034312,0.39844072,0.2659651,0.6379789,0.83908325,-0.27491856,0.58108807,0.017443076,-0.682805,0.07812466,0.78846246
846,0.539051,-0.49197987,0.96792597,0.984784,0.39237326,0.5311961,0.8785467,0.6937123,-0.163784,0.8854279,-0.11188797,0.6551386,0.23105522,-0.45288175,-0.2682104,0.70972484,-0.556234,-0.45734763,0.1371567,0.22268564
847,0.67569894,-0.13359813,0.9642813,0.9457089,0.2699942,-0.13792844,0.821333,0.1025908,0.55029476,0.6500748,0.092834815,0.5023479,0.7810207,0.28649464,-0.88044304,-0.4250237,-0.10201909,-0.44108206,-0.6196371,0.41368067
848,0.69378054,-0.33126834,0.965506,0.89551276,0.7834409,0.20630741,0.5332169,-0.3930235,0.9128721,0.44473892,-0.2501231,0.1878388,0.40366742,0.4173426,-0.9874737,-0.8941848,-0.77471167,-0.90338624,-0.03221227,0.9393699
849,0.5600887,-0.22725517,0.96829516,0.9163508,0.43421504,-0.32807428,0.533109,0.40598646,0.108743824,0.70309705,0.298006,0.02007286,0.6805965,0.34443456,-0.4039448,-0.06678542,-0.45230567,-0.15975598,0.11744302,0.9854788
850,0.5369671,-0.1725315,0.928839,0.99736303,0.17276184,0.20338452,0.92884856,0.08500269,0.30669114,0.95099604,-0.05453161,0.102091566,-0.29858488,-0.35427642,-0.7585278,0.26392993,-0.7517728,-0.11310919,0.20077546,0.7773737
851,0.6611843,-0.29067925,0.90949917,0.92511755,0.24849017,0.39906418,0.17892589,0.77564937,0.4427882,0.85714746,-0.26866361,0.2792913,-0.23924613,0.5997762,-0.77165353,0.91343206,-0.7516801,-0.8048923,0.30904752,0.46011585
852,0.5878676,-0.27725932,0.9667885,0.866738,0.45995075,0.789491,0.49198928,0.7097316,-0.03651226,0.14475386,0.07178449,0.43605962,0.8526891,0.34813854,0.24732979,0.9160765,0.03127775,-0.721119,0.27455994,0.19392233
853,0.6016095,-0.24079739,0.97673225,0.8628345,0.28972563,-0.03769337,0.84719324,0.17241675,0.6668861,0.92668647,0.21777281,0.47863674,0.22503866,0.3307915,-0.5576467,0.018370302,-0.6950687,-0.65594155,-0.5588108,0.794005
854,0.5452999,-0.08169259,0.977389,0.8758836,0.3629152,0.23501271,0.7968861,0.40543425,0.16036458,0.63556826,0.13239151,0.2102123,0.547454,0.26750228,-0.49712422,-0.043361016,-0.59241104,-0.26150492,0.14714135,0.8568108
855,0.5249123,-0.3033465,0.94114023,0.91279894,0.28197208,0.45869717,0.68863916,0.8122493,0.36108804,0.6652867,-0.19134353,0.654772,-0.038464967,-0.16413373,-0.72882694,0.52087724,-0.8033779,-0.3134805,-0.12778632,0.61592245
856,0.57250667,-0.062299367,0.91888183,0.8661392,0.29920536,0.054483607,0.6510916,0.33691052,0.50221306,0.00493515,0.25752577,0.16158079,0.37754405,0.5722916,-0.6877666,-0.26283792,-0.4731073,-0.3098792,-0.3264678,0.92160344
857,0.56220025,-0.16149391,0.97691405,0.7567579,0.16346483,-0.5058487,0.85744876,0.62973017,0.35213566,0.7055818,0.21408978,0.68933237,0.83041847,0.708049,-0.3193174,0.14077902,-0.057255924,-0.4200094,-0.6462468,0.7084225
858,0.5157143,-0.21795808,0.95250833,0.824727,0.1415462,0.41753206,0.8024533,0.67010266,0.12764844,0.89531296,-0.28167596,0.50672853,-0.34344974,-0.4505805,-0.6665272,0.5058125,-0.42607105,0.025758745,-0.090011746,0.13374798
859,0.61872345,-0.28700805,0.95092344,0.82091224,0.37220463,0.413714,0.8664959,0.9061809,-0.13602564,0.92871326,-0.275114,0.506352,0.2909131,-0.08925703,-0.5971306,0.5384183,-0.21594049,-0.36218753,0.39761367,0.649725
860,0.48544553,-0.09859591,0.94196814,0.830175,0.24490908,0.07012769,0.63191754,0.071361646,0.37269756,0.80416423,0.15651943,0.10536088,0.4248707,-0.4184396,-0.39849696,-0.054613367,-0.6729785,-0.040048655,0.337442,0.30664927
861,0.5602398,-0.24352536,0.93805104,0.975558,0.39805698,0.36744338,0.7365556,0.41979915,0.57484263,0.559261,0.1483939,0.49859518,0.6543799,0.5829816,-0.63364685,0.027415775,-0.2099776,-0.76973015,-0.40254512,0.34378874
862,0.62349516,-0.15991804,0.9791336,0.8921547,0.69824564,-0.8387975,0.19359948,-0.55353224,0.47596154,0.8710708,0.059421357,0.024890883,0.97009534,0.19370358,-0.22206074,-0.8487175,-0.76762044,-0.22160573,0.2780394,0.9088635
863,0.6057882,-0.07497298,0.9732912,0.9657765,0.3139238,0.5480635,0.48382145,0.739569,0.49406037,0.7603529,-0.03766542,0.5822371,0.48336637,0.17921017,-0.5669492,0.5270061,-0.49091142,-0.42726022,0.025034515,0.07202676
864,0.49132544,-0.19912696,0.95889777,0.8310583,0.17712508,0.34180564,0.7915981,0.5976128,-0.0645488,0.7572018,0.09199077,0.23677355,0.5309756,-0.3415635,0.20228674,0.86115974,-0.95078355,-0.18013547,0.19051783,0.59620345
865,0.6081977,-0.24209963,0.97594553,0.797247,0.29423833,0.48793095,0.933731,0.81187177,0.13595362,0.6179419,0.3215027,0.505666,0.7726816,0.076408595,-0.1902227,0.69543386,-0.4690661,-0.083078906,-0.3385047,0.8967127
866,0.5529904,-0.18709199,0.93564653,0.8826643,0.32287872,0.19659477,0.56417364,0.064479046,0.47699237,0.57028013,0.43280494,0.15300119,0.47276124,0.24407408,-0.7407188,0.10200137,-0.87921387,-0.35582453,0.08971476,0.93132955
867,0.7043737,-0.41376492,0.9309986,0.90774786,0.3400697,0.096939005,0.23638992,0.6181452,0.35604754,0.7252877,-0.050470088,0.28675663,-0.22248739,0.39929733,-0.5781697,0.6568047,-0.6183474,-0.56131876,0.14541723,0.90505844
868,0.6775306,-0.25637105,0.9801426,0.89364713,0.4040421,0.19817622,0.81326544,0.55355734,0.24380898,0.5330912,0.22410332,0.3873769,-0.19310786,0.7719653,-0.8028452,0.15595405,-0.8280619,-0.41861737,-0.2075576,0.80023354
869,0.489362,-0.26380983,0.94581044,0.96782404,0.4213945,0.04620595,0.7644249,-0.14365526,0.45905197,0.47690746,-0.0072724167,0.11102428,0.41307512,0.09301955,-0.18542735,0.039825015,-0.82153374,-0.5544946,0.0220663,0.909083
870,0.41209617,-0.19974566,0.9400044,0.9229047,0.41170576,-0.25146922,0.878966,0.732381,0.27853456,0.8270895,-0.24262716,0.8542884,0.3779913,0.7334303,-0.4661804,0.32032487,0.26455703,-0.39189848,0.07015363,0.5737295
871,0.69522357,-0.2582323,0.97865105,0.8070233,0.49008203,0.18199995,0.58651793,0.49230877,0.48468634,0.8427232,-0.16350466,0.3314273,0.22626,0.59597605,-0.71958065,0.16115008,-0.04517827,-0.8107108,-0.021268666,0.6540976
872,0.46653697,-0.31723455,0.9449805,0.9010795,0.3714284,-0.008505262,0.5740263,-0.28747118,0.37399068,0.55444604,-0.012244108,-0.14239909,-0.35641056,0.16478908,-0.8555412,-0.5098833,-0.7233978,-0.33429125,0.2710982,0.92142344
873,0.41464043,-0.3207131,0.8813821,0.989746,0.34341764,0.25643072,0.8346314,0.8848547,0.8084002,0.7605045,-0.12064774,0.78820556,0.71919316,0.42992148,-0.5131121,0.5383632,0.22221324,-0.75088865,-0.71092606,-0.12246475
874,0.4420266,-0.16171893,0.96030736,0.9030561,0.5418082,0.48014823,0.82565165,0.186789,0.63090014,0.40493274,0.49754688,0.18303186,0.8812839,0.8732542,-0.9073021,-0.45405617,-0.6559444,-0.3899316,-0.034213264,0.9463491
875,0.5229778,-0.40020147,0.95704174,0.9230647,0.22526102,-0.29236567,0.46759164,0.6205123,0.6782475,0.7203737,0.024739526,0.5556937,0.2531398,0.62919796,-0.3029067,0.5435514,0.01901608,-0.7439818,-0.6277333,0.53889835
876,0.61156726,-0.0440475,0.96543944,0.94812095,0.2605752,-0.036140017,0.6566838,0.3477905,0.27709347,0.86397296,0.18836014,0.15866837,0.7133849,-0.074938275,-0.65646285,-0.2493161,-0.732823,-0.066600546,-0.14031906,0.53575164
877,0.701899,-0.075839885,0.9607556,0.89249283,0.55053335,-0.028878117,0.67525744,0.1130861,0.10786072,0.94733196,0.26736858,-0.29572365,0.66354,0.36309168,-0.88039464,-0.52074784,-0.67074436,-0.30723086,0.12845422,0.9620603
878,0.594944,-0.16702415,0.96126693,0.92281896,0.33884624,0.2939793,0.65209585,0.72301435,0.39685732,0.8366663,0.27977136,0.7712707,0.7909894,0.89334947,-0.5475859,0.443158,0.123615146,-0.55920553,-0.11154563,0.70286953
879,0.7397221,-0.34503993,0.97721756,0.9972437,0.11334266,-0.48474473,0.51812476,0.31948072,0.5735595,0.69202524,0.10523615,0.34074312,0.32614824,0.60273945,-0.58968234,0.09962929,-0.7988638,-0.2970053,-0.40704724,0.95750594
880,0.61732715,-0.32236192,0.9789405,0.8320688,0.35489082,0.063710935,0.70752865,0.3230853,0.29194805,0.5480702,0.24745391,-0.024979986,0.516752,-0.22463399,-0.8103069,0.036242925,-0.7647037,-0.2599987,0.003956092,0.47160533
881,0.5352723,-0.2269242,0.9559289,0.8510586,0.46686673,-0.094632536,-0.03655768,0.08122918,0.5660303,0.6614577,-0.02502027,0.2732828,0.47030848,0.63671297,-0.7559948,-0.16182993,-0.37340188,-0.4697848,-0.09237236,0.9486639
882,0.6559345,-0.15713285,0.96906465,0.9282161,0.1267354,-0.24694629,0.9243812,0.055691957,0.51157475,0.95941573,0.37612215,0.30343026,0.18606204,-0.2944368,-0.5063877,-0.10406775,-0.8987615,0.04860859,-0.34189576,0.45124066
883,0.43254358,-0.3239949,0.93915254,0.77968246,0.50382054,-0.21229503,0.596489,-0.056810044,0.7051051,0.7820764,-0.0030380653,0.2600795,0.3527706,0.2409892,-0.6736227,-0.42789173,-0.63481784,-0.5736382,0.13920037,0.67465717
884,0.4751459,-0.29125303,0.96432084,0.95465624,0.54597944,-0.6519204,0.13638698,-0.26614866,0.14217404,0.9201645,0.087289326,-0.45304096,0.18973187,-0.06451776,-0.6854334,-0.43772635,-0.97031915,0.039740175,0.60269624,0.94644415
885,0.6716216,-0.105377555,0.9795369,0.96908826,0.32794878,0.44557086,0.9406654,0.8978685,-0.13409023,0.6294841,-0.2305454,0.3756579,0.21218313,0.15492722,-0.45846397,0.6367488,-0.02960882,-0.38760015,0.18931636,0.627075
886,0.5290219,-0.2723368,0.94361275,0.9651801,0.13647304,0.41473863,0.9699404,0.13662086,0.80416536,-0.32839182,0.86220956,0.55455065,0.89717233,0.9728465,-0.04840836,0.24980502,-0.4946025,-0.32702133,-0.56038594,0.6086181
887,0.5457847,-0.30215937,0.9731945,0.9245974,0.28391853,-0.4204995,0.6069626,0.6659472,0.2941997,0.9868069,-0.24452232,0.48468468,0.09715284,-0.10978714,-0.31664097,0.4319245,-0.4702149,-0.27187085,-0.51690495,0.7355991
888,0.668376,-0.1925599,0.97580385,0.8161332,0.23683687,0.5655211,0.8785894,0.73824716,0.09650954,0.8363941,-0.24049936,0.16475642,-0.031845927,-0.48365107,-0.3307329,0.82039684,-0.9879552,-0.55944,0.25214833,0.47156423
889,0.5649713,0.03819477,0.95678467,0.9096464,0.27889782,-0.037718475,0.5732953,0.32736388,0.4811878,0.85813516,-0.18034512,0.20835565,-0.13356167,0.25333813,-0.96058095,-0.13149875,-0.49274215,-0.38597056,0.23352398,0.6490161
890,0.49030378,-0.23923068,0.97241604,0.9429669,0.35225686,0.62842333,0.8693987,0.6703344,0.57597065,0.6550838,-0.25889358,0.92814744,0.14271587,0.10335924,-0.3940996,0.9431741,-0.25273365,-0.70745265,0.07767432,-0.4162658
891,0.6118994,-0.17047921,0.87453246,0.8193798,0.4823928,-0.06220107,0.62484044,-0.17761962,0.7363668,0.56499934,0.4433967,0.25134277,0.8885456,0.34975338,-0.9733505,-0.7732845,-0.92348087,-0.08681407,-0.25200844,0.54418284
892,0.48764,-0.31046182,0.95695645,0.949782,0.50716245,0.39798734,0.78309965,0.3136464,0.5436274,0.31921273,0.11462768,0.49219775,0.66430974,0.22235708,-0.6220386,0.41894418,-0.14574309,-0.77523077,-0.2103303,0.23980197
893,0.61239976,-0.20517048,0.96517396,0.9783642,0.32331318,0.13302144,0.35139433,0.1016445,0.39751154,0.8077143,-0.14515261,0.14304258,-0.19294052,0.028466105,-0.8196741,-0.13800439,-0.68374014,-0.4735206,0.22518346,0.9292241
894,0.60128266,-0.19594347,0.93430585,0.90841955,0.40866253,0.63855404,0.94873565,0.813393,0.21668887,0.34490725,0.22095712,0.5312788,0.19836429,0.2427727,-0.7983113,0.40787914,-0.702694,-0.4784225,0.09797867,0.4348049
895,0.5593525,-0.32037005,0.96507204,0.8924336,0.32585835,-0.054769985,0.88146,0.7223468,0.46309772,0.92930627,-0.016401272,0.52896625,0.68968624,0.039688908,-0.38637757,0.22775982,-0.39698863,-0.25221613,-0.047992088,0.23974301
896,0.89845735,-0.23933227,0.955459,0.9531933,0.21692248,0.95063615,0.94903153,0.8790983,0.47573942,0.15934709,0.6584882,0.62766623,0.7493453,0.9299809,-0.367229,0.907299,-0.07959126,-0.6044085,-0.68625796,0.9319842
897,0.62755424,-0.31604406,0.96757805,0.99769485,0.39936444,0.25651935,0.7336503,0.8698894,0.68944496,0.937777,-0.1778447,0.5583878,-0.34447047,0.9986666,-0.95009065,0.62983614,-0.5809084,-0.45373696,0.05482543,0.90502244
898,0.63862807,-0.34980518,0.96688783,0.85354656,0.15495956,0.61375237,0.75049627,0.8534492,0.4367361,0.633302,-0.4455024,0.6074025,-0.72538346,-0.20605412,-0.6562492,0.8657246,-0.9177063,-0.5931246,-0.06553079,-0.13826665
899,0.46795043,-0.16038236,0.9500404,0.8627004,0.12223018,0.4419586,0.82351696,0.92539155,0.110348605,0.8928066,-0.18251817,0.23434006,-0.037966076,-0.5043465,-0.41983068,0.44404367,-0.8922316,-0.30366054,-0.21620692,0.5375908
900,0.612455,-0.39053485,0.9614398,0.9990224,0.6358428,-0.42754963,0.7527173,0.3002463,0.47003958,0.9164673,-0.24355507,0.5144781,0.9081997,0.062800094,0.21790867,0.72417504,-0.041981366,-0.52979,0.16030663,0.80795956
901,0.5453808,-0.2703449,0.97415406,0.89217687,0.294379,-0.23870979,0.6409168,0.34366694,0.14189266,0.89922607,0.27202782,0.24244073,0.6987055,0.47417867,-0.6319575,-0.41290137,-0.5834997,-0.2596568,-0.18425733,0.874254
902,0.6301813,-0.28916124,0.9748969,0.88972485,0.34116212,0.0062517896,0.5179032,0.07289738,0.50672734,0.55484307,0.27415088,0.04540892,0.44254985,0.17434536,-0.8195328,-0.11721067,-0.8319542,-0.39392155,-0.121579655,0.7779922
903,0.6583309,-0.19439548,0.9622733,0.92337096,0.275593,-0.24856657,0.95973796,0.14657886,0.838205,0.7214341,0.07003134,0.30937284,0.9280108,0.48126608,-0.9035446,-0.28626207,-0.13847272,-0.4504179,-0.6010025,0.44602045
904,0.56874025,-0.27935153,0.9505457,0.79510945,0.1749264,0.5393977,0.8262783,0.6866088,0.2874493,0.37420282,-0.0021359387,0.43652874,0.007366941,0.18201475,-0.70019555,0.41859034,-0.5394894,-0.41157442,-0.09767341,0.18497716
905,0.627202,-0.36224782,0.94695866,0.95632315,0.23714262,0.29041916,0.60258704,0.32175395,0.3140228,0.31992027,0.3715299,0.34092626,0.5604422,-0.14500888,-0.08717347,0.54996943,-0.5101951,-0.49871358,-0.045354724,0.69550747
906,0.5304807,-0.5107649,0.9742403,0.8744062,0.48521516,-0.33469442,0.58736545,0.22946773,0.21652721,0.9248077,0.02806353,0.28022072,0.3397775,0.021342106,-0.091652766,0.1434025,-0.53911054,-0.44349188,0.3498367,0.93765223
907,0.44541958,-0.21131946,0.96975744,0.8974487,0.41681585,0.023397231,0.28458127,0.89472574,-0.036117982,0.87971926,0.22613896,0.6417334,0.9975726,0.8181598,-0.28509763,0.49826738,0.04301121,-0.14365058,-0.122356124,0.9687797
908,0.59484357,-0.194589,0.95284986,0.97102195,0.06810015,0.29782414,0.43672237,0.63955486,0.8952195,0.86846256,-0.061569106,0.6273418,-0.77182245,0.75996625,-0.7447333,0.7148795,-0.40628234,-0.7121879,-0.79149556,0.4349234
909,0.5977603,-0.22578318,0.9409609,0.94886255,0.310466,-0.019575238,0.4365448,0.39572516,0.1905464,0.6562812,0.56553,0.2010455,0.59415936,0.7955305,-0.7811147,-0.2515236,-0.34041336,-0.21862066,-0.25617498,0.84229195
910,0.63073516,-0.35950038,0.97045994,0.92416364,0.19676603,0.47579336,0.9042479,0.9140208,0.5987032,0.6330343,0.06306843,0.88134956,-0.18213865,0.6527883,-0.8274565,0.83971775,-0.2754118,-0.6232095,-0.49788514,0.6481258
911,0.44000158,-0.3478481,0.9583829,0.7590444,0.4964327,0.4540064,0.10924329,0.59809905,0.34608582,0.9374804,-0.07591754,0.32966822,0.059041534,0.043811534,-0.94497645,0.05963056,-0.35380477,-0.35494858,0.18479592,0.43482333
912,0.5700286,-0.08691551,0.96602315,0.96575886,0.46312234,0.51163274,0.6752922,0.5116839,0.14201915,0.7003607,-0.0826732,0.4106431,-0.017666396,0.24281868,-0.48090717,0.57382184,-0.75336087,-0.29241815,0.48056856,0.65026927
913,0.62490845,-0.20710942,0.8903971,0.99537545,0.28603858,0.29946542,0.4105465,0.785852,-0.021527244,0.949344,-0.20597179,0.18423097,-0.28138778,0.0055183684,-0.58549094,0.80330825,-0.8294583,-0.50167376,0.5945376,0.9013802
914,0.38005394,-0.09381642,0.96701527,0.88802946,0.4063208,-0.046890657,0.57565457,-0.049541965,0.6311479,0.36079788,0.21467274,0.21131243,0.5316878,0.88770574,-0.6452737,-0.2862782,-0.5728254,-0.6555407,-0.068689644,0.9223745
915,0.59246653,-0.30045643,0.9702407,0.8599296,0.19149406,0.7690937,0.8054722,0.52214694,0.09662606,0.5310113,-0.2937156,0.24843591,-0.89998215,-0.1734191,-0.6506938,0.6790843,-0.9349845,-0.47313473,0.41126436,0.5712656
916,0.478572,-0.15641513,0.9821703,0.9587446,0.46804133,0.35203344,0.65667695,0.49628296,0.79695195,0.44714642,0.005648776,0.76328754,0.26515538,0.5897547,-0.95479625,0.0121951895,-0.04753131,-0.6079724,-0.2909863,0.14701846
917,0.6083818,-0.21341208,0.9484319,0.88363004,0.44991326,0.4594892,0.27023935,0.06598241,0.52430254,0.62681127,0.26826245,0.41015747,0.9458759,0.6012775,-0.8313763,-0.13060701,-0.24995507,-0.5521025,-0.09628939,0.30989748
918,0.4445367,-0.32882252,0.98142356,0.89012486,0.3621629,0.5489849,0.018658567,0.25793383,0.2595853,0.2914042,0.30489865,0.32244906,0.79579204,0.42926374,-0.36391366,0.46104336,-0.5387829,-0.75261027,0.09456536,0.9245357
919,0.5426733,-0.20563574,0.92104787,0.9471372,0.09236451,0.29682118,0.9865845,0.38034698,0.90856767,0.3362466,0.1285761,0.40873903,0.27495345,0.4954495,-0.8982191,0.31735185,-0.6767408,-0.6996798,-0.15141086,-0.11817235
920,0.73086756,-0.09700073,0.9599901,0.91369534,0.23406209,-0.4054185,0.39160562,0.7485438,0.5225993,0.79467404,0.20895644,0.6296753,0.39336795,0.99677706,-0.06046859,0.7529854,-0.5376628,-0.555597,-0.5192267,0.94621813
921,0.5590695,-0.35009223,0.97450083,0.97382146,0.45677194,0.6627712,0.92783,0.64100486,0.18327184,0.63506913,-0.28373814,0.24800184,-0.20143741,-0.30831137,-0.24556229,0.83797115,-0.8492991,-0.4305496,0.6180262,0.7797013
922,0.55018455,-0.28591025,0.9518523,0.75554806,0.31388295,0.43356508,0.7503754,0.9155197,-0.025870822,0.79864496,-0.12965108,0.53277653,0.5291433,-0.11054248,-0.427958,0.74409187,-0.23254964,-0.34878004,0.2964405,-0.42016372
923,0.5910353,-0.3035662,0.9626037,0.8696698,0.11172092,0.57484865,0.9350996,0.38948867,0.43809575,-0.0881253,0.16115923,0.46175733,0.03710657,-0.17984822,-0.30962136,0.6374482,-0.8069912,-0.68617034,-0.31337607,0.7378164
924,0.5115033,-0.33972552,0.9608674,0.9946836,0.35852152,-0.17197762,0.9202138,0.34393677,0.70539826,0.98122936,-0.20135127,0.5584855,0.9202042,0.021965515,-0.39640146,0.30863035,0.16358353,-0.4778921,-0.23200049,0.043838948
925,0.7236517,-0.23991235,0.9432885,0.9735369,0.3671754,0.0023049873,0.5226106,-0.031605337,0.6134322,0.82064694,0.39594078,0.624198,0.69148976,0.8616033,-0.5457265,-0.17673077,-0.053103328,-0.26244006,-0.25024992,0.91860986
926,0.51459694,-0.42736134,0.97632617,0.9066477,0.24912974,0.40412295,0.5836601,0.45607746,0.5739371,0.40940136,0.42011118,0.6355495,0.78083515,0.8056082,-0.15796198,0.5310981,-0.22662441,-0.65127546,-0.43530497,0.9134107
927,0.61130834,-0.2784437,0.9616682,0.98560995,0.1284019,0.5128175,0.8714862,0.55808467,0.3369714,0.6829017,0.17719062,0.4695012,0.0862155,-0.50046825,-0.19806552,0.46197066,-0.27634186,-0.30900037,-0.4180561,0.47105455
928,0.5193758,-0.17653939,0.95614517,0.9550417,0.25355682,0.20442069,0.9367544,0.24165195,0.65129817,0.45692572,-0.11906577,0.5935763,-0.05167823,0.22526826,-0.7521408,0.14727597,-0.25958964,-0.5354547,-0.23356338,0.22521694
929,0.70779634,-0.3036148,0.94474125,0.9465046,-0.005388003,-0.09883585,0.77483195,0.50247854,0.15133487,0.59474117,0.38631597,0.30948633,0.57216316,-0.30860677,0.15478826,0.7743541,-0.8239613,-0.07229968,-0.28876764,0.8002847
930,0.58025664,-0.33438063,0.97588617,0.9604191,0.26978305,-0.43231148,0.71822935,0.013060845,0.9326002,0.88158333,0.23470892,0.53469324,0.6593772,0.81006795,-0.35017592,-0.07701955,-0.56300795,-0.4467914,-0.6175542,0.9624756
931,0.5763556,-0.2480423,0.9414838,0.8562926,0.49481854,0.37885392,0.49671614,0.66537845,0.17569524,0.8165541,-0.22436951,0.39787674,0.27570814,0.22514592,-0.61818445,0.2869391,-0.34932008,-0.4109862,0.33677694,0.3359932
932,0.62107563,-0.2793651,0.9453516,0.64654016,0.2595303,0.457481,0.88279945,0.774194,0.18862079,0.38474917,0.52608687,0.5015637,0.9455453,-0.18853486,-0.28125525,0.523901,-0.282205,-0.20176156,-0.3343435,0.6407335
933,0.64264405,-0.25088707,0.9485673,0.9149705,0.4721682,0.3663463,0.9350314,0.6018856,0.5382595,0.3342366,0.30162194,0.6224543,0.25235742,0.9514701,-0.82136685,0.31631017,-0.162555,-0.8709152,-0.3182008,0.6975558
934,0.51289237,-0.48925808,0.9581736,0.88076067,0.5043591,0.7420071,0.14492616,0.72179985,0.39739287,0.6855623,-0.34139964,0.43440863,-0.19228773,0.5690151,-0.70564723,0.903472,-0.1516692,-0.93019867,0.37927908,0.63062143
935,0.57698303,-0.27688086,0.97271794,0.9734938,0.20847854,0.29544997,0.33429626,0.72025186,0.50933474,0.8466804,-0.29342365,0.2282073,-0.28661677,0.36647213,-0.6995207,0.520622,-0.31281865,-0.6540008,-0.35504436,0.33706108
936,0.6178026,-0.32565886,0.97453725,0.7275752,0.11603347,0.8852323,0.96673065,0.6466556,0.2921753,0.16903104,0.66972977,0.8117967,0.46408546,0.8851704,-0.68017226,0.60120165,-0.5642842,-0.3420026,-0.1317284,0.78709805
937,0.6354283,-0.28900322,0.9811006,0.99333805,0.40958264,-0.0051803496,0.41363156,0.55965316,0.2618033,0.862768,0.014224182,0.51700747,0.45969802,-0.00059492845,-0.042499036,0.43534622,-0.99015087,-0.3670916,-0.09142406,0.63997
938,0.66230667,-0.46019906,0.9706629,0.8916807,0.29773924,0.5063706,0.875737,0.445972,0.1818204,0.79641294,0.25277606,0.20897886,0.73345935,-0.41768426,-0.59923065,0.20726205,-0.6585834,-0.121486485,-0.07701667,0.21137011
939,0.5302236,-0.21786082,0.95860094,0.8673391,0.4860095,0.34256127,0.14880584,0.8798123,-0.1281094,0.7471228,-0.07395288,0.38902247,0.22497931,0.5018255,-0.16714115,0.8481542,-0.19019878,-0.72415245,0.2641959,0.89490026
940,0.54094213,-0.26736784,0.9653452,0.8675796,0.26460323,-0.36108178,0.50866276,-0.2641044,0.71902174,0.92227423,-0.2302538,-0.057204634,0.3243908,-0.8684218,-0.7496665,-0.48235673,-0.8012254,-0.31768855,0.5386657,0.0795618
941,0.62529933,-0.3772463,0.9467617,0.8310606,0.38326287,0.5046063,0.5440215,0.83271736,0.42460313,0.13159736,0.32997707,0.47811866,0.221325,0.8914898,-0.85096717,0.27043855,-0.8397317,-0.5277274,-0.474682,0.81613386
942,0.887488,-0.18167269,0.9201974,0.95828855,0.4065882,-0.11697314,0.6827195,0.75414956,0.18922216,0.8672534,-0.27585056,0.76118296,0.6072817,0.31263018,-0.36716148,0.4141416,0.53079593,-0.47366452,-0.53133595,0.4524812
943,0.5425998,-0.24035642,0.9715478,0.9250673,0.41037095,0.8256316,0.7668451,0.6737983,-0.0031470757,0.34005287,0.59397435,0.35798466,0.53799653,0.23713961,-0.6920782,0.55496955,-0.41894266,-0.3918472,0.04021622,0.8941885
944,0.57184803,-0.13239872,0.9128043,0.87586516,0.5372388,-0.3846276,0.5174413,-0.35898086,0.8169957,0.91838527,-0.7162839,0.08331927,-0.88444483,0.32339934,-0.7279157,-0.22746733,-0.7177202,-0.7399324,0.56020147,0.8827011
945,0.4817162,-0.17637388,0.9402951,0.8704924,0.16303888,0.2791527,0.84915555,0.4163932,0.33066523,0.3627355,0.7896371,0.29629463,0.6437936,0.2741607,-0.91017056,-0.59771675,-0.7792623,0.18341777,-0.7221927,0.84479624
946,0.49158853,-0.40753382,0.95878273,0.94950867,0.45404807,0.39530146,0.5174202,0.46817157,0.47137356,0.12522174,0.5088077,0.7185988,0.21319549,0.81698185,-0.53273124,0.34681275,-0.32360935,-0.92899823,-0.43155184,0.7274097
947,0.55853015,-0.14525042,0.9604068,0.9724335,0.41014677,0.11233514,0.52615297,0.3229588,0.3560201,0.6722827,0.06377631,0.30014196,0.6796632,0.561723,-0.3966365,0.5182099,-0.4151988,-0.717522,0.059058465,0.74312264
948,0.6093581,-0.28637224,0.9495648,0.9368668,0.28983268,0.13261989,0.9865288,0.30000156,0.5640218,0.7984902,-0.098119006,0.31713617,0.28487203,-0.00066110544,-0.95580715,0.0029775535,-0.4243013,-0.4435222,-0.08629676,-0.09492611
949,0.52012515,-0.06952644,0.98214763,0.9110312,0.33459157,0.35753456,0.9438621,0.49591383,0.6730513,0.8490466,-0.25170472,0.6388846,0.3609109,0.2753221,-0.49077162,0.45495105,-0.6057424,-0.6085189,-0.023515556,0.5356825
950,0.5338598,-0.25686586,0.93124294,0.94203377,0.38005754,0.18192488,0.37248775,0.59858847,0.233339,0.76446277,0.15284634,0.11354226,0.22242053,0.3391684,-0.8014949,0.108102,-0.88178456,-0.1993045,0.40705565,0.77591276
951,0.61506075,-0.18537691,0.9516325,0.9863287,0.30967686,-0.0049492978,0.801846,0.25548524,0.523294,0.71930605,0.48055837,0.50804514,0.47391173,0.82400566,-0.5293738,0.18921049,-0.62119275,-0.3308372,-0.2338512,0.91242087
952,0.50641876,-0.20253055,0.9676677,0.8857117,0.18141323,-0.7331842,0.8007877,0.036593232,0.57634306,0.8923652,-0.04942512,-0.24811861,0.4026176,0.016357569,-0.7908806,-0.5331386,-0.32608172,-0.17203921,0.16323374,0.65210444
953,0.589778,-0.2873897,0.94858,0.94033056,0.23359825,0.3237379,0.8369946,0.8287318,-0.0037012843,0.67164433,-0.101045184,0.8311969,0.48134914,0.29923934,-0.3115573,0.74827015,-0.13111028,-0.52918535,-0.24190845,0.59738857
954,0.6469547,-0.15230487,0.94989175,0.9125414,0.45051956,-0.018733123,0.6271494,0.69478106,0.44250908,0.34711057,0.04970853,0.98105097,0.52732456,0.72916377,-0.25974885,0.3128228,-0.5350851,-0.6902052,-0.3556238,0.52862775
955,0.786919,-0.1250089,0.95881426,0.94622034,0.43822813,-0.07779429,0.7523562,-0.13727914,0.9032012,0.58144933,-0.0153681915,0.2621574,0.17338516,0.034137905,-0.6117623,-0.19179228,-0.54634607,-0.45809162,-0.24505053,0.58536035
956,0.682072,-0.39817095,0.9229499,0.940495,0.38557026,-0.12765275,0.8079901,-0.50514954,0.6858129,0.5340728,0.33199817,0.07075796,0.5727114,-0.26084948,-0.76130134,-0.6465607,-0.8566784,-0.29575342,-0.045556773,0.71944255
957,0.5096954,-0.22793554,0.9762922,0.95701385,0.2882299,-0.057351653,0.764656,0.59034824,0.22757123,0.8030095,0.28151232,0.5844988,0.2849885,0.29945853,-0.266037,0.27524325,-0.6500891,-0.08375766,-0.34353545,0.9532025
958,0.6605432,-0.3270239,0.9559594,0.98774785,0.28543973,0.6903558,0.6759274,0.8671388,0.4035343,0.83051825,0.15648381,0.7028373,-0.50104034,0.1975173,-0.53404576,0.93874216,-0.80141497,-0.4268291,-0.5364163,0.4350043
959,0.503881,-0.36498588,0.9666416,0.8569193,0.49546924,-0.041045353,-0.0052073402,0.5019097,0.55180496,0.7427151,0.10638635,0.67384243,0.90209985,0.9381353,-0.38987643,0.207609,-0.46350217,-0.4523101,0.13499913,0.33611137
960,0.56442183,-0.2877531,0.95205253,0.9475416,0.4381984,-0.024859512,0.87687814,0.06287094,0.89502364,0.8457573,-0.2783384,0.48622605,-0.96594703,0.5970307,-0.9603592,-0.0002004861,-0.4705767,-0.7047609,0.101171754,0.86755496
961,0.62469405,-0.36836457,0.9780268,0.69626963,0.22275007,0.2749017,0.50372887,0.2790769,0.5289013,0.7693471,0.18447931,-0.0009110523,0.59383166,-0.008271395,-0.9253219,-0.016009541,-0.5842263,-0.41800946,-0.012104501,0.22117604
962,0.5380821,-0.2483353,0.9524257,0.83468187,0.43822137,0.020949889,0.17443742,0.30715245,0.40104273,0.8377708,0.23308566,0.07541929,0.76026016,0.62842137,-0.83203346,-0.24250302,-0.24673235,-0.39271984,-0.1770753,0.6706966
963,0.5624952,-0.22263972,0.980416,0.93448067,0.21845363,0.52653533,0.76860565,0.18043241,0.58676696,0.28654543,0.47589418,0.6463943,0.6360806,-0.070679836,-0.2718035,0.24287903,-0.68577355,-0.34906152,-0.61915654,0.6629217
964,0.58448035,-0.19045714,0.97331375,0.846864,0.12661804,0.3985595,0.5850593,0.68666816,0.3661599,0.45973116,0.49916908,0.34351596,0.49368373,0.1891945,0.26427063,0.8922,-0.8594192,-0.37481642,-0.4330711,0.6370881
965,0.54097015,-0.1648138,0.9623717,0.951693,0.43180996,-0.3974216,0.82053953,0.15666945,0.5194517,0.98185205,-0.22970697,0.24564716,-0.30598986,0.15415026,-0.5667087,0.050458852,-0.66477674,-0.39811236,0.26142344,0.8600607
966,0.8201839,-0.3665621,0.9732215,0.93748474,0.19734593,0.61175287,0.8793116,0.549774,0.47744018,-0.029888688,0.004398622,0.23494238,-0.8794879,0.13221668,-0.9334821,0.65013045,-0.65769774,-0.6295055,-0.31469247,0.9503739
967,0.62286747,-0.048459448,0.9601686,0.80382234,0.15526187,0.46089858,0.9675532,0.4273683,0.78380907,0.27588847,0.7484104,0.42909318,0.34001362,0.5940122,-0.9244305,0.20218167,-0.30779073,-0.33343244,-0.70064753,0.814186
968,0.66356444,-0.23519619,0.9613372,0.96991426,0.305343,0.8377447,0.6143343,0.9579306,0.005227344,0.51497877,0.32254878,0.48332095,-0.55382,0.4398403,-0.7805468,0.7790811,-0.67543656,-0.6427794,-0.25088152,0.792154
969,0.6224919,-0.26890117,0.98172796,0.9830667,0.17499816,0.4844898,0.88383716,0.31311816,0.75389767,0.13833211,0.55741125,0.803791,0.1799757,0.6097965,-0.36702657,0.36661366,-0.79210985,-0.47261322,-0.8022259,0.6445566
970,0.60278714,-0.26862654,0.9548949,0.96931696,0.33632734,-0.2613962,0.66932744,0.24463226,0.23660024,0.34692368,-0.00403613,-0.095791526,0.97973186,0.10831554,-0.22894883,-0.03260082,-0.08872739,-0.40800422,-0.15653788,0.93138665
971,0.6389625,-0.18246153,0.9685367,0.9844242,0.33200663,-0.5169977,0.8743892,0.7161586,0.57750905,0.87202024,-0.10057673,0.7875735,0.4776081,0.46150056,-0.010195961,0.9128255,-0.3417152,-0.38129723,-0.4345119,0.90176255
972,0.6190323,-0.12802224,0.9815962,0.884042,0.1887959,0.5429332,0.9303006,0.9633708,0.2857065,0.66615564,0.024519615,0.69833535,0.4466141,0.23841466,-0.44937676,0.4395282,-0.23328085,-0.3613165,-0.3000568,0.41218767
973,0.584254,-0.20198652,0.9605978,0.85612106,0.37037483,0.20064998,0.7176098,0.50775945,0.27113423,0.88012135,-0.21753277,0.09016468,0.029183434,-0.031313006,-0.62267876,0.17909469,-0.977192,-0.27757674,0.24252215,0.8508339
974,0.47687382,-0.24309513,0.9569325,0.96175945,0.5008387,-0.25867325,0.94668496,0.17510018,0.35058954,0.95186543,-0.33922467,0.48570114,0.9473539,-0.054719515,-0.54979473,-0.19492261,0.117423624,-0.4508714,0.067537464,0.30899346
975,0.7610439,-0.0065482645,0.9612166,0.9792819,0.27038604,0.31162825,0.58168644,0.46743372,0.00038829164,0.6635694,0.35989842,0.43966687,0.6222624,0.050484862,-0.36369845,0.4459516,-0.18938611,-0.21858892,-0.18203007,0.6605464
976,0.50741476,-0.42249212,0.9242724,0.9780766,0.38299644,0.015219869,0.54444164,0.36585283,0.11890036,0.5094532,0.0442384,0.13243714,0.1444547,0.2435437,-0.8858006,-0.12059216,-0.8543634,-0.23630622,0.29061693,0.92832756
977,0.59763515,-0.24656916,0.97317314,0.8550741,0.4765858,0.54025126,0.31376502,0.8146577,0.29666704,0.5351796,-0.08249558,0.5731867,-0.04626021,0.96843845,-0.89764845,0.69607323,-0.013052236,-0.7523385,0.10863573,0.9210149
978,0.4796238,-0.22129,0.9402887,0.99041575,0.4573618,0.23865375,0.94557667,0.15059924,0.30537653,0.30910528,0.02703329,0.31486517,0.053965904,0.18770584,-0.69481695,-0.092266016,-0.37255415,-0.39523938,0.004748455,0.55678666
979,0.5541611,-0.32243717,0.9554401,0.9819214,-0.041204304,0.36304137,0.69417536,0.5260808,0.56310356,0.43840164,-0.32533267,0.4465656,0.008044016,-0.044120602,-0.95598423,0.19602202,-0.1748258,-0.4556693,-0.5571429,-0.30489868
980,0.5139194,-0.25095174,0.9469917,0.91990614,0.40871653,0.13508996,0.8389293,0.6408806,0.49853787,0.6640059,0.16496257,0.4380857,0.72816205,0.259097,-0.15957184,0.48974338,0.09015885,-0.47435525,-0.40384373,0.85261786
981,0.5606779,-0.25058877,0.9721543,0.8730186,0.47399184,-0.03902525,0.9437394,-0.26426306,0.43529546,0.17970042,0.11579988,-0.047636725,0.27615133,-0.39271757,-0.6383659,-0.83359855,-0.7861746,-0.42757377,0.21246839,0.5735083
982,0.6153899,-0.29424024,0.94101256,0.88960767,0.21283421,0.6381244,0.47817516,0.31530297,0.46707067,0.6461515,-0.11632467,0.20709118,-0.8282137,-0.12722974,-0.7630433,0.726437,-0.6701715,-0.5378562,0.14329961,0.9662218
983,0.5937866,-0.39514852,0.9664015,0.90348095,0.5420073,0.7005318,0.863997,0.31068277,0.123205274,0.23573047,0.15616655,0.14302039,0.21935503,0.33151785,-0.90908265,0.091827385,-0.48714325,-0.5732188,0.41520157,0.6626969
984,0.5128033,-0.2269104,0.9449494,0.9760927,0.20285131,0.6703419,0.14573242,0.6131795,0.40193546,0.4415555,-0.016664125,0.27769423,-0.04853051,0.48404494,-0.44307947,0.8722202,-0.22401255,-0.9211027,-0.3194273,0.8873782
985,0.6821153,-0.34795603,0.95183235,0.94611394,0.60064936,-0.07503178,-0.28668994,0.45282885,0.25312662,0.5983295,0.16186073,0.1234997,0.87341124,0.9627428,-0.55355453,0.2204926,0.0693121,-0.8157413,0.123692244,0.4374488
986,0.5375004,-0.36382768,0.97033113,0.97258997,0.3437985,0.648028,0.6791414,0.74117273,0.4993168,0.46774533,0.43712854,0.46775535,0.06918166,0.8104605,-0.68745947,0.5547701,-0.32899818,-0.33422577,-0.5205077,0.98131216
987,0.5833751,-0.1024404,0.9700784,0.98508495,0.420124,-0.11947931,0.011075812,-0.05867472,0.17662229,0.72627336,-0.08098582,0.08393245,0.040716093,-0.2045414,-0.633356,-0.1484161,-0.66527516,-0.15530254,0.6385018,0.315793
988,0.5765871,-0.21893287,0.96531653,0.9054189,0.31469578,0.4781335,0.8843215,0.96141344,-0.08915829,0.8177116,0.022732632,0.44236088,0.44017744,-0.18127432,-0.14598665,0.90839845,-0.2394041,-0.15094002,-0.011542488,0.8233833
989,0.567394,-0.30425933,0.9485484,0.8447518,0.20484725,0.17981674,0.734738,0.69958955,0.22859153,0.9872278,0.036021903,0.4809559,0.54801583,-0.17962366,-0.21432845,0.65197545,-0.76309067,-0.10851036,-0.20361961,0.29621738
990,0.55096453,-0.3640159,0.97468024,0.96986395,0.3893478,0.22704393,0.4265062,0.47315148,0.3759064,0.7515192,0.014615269,0.0400432,0.83982795,-0.26937693,-0.64324135,0.43838695,-0.4044304,-0.44427916,0.522705,0.14005622
991,0.48389122,-0.2767362,0.9575466,0.79911083,0.25300106,0.12548868,0.7250328,0.43014398,0.86762893,0.6244692,-0.0061886464,0.5998594,-0.3667587,0.5120131,-0.7010857,0.3396657,-0.45096138,-0.77321583,-0.39083928,0.6597644
992,0.60499996,-0.35367537,0.9648705,0.9632885,0.3316246,-0.11162884,0.8371143,0.40482458,0.54880244,0.8734377,0.31446183,0.72076786,0.7620857,0.3961611,-0.7925133,-0.32824892,-0.16063234,-0.08270072,-0.50633126,0.27426723
993,0.7555681,-0.21552968,0.9771224,0.9478405,0.21576837,0.14786945,0.82782054,-0.11246836,0.57242566,0.4214301,0.464222,0.0879386,0.5460352,-0.065540254,-0.59690386,-0.2750686,-0.7755392,-0.27013525,-0.57136387,0.9030865
994,0.519116,-0.20694879,0.9700393,0.96454877,0.436856,0.10367997,0.92128325,-0.015329067,0.523248,0.3156757,0.4887699,0.23670405,0.75068325,0.3790692,-0.8809842,-0.72333854,-0.98377055,-0.18005903,-0.34349322,0.7033197
995,0.5204627,-0.17802341,0.9741748,0.6728039,0.21690235,-0.2395052,0.9893673,0.4262888,0.517626,0.54236656,0.09832281,0.44187525,0.6239874,0.1919974,-0.5638779,-0.01419345,-0.48490447,-0.43848225,-0.58546257,0.14509217
996,0.53468287,-0.3753685,0.9471242,0.8096116,0.22068746,0.395303,0.3206649,0.33195537,0.6701126,0.37466654,0.39927435,0.5974851,-0.00815412,0.7547389,-0.9154013,-0.22456942,0.02469446,-0.5477869,-0.5449271,0.6772637
997,0.5000744,-0.24659327,0.9749068,0.874984,0.09517221,0.44783723,0.8583617,0.5633473,0.32831395,0.34528986,0.38369524,0.49979216,0.20356953,-0.7112777,0.0025544576,0.5934331,-0.9168328,-0.12028469,-0.2629555,0.6506071
998,0.6340444,-0.12701675,0.9625644,0.98979545,0.33323878,0.34767166,0.67138594,0.93582135,0.5994577,0.9405838,-0.28147072,0.6446559,0.5675345,0.38404864,-0.5031528,0.5896736,-0.18635176,-0.58859575,-0.46204904,-0.60956705
999,0.6723208,-0.28381166,0.97705704,0.9050923,0.40220943,-0.4817245,0.8381441,0.35453814,0.55338067,0.9158919,-0.1922184,0.4504119,-0.30179557,0.34873003,-0.69471437,-0.0034141003,-0.51635545,-0.6900262,-0.46806264,0.93557626
