,x0,x1,x2,x3,x4,x5,x6,x7,x8,x9,x10,x11,x12,x13,x14,x15,x16,x17,x18,x19
0,0.26184922,-0.87951845,0.67719984,0.628871,0.36500537,-0.982775,0.44458044,-0.8286035,-0.39443648,0.008851208,-0.98186815,-0.92831707,0.86195874,0.13574071,-0.98349535,0.49783167,-0.23917884,0.04781006,-0.11483466,0.15632294
1,0.35011995,-0.90309787,0.70900834,0.7579858,0.52358013,-0.85838073,0.89799565,-0.18725649,-0.87389207,0.021720372,-0.95926195,-0.7895185,0.49668375,0.70827186,-0.8250189,0.5713178,-0.8107566,-0.28482872,-0.09885361,0.27257875
2,0.3490103,-0.93836683,0.67053396,0.6126101,0.21398066,-0.91309625,0.5435741,0.101831764,-0.48328558,-0.41616037,-0.7067177,-0.47744566,0.40827313,0.79710704,-0.84066874,0.581089,-0.98974663,-0.6228918,-0.34930414,0.24930677
3,0.37152025,-0.9151071,0.63164115,0.81765854,0.6438403,-0.8345511,-0.06199397,-0.3559514,-0.7264655,-0.42562675,-0.62831056,-0.7225347,0.97222006,0.53459954,-0.9283845,0.2538924,-0.6809056,-0.23877,0.22219375,0.07899055
4,0.34816155,-0.93250924,0.6933543,0.6096893,0.27445883,-0.79237425,-0.13855223,-0.5294085,-0.021293094,0.090081386,-0.96833307,-0.81071556,0.89139843,0.6542662,-0.92066044,0.81627846,-0.45140922,-0.17189227,-0.18720558,0.44436604
5,0.26282313,-0.95702684,0.64350337,0.6059969,0.13753502,-0.959468,0.31639284,-0.4996435,-0.8696277,-0.63378704,-0.4571368,-0.8331347,0.8489771,0.6826483,-0.65771776,0.0077751777,-0.9528788,-0.72652394,-0.030128464,-0.26199508
6,0.39862213,-0.9732745,0.59652585,0.7458916,0.41967177,-0.7122052,0.81004447,0.17670439,-0.54841655,0.19331631,-0.51606256,-0.8460269,0.98855054,0.52521116,-0.9097086,0.49214557,-0.869953,-0.5359834,-0.17331344,-0.42107224
7,0.33633843,-0.9175056,0.67881507,0.8298275,0.5120708,-0.98416007,0.14050588,-0.3135804,-0.56286526,-0.14083068,-0.5962243,-0.96132475,0.62870914,0.43802923,-0.8111062,0.30037662,-0.7104007,-0.20921044,-0.1219837,-0.17438067
8,0.35497943,-0.9783428,0.69615215,0.71669465,0.47336882,-0.7834563,0.38301414,-0.34660485,-0.6420155,-0.14596318,-0.55053926,-0.8491081,0.91186094,0.42955273,-0.79492044,0.33734855,-0.3886502,-0.4759804,0.14800768,0.12168159
9,0.33864644,-0.96803814,0.74421424,0.7210263,0.3867417,-0.7018903,0.4975185,-0.15467313,-0.8096832,-0.14347833,-0.5962808,-0.91541106,0.5620353,0.7702744,-0.8211668,0.1438037,-0.6853067,-0.619807,0.04762144,0.15783429
10,0.46204662,-0.9901573,0.6185638,0.7283425,0.33434275,-0.90612173,0.9940286,-0.4699789,-0.8146638,-0.1466513,-0.7036117,-0.4055028,0.822283,0.1677456,-0.858442,0.7277939,-0.8188237,-0.2541172,-0.37159115,0.40458944
11,0.37730008,-0.9828717,0.6855127,0.7133742,0.4976479,-0.8762321,0.70296687,-0.29034847,-0.7762337,-0.9803362,-0.68639517,-0.93246585,0.93377274,0.50119555,-0.94047564,0.19099694,-0.80159503,-0.547843,-0.036533505,-0.60387903
12,0.27936977,-0.98012125,0.69112176,0.6703222,0.2811997,-0.7801842,0.7811759,-0.06228712,-0.7667241,-0.14360532,-0.5157119,-0.8004468,0.73714834,0.47175816,-0.8153839,0.27691746,-0.47009286,-0.46520385,-0.17714682,-0.29567987
13,0.2850944,-0.9365795,0.66035247,0.89303595,0.66139007,-0.6631083,0.36573753,-0.23236217,-0.8049833,0.13573143,-0.628828,-0.9393837,0.14418393,0.7937787,-0.6988202,0.10825987,-0.9788385,-0.4336028,-0.25433877,0.39996278
14,0.39280275,-0.8383858,0.87753534,0.62309873,0.3765281,-0.88189644,0.55995774,-0.22366321,-0.64232427,-0.6046387,-0.7476911,-0.7370434,0.55300254,0.9376059,-0.9419594,0.052762885,-0.88698244,-0.66939414,-0.035876073,-0.7192729
15,0.45613304,-0.9050877,0.69281274,0.6744647,0.43696123,-0.9456419,0.6834908,-0.110262364,-0.38775834,0.12258766,-0.5974729,-0.7127559,0.8366417,0.56866616,-0.69615275,0.40909126,-0.46348035,-0.5386248,-0.41517836,-0.27239075
16,0.3706632,-0.98633456,0.6900722,0.79149145,0.52352303,-0.85799766,0.43670937,-0.163151,-0.9179192,-0.62217706,-0.5014952,-0.95190734,0.3234745,0.97121686,-0.7058061,-0.3448903,-0.83852446,-0.7899521,0.4035818,-0.369613
17,0.36641505,-0.9133282,0.62360513,0.6385487,0.24772656,-0.5229363,0.03783754,0.02360005,-0.56650627,0.6575216,-0.7287118,-0.9078951,0.3237662,0.7768524,-0.8141441,0.8143625,-0.77933383,-0.44798386,-0.23362747,0.4865447
18,0.44009718,-0.8274231,0.696667,0.74555296,0.28111783,-0.9695072,0.65678763,0.21078567,-0.17552714,-0.6933729,-0.5818369,-0.5477474,0.65664583,0.7409218,-0.96028525,0.029220365,-0.9194652,-0.6169192,-0.2962458,-0.39320028
19,0.46806613,-0.95482016,0.6564742,0.6853645,0.29530707,-0.43082604,0.47823188,-0.13535783,-0.5831994,-0.46537077,-0.5182793,-0.66965467,0.3346096,0.9405085,-0.95725036,0.62768257,-0.9021717,-0.6670611,-0.19773547,-0.06015909
20,0.48973253,-0.86245114,0.6720695,0.7562991,0.45711857,-0.2534916,0.6297935,0.1309673,-0.8604885,0.5258442,-0.4457984,-0.94990885,0.4333774,0.7576326,-0.97196853,0.92392623,-0.89194334,-0.32201102,-0.39475608,-0.16031393
21,0.37208232,-0.9753221,0.678459,0.74094206,0.49444234,-0.9658893,0.51999575,0.27686813,-0.11042321,-0.16481777,-0.5803478,-0.9061226,0.32335624,0.5926053,-0.5677866,0.39816168,-0.9179667,-0.52049553,-0.05238923,0.12148595
22,0.382913,-0.83438826,0.8378964,0.6186976,0.3290904,-0.7714972,0.7982043,0.30274376,-0.7864657,-0.28050596,-0.55403304,-0.804559,0.7564793,0.83861035,-0.8156881,-0.26535612,-0.92148584,-0.99363416,-0.07274643,-0.8259524
23,0.34536436,-0.85136986,0.7243664,0.708568,0.26740167,-0.94922215,0.58666974,-0.14852667,-0.67287874,-0.4118446,-0.4577895,-0.91148555,0.6112106,0.7203915,-0.9823095,-0.21686517,-0.742509,-0.60346276,-0.21729013,-0.48078763
24,0.3591999,-0.8925759,0.6136418,0.85526055,0.8412964,-0.8747532,0.4216016,-0.16697967,-0.74306905,-0.9895752,-0.683686,-0.8444161,0.74480623,0.79618305,-0.87230504,-0.29634815,-0.9272966,-0.52112615,0.46253532,-0.62774783
25,0.46715382,-0.9620192,0.66772866,0.844266,0.1643068,-0.9270444,0.42365202,-0.60339415,-0.36845165,-0.55754566,-0.8467636,-0.80315244,0.9025167,0.6306665,-0.9816792,0.60112387,-0.8092797,-0.6145301,-0.15697989,0.23993208
26,0.36199364,-0.9493807,0.6761941,0.6494655,0.19125524,-0.98075366,0.3815813,0.009193133,-0.26137906,-0.93410116,-0.8428313,-0.659811,0.46128613,0.89802414,-0.82078403,-0.3704705,-0.4994258,-0.90582496,0.63680756,-0.048147414
27,0.389241,-0.93096304,0.7568872,0.64694065,0.33087578,-0.85682094,0.38117918,-0.11336212,-0.7828556,-0.27340454,-0.6802974,-0.8808995,0.9282912,0.77048355,-0.84886485,0.1960619,-0.8597399,-0.7831478,-0.46705443,-0.22548473
28,0.29252115,-0.9714094,0.80291027,0.81773895,0.60482806,-0.80437535,0.20037392,-0.04134977,-0.30993602,-0.2600917,-0.80779487,-0.67590064,0.53610736,0.6164742,-0.9810201,0.5920309,-0.69056225,-0.18934852,0.093128264,-0.019297803
29,0.38681933,-0.8633392,0.7225148,0.59318924,0.10752319,-0.7195813,0.5937262,-0.2031511,-0.80229396,0.59844035,-0.5030314,-0.70976645,0.22197081,0.5765373,-0.739295,0.852631,-0.7150398,-0.369194,-0.7564816,-0.1290362
30,0.39948252,-0.91791886,0.7186799,0.7539193,0.4454513,-0.8988842,0.90631884,0.23796718,-0.90652645,0.09307745,-0.39814162,-0.78072834,0.61913526,0.7365059,-0.76230747,0.3464852,-0.995206,-0.755631,-0.741916,-0.29327947
31,0.35912034,-0.9608776,0.71957904,0.6891399,0.2932748,-0.48338792,0.7530357,-0.034652364,-0.98250836,-0.079198375,-0.6668939,-0.5838212,0.26275638,0.6774327,-0.9880629,0.6115623,-0.8522157,-0.65808064,-0.50164175,-0.29489717
32,0.4253502,-0.9936085,0.74660313,0.7773095,0.7439279,-0.96931,0.64924616,-0.25085774,-0.50582093,-0.96504045,-0.6939905,-0.79705036,0.78616726,0.5954267,-0.85522956,-0.39876813,-0.6959696,-0.7834378,-0.108636655,-0.31105605
33,0.37088063,-0.8893374,0.6244025,0.6678575,0.39253336,-0.8010847,0.59320515,-0.15058704,-0.82743865,0.49547246,-0.54132843,-0.79164237,0.25410542,0.5096645,-0.54184115,0.4811298,-0.7308954,-0.58512414,-0.2553726,0.96646684
34,0.3510872,-0.9359361,0.6051842,0.5308535,0.004515846,-0.73468417,0.04726619,-0.19231145,-0.49039036,-0.6693109,-0.52851045,-0.93462986,0.678258,0.89343727,-0.8279231,0.06634597,-0.8588274,-0.41616213,-0.25294185,-0.36204574
35,0.40714562,-0.8796314,0.65371144,0.5579499,0.30555338,-0.87100136,0.40846184,-0.26131374,-0.71586406,0.03931082,-0.64527756,-0.41322243,0.68044794,0.608711,-0.9605387,0.59645927,-0.6009373,-0.22569285,-0.37812045,-0.035096057
36,0.34159684,-0.9185894,0.7203598,0.74120504,0.47836098,-0.8023251,0.35961536,-0.013052155,-0.42066577,0.2959381,-0.5443699,-0.92742807,0.86440474,0.5317302,-0.7894786,0.8671804,-0.9255829,-0.18706723,-0.28791073,-0.040852785
37,0.42321306,-0.906589,0.5305184,0.64303356,0.26067442,-0.9290196,0.50797826,-0.15163879,-0.39513913,-0.24788374,-0.4901847,-0.48360682,0.52773243,0.6102519,-0.9045882,0.55053055,-0.68374264,-0.39044788,-0.13986215,0.07185775
38,0.3465006,-0.95619166,0.66748005,0.6033973,0.14259847,-0.44746765,0.62907326,-0.24421558,-0.96391404,0.5053471,-0.80451065,-0.9887249,0.7367962,0.48263144,-0.82190675,0.29225263,-0.4711899,-0.22670929,-0.42125025,0.036403216
39,0.3872357,-0.9042596,0.7836633,0.70912445,0.29637393,-0.692465,0.8544394,-0.57380056,-0.40023714,-0.92259085,-0.89636576,-0.7956251,0.94604117,0.6707558,-0.93539613,-0.21456113,-0.36105728,-0.9293757,0.30712736,-0.5042595
40,0.39073128,-0.89905083,0.69475436,0.73690647,0.29329678,-0.5977771,0.049879134,0.0628811,-0.104351096,0.43890646,-0.45687816,-0.849212,0.71257436,0.84794104,-0.9305464,0.6734771,-0.90951395,-0.0100853825,-0.28555468,0.14031297
41,0.35601974,-0.8807594,0.7113948,0.76847297,0.20307192,-0.715018,0.28636226,-0.501594,-0.5198274,-0.35236335,-0.68821913,-0.84031665,0.78529274,0.66825956,-0.91976845,0.7528164,-0.9709976,-0.43244344,-0.5260944,-0.24325123
42,0.4286009,-0.92725,0.69564176,0.82269317,0.55920446,-0.8346819,0.5396334,0.0023076353,-0.6455685,-0.22278824,-0.6706994,-0.7600648,0.5444955,0.7950096,-0.7284206,0.6409188,-0.97648716,-0.4788666,-0.31998652,-0.35031328
43,0.3624069,-0.96161556,0.75737005,0.5294165,0.27966765,-0.77231294,0.8211451,0.13218646,-0.7784024,-0.61205596,-0.83898693,-0.77395165,0.3295707,0.75879216,-0.9619931,0.19825017,-0.6775954,-0.83497757,-0.03609099,-0.36410162
44,0.41392824,-0.95673215,0.70064986,0.81439847,0.6940607,-0.77273756,0.89183754,-0.2087349,-0.85690296,0.30505493,-0.60938704,-0.30732232,0.3900117,0.39945155,-0.739988,0.96675915,-0.8415348,-0.44179478,-0.27968156,0.20340286
45,0.40206203,-0.91812205,0.8304917,0.6688785,0.34638643,-0.66865706,0.6214389,-0.10060649,-0.73378944,-0.64945275,-0.7047021,-0.9386901,0.7455041,0.7462378,-0.92080367,0.30980873,-0.94297326,-0.7968948,-0.4627521,-0.47707042
46,0.3926594,-0.94603986,0.7167539,0.8149743,0.33755574,-0.80271935,0.48714057,-0.019191718,-0.20924264,-0.15984382,-0.29698178,-0.8502884,0.64569247,0.81411535,-0.65751415,0.53411305,-0.8958575,-0.3803509,-0.5031217,-0.26332173
47,0.37872067,-0.8584275,0.76205885,0.63246334,0.2521553,-0.96121055,0.62929416,-0.5281115,-0.07112578,-0.63147753,-0.95680594,-0.71483517,0.8989712,0.5487512,-0.85998756,0.19606891,-0.8323941,-0.2940555,-0.17922057,-0.08516824
48,0.41348812,-0.97983783,0.7895968,0.75209725,0.34491342,-0.5316482,0.3502262,-0.17257454,-0.749918,-0.6417429,-0.6703205,-0.7326544,0.6310043,0.8087326,-0.92857623,0.45439407,-0.930718,-0.55284864,-0.4467157,-0.24264976
49,0.3342615,-0.9899211,0.5856093,0.7659137,0.6210065,-0.9179444,0.6692758,-0.30260476,-0.7289135,-0.6469661,-0.43819106,-0.8721178,0.60188866,0.6372712,-0.8616005,0.16511461,-0.5279842,-0.75651073,-0.24328205,-0.17812522
50,0.42071038,-0.9526952,0.65780514,0.72401947,0.16242811,-0.8251766,0.50132877,-0.33736283,-0.9307091,0.23871617,-0.7598679,-0.8873115,0.41725492,0.7753462,-0.94589335,0.5864918,-0.9849808,-0.8183538,-0.48074266,0.103923544
51,0.4547221,-0.93698,0.6018242,0.7568934,0.48128134,-0.98181784,0.43398395,-0.52068776,-0.60497093,0.32159984,-0.54287666,-0.72733504,0.80470145,0.37207764,-0.6984694,0.82400554,-0.42104873,-0.5389744,0.05984881,0.7661181
52,0.37515122,-0.93740404,0.6579001,0.8275366,0.46012032,-0.8296096,-0.19859709,-0.6755936,-0.042616826,-0.10668077,-0.7049301,-0.83428395,0.9697807,0.6144925,-0.6207581,0.97780704,-0.589216,-0.42489046,-0.37716728,0.726241
53,0.42237073,-0.940401,0.7001847,0.80456525,0.49184582,-0.85523015,0.6149459,-0.23433053,-0.9051908,-0.115955494,-0.6876066,-0.72723293,0.6085589,0.73834777,-0.79814196,-0.036032446,-0.56467813,-0.8483271,0.054111395,-0.013658844
54,0.3498373,-0.99479157,0.6733967,0.7698356,0.37606657,-0.892277,0.36696526,-0.3636444,-0.5326447,-0.69537205,-0.81990784,-0.6440788,0.8703256,0.61027694,-0.7784302,0.33375755,-0.6255031,-0.46208864,0.40409708,0.34284526
55,0.38788328,-0.9764371,0.64483845,0.662553,0.37631935,-0.664566,0.7295722,0.26325354,-0.8664498,0.526099,-0.45461306,-0.84663033,0.09987725,0.7371478,-0.7231395,0.26277202,-0.89276594,-0.60458136,-0.42722195,0.46515524
56,0.3538522,-0.8215236,0.6156492,0.6659031,0.16679783,-0.8756996,0.35919943,-0.16364206,-0.4975768,-0.25862804,-0.40445617,-0.9673808,0.63330287,0.65650016,-0.7308646,0.093050614,-0.59694123,-0.43111405,0.16472727,-0.0655209
57,0.381082,-0.96448696,0.6657827,0.74833447,0.12253934,-0.9042868,0.29609483,-0.56558466,-0.2683285,-0.30695915,-0.8323534,-0.9101643,0.67839813,0.43722743,-0.93046594,0.28534654,-0.45166954,-0.5119766,0.3566896,0.920363
58,0.19537558,-0.7618431,0.61127436,0.65442175,0.3718913,-0.8766318,0.26592216,0.0091733895,-0.27638468,-0.86238587,-0.8511948,-0.6311876,0.3398088,0.85028076,-0.9782307,-0.19276895,-0.71374345,-0.32312435,0.16700207,-0.23035146
59,0.37892243,-0.91477394,0.5679006,0.65861964,0.078084186,-0.5948243,0.24852936,-0.32692152,-0.2761043,0.40998128,-0.45664442,-0.9677385,0.96913826,0.6900314,-0.9416153,0.6239749,-0.64966995,-0.33807394,-0.2674058,-0.27312297
60,0.38560566,-0.9905003,0.63928974,0.6797426,0.3923468,-0.6011001,0.43957677,-0.10835733,-0.9016402,0.22003712,-0.6511402,-0.88396347,0.39063326,0.7914893,-0.98107404,0.40574843,-0.922334,-0.6565058,-0.5757909,-0.113495454
61,0.40983853,-0.94541514,0.5227725,0.61965966,0.1010445,-0.6067408,0.37559706,-0.1131786,-0.97244954,0.37786192,-0.37283453,-0.6997852,0.5536436,0.60068864,-0.7489256,0.87679344,-0.9116293,-0.36284187,-0.67978334,-0.24383895
62,0.4845429,-0.96867794,0.8948091,0.7072544,0.43134388,-0.7574632,0.9247537,0.118787125,-0.93075925,-0.30339473,-0.43116868,-0.5178999,0.058430307,0.7233105,-0.72495747,0.6145947,-0.87134856,-0.8983291,-0.47090355,0.17254809
63,0.39692727,-0.97075874,0.58122134,0.65941554,0.47011724,-0.87486273,0.90184623,-0.21225086,-0.5283373,-0.802408,-0.87520665,-0.6777312,0.7827689,0.49904504,-0.93906784,-0.07366342,-0.8811794,-0.5885748,0.20118362,-0.10419084
64,0.3934813,-0.8952103,0.68378085,0.7666426,0.15803348,-0.76206785,0.5491244,-0.001274857,-0.86659646,0.05525324,-0.86236894,-0.70530254,0.8199253,0.42578536,-0.87328464,0.71640354,-0.6988679,-0.15256487,-0.50791276,0.44326255
65,0.40807298,-0.9763458,0.50239104,0.61610335,0.61221504,-0.6141062,0.30112144,0.14510722,-0.79172647,0.018500563,-0.71999395,-0.94537115,0.7700224,0.9340562,-0.77027464,0.39273494,-0.77608794,-0.58719456,-0.25203103,-0.21092448
66,0.40570688,-0.88661325,0.63607055,0.6578789,0.13866374,-0.8983073,0.28103068,-0.6844235,-0.35160726,0.32377538,-0.7886806,-0.67417926,0.96337086,0.41758856,-0.9438977,0.68650347,-0.6512562,-0.15802447,-0.39434105,0.13094899
67,0.3789476,-0.9379836,0.6590483,0.6589454,0.23849584,-0.91662914,0.70178175,-0.10095116,-0.93016,-0.08623476,-0.44459224,-0.9470486,0.5295408,0.64177597,-0.7838562,0.024006497,-0.2639181,-0.57042867,-0.33475053,-0.026466325
68,0.2489065,-0.9440437,0.7369063,0.58436173,0.1951554,-0.9025019,0.8574524,0.14719065,-0.988394,-0.01841201,-0.46425667,-0.8778309,0.37693524,0.7963158,-0.7648699,-0.22740498,-0.7983151,-0.60320604,-0.06819992,-0.56879383
69,0.2754817,-0.9031535,0.6918404,0.64403784,0.23331758,-0.83352053,0.9209266,-0.26551494,-0.52856034,-0.4324592,-0.68621355,-0.96310914,0.34844306,0.3927518,-0.9342611,0.6674294,-0.75491214,-0.54516053,-0.22467412,-0.3964455
70,0.47331715,-0.8938423,0.75603753,0.5569688,0.37460592,-0.8353253,0.86113036,0.03252652,-0.4250641,0.017573452,-0.58728623,-0.8516775,0.5225103,0.66338235,-0.960493,0.4595557,-0.32257596,-0.88129413,-0.490962,-0.3687015
71,0.3529221,-0.95573485,0.72064114,0.66870576,0.33246666,-0.95607203,0.46982554,-0.6675994,-0.8279538,-0.36109403,-0.8800776,-0.9504846,0.6758678,0.72098005,-0.97320676,0.39285043,-0.96230924,-0.48722452,-0.34200293,-0.31999305
72,0.32857192,-0.88088053,0.67623305,0.6782976,0.20046327,-0.60694003,0.65689707,0.32627624,-0.42629945,-0.21941026,-0.42211482,-0.8298541,0.26546907,0.84395033,-0.7379807,0.2832679,-0.96274656,-0.30741975,-0.24414551,-0.3044866
73,0.43754166,-0.972431,0.745928,0.731823,0.25931928,-0.9617261,0.37421614,-0.30318105,-0.33915225,-0.2773068,-0.6657432,-0.96970737,-0.14379542,0.9291673,-0.8566001,0.60504556,-0.7606602,-0.19967754,-0.32922733,0.039219186
74,0.41066873,-0.93522555,0.7753224,0.72377205,0.5924259,-0.8362805,0.40774974,0.29189467,-0.3030997,-0.7849596,-0.3833547,-0.972933,0.36166278,0.93384683,-0.95281386,-0.31879243,-0.6154854,-0.6410582,0.40046677,-0.21955569
75,0.40523756,-0.90099925,0.6569762,0.6501138,0.37929308,-0.9130924,0.807398,-0.37361065,-0.5463426,-0.6808824,-0.77511835,-0.5985287,0.63385713,0.6680689,-0.9533153,0.16497366,-0.48118865,-0.77605677,-0.061663806,-0.2030422
76,0.35940072,-0.914737,0.6503458,0.9462201,0.7939297,-0.68169886,0.46193388,-0.034803703,-0.30162722,-0.055865802,-0.85499156,-0.8064972,0.8522189,0.72250843,-0.9366599,0.6928814,-0.8761931,0.033638462,0.07239023,0.035818424
77,0.38487282,-0.9729876,0.5824082,0.6598606,0.19461292,-0.5931626,0.6034659,-0.7916039,-0.8956977,0.43342954,-0.838053,-0.80037594,0.8771754,0.38440537,-0.92566675,0.73896366,-0.7098138,-0.24387819,-0.2898146,0.6226604
78,0.26058674,-0.78535014,0.69675076,0.5858149,0.116212375,-0.8813312,0.4201879,-0.04610498,-0.77637744,0.34818712,-0.69204485,-0.55843407,0.6280701,0.55611557,-0.82234883,0.62902,-0.72310895,-0.41228962,-0.6783479,-0.09873556
79,0.48656282,-0.9274736,0.6700472,0.7197443,0.3962471,-0.9442417,0.18676534,-0.642424,-0.97671556,-0.5482884,-0.7196581,-0.84772027,0.73325616,0.45626408,-0.9764458,0.43065026,-0.14990504,-0.6438227,-0.050349377,0.061515074
80,0.38449672,-0.91367495,0.57033646,0.6824067,0.19719723,-0.6783745,0.4273624,-0.042210236,-0.42611557,-0.3263928,-0.21621452,-0.7697639,0.55537534,0.64745754,-0.98140407,0.57355,-0.52440184,-0.77589774,-0.3607443,0.1703349
81,0.34737906,-0.93340206,0.74545705,0.70228595,0.25378945,-0.96144325,0.56097376,0.15057233,-0.79187876,-0.65056354,-0.5626871,-0.9885872,0.7116234,0.8252542,-0.69213283,-0.6220743,-0.9725254,-0.843171,0.010619951,-0.542145
82,0.3287066,-0.8654495,0.7534575,0.5866631,0.40888712,-0.8855934,0.9523568,-0.54839605,-0.9391233,0.18514387,-0.45756593,-0.8716504,0.89964885,0.599915,-0.7598756,0.8255152,-0.1629874,-0.9223165,-0.72940385,-0.32838959
83,0.39496696,-0.93436,0.7466516,0.60908663,0.42917478,-0.8432652,0.8343655,-0.3883321,-0.84356976,-0.11078323,-0.792778,-0.37256417,0.6312846,0.57719064,-0.96754354,0.737045,-0.89050907,-0.7377679,-0.1407082,0.045160603
84,0.4052974,-0.9314638,0.7075302,0.6619867,0.2261862,-0.71142125,0.53504086,-0.5860638,-0.83600163,-0.3227638,-0.9075928,-0.7802511,0.5265102,0.79164755,-0.8848364,0.087946974,-0.53344876,-0.51892966,0.05249101,-0.15793362
85,0.39105785,-0.92931056,0.83107996,0.79539573,0.6034333,-0.61405957,0.774594,0.06464151,-0.8651655,0.31967068,-0.67479485,-0.42754984,0.6587824,0.5403895,-0.9664642,0.9183578,-0.9758104,-0.41098127,-0.27507704,0.004720376
86,0.32642788,-0.91426516,0.76863116,0.58531296,0.33435744,-0.8408699,0.8154215,0.28892544,-0.7168303,0.035456058,-0.5609315,-0.326515,0.045183696,0.5356962,-0.7232026,0.76980466,-0.986289,-0.18311934,-0.5810029,0.37978923
87,0.3849715,-0.81374407,0.7416496,0.80825615,0.36466897,-0.8080628,0.43997878,-0.16190264,-0.19263962,-0.28514537,-0.18885301,-0.97641253,0.9516183,0.4544576,-0.6852308,0.5888565,-0.56128687,-0.28030342,-0.3751106,-0.45647255
88,0.2768304,-0.94817436,0.6318116,0.56515634,0.22999802,-0.7328475,0.17389788,-0.54788476,-0.50751054,-0.7588402,-0.8057116,-0.91058093,0.9379102,0.6710545,-0.7558568,0.076642044,-0.6239096,-0.25657326,-0.20161743,-0.15728214
89,0.45010594,-0.96008474,0.5899689,0.7439526,0.5023277,-0.8538942,0.94010895,0.7502829,-0.18117188,-0.25360575,-0.582968,-0.697977,0.53243256,0.874004,-0.90725857,0.08955066,-0.97673637,-0.591979,-0.08867462,-0.3209536
90,0.4717662,-0.8883938,0.7732368,0.7576838,0.36660612,-0.72114295,0.35749847,-0.17386381,-0.4294553,0.27770725,-0.7417376,-0.9124329,0.63892263,0.7046382,-0.97078,0.7415375,-0.48482126,-0.47774926,-0.29568413,0.09598435
91,0.40414166,-0.9527103,0.5665926,0.78842574,0.30237564,-0.7483595,0.5617296,-0.34628868,-0.5826541,0.025298862,-0.93961895,-0.7684942,0.8040031,0.4702562,-0.81820047,0.89654726,-0.75570464,-0.29848891,-0.20745139,0.40369648
92,0.38853312,-0.98104715,0.63567555,0.78081816,0.696844,-0.6190848,0.91682523,0.050605066,-0.9132326,0.27586323,-0.68321335,-0.6895411,0.15161583,0.6586398,-0.88038844,0.61487967,-0.6656133,-0.52055305,-0.47342303,0.4143815
93,0.33981976,-0.8479481,0.64852995,0.76694375,0.37684628,-0.8767106,0.3762001,-0.031746823,-0.48719648,0.04362611,-0.76494163,-0.54347354,0.8044511,0.55352145,-0.9857614,0.72727233,-0.7788459,-0.36104095,-0.253021,0.060349535
94,0.37507853,-0.91294837,0.7314051,0.686708,0.2037459,-0.8251245,0.17028105,-0.50516963,-0.67579126,-0.1764465,-0.7827552,-0.52674013,0.5291704,0.4413394,-0.87243867,0.50720817,-0.78048015,-0.13463841,-0.09089064,0.46265936
95,0.33312726,-0.9701341,0.7313375,0.66715056,0.24897479,-0.9144554,0.547631,-0.13816074,-0.6029466,-0.8633049,-0.5269597,-0.84664834,0.8375807,0.6887432,-0.88028777,-0.9460996,-0.42041132,-0.83682954,0.42007837,-0.13840881
96,0.38473934,-0.8967257,0.7048129,0.656171,0.41263214,-0.8112918,0.7232695,-0.062183052,-0.7160405,0.18610716,-0.68671983,-0.9284258,0.37953702,0.72984695,-0.8889028,0.23265134,-0.1874982,-0.64677507,-0.07531507,0.024423214
97,0.3796067,-0.9051018,0.64761835,0.5372281,0.034787975,-0.78868264,0.5507673,-0.33185288,-0.7369578,0.41918766,-0.7736283,-0.8417324,0.8269392,0.116496526,-0.88503367,0.89444685,-0.76837826,-0.20330136,-0.49409297,0.3443947
98,0.4047237,-0.9328495,0.76184773,0.66954285,0.18600278,-0.62738764,0.90545875,0.32967684,-0.7519258,0.5631658,-0.67598045,-0.70584255,0.0846759,0.8149567,-0.97317046,0.5793955,-0.81379896,-0.4890372,-0.5305031,0.16936524
99,0.38466546,-0.945948,0.6614218,0.6605672,0.22322327,-0.7238493,0.4760396,0.16612907,-0.7945624,-0.086710356,-0.45608166,-0.7772988,0.26537,0.68746895,-0.91227007,0.4540879,-0.8645875,-0.36920524,-0.33129913,-0.10382354
100,0.3208345,-0.9415239,0.6246322,0.65799403,0.2100244,-0.6521876,0.521485,-0.25921366,-0.68370485,-0.039125692,-0.72838885,-0.4237571,0.4975199,0.88137406,-0.92315716,0.18812431,-0.39282542,-0.7045514,-0.07279496,0.5466686
101,0.3175897,-0.95233023,0.7738885,0.77285343,0.35823405,-0.8574988,0.4837858,-0.36450407,-0.4246677,-0.10513626,-0.5111503,-0.7926672,0.58665824,0.66417193,-0.7107707,0.2859579,-0.69180346,-0.64198756,-0.26084235,-0.18015306
102,0.37739497,-0.95139265,0.790797,0.7335672,0.39364654,-0.5956121,0.8393691,0.46356422,-0.9644616,-0.3309938,-0.6458293,-0.5300219,0.29030934,0.85808885,-0.871517,-0.3025154,-0.8740047,-0.49066874,0.155689,-0.30417627
103,0.37642556,-0.9743266,0.6533174,0.7027692,0.3454312,-0.45834422,0.39726326,-0.3707528,-0.87542313,0.76508594,-0.88522524,-0.86860996,-0.09122295,0.73808527,-0.90471977,0.7824364,-0.84041107,-0.40227023,-0.5024212,0.71003145
104,0.3286914,-0.90409344,0.62596947,0.5816175,0.00647251,-0.91402763,-0.12535119,-0.36961666,-0.17842443,-0.18045855,-0.32339457,-0.8318394,0.87202185,0.8001852,-0.8224748,0.16509318,-0.36923012,-0.49414897,-0.17509542,0.07519278
105,0.46554992,-0.91415733,0.7924732,0.8106567,0.665826,-0.9832196,0.19451739,-0.5638003,-0.5373627,-0.89650875,-0.50792783,-0.9391277,0.9690495,0.7438804,-0.9827331,0.46916598,-0.8088633,-0.91529053,-0.060869496,-0.5447647
106,0.5122628,-0.96956825,0.763347,0.6872856,0.23248258,-0.9146108,0.60953766,-0.6973405,-0.25282076,-0.49686646,-0.8668914,-0.98013276,0.55153716,0.48243138,-0.8946319,0.56658447,-0.868149,-0.51269317,-0.19280517,0.4487049
107,0.39366692,-0.87454104,0.72171354,0.7838117,0.5792117,-0.84419006,0.9234859,0.053675383,-0.9708549,-0.4298525,-0.407772,-0.113221094,0.8261489,0.25363603,-0.9802801,0.3550832,-0.57008135,-0.6676768,0.018487819,0.25650874
108,0.40717173,-0.92111766,0.6300672,0.7299549,0.46392518,-0.53514445,0.71523875,-0.4722167,-0.67036337,0.61678076,-0.56348234,-0.91788995,0.5039044,0.620519,-0.6138868,0.83531606,-0.8368862,-0.40068296,-0.5316447,0.29455277
109,0.36302087,-0.9398801,0.64530987,0.7154415,0.44764566,-0.8691047,0.6274743,-0.23127139,-0.9845919,-0.5652428,-0.20040241,-0.805693,0.5850734,0.62572503,-0.89311177,-0.21575145,-0.20852503,-0.76513916,0.5487791,-0.3035597
110,0.30978224,-0.86842513,0.7264457,0.6651572,0.475349,-0.7833102,0.67206013,-0.16416952,-0.8075178,-0.22382787,-0.9345509,-0.87254536,0.6651801,0.43651634,-0.81648254,0.40652052,-0.6270345,-0.454304,-0.13029984,0.14546275
111,0.30759853,-0.8406043,0.7423274,0.70401317,0.4662165,-0.8078283,0.42902964,-0.22537148,-0.7250173,-0.15010239,-0.7270424,-0.6804601,0.63982266,0.6849239,-0.82889956,0.23940367,-0.87150365,-0.3626372,-0.38799676,-0.0577393
112,0.39554742,-0.8220738,0.59513515,0.57325447,0.16293225,-0.71448046,0.26513684,-0.274064,-0.71971834,0.49008587,-0.39088047,-0.97865343,0.4614475,0.8592665,-0.69856983,0.92418766,-0.5621908,-0.4273393,-0.69096076,-0.16558072
113,0.39995375,-0.8429597,0.7181355,0.6544534,0.3903283,-0.9278716,0.8123775,0.15732367,-0.11123586,-0.051523298,-0.9596114,-0.8388553,0.49860036,0.37231418,-0.96625066,0.059551034,-0.89511013,0.030169997,-0.15596408,0.27165887
114,0.39823416,-0.9368076,0.665891,0.5503107,0.15294686,-0.91855705,0.673347,-0.20986992,-0.51211226,-0.35146576,-0.3983839,-0.24884151,0.6496325,0.28135008,-0.82774144,0.59665114,-0.9412009,-0.46677518,-0.6592648,-0.5228887
115,0.41660038,-0.9344728,0.5483888,0.7938215,0.38920462,-0.8905221,0.113327846,-0.22446956,-0.73245466,-0.20087923,-0.5012853,-0.79156363,0.7888324,0.6516735,-0.9733312,0.3869128,-0.86263657,-0.5422832,0.07107797,0.3336918
116,0.32699686,-0.8449943,0.76880336,0.88584083,0.7258288,-0.98117006,0.4708866,-0.07236608,-0.6303433,-0.7562855,-0.5365952,-0.8709751,0.48920152,0.9435163,-0.7836155,-0.54673463,-0.43289033,-0.5641911,0.5325875,0.026574483
117,0.33188462,-0.92291874,0.6487086,0.6768523,0.5285478,-0.8347084,0.9325973,-0.5541488,-0.9606519,0.48888972,-0.8473815,-0.8954977,0.7259795,0.1577491,-0.889125,0.44859847,-0.16183485,-0.40947875,0.089721814,0.7903406
118,0.39056966,-0.9507294,0.7431886,0.6444086,0.2758422,-0.6902913,0.50532824,-0.2105675,-0.95885783,-0.14365827,-0.70844847,-0.92158544,0.20894411,0.7138804,-0.9577985,0.1007031,-0.4266013,-0.58643967,0.1950185,0.13607448
119,0.44665346,-0.9962618,0.6331981,0.88575345,0.55827737,-0.9259486,0.74189913,-0.40276653,-0.5937834,-0.4457068,-0.85897994,-0.5224459,0.8400045,0.24498251,-0.9367855,0.6363754,-0.70738256,-0.43331096,-0.025467591,-0.06194759
120,0.29135403,-0.88086206,0.74406374,0.72982997,0.3967504,-0.9575168,-0.07991987,-0.4733878,-0.49056405,-0.8516201,-0.90396225,-0.7026061,0.35294783,0.95686096,-0.9904611,0.08459653,-0.9768781,-0.45353153,-0.11798927,-0.009630242
121,0.44000575,-0.942576,0.7951985,0.7631369,0.464965,-0.82542706,0.50729483,-0.027846193,-0.75378007,-0.08613653,-0.51025844,-0.53917044,0.5054274,0.92589426,-0.8640313,0.7571911,-0.9896128,-0.46797413,-0.6083978,0.25295675
122,0.35371327,-0.76820266,0.71559596,0.7439293,0.25725758,-0.7064285,0.53980744,0.16853064,-0.5327395,-0.01005236,-0.32636416,-0.8863713,0.8167469,0.68069535,-0.7354889,0.60051906,-0.8889134,-0.6308639,-0.5906602,-0.38088942
123,0.4077502,-0.92950904,0.67191195,0.5922018,0.096949555,-0.96130174,0.76081204,-0.13207445,-0.8409615,-0.13412784,-0.6023481,-0.89001477,0.5622623,0.9202997,-0.9596553,0.3762046,-0.73939013,-0.7578216,-0.452856,-0.23566398
124,0.23477393,-0.8899389,0.5615855,0.587006,0.16748922,-0.74011254,0.35482547,-0.53620565,-0.8712768,0.043338694,-0.7440064,-0.83918893,0.54811466,0.39686143,-0.9575293,0.81341034,-0.6459058,-0.36493886,-0.08489256,0.3930966
125,0.40587398,-0.88166505,0.7608162,0.66817313,0.30699697,-0.9037165,0.26662025,-0.387493,-0.7425565,-0.0642216,-0.6816703,-0.918721,0.6990179,0.6091923,-0.9823358,0.3590023,-0.6747622,-0.5982116,-0.29925334,-0.26966372
126,0.33466148,-0.96761686,0.6079185,0.6624835,0.165324,-0.6643054,0.48000765,0.16800901,-0.87276816,-0.7111724,-0.80998075,-0.7956861,0.2403806,0.9745846,-0.92920226,0.09164001,-0.8806147,-0.6159262,0.28197497,-0.04753737
127,0.25723544,-0.7893127,0.69174224,0.6689688,0.28797597,-0.1870493,0.14006203,-0.061553314,-0.96598417,0.9719024,-0.35230994,-0.93066,0.78909713,0.79288256,-0.8922891,0.94999474,-0.9475588,-0.45874214,-0.7021553,-0.2584126
128,0.4198215,-0.98470354,0.6592254,0.5554767,0.24440746,-0.94107425,0.92345685,-0.35990882,-0.55579567,-0.6450082,-0.96582514,-0.6975774,0.6670454,0.38915458,-0.770934,-0.12058056,-0.85908985,-0.97362375,-0.14448114,-0.09134204
129,0.44186842,-0.8629455,0.7102379,0.69793606,0.27159375,-0.767121,0.19772173,-0.6662016,-0.5153969,0.029036831,-0.49785444,-0.54318357,0.98737913,0.7147058,-0.6639005,0.94332266,-0.9948273,-0.55206126,-0.8053428,0.23142809
130,0.352325,-0.883336,0.79683447,0.6322372,0.43519145,-0.88504547,0.4883247,-0.04170668,-0.42392635,-0.3246766,-0.58571583,-0.93148357,0.38683408,0.65010643,-0.7903645,0.05943414,-0.74342686,-0.47674033,-0.075349614,-0.05358239
131,0.5053744,-0.94282407,0.68247354,0.8105955,0.6111219,-0.7781475,0.59693354,-0.29917237,-0.7937314,-0.320446,-0.6768229,-0.83424723,0.6116306,0.61400986,-0.6638386,0.42956772,-0.95479304,-0.74096847,-0.076843016,-0.34826073
132,0.35691658,-0.92968106,0.6382887,0.7078672,0.22624514,-0.8600688,0.2581322,0.12912768,-0.083706334,-0.31656742,-0.8780778,-0.2977722,0.4259206,0.6930558,-0.95053333,0.3640682,-0.8955298,-0.17940727,-0.17436238,0.4964688
133,0.38127676,-0.9186166,0.7267437,0.8149589,0.63610613,-0.7443136,0.5369257,-0.25240836,-0.9611207,-0.51876694,-0.7352604,-0.9046482,0.4429311,0.73524374,-0.9897258,-0.38327226,-0.7016363,-0.36785778,0.47329223,-0.572478
134,0.33285746,-0.9137793,0.73631996,0.8222925,0.6668304,-0.9839381,0.029843895,-0.61012787,-0.2986765,-0.8006389,-0.78329945,-0.8896901,0.92116266,0.8222467,-0.9390702,0.081558675,-0.5841995,-0.54301274,0.84911066,-0.352893
135,0.49488798,-0.97115743,0.68419486,0.86771977,0.65816826,-0.80577886,0.994759,-0.26985514,-0.4318517,-0.9669324,-0.43188155,-0.51536435,0.71155727,0.4555204,-0.7970215,0.6480226,-0.9498791,-0.99259835,-0.37700188,-0.1756666
136,0.41019574,-0.93486995,0.60509837,0.6378754,0.49912068,-0.885003,0.91632205,-0.27136517,-0.61965376,-0.48550832,-0.74020493,-0.92791265,0.74329317,0.58283657,-0.9195719,-0.15324461,-0.76782215,-0.61710995,-0.2580325,-0.5315598
137,0.3287345,-0.90329653,0.81187093,0.6338262,0.16856018,-0.9325972,0.5260556,-0.06582756,-0.38722742,-0.7978754,-0.5754738,-0.564849,0.48512033,0.5999956,-0.9854437,-0.0072764745,-0.78069025,-0.43675813,-0.19099167,0.09254346
138,0.33158866,-0.92128855,0.5620674,0.6223695,0.22509125,-0.9099291,0.33298555,-0.23571792,-0.13266991,-0.24672008,-0.86734587,-0.5165476,0.9004172,0.42482027,-0.9019541,0.36026067,-0.68852437,-0.07192853,-0.1118712,0.4865178
139,0.3934091,-0.9739241,0.6488857,0.71367246,0.44643518,-0.9339892,0.65563637,0.005340251,-0.5628231,-0.6841075,-0.4233222,-0.83612627,0.59137595,0.7038256,-0.70569205,0.20415945,-0.98413426,-0.55347914,-0.25129238,-0.53699255
140,0.38867074,-0.9940866,0.5771621,0.60155153,0.33653077,-0.8672805,0.41284972,-0.14770944,-0.58875537,-0.14122428,-0.75406003,-0.7733272,0.6606898,0.8376462,-0.7417785,0.26086158,-0.6842753,-0.48509544,-0.39405355,-0.22955221
141,0.35373715,-0.9485981,0.7321362,0.8257906,0.66117233,-0.83011746,0.66630334,-0.29913923,-0.8976993,-0.18571536,-0.5844252,-0.7102314,0.5139177,0.493677,-0.76090324,0.88982755,-0.97741127,-0.44972134,-0.6507341,0.6972328
142,0.41035023,-0.9303809,0.6423684,0.62159014,0.27956742,-0.9755074,0.7267893,-0.70057756,-0.6846746,-0.3781513,-0.914355,-0.82645506,0.60887706,0.6394259,-0.9847081,0.95698637,-0.87366354,-0.44811568,-0.43156666,-0.21149462
143,0.38303304,-0.9828175,0.729454,0.7552853,0.24647823,-0.55987144,0.4866846,-0.29355884,-0.90586025,0.6178742,-0.9079463,-0.824945,0.35136512,0.60794413,-0.8137656,0.6429848,-0.7202044,-0.51049936,-0.58490515,0.5784948
144,0.448621,-0.9595711,0.60689574,0.6454228,0.30085126,-0.951634,0.58367914,-0.36006677,-0.42332116,-0.55202615,-0.631424,-0.9174262,0.8403426,0.47450313,-0.8375636,-0.002722851,-0.62395674,-0.42474523,-0.0702624,-0.41542298
145,0.369604,-0.9223882,0.6916527,0.83302444,0.48309886,-0.5627272,0.35011038,-0.37930733,-0.6949127,0.44203284,-0.72771615,-0.81647646,0.4724812,0.52889234,-0.9910668,0.78011274,-0.80117464,-0.41084176,-0.42050797,0.41500404
146,0.3601401,-0.97095895,0.69078666,0.8026732,0.4787441,-0.5586851,0.608034,-0.18956302,-0.96754014,-0.21454597,-0.7137719,-0.9103062,0.53305405,0.5614863,-0.88758475,0.16393743,-0.9460151,-0.25829625,0.1496572,-0.06717686
147,0.43119594,-0.96072954,0.672258,0.67343545,0.14673504,-0.9817242,0.4498815,-0.67624277,-0.28408813,-0.46079776,-0.7500944,-0.85068244,0.783938,0.4868892,-0.7318417,0.29817086,-0.750008,-0.47688806,0.018362198,0.11363487
148,0.25275692,-0.85969245,0.7641415,0.6524013,0.2561724,-0.8957098,0.055319283,-0.06950503,-0.24030967,-0.02988286,-0.6145568,-0.5285942,0.722873,0.44376948,-0.97497165,0.91410106,-0.57073295,-0.16127056,-0.39290017,0.22306056
149,0.25003728,-0.8615814,0.713723,0.6207156,0.032083817,-0.9085987,0.2921345,-0.32954758,-0.59246475,-0.12343849,-0.773684,-0.7840675,0.33362275,0.64864933,-0.89342046,0.5368224,-0.6790673,-0.12770933,-0.1688893,-0.022848545
150,0.37821427,-0.8416775,0.66173434,0.72520155,0.44789514,-0.70972604,0.33329886,0.14439352,-0.24165192,0.48989993,-0.52620965,-0.8499651,0.6827757,0.7621344,-0.8842211,0.53955597,-0.9357734,-0.32696608,-0.43178448,-0.28983083
151,0.35676184,-0.85710233,0.5428771,0.6247977,0.15226464,-0.7073809,0.15766542,0.0019755806,-0.52752906,0.24287045,-0.47753558,-0.9778931,0.7033584,0.50157446,-0.9852772,0.29802242,-0.7221604,-0.44207904,-0.1596988,-0.1719813
152,0.36153048,-0.89476806,0.6549184,0.6476707,0.33587784,-0.44642448,0.9287548,0.06502316,-0.7769694,-0.24864934,-0.29595822,-0.8748796,0.8630803,0.6021605,-0.8117676,0.012370048,-0.9164807,-0.8023982,-0.4697732,-0.34408286
153,0.2567819,-0.85549617,0.7432597,0.79484236,0.58410144,-0.8058354,0.3042396,-0.50053716,-0.64046043,-0.26324332,-0.9305372,-0.7776416,0.7301742,0.6135637,-0.811782,0.16643676,-0.972318,-0.3564842,0.1381704,0.20277508
154,0.38253427,-0.8863379,0.79764295,0.7762262,0.321285,-0.67771477,0.05334947,-0.21537867,-0.7186097,-0.7143181,-0.7083095,-0.8255163,0.47556213,0.91387886,-0.9721073,0.031106643,-0.78260285,-0.7426968,-0.22097051,0.10521055
155,0.32078627,-0.98032355,0.6556307,0.55101657,0.25180763,-0.7990072,0.48487327,-0.35386804,-0.75471276,0.26126587,-0.9743075,-0.775835,0.8764362,0.6443167,-0.9522038,0.95084935,-0.80156815,-0.18953423,-0.8922176,-0.052553494
156,0.438848,-0.9820496,0.6451725,0.63296694,0.42273116,-0.8074833,0.29517955,-0.20871605,-0.67850584,0.048702754,-0.39852262,-0.9493003,0.875689,0.6287691,-0.74212945,0.5194139,-0.7462305,-0.39474374,-0.16211344,0.33801186
157,0.37324542,-0.8858228,0.7153491,0.7548987,0.2814934,-0.7099478,0.41686997,-0.40693215,-0.42136276,-0.00013983613,-0.62578714,-0.8155109,0.8697023,0.72406906,-0.76138514,0.72322744,-0.63814706,-0.21557006,-0.3292858,-0.45423284
158,0.3675918,-0.94408625,0.6839126,0.63523513,0.3292566,-0.48174354,0.613933,0.33019942,-0.5861136,-0.119954266,-0.75965637,-0.4211265,0.6092621,0.8244109,-0.85517377,0.41287157,-0.8725137,-0.7567078,-0.24363694,-0.39072517
159,0.35176292,-0.94552714,0.7090102,0.72531104,0.45444593,-0.96214384,0.4294546,-0.074828364,-0.4923766,-0.45451745,-0.7639539,-0.87737453,0.71711415,0.7129945,-0.87123823,-0.059556693,-0.7375816,-0.37783873,-0.19456682,-0.07672558
160,0.4771392,-0.918369,0.7755267,0.79338914,0.49343088,-0.9165835,0.70251954,0.6140239,-0.6775122,-0.6089549,-0.81285113,-0.71947783,0.8414342,0.91516036,-0.94641435,0.1500901,-0.9659017,-0.8498416,-0.20297989,-0.52118784
161,0.41559735,-0.9816945,0.6967938,0.830943,0.5228131,-0.8613207,0.59158325,-0.21367939,-0.61652803,-0.8202546,-0.62875956,-0.7360977,0.51484,0.7805939,-0.9364519,0.10841236,-0.8671488,-0.70460266,-0.09354484,-0.3498927
162,0.25034985,-0.92934465,0.7363047,0.79862636,0.34801188,-0.9327809,0.7759782,-0.44070372,-0.9520811,0.054328974,-0.47347683,-0.8661798,0.63240486,0.4429686,-0.858238,0.82370263,-0.9247719,-0.28763637,-0.41287747,0.006103353
163,0.3869445,-0.9005589,0.6576496,0.79125136,0.44361636,-0.6634463,0.40569824,-0.20939925,-0.8209112,0.18932329,-0.696452,-0.41522157,0.3699095,0.664798,-0.98988,0.89316195,-0.734529,-0.39006773,-0.28541106,0.121440105
164,0.3914754,-0.86955196,0.8301558,0.68413556,0.26271012,-0.6399634,0.8407397,0.006098435,-0.6525666,-0.38794526,-0.49169526,-0.28544447,0.95148844,0.48414853,-0.8789312,0.29880023,-0.8473571,-0.865035,-0.26012495,-0.18841621
165,0.3686308,-0.987734,0.70703775,0.61370486,0.18539596,-0.7660457,0.47382674,0.19746375,-0.5160696,0.46956232,-0.6929705,-0.9828532,0.18109094,0.83661205,-0.97739416,0.92958224,-0.760847,-0.7888595,-0.8506717,-0.14509512
166,0.4070905,-0.9932848,0.7118695,0.64322305,0.23841643,-0.87306315,0.30724514,0.12170557,-0.14018805,-0.34974465,-0.7797318,-0.97622067,0.22936693,0.83581644,-0.98037016,-0.08009434,-0.9960356,-0.047103304,0.09622208,-0.2260391
167,0.39914954,-0.98206586,0.6429749,0.7402817,0.29664928,-0.5295895,0.8988309,-0.36559853,-0.8711223,-0.018798554,-0.6370488,-0.9271928,0.86485535,0.5147692,-0.97002757,0.7223782,-0.80688816,-0.74577475,-0.74199957,-0.7245504
168,0.34224454,-0.86224204,0.7112894,0.65006936,0.28965327,-0.69904673,0.6349436,-0.18496095,-0.5983756,-0.10089365,-0.67244107,-0.7976265,0.9495158,0.5252406,-0.9579582,-0.119422555,-0.46522236,-0.6275634,0.10484912,-0.24715838
169,0.30903488,-0.86722535,0.81226534,0.6579802,0.37208137,-0.8886852,0.75380695,-0.4633149,-0.5654962,-0.31027803,-0.8354576,-0.9009641,0.90087146,0.37950978,-0.8093671,0.42047632,-0.9964141,-0.45281208,-0.48140654,-0.49258646
170,0.4285977,-0.93023366,0.72005254,0.8075162,0.54296774,-0.7554875,0.66156304,-0.62469155,-0.7170792,0.06793518,-0.97254455,-0.95927054,0.29177117,0.72308445,-0.8271788,0.78456384,-0.99573326,-0.47498584,-0.3170937,0.2828819
171,0.39622375,-0.9961903,0.64876515,0.73773897,0.37740028,-0.80858403,0.6967071,-0.26689914,-0.4235951,-0.24313013,-0.8111108,-0.46872807,0.195568,0.6288635,-0.91075736,0.4464484,-0.6130468,-0.55684537,-0.021558486,0.25836948
172,0.39628395,-0.9893779,0.61007404,0.71678346,0.48183545,-0.70661414,0.09788096,-0.92054653,-0.39809227,0.2122778,-0.97389996,-0.9378643,0.69110304,0.74552804,-0.81441754,0.8070557,-0.7060648,-0.3149342,-0.022216273,0.7777236
173,0.36157516,-0.996309,0.67935216,0.791578,0.6305117,-0.5144647,0.6063673,-0.1019428,-0.612907,0.3026407,-0.49877635,-0.78366137,0.25793242,0.69937646,-0.9715592,0.7848789,-0.70291066,-0.4913062,-0.19940403,0.26587057
174,0.4689278,-0.91006553,0.7456746,0.82715344,0.8602335,-0.89239085,0.9710195,-0.31092146,-0.82204926,-0.4455858,-0.752662,-0.59306693,0.9458625,0.3475893,-0.90087086,0.59026927,-0.8952355,-0.36000937,-0.22344737,-0.5108561
175,0.33415058,-0.94646263,0.6281896,0.62190306,0.30859923,-0.83240396,0.3698191,-0.23183542,-0.79230976,-0.3248565,-0.65326,-0.48145172,0.4507548,0.891845,-0.96137553,-0.026359947,-0.9458247,-0.52709097,-0.076681904,-0.6889832
176,0.4044875,-0.9764372,0.7689558,0.7030298,0.28600636,-0.9702775,0.016297026,-0.46279714,-0.56022614,-0.7263472,-0.7821829,-0.85860866,0.9159076,0.5652503,-0.8975024,0.18737735,-0.91137725,-0.3238501,0.13302281,0.033338256
177,0.36817977,-0.9565355,0.8302367,0.76923186,0.17351682,-0.84655315,0.11596219,-0.2525377,-0.9518016,0.13475096,-0.6817432,-0.9284832,0.48573786,0.8943197,-0.8736863,-0.0400873,-0.9700814,-0.5877888,-0.13575105,0.0923259
178,0.39031598,-0.9568428,0.7259401,0.78328687,0.24284332,-0.73622674,0.457585,-0.06981175,-0.74632186,-0.40355864,-0.24844153,-0.2313905,0.5671936,0.5365223,-0.93017375,0.6828898,-0.8596211,-0.5022078,-0.09753175,-0.089621834
179,0.5377997,-0.947652,0.65449727,0.62067956,0.24090782,-0.7560526,0.50529397,0.030126138,-0.20834951,-0.22698265,-0.62945133,-0.60345256,0.5461811,0.5916211,-0.9070611,0.80646646,-0.98615235,-0.59297514,-0.77952,0.08738355
180,0.40922454,-0.96045655,0.7174091,0.7041323,0.20163645,-0.8160056,0.4320094,0.22843167,-0.35576084,-0.36427945,-0.102557264,-0.9561582,0.5453778,0.9650575,-0.79579574,0.34677163,-0.8628235,-0.93386924,-0.7226857,-0.574098
181,0.36332572,-0.9668218,0.6452274,0.70710856,0.32178435,-0.883654,0.86386216,-0.32017398,-0.8169336,0.05604601,-0.2483268,-0.87436086,0.6843446,0.32679918,-0.9013376,0.9440627,-0.5733755,-0.6638806,-0.5966207,-0.30297282
182,0.36583766,-0.94927746,0.6339285,0.6156107,0.11125738,-0.88080615,0.59384876,-0.09332127,-0.74440295,0.35969082,-0.54122967,-0.88631505,0.7664892,0.55857277,-0.5275643,0.7342123,-0.7234586,-0.7589849,-0.48145738,0.110869154
183,0.34688765,-0.9886411,0.62670785,0.6365999,0.050886612,-0.27034104,0.26856783,-0.13098694,-0.64827675,0.16185382,-0.37253156,-0.81535983,0.7599496,0.7404822,-0.89722663,0.71205544,-0.94625,-0.33134192,-0.23069702,-0.34408757
184,0.38660082,-0.97494143,0.62330323,0.58061814,0.21157444,-0.6309801,0.4130149,0.32140175,-0.62824553,-0.046976373,-0.7415399,-0.9472364,0.53138924,0.785492,-0.91650116,-0.02180799,-0.6368171,-0.50157887,-0.14464574,-0.15655315
185,0.34338412,-0.94024044,0.67731804,0.63168544,0.23787749,-0.8607316,0.95103025,0.1308278,-0.765634,0.09342439,-0.89430183,-0.58666193,0.7574488,0.65221196,-0.79227346,0.5503663,-0.7733844,-0.7411616,-0.52339613,0.10704519
186,0.39111486,-0.8717545,0.5863317,0.6478882,0.3598864,-0.75447977,0.5062969,-0.554343,-0.7797417,0.28345156,-0.74843407,-0.77122515,0.9822779,0.34131733,-0.8845801,0.8943596,-0.70607454,-0.29049706,-0.45454702,-0.08618207
187,0.40306148,-0.8861004,0.7581881,0.74462306,0.29876745,-0.5551104,0.5690617,0.13353418,-0.40809056,0.05801762,-0.8717193,-0.5974974,0.6933251,0.6860351,-0.9193415,0.72740364,-0.8545036,-0.23978671,-0.13982773,0.24893428
188,0.31658396,-0.94428027,0.7685396,0.8132905,0.6459813,-0.6629867,0.23018204,-0.09744549,-0.37331727,-0.50921047,-0.7851126,-0.8760804,0.6009743,0.6809767,-0.8732114,-0.024211844,-0.94320035,-0.29702765,-0.032347087,-0.16338885
189,0.32627302,-0.8755565,0.7107109,0.64351046,0.21320847,-0.9338715,0.15174277,-0.3853701,0.11848973,-0.32527202,-0.9418836,-0.65793973,0.6813145,0.6975284,-0.914348,0.7910901,-0.715278,-0.42594585,-0.35010052,0.40783754
190,0.3872262,-0.9442215,0.6481988,0.7094311,0.5485852,-0.89831895,0.48917198,-0.055306595,-0.5644588,0.039192487,-0.41634274,-0.75610816,0.5996339,0.6051688,-0.80166614,0.6378937,-0.98938906,-0.13757966,-0.39177218,-0.42472795
191,0.44619092,-0.9403299,0.7635639,0.64909667,0.056933746,-0.70336527,0.8273485,-0.13111325,-0.8523533,0.22492617,-0.60061556,-0.74819785,0.77325344,0.5529039,-0.9338787,0.8437654,-0.5530216,-0.6638813,-0.8776263,-0.20529975
192,0.31692255,-0.9223366,0.5608352,0.644157,0.25664052,-0.934399,0.5799193,-0.36933932,-0.8958437,-0.031286925,-0.7039225,-0.87397367,0.68792486,0.44649166,-0.79641783,0.45259565,-0.24828294,-0.6796057,-0.12606311,-0.17941591
193,0.4402245,-0.97323245,0.683027,0.6849174,0.38777655,-0.81908625,0.6992881,0.18972017,-0.3498515,0.027083365,-0.20285499,-0.7476368,0.5129682,0.41432664,-0.26334885,0.10457624,-0.94726694,-0.4524378,0.08510397,0.85318196
194,0.39481685,-0.91130656,0.692829,0.74666923,0.059122246,-0.5762201,0.22326729,-0.06840878,-0.23144114,-0.33180624,-0.58869916,-0.78979397,0.7003081,0.63827413,-0.86301196,0.23628867,-0.86878335,-0.3899563,-0.36401677,0.06765571
195,0.38625252,-0.9586252,0.62279934,0.7466483,0.50165844,-0.84063196,0.6370417,-0.30614194,-0.84106904,-0.046527226,-0.6011126,-0.33314127,0.37602788,0.6870427,-0.83858967,0.5706422,-0.8517552,-0.28703994,-0.11923836,0.86520267
196,0.3818,-0.9026125,0.74349654,0.59876126,0.27848905,-0.98242086,0.24693681,-0.18259898,0.018557232,-0.22275266,-0.7210336,-0.53558195,0.67111295,0.51413757,-0.77962404,0.7469642,-0.7166919,-0.52932835,-0.40064502,0.3305622
197,0.36042202,-0.9013993,0.70637006,0.7564866,0.3771107,-0.9559672,0.45551887,0.057221543,-0.9314443,-0.24714053,-0.8174256,-0.9553907,0.02801835,0.8896171,-0.8819044,0.0040261922,-0.45673865,-0.63611096,0.15894364,-0.036766313
198,0.31964764,-0.79075867,0.70695144,0.7468088,0.5078309,-0.65846753,0.502582,-0.5270173,-0.8312918,0.022707837,-0.6494696,-0.85862887,0.92430484,0.4407231,-0.86434954,0.75245035,-0.2866583,-0.8015747,0.0346554,0.4950224
199,0.39756188,-0.9399322,0.7928161,0.603122,0.4385168,-0.9842098,0.039082542,0.023188787,-0.06586341,0.10372364,-0.8023447,-0.945054,-0.03734788,0.7664085,-0.82653666,0.90487885,-0.95579755,-0.05890649,-0.4104889,0.47462532
200,0.34355488,-0.9331222,0.65239394,0.7106246,0.26733014,-0.8166182,0.16143847,-0.057152756,-0.68298084,-0.10421869,-0.6323116,-0.84805554,0.79362035,0.7620497,-0.8908619,0.67862004,-0.7549862,-0.39472777,-0.3752741,-0.39275318
201,0.3072703,-0.9391042,0.6618032,0.84085757,0.34852728,-0.8504153,0.3756025,-0.16261616,-0.46377704,-0.6941382,-0.87536854,-0.78161573,-0.081249334,0.9125982,-0.979201,0.16688387,-0.82220435,-0.0026643372,0.29832977,-0.28294015
202,0.3130283,-0.9314947,0.6262817,0.66793615,0.33477488,-0.57387376,0.6162362,-0.11171153,-0.91609687,-0.13040677,-0.38223183,-0.8104149,0.7781663,0.7007107,-0.90284866,-0.010410033,-0.59237045,-0.4776484,0.029165909,-0.45315638
203,0.3421007,-0.9291312,0.7058562,0.71716404,0.16918193,-0.8957742,0.35558808,-0.89439654,-0.80953634,-0.1882385,-0.9795419,-0.9045441,0.6560329,0.5658274,-0.97708756,0.3583239,-0.9687241,-0.1785333,-0.33530825,-0.26018864
204,0.31093022,-0.8875826,0.7921172,0.6619933,0.29699132,-0.9586047,0.7076173,-0.0018322261,-0.79623264,-0.52096134,-0.62340564,-0.9109986,0.7086465,0.60152644,-0.73108447,0.088006854,-0.8375939,-0.56663716,-0.23162496,-0.7405424
205,0.35925904,-0.9660776,0.638833,0.63383764,0.29199657,-0.50897676,0.1270395,0.07304742,-0.72884345,0.41196012,-0.48123917,-0.8692595,0.25296015,0.87028915,-0.88584775,0.8175543,-0.9283542,-0.01883594,-0.49102244,-0.21827191
206,0.40673319,-0.92061937,0.6442177,0.66554284,0.38827315,-0.86465096,0.24807766,0.14542702,0.24684463,-0.48790768,-0.7312162,-0.64043,0.91417754,0.70356864,-0.71750504,-0.30105814,-0.80675375,-0.27350485,0.10231811,-0.063256025
207,0.29405132,-0.8686983,0.8391355,0.65029,0.178483,-0.9342805,0.8009326,-0.2790878,-0.97296995,0.017095014,-0.6003347,-0.87700516,0.58712363,0.4321505,-0.977281,-0.11942131,-0.80478287,-0.38963857,0.36831754,-0.08707213
208,0.37646323,-0.90484923,0.6867409,0.6629638,0.2062294,-0.70585346,0.3478092,-0.15393606,-0.34427446,-0.35645953,-0.6511011,-0.8800476,0.7814126,0.5312902,-0.73138183,0.38174406,-0.55033904,-0.5028046,-0.12046583,0.3968489
209,0.3842675,-0.86819184,0.7446653,0.5752707,0.13387658,-0.77882826,0.83435726,-0.05579201,-0.69048125,0.648363,-0.3597626,-0.63441896,0.28368276,0.38374215,-0.6082222,0.9828258,-0.67079914,-0.46527737,-0.67446876,0.26717508
210,0.43095452,-0.9766737,0.8522994,0.7248613,0.54751515,-0.8504009,0.8041105,0.2638099,-0.59326,-0.49459457,-0.5351887,-0.971553,0.6801458,0.9658452,-0.91035134,-0.1338142,-0.9603944,-0.9558596,-0.14728478,-0.73073995
211,0.4595785,-0.97073936,0.6215337,0.7504691,0.59177166,-0.8498298,0.2862316,-0.13700591,-0.27765125,-0.17451763,-0.79262334,-0.94457716,0.5630726,0.97463197,-0.98269856,0.5765548,-0.92684907,-0.68187344,-0.3661384,-0.70407254
212,0.438358,-0.94467086,0.5988909,0.67316765,0.43803442,-0.8545985,0.5912188,-0.24830312,-0.90096986,-0.49099973,-0.6526715,-0.9007057,0.51096106,0.8226061,-0.8113802,0.26438153,-0.86393195,-0.5426138,0.14102851,-0.33230916
213,0.41353956,-0.98579144,0.7923527,0.6851835,0.43195152,-0.6555447,0.6758366,-0.026421163,-0.8261186,-0.27607697,-0.6788257,-0.8704202,0.649292,0.8838726,-0.9864455,0.4323275,-0.9011798,-0.6271076,-0.26495585,-0.6307822
214,0.4522902,-0.9722112,0.60587555,0.969196,0.6691118,-0.81941557,0.75726336,-0.09403105,-0.9850737,-0.38788834,-0.5109208,-0.5774275,0.62627923,0.7627726,-0.96285117,0.47689763,-0.8488309,-0.9473519,-0.13730903,-0.33023927
215,0.37261623,-0.8857394,0.7841318,0.7697131,0.52883714,-0.81017536,0.5302169,-0.4801967,-0.15518063,-0.05246019,-0.8762874,-0.73751485,0.8726384,0.22186975,-0.86127913,0.73263836,-0.5654032,-0.14064044,0.029521674,0.5125408
216,0.32885206,-0.9642435,0.70649606,0.7585485,0.7863663,-0.901035,0.8915533,-0.49020416,-0.82402915,-0.96674514,-0.9881782,-0.61826116,0.7032006,0.843172,-0.90485775,-0.17670399,-0.98687005,-0.6055265,0.17682996,-0.5166878
217,0.3528119,-0.848812,0.78608465,0.65122914,0.5236449,-0.73344547,0.47494692,-0.43987253,-0.5353405,-0.5354407,-0.67526263,-0.38268745,0.6904625,0.45177492,-0.8997312,0.44572237,-0.7383458,-0.47506577,0.22315948,0.3313462
218,0.31635526,-0.89715147,0.67901284,0.6383944,0.22583686,-0.9799526,0.21456619,-0.48913294,0.052099124,-0.28746557,-0.7019531,-0.8386764,0.68192494,0.57570726,-0.95342773,0.4486863,-0.59158707,-0.3220033,-0.1624717,0.06372743
219,0.33519042,-0.8287451,0.84469604,0.7765596,0.5517624,-0.88698614,0.82917607,-0.23021261,-0.56346923,-0.13245817,-0.74758583,-0.7791794,0.7587482,0.7539964,-0.86955094,0.8440005,-0.97527885,-0.756214,-0.31468385,-0.7668915
220,0.37443808,-0.8879098,0.6642213,0.5695553,0.18265356,-0.616866,0.033817533,-0.24549635,-0.6668693,0.6518112,-0.789922,-0.7654914,0.9739511,0.23373654,-0.96603394,0.49729672,-0.7195576,0.036920078,-0.37027854,0.27099332
221,0.41301867,-0.9762017,0.67210364,0.7186565,0.33161494,-0.8732654,0.5853988,-0.24672799,-0.58882695,-0.4773636,-0.19699094,-0.97061807,0.7783164,0.7012887,-0.94629365,-0.26538342,-0.3005263,-0.89038855,0.22385608,-0.093824826
222,0.46195197,-0.9384196,0.73408717,0.7395057,0.60180515,-0.63469607,0.68996036,-0.5696689,-0.74252975,-0.13389923,-0.7760222,-0.6132633,0.60896724,0.91591245,-0.8342577,0.3334128,-0.8819779,-0.87223995,-0.27713272,0.21360658
223,0.5155594,-0.91561586,0.7105352,0.74862534,0.3913756,-0.8539717,0.8006791,0.07234478,-0.96914446,-0.94738156,-0.46764416,-0.67466336,0.5918821,0.77520937,-0.9129006,-0.20141658,-0.91732913,-0.5247776,-0.27641267,-0.35054848
224,0.36301374,-0.95275927,0.82461596,0.94864,0.44444054,-0.79211277,0.49641952,-0.43428153,-0.68873584,0.17065574,-0.40000266,-0.8795808,0.85399723,0.34851155,-0.8811043,0.7534355,-0.84736735,-0.551747,-0.6326875,-0.09322616
225,0.45581263,-0.9675873,0.5975357,0.83309144,0.30304295,-0.7951637,0.778725,-0.104389265,-0.64584684,0.020882072,-0.47758186,-0.6503523,0.6399869,0.6049563,-0.99199617,0.9377453,-0.615053,-0.7410336,-0.53622466,-0.4381132
226,0.3582405,-0.92565477,0.7072263,0.605426,0.31552994,-0.73119175,0.6078558,0.1308473,-0.5551579,-0.05372256,-0.8353603,-0.9588864,0.7148906,0.8560061,-0.8606126,0.22721106,-0.71945846,-0.45813742,0.003608081,-0.30151007
227,0.38810095,-0.93436205,0.7451169,0.82422966,0.5858484,-0.872259,0.9132095,0.07847614,-0.92088974,-0.2084284,-0.8372381,-0.46438882,0.24402398,0.81785256,-0.959766,0.60300076,-0.99606204,-0.49638152,-0.44558802,-0.14480165
228,0.36858544,-0.92632926,0.6137429,0.8840279,0.5255411,-0.8977688,0.7031854,-0.02773178,-0.29268184,-0.29698825,-0.9055579,-0.90691555,0.3374153,0.62481433,-0.9553214,0.6945121,-0.81378174,-0.32071158,-0.53368294,-0.009993789
229,0.33622894,-0.9962998,0.7133849,0.51682603,0.1132071,-0.80145353,0.25089547,-0.7252749,-0.445742,0.030768687,-0.90206534,-0.66775095,0.9484085,0.2861721,-0.9868804,0.958605,-0.27308154,-0.43486142,-0.11158945,0.8219766
230,0.37359384,-0.96606153,0.59011203,0.5162225,0.1674671,-0.97572017,0.1776475,0.015883584,-0.7125217,-0.14753959,-0.043183442,-0.982285,0.75924146,0.73956287,-0.42938018,-0.06819344,-0.80873734,-0.43769804,-0.19205713,-0.6691717
231,0.34098512,-0.912756,0.65171844,0.6796648,0.38512498,-0.8339527,0.59480935,-0.41041437,-0.5317218,-0.8746155,-0.8461334,-0.5139139,0.7671891,0.5850356,-0.90889937,0.036421455,-0.84449553,-0.2746679,-0.27738297,-0.38910976
232,0.3837951,-0.930738,0.5680049,0.69944686,0.2669681,-0.6341242,0.692539,-0.26104832,-0.7926692,0.24799772,-0.7189662,-0.7682523,0.58726156,0.592265,-0.9513416,0.9175119,-0.8094181,-0.55301356,-0.47962925,-0.2781645
233,0.37243444,-0.9301679,0.7232307,0.7325968,0.2642342,-0.9503385,0.7838286,0.1491825,-0.7873492,-0.2193068,-0.3321684,-0.73902434,0.187972,0.8998833,-0.609348,-0.2144665,-0.98755425,-0.8176572,-0.30918863,-0.6925401
234,0.39793655,-0.9669013,0.68601745,0.73575133,0.5625552,-0.5723711,0.3452966,-0.41463697,-0.3713625,-0.5187082,-0.68489313,-0.6817155,0.57901144,0.92596126,-0.8122336,0.411969,-0.91955304,-0.6514895,-0.372605,-0.5214637
235,0.48128474,-0.9824976,0.73380536,0.7431221,0.3882521,-0.8029468,0.79506105,-0.30683032,-0.82416177,-0.31483835,-0.4688957,-0.7883372,0.71075207,0.57154727,-0.87510574,0.34082043,-0.7170603,-0.72706234,-0.48894626,-0.55486226
236,0.39656943,-0.9115046,0.6888539,0.6730895,0.23710342,-0.920919,0.6122563,-0.31246048,-0.893943,-0.0697861,-0.41230598,-0.8769402,0.6093709,0.67251873,-0.53078115,0.07937802,-0.8826702,-0.47802776,-0.38903686,-0.25770813
237,0.4240384,-0.92727405,0.7078968,0.84308815,0.69136083,-0.852797,0.55929846,-0.71902823,-0.89919263,0.10136572,-0.8843653,-0.9680963,0.8450415,0.57314545,-0.72187144,0.4474245,-0.35890216,-0.7177565,0.096748024,0.23766923
238,0.5000142,-0.9919416,0.69684553,0.6427549,0.23725937,-0.9357271,0.5308829,0.0915546,-0.9610688,0.10964095,-0.64382726,-0.7038798,0.74281234,0.8667561,-0.94291216,0.26393598,-0.86814296,-0.536772,-0.65442204,-0.51094973
239,0.43474463,-0.93980324,0.7098428,0.7304888,0.41038236,-0.7246137,0.8274633,-0.02483558,-0.6728934,-0.5227536,-0.56876385,-0.5242792,0.9069965,0.7647546,-0.78107136,0.5753587,-0.85859346,-0.639197,-0.6203119,-0.55505884
240,0.33100545,-0.94727004,0.6861058,0.7896278,0.5017597,-0.663913,0.8534114,0.3564013,-0.91301495,-0.8245994,-0.7235305,-0.23833147,0.16101135,0.9584636,-0.96079373,-0.24678731,-0.8173921,-0.68181294,0.19989565,-0.11847156
241,0.43537307,-0.9675203,0.6838506,0.62622726,0.16649812,-0.9633859,0.53681743,0.9070048,-0.19177377,-0.009335061,-0.76903194,-0.48313177,-0.27250138,0.9656925,-0.9023586,0.43514717,-0.9897102,-0.7017027,-0.22069663,0.8513772
242,0.42660472,-0.9844532,0.73686105,0.6798316,0.18629412,-0.8505021,0.026885306,-0.4322823,-0.31285983,-0.58610487,-0.96007943,-0.736982,0.4346942,0.77581334,-0.9517237,0.5574451,-0.72228336,-0.1048803,0.009325113,-0.16434224
243,0.41246504,-0.93005794,0.73440385,0.88129497,0.69156706,-0.8911965,0.77432764,-0.29179627,-0.78013223,-0.21711275,-0.49552673,-0.93135095,0.8247016,0.4919638,-0.9794686,0.4097481,-0.61805266,-0.6943736,-0.25677404,-0.7432039
244,0.45287687,-0.9050144,0.72860074,0.7231995,0.5144149,-0.855498,0.51876545,-0.019462882,-0.9020384,-0.021747073,-0.6956899,-0.8896918,0.13469337,0.9344,-0.9765626,0.5810638,-0.4897061,-0.7304491,-0.27733687,-0.3756172
245,0.48771915,-0.96863955,0.8009278,0.8378437,0.55841863,-0.46856424,0.5812737,-0.045143425,-0.7972289,-0.79430944,-0.32846957,-0.8747851,0.87707305,0.8694807,-0.88896626,-0.087219715,-0.98174363,-0.80672354,0.20954816,-0.7307476
246,0.40495348,-0.8957048,0.6936371,0.77957034,0.36596778,-0.58901995,0.47964963,-0.4398532,-0.1752423,0.14600222,-0.7314524,-0.76578975,0.34876725,0.5139537,-0.92386615,0.85870147,-0.55452657,-0.10779749,-0.03281858,0.7091162
247,0.3181057,-0.9757453,0.61502093,0.6272438,0.20870654,-0.8425625,0.7366889,0.33517048,-0.7001873,-0.1773072,-0.31601024,-0.59588313,0.42664573,0.8072194,-0.92745066,0.0021706263,-0.6858214,-0.8128318,-0.22123337,-0.005433978
248,0.45140654,-0.89268064,0.70107067,0.6165613,0.08460817,-0.9435817,0.4985269,-0.5277933,-0.27478653,-0.07178421,-0.577719,-0.5366792,0.5345974,0.56983167,-0.876505,0.64137757,-0.60076654,-0.71913654,-0.23192099,0.25771847
249,0.37300825,-0.9097579,0.64160085,0.6403205,0.13914011,-0.6334179,0.66479594,0.02754189,-0.7792398,-0.30747554,-0.38277188,-0.74813324,0.9804764,0.64187145,-0.96390206,0.235214,-0.90680695,-0.75683314,-0.43035406,-0.53609025
250,0.33767965,-0.8842219,0.6780669,0.6112826,0.3388463,-0.7928146,0.91959524,0.26797366,-0.8181306,-0.18293095,-0.64894277,-0.7669262,0.087783374,0.94235784,-0.6536047,-0.2248105,-0.83654207,-0.6565832,0.08065037,0.22537331
251,0.30894488,-0.87122303,0.8085284,0.7093731,0.5013535,-0.8337127,0.51244926,-0.32264793,-0.7457193,-0.6169103,-0.48712012,-0.92039937,0.84066546,0.8214393,-0.63222337,0.3538014,-0.977207,-0.67709607,-0.53796816,-0.8385021
252,0.33908314,-0.97611797,0.70193934,0.66367835,0.40625978,-0.9657849,0.6892822,-0.36210424,-0.74667734,-0.6188494,-0.49543294,-0.3641111,0.9210508,0.3707512,-0.72207004,0.22170293,-0.92820823,-0.60435164,-0.2134161,0.30199015
253,0.32518795,-0.99329275,0.6905582,0.6594478,0.45336768,-0.6992314,0.42876163,-0.3267207,-0.6325139,-0.4083317,-0.53242165,-0.6836247,0.8408592,0.5123462,-0.9601882,0.4715033,-0.95927334,-0.89322764,-0.368817,-0.075887926
254,0.36963415,-0.95441335,0.7322242,0.83455634,0.66923577,-0.73278004,0.66823334,-0.42151478,-0.73326737,-0.085111536,-0.81024265,-0.87012523,0.5354083,0.56153053,-0.8868142,0.41627166,-0.6355082,-0.58382136,0.1516016,0.06566603
255,0.41792807,-0.9894132,0.6949778,0.814887,0.39551806,-0.24606806,0.5846917,0.3300436,-0.4941352,0.23338306,-0.6176278,-0.871095,0.7804426,0.7753957,-0.8505935,0.76483005,-0.9970794,-0.4588528,-0.48666686,-0.24799407
256,0.38956723,-0.92698413,0.6199772,0.6830807,0.24400872,-0.7878819,0.2230516,-0.25685465,-0.5276897,-0.31286165,-0.5112193,-0.7118482,0.6654205,0.7272141,-0.7869347,-0.058763962,-0.6100598,-0.42866844,0.12552482,0.13529643
257,0.3686764,-0.89831364,0.73651,0.7447954,0.25091827,-0.9831758,0.3625844,-0.68996483,-0.6304489,-0.414922,-0.8251651,-0.9513911,0.8510753,0.68462205,-0.8620869,0.25887161,-0.8298087,-0.49500898,-0.49438813,-0.22974995
258,0.5010988,-0.97593313,0.69265234,0.78051704,0.39341494,-0.93094563,0.8607393,-0.042429842,-0.53702396,-0.23017518,-0.7705302,-0.9015547,0.56204146,0.6520679,-0.9453395,0.10963857,-0.88730776,-0.77200645,-0.27551007,-0.18090588
259,0.41427264,-0.88415927,0.7330327,0.6531343,0.38761082,-0.8731606,0.75879526,-0.21510026,-0.6722328,-0.80699927,-0.72935724,-0.630691,0.8053272,0.66741186,-0.9751171,0.35840353,-0.65654397,-0.72053826,-0.090506665,-0.57269436
260,0.41262537,-0.8744617,0.8063852,0.5978057,0.30682912,-0.8814536,0.5686529,-0.083315566,0.029453468,-0.097521596,-0.8049663,-0.7978969,0.5420224,0.4527302,-0.9530749,0.15980718,-0.7375581,-0.10891549,-0.017735122,-0.036286782
261,0.34315324,-0.94499743,0.73705095,0.6274679,0.3028471,-0.8959,0.7679941,-0.08866513,-0.8812692,-0.5410242,-0.4919175,-0.90639585,0.6135588,0.48024678,-0.7794846,-0.22908086,-0.69652057,-0.76309395,0.14798646,0.020372879
262,0.37765104,-0.92198193,0.67100316,0.6943027,0.42498106,-0.94092685,0.22793803,-0.79266095,-0.65392166,-0.7068179,-0.6700285,-0.9710508,0.8185521,0.5187656,-0.59195966,-0.04746689,-0.45251516,-0.561159,0.25131634,0.57323986
263,0.31431633,-0.83910334,0.8119796,0.79387397,0.49044186,-0.9637979,0.9055213,0.2814119,-0.9815709,-0.17596379,-0.41636544,-0.9561388,0.2863791,0.83137137,-0.7196812,0.3643589,-0.79834086,-0.5923011,-0.3119769,-0.31148723
264,0.4156299,-0.93606853,0.6671504,0.67812604,0.37956515,-0.6218298,0.6111908,0.30165723,-0.8184351,0.030667782,-0.27666986,-0.6143541,0.45105314,0.7631688,-0.88837785,0.3156935,-0.6493842,-0.79718906,-0.06677798,0.07683761
265,0.34136015,-0.9054426,0.7079539,0.6615123,0.26267955,-0.7299273,0.71159446,0.0010235397,-0.7741886,-0.23784505,-0.48353425,-0.81763506,0.5557771,0.85406876,-0.9125935,0.36692858,-0.8446616,-0.8726209,-0.18899406,-0.52674526
266,0.37407374,-0.8263941,0.72500336,0.65505713,0.14856738,-0.7012825,0.8188482,0.005063856,-0.58305067,-0.7774144,-0.5214524,-0.46678114,0.8148326,0.6972028,-0.94802463,0.38357154,-0.87054455,-0.45430467,-0.15173963,-0.5719275
267,0.3917249,-0.9436049,0.7157312,0.5760046,0.09641966,-0.7688798,0.17982575,-0.27402732,0.27752024,0.23841678,-0.95602715,-0.8680914,0.7947392,0.3589042,-0.87327266,0.9358665,-0.4799511,-0.5627014,-0.72774607,0.63762367
268,0.35231575,-0.9952886,0.6363603,0.7489698,0.2482314,-0.55451274,0.5712415,-0.16689827,-0.9372805,0.98200107,-0.7321677,-0.888666,0.4859099,0.32370412,-0.7671421,0.51171446,-0.75953496,0.06581277,-0.24473374,0.92066336
269,0.37208587,-0.93978155,0.6970958,0.66269994,0.2270298,-0.9026717,0.71001464,-0.47916535,-0.95103943,0.24206463,-0.5701085,-0.34430146,0.644628,0.2092998,-0.7363095,0.6754927,-0.6192278,-0.4049024,0.09780181,0.60034734
270,0.27184528,-0.936305,0.66770315,0.7611123,0.43059945,-0.76440996,0.75450146,-0.65498334,-0.9931009,0.5136701,-0.8347198,-0.771155,0.9661898,0.28560913,-0.8412149,0.50087154,-0.69392633,-0.36684626,-0.28653944,-0.48671234
271,0.38218737,-0.88550055,0.703417,0.724157,0.3056048,-0.0875685,0.71277493,0.16507664,-0.89488316,0.730911,-0.42828748,-0.9633477,0.54629576,0.81796,-0.9261405,0.93885326,-0.933351,-0.6087619,-0.61280286,-0.039222542
272,0.42925096,-0.97103626,0.7035862,0.77773154,0.44833988,-0.9780073,0.028130783,-0.6960479,-0.5730255,-0.7338891,-0.8831627,-0.9360152,0.50808394,0.8896512,-0.9723708,0.3501743,-0.8501082,-0.6112245,-0.12584381,-0.5038278
273,0.3629451,-0.90841085,0.6957314,0.7632848,0.4093695,-0.71887946,0.51440364,0.06556228,-0.95009285,0.40675235,-0.7261543,-0.8225129,0.38269934,0.747331,-0.9491094,0.86531794,-0.8522098,-0.71744746,-0.55761176,0.031080293
274,0.41616228,-0.90019846,0.569316,0.60938656,0.058016937,-0.54447263,0.8499868,0.23309626,-0.58086044,0.58774245,-0.51761806,-0.3889326,0.32144782,0.82638556,-0.8368865,0.9922353,-0.73126704,-0.63064706,-0.9225159,0.24602115
275,0.49637824,-0.95848787,0.57427555,0.771907,0.6349827,-0.96238655,0.8843438,0.0364127,-0.88979834,-0.8767633,-0.24508904,-0.79524034,0.6914066,0.8525941,-0.84556055,-0.25108713,-0.78653854,-0.957549,0.1260196,-0.6623038
276,0.41671258,-0.9829854,0.5320113,0.7061602,0.3754101,-0.81984,0.6709951,0.11018237,-0.95485723,-0.32011947,-0.4286671,-0.8756666,0.56329167,0.8170647,-0.6693213,0.12621224,-0.89246446,-0.57742774,-0.35825333,-0.6457996
277,0.43414015,-0.9036334,0.82208246,0.7034717,0.17498758,-0.94742125,0.48115587,0.023572458,-0.84501976,-0.43564993,-0.2677858,-0.92154706,0.20631306,0.8473097,-0.6365152,-0.15739475,-0.60299695,-0.87946427,-0.1475333,-0.26667973
278,0.3733612,-0.9749831,0.6426425,0.6810209,0.38265607,-0.9433132,0.7043611,-0.50149614,-0.83871835,-0.7088506,-0.45673963,-0.8263648,0.54911596,0.7693142,-0.6952853,0.27763584,-0.45636776,-0.99498755,-0.10242271,-0.3191635
279,0.40905854,-0.8956946,0.80898947,0.69524723,0.3562502,-0.78735954,0.44739705,-0.38229224,-0.7286041,-0.27050552,-0.8781327,-0.73706764,0.6710467,0.5950814,-0.8763591,0.7014125,-0.95097196,-0.54432863,-0.18183139,0.118648194
280,0.32094315,-0.8397876,0.76059747,0.5760097,0.36496857,-0.7738274,-0.097940646,-0.19695999,-0.17076786,0.6083152,-0.79059786,-0.9384986,0.45947415,0.60787934,-0.9762288,0.90837264,-0.42203563,0.010340648,-0.027837135,0.2945211
281,0.4339347,-0.9401775,0.7524429,0.76424664,0.7627187,-0.7727074,0.7327186,0.04701074,-0.9547961,-0.82424086,-0.74488753,-0.35313788,0.62931895,0.69463295,-0.8016865,-0.4075621,-0.83806473,-0.9122949,0.57818633,0.37724987
282,0.34624186,-0.92719036,0.6912941,0.6673387,0.40351185,-0.8013401,0.53243124,-0.36536726,-0.76619434,-0.56538135,-0.46415806,-0.9637346,0.9434805,0.7022075,-0.41321093,-0.42584416,-0.41796395,-0.57155704,0.45152435,0.01664644
283,0.37183437,-0.8098327,0.7598628,0.7919962,0.31795463,-0.10791939,0.2728186,-0.3051659,-0.9720868,0.63757926,-0.7263474,-0.88438296,0.97226435,0.7598148,-0.968963,0.7134017,-0.8139238,-0.26496473,-0.58022875,-0.5130112
284,0.43149224,-0.9202319,0.78985524,0.77935,0.47814623,-0.8842151,0.71059203,-0.02241296,-0.020972123,-0.58385587,-0.80748653,-0.67232424,0.9862921,0.55366707,-0.9236955,0.25012162,-0.94070333,-0.7507524,-0.14469801,-0.3954576
285,0.40418348,-0.9417905,0.71037054,0.68722874,0.15711565,-0.8851793,0.85564035,-0.32551655,-0.8680729,-0.42633364,-0.76791644,-0.92798656,0.81982744,0.66975415,-0.9918027,0.3709199,-0.54190487,-0.9668848,-0.47187847,-0.4362622
286,0.3379965,-0.9098449,0.7549073,0.7501285,0.54129887,-0.97130245,0.92160213,-0.4015369,-0.8918317,-0.39337867,-0.6288209,-0.8881682,0.7738165,0.2980348,-0.9503432,0.33925566,-0.8037736,-0.482886,0.17531933,0.010856012
287,0.5024195,-0.97188276,0.6314824,0.76500326,0.54239845,-0.9129579,0.6047167,-0.2145565,-0.35045362,-0.021178877,-0.7867657,-0.45283434,0.12241821,0.75811553,-0.6672346,0.6939213,-0.9463459,-0.44478658,-0.078775086,0.64972883
288,0.40922064,-0.90071934,0.78612745,0.71635467,0.4528052,-0.6786803,0.56033885,0.23169108,-0.3200719,-0.048424546,-0.7436881,-0.9107026,0.86168814,0.6225922,-0.9637691,0.5743708,-0.9797393,-0.20662588,-0.4211727,-0.39571014
289,0.4510555,-0.92252374,0.6033056,0.6134046,0.18331532,-0.9682245,0.7397608,-0.37228575,-0.21758163,-0.48555046,-0.43821394,-0.5887406,0.8889687,0.18532982,-0.8405842,0.8919061,-0.8305428,-0.39225435,-0.33753902,-0.3072565
290,0.42807266,-0.9393382,0.6710609,0.6977987,0.18869787,-0.95124304,0.30890915,-0.19989115,-0.273656,-0.5536323,-0.63673407,-0.501676,0.9291855,0.5795313,-0.9860752,0.31015643,-0.868717,-0.30241677,-0.09017229,0.28250882
291,0.41828397,-0.9563348,0.6492202,0.6342655,0.24598527,-0.47751275,0.42361256,-0.302845,-0.735299,0.24577628,-0.56453776,-0.9619049,0.48411784,0.6018621,-0.9551372,0.7947355,-0.606491,-0.62909424,-0.8838688,-0.023374097
292,0.4416213,-0.97586095,0.7505085,0.7905561,0.44812334,-0.9516162,0.82787794,-0.321559,-0.97999877,-0.75998265,-0.4361726,-0.52509403,0.8822182,0.532904,-0.8362666,-0.21074781,-0.6439088,-0.8373576,0.09646574,-0.40510508
293,0.446924,-0.9605156,0.60925823,0.5773998,0.18692118,-0.9794421,0.38806123,-0.2653808,-0.191779,-0.41273668,-0.47878796,-0.94301146,0.5814233,0.41760045,-0.8626945,0.28981188,-0.5215653,-0.43410078,0.009023861,0.40806916
294,0.37887812,-0.94591117,0.7165903,0.63486487,0.5239238,-0.78573924,0.7190639,-0.23084146,-0.5704356,-0.25435203,-0.7661465,-0.39668465,0.44638157,0.6083162,-0.9863794,0.4546144,-0.8911216,-0.5810761,-0.17582881,-0.069569625
295,0.36646065,-0.9758555,0.7480353,0.71574974,0.3659345,-0.67333966,0.5385785,-0.307236,-0.7790376,-0.030771554,-0.87484896,-0.74012643,0.4213252,0.8193342,-0.9071834,0.3549724,-0.557613,-0.55775815,-0.11740976,-0.24518393
296,0.32393828,-0.86591005,0.76084316,0.6754923,0.15629359,-0.7137599,0.62661,0.13155648,-0.8241461,-0.49396157,-0.33674717,-0.7390639,0.66633034,0.75096315,-0.7720235,0.15322164,-0.8383355,-0.9593486,-0.36276862,-0.40277663
297,0.40041035,-0.9125892,0.7249203,0.5619308,0.19457787,-0.6308822,0.67750347,-0.20880584,-0.5501855,0.3928158,-0.772003,-0.90828896,0.55990237,0.84530157,-0.85575706,0.5976351,-0.616131,-0.6507462,-0.59889203,-0.18837507
298,0.33568302,-0.93121177,0.687175,0.62978345,0.2662748,-0.91628414,0.8058862,-0.15208478,-0.90374184,0.34041807,-0.43389812,-0.95755315,0.53167653,0.5641218,-0.7400911,0.3733021,-0.6217257,-0.49705985,-0.48726022,-0.09870442
299,0.41468185,-0.95103395,0.61290437,0.6222972,0.14231205,-0.7427203,0.44096184,-0.25026315,-0.6137725,-0.34075034,-0.5584269,-0.7308044,0.7933771,0.38646457,-0.9134652,0.406571,-0.5522961,-0.7941423,-0.01752927,0.27182534
300,0.5142786,-0.9496167,0.7708535,0.7470369,0.43208057,-0.8056318,0.48642254,0.26385984,-0.5386753,-0.6765567,-0.4131005,-0.9491577,0.90596753,0.8358664,-0.77266324,-0.30003285,-0.88889843,-0.63336873,0.0012204045,-0.817916
301,0.4197454,-0.9073127,0.7059267,0.66576886,0.0049910443,-0.76913685,0.79472303,0.17995952,-0.8894795,-0.52320516,-0.5429117,-0.56588924,0.10665773,0.77041626,-0.903807,0.082542405,-0.7921909,-0.8055125,-0.17371567,-0.1832301
302,0.3258758,-0.8232378,0.7594017,0.60650665,0.16572416,-0.9730002,0.5294216,0.024027249,-0.3915821,-0.55023366,-0.6715608,-0.6520412,0.3952647,0.87500304,-0.8845383,-0.078004144,-0.9658786,-0.5225649,-0.042531464,-0.0079922
303,0.36870894,-0.90766734,0.7352948,0.7718952,0.5640276,-0.93406135,0.4298069,-0.3680155,-0.2943032,0.09767554,-0.84937966,-0.5394348,0.9071349,0.7132736,-0.93406105,0.8162677,-0.94351983,-0.49949232,-0.4359556,-0.3889329
304,0.39418054,-0.92955285,0.6936602,0.6958223,0.32891867,-0.6479666,0.5484173,0.25260362,-0.8014101,0.06286506,-0.3993633,-0.61303943,0.4958488,0.9115118,-0.8773887,0.68007696,-0.9280558,-0.6526132,-0.66371524,-0.4062433
305,0.3894625,-0.91508806,0.6366335,0.7523998,0.49178794,-0.7122506,0.92244494,-0.07152828,-0.8289721,-0.3201413,-0.6024478,-0.9520627,0.53245735,0.6797385,-0.9190912,0.07287306,-0.4130262,-0.6297292,-0.0993955,-0.268229
306,0.33221012,-0.8639584,0.7529869,0.7903963,0.48959285,-0.83930594,0.7171508,-0.19316241,-0.9472564,-0.8531372,-0.6583997,-0.8088709,0.44673276,0.8964625,-0.82377815,-0.47975644,-0.58438605,-0.66142225,0.30080402,-0.80203456
307,0.32101607,-0.935847,0.7213046,0.71431535,0.21736245,-0.94555086,0.1939035,-0.26680964,0.21589844,-0.9030205,-0.99217796,-0.821513,0.36128068,0.5321546,-0.991695,-0.21930647,-0.8627953,-0.09013508,0.6292931,0.17287603
308,0.41429424,-0.9634505,0.637907,0.6014333,0.27242935,-0.93295753,0.5741662,0.07729622,-0.25756565,-0.5859558,-0.4417486,-0.8294267,0.44809994,0.78263533,-0.8975644,0.59864646,-0.7069136,-0.7327789,-0.5366728,-0.10732785
309,0.42090717,-0.97415096,0.6557402,0.5203346,0.056614634,-0.9408559,0.10800576,-0.1959351,0.09229307,0.11348646,-0.9039155,-0.9870029,0.73119396,0.5653813,-0.79375154,0.64510274,-0.8997317,-0.22272752,-0.39451864,0.2889868
310,0.39385647,-0.9711429,0.6443797,0.63873285,0.22842504,-0.63547343,0.013604536,-0.19876768,-0.4894277,-0.013079788,-0.5709465,-0.87093276,0.43126506,0.9149688,-0.78056234,0.56317526,-0.8703667,-0.7690151,-0.008607911,0.741705
311,0.28404164,-0.904287,0.70872307,0.6089061,0.12977271,-0.8083813,-0.043552764,-0.37540638,-0.014932411,-0.009481141,-0.80267364,-0.97287303,0.91502386,0.27241787,-0.6625874,0.9626305,-0.8474394,-0.19008675,-0.4074163,0.68166435
312,0.48293638,-0.9851649,0.6496517,0.7829768,0.3722431,-0.83269614,0.47022003,-0.2285778,-0.7180648,-0.086047426,-0.72506386,-0.7127688,0.5521738,0.27981704,-0.88339555,0.39355788,-0.37975532,-0.4223245,0.0012002579,0.97433996
313,0.41308627,-0.9062747,0.8081104,0.75820214,0.49325645,-0.28891906,0.7891205,0.23053412,-0.9657555,-0.00029030346,-0.64743024,-0.9665941,0.32592782,0.91074353,-0.96386373,0.40516147,-0.7118708,-0.9727681,-0.018992273,-0.10298202
314,0.3179024,-0.9693842,0.7707581,0.7720682,0.13680857,-0.9003825,0.49321112,-0.1680485,-0.85552245,-0.50868595,-0.5444763,-0.77630234,0.51028514,0.6488386,-0.6582018,0.2422795,-0.95047534,-0.6587803,-0.29701167,-0.22731051
315,0.3905029,-0.9432423,0.7981447,0.8407441,0.51093715,-0.8753627,0.42671916,0.07612143,-0.65877575,0.30853003,-0.6423774,-0.92450625,0.24996582,0.6353977,-0.8853002,0.7046451,-0.8509492,-0.3213407,-0.37627846,-0.073782556
316,0.45144907,-0.96019053,0.8322086,0.6906034,0.34385625,-0.96070164,0.81849635,0.3620989,-0.9265981,-0.7534942,-0.8964454,-0.46481916,0.26976353,0.8306551,-0.9003398,-0.21291669,-0.9241557,-0.649344,0.07533899,0.13691911
317,0.38396516,-0.9461989,0.7860016,0.6794882,0.26113528,-0.97570306,0.85173845,-0.32516962,-0.5905466,-0.10498674,-0.6459829,-0.7027111,0.524077,0.6685593,-0.8872236,0.62113476,-0.8907916,-0.80084354,-0.4110236,0.061145812
318,0.36194447,-0.81160855,0.7173362,0.7093955,0.55648196,-0.48972866,0.78748274,-0.0036769018,-0.89290804,0.12674597,-0.5500449,-0.79084384,0.58743954,0.75056404,-0.9337911,0.5725595,-0.96900845,-0.5938872,-0.66326743,-0.49656466
319,0.43604952,-0.92976415,0.77436244,0.78378683,0.47279483,-0.91418594,0.793549,-0.25056762,-0.42737675,-0.54779255,-0.7091855,-0.7654578,0.87276745,0.69357413,-0.87256694,0.40942946,-0.78201437,-0.42674112,-0.27661276,-0.5824998
320,0.46764952,-0.9802663,0.6610981,0.67349434,0.19587243,-0.88555235,0.3065321,-0.3380469,-0.4206549,-0.55561894,-0.56013685,-0.62281144,0.60510606,0.7176118,-0.9253523,0.3645584,-0.7325226,-0.6404108,0.31564265,0.44406325
321,0.39142695,-0.93097335,0.7397945,0.67457736,0.198066,-0.46321663,0.5790538,-0.3025422,-0.95125777,-0.14106356,-0.8285714,-0.79255146,0.6830881,0.77734786,-0.97927225,0.41068935,-0.877127,-0.98811597,-0.9012238,0.35945228
322,0.40170908,-0.8937993,0.66248506,0.6721102,0.15985581,-0.8970005,0.251624,-0.4256984,-0.8720261,-0.008821586,-0.66300666,-0.8024252,0.90908664,0.59275013,-0.93090343,0.9874358,-0.7943747,-0.28275105,-0.4896648,0.3445719
323,0.4346735,-0.8830884,0.65497696,0.6815085,0.46154392,-0.6118153,0.46091586,0.6036855,-0.5448552,-0.28672665,-0.44047686,-0.37226272,0.37076542,0.97014385,-0.7784304,0.04570143,-0.92338395,-0.7800107,-0.57504654,-0.12011318
324,0.38631308,-0.9549139,0.66453505,0.62955886,0.20128158,-0.7272135,0.7762901,0.4599486,-0.5832341,-0.4936376,-0.5057312,0.08938117,0.5906581,0.6904015,-0.9165823,0.49768525,-0.89257926,-0.7184179,-0.5747108,-0.060162127
325,0.36215645,-0.9917022,0.61061907,0.62497944,0.18143275,-0.6730597,-0.19671217,-0.110700384,-0.54210865,-0.13189039,-0.40953308,-0.57057667,0.5389193,0.84386253,-0.7075603,0.6359512,-0.7944945,-0.44762763,-0.37341118,0.1293705
326,0.3576163,-0.85532546,0.6677131,0.69500065,0.30690286,-0.9385018,0.46892604,0.18349914,-0.5659567,-0.17432538,-0.773188,-0.42816994,0.36221182,0.76862025,-0.9883552,0.6578008,-0.9704347,-0.5911651,-0.609537,0.26012802
327,0.3570388,-0.9435495,0.8803415,0.6873238,0.25279695,-0.9814286,0.9646753,0.18088481,-0.57368916,-0.68795973,-0.5374902,-0.49014542,0.20318438,0.9545578,-0.7991663,0.30758262,-0.9358238,-0.6962277,-0.45122856,-0.5232972
328,0.36007702,-0.8404982,0.9145073,0.6860192,0.2968863,-0.9255335,0.6324048,-0.06358418,-0.23465572,-0.37815836,-0.6905361,-0.84501004,0.32287663,0.7217502,-0.7404599,0.5578855,-0.89810866,-0.15389474,-0.3787144,-0.14471787
329,0.34453604,-0.8753674,0.78605646,0.68596506,0.17968781,-0.731324,0.7455635,0.13666087,-0.8727318,0.21368334,-0.58790225,-0.7035886,0.3549528,0.5900612,-0.8524743,0.75868756,-0.7759326,-0.5543782,-0.7173764,0.18130584
330,0.38024405,-0.94534415,0.7133652,0.71978277,0.33338282,-0.86645776,0.7437657,-0.20229623,-0.8186607,-0.58930326,-0.3538899,-0.7352826,0.7961001,0.5992505,-0.60621464,0.1843939,-0.74892515,-0.78914356,-0.084015705,-0.6496237
331,0.36437008,-0.95419633,0.7106238,0.77453506,0.4967634,-0.72585946,0.6232563,-0.21371228,-0.5477054,-0.9094946,-0.67295,-0.48495993,0.41816488,0.51632726,-0.8184193,0.1398083,-0.89149535,-0.4620713,0.0062257256,0.33397225
332,0.35513228,-0.9716138,0.7348534,0.61038554,0.15520063,-0.5079566,0.80831057,0.31510544,-0.71827704,0.42664737,-0.62210983,-0.9500687,0.71295327,0.61299795,-0.94307184,0.2344424,-0.99209017,-0.2031346,-0.48324445,-0.74849653
333,0.4313135,-0.9928891,0.751937,0.8883612,0.6039516,-0.91710013,0.15392399,-0.20161308,0.15543391,-0.46804994,-0.8686692,-0.5661599,0.80061305,0.84293866,-0.95503885,0.56754416,-0.8445555,-0.24022253,-0.12161294,0.024905361
334,0.41943613,-0.9416717,0.64087135,0.643723,0.19820784,-0.3169276,0.24636824,0.19904554,-0.81836534,0.4138369,-0.47117785,-0.82596713,0.8746603,0.50904596,-0.97708714,0.9974741,-0.9361512,-0.26491046,-0.42251754,-0.027984634
335,0.3947825,-0.8625776,0.63956356,0.7229816,0.42524275,-0.15795338,0.6424407,-0.2924802,-0.8383504,0.44888723,-0.5803341,-0.9320414,0.6355902,0.6176221,-0.9911935,0.7617822,-0.61052966,-0.6212086,-0.0063379738,0.43694627
336,0.33156776,-0.97227496,0.6996554,0.60694194,0.2800559,-0.80586547,0.5227812,-0.19691151,-0.7133978,0.21386464,-0.96061695,-0.5443707,-0.069841065,0.733279,-0.9533676,0.7533739,-0.9633503,-0.16690263,-0.29798898,0.44644588
337,0.37409464,-0.85171765,0.5959488,0.75507337,0.33487827,-0.7548824,0.93639606,-0.32184926,-0.67519265,0.14144397,-0.55277175,-0.93413323,0.54558855,0.11161141,-0.9387206,0.47956014,-0.19645174,-0.38793448,-0.1649383,0.14959334
338,0.3668447,-0.92782575,0.654976,0.8037721,0.3568422,-0.9057462,0.47775662,-0.28969815,-0.9584924,-0.13797317,-0.8529698,-0.8654083,0.784474,0.41358423,-0.95250195,0.46612337,-0.5445519,-0.40356687,-0.052632943,0.09052949
339,0.41180962,-0.99300224,0.69746524,0.605128,0.39216027,-0.5932473,0.65928036,-0.12598263,-0.7996986,-0.10075355,-0.9231035,-0.7260167,0.14801072,0.8164453,-0.9883681,0.28926966,-0.8166492,-0.57086587,-0.12913631,-0.14630032
340,0.4587274,-0.8937484,0.59195435,0.6284328,0.07144682,-0.7355674,0.7029262,-0.36148888,-0.6932753,-0.2629087,-0.7714155,-0.9510597,0.8128811,0.59261787,-0.8993077,-0.054300983,-0.27425334,-0.74215215,0.11809437,-0.17231174
341,0.4262024,-0.9842768,0.6620561,0.8060338,0.607152,-0.9320857,0.6790254,-0.8419383,-0.9343428,-0.22019513,-0.79730237,-0.7487296,0.47665146,0.5489167,-0.89994586,0.46617016,-0.5246773,-0.77070504,0.25566056,0.12744713
342,0.40398112,-0.89192355,0.64582115,0.5688151,0.29192436,-0.60272896,0.52938455,-0.48193595,-0.9739878,-0.13359557,-0.6525218,-0.22529018,0.25351253,0.5048438,-0.97485805,0.99142706,-0.9892858,-0.59321123,-0.4195945,0.5732
343,0.39279786,-0.94499224,0.5083142,0.6302755,0.22274795,-0.7005423,0.4998008,-0.070386715,-0.4822725,0.27808774,-0.4497621,-0.7626162,0.59407914,0.46918666,-0.7583203,0.5700016,-0.87256485,-0.16012825,-0.403729,0.044780742
344,0.40397766,-0.9719096,0.537595,0.63901716,0.26766065,-0.64969385,0.32478017,-0.11478857,-0.81776327,-0.15893377,-0.64544624,-0.8989401,0.49301076,0.54569864,-0.87447596,0.26774675,-0.69251364,-0.3423514,-0.04475068,0.3068969
345,0.31321296,-0.85967237,0.78287494,0.56085014,0.21936145,-0.93489915,0.52979404,-0.024117593,-0.335397,0.19735722,-0.43536228,-0.72835785,0.43266696,0.7245278,-0.6825037,0.7252824,-0.88711464,-0.3407597,-0.4744252,-0.26098892
346,0.34209228,-0.9242929,0.61897624,0.66738176,0.27714205,-0.86972505,0.7798315,-0.6109218,-0.24134807,-0.26370367,-0.6200021,-0.8859351,0.9303541,0.5033056,-0.7548351,0.7153389,-0.67690325,-0.6401353,-0.555309,-0.33791134
347,0.36687794,-0.95004565,0.6596072,0.6421952,0.35579464,-0.6138182,0.59739757,0.098430105,-0.63561016,-0.06540601,-0.36766186,-0.9776604,0.78259665,0.38232976,-0.73267436,0.50938493,-0.7948251,-0.23751512,-0.13410856,-0.4143489
348,0.39132422,-0.9565705,0.5914384,0.6026621,0.18012655,-0.9365329,0.7068923,-0.12748265,-0.9677999,0.057647083,-0.6118863,-0.7722427,-0.024222178,0.62558913,-0.9927213,0.03146352,-0.413213,-0.34540838,-0.27063182,0.08228724
349,0.36903825,-0.9683545,0.588367,0.5962365,0.13902578,-0.7115559,0.8014454,-0.07122708,-0.6795879,-0.7594574,-0.31169844,-0.5915561,0.360577,0.7655802,-0.84562176,-0.15791126,-0.88281685,-0.80514264,-0.34338155,-0.60217834
350,0.44451255,-0.98971546,0.7209108,0.7772311,0.6221867,-0.88508844,0.979756,0.21814178,-0.8451684,-0.102886125,-0.9057249,-0.9589335,0.5544507,0.68344945,-0.92532074,-0.34383738,-0.8014475,-0.4875789,0.38615647,-0.2702437
351,0.22940391,-0.8099159,0.7366279,0.6811066,0.079000115,-0.9734533,0.3791555,-0.0097859,-0.1570576,-0.68176645,-0.62298,-0.8039887,0.46915475,0.8902526,-0.6615044,-0.48399046,-0.93812156,-0.34160623,-0.05366961,-0.35797408
352,0.3641967,-0.97691566,0.71765536,0.6797338,0.45377514,-0.34044296,0.3765913,-0.22870106,-0.95725894,0.37192896,-0.57526755,-0.9873493,0.51540446,0.6613637,-0.9403017,0.77949685,-0.7871025,-0.4173997,-0.01966926,0.3826633
353,0.43140045,-0.9931834,0.72015864,0.7737056,0.46165955,-0.90845907,0.8920189,-0.527721,-0.4083515,-0.5572875,-0.78902423,-0.45289856,0.6442593,0.6617475,-0.9914845,0.36589652,-0.5737474,-0.7468611,-0.035352673,-0.09120415
354,0.4119741,-0.88427895,0.7627511,0.6795525,0.4925266,-0.767928,0.8615958,0.23769519,-0.48889345,-0.5851072,-0.50500095,-0.84312254,0.5967879,0.8282768,-0.8825134,0.08743832,-0.63016784,-0.7041577,0.24601042,-0.2599253
355,0.34995583,-0.8979415,0.7138396,0.6190552,0.28920856,-0.881314,0.327154,-0.038164984,-0.6195463,-0.3125251,-0.48146865,-0.63308764,0.31615207,0.7384933,-0.8842645,0.22232145,-0.9313693,-0.4214852,-0.09915747,0.08459236
356,0.36057058,-0.94106084,0.73987186,0.7194847,0.33561873,-0.79503345,0.57475525,0.117929995,-0.89545226,0.20051312,-0.4922223,-0.91084874,0.2994129,0.7999763,-0.70564467,0.5243304,-0.5482126,-0.55866927,-0.35350412,-0.15753995
357,0.37848967,-0.947354,0.5909704,0.82794255,0.18125397,-0.9657699,0.98356664,0.045692034,-0.97594106,0.13561381,-0.5465251,-0.8838172,0.6203772,0.3616788,-0.9376396,0.2572933,-0.8534566,-0.39596057,-0.5410847,0.04665206
358,0.4199114,-0.9302379,0.6723602,0.6137851,0.014030162,-0.7597623,0.83023703,0.08490696,-0.89604247,0.26007244,-0.3690826,-0.8397202,0.38525635,0.651034,-0.9800495,0.48784426,-0.6641913,-0.8011287,-0.836181,-0.023721924
359,0.39579505,-0.9865264,0.761278,0.6714786,0.24607019,-0.83000404,0.22787847,-0.5619459,-0.19814985,-0.38762203,-0.5366916,-0.931133,0.84582716,0.7973569,-0.7277779,0.28022945,-0.66278785,-0.5778938,0.15340497,0.084923394
360,0.4039164,-0.955902,0.6865693,0.5986091,0.15890977,-0.9733723,0.5681439,-0.0137674045,-0.08652529,0.11894371,-0.56316257,-0.48030275,0.8144915,0.31347504,-0.68345016,0.96662104,-0.824336,-0.5640549,-0.87113726,0.4437529
361,0.40886426,-0.9400613,0.6861804,0.6908003,0.271026,-0.653396,0.6271753,-0.67012894,-0.9597763,0.34316206,-0.75404286,-0.78347045,0.6442179,0.35224932,-0.941998,0.27717254,-0.8813663,-0.47359422,-0.19354443,0.5955846
362,0.30667475,-0.99262416,0.7706189,0.62795776,0.02560077,-0.73682976,0.32982543,-0.2953596,-0.58225226,-0.10182028,-0.62019134,-0.61583793,0.11712317,0.7817562,-0.99319655,0.5208985,-0.74848974,-0.48415282,-0.32912323,0.034223247
363,0.35270703,-0.89556867,0.730724,0.7112207,0.2942893,-0.62647897,0.65341455,-0.39092782,-0.5477791,-0.48049304,-0.60675955,-0.92057544,0.71107763,0.481084,-0.86038035,0.041089773,-0.55538404,-0.287628,-0.054690037,0.07899686
364,0.35785368,-0.869896,0.6132244,0.6959827,0.112963974,-0.5782839,0.30109718,-0.13580382,-0.35909733,-0.5692714,-0.6340832,-0.59164745,0.5282688,0.8069497,-0.9748885,0.08274882,-0.86900264,-0.64867944,0.05190071,-0.06867308
365,0.30554357,-0.9939208,0.6923446,0.71926934,0.3636886,-0.94035715,0.7692441,-0.2370566,-0.88730675,-0.8595464,-0.40572253,-0.80536366,0.27431625,0.5860451,-0.80245185,-0.031067546,-0.8839547,-0.6814228,-0.002532031,-0.41328
366,0.3639651,-0.8728446,0.66773283,0.81454754,0.39791098,-0.7875369,0.35350093,-0.22162415,-0.5754946,-0.7537685,-0.554272,-0.60090375,0.28883043,0.9240528,-0.919271,-0.20519307,-0.9000127,-0.62851655,0.19546694,-0.44518474
367,0.37262005,-0.8340131,0.76983297,0.6437917,0.23328254,-0.98348945,0.64123863,0.20152216,-0.43299258,-0.5460923,-0.46019417,-0.11238095,0.6740472,0.61302334,-0.83299154,0.55870074,-0.8863571,-0.42045757,-0.26897392,0.096516035
368,0.5248084,-0.9787196,0.69981,0.58444315,0.33306548,-0.9367926,0.6996447,0.074567,-0.85456413,-0.60010505,-0.40324455,-0.96506256,0.78683573,0.9422867,-0.71058726,-0.25781974,-0.9105616,-0.92268926,-0.46178594,-0.8980735
369,0.38235968,-0.96853185,0.7221156,0.725822,0.3335443,-0.9062521,0.83251905,-0.69968706,-0.92836773,0.027662942,-0.9329213,-0.87475145,0.9046618,0.39178127,-0.8570238,0.4995438,-0.7224631,-0.5431396,-0.16699041,0.102966756
370,0.34699985,-0.9584885,0.85729414,0.7893508,0.42181605,-0.94857174,0.7507011,-0.050659314,-0.8648693,-0.71289855,-0.6399035,-0.8697358,0.6359751,0.83407134,-0.87438947,-0.480135,-0.8985989,-0.6920814,0.34044984,-0.8293816
371,0.33278394,-0.91593957,0.6991637,0.7591492,0.6216036,-0.6959526,0.32448718,-0.125215,-0.48071823,-0.11501629,-0.8134101,-0.73977774,0.71292126,0.8977229,-0.93296117,0.42337,-0.7959016,-0.6344532,-0.091093116,-0.27129927
372,0.46492052,-0.8952465,0.7040901,0.73449945,0.43878204,-0.67684275,0.85939604,0.18180807,-0.48467347,0.36654747,-0.5114431,-0.82948554,0.39866954,0.71610075,-0.8111499,0.5711591,-0.8635932,-0.4753278,-0.45268244,-0.3137387
373,0.36869362,-0.94601893,0.67055297,0.66317546,0.29909113,-0.78961307,0.17431034,-0.36196762,-0.1787495,-0.11514654,-0.7067846,-0.67316246,0.80147463,0.3530121,-0.95176774,0.4272866,-0.5062086,-0.29740444,0.13648248,0.7889892
374,0.39313465,-0.82516193,0.72027355,0.6004112,0.20781556,-0.9469975,0.28887665,0.034312263,-0.25290474,0.17368655,-0.47573096,-0.6265881,0.62300473,0.7497393,-0.84582216,0.84253633,-0.95305973,-0.2902527,-0.58365816,0.090041384
375,0.29402688,-0.92450154,0.70582306,0.7041578,0.27036658,-0.9358799,0.07128434,0.021065159,-0.18586072,0.3321956,-0.8801266,-0.88501865,0.18089342,0.6556731,-0.9448252,0.9027189,-0.97173315,0.15731335,-0.5895275,0.23173556
376,0.28434741,-0.9068,0.8900295,0.7788259,0.56092596,-0.74541646,0.44493678,0.08015972,-0.60142195,-0.54002553,-0.75564057,-0.74098873,0.5574907,0.81502604,-0.95259595,-0.014068907,-0.898476,-0.36126292,0.31390873,-0.12977265
377,0.35987562,-0.9213487,0.74281853,0.7568727,0.7401477,-0.80489206,0.7670014,0.21589231,-0.8071837,-0.79928887,-0.79328746,-0.96221143,0.2492586,0.7998363,-0.8985953,-0.07433325,-0.7348157,-0.5303885,0.45586404,0.08254921
378,0.34764746,-0.95501393,0.70214754,0.79688996,0.4565114,-0.9364547,0.20359279,-0.47422853,-0.26954538,-0.7993506,-0.600617,-0.9629138,0.8812236,0.829903,-0.69526786,0.059631743,-0.8291307,-0.4498105,-0.105184995,-0.6469169
379,0.30212674,-0.89294976,0.71406305,0.6551352,0.18058881,-0.5806009,0.3991459,-0.39424258,-0.8373978,0.0882287,-0.64124095,-0.7730526,0.67840374,0.5866285,-0.8379499,0.73096573,-0.87030655,-0.35728717,-0.2511726,0.104742214
380,0.35637173,-0.92601633,0.74860865,0.63034976,0.24615934,-0.6505233,0.29477945,-0.5291021,-0.4805722,-0.5319218,-0.85362744,-0.5145301,0.97560096,0.43047225,-0.94576174,0.5557663,-0.884359,-0.46708393,-0.25193796,-0.19449891
381,0.37248287,-0.99167764,0.7385806,0.8814135,0.76941204,-0.9206387,0.58606046,-0.28687325,-0.54835206,-0.59133565,-0.64526236,-0.9568829,0.7987122,0.75404423,-0.85437375,-0.06644739,-0.9070717,-0.3708955,0.111157164,-0.78352857
382,0.37286255,-0.98348325,0.68960184,0.5486051,0.17415293,-0.8705349,0.19934294,-0.42851725,-0.422421,-0.15271796,-0.6439556,-0.8364908,0.5960302,0.48893487,-0.8669743,0.4935313,-0.60583216,-0.5003692,-0.279189,0.13519223
383,0.29596105,-0.9369301,0.6666366,0.658095,0.31771293,-0.6010411,0.10384332,-0.1512396,-0.80339974,0.1916659,-0.7072974,-0.9593502,0.40319481,0.85664916,-0.9103999,0.3787275,-0.9855657,-0.31537482,-0.1656608,-0.4426305
384,0.40751612,-0.94352424,0.73604,0.7278566,0.2142025,-0.713045,0.5927268,-0.13037065,-0.76373595,-0.53549093,-0.31521484,-0.7724951,0.48632947,0.7428351,-0.91300184,0.10960453,-0.714395,-0.4844087,0.11621314,-0.6171421
385,0.3928417,-0.79105145,0.6383122,0.5686146,0.3686016,-0.8657419,0.39587864,-0.39866313,-0.44726056,0.5124226,-0.5684416,-0.3208754,0.47911307,0.38676083,-0.8099299,0.8633717,-0.105860405,-0.500901,-0.13275898,0.98209244
386,0.4764034,-0.9043988,0.6222104,0.64752346,0.3022671,-0.88886315,0.6848671,-0.38128164,-0.57422006,-0.63092655,-0.4658993,-0.37817353,0.84752744,0.1390752,-0.9330674,0.26914033,-0.3149484,-0.35568798,0.31216592,0.37251902
387,0.35036376,-0.93425435,0.77761763,0.6813972,0.33617732,-0.9464456,0.357327,-0.16716051,-0.09107267,-0.67914444,-0.5655774,-0.8827498,0.9451541,0.52701926,-0.7860376,0.3730632,-0.8321267,-0.18670899,0.047893185,0.12258302
388,0.39541727,-0.96285194,0.70930207,0.78229123,0.42900106,-0.9808005,0.89123785,-0.6124109,-0.7626251,-0.5105715,-0.58469296,-0.6636701,0.9849355,0.31820062,-0.8648403,0.5946381,-0.8955724,-0.5360961,-0.43088824,-0.052141182
389,0.39512348,-0.84494525,0.73042184,0.82677275,0.49885452,-0.9075129,0.503205,-0.29404432,-0.6746455,-0.32405344,-0.51326895,-0.47061497,0.6610899,0.6387005,-0.6972052,0.7324415,-0.7448253,-0.6395559,-0.5061106,0.29983723
390,0.25468636,-0.9479467,0.61933804,0.6334811,0.020435577,-0.85110956,-0.14522158,-0.5079324,-0.259639,-0.19841377,-0.91151655,-0.9005785,0.645831,0.8078117,-0.91618454,0.6127321,-0.7601994,0.113073535,-0.34402317,-0.044124406
391,0.47595817,-0.88580674,0.718741,0.7177477,0.35050502,-0.86680245,0.41124457,0.021275666,-0.37032482,-0.33951285,-0.5451917,-0.40507105,0.74785596,0.66636586,-0.9458208,0.46351752,-0.9823197,-0.5545231,-0.26699457,-0.17262372
392,0.47455946,-0.95611876,0.6695256,0.61799794,0.14479086,-0.93182683,0.5544891,-0.30315632,-0.6619975,-0.5639899,-0.70586133,-0.2656513,0.4115317,0.36729792,-0.93278253,0.36634982,-0.960949,-0.41808763,-0.21804361,0.8686456
393,0.34909722,-0.917186,0.8418454,0.71372956,0.4686299,-0.9197351,0.81819946,-0.36096016,-0.8248782,-0.17587297,-0.73644227,-0.96890825,0.4908778,0.44500124,-0.9109271,0.39341706,-0.923756,-0.20592971,-0.099198475,-0.35350674
394,0.37952358,-0.91584915,0.7857406,0.67093956,0.19510518,-0.8963708,0.4420191,-0.060919117,-0.7384041,-0.11087571,-0.9697407,-0.8119604,-0.06959266,0.9417155,-0.7015331,0.37879893,-0.975446,-0.515186,-0.2907611,0.7557801
395,0.4512594,-0.9252984,0.7797438,0.6765557,0.49026307,-0.96699065,0.8254401,-0.0660781,-0.4636212,-0.6149945,-0.30484122,-0.5182459,0.88675326,0.63319033,-0.74332577,0.10354477,-0.7579155,-0.7392921,-0.29220587,-0.96394676
396,0.39229757,-0.9109433,0.7478375,0.66407657,0.15195882,-0.5318539,0.6131497,0.031719454,-0.8081806,-0.19334953,-0.471489,-0.6874583,0.96155995,0.6959014,-0.7472033,0.157754,-0.73732764,-0.8899404,-0.13518374,-0.5180516
397,0.31935015,-0.941876,0.67963755,0.66776246,0.37817273,-0.9263759,0.9286194,-0.12510023,-0.75974387,-0.9025136,-0.06542961,-0.85253614,0.8664819,0.50526196,-0.64719546,-0.19685392,-0.9095146,-0.64123964,0.06486332,-0.66891617
398,0.2912835,-0.858797,0.6999034,0.6807301,0.33415467,-0.9095888,0.33899465,0.14142571,-0.6578646,-0.14316945,-0.5921941,-0.7602396,0.11210206,0.957867,-0.711313,0.2956663,-0.9301035,-0.030375613,-0.07193843,-0.34123725
399,0.34373432,-0.83917147,0.79649156,0.8577096,0.33998513,-0.8062341,0.18478803,0.27685112,-0.4085866,0.11626495,-0.90077615,-0.94661474,0.13085367,0.8388989,-0.9701575,0.5929268,-0.9633136,-0.26300895,-0.3555703,0.6313916
400,0.39181292,-0.9394246,0.68041486,0.66516274,0.5459116,-0.63201946,0.43627372,-0.11707662,-0.3708923,-0.44906944,-0.62323546,-0.67846435,0.56631315,0.9640752,-0.9580961,0.17599493,-0.8615617,-0.58307606,0.14369771,-0.25232846
401,0.39752555,-0.9011297,0.6271586,0.6849335,0.2774894,-0.7342375,0.42597142,-0.11491143,-0.77577895,-0.51505464,-0.2970946,-0.46530443,0.85560554,0.7181363,-0.6243113,0.17923848,-0.6619137,-0.80994034,-0.36412972,-0.34514445
402,0.35265788,-0.9263663,0.6124972,0.56231976,0.15651649,-0.6647617,0.26731855,-0.22461091,-0.58641267,0.346804,-0.441045,-0.63438576,0.6371307,0.48801348,-0.84181136,0.5285947,-0.5442972,-0.5914955,-0.15666531,0.4911204
403,0.37606016,-0.94197965,0.7477966,0.66685957,0.36400712,-0.9128656,0.6722256,-0.25455233,-0.6464464,-0.404804,-0.6731629,-0.39967877,0.6544583,0.6029309,-0.8372702,0.4708949,-0.9806606,-0.6535348,-0.36713317,-0.12971567
404,0.51646036,-0.9599864,0.72790676,0.59432334,0.16301835,-0.9676837,0.6251744,-0.14402865,-0.48953658,-0.09081607,-0.6392246,-0.90791434,0.6442644,0.3828175,-0.8391091,0.15933983,-0.9301506,-0.68212956,-0.47423044,-0.17097849
405,0.35747582,-0.9273414,0.70316833,0.764319,0.2047624,-0.92803556,0.26310685,-0.35037413,-0.781948,-0.05662223,-0.6120271,-0.8824849,0.6851208,0.30708426,-0.9480617,0.6647057,-0.9054126,-0.1764832,-0.1686806,0.11490508
406,0.43769202,-0.96259177,0.7550415,0.7375691,0.21362391,-0.48638394,0.9939069,-0.09239516,-0.9148805,0.14159872,-0.65746516,-0.8311966,0.48113513,0.93503934,-0.95292765,0.46875173,-0.8251378,-0.72368145,-0.28346813,-0.80608517
407,0.3231949,-0.91528195,0.74352014,0.6754374,0.26641527,-0.958053,0.22931477,0.00022004334,-0.23844609,-0.17047732,-0.52841145,-0.5134146,0.6981762,0.69692135,-0.96121347,0.6063206,-0.9566773,-0.29801145,-0.30568576,0.073743
408,0.40089583,-0.9527197,0.6474585,0.58869773,0.32941902,-0.94494915,0.4334231,-0.26473263,-0.53917027,-0.71105635,-0.8154679,-0.98174417,0.8454043,0.6568992,-0.935802,0.28507894,-0.5081804,-0.3820216,0.3470532,-0.39476943
409,0.38569164,-0.86760986,0.670933,0.7164047,0.5062995,-0.62559897,0.5422117,-0.101413734,-0.81030834,-0.20372288,-0.39658645,-0.92206746,0.79024404,0.8854567,-0.83282,0.12406432,-0.574079,-0.91894495,0.30021694,-0.52388406
410,0.3641334,-0.91730404,0.75283116,0.7035964,0.4749985,-0.8670322,0.5496438,-0.44489372,-0.78544486,-0.44771844,-0.73532474,-0.9050798,0.36635736,0.64618593,-0.9219569,0.7952561,-0.626649,-0.49502045,-0.14484851,0.14619413
411,0.30978164,-0.9211463,0.5698682,0.5058381,-0.050759535,-0.6501629,0.26702023,-0.38514838,-0.72385293,0.25121078,-0.73232526,-0.9698929,0.64574933,0.61658865,-0.6949467,0.4751774,-0.9953781,-0.5796753,-0.7120032,-0.3047983
412,0.38859618,-0.85557467,0.7594253,0.6711801,0.38719267,-0.5108807,0.65463924,-0.044570178,-0.80785066,-0.8527701,-0.7627858,-0.8887761,0.79116666,0.9566276,-0.9541681,-0.18222164,-0.8782678,-0.7201013,-0.044752043,-0.83304673
413,0.4247177,-0.95763415,0.73715246,0.85738236,0.5468949,-0.83225995,0.93415654,-0.76902616,-0.9949531,-0.77525765,-0.7467455,-0.8301967,0.5133022,0.46688935,-0.82859087,0.6525456,-0.7050972,-0.705705,-0.21631123,0.35999873
414,0.48143673,-0.9566022,0.5847116,0.71693784,0.43674374,-0.8501889,0.6400427,-0.052430194,-0.66618353,-0.20396642,-0.65399027,-0.81969357,0.4792742,0.60924554,-0.85640883,-0.041062996,-0.7031878,-0.31390566,0.11646747,-0.13785343
415,0.41809028,-0.96485287,0.7893262,0.8034088,0.4060685,-0.8901415,0.44764534,-0.18967696,-0.6099942,-0.54287404,-0.86114717,-0.7705976,0.62054133,0.96455246,-0.90051705,0.06166777,-0.8323785,-0.72703016,0.23736514,-0.28959137
416,0.4475464,-0.8732189,0.62457997,0.66528016,0.4402022,-0.9308993,0.5146238,0.023233267,-0.43688032,-0.35718915,-0.16867338,-0.7500608,0.92730224,0.6704137,-0.5123011,0.2163549,-0.7950776,-0.73361707,-0.090259396,0.28425497
417,0.4837951,-0.85347974,0.75610876,0.6821156,0.2754271,-0.83448684,0.9452755,-0.23468298,-0.6428475,0.30670998,-0.04916145,-0.6149157,0.93612015,0.24045329,-0.51482254,0.8099487,-0.7851741,-0.4982368,-0.47596702,-0.032810885
418,0.39562783,-0.9260392,0.64838123,0.66141003,0.46353915,-0.79262084,0.7506963,-0.13783403,-0.85384333,0.0368424,-0.7697393,-0.62833655,0.50307643,0.49227694,-0.98551947,0.37410158,-0.6260037,-0.6286631,0.26785156,0.54241735
419,0.43021372,-0.9908372,0.6461009,0.7891552,0.4163408,-0.9615253,0.6540275,-0.18177693,-0.6603209,-0.5712315,-0.44330528,-0.64819133,0.8614969,0.5185285,-0.60450023,0.5853237,-0.83386326,-0.84625155,-0.4318217,-0.06927717
420,0.44807,-0.96013176,0.6536875,0.73241013,0.55904615,-0.903016,0.79952466,-0.17018469,-0.80618155,-0.7414456,-0.6122903,-0.93251747,0.71172446,0.72214127,-0.80656403,-0.00340857,-0.88808197,-0.66455793,0.021852905,-0.34253162
421,0.35397002,-0.9571112,0.5937652,0.7261283,0.3411542,-0.8858525,0.6775137,0.11637664,-0.95568407,0.4167019,-0.047216635,-0.9473419,0.4928636,0.8687897,-0.64650583,0.30697134,-0.6831086,-0.99252945,-0.6309421,-0.339416
422,0.41744566,-0.98233354,0.76168025,0.7308009,0.28059876,-0.6917641,0.3234983,-0.2561444,-0.8893734,0.1542937,-0.81606615,-0.97364885,0.500532,0.63067615,-0.92898417,0.34013227,-0.8905982,-0.3929886,-0.07872211,-0.07817298
423,0.4303447,-0.92474747,0.6943061,0.73753387,0.322695,-0.75228727,0.774873,0.10353283,-0.980958,-0.30418092,-0.61477804,-0.98178244,0.9249604,0.900467,-0.6975941,-0.3339454,-0.79813117,-0.9879774,-0.01047207,-0.40911123
424,0.3509049,-0.86742926,0.78193426,0.56080544,0.10832997,-0.73142624,0.10841169,0.21391295,-0.3104785,-0.052563585,-0.4345316,-0.98502195,0.33844885,0.76667637,-0.9669353,0.610506,-0.8190771,-0.18001346,-0.32392082,-0.16681795
425,0.3552313,-0.89330983,0.6722294,0.725491,0.5612964,-0.6448592,0.6515829,0.3552868,-0.5935138,-0.61779535,-0.3950495,-0.6769962,0.40156552,0.9344761,-0.8756913,-0.12977596,-0.83128256,-0.9334607,0.41486013,-0.40540093
426,0.4262177,-0.92634314,0.72994304,0.88850427,0.31378758,-0.6486082,0.8294064,-0.20908575,-0.8497758,-0.26143664,-0.7467781,-0.92173684,0.60612726,0.5970889,-0.97464234,0.4896416,-0.9218202,-0.34141415,-0.22318256,-0.753343
427,0.29389244,-0.8807176,0.6975059,0.6539974,0.15003732,-0.946025,0.65391314,-0.3063188,-0.779946,-0.74339545,-0.21017589,-0.7658213,0.82457685,0.6113715,-0.6635359,-0.33601642,-0.38295257,-0.91362435,0.002946974,-0.0044912933
428,0.40078136,-0.9228964,0.7634499,0.75633395,0.27835605,-0.8557687,0.36513266,-0.2538577,-0.53725743,-0.37960938,-0.55674547,-0.8592128,0.63782406,0.67742306,-0.9740779,0.3173141,-0.6765066,-0.45770928,-0.44257894,-0.4481349
429,0.42363665,-0.8508877,0.71651185,0.600171,0.058427796,-0.6566411,0.809678,-0.54525065,-0.80891716,-0.2074752,-0.6291869,-0.58502746,0.8024916,0.3620009,-0.9159738,0.4130187,-0.63034105,-0.5607465,-0.22555411,-0.24076095
430,0.3527992,-0.9595703,0.65916693,0.72177786,0.43694076,-0.8062476,0.74306124,-0.112379804,-0.8685419,-0.07884379,-0.5329561,-0.9597207,0.8425859,0.55829793,-0.9791968,-0.12001686,-0.1219215,-0.73185694,0.08881901,-0.5017745
431,0.3744496,-0.8586246,0.6617696,0.77650404,0.47333458,-0.8314547,0.45831293,0.5021868,-0.3868318,-0.12925531,-0.48672312,-0.7634605,0.38489592,0.8291657,-0.8363656,0.47858605,-0.962717,-0.26184452,-0.41658026,-0.13970366
432,0.33425888,-0.94847894,0.8203962,0.7286299,0.37720576,-0.72434384,0.30350813,-0.41355854,-0.7353036,0.022246711,-0.677312,-0.7513031,0.7407211,0.7454099,-0.8984226,0.22465305,-0.6013335,-0.37524045,0.19633728,0.31615704
433,0.45064306,-0.89543927,0.72925013,0.66304326,0.25221848,-0.90018195,0.46878943,-0.4356368,-0.74215806,0.032874636,-0.40979168,-0.7331925,0.51036555,0.39341688,-0.7997566,0.8140854,-0.5602925,-0.56960815,-0.4543034,0.58182067
434,0.37095556,-0.85740304,0.6027355,0.62189347,0.31651494,-0.7407447,0.5338258,0.28141722,-0.63232344,-0.27519324,-0.18046424,-0.45171505,0.38057208,0.8145677,-0.9034855,0.5389283,-0.94878477,-0.904863,-0.16345853,-0.04820189
435,0.3607694,-0.95700026,0.6951862,0.6999758,0.27557048,-0.9548974,0.7361792,-0.29268956,-0.7531535,0.02711526,-0.5231903,-0.90143424,0.71259946,0.4746083,-0.85752994,0.21435127,-0.71098894,-0.37497544,-0.035386447,-0.34051028
436,0.31516173,-0.9148821,0.7116416,0.7960754,0.36175627,-0.75304276,0.5638726,-0.074828364,-0.53127295,0.100776896,-0.9254149,-0.49607274,0.49057093,0.6420481,-0.8708606,0.77312773,-0.98505795,-0.18012804,-0.3907776,0.26023936
437,0.4127934,-0.9712473,0.7078114,0.7673235,0.24380088,-0.8000157,0.07205945,-0.12551838,-0.90521914,0.29725304,-0.24869657,-0.71268696,0.6264301,0.8606463,-0.44448727,0.6188197,-0.9887058,-0.62809813,-0.54064715,-0.3826235
438,0.33640957,-0.9808004,0.6119863,0.62384695,0.18461329,-0.38217032,0.57348573,0.33339342,-0.9313917,0.17465042,0.017014533,-0.49555543,0.5076374,0.71675724,-0.7896284,0.43448842,-0.73548293,-0.8276543,-0.18641596,-0.20896742
439,0.363841,-0.8866374,0.7464461,0.74482745,0.47867188,-0.91234773,0.091624916,-0.15194653,0.19115067,-0.43835726,-0.80080795,-0.99336815,0.65892875,0.74197763,-0.82534987,0.3229965,-0.670886,-0.5434732,0.1851228,0.13671167
440,0.32479393,-0.9387672,0.64538074,0.83588773,0.67152625,-0.9328179,0.78108555,-0.7020984,-0.76729524,-0.20881203,-0.9043537,-0.98498565,0.9887116,0.10364346,-0.883312,0.62285537,-0.42931056,0.26575842,0.19013695,-0.030606445
441,0.24685748,-0.87736934,0.76959276,0.6954506,0.21697147,-0.88557196,0.23689929,-0.33643806,-0.027745849,-0.7554547,-0.69820994,-0.9442779,0.69292176,0.66045815,-0.90392965,-0.09371384,-0.37180844,-0.5580026,0.26083457,0.08289465
442,0.4102094,-0.9774102,0.63588595,0.6892334,0.31533068,-0.9848934,0.6030837,-0.2802095,-0.75747156,-0.38086993,-0.6370689,-0.8895106,0.68955314,0.4817635,-0.68097013,-0.10792354,-0.2912157,-0.69930625,0.004027369,-0.05657227
443,0.3739716,-0.9676129,0.6231693,0.6037715,-0.004341662,-0.6339176,-0.091423914,-0.015447778,-0.6392525,0.008582525,-0.253431,-0.93798316,0.44766605,0.9170244,-0.93164647,0.64019465,-0.8697256,-0.35739997,-0.69107497,-0.4006051
444,0.38832065,-0.97670114,0.659698,0.6870655,0.33166492,-0.7892899,0.60033035,-0.2957593,-0.8143591,0.19492047,-0.657493,-0.9004136,0.6304482,0.6356832,-0.7862315,0.89333665,-0.8234895,-0.47075802,-0.8129408,-0.07806926
445,0.5576804,-0.90939575,0.77489007,0.78584945,0.44543198,-0.3492675,0.82643116,-0.547597,-0.91627187,-0.13744292,-0.72984654,-0.6244107,0.6133518,0.64150953,-0.9521603,0.7469803,-0.8959585,-0.8289782,0.14124894,0.24189271
446,0.3324482,-0.9806239,0.7982289,0.8847862,0.44735324,-0.70635813,0.5658576,-0.055100307,-0.78625256,0.40027753,-0.8376841,-0.97493273,0.7975193,0.5293376,-0.99337554,0.8640152,-0.8380513,-0.65952814,-0.48819444,-0.008116993
447,0.41930088,-0.9776516,0.8338712,0.7238309,0.28043327,-0.7654072,0.49967644,-0.24109139,-0.4350763,-0.066274546,-0.5466414,-0.9924596,0.71085113,0.81704146,-0.8980547,0.7994435,-0.6789818,-0.6837278,-0.8643283,-0.658717
448,0.42461258,-0.9871667,0.77020496,0.79872036,0.55052704,-0.8988262,0.7163008,-0.008854316,-0.8502025,-0.40643686,-0.5106411,-0.68937546,0.013863205,0.7156751,-0.8151134,0.2132948,-0.54921556,-0.57437474,0.15241659,0.24245559
449,0.45812398,-0.89442676,0.6839792,0.72844106,0.49478534,-0.95873564,0.5801894,-0.71299744,-0.7692168,-0.25253323,-0.5135148,-0.99133337,0.88872176,0.21602201,-0.95324534,0.93819535,-0.6372159,-0.4078051,-0.5275352,0.1773142
450,0.46834448,-0.929529,0.70304894,0.6923198,0.26658794,-0.9227425,0.36900535,-0.41974574,-0.35399285,-0.3427513,-0.6477921,-0.8290926,0.98179024,0.36355153,-0.9620337,0.2744831,-0.69753927,-0.36875606,0.3807562,0.102654174
451,0.30359802,-0.89229697,0.7464267,0.70834315,0.4212925,-0.83658355,0.94148594,-0.48897326,-0.9816179,0.044612393,-0.9526234,-0.88687193,0.7570926,0.5478511,-0.97622544,0.4140298,-0.2879923,-0.5517728,-0.42078316,-0.45129728
452,0.30492997,-0.8596391,0.6739903,0.65723765,0.043725703,-0.83956826,0.21352842,-0.24330921,-0.93185717,0.33880657,-0.6429931,-0.972209,0.64104885,0.5401928,-0.7769976,0.708208,-0.8812373,-0.30904597,-0.6609525,-0.25776386
453,0.3831968,-0.8466009,0.7404595,0.7284615,0.5504775,-0.97617817,0.7665723,-0.4026227,-0.9049905,-0.9614725,-0.33168206,-0.4285944,0.58390635,0.93552613,-0.64793855,-0.036091607,-0.7174914,-0.92395085,-0.13635515,-0.63442427
454,0.3605346,-0.8979749,0.7754647,0.7463149,0.195716,-0.8479413,-0.085137315,-0.111462556,-0.1552115,-0.5720107,-0.66389894,-0.72757316,0.7714799,0.8897837,-0.86838436,0.10684939,-0.75787526,-0.40864298,-0.3065292,-0.053925812
455,0.35866338,-0.9632183,0.742041,0.6339859,0.29485306,-0.7840098,0.500131,-0.14047155,-0.059348006,-0.53227264,-0.5058785,-0.8447997,0.4057601,0.6790195,-0.7999121,0.22080943,-0.55851203,-0.44575492,0.026194511,-0.115380645
456,0.30546284,-0.89355195,0.78154755,0.71293545,0.29124168,-0.7644423,0.13534515,-0.13890286,-0.5480542,0.5291324,-0.7706738,-0.9879914,0.53648,0.7635644,-0.96365684,0.8712288,-0.9381582,-0.40101328,-0.7227773,-0.12757975
457,0.4790781,-0.8860168,0.7635125,0.9247825,0.32820114,-0.9299367,0.82140964,0.021476422,-0.6696285,-0.39366013,-0.5698045,-0.599307,0.38732257,0.59316546,-0.95588607,0.44099882,-0.948096,-0.71987724,-0.27691153,-0.106629394
458,0.42662907,-0.9786847,0.6691436,0.82621413,0.50864923,-0.7417225,0.39723173,-0.01839292,-0.9442296,-0.08246804,-0.6777948,-0.76611334,0.8327827,0.5094115,-0.95743155,0.298782,-0.8283668,-0.28178698,-0.041634876,-0.15343817
459,0.4441324,-0.9552275,0.55713636,0.6905477,0.35507467,-0.9584216,0.4146256,-0.8265222,-0.65923584,-0.55448115,-0.5191129,-0.77847296,0.6402542,0.7518057,-0.59645474,0.39201656,-0.294435,-0.6236704,-0.2672121,0.26984662
460,0.30384052,-0.988683,0.6961714,0.7000447,0.41828662,-0.8954845,0.404283,0.24615604,0.26955625,-0.12529905,-0.92380905,-0.9474704,-0.062196013,0.788282,-0.86261344,0.28476658,-0.2803068,-0.30926058,0.13901432,0.45429182
461,0.3787893,-0.91903317,0.7689099,0.7476416,0.277601,-0.7262549,0.37322655,-0.424826,-0.73123884,0.3884455,-0.9597373,-0.49510637,0.94458085,0.31925118,-0.9934585,0.983464,-0.7808841,-0.1720399,-0.44302592,0.72468096
462,0.3859788,-0.9952364,0.72764784,0.6950899,0.38343272,-0.8887775,0.6570126,-0.42899475,-0.79512227,-0.4532825,-0.7664584,-0.85263395,0.7321071,0.6790842,-0.84683776,0.23238839,-0.6356924,-0.9921088,-0.23707113,-0.2680596
463,0.43774545,-0.98747826,0.6821194,0.71161187,0.46422938,-0.7827608,0.25326395,-0.90182453,-0.9233447,-0.044037342,-0.6501436,-0.90843827,0.63189465,0.7381328,-0.7599813,0.06669974,-0.63747776,-0.8727797,-0.018487778,0.51402324
464,0.3817519,-0.8993195,0.6771835,0.6318981,0.35974398,-0.9129329,0.57789636,-0.8602606,-0.1666432,0.11667046,-0.9286924,-0.6326781,0.87521803,0.25192714,-0.9795853,0.80517185,-0.27506453,-0.10376165,-0.09789333,0.568067
465,0.33449867,-0.9519447,0.62843204,0.7712677,0.49196342,-0.94535536,0.25671193,-0.5098515,-0.8436703,-0.831455,-0.61212146,-0.73484087,0.31463122,0.89307886,-0.8518091,-0.87561977,-0.611266,-0.64714676,0.3753634,-0.53897506
466,0.35357943,-0.9564866,0.62128437,0.6961012,0.29115123,-0.69902027,0.35906497,-0.58235943,-0.71015936,-0.107749216,-0.48981065,-0.9175756,0.79773635,0.6556671,-0.8108847,0.25508276,-0.8681185,-0.3393591,-0.07411409,-0.28568596
467,0.35776997,-0.9042487,0.7224057,0.68374014,0.28501728,-0.5506572,0.7952872,0.154057,-0.89140016,0.96451217,-0.8514506,-0.40377703,0.39663342,0.59915644,-0.9695304,0.7636305,-0.8986665,-0.12496853,-0.33708045,0.51902586
468,0.4491307,-0.93066555,0.6707311,0.7898172,0.378019,-0.79584527,0.5403594,-0.18832038,-0.9428596,0.12214159,-0.7709611,-0.59763765,0.43562645,0.5576904,-0.94125783,0.9566409,-0.8812607,-0.7035787,-0.76009816,0.02146066
469,0.47389656,-0.84909517,0.7002348,0.72290725,0.19501048,-0.9671712,0.3028751,-0.25541064,-0.4216936,0.44192317,-0.83790946,-0.76725996,0.7719262,0.486882,-0.9786014,0.9924393,-0.86510074,0.14208627,-0.3490188,0.31250277
470,0.37971085,-0.8684855,0.62113965,0.6100932,0.1103158,-0.88535434,0.42932498,-0.5437689,-0.44850883,-0.1011101,-0.8285284,-0.97709894,0.6475931,0.41865006,-0.9326029,-0.09238597,-0.040785067,-0.30699515,0.48900366,7.679347e-05
471,0.33965516,-0.9165447,0.6337908,0.6645181,0.09566205,-0.43809414,0.16214651,0.057677165,-0.54302865,0.6839321,-0.548771,-0.5981953,0.3862592,0.65433216,-0.98021764,0.9747373,-0.71600235,-0.36113927,-0.5551038,0.31810957
472,0.27959055,-0.87935686,0.7194113,0.7601931,0.4641474,-0.8898002,0.845814,0.14237942,-0.49890184,-0.7972222,-0.7665576,-0.9866112,0.7139355,0.78227574,-0.9643676,-0.33330747,-0.8610172,-0.77649266,0.07381507,-0.6923048
473,0.47458524,-0.9330612,0.833773,0.7765383,0.30519637,-0.8806569,0.6090038,-0.05668964,-0.5989717,-0.24823138,-0.95636487,-0.90515125,0.7538976,0.4746464,-0.8554975,0.13862577,-0.99281436,-0.3758556,-0.30396405,-0.16326815
474,0.48403558,-0.9382106,0.70205355,0.7582137,0.42039114,-0.93699086,0.81376785,-0.051027108,-0.48774755,-0.99378324,-0.60748875,-0.5461568,0.73476624,0.538749,-0.9920902,-0.04710781,-0.8078414,-0.44335294,0.42945698,-0.07942306
475,0.43580404,-0.8110988,0.84515494,0.7949654,0.21069439,-0.7204917,0.78837913,0.31366292,-0.93936795,-0.19095787,-0.2775217,-0.9404022,0.58981776,0.91666734,-0.3905368,-0.21912648,-0.89472663,-0.82698804,-0.094790086,-0.09959304
476,0.31354618,-0.97216886,0.82043386,0.8205231,0.634278,-0.8820058,0.06344479,-0.63364863,-0.26226822,-0.2545463,-0.65290517,-0.66949785,0.9355673,0.60938597,-0.9278946,0.988877,-0.6558555,-0.260706,0.12786539,0.08896325
477,0.46905926,-0.9712941,0.73898005,0.6024719,0.20175394,-0.6291232,0.45339748,0.08597864,-0.7102001,0.64452755,-0.63715214,-0.9916419,0.4365447,0.60350525,-0.89166766,0.9703665,-0.8765362,-0.5361631,-0.95842475,-0.4528709
478,0.35331413,-0.9881486,0.7333656,0.70209396,0.3818754,-0.87516433,0.7312369,-0.5382955,-0.67407423,0.0030232973,-0.8649843,-0.87978196,0.8225163,0.4596391,-0.9123462,0.5930382,-0.69613516,-0.5865946,-0.45006403,-0.36855784
479,0.4035106,-0.9252955,0.7117596,0.72760546,0.26567906,-0.89527714,0.7882773,-0.7710433,-0.9078636,0.13214405,-0.5336493,-0.92379045,0.7057202,0.22433944,-0.6167863,0.52892584,-0.4963736,-0.44102463,-0.17363656,0.25264943
480,0.35891524,-0.99503,0.70674175,0.6769141,0.36760193,-0.932153,0.69651014,0.13862002,-0.740945,-0.7231534,-0.67737085,-0.8781601,0.046793062,0.67290163,-0.8121053,-0.5216096,-0.7708802,-0.44226494,0.25104663,-0.28886178
481,0.30278808,-0.92365533,0.7104723,0.5948759,0.12970142,-0.9648496,0.5695077,0.27810037,-0.73650026,-0.31278417,-0.5577472,-0.9222203,0.8418472,0.5591829,-0.79644597,0.37352365,-0.76573783,-0.4707021,-0.26151812,0.036110047
482,0.2758002,-0.9861609,0.6761212,0.66633093,0.27505022,-0.7177639,0.5235718,-0.37471867,-0.54024166,-0.19289084,-0.94238293,-0.75498205,0.84644943,0.5643757,-0.9870017,0.41922498,-0.35188007,-0.3807996,-0.14181532,-0.16003178
483,0.3426357,-0.870568,0.8881626,0.7109497,0.28486896,-0.92227054,0.26613453,-0.7436463,-0.43817288,-0.6016357,-0.65497726,-0.7282598,0.9583016,0.26697484,-0.98161215,0.8537955,-0.8959145,-0.21097331,-0.22859158,-0.54072964
484,0.32862285,-0.96699286,0.82485336,0.7393992,0.37582085,-0.9782227,0.7800666,-0.5617818,-0.87515384,-0.87730235,-0.9325528,-0.73009586,0.6265358,0.5098938,-0.8847705,-0.36074266,-0.37229246,-0.43976983,0.38782272,0.21199353
485,0.37671474,-0.8493288,0.72900456,0.70177805,0.28008768,-0.919741,0.4688621,-0.13376273,-0.9289457,-0.27322415,-0.512743,-0.86410415,0.8229457,0.58846354,-0.62098664,0.055155434,-0.69452477,-0.51835936,-0.06432021,0.16241261
486,0.40108004,-0.978121,0.75753886,0.8875423,0.84134287,-0.91450167,0.8855185,0.039841115,-0.8708263,-0.5795123,-0.746033,-0.58642095,0.59521896,0.8290062,-0.8849039,0.093806505,-0.83590055,-0.94046205,0.18882044,-0.6387397
487,0.33788925,-0.9357207,0.8029104,0.5655173,0.108937964,-0.95496005,0.77129805,-0.0114160245,-0.769422,-0.13234173,-0.5517396,-0.12697695,0.35645294,0.5307157,-0.9207163,0.13403971,-0.3343085,-0.927098,0.0041258503,0.608361
488,0.3830524,-0.959518,0.70030284,0.79190534,0.41106433,-0.9094578,0.39017382,0.15074418,-0.45672205,0.30053252,-0.77331626,-0.73574483,0.7883801,0.6674652,-0.8370897,0.7382479,-0.97763354,-0.105680116,-0.55020577,0.009237497
489,0.38325867,-0.99639535,0.8085791,0.6405996,0.25142065,-0.89378947,0.25468364,0.2791516,-0.11455487,-0.35494104,-0.640473,-0.85362935,0.6388626,0.74916273,-0.9066722,0.18358098,-0.79179,-0.508862,-0.1458523,-0.020344444
490,0.3569603,-0.9496142,0.63588667,0.65718126,0.33962932,-0.73171985,0.29094204,-0.59996355,-0.7611994,0.21852498,-0.71149224,-0.8772726,0.7005629,0.6672968,-0.9015139,0.44909176,-0.7131998,-0.54411155,-0.2618021,0.1216841
491,0.3115809,-0.9835807,0.58146006,0.6214615,0.14555846,-0.7731549,0.019928588,-0.6295167,-0.6584419,-0.50350523,-0.81708306,-0.040305175,0.6019672,0.5300333,-0.9168014,0.34505948,-0.6157386,-0.34537274,-0.00090933533,0.19500057
492,0.49299905,-0.95799905,0.70025164,0.73797935,0.28593662,-0.8551658,0.54067945,0.5087735,-0.21707802,0.38405383,-0.5209666,-0.9666835,0.43395913,0.79396176,-0.8138128,0.9047198,-0.758115,-0.8190997,-0.60121834,0.10902773
493,0.44775957,-0.91900146,0.8499698,0.829635,0.6428557,-0.85693514,0.9547827,0.08595165,-0.5638072,-0.53540957,-0.48880887,-0.82207733,0.75279343,0.6507927,-0.922659,-0.004587166,-0.9006705,-0.58937037,-0.31383994,-0.56198686
494,0.45291263,-0.9087681,0.6889706,0.6854294,0.29024905,-0.68060803,0.6181827,0.08308209,-0.25569022,0.54489815,-0.8524845,-0.90332794,0.2755255,0.9313578,-0.9886035,0.65522766,-0.426927,-0.32672402,-0.62813246,-0.2790836
495,0.24073584,-0.93301284,0.6932892,0.8062314,0.20568152,-0.88325137,0.5127453,-0.066798516,-0.8180692,-0.49725538,-0.38241184,-0.62475926,0.3197989,0.76702666,-0.6194483,0.6155612,-0.90980977,-0.44453362,-0.31234205,-0.26997542
496,0.31834656,-0.91121536,0.73417574,0.77264786,0.36046734,-0.8044548,0.22512022,-0.4574996,-0.9320895,-0.40295067,-0.328179,-0.74513006,0.6669121,0.57479596,-0.76012254,0.015614907,-0.9616186,-0.21432601,0.19437961,-0.52454543
497,0.5059233,-0.94942075,0.62551075,0.76608205,0.75793767,-0.9649544,0.98198515,-0.275578,-0.6883864,-0.88757944,-0.8693629,-0.7919914,0.97229457,0.4926426,-0.7595992,-0.06540111,-0.9128492,-0.6624283,-0.11699071,-0.34073237
498,0.33248088,-0.9843287,0.6550874,0.6635106,0.39841324,-0.8463843,0.6073905,-0.14366621,-0.35489398,-0.6377308,-0.69533896,-0.803766,0.46029678,0.7195126,-0.91852456,0.26409882,-0.86690503,-0.23821694,0.040325265,-0.2387933
499,0.4233444,-0.89836514,0.85072255,0.73741555,0.7135289,-0.6715531,0.994647,-0.64541847,-0.88296,-0.24250947,-0.92003286,-0.4630221,0.78657943,0.44467282,-0.98912865,0.040783726,-0.3978738,-0.83397704,-0.109337345,-0.054783117
500,0.42035756,-0.8717809,0.8404636,0.7075755,0.5643696,-0.82003766,0.54477936,-0.059438486,-0.73887306,0.18724105,-0.7801694,-0.41582415,0.9008647,0.5435041,-0.8785863,0.6564047,-0.8782123,-0.54920673,-0.21084847,0.5922086
501,0.33105475,-0.9807764,0.67941314,0.7417709,0.5602148,-0.9455311,0.48465282,-0.6286668,-0.8234016,-0.10828629,-0.64201474,-0.79248863,0.7814164,0.4761348,-0.9402581,0.4785476,-0.6394988,-0.2863026,-0.15685682,-0.23048984
502,0.39250952,-0.95187896,0.6469902,0.61162037,0.23212476,-0.8772639,0.51449054,-0.19780089,-0.7678057,-0.19883133,-0.35008714,-0.9517151,0.49696445,0.9294179,-0.8379342,0.009031744,-0.59307617,-0.6178855,-0.028200071,-0.39886257
503,0.3574745,-0.96505123,0.7658288,0.5809436,0.2252685,-0.61948824,0.14908452,-0.3779473,-0.8777023,0.20642973,-0.594943,-0.8447715,0.46878543,0.7545911,-0.97410464,0.83419055,-0.9231628,-0.12817337,-0.69328815,-0.55663985
504,0.39701918,-0.9244965,0.8373799,0.6415373,0.2513563,-0.97788674,0.23589268,-0.82411224,-0.73195964,-0.41892776,-0.6627442,-0.8520914,0.94701415,0.31983018,-0.97721845,0.7073575,-0.6501818,-0.5175217,-0.29718146,0.25190124
505,0.20123523,-0.915089,0.6818091,0.5735055,0.008074187,-0.89133406,0.15071987,0.19386801,-0.34470645,-0.2314251,-0.8134056,-0.52398026,-0.14356555,0.84418684,-0.98618436,0.0076395934,-0.80727345,-0.34823382,0.11577762,-0.20197013
506,0.3996286,-0.9042978,0.75395775,0.6593868,0.18921413,-0.6802456,0.015797528,-0.14142787,-0.93336546,-0.28652722,-0.6422846,-0.67981595,0.4904072,0.83235395,-0.9634056,0.96502763,-0.6909923,-0.9192661,-0.2709228,0.00042140647
507,0.4655289,-0.9724169,0.6236487,0.6475572,0.36832836,-0.69077474,0.34733537,-0.039231256,-0.3135449,0.25315806,-0.7140468,-0.50072384,0.5026449,0.580084,-0.9769401,0.8726953,-0.81486154,-0.18880871,-0.50799155,0.104106806
508,0.36043057,-0.9514231,0.52688414,0.7343963,0.3899021,-0.47012755,0.78250796,-0.17352325,-0.90999895,-0.15564187,-0.892701,-0.9297938,0.5226594,0.5048472,-0.9408854,0.5560607,-0.65913606,-0.6026282,0.14810982,0.04319045
509,0.37993243,-0.92564106,0.6275383,0.6931332,0.37643754,-0.8364666,0.33949438,-0.43021825,-0.73399496,0.09544117,-0.47189325,-0.96217024,0.69289404,0.7117833,-0.63855433,0.4684507,-0.8448607,-0.44551554,-0.49870238,-0.5268728
510,0.44736528,-0.9947174,0.75637335,0.70893604,0.13112208,-0.96699303,0.6193489,0.4640604,-0.9035755,-0.66117036,-0.8519027,-0.6032841,0.3171702,0.65704805,-0.9546504,0.019319372,-0.96182156,-0.34330428,-0.07354525,0.26794302
511,0.38727155,-0.92008954,0.76168746,0.7871106,0.4715879,-0.807657,0.7386297,-0.1794799,-0.85572124,-0.22308508,-0.39694485,-0.99205184,0.34876287,0.7347148,-0.37992027,0.5087001,-0.7089216,-0.6591355,-0.093417205,0.71274406
512,0.36360052,-0.9077055,0.76443124,0.8335117,0.65029323,-0.5410923,0.61384726,-0.27311108,-0.6249513,0.3595809,-0.6378895,-0.859816,0.6873027,0.3929109,-0.76645565,0.7625889,-0.9921164,-0.3293616,-0.020512637,0.8681413
513,0.39370373,-0.977409,0.72386634,0.75895435,0.31511497,-0.88901144,0.5974958,-0.5843961,-0.91710645,-0.2595565,-0.7116656,-0.5249999,0.3412562,0.32708997,-0.8965415,0.700844,-0.70084864,-0.16128404,0.10897646,0.87656766
514,0.41732526,-0.96244335,0.644376,0.67780375,0.5419596,-0.70419085,0.55608755,-0.54708725,-0.68893987,-0.11749236,-0.67576015,-0.900046,0.94933337,0.5559261,-0.83892596,0.45505366,-0.7203925,-0.44491667,-0.14907019,-0.5635089
515,0.26562282,-0.924024,0.6928451,0.5699467,0.13008593,-0.97602665,0.06694366,-0.07763549,-0.09654397,-0.7374834,-0.17416279,-0.85063183,0.8421768,0.8483192,-0.58291364,0.2581843,-0.9651188,-0.4283385,-0.17582816,-0.23909052
516,0.43322822,-0.9858046,0.72229373,0.76559085,0.3373966,-0.663267,0.5916529,-0.7363047,-0.84211427,-0.2728418,-0.6072109,-0.7902242,0.7585416,0.63696504,-0.95534587,0.98360384,-0.8192262,-0.6551131,-0.45606872,-0.61922145
517,0.2958968,-0.8849,0.6307058,0.7480445,0.3560146,-0.97948855,0.3621799,-0.32387275,-0.34096202,-0.7521766,-0.89995927,-0.79612505,0.4501093,0.55562145,-0.8810235,-0.1682899,-0.8669181,-0.23594467,0.3177475,0.36308265
518,0.37527627,-0.9549325,0.7469176,0.6995256,0.27277586,-0.9712059,-0.104183905,-0.8889718,-0.33915567,-0.40131024,-0.97176284,-0.8319254,0.67961216,0.5211053,-0.9735697,0.5269435,-0.92635196,-0.06639332,0.0057006087,0.16453245
519,0.4264842,-0.89042324,0.66076237,0.71999663,0.30730325,-0.91400266,0.73452765,0.63148475,0.38462844,-0.06410985,-0.45114338,-0.45318225,0.49659666,0.8831342,-0.81946695,0.90215015,-0.88682723,-0.45624667,-0.22893922,0.22484984
520,0.48284042,-0.96365684,0.69892424,0.7364755,0.5533135,-0.67541385,0.8688731,0.24241555,-0.3376453,0.44281483,-0.80215967,-0.6304716,0.3306418,0.83163995,-0.9318579,0.44601998,-0.71370953,-0.7026889,0.041925624,0.3106617
521,0.34636867,-0.92761433,0.5749011,0.7743098,0.44788513,-0.94348747,0.76994497,0.116642326,-0.30084845,-0.98778564,-0.32021376,-0.36193973,0.41434875,0.8940409,-0.8446905,0.16435848,-0.7871108,-0.7821214,0.20400842,0.33726215
522,0.25426963,-0.92403215,0.67967737,0.7271353,0.33684295,-0.8474657,0.5364372,-0.28182536,-0.6566646,-0.21043308,-0.803925,-0.7461596,0.29042935,0.58238125,-0.9719672,0.61714417,-0.50431424,-0.29490328,-0.37976128,0.09306919
523,0.37130743,-0.96330863,0.7485183,0.5383232,0.21323328,-0.810299,0.8754787,-0.23204759,-0.59385425,0.007836591,-0.72167534,-0.77879024,0.7530388,0.41647652,-0.9016258,0.8448091,-0.7955073,-0.71291655,-0.50448,0.19183773
524,0.43938643,-0.9286071,0.72064525,0.71706223,0.38803908,-0.95407546,0.9806231,-0.4400609,-0.6620367,-0.26742887,-0.85960096,-0.3157551,0.50285643,0.39238137,-0.9351332,0.78753024,-0.9358623,-0.63937736,-0.4807855,0.14296854
525,0.36529803,-0.89810425,0.7445093,0.6294774,0.29700816,-0.87320524,0.78960973,0.47951344,-0.50309175,-0.4237834,-0.2906545,-0.7409732,0.94582057,0.73185754,-0.7407131,-0.001327427,-0.9102678,-0.78084624,-0.54721355,-0.95046544
526,0.39956802,-0.9818563,0.66972995,0.6430491,0.33392495,-0.8854787,0.8487758,-0.055327527,-0.689684,-0.299355,-0.31419244,-0.4441612,0.64796466,0.5473629,-0.89714897,0.3119057,-0.6995276,-0.7662946,-0.41171354,-0.11379267
527,0.32279193,-0.89934546,0.7552463,0.6283777,0.16016752,-0.88967115,0.4422783,0.24679196,-0.28318766,-0.30073842,-0.63014424,-0.7229871,0.8307109,0.83935946,-0.9226376,-0.5037494,-0.922357,-0.41872823,0.18146655,-0.72308266
528,0.40301147,-0.9013523,0.76849234,0.7552702,0.3309171,-0.6026197,0.2538083,-0.4312988,-0.33033308,-0.35603765,-0.75835353,-0.82604367,0.42418444,0.6734429,-0.9283803,0.71415925,-0.8096341,-0.70030665,-0.07668238,0.25406063
529,0.42217216,-0.91410464,0.7358993,0.70100355,0.091509245,-0.80850893,-0.076363154,-0.5648393,-0.68299747,0.25411826,-0.6718985,-0.9187479,0.5640335,0.24244422,-0.9881419,0.9388622,-0.5489207,-0.29340842,-0.7321176,0.8328485
530,0.3767219,-0.87786055,0.8008602,0.743875,0.3504897,-0.8395162,0.014916716,-0.55169344,-0.71704507,-0.41609547,-0.56011164,-0.9792117,0.6735477,0.64804995,-0.7360031,0.30184698,-0.88373,-0.36295587,-0.34397262,-0.056067675
531,0.3850792,-0.966357,0.80934817,0.69725513,0.3359623,-0.75575715,0.4680601,-0.5465876,-0.8096829,-0.3895328,-0.93245333,-0.79664636,0.9289745,0.44411838,-0.84885633,-0.07537846,-0.4125012,-0.65446943,0.4463073,-0.07549318
532,0.42707595,-0.8617195,0.6386033,0.5782058,0.2367523,-0.6639921,0.24842794,-0.48947045,-0.62575895,-0.63356316,-0.6508834,-0.3312793,0.96422726,0.51607376,-0.92700434,0.72099644,-0.9932514,-0.416545,0.18810949,0.21229766
533,0.39367762,-0.9352317,0.63522553,0.79606074,0.6079012,-0.9041663,0.67592674,0.14791839,-0.6382121,-0.08436774,-0.69048506,-0.44415477,0.2739576,0.6125348,-0.981834,0.41817614,-0.78855556,-0.54159576,-0.18694195,-0.09803008
534,0.39193845,-0.9044882,0.7048691,0.5599715,0.338038,-0.9437413,0.40231994,-0.04830526,-0.26027,-0.036270607,-0.6812583,-0.68532526,0.34547883,0.7946019,-0.64021313,0.8867278,-0.68538666,-0.506817,-0.5726754,0.023835441
535,0.3015566,-0.93813,0.7288288,0.8795586,0.43933746,-0.9832358,0.47666904,-0.30512097,-0.56731075,-0.55643815,-0.69242424,-0.88314134,0.86436695,0.56506556,-0.916629,0.4025143,-0.95905024,-0.4064686,-0.14575766,-0.26764968
536,0.29447457,-0.9572033,0.77725303,0.6335667,0.21575937,-0.9567468,0.28674608,-0.124931045,-0.27476543,0.102651395,-0.96868485,-0.9088783,0.19731908,0.7245495,-0.7529379,0.30473343,0.018001525,-0.81178963,0.06150131,0.93811
537,0.31645346,-0.9511212,0.5168725,0.569974,0.36755922,-0.946069,0.7325319,-0.22912118,-0.8044838,-0.740549,-0.5628718,-0.92920893,0.44085893,0.8179477,-0.6426682,-0.22619002,-0.92286605,-0.92281556,0.2511533,-0.12719305
538,0.35112366,-0.9413256,0.6038215,0.5188723,0.060540784,-0.88332903,0.58980644,-0.1744094,-0.30861795,-0.12664728,-0.30306295,-0.7902459,0.88426,0.6725952,-0.45834094,0.8504483,-0.78402734,-0.6658009,-0.5807946,-0.43373683
539,0.34412074,-0.94176376,0.74359196,0.66860145,0.36744654,-0.68867856,0.8536195,-0.06895895,-0.35382617,0.48711187,-0.9780961,-0.9011629,0.6207869,0.47644645,-0.9062729,0.46189037,-0.80360293,-0.44691908,-0.7257982,-0.25844577
540,0.48614588,-0.8776351,0.74568456,0.7892748,0.27578232,-0.7585717,0.29444605,-0.020415755,-0.27825034,-0.651787,-0.55029327,-0.27882484,0.7716872,0.74913377,-0.97078645,0.421099,-0.92253935,-0.47526306,-0.23373272,0.33954382
541,0.32027858,-0.95737123,0.6424608,0.5730543,0.29263574,-0.884917,0.26866484,-0.18264101,-0.6601729,-0.9014366,-0.5546171,-0.511555,0.79228467,0.6453591,-0.70645344,-0.3500333,-0.5473236,-0.61625266,0.57749444,0.11073591
542,0.35922638,-0.895578,0.750755,0.7681852,0.35417205,-0.6272744,0.7674582,-0.13543816,-0.86906344,0.11868262,-0.87977684,-0.72193146,0.05601134,0.82813567,-0.95977795,0.4882078,-0.74801195,-0.49991184,-0.33517325,0.21724477
543,0.37021285,-0.9328716,0.5942385,0.76211256,0.36974937,-0.7814731,0.69221973,0.13328014,-0.6243936,-0.5162752,-0.52120596,-0.8574874,0.46089193,0.6649476,-0.8932323,0.015001028,-0.74952126,-0.60864806,0.12760703,-0.28784814
544,0.3223453,-0.97986966,0.5507261,0.72393113,0.43990144,-0.7168847,0.5511725,0.07546564,-0.7081023,0.36143523,-0.3966294,-0.97953546,0.62770426,0.7794126,-0.85064036,0.4853116,-0.8669526,-0.6496206,-0.23757285,-0.106110506
545,0.32381776,-0.8621895,0.78270805,0.73708415,0.4915421,-0.8840298,0.8363342,0.2523126,-0.7304096,-0.8036695,-0.3169028,-0.8437099,0.68409437,0.7222337,-0.8116981,-0.4275479,-0.8726947,-0.8421826,-0.018249098,-0.93542445
546,0.38272345,-0.9334851,0.7088367,0.57234377,0.26167986,-0.6494779,0.8314602,-0.45681736,-0.7527209,-0.5325085,-0.5338487,-0.9778597,0.65589845,0.73306763,-0.5257089,-0.5288773,-0.103922755,-0.84230465,0.8219193,0.8737706
547,0.39275107,-0.95224637,0.75425684,0.5791044,0.24672253,-0.9332981,0.41666892,0.10603537,-0.50194716,-0.19192928,-0.69080997,-0.486696,0.45795342,0.698246,-0.8809768,0.56691444,-0.87800425,-0.8499155,-0.3936246,0.43011498
548,0.34322807,-0.98110336,0.7273475,0.77449286,0.5389117,-0.9835852,0.5467592,-0.71966714,-0.63211346,-0.7283122,-0.7747041,-0.6813983,0.81037205,0.4952395,-0.9043007,-0.022368837,-0.21573962,-0.8501119,0.32825127,0.2680765
549,0.425097,-0.9209035,0.7777199,0.7075703,0.44089925,-0.80851644,0.93319064,-0.19399908,-0.9175493,-0.11169149,-0.5745435,-0.5500917,0.5987079,0.5069513,-0.93003064,0.71060365,-0.8373531,-0.7189998,-0.6146448,-0.18480152
550,0.38777652,-0.92322487,0.7895898,0.8434997,0.59273416,-0.73707473,0.41249385,-0.116997294,-0.7243208,-0.69111913,-0.41628695,-0.79690397,0.6451747,0.56020117,-0.7963541,0.6224743,-0.9592594,-0.4985666,-0.052988533,-0.14172043
551,0.30588904,-0.8534545,0.64817894,0.6501239,0.322858,-0.87742364,0.78406614,-0.49900955,-0.54960734,-0.3971842,-0.9196679,-0.68773544,0.8592578,0.45892605,-0.9319513,0.571781,-0.5721329,-0.30340445,-0.5343601,-0.111758456
552,0.39396787,-0.9409845,0.69077736,0.63759637,0.16256091,-0.77558976,0.5410628,-0.84450626,-0.22470558,0.21972053,-0.9262243,-0.8648621,0.65528435,0.22893563,-0.9808414,0.84256035,-0.3774082,-0.3113854,-0.10182862,0.8312122
553,0.38142425,-0.9562281,0.76533026,0.9659543,0.7835999,-0.78050303,0.90326196,-0.08341219,-0.8985734,-0.09151209,-0.5614387,-0.55371356,0.59409183,0.70056605,-0.78489697,0.09477155,-0.8263917,-0.7331542,0.16909093,0.68728787
554,0.26796812,-0.95244443,0.6569761,0.77414304,0.15989934,-0.84008384,0.37102047,-0.48012584,-0.6664132,0.11873645,-0.5850827,-0.84190136,0.5130369,0.47280207,-0.82555336,0.24077903,-0.52959347,-0.24362074,0.09419923,0.21572986
555,0.37042293,-0.93863636,0.7179707,0.7258935,0.46885386,-0.4024796,0.76936823,0.19597428,-0.91721404,0.5368148,-0.36997363,-0.77249247,0.48511288,0.6528923,-0.7350694,0.76900494,-0.8179293,-0.3375655,-0.41711575,0.2556502
556,0.3330028,-0.75958604,0.7500229,0.6668778,0.30141833,-0.74952966,0.33293396,-0.33684582,-0.53532857,0.032842148,-0.82755923,-0.675613,0.3330198,0.9179573,-0.76829976,0.60614896,-0.961292,-0.50064087,-0.62651604,0.5898598
557,0.3293324,-0.9482423,0.7232983,0.68163764,0.35845777,-0.6288105,0.24584281,-0.2267158,-0.5563381,-0.4151046,-0.2934917,-0.8827457,0.4664909,0.8491272,-0.52490777,0.18329863,-0.907937,-0.4611566,0.29685837,0.14722452
558,0.19742732,-0.9155995,0.7076586,0.8420848,0.41062477,-0.9307959,0.4544167,-0.42796144,-0.67505234,-0.4597869,-0.8477607,-0.9102329,0.50618804,0.9085694,-0.9730494,-0.4575067,-0.26420033,-0.7634662,0.20164071,0.54694045
559,0.40264463,-0.9765417,0.6718211,0.7289183,0.440297,-0.67582756,0.49086678,-0.4369985,-0.77763754,-0.05174473,-0.69606966,-0.9858129,0.83476967,0.3621105,-0.946062,0.09605323,-0.33444646,-0.61910605,0.28999808,0.061608788
560,0.43083054,-0.9833449,0.6580156,0.7301852,0.30536082,-0.5402245,0.3691162,-0.5956375,-0.8685947,0.30412415,-0.7427949,-0.9064933,0.7670178,0.6693752,-0.9263896,0.99362636,-0.5621002,-0.42858613,-0.39091754,0.14157864
561,0.34679443,-0.85387826,0.8358085,0.6800561,0.32966003,-0.8698197,0.7670549,-0.17556642,-0.72736984,0.27013943,-0.56836724,-0.9428032,0.7746422,0.6334566,-0.57837164,0.36407664,-0.65641576,-0.60803884,0.08776202,0.1493952
562,0.3555173,-0.91530263,0.68699783,0.75098914,0.5272123,-0.5438131,0.39402273,0.08555251,-0.50207174,0.12833601,-0.46013284,-0.81997097,0.16160615,0.76790315,-0.871682,0.7626494,-0.7024034,-0.46784922,-0.30907568,0.4008879
563,0.37507543,-0.9790812,0.55303186,0.7047299,0.52778196,-0.49253014,0.55645555,-0.03890705,-0.9524856,0.49528286,-0.4221798,-0.6866391,0.569777,0.4706567,-0.7140195,0.81056094,-0.9359363,-0.4877394,-0.2969213,0.07970395
564,0.37266007,-0.8853822,0.7010894,0.60216284,0.20041,-0.88570833,0.08038589,-0.374661,0.008395308,-0.25450358,-0.73833835,-0.57447094,0.68316936,0.6784399,-0.9333649,0.88317865,-0.6923774,-0.33219743,-0.12576766,0.58611727
565,0.37418738,-0.86102504,0.72530097,0.7081735,0.3080231,-0.8448006,0.5681201,-0.18156184,-0.2503583,-0.51068795,-0.7869153,-0.6288913,0.544288,0.72164047,-0.8567076,-0.070545636,-0.97668624,-0.2700849,-0.051002428,-0.33254132
566,0.3078604,-0.88298786,0.6994701,0.79143864,0.25902757,-0.9096686,-0.1328036,-0.5105722,0.4191172,-0.9094258,-0.7766544,-0.8630878,0.8973898,0.60061353,-0.82548994,0.21379048,-0.84090096,-0.093844235,0.017119622,0.116520144
567,0.4051487,-0.94493747,0.7086523,0.7378833,0.36518428,-0.6983729,0.8650777,0.068516396,-0.8618162,-0.071506575,-0.644817,-0.9464723,0.6218675,0.79406446,-0.943072,-0.02522093,-0.8298695,-0.538864,-0.2635626,-0.4948044
568,0.35585395,-0.92405015,0.6867076,0.63654304,0.15550528,-0.8973504,0.97032857,-0.46621668,-0.685605,0.13707212,-0.6561339,-0.8625171,0.83440465,0.41583788,-0.70826405,0.23702313,-0.2953793,-0.6484406,-0.30538717,-0.25763437
569,0.33882424,-0.96609855,0.7055857,0.67920464,0.25030723,-0.4775839,0.08294415,-0.094350435,-0.70829177,0.08980855,-0.80123425,-0.8902261,0.34392458,0.8669888,-0.9452381,0.37733,-0.76242197,-0.29200652,-0.13099934,0.3170599
570,0.40249547,-0.86065656,0.6333467,0.82959354,0.63860303,-0.9542877,0.37529185,-0.30802652,-0.30797642,-0.082951345,-0.86855334,-0.8956301,0.7875802,0.5411765,-0.9481171,0.64291257,-0.5978639,-0.25196475,-0.17570989,0.10716462
571,0.29858556,-0.923524,0.8059985,0.72358525,0.57381576,-0.97317123,0.92606765,0.19315061,-0.99201614,-0.6634486,-0.50198054,-0.9868178,0.10262726,0.91514266,-0.86005443,-0.21206222,-0.8994537,-0.5635942,-0.1221258,-0.5550353
572,0.23126113,-0.9392756,0.53157353,0.736382,0.26293597,-0.9570709,0.17412058,-0.12523788,-0.91912955,-0.37093675,-0.38149467,-0.8341885,0.5558912,0.85029846,-0.6185232,0.60291314,-0.9280224,-0.5179945,-0.46675685,0.19060276
573,0.3268029,-0.84791607,0.7888118,0.68376046,0.16533141,-0.8533319,0.33955526,0.22122233,-0.87712234,-0.74029076,-0.1448377,-0.9162091,0.71925586,0.8956928,-0.66089535,-0.5960791,-0.6594964,-0.8973266,0.54738194,-0.19403046
574,0.36878708,-0.8614812,0.72821105,0.6265208,0.19392788,-0.47881708,0.4962986,-0.07681986,-0.8361629,0.14080903,-0.6190534,-0.75019246,0.39003682,0.80188453,-0.85713917,0.8563175,-0.8221832,-0.48724115,-0.3179138,-0.21023346
575,0.36555585,-0.9046892,0.758059,0.5531637,0.064971186,-0.94237316,0.9530173,-0.16693419,-0.12558056,-0.0046588355,-0.89513165,-0.4327516,0.34956664,0.93974197,-0.87138003,0.94504386,-0.9880383,-0.816348,-0.6950829,-0.32313678
576,0.4364857,-0.9847739,0.6753781,0.74567306,0.14854504,-0.8749096,0.22985125,-0.8635397,-0.74541456,-0.0125611555,-0.80264527,-0.98789555,0.51472163,0.73753315,-0.5502932,0.4539171,-0.9649747,-0.6675599,-0.5369496,0.2887421
577,0.27193266,-0.8832136,0.66918236,0.65854824,0.15958834,-0.6297947,0.29006207,-0.28851646,-0.61529106,-0.24908854,-0.48364222,-0.8157359,0.5564778,0.8461644,-0.92242265,0.31866112,-0.8194796,-0.93654704,-0.14099488,-0.35072702
578,0.450159,-0.9445874,0.83301634,0.7100133,0.22738655,-0.8562128,0.8438518,-0.14172955,-0.13927846,-0.5419352,-0.75482506,-0.80141604,0.8704774,0.6294585,-0.9506884,0.21872734,-0.92895794,-0.7884593,-0.2069524,-0.75923145
579,0.41328743,-0.8472457,0.6958335,0.69289154,0.25626883,-0.7648904,0.99522024,0.047930192,-0.3799432,0.24298392,-0.75782335,-0.81514275,0.7667192,0.43387115,-0.99036336,0.892968,-0.8600272,-0.4989485,-0.47239187,0.2575427
580,0.5400652,-0.87504053,0.77394205,0.6433215,0.4359714,-0.70662445,0.82812154,0.33978382,-0.74281144,-0.4707162,-0.60946804,-0.9700057,0.48762888,0.7302687,-0.8827401,-0.30595413,-0.83841693,-0.590918,-0.002440186,-0.41010705
581,0.48619646,-0.8713807,0.75081086,0.68799376,0.41247946,-0.72881114,0.5879918,-0.1423415,-0.5085651,-0.57656246,-0.66531193,-0.44495195,0.42379773,0.8273015,-0.9015132,-0.047182627,-0.6910608,-0.8166352,0.47965503,0.25260583
582,0.3813929,-0.98315924,0.6296041,0.7486595,0.5535618,-0.9177943,0.37296522,-0.1896756,-0.6821586,-0.30893427,-0.63127667,-0.60768074,0.5714789,0.51675886,-0.8711136,0.3724779,-0.7483164,-0.39170977,0.1753275,0.3972898
583,0.45455763,-0.9924255,0.73717993,0.8247015,0.23030773,-0.9313334,0.6399276,-0.11002046,-0.46596172,-0.024418311,-0.88089067,-0.6027005,0.47996807,0.48845053,-0.9897878,0.30984885,-0.9482736,-0.49900627,-0.0346508,0.7989089
584,0.4704968,-0.98142034,0.74367267,0.551796,0.22620267,-0.9623531,0.50114506,-0.89621615,-0.020505944,-0.61003494,-0.87316734,-0.3923012,0.5654637,0.6566222,-0.7487775,0.48990503,-0.84347016,-0.6619485,-0.47950435,0.12511142
585,0.36692274,-0.9075454,0.77117693,0.77162796,0.40372568,-0.94701433,0.28161293,-0.059528876,0.12902898,-0.75011426,-0.77749354,-0.9002354,0.5054356,0.8707474,-0.86989665,0.7209632,-0.67510736,-0.6779026,-0.63835317,-0.12843569
586,0.4215849,-0.8983263,0.73318744,0.7112867,0.2546928,-0.7584326,0.15213764,-0.39860436,-0.687902,-0.10410439,-0.5286034,-0.573292,0.7318557,0.55695474,-0.8546325,0.8495785,-0.79826516,-0.53282195,-0.5201631,0.39077505
587,0.38533276,-0.99246633,0.67486733,0.6964877,0.25482726,-0.9300026,0.5234601,-0.103465766,-0.26737404,-0.6594629,-0.7771335,-0.9109013,0.63999504,0.744727,-0.73693293,-0.27049404,-0.91066223,-0.6370769,0.00317078,-0.4089207
588,0.4420835,-0.9197214,0.76532906,0.74042404,0.3578066,-0.9694122,0.66161346,-0.19406776,-0.6585652,0.036926344,-0.8272307,-0.70120496,0.3121914,0.655343,-0.92436224,0.6642718,-0.6616235,-0.65949506,-0.5174904,-0.071210586
589,0.32386073,-0.9667274,0.8286858,0.7491098,0.529707,-0.85883355,0.3379363,-0.32103458,-0.816548,0.066172495,-0.43912613,-0.90614194,0.645046,0.38172933,-0.5989491,0.9081123,-0.86769754,-0.52301186,-0.4815532,0.21812667
590,0.4436899,-0.99507487,0.7614739,0.66211206,0.28662178,-0.93486387,0.87091756,0.31893668,-0.65034604,-0.7590181,-0.65446025,-0.7207021,0.65363526,0.71351916,-0.95957756,-0.23873164,-0.5657332,-0.62381965,0.24808802,-0.32849205
591,0.38390565,-0.79538065,0.900525,0.7611237,0.48629597,-0.92924404,0.7151454,0.016083624,-0.55438614,-0.05259702,-0.5471448,-0.657876,0.9816228,0.667348,-0.80428845,0.29549798,-0.86010903,-0.53024465,-0.48183116,-0.29214823
592,0.30515477,-0.85521424,0.69260085,0.7434504,0.07093692,-0.9029434,0.14478189,-0.19455467,-0.386346,-0.30254108,-0.70114785,-0.473021,0.49706528,0.934298,-0.8733679,0.44615865,-0.9081436,-0.7792878,-0.13127007,0.20873258
593,0.39367655,-0.9862186,0.64755315,0.6531479,0.20666355,-0.90069675,0.43878204,-0.92547256,-0.67697984,-0.81044495,-0.7020623,-0.48323533,0.45362768,0.6863246,-0.80699515,0.6038394,-0.9220532,-0.63512135,-0.29260713,0.15731594
594,0.4396433,-0.97080445,0.71119136,0.8680068,0.61374074,-0.98351866,0.830314,-0.42644167,-0.65549624,-0.3584788,-0.44903684,-0.78475606,0.9795389,0.29598436,-0.81087494,0.588066,-0.87015754,-0.44374248,-0.39446306,-0.5692425
595,0.38788956,-0.91141754,0.6957463,0.7642335,0.4144794,-0.43921357,0.50134873,-0.32433507,-0.9524148,0.21563147,-0.50127476,-0.8192701,0.73628044,0.5750339,-0.8681936,0.5145884,-0.46128505,-0.4031943,0.015740167,0.065313555
596,0.4853899,-0.98342466,0.7444089,0.58000726,0.29616055,-0.65781754,0.47615135,-0.5657742,-0.7586395,-0.2543582,-0.8900512,-0.69606024,0.6215328,0.51444036,-0.74729043,0.76170456,-0.97737646,-0.48082554,-0.42241925,0.5936374
597,0.3074533,-0.92965174,0.73309886,0.8549456,0.70648825,-0.8255821,0.7290517,-0.24753928,-0.58596605,-0.6317767,-0.555196,-0.97204256,0.8099333,0.7416789,-0.89694035,-0.26678005,-0.312842,-0.7321053,0.33937377,-0.46179774
598,0.34039408,-0.95943725,0.7257152,0.7725166,0.6677468,-0.96621853,0.8901684,-0.3357419,-0.64243853,-0.94716257,-0.8548802,-0.55854124,0.8301967,0.32099372,-0.9684222,-0.13482538,-0.41540843,-0.62083113,0.7533589,-0.10124704
599,0.44905305,-0.98752415,0.628394,0.7294183,0.39538231,-0.78005767,0.67422265,-0.19767077,-0.54691505,-0.3702935,-0.3697156,-0.8042722,0.7268212,0.71897537,-0.74461144,-0.02710709,-0.8709152,-0.91839546,0.22853959,0.88496566
600,0.43663368,-0.9569942,0.560667,0.5789598,0.38284168,-0.97226906,0.8515948,-0.3737643,-0.5447973,-0.39908642,-0.75610954,-0.80443394,0.6977563,0.55130565,-0.8653332,0.18333612,-0.42476925,-0.54481363,0.20422493,0.04320081
601,0.32999793,-0.9029168,0.70004946,0.70394945,0.5526914,-0.77458346,0.5882675,-0.39669588,-0.54236114,-0.40741968,-0.68956906,-0.96279854,0.5796747,0.96088886,-0.8488654,0.64624834,-0.517089,-0.7389124,-0.18095626,-0.7222209
602,0.3820558,-0.97189903,0.7521007,0.6930339,0.38698167,-0.8908121,0.5585187,-0.36636123,-0.3138682,0.04786908,-0.544895,-0.878881,0.68403906,0.21617748,-0.97945875,0.69786304,-0.75361145,-0.2960176,-0.48171508,0.264766
603,0.4353416,-0.9003626,0.7589351,0.6549905,0.4555697,-0.9792419,0.73738486,-0.058724605,-0.7480407,-0.17389703,-0.6926694,-0.7078613,0.3359948,0.733073,-0.9177131,0.50187624,-0.842797,-0.51641464,-0.22875169,0.008284394
604,0.3826492,-0.9651201,0.6895096,0.814577,0.64497024,-0.83766705,0.36807045,-0.3669438,-0.9425266,-0.7891672,-0.33889207,-0.10836988,0.9535639,0.48360014,-0.88560104,0.29776353,-0.9762907,-0.5368741,0.1643862,-0.182423
605,0.34606466,-0.90223086,0.7633807,0.867484,0.62274224,-0.8022394,0.58804715,0.0457182,-0.8526393,-0.4001042,-0.90838563,-0.97562134,0.5585023,0.8503524,-0.80207914,0.21730377,-0.8062031,-0.5683887,-0.0065725637,-0.3645238
606,0.44095045,-0.988123,0.7267785,0.8680935,0.5733389,-0.8301958,0.58516014,-0.8058668,-0.31049746,0.15832122,-0.97700286,-0.69079983,0.9902373,0.46705797,-0.85451245,0.5007169,-0.5374623,-0.6714026,0.119587116,0.62346286
607,0.4649793,-0.8666377,0.8413474,0.7848517,0.47165447,-0.88863474,0.6888145,-0.31100503,-0.7018652,-0.18934508,-0.61792046,-0.5905757,0.8748773,0.49789202,-0.9132202,0.5739189,-0.77709645,-0.5338279,-0.3214182,-0.3875656
608,0.34406066,-0.94623184,0.62905073,0.66881615,0.27254474,-0.6832978,0.5558481,0.1148391,-0.8581859,0.35452396,-0.24289879,-0.97810507,0.3304115,0.8382806,-0.6029093,0.35424888,-0.99705577,-0.88338304,-0.28524882,-0.107344575
609,0.4032965,-0.9841579,0.56974375,0.7042061,0.30450898,-0.77470493,0.5831059,-0.011821222,-0.5299694,-0.700703,-0.86582494,-0.6676088,0.75034636,0.52417856,-0.9619816,0.21541058,-0.9544501,-0.40561834,0.030044895,0.24332212
610,0.45568272,-0.9706183,0.53527737,0.6775758,0.39432853,-0.95224905,0.5295672,-0.40415838,-0.23042195,-0.2019692,-0.70808923,-0.6477611,0.526188,0.6102928,-0.8081636,0.38454658,-0.2793288,-0.64830196,-0.10942871,0.4632251
611,0.38194454,-0.98631823,0.67054284,0.6275661,0.070520654,-0.73932976,0.43275905,-0.22282201,-0.7151508,-0.42452636,-0.49623188,-0.53598285,0.6143048,0.64901,-0.9307865,0.35565937,-0.93851376,-0.38456848,0.068283156,-0.06550565
612,0.49797955,-0.99385375,0.7535027,0.7984987,0.46764773,-0.7725612,0.71558666,0.15185131,-0.7942572,-0.8048942,-0.7463567,-0.7631992,-0.18522073,0.8668878,-0.95981693,-0.19455999,-0.88486326,-0.71106935,0.16589032,0.329558
613,0.38840914,-0.9467453,0.5762593,0.57674634,0.049783893,-0.34423643,0.40952623,-0.23836151,-0.91393846,0.2167527,-0.65681916,-0.6612247,0.74566936,0.7862546,-0.89285004,0.7425199,-0.79865634,-0.61236745,-0.56150985,-0.5826883
614,0.46841016,-0.9361349,0.5925289,0.7038806,0.06691632,-0.19899976,0.41476724,0.13389121,-0.7098309,0.38797608,-0.8865446,-0.8668559,0.6543162,0.9137672,-0.97141147,0.5863729,-0.96229196,-0.57422185,-0.1377752,0.287432
615,0.490078,-0.99107945,0.7748347,0.6859028,0.47363055,-0.873899,0.36465576,0.03709893,-0.23928097,0.13407154,-0.5997624,-0.76355827,0.62344027,0.88366336,-0.85012054,0.7656792,-0.7553226,-0.95507675,-0.6781087,0.21955371
616,0.3805635,-0.98034155,0.6823317,0.8307034,0.6452952,-0.47034147,0.32705852,-0.22793277,-0.9177267,-0.02238398,-0.41885653,-0.7090187,0.93966234,0.52875316,-0.87122625,0.5300781,-0.84308136,-0.5329233,-0.15338607,0.03379659
617,0.41803637,-0.91059077,0.6332141,0.6215835,0.30572605,-0.62554246,0.43311337,-0.27040204,-0.48607475,0.15850109,-0.41046652,-0.8663346,0.8439378,0.45963725,-0.9930866,0.98191494,-0.1452929,-0.7996481,-0.17313194,0.1886613
618,0.4859534,-0.8920213,0.8511715,0.6255757,0.20711981,-0.80888385,0.82402366,-0.13788106,-0.9102711,0.5826166,-0.98957765,-0.8477939,0.29881492,0.5185461,-0.8868269,0.88533705,-0.6288172,-0.6513437,-0.85900164,0.69642544
619,0.41116822,-0.8882474,0.6705888,0.66528845,0.21775179,-0.77926266,0.67556113,-0.27372766,-0.95137024,-0.22617292,-0.67608786,-0.6331463,0.7602931,0.49649698,-0.9146155,0.57023835,-0.89261544,-0.45145434,-0.46837375,-0.13248079
620,0.42046633,-0.87255925,0.83005834,0.6689064,0.36268398,-0.7024781,0.8149597,-0.044531286,-0.73795086,-0.29212943,-0.3318219,-0.58195317,0.49495995,0.600897,-0.8988434,0.38898858,-0.66279805,-0.8165279,-0.009535961,-0.22680102
621,0.52373725,-0.99090934,0.6405093,0.7007882,0.23760578,-0.9526304,0.71854967,-0.05232125,-0.35568595,-0.27199662,-0.5959975,-0.9773067,0.85779893,0.6365328,-0.6771483,0.7278754,-0.85036725,-0.8486713,-0.6121956,-0.71994096
622,0.4345576,-0.9103839,0.7934519,0.8685076,0.4084612,-0.78480136,0.66793203,0.15774517,-0.8157768,-0.6464852,-0.5119615,-0.98982817,0.5598284,0.9610862,-0.9209935,-0.27928442,-0.94162494,-0.486662,-0.12680693,-0.6667648
623,0.27657652,-0.98335534,0.69592005,0.7566472,0.12134123,-0.81899464,0.62176496,0.1251598,-0.77843827,-0.9021451,-0.6144401,-0.4111636,0.24572125,0.80254644,-0.9525486,-0.5216458,-0.9497751,-0.35478082,0.22633791,-0.19562379
624,0.38230816,-0.95449895,0.8458416,0.65496093,0.23434715,-0.8563128,0.45579627,0.1295513,-0.57578295,0.39135382,-0.9047099,-0.80039847,0.17439434,0.7597449,-0.9821411,0.8457257,-0.58422804,-0.37091267,-0.40623772,0.4613644
625,0.3886369,-0.9860053,0.70477676,0.82125664,0.5935502,-0.870137,0.9694575,0.27114695,-0.716754,0.004175694,-0.7569756,-0.84580505,0.43046978,0.75668174,-0.835086,0.47061574,-0.72435313,-0.76689047,-0.4524956,-0.522342
626,0.3762509,-0.9131271,0.64448524,0.7197727,0.23407732,-0.8672771,0.58480513,-0.3422163,-0.659048,-0.5705205,-0.48460293,-0.8029508,0.9864984,0.43714264,-0.7471973,-0.32649407,-0.14584774,-0.46129152,0.47589043,0.2767941
627,0.45941153,-0.89389664,0.74950707,0.72487164,0.4355475,-0.60734034,0.66044384,0.33835283,-0.78191537,-0.03800021,-0.5960115,-0.4969257,0.27626663,0.97281516,-0.9573265,0.6652448,-0.97470284,-0.65771025,-0.62900466,-0.05960121
628,0.43341976,-0.9386313,0.72129893,0.7148599,0.27441424,-0.4436424,0.25966352,-0.08111927,-0.56363523,0.1583588,-0.61044574,-0.8725856,0.46215308,0.866524,-0.9220555,0.88876015,-0.96672356,-0.2690792,-0.2575318,-0.059754465
629,0.42520577,-0.9210778,0.69673496,0.8308188,0.6495647,-0.4778989,0.627817,-0.23521067,-0.848793,-0.58815825,-0.67969453,-0.9002685,0.3851964,0.9005559,-0.9147595,0.27394316,-0.7981399,-0.65681773,0.13061742,-0.49219632
630,0.36939368,-0.9710383,0.68089926,0.6517239,0.26635152,-0.91560096,0.86856765,-0.14028738,-0.7536677,0.5870076,-0.558542,-0.5567141,0.76855654,0.3059948,-0.95596063,0.7557778,-0.90484613,-0.107052,-0.4738719,-0.1550262
631,0.38549593,-0.9480743,0.61778915,0.6328282,0.17252138,-0.87088406,0.2588876,-0.17666802,-0.58371866,0.29909697,-0.5945434,-0.7175752,0.5105102,0.40277427,-0.8074329,0.51087767,-0.8078424,-0.28126475,-0.5447962,0.21791174
632,0.35026482,-0.92103475,0.7083771,0.6316262,0.3349345,-0.882639,0.9380075,0.15905268,-0.97965676,0.13104999,-0.82096183,-0.78044075,0.08934618,0.8558609,-0.81041443,0.052646704,-0.9920831,-0.44573602,-0.4892564,0.15089355
633,0.39391965,-0.96718955,0.71473783,0.68706167,0.69502825,-0.7447171,0.7937559,-0.5745925,-0.7750387,-0.60605407,-0.5191051,-0.9333547,0.847494,0.51831067,-0.9919186,0.71065724,-0.6724457,-0.56927556,-0.19209956,-0.64989704
634,0.31437522,-0.84756875,0.7737635,0.7756812,0.26948747,-0.744261,0.39110363,-0.6068571,-0.394974,-0.15793541,-0.9353641,-0.94745994,0.66634595,0.5076659,-0.9785898,0.8030001,-0.9712546,0.05787099,-0.38904765,0.33073747
635,0.3178821,-0.8871109,0.8010255,0.6927385,0.46200135,-0.5460125,0.53862214,-0.04808381,-0.88896745,-0.774394,-0.54566723,-0.83679354,0.6466002,0.91206765,-0.98009604,-0.44921884,-0.9931524,-0.8629916,0.08111338,-0.56812555
636,0.4380047,-0.948843,0.68612385,0.6750784,0.21629208,-0.8856228,0.5160915,0.043452807,-0.7161317,0.22258902,-0.26834926,-0.74400485,0.9112433,0.58662605,-0.752377,0.7136845,-0.46861032,-0.58311063,-0.25380218,-0.25844505
637,0.29792267,-0.84954387,0.6577125,0.7486745,0.23484752,-0.39807317,0.14536081,0.16974135,-0.8897015,0.20076686,-0.794562,-0.74921024,0.6170576,0.7093026,-0.95479167,0.89005303,-0.9026846,-0.5360018,-0.38919565,0.53008825
638,0.46337894,-0.936402,0.75370413,0.8016402,0.48409876,-0.6786385,0.94673264,-0.44878805,-0.86743003,-0.6406419,-0.6627917,-0.5369239,0.65023005,0.29153898,-0.87705064,0.41206235,-0.72984827,-0.4784298,-0.20910496,-0.034201957
639,0.2666358,-0.9895613,0.72027165,0.7522563,0.27234843,-0.81221634,0.74384856,-0.012456728,-0.78981656,-0.67147326,-0.63297576,-0.7887425,0.022444159,0.95908517,-0.93459386,-0.070466354,-0.9240407,-0.52740794,0.0062328363,-0.7060777
640,0.40632513,-0.8888197,0.69513845,0.74739933,0.59572333,-0.8945605,0.32150874,-0.10118301,-0.5478195,-0.75689226,-0.49012965,-0.62226266,0.7682345,0.79267937,-0.8986802,0.17098843,-0.70168394,-0.52049506,0.094196156,-0.24601921
641,0.32985815,-0.80865,0.6951039,0.7910147,0.20379496,-0.93880963,0.32068583,-0.4889603,-0.94892627,-0.08276542,-0.6774455,-0.6316966,0.6430018,0.3000913,-0.52159536,0.61787647,-0.95403546,-0.4242838,-0.25353476,0.24078193
642,0.3629501,-0.9787886,0.64416707,0.6353277,-0.017395383,-0.6826237,0.2561292,-0.1997501,-0.73847497,-0.46883604,-0.8412098,-0.9709995,0.8403696,0.9460543,-0.985426,0.10172087,-0.5612271,-0.8382194,0.110230885,-0.1424708
643,0.35312745,-0.92196405,0.7095976,0.7112779,0.4185127,-0.8911692,0.39605343,-0.045960836,-0.29387453,-0.7091376,-0.9432203,-0.4994163,0.17013723,0.7428898,-0.88071287,0.54011077,-0.9947229,-0.37540504,0.3843096,0.6576079
644,0.3882393,-0.90599704,0.7631734,0.8030223,0.58139807,-0.6911937,0.7155116,-0.13131596,-0.37321457,0.32532924,-0.9759857,-0.97142667,0.6461895,0.6377489,-0.9889194,0.32469147,-0.8182238,-0.2526086,-0.19420418,0.14608541
645,0.3475844,-0.89897174,0.6643689,0.65960324,0.36833224,-0.98257875,0.4655997,-0.13027085,-0.4082459,-0.79560834,-0.61716413,-0.37393394,0.8162764,0.55509925,-0.8087849,0.09245828,-0.5223427,-0.60680354,0.29906192,0.46147645
646,0.43190634,-0.92759466,0.5682601,0.60225993,0.175842,-0.7096148,0.5915904,-0.16120398,-0.5856646,0.54845357,-0.62311316,-0.8048823,0.763095,0.39922807,-0.71208435,0.9360598,-0.94578445,-0.3212946,-0.7445181,0.14333399
647,0.35910514,-0.9936353,0.73004067,0.73144925,0.4558226,-0.36439148,0.6711537,-0.09871198,-0.91434294,-0.22600408,-0.4847394,-0.89289755,0.76621956,0.8322297,-0.9307908,0.4857194,-0.8894837,-0.573569,-0.17017779,-0.6793387
648,0.32583922,-0.84864694,0.73719734,0.6192147,0.2724777,-0.8312227,0.3893181,-0.8173489,-0.7213173,-0.18265496,-0.3840131,-0.8042261,0.5087351,0.47494754,-0.5081251,0.969434,-0.783563,-0.65208924,-0.59573424,0.14443642
649,0.42381552,-0.8795861,0.76663697,0.6671037,0.45933035,-0.843685,0.6316906,0.06820468,-0.53605783,-0.41858315,-0.73050976,-0.52847856,0.6667359,0.5960048,-0.86963,0.24450372,-0.8535441,-0.5934303,-0.25875494,0.09720074
650,0.45768234,-0.95611894,0.7057628,0.6759116,0.1305462,-0.55798817,0.7024442,-0.24605146,-0.7834115,-0.20473163,-0.8917672,-0.65562767,0.7390877,0.48352176,-0.8854614,0.615374,-0.7314681,-0.77669334,-0.27754402,0.5064876
651,0.4550412,-0.9652859,0.57462,0.84153867,0.4409958,-0.8455024,0.8611219,-0.05252308,-0.51456,-0.06084806,-0.43054155,-0.8023374,0.52400815,0.67307025,-0.89060456,0.4806409,-0.7939305,-0.4776561,-0.3529562,-0.21995252
652,0.34754685,-0.8652326,0.51775086,0.62706995,0.2646036,-0.88097537,0.15364611,-0.27113062,-0.5265459,-0.48343658,-0.6095341,-0.6341429,0.63766176,0.6631649,-0.90807927,-0.0591378,-0.8854535,-0.2672459,-0.08863302,-0.5079103
653,0.46515185,-0.9338597,0.68148583,0.6627339,0.35828778,-0.82970035,0.9638757,-0.49077454,-0.9408739,-0.34298944,-0.68439424,-0.7587267,0.6182834,0.64951926,-0.9756683,0.26977813,-0.34721997,-0.99123925,-0.20829357,-0.28733182
654,0.43804127,-0.9086787,0.62624824,0.8144825,0.22956046,-0.56166637,0.7227417,-0.26694784,-0.94366604,0.05935534,-0.5210727,-0.93523866,0.8121371,0.6293923,-0.6868932,0.6859689,-0.84815663,-0.5850226,-0.37433934,-0.22475752
655,0.32631484,-0.943368,0.61922556,0.5695748,0.117554694,-0.9789578,0.2124286,-0.45735618,-0.33109587,-0.14014919,-0.92899615,-0.6437674,0.6793497,0.51438385,-0.984815,0.3049002,-0.92200947,-0.46573707,-0.04984014,0.46517858
656,0.34469065,-0.8373958,0.72954285,0.6425865,0.28451845,-0.5452066,0.5330694,0.0709207,-0.98313403,0.12327051,-0.62578267,-0.94784564,0.12261833,0.85562867,-0.89570856,0.36301887,-0.91469824,-0.62904,-0.35352397,-0.07125571
657,0.28199735,-0.8665946,0.68239087,0.66957814,0.26059467,-0.79305077,0.5144438,-0.1947104,-0.5386833,-0.20239541,-0.8468541,-0.9733398,0.4855817,0.7059,-0.9874112,-0.053706687,-0.44812667,-0.57086307,0.063842945,0.0039165965
658,0.42352396,-0.93406147,0.6672162,0.8880141,0.6893789,-0.6352175,0.38928887,-0.13471495,-0.3553153,-0.6184664,-0.5918696,-0.93445647,0.8464042,0.81926924,-0.9509781,-0.10948984,-0.3218245,-0.63944733,0.893332,0.1753325
659,0.3108224,-0.9025155,0.8739369,0.6549976,0.13253897,-0.8787461,0.20537974,-0.4010726,-0.4821063,-0.9247171,-0.46644002,-0.5680307,0.5578431,0.92300045,-0.8436565,-0.14610916,-0.8738454,-0.550614,-0.1594661,-0.37753296
660,0.39247283,-0.9039585,0.7180132,0.6171871,0.30893657,-0.93233025,0.25734508,-0.31857657,-0.12830952,-0.21440013,-0.8727818,-0.93359154,0.42494643,0.532742,-0.9241809,0.76476365,-0.43963793,-0.15265585,-0.10443779,0.23052345
661,0.41115552,-0.9064715,0.8378103,0.88276494,0.64757484,-0.8808875,0.6700461,-0.17519559,-0.5468264,-0.25889233,-0.57213455,-0.9194484,0.713037,0.6148064,-0.7404906,0.70348257,-0.8806264,-0.7756382,-0.5701256,-0.45878878
662,0.38319656,-0.9277966,0.7104834,0.7021293,0.14927337,-0.9343196,0.7053257,-0.17463894,-0.48149,-0.63147116,-0.9632906,-0.8245433,0.8693781,0.5558002,-0.73673475,0.03647407,-0.8615668,-0.355295,-0.25267076,0.09687422
663,0.37266552,-0.9196187,0.7061904,0.6039246,0.08935474,-0.87367123,0.55276227,-0.43639874,-0.8598574,0.4584014,-0.5770616,-0.92743367,0.37721676,0.76192987,-0.78640395,0.9753194,-0.75906855,-0.45902246,-0.45927912,0.13750818
664,0.4778053,-0.9771746,0.6253546,0.66996694,0.30506393,-0.9310106,0.21146147,-0.728942,-0.5668285,0.18916167,-0.76877165,-0.6878477,0.8693936,0.6855019,-0.82456505,0.79742956,-0.8879674,-0.31576824,-0.49646926,-0.28583387
665,0.28044844,-0.8960866,0.8467877,0.6655801,0.35670364,-0.79096794,0.8285823,0.049708564,-0.73603106,-0.47626543,-0.4511992,-0.70830965,0.68913066,0.9148308,-0.7339681,0.24863602,-0.93834347,-0.99230975,-0.43107152,-0.87666845
666,0.39655864,-0.9041105,0.7539647,0.71559465,0.31862286,-0.7884989,0.0052358797,-0.15629119,-0.10091012,0.40440843,-0.4658623,-0.7545322,0.8751878,0.81986225,-0.863363,0.9268365,-0.94872415,0.09135965,-0.52977645,-0.11434484
667,0.4015394,-0.9892089,0.7605693,0.75757957,0.50554043,-0.7743835,0.77484214,-0.13928159,-0.85512763,-0.26202926,-0.45779154,-0.5527183,0.8620534,0.5036299,-0.9452883,0.45032582,-0.9014474,-0.7667284,-0.31087863,-0.7883604
668,0.43250167,-0.9359807,0.69063026,0.758134,0.30430338,-0.7873765,0.2356204,-0.20801121,-0.61633873,-0.5040044,-0.6672169,-0.9388344,0.45908943,0.83741504,-0.8356623,0.3569608,-0.8294823,-0.33090147,0.007642511,-0.0031766675
669,0.4155046,-0.9117254,0.67838204,0.6219139,0.18901476,-0.9359929,0.8402332,0.07880819,-0.87941176,0.31319097,-0.9029801,-0.7627171,0.6213331,0.67092466,-0.61708975,0.5437501,-0.8712852,-0.63454074,-0.5592068,-0.11127381
670,0.39743802,-0.85334826,0.6606916,0.67978823,0.17664325,-0.9655952,0.19218338,-0.78497493,-0.81574744,-0.4389481,-0.66250217,-0.84379995,0.9497556,0.5536308,-0.9793578,0.74707395,-0.46603045,-0.44409212,-0.42870742,-0.3771585
671,0.36271876,-0.9615539,0.5904721,0.6081134,0.06706582,-0.69083774,0.3937721,-0.33821863,-0.8126283,0.056456387,-0.9165773,-0.70462006,0.9515478,0.73596174,-0.8622941,0.75929457,-0.64861387,-0.8099941,-0.45264083,-0.042932313
672,0.46129644,-0.87560797,0.8095544,0.65984327,0.42390808,-0.7392407,0.6289743,-0.39056268,-0.1468923,-0.69695383,-0.48983458,-0.7357432,0.67047125,0.8569513,-0.64591616,0.7751422,-0.9025799,-0.75669396,-0.3771153,-0.47234166
673,0.3727919,-0.9208298,0.59142363,0.6180733,0.332118,-0.64059913,0.84027827,-0.29062203,-0.6922553,0.5106048,-0.82096326,-0.6684112,0.63714564,0.41663864,-0.92582184,0.8569484,-0.8980969,-0.10427447,-0.82296795,-0.3961555
674,0.38032907,-0.9564831,0.65685064,0.7538073,0.4337474,-0.84491813,0.83082604,-0.10762133,-0.81129694,-0.7078383,-0.42176247,-0.72589517,0.7137377,0.58406436,-0.9364411,0.42388758,-0.96204937,-0.6327206,-0.14216135,-0.57081956
675,0.29329973,-0.9029508,0.68289864,0.5032547,0.12566377,-0.69059396,0.3995371,-0.37314475,-0.258036,-0.18350418,-0.73485744,-0.98702574,0.18929961,0.75384885,-0.96062833,0.5356785,-0.49008584,-0.22648685,-0.0007654052,0.21430652
676,0.24592726,-0.958582,0.5967777,0.7259472,0.3634091,-0.576416,0.5761988,0.047991086,-0.7896531,-0.3918924,-0.52964056,-0.8667425,0.82799643,0.5952135,-0.92290807,0.042146355,-0.7440252,-0.73441094,-0.03666914,-0.45930168
677,0.37008533,-0.9360545,0.8395016,0.6389017,0.48835203,-0.76073897,0.9785279,0.40176055,-0.97496074,-0.8458464,-0.6726991,-0.9866297,0.16593803,0.96831244,-0.85688835,-0.5428065,-0.59472543,-0.9962251,0.40762714,-0.33415845
678,0.29262686,-0.96920747,0.604726,0.5397538,0.18807541,-0.6353597,0.42635402,-0.0074009215,-0.4196655,-0.5598266,-0.64760077,-0.64269334,0.5089934,0.8845439,-0.9299892,-0.25097096,-0.75096846,-0.7462673,-0.1357565,0.06020116
679,0.34568572,-0.96641546,0.58502483,0.6490491,0.15085833,-0.6598333,0.8690587,-0.35847464,-0.8308571,0.27341947,-0.3567023,-0.7588362,0.8340859,0.37853795,-0.9538314,0.43186957,-0.43133372,-0.3902323,-0.14716579,-0.5525309
680,0.350554,-0.8739341,0.6398656,0.7592629,0.36676398,-0.70641166,0.7996795,-0.4067443,-0.706561,-0.27789575,-0.7572171,-0.9127798,0.4161561,0.40170544,-0.9178275,0.49789417,-0.93085796,-0.35561213,-0.7751202,-0.33807915
681,0.39563268,-0.98217916,0.7089768,0.64407545,0.31956843,-0.7549565,0.6299656,0.10247601,-0.84421885,0.041638024,-0.5832214,-0.6889125,0.3767735,0.75004953,-0.9693871,0.2056541,-0.98429304,-0.3916617,-0.06466092,0.0010851496
682,0.44636512,-0.9728165,0.7139413,0.80490065,0.66912335,-0.83345765,0.79661447,0.00056268286,-0.47370958,-0.5021748,-0.63576967,-0.9074092,0.8078286,0.57734996,-0.96868145,0.42434755,-0.3027498,-0.6781484,0.22213924,-0.18030745
683,0.41469005,-0.92838067,0.68810374,0.6637614,0.2511774,-0.61181265,0.3604637,-0.26581502,-0.9472756,-0.49551255,-0.5035174,-0.6799824,0.7204393,0.85061175,-0.7115427,0.6151548,-0.99683297,-0.5409576,-0.5588515,-0.3840906
684,0.3669472,-0.927062,0.70453376,0.7483627,0.23697661,-0.9753399,0.45879504,0.066124104,-0.11911895,-0.18709809,-0.6013197,-0.8164026,0.48036936,0.49831474,-0.9300978,0.74484783,-0.56749743,-0.052704122,-0.5958833,0.19278261
685,0.27218384,-0.9390487,0.7287518,0.6317007,0.31425503,-0.8644344,0.57824993,-0.25082403,-0.6070202,-0.4732894,-0.84446037,-0.9323139,0.7656244,0.6854816,-0.9213828,0.10390855,-0.8856688,-0.3435761,-0.6489632,-0.24953881
686,0.44116065,-0.987227,0.662191,0.6653808,0.26678956,-0.68222845,0.4178327,-0.05623372,-0.7905226,-0.059528477,-0.6410183,-0.3513132,0.96794575,0.4653896,-0.94312686,0.657152,-0.98927456,-0.46425897,-0.5707076,0.31980821
687,0.22499189,-0.8883943,0.6783736,0.63246167,0.17626156,-0.8195615,0.18258506,-0.2579634,-0.017398117,-0.2313127,-0.91653025,-0.70772845,0.13285367,0.7070422,-0.9745414,0.2512514,-0.8034787,0.22886334,0.14979516,0.13251261
688,0.36060277,-0.89146423,0.77146536,0.7495725,0.18605205,-0.97848815,0.6900944,-0.30136418,-0.6107467,-0.71026295,-0.6321391,-0.3894471,0.97229993,0.4482229,-0.8541518,0.25537023,-0.8676082,-0.8781642,-0.3121936,-0.030975826
689,0.46085325,-0.8967161,0.7115384,0.5876771,0.2775128,-0.95991445,0.9801031,-0.1060848,-0.8954182,-0.02979405,-0.74740565,-0.7944483,0.520919,0.722908,-0.9126482,0.21738423,-0.9230031,-0.6903693,-0.6879381,-0.31053174
690,0.41894022,-0.8256884,0.53783214,0.6735818,0.41205108,-0.8522071,0.63256085,0.013847131,-0.38657284,-0.25353616,-0.78425944,-0.5945667,0.1552829,0.59587026,-0.89035517,0.49796832,-0.75717187,-0.4330616,-0.3932926,0.6814765
691,0.49157527,-0.90618765,0.6484265,0.6747804,0.3096776,-0.7829131,0.28094673,-0.2924287,-0.89904696,-0.024613421,-0.72794366,-0.9822432,0.9297877,0.61045605,-0.98936397,0.6066272,-0.6967353,-0.6155147,-0.48473015,0.41432208
692,0.35753602,-0.9463173,0.65698516,0.6144506,0.23832446,-0.5337037,0.34024867,-0.3928359,-0.8129458,0.33184868,-0.611565,-0.97654426,0.9761317,0.64623755,-0.9932325,0.6995315,-0.744268,-0.5535288,-0.3002956,-0.4134613
693,0.35646436,-0.8979222,0.61317915,0.6723646,0.2907006,-0.5374649,0.4364012,-0.12500176,-0.9605018,0.4206277,-0.52366114,-0.8012168,0.43437016,0.94009835,-0.6660062,0.80644935,-0.97658056,-0.23476195,-0.778243,-0.28173065
694,0.41287655,-0.8322785,0.8287971,0.7096435,0.36584273,-0.59772366,0.3867526,-0.15637872,-0.6256296,-0.49430123,-0.4732089,-0.54231554,0.5824105,0.7992009,-0.8189395,0.45027918,-0.91132796,-0.7265375,-0.25659633,-0.6116055
695,0.46017277,-0.876953,0.7710944,0.7160869,0.22989133,-0.91923684,0.98303205,0.18779218,-0.9689834,-0.047009632,-0.30903918,-0.58822244,0.90515095,0.45704156,-0.46237075,0.31898704,-0.940736,-0.7407926,-0.52864635,0.26741907
696,0.4470456,-0.97966933,0.7589945,0.890327,0.82148945,-0.9835185,0.62088746,-0.22035807,-0.71382254,-0.47328132,-0.6409391,-0.7793051,0.44210264,0.80543375,-0.8251192,0.21815442,-0.83393955,-0.2995494,0.1834011,-0.84250075
697,0.4199962,-0.97742724,0.69951534,0.6249631,0.14418556,-0.7316829,-0.03353871,-0.33524728,0.3253577,-0.1646293,-0.7647151,-0.8853571,0.97085726,0.5107509,-0.8352996,0.76676595,-0.5982829,-0.4730467,-0.19564703,0.29234922
698,0.37503043,-0.97344714,0.7675205,0.7287275,0.40528807,-0.9798,0.34776422,-0.9665604,-0.6810969,-0.20344928,-0.59539014,-0.72718406,0.62875164,0.23081675,-0.6926741,0.3017902,-0.48609814,-0.49594757,0.09757712,0.73196465
699,0.34984848,-0.8974284,0.72026944,0.73856515,0.31654328,-0.91619885,0.5713829,-0.8151756,-0.9024088,-0.0428502,-0.7643729,-0.89800507,0.88123065,0.4117491,-0.71439093,0.7605416,-0.5190516,-0.6844584,-0.5289194,0.032901835
700,0.4923946,-0.8482976,0.7717245,0.7656107,0.7865832,-0.90243345,0.4683652,-0.083194435,-0.19339229,-0.9137242,-0.23153852,-0.8743608,0.8877681,0.6700622,-0.6904598,0.21250914,-0.888751,-0.9089975,-0.30702344,-0.8597124
701,0.33455366,-0.86602354,0.6467848,0.74710524,0.523588,-0.5821485,0.15833862,-0.18748686,-0.6210747,0.063032724,-0.74703324,-0.8165927,0.9236411,0.46572757,-0.98675627,0.7237949,-0.41821793,-0.5212303,-0.15333447,0.31409246
702,0.3807369,-0.9451386,0.57606447,0.64259106,0.15072694,-0.8641892,0.36828196,-0.48563114,0.01426764,-0.29081732,-0.62558246,-0.59069574,0.88141865,0.52096564,-0.7649712,0.3255863,-0.778935,-0.44373056,0.094303645,0.07795766
703,0.33795637,-0.8414255,0.7678999,0.6743551,0.46577823,-0.8904998,0.7749177,-0.44393566,-0.7643465,-0.42457813,-0.9182416,-0.33002517,0.69501233,0.47166964,-0.993517,0.4287372,-0.6161666,-0.5227016,-0.27027723,0.3504235
704,0.37230024,-0.90618676,0.807847,0.6631796,0.37966573,-0.6768779,0.41873717,0.10591537,-0.31735948,-0.26553974,-0.9358295,-0.7566543,0.68294436,0.6645155,-0.94744986,0.18542857,-0.9911822,-0.40588716,-0.018071927,0.533587
705,0.42410943,-0.9346506,0.78299826,0.7883261,0.5895166,-0.84534174,0.36248463,0.19041413,0.24117938,-0.13219897,-0.68816084,-0.3519255,0.17194742,0.773948,-0.9545209,0.90607375,-0.8318036,-0.34894443,0.1292158,0.30029497
706,0.3257751,-0.90133107,0.6617163,0.71481943,0.22950341,-0.6455845,0.17391868,0.27611363,-0.4018122,0.25339913,-0.6376481,-0.79713637,0.18775102,0.8304998,-0.86921793,0.5411168,-0.47545028,-0.64930654,-0.078336954,0.5069807
707,0.37830713,-0.95640385,0.64553463,0.5780358,0.36560798,-0.958586,0.25250444,-0.40034315,-0.8721551,-0.11608249,-0.43517584,-0.8891025,0.9378626,0.8923468,-0.8580935,0.91856027,-0.72481287,-0.7815818,-0.47860327,-0.36721778
708,0.33713254,-0.8744732,0.73763424,0.6506204,0.36142668,-0.64670324,0.2473041,-0.38664374,-0.060848843,-0.17072447,-0.8921499,-0.89846295,0.6929457,0.43013024,-0.96853095,0.77134526,-0.7454375,0.09601482,0.10623995,0.120887816
709,0.35316768,-0.93212676,0.68738467,0.6264285,0.48464948,-0.89111257,0.5892816,-0.11121274,-0.82434016,0.013783548,-0.6974553,-0.7105671,0.6692403,0.7187977,-0.77431524,0.033343013,-0.61931616,-0.4105777,0.20090868,-0.26250216
710,0.51353407,-0.95696294,0.6391965,0.62169486,0.4293625,-0.91113913,0.83783,-0.37078544,-0.78097177,-0.34027267,-0.9229915,-0.07519888,0.79502463,0.45270565,-0.9404025,0.63590133,-0.75514966,-0.6664178,-0.24846573,-0.21802464
711,0.42554745,-0.9014106,0.6356059,0.5175685,0.16673383,-0.8022736,0.662541,-0.46601897,-0.8628616,-0.4697114,-0.40768665,-0.84937006,0.9075811,0.6377149,-0.7118245,0.20834424,-0.7022701,-0.990609,-0.30528924,-0.79182875
712,0.389902,-0.9426619,0.63050145,0.6498579,0.27780837,-0.65775126,0.9064994,0.19020233,-0.6593162,-0.59310985,-0.7500401,-0.8831884,0.35356808,0.84305185,-0.99324656,-0.2562316,-0.9425336,-0.7873314,-0.080746375,-0.4596714
713,0.424736,-0.90022135,0.71791923,0.6929424,0.28543755,-0.7063157,0.43739983,0.25272602,-0.7038955,0.28605184,-0.6280394,-0.5806653,0.8495299,0.46567634,-0.7951976,0.9465057,-0.80235094,-0.29142827,-0.5653916,0.032835986
714,0.5197227,-0.99500245,0.6996383,0.6687917,0.5485344,-0.9185353,0.69996107,-0.3738615,-0.78651714,-0.57266647,-0.857758,-0.6938942,0.9017348,0.6135502,-0.970312,-0.21423616,-0.71321476,-0.85560215,0.17440929,-0.18522383
715,0.4027762,-0.93261963,0.63110787,0.7238495,0.19262579,-0.5235018,0.5144971,0.24307145,-0.92656636,0.97610736,-0.4345516,-0.93975013,0.9304816,0.39154172,-0.8343901,0.90799576,-0.96103364,-0.2347401,-0.5732256,-0.12066028
716,0.3552964,-0.9754446,0.7276039,0.6904375,0.36204433,-0.6726635,0.72710747,-0.1956062,-0.5302991,-0.58420974,-0.7208491,-0.56972045,0.30801412,0.8502546,-0.9454022,0.39511144,-0.9428654,-0.8671314,-0.5461441,0.45900735
717,0.4227124,-0.96859473,0.657454,0.6703123,0.35839236,-0.59851867,0.40311468,0.06753153,-0.6189015,-0.53421193,-0.5101951,-0.66042125,0.5251877,0.5726947,-0.97827303,0.0641915,-0.8978965,-0.57407665,-0.033116154,-0.15644532
718,0.32677028,-0.7785562,0.7250414,0.59155506,0.3938151,-0.93940926,0.7206683,-0.44828302,-0.8734558,-0.81141114,-0.58713406,-0.82856977,0.8399627,0.5185811,-0.9330244,0.13911526,-0.89695346,-0.7663789,-0.2601064,-0.1379937
719,0.343208,-0.9491322,0.591694,0.6300166,0.21078931,-0.842304,0.44104043,-0.00178174,-0.5003622,-0.5590533,-0.489073,-0.55324936,0.746553,0.6426422,-0.7854254,0.17851283,-0.768902,-0.9182379,-0.2808147,0.31327426
720,0.39801127,-0.930848,0.6854103,0.7530372,0.43951282,-0.78866047,0.40268996,0.0074064354,-0.53359514,0.67806566,-0.46233386,-0.9223507,0.6755161,0.634538,-0.8262211,0.83779585,-0.9162352,-0.49745026,-0.4716364,-0.19368608
721,0.38332814,-0.9841297,0.72392654,0.5835155,0.44617584,-0.90007865,0.7563263,0.3140942,-0.21184488,-0.5908353,-0.27094778,-0.44405177,0.77158946,0.7870686,-0.6018172,-0.3469294,-0.5328743,-0.82031494,0.4884386,-0.11966003
722,0.3733758,-0.9246021,0.7571168,0.74564934,0.49508703,-0.7440747,0.56107736,-0.027752355,-0.9528364,0.12166766,-0.6741808,-0.8366672,0.49571386,0.6075046,-0.9302069,0.70961756,-0.86811465,-0.61973196,-0.28374255,0.1683295
723,0.37533826,-0.99575615,0.6913695,0.6002136,0.429614,-0.8718433,0.3801628,-0.44848818,-0.7222682,-0.61295474,-0.4932795,-0.7309187,0.81201947,0.7297568,-0.9610663,-0.20227242,-0.5147607,-0.40811667,0.31013703,-0.23385338
724,0.33344388,-0.92833626,0.6853463,0.82871747,0.36221066,-0.82488257,0.46149433,-0.0709143,-0.57680357,-0.15990803,-0.36613104,-0.8490417,0.9617936,0.59307355,-0.75384945,0.4823273,-0.8683424,-0.3212732,-0.19780758,-0.6882158
725,0.41401064,-0.93926775,0.79383695,0.79255474,0.496415,-0.91875166,0.48513377,0.28717276,-0.517531,0.02588437,-0.62720543,-0.62207985,0.33669138,0.8412856,-0.9475324,0.89059013,-0.9857068,-0.8649158,-0.4975303,-0.0010887462
726,0.39556727,-0.85905784,0.79855543,0.7465029,0.5333192,-0.6072961,0.68397295,0.04728999,-0.82843524,0.16043961,-0.27885798,-0.51846975,0.941381,0.683523,-0.54757655,0.9591091,-0.83193797,-0.7481625,-0.66506743,-0.3944862
727,0.44656748,-0.95203066,0.728228,0.65564555,0.20840049,-0.6820498,0.84310097,0.16747953,-0.7278479,-0.17271629,-0.54771185,-0.5240266,0.18449557,0.62431914,-0.76621306,0.41391551,-0.8737511,-0.71125126,-0.17971541,0.31119314
728,0.39862,-0.9739302,0.6905068,0.5622064,0.12750104,-0.78087413,0.39889076,0.4235288,-0.53768414,-0.05567431,-0.230387,-0.80284095,0.0010883966,0.93974096,-0.82585835,0.4887318,-0.94671965,-0.7744046,-0.75632554,-0.096471705
729,0.3973986,-0.98114365,0.6688183,0.80931944,0.4532837,-0.9655424,0.42694756,-0.6070872,-0.18701318,-0.45553592,-0.8789851,-0.83106655,0.4280282,0.60334724,-0.70962775,-0.2458769,-0.6192397,-0.5614274,0.7317442,0.8817484
730,0.25929835,-0.93225306,0.69328105,0.76579857,0.3644962,-0.67287683,0.5485746,-0.27622586,-0.840225,0.21850671,-0.55905473,-0.92996436,0.5872847,0.8712137,-0.9572104,0.5121755,-0.75349045,-0.5798606,-0.14866577,-0.7582851
731,0.32661933,-0.84568095,0.7603675,0.6821413,0.3083761,-0.7993614,0.23230071,0.066590905,-0.0060665524,-0.10185319,-0.83981085,-0.9621795,0.55183244,0.936707,-0.8318317,0.83336264,-0.9457717,-0.17649585,-0.19683474,-0.09689598
732,0.40287182,-0.880605,0.695181,0.7563308,0.39430994,-0.97815096,0.8015227,-0.5265292,-0.9480867,-0.90548545,-0.62086976,-0.89341116,0.68983763,0.42900747,-0.8939274,0.1921259,-0.7475631,-0.602764,-0.29487905,-0.45446697
733,0.38955453,-0.9436257,0.661043,0.68331796,0.1800548,-0.7786582,0.7546063,0.25301918,-0.44110832,0.24171638,-0.59586865,-0.7195933,0.52458566,0.80321527,-0.7886811,0.5240779,-0.88706803,-0.52254796,-0.953725,-0.14754242
734,0.42527714,-0.9613567,0.68527716,0.71750784,0.6505332,-0.7322194,0.8553939,-0.03978375,-0.61148727,-0.0016567814,-0.9834674,-0.52231663,0.38887912,0.8535411,-0.87563074,0.20999864,-0.97178787,-0.8231451,-0.04534406,0.44418076
735,0.3285124,-0.85602796,0.7166306,0.6552652,0.3989423,-0.8891292,0.55089223,-0.60307604,-0.6256335,0.39120987,-0.8598723,-0.8311446,0.51781976,0.5617719,-0.84558636,0.61389774,-0.49451503,-0.17133535,-0.50236523,0.37019292
736,0.4015383,-0.96320087,0.6973727,0.67231244,0.2786723,-0.5472957,0.16791506,-0.10115292,-0.56469953,0.28517535,-0.7550465,-0.83638525,0.76039004,0.62358177,-0.9015641,0.68215656,-0.5362675,-0.5504055,-0.3082659,0.66860634
737,0.46934417,-0.98572296,0.6828789,0.73335403,0.4174661,-0.93276393,0.5482103,-0.7217429,-0.72549516,0.0060156877,-0.69935924,-0.8036501,0.65994525,0.4403629,-0.7397766,0.110930964,-0.5696904,-0.6855765,0.3241328,0.8753788
738,0.42492765,-0.9930968,0.8439504,0.7523369,0.60586196,-0.8907952,0.8916364,-0.06307474,-0.89239836,-0.023391185,-0.521417,-0.63699764,0.17997979,0.7850107,-0.8492086,0.08529861,-0.5950877,-0.6114306,-0.0019487849,0.4151698
739,0.46570215,-0.97441995,0.74749744,0.73772836,0.32008326,-0.7705596,0.40315178,-0.24692541,-0.9124125,0.14844076,-0.502505,-0.6950438,0.6239077,0.5892149,-0.85159254,0.4183517,-0.5648726,-0.75830865,-0.3008108,0.34660384
740,0.38150892,-0.91807663,0.7226671,0.742232,0.5259312,-0.8942698,0.65119493,-0.103173256,-0.2812331,-0.33168578,-0.95352864,-0.75597346,0.77336735,0.28188717,-0.9646157,0.676116,-0.78667957,-0.31923053,-0.24208185,0.19741072
741,0.4587958,-0.8862463,0.727232,0.7858723,0.55282795,-0.96341586,0.61578786,-0.14099431,-0.4930118,-0.5151191,-0.75165355,-0.8597716,0.91653633,0.6783515,-0.7981276,0.2574284,-0.78472507,-0.60448265,-0.2117249,-0.1563765
742,0.29249445,-0.9303948,0.7844303,0.81812257,0.10063046,-0.88476163,0.20002174,-0.87263244,-0.725977,0.2525308,-0.8546115,-0.9894026,0.5914855,0.4499362,-0.8182636,0.90897685,-0.8135113,0.033867504,-0.3033347,0.49007896
743,0.45939896,-0.927223,0.6731432,0.63533765,0.20680305,-0.5372072,0.45795718,-0.23561765,-0.3847471,-0.18314609,-0.48970595,-0.6806449,0.950008,0.8138572,-0.98428124,0.9631494,-0.96996087,-0.44419944,-0.7766411,-0.8010837
744,0.35371563,-0.93659914,0.68826896,0.87349385,0.76342386,-0.76977307,0.3535372,-0.51393336,-0.40129384,-0.039098658,-0.66686493,-0.6211732,0.8968584,0.461912,-0.94115865,0.9362373,-0.77421033,-0.12171175,-0.20613402,-0.19110167
745,0.42182586,-0.9480384,0.7110832,0.79852945,0.6377345,-0.8607703,0.774314,-0.022829989,-0.7305112,-0.5447832,-0.825862,-0.86208826,0.4755927,0.6693108,-0.9539578,-0.12047991,-0.60277706,-0.21418849,0.37248245,-0.21669626
746,0.3941182,-0.92236173,0.7244085,0.5795241,0.11716701,-0.66782784,0.7242899,-0.276953,-0.7365217,0.5364894,-0.7082389,-0.9145929,0.32783493,0.5019109,-0.77238697,0.8970752,-0.75073063,-0.53581977,-0.5450366,0.15781142
747,0.40509778,-0.7839703,0.9170604,0.62842035,0.2740817,-0.67601275,0.33811882,-0.08117677,-0.32093537,0.07578782,-0.6113287,-0.917183,0.6083094,0.6998898,-0.9460872,0.87104034,-0.8221809,-0.5239946,-0.34760886,-0.03907054
748,0.36534482,-0.84906185,0.66570014,0.715534,0.31738582,-0.9848383,0.15119642,-0.4035451,-0.3940159,-0.6491042,-0.6276147,-0.42673618,0.81071985,0.7414082,-0.68791294,0.43824452,-0.7520721,-0.70833504,0.20193046,0.8137426
749,0.43207034,-0.8329458,0.8257116,0.95152473,0.94778866,-0.77354205,0.90620494,0.2697702,-0.7056557,-0.6791344,-0.38684335,-0.68159336,0.96496433,0.816122,-0.81420344,-0.016521627,-0.96830845,-0.9721606,0.2762291,-0.49338955
750,0.3733271,-0.96320605,0.6704891,0.555467,0.12887406,-0.79916936,-0.032192882,-0.8405748,-0.61200434,-0.5340209,-0.82403237,-0.55588144,0.2710665,0.54618275,-0.8844172,0.87455505,-0.75101477,-0.19800286,-0.3160614,0.86699194
751,0.4205509,-0.82946527,0.8099884,0.7194665,0.2813413,-0.8899838,0.14799824,-0.19085027,-0.053637885,-0.5724668,-0.78112525,-0.5644509,0.5651594,0.7113853,-0.8620666,0.2873078,-0.93966365,-0.43283075,0.18972929,0.78277445
752,0.37418324,-0.9696337,0.70492655,0.7520177,0.26433662,-0.94747,0.40056425,-0.5062982,-0.61252034,-0.5852758,-0.6393704,-0.52953064,0.81640327,0.63149565,-0.82064056,0.5142397,-0.9665947,-0.6925406,-0.26504448,-0.1023949
753,0.31558037,-0.90531063,0.6645081,0.63459843,0.105542414,-0.69367176,0.39658815,-0.46314853,-0.35251322,-0.16314337,-0.91734475,-0.8560991,0.5176052,0.6123337,-0.90145516,0.07298615,-0.6528044,-0.33863467,0.025005028,0.13138518
754,0.3999939,-0.8048021,0.7125944,0.67032194,0.14162701,-0.8995049,0.24923111,-0.24507117,-0.9245874,-0.10705226,-0.659882,-0.9550039,0.8650853,0.49682748,-0.9013311,0.56240183,-0.85724056,-0.55983114,-0.4351388,-0.002409862
755,0.39805222,-0.8132054,0.73001623,0.5997958,0.12950511,-0.8565606,0.40516344,0.15211296,-0.19435205,0.10394323,-0.53442186,-0.8922649,0.47956938,0.67838496,-0.7238815,0.7109183,-0.6907432,-0.5390598,-0.5726022,-0.48311824
756,0.5102535,-0.9768045,0.6523979,0.7385189,0.61317533,-0.861011,0.81749785,-0.02745265,-0.6574677,-0.008918993,-0.6277193,-0.35865232,0.6633212,0.6569865,-0.878749,-0.059833813,-0.22703303,-0.60137,0.5146915,0.8100633
757,0.3897399,-0.9325865,0.8046941,0.78636646,0.55819017,-0.6301565,0.43967843,0.51560736,-0.4774779,0.3860123,-0.32295045,-0.6621208,0.5772996,0.8585492,-0.7317031,0.8600956,-0.90758264,-0.82525647,-0.16497308,0.11064278
758,0.43066928,-0.94085526,0.67536205,0.7646193,0.39907098,-0.57340276,0.66597897,-0.32755888,-0.89700216,0.10026455,-0.6243392,-0.38970366,0.9332584,0.5030938,-0.9110604,0.9492679,-0.9365891,-0.61840254,-0.18940216,0.19993602
759,0.4071626,-0.90300894,0.67747265,0.5982392,0.16798429,-0.7872991,0.8190476,-0.016454527,-0.6195816,-0.27091354,-0.41859853,-0.96344125,0.6531543,0.6460217,-0.88581365,0.22460616,-0.54972327,-0.5125901,-0.18242767,-0.58647865
760,0.3184089,-0.9456897,0.7945692,0.61028457,0.06020144,-0.8246937,0.39196745,-0.50554734,-0.8245852,0.0890459,-0.48207933,-0.96424514,0.691824,0.59652776,-0.968179,0.696181,-0.47185048,-0.45894533,-0.6141436,-0.31930354
761,0.33327228,-0.85241175,0.627523,0.5154549,0.23020409,-0.8951961,0.8306606,0.13311829,-0.4252991,0.4377913,-0.69397825,-0.665799,0.64636296,0.6922341,-0.8846681,0.8355538,-0.5956159,-0.54682726,-0.628576,-0.3888514
762,0.4061318,-0.9454311,0.7663172,0.67900556,0.4954572,-0.95127594,0.95884424,0.12927741,-0.74483967,-0.9764707,-0.23214525,-0.418538,0.64793146,0.47812703,-0.8171461,0.050920535,-0.9766516,-0.687629,-0.15431248,-0.42015636
763,0.45430267,-0.9549003,0.75434124,0.6961838,0.42503175,-0.7514921,0.096626565,-0.3469614,0.081240624,-0.90685683,-0.99549335,-0.8778578,0.98218286,0.85521734,-0.95647883,-0.19104177,-0.6519083,-0.72002536,0.401649,0.23146155
764,0.42309538,-0.9508114,0.68717724,0.8085964,0.24831785,-0.861802,0.24490613,-0.22773291,-0.73545414,-0.6986219,-0.8433129,-0.9234413,0.8478399,0.9758091,-0.95421535,0.4243798,-0.8759217,-0.70127344,-0.5275643,-0.39448312
765,0.35073844,-0.8565921,0.6919913,0.75919837,0.19664687,-0.94433534,0.38386345,-0.6040618,-0.6004106,-0.1555051,-0.84471947,-0.82496476,0.45928138,0.23106922,-0.9362622,0.6476398,-0.29292825,-0.15510236,-0.18909125,0.6469092
766,0.34055665,-0.93736094,0.765913,0.5789823,0.25476456,-0.86522305,0.6972273,-0.416294,-0.757758,-0.12958945,-0.5923307,-0.984885,0.94678605,0.35420078,-0.72736007,0.69186056,-0.41941896,-0.44677645,-0.32667705,-0.2668005
767,0.4106108,-0.93989885,0.6813037,0.7512872,0.51695734,-0.84396243,0.7108178,-0.53708166,-0.5615048,0.013213931,-0.6732907,-0.47254163,0.68880117,0.5317842,-0.8267945,0.72625315,-0.41269663,-0.9145319,-0.057245523,0.25415027
768,0.47725236,-0.9086491,0.6838006,0.7801572,0.45021042,-0.7893633,0.78433746,-0.113125324,-0.5479668,-0.5752488,-0.85501325,-0.6611839,0.2940764,0.79602504,-0.79585624,-0.49122512,-0.15213363,-0.6414752,0.3946337,0.8920898
769,0.34594366,-0.8398438,0.7675935,0.8478188,0.6134361,-0.8656501,0.65307534,-0.7000525,-0.6850734,-0.41586518,-0.96559983,-0.5127427,0.7424531,0.3949822,-0.9656303,0.20654415,-0.32019415,-0.47536784,0.121645875,0.59425604
770,0.38584495,-0.9632814,0.7080843,0.83599263,0.51245844,-0.952682,-0.05574881,-0.47123766,-0.17028515,-0.13727905,-0.83850425,-0.8629858,0.34243593,0.76119816,-0.97839534,0.5263476,-0.7318578,-0.17952031,-0.016787635,0.48654088
771,0.36830387,-0.8431384,0.6772968,0.67343295,0.35937405,-0.98291266,0.667167,-0.1261957,-0.9111021,0.08146265,-0.7760066,-0.616131,0.33019337,0.5666419,-0.8270939,0.39507502,-0.66851825,-0.6318048,-0.32345146,0.25409263
772,0.3849437,-0.9949871,0.5873011,0.6831897,0.26435992,-0.847885,0.616734,-0.1400729,-0.5741884,0.31228223,-0.71742946,-0.41001746,0.75369626,0.2364318,-0.9394392,0.9271993,-0.848632,-0.17234744,-0.3925454,0.2809197
773,0.382551,-0.8645673,0.7316841,0.6156847,0.21456772,-0.93649596,0.19599164,-0.1930006,-0.052865535,-0.30785835,-0.7182563,-0.54077137,0.6814899,0.54877365,-0.84863085,0.6908166,-0.52065355,-0.5708679,-0.08528554,0.7856958
774,0.3250173,-0.9093169,0.7161047,0.7194113,0.3013775,-0.80416644,0.2879629,-0.10847917,-0.6684814,-0.03926282,-0.49812895,-0.9261988,0.45024484,0.7415751,-0.84234995,0.60721827,-0.88002396,-0.45579976,-0.43574408,-0.07162718
775,0.39664558,-0.9248218,0.68734175,0.50226957,0.07418533,-0.9394089,0.783292,-0.004532014,-0.056035474,-0.4278508,-0.71243906,-0.33599034,0.7825317,0.39251155,-0.8238626,-0.4229231,-0.879785,-0.9092077,-0.24099196,0.38754883
776,0.3462162,-0.90499794,0.685676,0.61283237,0.22219807,-0.73420876,0.473215,0.032450166,-0.40496105,-0.9414036,-0.6833875,-0.43627062,0.56783473,0.69510984,-0.78009963,-0.11332775,-0.8233675,-0.9474577,0.16114484,0.4936582
777,0.36891913,-0.89232785,0.7100787,0.77105707,0.39376605,-0.57384115,0.35835418,-0.07901318,-0.90034276,0.06885743,-0.507047,-0.8740575,0.63642997,0.7549554,-0.93674994,0.36230037,-0.8502738,-0.49900734,-0.39403802,-0.52943647
778,0.43098408,-0.8171523,0.78374857,0.76071244,0.3106387,-0.79129106,0.6886588,-0.33929676,-0.9689784,-0.3689674,-0.38734946,-0.7145674,0.86614823,0.51036435,-0.95424134,0.7868809,-0.87505496,-0.6269417,-0.41136014,-0.6056854
779,0.43338925,-0.98243135,0.58706814,0.59423053,0.20504506,-0.40314248,0.805708,0.14615156,-0.94486123,-0.13267836,-0.3981409,-0.91199076,0.49816233,0.80848634,-0.8783668,-0.06448148,-0.87347406,-0.9930409,-0.20398752,-0.0907947
780,0.34432346,-0.939147,0.7244586,0.7170263,0.3944938,-0.89415646,0.65150565,-0.52715015,-0.39044195,-0.44921273,-0.9435343,-0.51594883,0.7529112,0.103846684,-0.87971663,0.37397134,-0.8220223,-0.10132394,0.20103489,0.42028803
781,0.41532624,-0.8957914,0.759885,0.8331454,0.509422,-0.6774657,0.57153517,-0.62212354,-0.791504,-0.21337828,-0.86219466,-0.5677571,0.76508516,0.1848442,-0.9825852,0.634652,-0.57526773,-0.32598722,-0.055705074,0.70971256
782,0.31257024,-0.96719027,0.7789077,0.80383086,0.6187508,-0.91582936,0.5705822,-0.2805463,-0.78135794,-0.7691747,-0.7805094,-0.9018677,-0.024058731,0.94528764,-0.646231,0.085967846,-0.9247511,-0.33819452,0.19387417,0.06340306
783,0.36648142,-0.9930618,0.6556141,0.7764507,0.39249936,-0.74483645,0.73862815,0.4537502,-0.6198266,-0.1809186,-0.64198107,-0.7613992,0.32563755,0.89076227,-0.94396484,-0.18713416,-0.7382464,-0.94839996,0.037837032,0.2698835
784,0.35714388,-0.96934897,0.6307504,0.7446675,0.30309904,-0.8404297,0.5252984,-0.29246116,-0.7971717,0.12874721,-0.78648835,-0.88420993,0.48343349,0.73896044,-0.86183697,0.57184446,-0.89416826,-0.22748384,-0.39652166,-0.2603039
785,0.41485596,-0.9480775,0.67004937,0.6296024,0.32824868,-0.86198825,0.59970665,0.08477138,-0.45425236,-0.8030939,-0.57262,-0.46134928,0.4484413,0.8003542,-0.95854324,-0.089337766,-0.82241166,-0.74910957,0.1576738,-0.31462428
786,0.4337612,-0.938899,0.7534565,0.65899986,0.3517844,-0.6556955,0.21277198,-0.10418334,-0.30590528,-0.09426123,-0.7369048,-0.9322406,0.59426767,0.7406053,-0.99039835,0.6458478,-0.69623935,-0.6589471,-0.1930868,0.027402317
787,0.43688294,-0.90137863,0.6957273,0.8487983,0.5075069,-0.8956222,0.83449304,0.005578826,-0.4957444,0.02948752,-0.86720604,-0.761158,0.64898276,0.62536436,-0.91916615,0.63456404,-0.597447,-0.92342055,-0.49900824,0.29525056
788,0.4698458,-0.97039574,0.60164225,0.9499914,0.86675704,-0.5316399,0.4306084,-0.0011383245,-0.9188242,0.2549799,-0.8205198,-0.938227,0.6590135,0.56959057,-0.8828374,0.44337994,-0.80053854,-0.43447924,0.115060166,0.30297732
789,0.36174724,-0.9063374,0.7140052,0.5682869,0.30148524,-0.9783362,0.93571085,0.017831193,-0.890279,-0.35735652,-0.4600632,-0.6084317,-0.042543925,0.94010043,-0.56934655,0.40766615,-0.90881675,-0.8485355,-0.2592556,-0.04353723
790,0.323435,-0.9529997,0.7080955,0.76953024,0.6183623,-0.67885506,0.47079384,-0.26534626,-0.69314176,-0.24247782,-0.82685107,-0.8465045,0.84721875,0.5503971,-0.893666,0.21100795,-0.6330586,-0.32039768,0.18193264,0.011859604
791,0.4064673,-0.9586328,0.47418338,0.5899392,0.24198596,-0.8840484,0.37395373,-0.15452561,-0.52455693,-0.9426728,-0.575864,-0.73146987,0.6110813,0.70575476,-0.9711258,0.13227628,-0.92046547,-0.14672841,-0.03508188,-0.31908384
792,0.36620045,-0.97309387,0.7006447,0.7106837,0.30004495,-0.86859435,0.33399194,-0.1732616,-0.5996563,-0.00959408,-0.72921133,-0.9906672,0.52079916,0.8106729,-0.8558921,0.2531483,-0.95765895,-0.39410493,-0.61714375,-0.03176222
793,0.3891314,-0.9387571,0.749944,0.8172566,0.45380417,-0.7095574,0.7214833,0.21475641,-0.44470158,-0.04531068,-0.98915714,-0.89236915,0.26904812,0.63133276,-0.9116845,0.08310546,-0.84044033,-0.3608244,-0.09784319,0.11242598
794,0.3665212,-0.879242,0.72830176,0.7445542,0.34036177,-0.9734138,0.706729,-0.38757777,-0.61434644,-0.3026323,-0.86137277,-0.55986524,0.86996317,0.6768658,-0.9377794,0.34917405,-0.88132,-0.66214126,-0.50405496,0.17475212
795,0.36467764,-0.98974323,0.61577475,0.6308593,0.21509455,-0.832567,0.625161,-0.03124327,-0.9816783,0.10926306,-0.65802354,-0.7341067,0.29486978,0.68372786,-0.94123703,0.4537189,-0.77073807,-0.6250467,-0.5966714,0.63546765
796,0.41952437,-0.92855877,0.6213875,0.64750046,0.3123561,-0.72868305,0.8081649,-0.14126155,-0.68691385,-0.77854985,-0.41225868,-0.6244927,0.49354416,0.90668225,-0.8917181,0.43879104,-0.9180708,-0.73861116,-0.54485464,-0.7562432
797,0.39745903,-0.8556014,0.57997334,0.62420815,0.20048939,-0.5800263,0.2949503,0.08194737,-0.18116926,0.22485065,-0.4778274,-0.90544623,0.69100755,0.7509065,-0.97168475,0.6420231,-0.7717761,-0.4183566,-0.7354708,-0.4437755
798,0.39920855,-0.9297914,0.77854323,0.6984819,0.21152975,-0.6268449,-0.061225343,-0.5430964,-0.20326582,-0.34107867,-0.5660623,-0.6351989,0.8143574,0.735087,-0.89703745,0.9363468,-0.77157134,-0.353829,-0.33105144,0.025004197
799,0.2915558,-0.90787596,0.7165063,0.5883866,0.27245757,-0.9632372,0.76412046,-0.034592837,-0.9827124,-0.39766166,-0.32668465,-0.2198482,0.43029252,0.73041946,-0.647816,0.5808691,-0.8477758,-0.7513788,-0.36861974,-0.2713391
800,0.40265793,-0.8498778,0.7047197,0.6551203,0.255888,-0.60482836,0.4347762,-0.8914551,-0.4680717,0.19213153,-0.9275588,-0.82838625,0.7567903,0.24405843,-0.96119094,0.54556036,0.24759242,-0.3152555,0.4258051,0.9536319
801,0.35570955,-0.8644367,0.59344155,0.67605215,0.11920295,-0.9804341,0.86654645,-0.316632,-0.17265047,0.2472391,-0.88534546,-0.8945538,0.6289745,0.47108176,-0.86549693,0.5529994,-0.11484486,-0.6256016,-0.32269052,0.2146322
802,0.38208786,-0.96067584,0.6629063,0.72663796,0.32030922,-0.55034435,0.89307815,0.33807513,-0.86769754,0.44181004,-0.38872266,-0.6800616,0.17662765,0.5843093,-0.90587825,0.5754418,-0.83430547,-0.30296525,-0.46071225,0.3349075
803,0.35791913,-0.9897877,0.75899345,0.7719377,0.3198553,-0.7743677,0.2772531,-0.8319287,-0.5550449,-0.096817575,-0.8274933,-0.8050983,0.7377982,0.40170825,-0.9189685,0.3991159,-0.63398635,-0.65424967,-0.09364326,0.96077144
804,0.37514302,-0.88691026,0.62608737,0.74516875,0.65225464,-0.815835,0.7549926,-0.036630955,-0.33902195,-0.7111565,-0.52048135,-0.6757081,0.48047185,0.9743442,-0.870845,0.21824703,-0.82523733,-0.8172168,0.018281138,-0.58421904
805,0.33302906,-0.98161304,0.7401314,0.80710465,0.5286062,-0.96062034,0.92714953,-0.27043566,-0.8696119,-0.40212008,-0.62809783,-0.95492375,0.22870924,0.7500671,-0.9569767,0.59648794,-0.9197871,-0.3903852,-0.38957697,-0.38669723
806,0.4263449,-0.9583497,0.6768339,0.75509214,0.5168871,-0.96814847,0.51261514,-0.7733562,-0.7138465,-0.18608221,-0.8245571,-0.8523702,0.6407479,0.31982484,-0.87044036,0.3021847,-0.39259553,-0.3086189,0.2312831,0.6320772
807,0.41107416,-0.9060016,0.6353653,0.7202598,0.14496753,-0.7526867,0.782888,-0.35973054,-0.8590396,0.99281484,-0.38491443,-0.7467534,0.25211713,0.6940238,-0.65262645,0.6612027,-0.8765902,-0.6715861,-0.8293782,0.7487697
808,0.393095,-0.9851335,0.62430626,0.67155373,0.45975262,-0.8489464,0.7575744,-0.33825397,-0.75353885,-0.31260073,-0.84141827,-0.18453185,0.83177716,0.63925725,-0.83792144,0.10517226,-0.66467285,-0.5641864,0.235067,0.4592093
809,0.2820868,-0.91507787,0.71462506,0.6894403,0.49342373,-0.53897214,0.22081283,-0.028960157,-0.6657739,-0.48368183,-0.383004,-0.76476824,0.6418498,0.6389965,-0.95493495,0.24015956,-0.8268185,-0.24734814,-0.06417527,-0.3163583
810,0.4154008,-0.8838829,0.7124719,0.6526782,0.18359973,-0.6641447,0.6580197,0.048347164,-0.87270945,-0.43724987,-0.49614048,-0.6824196,0.27140036,0.7467082,-0.914054,0.35345072,-0.97455454,-0.45869002,-0.35215375,-0.2513185
811,0.39883614,-0.9634883,0.7568893,0.6538057,0.24263807,-0.7155036,0.24826623,-0.21000181,-0.40732023,0.1925195,-0.5963392,-0.8188583,0.6081941,0.71189183,-0.6993838,0.78032595,-0.7640335,-0.4499089,-0.2943182,0.6225554
812,0.39369577,-0.84983116,0.72104615,0.79587835,0.30101395,-0.7567907,0.59631586,-0.74696183,-0.884982,-0.18372567,-0.68169606,-0.8026992,0.39778566,0.5445535,-0.9077413,0.5640385,-0.5716608,-0.5533959,-0.010236354,0.18497953
813,0.37131527,-0.84999454,0.70941997,0.8529273,0.59550184,-0.7713555,0.6290642,-0.09703631,-0.55872655,0.3103704,-0.521734,-0.72211355,0.30656722,0.9589213,-0.7311511,0.56316453,-0.7290103,-0.29761708,-0.30299446,-0.30980983
814,0.35679594,-0.8625999,0.72373617,0.83072466,0.39366573,-0.46248853,0.3897558,-0.13588671,-0.9916671,0.6771376,-0.94215214,-0.9850298,0.19766445,0.94619435,-0.9304734,0.85409075,-0.9802891,-0.29282323,-0.6706858,0.049195934
815,0.3604296,-0.85456353,0.66080076,0.6788396,0.2598848,-0.60947305,0.6481134,-0.017084623,-0.6459669,0.17679478,-0.44277403,-0.5438826,0.37463772,0.8219453,-0.8237241,0.7245774,-0.979508,-0.6218747,-0.56602937,0.06356358
816,0.39521965,-0.81430644,0.75881404,0.8287279,0.7186736,-0.73523766,0.77594006,0.10670543,-0.857941,-0.2213613,-0.6215712,-0.4880251,0.5068339,0.6568925,-0.8502043,0.78149563,-0.7589105,-0.45014673,-0.17671716,-0.040672857
817,0.4284636,-0.953298,0.6262113,0.6626998,0.1935483,-0.86669135,0.39522755,-0.13812487,-0.39428082,-0.68532795,-0.9880644,-0.8217708,0.5663879,0.96531314,-0.9430278,-0.48429215,-0.5439641,-0.61256564,0.46842065,-0.040847547
818,0.45689487,-0.98123515,0.78468937,0.7297064,0.3734104,-0.60033476,0.53108746,0.11855545,-0.8802529,-0.3106015,-0.6903679,-0.91232085,0.51358324,0.90386283,-0.97841424,0.09983519,-0.65027916,-0.67612743,-0.117008545,-0.58035636
819,0.37256932,-0.9314338,0.6768721,0.68316275,0.47722933,-0.85541064,0.5937721,-0.082364656,-0.69130915,-0.0083647305,-0.4368765,-0.82298815,0.5012313,0.70454454,-0.9692944,0.6102749,-0.36056533,-0.85884374,-0.39362496,-0.456878
820,0.5104912,-0.97555053,0.5110929,0.72717434,0.29892564,-0.9839747,0.781504,-0.27962634,-0.23664372,-0.2706733,-0.62181556,-0.53944427,0.83462584,0.43306902,-0.9619263,0.8286707,-0.8363737,-0.63504815,-0.39742446,-0.058777962
821,0.35851848,-0.8940269,0.7364013,0.8107393,0.2975619,-0.74645126,0.48453334,-0.2841508,-0.27974322,0.54236704,-0.8191069,-0.8408585,0.68248004,0.33322477,-0.8737883,0.7843336,-0.8748529,-0.22104073,-0.16775972,0.7075674
822,0.36299142,-0.9517721,0.53856033,0.6597685,0.5594498,-0.79216886,0.7185677,-0.37757832,-0.96527034,-0.07850734,-0.95036876,-0.52491415,0.9455305,0.5070138,-0.971356,0.50211823,-0.9059868,-0.48012054,-0.2810244,-0.47716397
823,0.36355886,-0.985595,0.58831984,0.6490457,0.23979393,-0.8219971,0.33215088,-0.059336443,-0.48783064,-0.82502264,-0.42078438,-0.2783472,0.42936528,0.8087854,-0.6286941,-0.2038336,-0.778218,-0.5143061,0.30938828,0.58403635
824,0.45481116,-0.93813807,0.60489947,0.70752114,0.21074378,-0.61104196,0.6079207,-0.48759183,-0.89150035,-0.06527363,-0.4589068,-0.90707237,0.48966667,0.5587372,-0.48301756,0.22917782,-0.8882378,-0.5681285,0.19912665,0.39172053
825,0.37323925,-0.9932076,0.6919414,0.59917766,0.32621214,-0.8654508,0.6722828,-0.047621287,-0.6987285,-0.40868306,-0.6428281,-0.87001306,0.38814545,0.7599257,-0.8166858,-0.51153,-0.55252904,-0.5632793,0.08965225,-0.49144736
826,0.39012504,-0.8893788,0.8335627,0.6598171,0.057060543,-0.93748903,0.284755,-0.18031603,-0.1722602,-0.38906044,-0.7019112,-0.74613035,0.26317832,0.96020305,-0.58921695,0.42458028,-0.9398005,-0.25032714,-0.27453664,-0.07377172
827,0.5275619,-0.9584151,0.7621047,0.90092534,0.4961594,-0.8152634,0.6720996,0.3377608,-0.21103907,-0.61020106,-0.8324971,-0.71950954,-0.23986596,0.9751528,-0.990529,0.80294687,-0.7610069,-0.51877135,-0.29413295,0.26904497
828,0.40532365,-0.99031556,0.6535176,0.5859401,0.1873211,-0.7265886,0.79688,0.032038663,-0.8697418,0.28537065,-0.59497684,-0.8871583,0.63460654,0.5945231,-0.8751647,0.26444355,-0.7220712,-0.33480844,-0.2652667,-0.52855897
829,0.3815214,-0.96908695,0.7740774,0.68781537,0.20371579,-0.8595244,0.6938702,-0.19880597,-0.8627194,-0.18193986,-0.4044445,-0.82275534,0.48158228,0.8000245,-0.5555402,-0.016170762,-0.77862453,-0.7184755,-0.22570202,-0.5397114
830,0.41879094,-0.9685362,0.62970877,0.72721064,0.48304486,-0.6905223,0.80246913,0.30297568,-0.64365715,-0.6122349,-0.55116284,-0.25580865,0.40155274,0.73664576,-0.82789177,0.20465703,-0.7899491,-0.6596786,-0.11840826,0.33140767
831,0.45733047,-0.9335491,0.7541878,0.6945827,0.37955597,-0.91356856,0.560453,-0.17912905,-0.8653469,0.066758715,-0.34418187,-0.929111,0.9785435,0.48628038,-0.7681176,-0.058272928,-0.6524719,-0.6503483,-0.09009716,-0.03077381
832,0.36692107,-0.9788245,0.6554181,0.82559144,0.44865745,-0.6425591,0.080756865,-0.03035123,-0.7266528,-0.10723877,-0.92444354,-0.94999665,0.27858654,0.93137807,-0.94094294,0.14034456,-0.33227366,-0.81829274,0.3987902,0.0070018
833,0.41781917,-0.9746857,0.69916534,0.6149431,0.225683,-0.927205,0.76622283,0.014633502,-0.4239216,-0.10537358,-0.35265908,-0.3189168,0.7196398,0.18488367,-0.93458384,0.7901356,-0.5433937,-0.40540802,-0.14905846,0.55384856
834,0.38352636,-0.9215984,0.7224724,0.71472865,0.48051432,-0.7939686,0.82509273,0.1764356,-0.97705567,0.46486428,-0.52837735,-0.752871,0.39033112,0.63021684,-0.48446995,-0.10430841,-0.7806485,-0.6256208,-0.015506782,0.5511998
835,0.29596436,-0.8403972,0.7002384,0.6923876,0.27939087,-0.59806097,0.26534683,-0.27370262,-0.6789577,-0.7681347,-0.6920078,-0.9069988,0.64574635,0.86525834,-0.88185316,0.102477595,-0.7140841,-0.87257624,0.1550776,-0.26897034
836,0.33709183,-0.96633583,0.6393783,0.49878937,0.25400352,-0.96889395,0.12833089,-0.3815072,-0.1474012,-0.27863982,-0.90151113,-0.80111015,0.6123927,0.7857253,-0.9317384,0.04580511,-0.9478052,-0.06332067,-0.080884025,-0.09740343
837,0.29766414,-0.919676,0.71767014,0.7730514,0.5498788,-0.56416076,0.6278446,-0.2269099,-0.9687449,-0.85498035,-0.81520545,-0.7390319,0.6250559,0.8358785,-0.8398483,-0.4772461,-0.6748468,-0.92009145,0.5730469,-0.35281953
838,0.38603365,-0.92940396,0.7344244,0.757886,0.29117757,-0.93322283,0.61155736,-0.19755316,-0.6881232,-0.12963024,-0.61660296,-0.84898657,0.53315616,0.6376263,-0.834688,0.23448204,-0.6601626,-0.47942287,-0.033771455,-0.116338275
839,0.30906552,-0.8847727,0.83579224,0.6493953,0.27798328,-0.9515155,0.894029,0.08356447,-0.62024736,-0.7920184,-0.71751684,-0.9513879,0.7277499,0.8158643,-0.7303323,-0.18078402,-0.8691779,-0.83127046,0.063703224,-0.5822861
840,0.42997527,-0.93236023,0.6831738,0.67976755,0.47625154,-0.6269224,0.8748745,0.45489383,-0.922298,-0.15347871,-0.1577427,-0.9447139,0.5232392,0.72976726,-0.71272075,0.17412686,-0.90639293,-0.75712013,-0.26805818,-0.5412511
841,0.3594664,-0.89464724,0.71922976,0.6907588,0.34720862,-0.6922963,0.6440569,-0.053309035,-0.95680094,0.045490533,-0.5066409,-0.62314653,0.3997621,0.7945438,-0.98703617,0.40399632,-0.9324891,-0.52046376,-0.25967428,-0.5412565
842,0.30252054,-0.91797894,0.72368336,0.77179843,0.2973369,-0.94590455,0.5644599,-0.16924132,-0.65845734,-0.45813748,-0.609941,-0.7216497,0.3328339,0.60161144,-0.7353807,0.18360075,-0.8457015,-0.5099804,-0.02716151,0.09845225
843,0.38294291,-0.9125672,0.8044457,0.7365403,0.24855487,-0.66218644,0.42740524,-0.15428269,-0.9768082,0.23406117,-0.7813444,-0.69095826,0.26946872,0.9752285,-0.7984689,0.9065424,-0.79147357,-0.8524012,-0.7652604,0.39673063
844,0.35917294,-0.97526884,0.7301974,0.5752396,0.056935273,-0.9508515,0.43106592,-0.48275748,-0.4462432,0.24492541,-0.90803427,-0.9809963,0.4494644,0.5739348,-0.7828506,0.8032035,-0.6100517,-0.28830278,-0.52444464,-0.065361924
845,0.30496514,-0.8616496,0.63156754,0.6756464,0.118455574,-0.7852233,0.3947094,0.2425786,-0.7471818,-0.47496778,-0.34994617,-0.35469058,0.431409,0.773942,-0.8526748,0.005643801,-0.46005476,-0.64087886,0.24372225,-0.034765914
846,0.37293926,-0.99149513,0.752254,0.8471052,0.4457931,-0.63954747,0.75865936,0.012726803,-0.8800603,-0.24625178,-0.6909368,-0.73994035,0.5931015,0.5978159,-0.90545875,0.17081974,-0.9460067,-0.5019774,-0.103755414,-0.12632121
847,0.41970938,-0.8639285,0.662222,0.708734,0.21717484,-0.9168573,0.7564922,-0.25785598,-0.51011705,0.10309414,-0.80803674,-0.49415636,0.8662527,0.47858575,-0.9535686,0.56061757,-0.6456144,-0.66140646,-0.48672077,-0.032202274
848,0.4475705,-0.9141976,0.70915276,0.8277614,0.7182525,-0.71930784,0.5985308,0.04032671,-0.53044593,-0.41614205,-0.8104336,-0.4941901,0.59610677,0.9582136,-0.9096672,0.52178746,-0.948117,-0.911018,0.004185165,-0.20823105
849,0.37161642,-0.95062935,0.776492,0.8454667,0.9023561,-0.9634029,0.6583763,0.060702763,-0.9700282,-0.94804865,-0.7053946,-0.48349527,0.68819165,0.7770664,-0.9410185,-0.2082942,-0.5507867,-0.70844483,0.5274209,-0.10197509
850,0.35445964,-0.9227113,0.65381265,0.8701943,0.4882637,-0.5470757,0.6770885,-0.6148198,-0.6148201,-0.048457984,-0.9180774,-0.85458773,0.56706905,0.5313302,-0.94549274,0.72500086,-0.5836367,-0.18246454,0.04059215,0.5978383
851,0.42176816,-0.91900015,0.5708759,0.64928323,0.048939828,-0.29957825,0.4026525,0.18401198,-0.45493942,0.5624157,-0.98062724,-0.9087257,0.4584509,0.8032077,-0.9399877,0.97655845,-0.9606842,-0.50936836,-0.4165956,0.0748003
852,0.41134292,-0.9463476,0.70582443,0.62700516,0.33836523,-0.7088951,0.50117385,-0.39635652,-0.94197476,-0.47261572,-0.54746485,-0.6447716,0.9235179,0.56636417,-0.8304647,0.6615139,-0.46370092,-0.79558295,0.14328648,0.028971413
853,0.421029,-0.93071467,0.7906023,0.7251912,0.3364581,-0.80116934,0.6867308,-0.5769717,-0.66459733,0.16093287,-0.68489236,-0.81973255,0.6318307,0.5467798,-0.658115,0.5770231,-0.8026028,-0.5620396,-0.49958566,0.57305735
854,0.30016062,-0.85622346,0.8069565,0.6571043,0.4296232,-0.65280724,0.3377808,-0.09908275,-0.98179215,-0.030842993,-0.83772165,-0.83775425,0.35482886,0.7964368,-0.887279,0.35526225,-0.79223174,-0.51323307,-0.06316941,-0.037734956
855,0.38693252,-0.9593036,0.62523365,0.6717919,0.28459102,-0.79075694,0.72452414,0.39917213,-0.6338242,-0.33860877,-0.342481,-0.32338867,0.44650242,0.72693574,-0.85361165,0.062730305,-0.9309914,-0.74397725,-0.30507147,-0.13110138
856,0.3669238,-0.8748575,0.5807108,0.6037305,0.2627065,-0.7757569,0.42905498,-0.09592579,-0.7033124,-0.332935,-0.50387686,-0.89110464,0.6613828,0.8806576,-0.88371164,-0.06243301,-0.8793866,-0.58736724,-0.27760008,-0.03628875
857,0.3749999,-0.9469405,0.7701442,0.54454774,0.13325305,-0.98330426,0.7429598,0.0013867542,-0.56824714,-0.39219877,-0.5421023,-0.73851055,0.6250431,0.8922949,-0.8143207,-0.003816335,-0.79823923,-0.7315701,-0.35789385,-0.66101843
858,0.33284143,-0.8940497,0.5802209,0.5105111,0.1705072,-0.41343936,0.65052664,0.25257534,-0.9028468,0.56176627,-0.8630983,-0.76107544,0.26800817,0.64692765,-0.9644781,0.5780712,-0.7828911,0.14343998,-0.47692,0.12998672
859,0.42472398,-0.94397277,0.6391629,0.6197772,0.31916133,-0.84015805,0.8063204,0.29097295,-0.9879945,0.113867074,-0.84739596,-0.5064116,0.29686823,0.70509833,-0.8843461,0.26384646,-0.70527154,-0.6553186,-0.28235835,-0.0440582
860,0.25937662,-0.92943275,0.5692298,0.6426607,-0.010379738,-0.97365415,-0.009368485,-0.4470506,-0.4949876,-0.34060556,-0.6009858,-0.9635532,0.7118937,0.50281197,-0.8877553,0.54825443,-0.81050044,-0.08798942,-0.3670153,-0.3214388
861,0.34433997,-0.8743108,0.65360427,0.67132163,0.45040616,-0.8707992,0.7096715,-0.04612966,-0.7037,-0.2430852,-0.84205323,-0.53972757,0.8708499,0.6519541,-0.91622514,0.18905972,-0.7906291,-0.7892494,-0.07899284,-0.19500095
862,0.4020112,-0.8851134,0.76231974,0.8201711,0.7655025,-0.9819276,0.0919123,-0.7576655,-0.5334494,-0.35655403,-0.8353719,-0.78664136,0.97378993,0.33653235,-0.64539343,0.566617,-0.2952816,-0.19335702,0.39260125,0.37011075
863,0.44436812,-0.81418777,0.81430626,0.7519457,0.36773506,-0.7348557,0.45068336,0.0134741645,-0.3108993,-0.831315,-0.58018756,-0.59373224,0.69207805,0.7876201,-0.9344453,-0.16533215,-0.77234435,-0.66859263,-0.03559538,-0.6228158
864,0.33478487,-0.9085959,0.60419875,0.54270166,0.086724795,-0.6860798,0.7461972,-0.3405814,-0.7582797,0.143438,-0.6131609,-0.7916983,0.609146,0.6345953,-0.76296514,0.36799765,-0.9900533,-0.56347346,-0.49480793,-0.41482747
865,0.35371682,-0.91359067,0.64958286,0.6711891,0.22523946,-0.9141875,0.88686645,-0.07462541,-0.99032986,0.21279216,-0.7277488,-0.42860025,0.18425766,0.6151776,-0.89238995,0.7117374,-0.93231344,-0.48056042,-0.3543439,0.23711456
866,0.36462277,-0.8079235,0.7071899,0.6025397,0.2274603,-0.75401956,0.30782503,-0.15351255,-0.5652938,-0.067807086,-0.8346047,-0.63739127,0.25902143,0.67096496,-0.9122213,0.6647402,-0.96529937,-0.4634747,-0.31918997,0.13015403
867,0.45055816,-0.96439487,0.53372115,0.62493545,0.22179121,-0.62880176,-0.05492501,-0.44496846,-0.5074845,0.052964453,-0.72532487,-0.8329502,0.3889649,0.9198128,-0.9237292,0.9298918,-0.94312656,-0.5075056,-0.39354083,0.23228307
868,0.41880947,-0.948967,0.7996003,0.6231801,0.22916418,-0.947824,0.52733326,-0.0153928315,-0.53685224,-0.20629,-0.69440484,-0.8696445,0.0019419541,0.8717295,-0.94999784,0.71449554,-0.9431726,-0.5157127,-0.27858588,-0.39318562
869,0.34130302,-0.88658893,0.6966988,0.7286805,0.36474895,-0.92196697,0.30122644,-0.67664045,-0.26349896,0.2943605,-0.6627493,-0.95544606,0.83431256,0.36946052,-0.5822083,0.6657295,-0.5395553,-0.53741235,-0.30822614,0.40626594
870,0.346158,-0.8999433,0.6994209,0.7300667,0.26494437,-0.9254507,0.5352254,-0.30352524,-0.28775203,-0.6257168,-0.4765404,-0.9372305,0.8419972,0.37363154,-0.5876305,-0.7825323,-0.13489246,-0.5104994,0.63699824,0.02331769
871,0.48007613,-0.95573,0.827142,0.6192512,0.41278562,-0.9155211,0.7139393,-0.53333783,-0.5006904,-0.4490441,-0.91183823,-0.93291813,0.88851917,0.6478999,-0.9096513,-0.09444176,-0.6526184,-0.9442412,-0.11917834,-0.2761557
872,0.31457165,-0.934273,0.66745466,0.64978886,0.33233327,-0.90524906,0.0642457,-0.4207798,-0.2333253,-0.9493056,-0.77525437,-0.6849054,0.2719922,0.7080479,-0.94806004,-0.21696511,-0.30423373,-0.6324391,0.60459447,0.44274718
873,0.33228576,-0.9561943,0.55693376,0.6643597,0.48991936,-0.94823056,0.65833575,-0.11511628,-0.6467982,-0.07570348,-0.19389242,-0.9201162,0.90731806,0.5160409,-0.59040916,0.18333863,-0.6800742,-0.5681293,0.095234655,0.2860927
874,0.3148391,-0.87736076,0.69458425,0.70166457,0.43079165,-0.6055403,0.4593998,0.22625975,-0.3192192,-0.3683723,-0.7257368,-0.8230449,0.8244579,0.89761937,-0.9466908,0.109831296,-0.8524593,-0.5651838,0.16158865,-0.13762705
875,0.37206438,-0.9791384,0.76489615,0.73625696,0.28496316,-0.9808597,0.6326555,-0.011244586,-0.43041554,-0.27604103,-0.5506038,-0.93359107,0.6146248,0.85262156,-0.66265696,0.20436694,-0.8316533,-0.74396473,-0.32487553,-0.42205
876,0.38676032,-0.82513696,0.6832895,0.6990444,0.2904129,-0.55041057,0.494142,-0.19036742,-0.7431655,0.52581173,-0.8502185,-0.77846617,0.64189565,0.59342283,-0.94891846,0.4216012,-0.7126158,-0.15395768,-0.46751043,0.0006729001
877,0.41716564,-0.9453397,0.68632466,0.78503895,0.47565353,-0.76624614,0.18060192,0.11284868,-0.4279202,-0.28761077,-0.67202634,-0.115430206,0.46175984,0.5820894,-0.943524,0.22879559,-0.7762857,-0.28951338,0.013777527,0.06260512
878,0.37371793,-0.8703146,0.65429467,0.6801877,0.27963412,-0.5959316,0.8971772,-0.16184716,-0.86008257,0.22288355,-0.2350115,-0.67716414,0.5058788,0.65968466,-0.5903279,0.73259836,-0.5767243,-0.83630025,-0.2013499,0.23360805
879,0.33939794,-0.96991664,0.77801603,0.76501024,0.29166147,-0.94905674,-0.19936465,-0.3868265,-0.38012478,-0.7325808,-0.53929543,-0.870363,0.25853375,0.8538474,-0.68793625,0.07996273,-0.81436366,-0.38384908,-0.13241494,0.2904449
880,0.41336295,-0.9730158,0.75740796,0.63851535,0.29330397,-0.889629,0.7775041,0.24004537,-0.86266434,-0.6000344,-0.19777617,-0.94048893,0.67909247,0.6731119,-0.70975065,-0.21350777,-0.7977163,-0.7955865,-0.079865314,-0.64636153
881,0.38102713,-0.9371473,0.7133835,0.7118807,0.37833706,-0.7998328,0.354652,-0.030388515,-0.37996542,0.0034068765,-0.63611376,-0.981156,0.2512976,0.7544337,-0.7711019,0.22450414,-0.49346623,-0.7091128,0.11585216,0.3228459
882,0.413129,-0.92754287,0.7039988,0.5908598,0.15284204,-0.7723857,0.7328049,-0.18784525,-0.698632,0.116534814,-0.42366534,-0.29928485,0.32981443,0.49959576,-0.7015197,0.842251,-0.9246759,-0.27819043,-0.6710273,-0.18236744
883,0.30832937,-0.90950894,0.55585134,0.54294026,0.04074901,-0.8761122,0.3842507,-0.41509354,-0.52661544,0.2348703,-0.5627637,-0.7941409,0.69972515,0.54496086,-0.8262759,0.46705866,-0.8459452,-0.47514445,-0.68933344,0.062587135
884,0.31979644,-0.9134175,0.6922916,0.8211421,0.5220368,-0.92987716,-0.08643285,-0.6655844,-0.12963413,-0.050571878,-0.8752248,-0.9924373,0.28997034,0.4410153,-0.8930388,0.5481518,-0.62729996,0.12214924,0.44767478,0.5756653
885,0.4359103,-0.85279727,0.8020283,0.7895085,0.51119745,-0.5045953,0.93137944,0.51448834,-0.9764911,0.059914406,-0.5645866,-0.9330677,0.21523714,0.7793484,-0.8123573,-0.000574154,-0.7473939,-0.6996266,-0.19041553,-0.05931959
886,0.3923358,-0.9802982,0.7377211,0.6762333,0.26459926,-0.6080278,0.28947484,0.096307546,-0.68985474,0.00851565,-0.51097053,-0.7114725,0.8507584,0.95909864,-0.89009774,0.39550224,-0.94214475,-0.73996735,-0.2344405,-0.4601119
887,0.35917982,-0.97137886,0.7385938,0.7291319,0.29901022,-0.89182085,0.38554102,-0.13839823,-0.87917554,0.33196026,-0.9611624,-0.8865606,0.32078457,0.4252959,-0.89569575,0.92660403,-0.8771446,-0.051731963,-0.72319114,0.31600913
888,0.44717482,-0.95877,0.7369228,0.57736385,0.2733328,-0.6052399,0.8341016,0.05191271,-0.9100159,0.35329247,-0.48001772,-0.7832152,0.42849737,0.7696577,-0.7361704,0.5720875,-0.9856123,-0.9072445,-0.31192017,-0.06390982
889,0.3504439,-0.89811283,0.7174601,0.73711807,0.32686153,-0.95015633,0.5040893,-0.25013816,-0.5884355,-0.59162706,-0.8829562,-0.86610025,0.62849194,0.82146865,-0.9898387,-0.012532601,-0.7997525,-0.37451926,0.19847128,-0.21136084
890,0.3237711,-0.8731268,0.7284045,0.71035516,0.26436296,-0.7648861,0.5178448,-0.40054712,-0.64455485,0.13520296,-0.78504324,-0.8685295,0.8023172,0.4638561,-0.90323704,0.69536275,-0.76365983,-0.24613547,-0.3162447,-0.1745107
891,0.41496095,-0.9418048,0.51559424,0.595585,0.41727448,-0.8740788,0.73059684,-0.025155205,-0.5990546,-0.096906915,-0.5013113,-0.9543669,0.71259224,0.61240894,-0.9078012,-0.1779515,-0.45783496,-0.47259644,-0.18326358,-0.70105857
892,0.35180593,-0.9695162,0.72892755,0.68469584,0.50868356,-0.7283743,0.5767336,-0.10688949,-0.5228998,-0.4550104,-0.45855334,-0.35679695,0.8256605,0.4124539,-0.88780385,0.15692598,-0.71856445,-0.7638866,-0.18897843,-0.20299564
893,0.38978064,-0.9353455,0.7155408,0.70626575,0.36450782,-0.6268393,-0.029681237,-0.65606743,-0.50254595,-0.3638689,-0.94552606,-0.6715903,0.41730517,0.783972,-0.9700379,0.6584265,-0.8962079,-0.4868971,-0.22478415,0.117533974
894,0.39333808,-0.93263453,0.63664365,0.7401044,0.6487097,-0.6169384,0.9072532,0.13247678,-0.820198,0.2212303,-0.916132,-0.92738384,0.575681,0.6031559,-0.9269691,0.64029074,-0.8770857,-0.4893811,-0.35205296,-0.49500912
895,0.36524507,-0.940725,0.667172,0.6284167,0.22209185,-0.93578035,0.59261864,0.11553699,-0.15249221,-0.44825798,-0.62523293,-0.671314,0.97071517,0.45216063,-0.9202445,0.1604438,-0.75619984,-0.49888262,0.02911412,-0.3493147
896,0.29050457,-0.8346925,0.68940824,0.6964348,0.32037038,-0.60515535,0.9325173,-0.043977667,-0.35597947,-0.9822924,-0.40060973,-0.6765342,0.43335226,0.90236926,-0.7803721,0.011105983,-0.8165584,-0.82087576,-0.106661394,-0.089177914
897,0.45455322,-0.9686663,0.78385353,0.8662524,0.5195954,-0.7913664,0.77528715,0.44290775,-0.44032,0.65789086,-0.6555859,-0.7934736,0.24812968,0.9743144,-0.99119514,0.7628703,-0.7683705,-0.5769644,-0.16005261,0.018104553
898,0.4467392,-0.9691243,0.71203554,0.59639126,0.18993445,-0.915764,0.45750666,-0.020766422,-0.15604666,-0.687574,-0.7999341,-0.62035036,0.36387962,0.87315536,-0.8876067,0.13877897,-0.96197355,-0.48167166,-0.3179222,-0.5607224
899,0.24444352,-0.8467643,0.62771183,0.586197,0.13764194,-0.49098566,0.6604241,0.40856802,-0.6288171,0.5823733,-0.67093486,-0.9636727,0.08302743,0.62890476,-0.8684017,0.27668545,-0.86808926,-0.30118462,-0.631403,0.19809268
900,0.39863592,-0.963243,0.60833746,0.8007254,0.43398842,-0.9647643,0.65283066,-0.4383722,-0.4178967,0.4369562,-0.6549068,-0.8236524,0.76586944,0.18378468,-0.81975055,0.8886435,-0.37306744,-0.31889933,-0.26132196,0.823262
901,0.34420234,-0.9377527,0.72852594,0.6617102,0.17867602,-0.94592804,0.1458502,-0.6385643,-0.77969307,0.23868795,-0.8678019,-0.8161221,0.9292669,0.23163836,-0.98487985,0.54825133,-0.5752049,-0.23211625,-0.0038610592,0.751878
902,0.4298305,-0.9930643,0.7881059,0.69796765,0.42831838,-0.9754633,0.4553837,-0.23257808,-0.6846544,-0.943948,-0.6374905,-0.82850873,0.6760278,0.80027264,-0.91189784,-0.08070399,-0.71822906,-0.47589338,-0.045186974,-0.19725916
903,0.44790325,-0.9700664,0.7164282,0.6849096,0.34578183,-0.8857074,0.79691094,-0.07797194,-0.42020258,-0.58562845,-0.8938138,-0.85949063,0.90334326,0.63744265,-0.98136723,0.37965077,-0.5622919,-0.7118592,-0.30858487,-0.24893795
904,0.348795,-0.9511685,0.65189254,0.552426,0.08092914,-0.8811598,0.61826587,-0.49189836,-0.8979895,-0.3594739,-0.6876504,-0.30036232,0.5029994,0.30342358,-0.9239819,0.19532588,-0.55423903,-0.5495697,0.03929257,0.2896285
905,0.40239218,-0.98003614,0.6650807,0.7326443,0.1300597,-0.91167927,0.6913866,-0.7207306,-0.9870318,-0.6056123,-0.2740978,-0.6684513,0.7435039,0.4114483,-0.56729466,0.16790581,-0.5918712,-0.83907914,-0.15330797,-0.30843258
906,0.36246273,-0.9962858,0.75857556,0.6851536,0.37659976,-0.90152603,0.61895216,-0.41371304,-0.75861126,0.034412272,-0.7178651,-0.47062024,0.5472771,0.54827267,-0.8666136,0.67949593,-0.47248793,-0.601843,0.06846317,0.2233591
907,0.3008487,-0.90186936,0.71517384,0.6696795,0.14870018,-0.86301875,0.34903955,-0.22534846,-0.56330794,-0.09628264,-0.633333,-0.7364623,0.9640224,0.42459297,-0.78043205,-0.15253603,-0.53072256,-0.2049711,0.2391038,0.459806
908,0.40528423,-0.8456043,0.624133,0.6191596,0.2733314,-0.7354403,0.6826052,-0.070106044,-0.20139778,0.06421594,-0.4372375,-0.31742144,0.72120684,0.68721783,-0.9778184,0.96459156,-0.89163893,-0.5335007,-0.8177636,0.16802847
909,0.40531427,-0.9136969,0.62649596,0.73380363,0.21839671,-0.94052184,0.4031551,-0.015423992,-0.62762946,-0.81899184,-0.5181359,-0.8552478,0.38077495,0.7972769,-0.75453633,0.043800626,-0.80780286,-0.21357547,-0.1939982,-0.30773368
910,0.40301123,-0.9868056,0.716417,0.6453957,0.26430804,-0.80909115,0.71243614,-0.30557683,-0.41912636,-0.25752592,-0.7893567,-0.7005571,0.10042572,0.68594277,-0.8688307,0.35878256,-0.28731424,-0.5226084,0.112166986,0.70541644
911,0.36567235,-0.9765201,0.66234463,0.617058,0.095825434,-0.7363759,0.73534274,-0.31872737,-0.73775667,-0.06523254,-0.5312347,-0.8315235,0.724888,0.32117176,-0.93882114,0.60805404,-0.3314122,-0.70579153,-0.14890695,-0.14952919
912,0.32893983,-0.8570079,0.7587603,0.8122618,0.6313608,-0.7695327,0.49948502,-0.09713365,-0.31171978,-0.8658289,-0.6000976,-0.6467611,0.3574342,0.80009866,-0.91724896,0.17241378,-0.88905674,-0.2879333,0.23045304,-0.2847154
913,0.38218,-0.9363519,0.47931513,0.62646997,0.264837,-0.6778323,0.7849269,0.19054306,-0.95698726,0.03947682,-0.8626351,-0.9939767,0.5486888,0.86363363,-0.91446185,-0.1897027,-0.795843,-0.87149537,0.2598609,0.22619495
914,0.35947353,-0.8498528,0.65954775,0.8841124,0.85185623,-0.8830793,0.5317452,0.09801575,-0.96523094,-0.21391138,-0.09446471,-0.89427125,0.70575064,0.9679505,-0.34386867,-0.6530453,-0.94336796,-0.8475835,0.04443092,0.25891995
915,0.5027438,-0.9635548,0.6446344,0.5812227,0.39816505,-0.6861856,0.86917394,0.048585266,-0.9409321,-0.32172507,-0.39129633,-0.8626491,0.40257892,0.76219505,-0.6660502,0.39368,-0.9932401,-0.88704455,-0.24318908,-0.35211948
916,0.34098357,-0.9205937,0.7405006,0.751542,0.3395216,-0.92037815,0.27446288,-0.29829586,-0.032149207,-0.4063571,-0.88064843,-0.49313015,0.5749871,0.68783855,-0.9934189,0.7933641,-0.7896925,-0.63083076,-0.5771788,-0.025206892
917,0.39751425,-0.86452603,0.6214516,0.6201423,0.15445442,-0.8455632,0.18521917,-0.23949832,0.026811166,-0.6286098,-0.45686042,-0.928296,0.97473073,0.7391992,-0.9595793,0.55320865,-0.42896843,-0.4115033,0.012212486,-0.2829165
918,0.30141395,-0.9846251,0.82997257,0.72429127,0.27059278,-0.6846047,0.18790846,-0.1450297,-0.5140572,-0.9386964,-0.56340325,-0.719717,0.8170028,0.7457005,-0.8813769,-0.07345856,-0.79809,-0.79155385,0.54184645,-0.026386304
919,0.34066838,-0.95708466,0.6394211,0.65584403,0.34603402,-0.6481349,0.98076725,-0.083165474,-0.4775017,-0.084007874,-0.96835226,-0.8262287,0.2268661,0.80711097,-0.9883569,0.2657568,-0.8356606,-0.77509385,-0.64455605,-0.34641036
920,0.45421478,-0.87556595,0.67361885,0.6359905,0.19414043,-0.98336524,0.3257422,-0.12669782,-0.8871801,-0.48976687,-0.6843979,-0.56354004,0.09036857,0.9510987,-0.8874799,0.44574344,-0.96565527,-0.7355581,-0.46011242,0.11366226
921,0.38377944,-0.9731526,0.7325657,0.8206688,0.53338873,-0.7542113,0.82331634,0.010809402,-0.91277635,-0.48623842,-0.7061634,-0.3456247,0.50442207,0.5572175,-0.92243683,0.41414526,-0.98753345,-0.65556765,0.06416482,-0.013312207
922,0.33659697,-0.96262425,0.63315994,0.497634,0.26133358,-0.6785656,0.59021187,0.2239111,-0.9485374,-0.38332832,-0.6472618,-0.78504246,0.6588187,0.730224,-0.87256944,-0.3038535,-0.53763753,-0.6541932,0.25445828,-0.21391387
923,0.42823204,-0.9530079,0.7119934,0.62775457,0.07005204,-0.71764064,0.73557234,-0.10268386,-0.96323544,-0.63881207,-0.8573463,-0.68519425,0.7045993,0.64095485,-0.8754695,0.24833569,-0.9230916,-0.83765435,-0.15429872,0.07652824
924,0.37579307,-0.91282594,0.566552,0.7896174,0.63228065,-0.68838,0.45170006,-0.15460974,-0.7624951,-0.19861546,-0.7271458,-0.96516967,0.38037777,0.8968044,-0.80287284,0.057291094,-0.69423205,-0.6513925,0.44360077,0.2944064
925,0.4950895,-0.91589916,0.6506832,0.79690033,0.46834773,-0.7535407,0.28293508,-0.26641414,-0.40578642,-0.4186138,-0.5256172,-0.74620885,0.51667553,0.77753943,-0.8985298,0.20747478,-0.58197415,-0.61148524,-0.023633119,0.34556073
926,0.3667503,-0.983931,0.7322785,0.751816,0.10517354,-0.8256015,0.27726737,0.2567065,-0.15619008,-0.27306217,-0.4474815,-0.5160796,0.8184451,0.923734,-0.8306297,0.4845294,-0.8530022,-0.72724515,-0.22822733,0.050793014
927,0.39343405,-0.96667117,0.6366926,0.74120516,0.39890724,-0.67997444,0.7636919,0.061054204,-0.5450552,0.04976646,-0.68394834,-0.5939028,0.28295895,0.723226,-0.90336967,0.36918637,-0.61019754,-0.34940293,-0.27088726,-0.2714371
928,0.36405167,-0.83601403,0.7091188,0.7633924,0.31979614,-0.8951655,0.80414027,-0.14397186,-0.75129044,-0.68673784,-0.5361111,-0.8806649,0.40353024,0.61845756,-0.8096552,0.109588936,-0.79696995,-0.70512986,-0.18841615,-0.33861575
929,0.5206477,-0.9905043,0.59917945,0.6379097,-0.0050335224,-0.9268585,0.4458624,0.060347516,-0.6719436,0.25956887,-0.4041732,-0.86027634,0.54933184,0.7553483,-0.6632519,0.31093985,-0.8142344,-0.8032378,-0.34734914,0.124011606
930,0.420406,-0.969484,0.76948786,0.7232186,0.4011448,-0.95714045,0.44335446,0.039107554,-0.39778915,-0.057782333,-0.49480197,-0.9839628,0.69881207,0.57930094,-0.74879754,0.51046187,-0.2546498,-0.68120915,0.09033961,0.064915
931,0.38599375,-0.94088227,0.68117154,0.6550036,0.38973722,-0.81741154,0.3718385,0.069648854,-0.18907,-0.5301535,-0.8647083,-0.9653705,0.18807662,0.7983574,-0.943763,-0.09574963,-0.62637997,-0.36331934,0.116304874,-0.016036425
932,0.3820336,-0.94406086,0.6513481,0.5306757,0.29337782,-0.68953174,0.5918496,-0.01798362,-0.76585895,-0.024526864,-0.21170928,-0.79009235,0.84585977,0.38533202,-0.7021041,0.026456183,-0.74458987,-0.41574696,-0.3178032,-0.32066038
933,0.39971456,-0.94700575,0.66904664,0.6705214,0.4208746,-0.8678098,0.58912843,-0.684615,-0.8189695,-0.63676816,-0.72208005,-0.74596393,0.74136674,0.9096862,-0.8983629,-0.55686617,-0.24486358,-0.9241424,0.34017265,0.35281605
934,0.39591214,-0.99404806,0.70713687,0.8012561,0.9079446,-0.87379247,0.57784545,-0.1884556,-0.74674577,-0.01106662,-0.57854474,-0.8232627,0.9031336,0.5560327,-0.931224,0.13706173,-0.13051985,-0.7758703,0.43333876,0.048168406
935,0.3598907,-0.8975591,0.73410076,0.7447053,0.29803818,-0.9273098,0.85617375,-0.33621907,-0.957353,0.17940098,-0.8884633,-0.8562505,0.7383255,0.16206683,-0.7695859,0.39017886,-0.36267504,-0.34217182,-0.3867254,-0.10777993
936,0.37938485,-0.9640855,0.7556225,0.6041889,0.1344901,-0.732476,0.72280806,0.08229334,-0.67995465,-0.11848208,-0.39903203,-0.792524,0.45130587,0.8883704,-0.87933326,0.08330592,-0.9200493,-0.5468211,0.03203195,-0.41056657
937,0.52437973,-0.9020669,0.68711984,0.82676685,0.4283718,-0.7678178,0.57549334,-0.4489558,-0.30138054,-0.62536234,-0.6147143,-0.802279,0.3073748,0.7395381,-0.79376787,0.9593695,-0.98577344,-0.71146756,-0.38187692,0.51245904
938,0.42425016,-0.9852731,0.61315584,0.71358854,0.40092826,-0.7574707,0.5453999,-0.5920626,-0.9597606,0.1789873,-0.68715405,-0.7761482,0.9419229,0.3627546,-0.9039646,0.7597436,-0.6337527,-0.5004338,-0.44801232,-0.24397053
939,0.3533158,-0.9150351,0.6914043,0.7167921,0.46432465,-0.9094436,0.56972885,0.4825708,-0.8479703,0.42130855,-0.2990969,-0.83509487,0.17613132,0.77896523,-0.6647519,0.45504272,-0.8615895,-0.50078386,-0.2886715,0.29511362
940,0.37541068,-0.9308381,0.7218759,0.71001965,0.5978656,-0.9264021,0.39086118,-0.40770176,-0.5055972,-0.7303648,-0.723611,-0.97561955,0.84417,0.74694705,-0.929034,-0.2667822,-0.59900117,-0.5821263,0.1479259,-0.55254596
941,0.42243543,-0.989661,0.68735856,0.6326077,0.28522277,-0.7997856,0.5928113,0.4523349,-0.6620807,-0.552043,-0.5008933,-0.91904724,0.50755894,0.94170356,-0.9064015,-0.5131864,-0.9925277,-0.80833936,0.045460414,-0.80847037
942,0.565436,-0.921814,0.56561685,0.65076274,0.36658964,-0.94513524,0.7240345,-0.06228319,-0.83464485,-0.3760826,-0.9133556,-0.699939,0.5777426,0.6432119,-0.75663245,0.15655589,-0.678862,-0.72031754,-0.4036348,0.07204173
943,0.33684802,-0.9234061,0.7304714,0.6973867,0.461997,-0.692468,0.48189482,-0.40797535,-0.88076913,0.60185236,-0.50603116,-0.9338185,0.5606219,0.7110229,-0.8368702,0.70902646,-0.61557096,-0.43436536,-0.37395087,-0.07598813
944,0.29704672,-0.9429718,0.7604267,0.7275694,0.33784005,-0.9223794,0.5243291,-0.22928697,-0.62231994,-0.34123647,-0.85131174,-0.92259127,0.18810779,0.6138113,-0.79053295,-0.34253237,-0.35834345,-0.4881209,0.4679217,0.9018268
945,0.3279481,-0.83881336,0.5920675,0.62494797,0.16590388,-0.8464587,0.49346927,0.4914216,-0.5037813,-0.06335816,-0.7219655,-0.8215355,0.39364737,0.5772761,-0.8916179,0.5552072,-0.89432347,-0.041816633,-0.5746755,-0.08163626
946,0.30554357,-0.9939208,0.6923446,0.71926934,0.3636886,-0.94035715,0.7692441,-0.2370566,-0.88730675,-0.8595464,-0.40572253,-0.80536366,0.27431625,0.5860451,-0.80245185,-0.031067546,-0.8839547,-0.6814228,-0.002532031,-0.41328
947,0.3316167,-0.8937789,0.71309257,0.69516176,0.2882684,-0.91897076,0.27600253,-0.2637104,0.15699168,-0.82654333,-0.4749586,-0.80799025,0.8166228,0.9106289,-0.7275926,-0.12096541,-0.6059703,-0.7646608,0.37348363,0.20964816
948,0.3396155,-0.9361603,0.67894995,0.69457126,0.2740909,-0.9453014,0.9523439,-0.069844216,-0.47427842,-0.42117447,-0.77564436,-0.8064619,0.69006926,0.53200305,-0.9829379,-0.095477626,-0.60273296,-0.69431585,0.2511111,-0.5869033
949,0.329093,-0.93356955,0.92065537,0.74046636,0.48687962,-0.9553058,0.9399521,0.004058415,-0.6444841,-0.30532828,-0.7661902,-0.57856953,0.63203555,0.68863046,-0.8860654,0.24602717,-0.83607453,-0.86532253,-0.18291618,0.05146652
950,0.36046252,-0.9292095,0.6009994,0.7608828,0.46581918,-0.3960931,0.4531989,-0.036336184,-0.8756351,-0.16390334,-0.59746,-0.9305591,0.53960526,0.80216575,-0.9301925,0.6647716,-0.9387469,-0.2758811,-0.1197585,-0.177085
951,0.41572833,-0.9371396,0.6553762,0.8180235,0.4930004,-0.6837471,0.7835178,-0.33776623,-0.8780129,-0.03254313,-0.5369859,-0.4613159,0.12229996,0.90081424,-0.64197165,0.23948877,-0.93690944,-0.74933386,-0.110132724,0.36805487
952,0.25985426,-0.9120105,0.63355124,0.6963718,0.2975504,-0.9830666,0.11528173,-0.40171275,-0.06642273,-0.0511626,-0.92071635,-0.96669847,0.85643655,0.5304925,-0.60788614,0.5763699,-0.6745412,-0.018325731,-0.30469793,0.31971595
953,0.41801322,-0.94217813,0.6729223,0.6595383,0.14563867,-0.8232994,0.64866716,-0.2853928,-0.47825086,-0.051416818,-0.7400076,-0.6257734,0.72852916,0.65415436,-0.7574088,0.73625356,-0.775046,-0.47335702,-0.5266953,0.10807927
954,0.46789843,-0.88072944,0.7033963,0.95694226,0.77170855,-0.8789849,0.6629645,-0.37553865,-0.9869156,-0.82052624,-0.8107812,-0.6891199,0.80362654,0.696541,-0.6123166,-0.030614963,-0.8912338,-0.97623914,0.16218062,0.29174322
955,0.49562937,-0.95596904,0.6941262,0.72111887,0.5092263,-0.8541182,0.52338725,-0.03676606,-0.6772417,-0.21893822,-0.44176626,-0.65333265,0.62246716,0.67221594,-0.672733,0.060946874,-0.91758674,-0.45244223,-0.2909083,-0.479806
956,0.47468224,-0.9621194,0.5838221,0.70265335,0.2390776,-0.8829897,0.4281645,-0.6433043,-0.42273775,-0.6318326,-0.9221207,-0.721946,0.68461084,0.3772949,-0.90820104,0.19671494,-0.6532077,-0.46471083,-0.18107383,0.20066334
957,0.3247874,-0.9268283,0.77102786,0.70771253,0.21895377,-0.71894515,0.6674511,0.18850863,-0.7450636,0.20131965,-0.8001654,-0.6567005,0.28430778,0.28597528,-0.87709856,0.7287154,-0.958426,-0.08300471,-0.646603,0.5078714
958,0.45514867,-0.9810676,0.6614506,0.72076154,0.43438032,-0.8291739,0.48888066,0.35373536,-0.52681106,0.19041546,-0.4069043,-0.56538856,0.5128137,0.6387473,-0.96443003,0.8853258,-0.9486005,-0.26817384,-0.4765761,0.16430192
959,0.33329862,-0.973877,0.7419285,0.6927913,0.35164243,-0.8045156,-0.1061366,-0.058257148,-0.055666298,-0.17659436,-0.8644313,-0.92629397,0.4024351,0.8457769,-0.8969152,0.92805785,-0.97990936,0.18700014,-0.16467077,-0.11606785
960,0.41388276,-0.9274031,0.69351244,0.6893884,0.20332998,-0.9185023,0.35341913,-0.297552,-0.06524887,0.31617945,-0.9267939,-0.72983944,0.3567584,0.5217264,-0.91585255,0.70263875,-0.6797813,-0.25271344,-0.069201805,0.65585756
961,0.45064533,-0.9931397,0.7340364,0.60879654,0.2134042,-0.6186423,0.3254888,0.26120353,-0.5047443,0.065838836,-0.6201827,-0.5594192,0.21482755,0.97193754,-0.9830239,0.4585003,-0.9945763,-0.44364706,0.024750942,-0.2647987
962,0.3284908,-0.92732656,0.6510565,0.59130394,0.33508882,-0.7906765,0.022143694,-0.2878232,-0.19068484,0.035852086,-0.7369279,-0.8807009,0.829887,0.7751305,-0.953827,0.6267898,-0.64733905,-0.44311902,0.03896347,0.12790309
963,0.37530595,-0.8456362,0.8304766,0.7369768,0.24760506,-0.49626544,0.5582787,-0.6445094,-0.6652642,-0.36193156,-0.5859717,-0.3509813,0.811803,0.4594019,-0.9160497,0.7003364,-0.91394997,-0.5703963,-0.61912614,0.42961508
964,0.3971245,-0.86123395,0.70920426,0.60600114,0.17518319,-0.89073586,0.20999388,-0.18505947,-0.36524892,0.039216556,-0.35936013,-0.4312693,0.847778,0.391517,-0.7064573,0.95250314,-0.8790074,-0.2780841,-0.6432119,0.027753122
965,0.37630683,-0.87492526,0.7902429,0.86257136,0.62268895,-0.80091447,0.9360976,0.016815167,-0.7805362,-0.08376065,-0.8651675,-0.990341,0.07418984,0.8668291,-0.8925116,0.52524126,-0.9364429,-0.5498829,-0.020456523,-0.28378743
966,0.51227885,-0.9751301,0.6936463,0.72211075,0.24172777,-0.8692571,0.8009461,0.02406174,-0.66050947,-0.037341427,-0.4693993,-0.8757553,0.4434555,0.6930854,-0.9468089,0.8208459,-0.5109523,-0.78760254,-0.60094917,0.3233164
967,0.3859435,-0.8411708,0.6446639,0.5937307,0.2644867,-0.69719386,0.96936953,0.15488511,-0.41298905,-0.35410762,-0.28268424,-0.87200403,0.80296034,0.51722705,-0.9192666,-0.09725719,-0.62935865,-0.78336424,-0.21793404,-0.006701687
968,0.42472184,-0.9247358,0.68714106,0.7704637,0.36193693,-0.87373906,0.37629464,0.25351477,-0.32968122,-0.69059956,-0.7543959,-0.8089309,0.6630116,0.6978575,-0.9676565,0.087888524,-0.8965447,-0.6819439,-0.092525005,0.25914586
969,0.33742636,-0.88683105,0.82540756,0.71910757,0.44759154,-0.8176599,0.94523007,-0.3688203,-0.8847174,0.1766557,-0.60369253,-0.99276966,0.6519491,0.39659837,-0.9103114,0.9105091,-0.9801175,-0.47450027,-0.94848627,-0.78144914
970,0.3586053,-0.9773575,0.61708045,0.7481756,0.25460058,-0.9284813,0.6136389,-0.2336119,-0.72405094,-0.7089696,-0.87592566,-0.9127592,0.93266255,0.45064017,-0.8769973,0.27067617,-0.098036155,-0.7927321,0.092911154,0.5146154
971,0.41173184,-0.8896473,0.73056513,0.8255032,0.42373636,-0.96638006,0.5203817,-0.038049143,0.033201333,0.44012657,-0.65637225,-0.69713324,0.9577636,0.22621381,-0.6903685,0.83006734,-0.665631,-0.22077799,-0.16868682,0.67857915
972,0.39475128,-0.8779798,0.88941056,0.7750467,0.39127585,-0.57121056,0.9403743,0.13732356,-0.38108674,-0.4092604,-0.99485487,-0.7832844,0.9370056,0.5940016,-0.9617428,0.112011835,-0.8406375,-0.7665048,-0.058796283,-0.17884897
973,0.32620737,-0.92234194,0.7290789,0.8130607,0.65216994,-0.79097193,0.70468795,-0.014980737,-0.73129255,0.27866188,-0.9295433,-0.71336985,0.4093928,0.3981965,-0.9434215,0.86292326,-0.99606156,-0.20925935,-0.5640185,0.21048076
974,0.30801916,-0.90598166,0.7386125,0.73377395,0.51688546,-0.88582176,0.87045616,-0.33565545,-0.62967056,0.079017706,-0.9179471,-0.81978935,0.902819,0.5548605,-0.9061469,-0.14848863,-0.26278204,-0.50191593,0.20752294,-0.12216657
975,0.45594814,-0.9317168,0.7829706,0.6821518,0.42110488,-0.74390596,0.65188503,0.12628357,-0.7063872,-0.65287834,-0.35423303,-0.4477448,0.86258686,0.79256254,-0.9789679,0.34675127,-0.5706494,-0.8861278,0.18043682,-0.31650698
976,0.3631659,-0.98317975,0.6138062,0.6873856,0.23347026,-0.5109553,0.48562092,-0.29732716,-0.9808385,-0.04328702,-0.63104886,-0.7091725,0.47194836,0.87722456,-0.8963256,0.29202124,-0.8730984,-0.3891244,-0.20357901,0.034603346
977,0.42022765,-0.9654552,0.74113715,0.6224666,0.11326086,-0.28263894,0.5665485,0.2603208,-0.9578063,0.77113724,-0.8680023,-0.76721895,0.31514567,0.9489195,-0.9867822,0.98444116,-0.9189952,-0.7974302,-0.8534535,0.41058517
978,0.38047338,-0.9142694,0.68268543,0.81958747,0.40841192,-0.75624007,0.9286476,-0.06349706,-0.71381974,-0.7825606,-0.5936595,-0.88750124,0.5289147,0.6786097,-0.9529662,-0.5322388,-0.6271271,-0.8375065,0.27849147,-0.16451496
979,0.3750979,-0.9458521,0.7669579,0.6214512,0.32172033,-0.9520517,0.47294927,-0.1918717,-0.3587546,-0.9205284,-0.9956244,-0.74919134,0.8054577,0.5918942,-0.99095464,-0.045977067,-0.8017483,-0.45360637,0.21804258,0.3209747
980,0.34961975,-0.9494698,0.631815,0.7002536,0.3808829,-0.8600215,0.5164262,-0.112165436,-0.667659,0.23050947,-0.6289317,-0.91205645,0.8249335,0.42231613,-0.836196,0.764069,-0.6367351,-0.3786581,-0.5152005,0.06934293
981,0.36881366,-0.9315684,0.743781,0.663624,0.5104856,-0.8782797,0.8918251,0.0068273614,-0.7318128,-0.85869634,-0.924052,-0.9836196,0.69783556,0.67532146,-0.7999889,-0.34239054,-0.6303138,-0.688564,0.47039965,-0.21744044
982,0.40306208,-0.9638163,0.61903244,0.64113843,0.08734279,-0.74601513,0.48127893,-0.39625227,-0.58938146,0.010409475,-0.6992647,-0.9428359,0.23219444,0.52174556,-0.893116,0.67359185,-0.6846727,-0.3176305,-0.31240416,0.78354776
983,0.4047863,-0.92271245,0.67042625,0.7744596,0.3410755,-0.8014147,0.8388397,-0.427187,-0.7872589,-0.6868129,-0.84374124,-0.432264,0.8810701,0.5198941,-0.9285845,0.17701723,-0.42314234,-0.66735363,0.06545302,-0.23781364
984,0.35760763,-0.8946298,0.62589806,0.6186417,0.17361163,-0.19739704,0.4352581,-0.4907435,-0.9477048,0.19831231,-0.6714287,-0.94239527,0.85879004,0.7006024,-0.982743,0.49953285,-0.37879172,-0.6306835,-0.00015484261,0.823334
985,0.42635486,-0.9457403,0.6976877,0.72783685,0.44661433,-0.6707506,0.36178005,0.00873513,-0.7070651,-0.25880027,-0.3154445,-0.9875113,0.8124275,0.9034571,-0.64130193,-0.08131977,-0.70443696,-0.8140348,0.0934134,-0.69637203
986,0.34827176,-0.9685133,0.73037213,0.80614495,0.42075214,-0.8074036,0.39162108,-0.1949569,-0.6122283,-0.76084286,-0.49331823,-0.56664044,-0.0013706168,0.84008116,-0.9519978,0.3395178,-0.59965754,-0.5898582,-0.13713175,0.5300841
987,0.37068146,-0.8007294,0.75166875,0.8161239,0.40840873,-0.9392501,-0.012319345,-0.7042878,-0.45708242,-0.49091703,-0.80370504,-0.7111449,0.74236745,0.58174145,-0.9247095,0.18173555,-0.48699352,-0.09628658,0.42658514,0.12654702
988,0.37110946,-0.9270379,0.72274387,0.69036376,0.40213543,-0.9585924,0.58662677,0.0013855649,-0.4848874,0.21312346,-0.7106233,-0.5939093,0.45308977,0.4999626,-0.9130424,0.85435814,-0.703244,-0.32904428,-0.2502412,-0.027221045
989,0.38198525,-0.9281717,0.57886064,0.6100105,0.23656294,-0.88992727,0.6382589,-0.04034094,-0.59813356,0.25751925,-0.19981799,-0.96852654,0.6978379,0.6086687,-0.6163527,0.56489486,-0.86599857,-0.4451845,-0.62964857,-0.49195564
990,0.37505907,-0.9761124,0.73255044,0.75493956,0.25560698,-0.5881447,0.6101556,-0.24059592,-0.7927439,0.085461244,-0.5794657,-0.9798855,0.9248368,0.74805605,-0.9504284,0.8080765,-0.6791941,-0.64902806,-0.15600272,-0.58833987
991,0.3300079,-0.9550278,0.75306845,0.6247548,0.29831436,-0.85097873,0.65168995,0.15954614,-0.49540102,-0.8152472,-0.98229486,-0.87453777,0.2907565,0.869443,-0.86869395,-0.031688567,-0.88832486,-0.42160594,-0.30277267,-0.25007173
992,0.3904597,-0.98436624,0.68167186,0.69192886,0.24901383,-0.8888203,0.59815246,-0.61782926,-0.88272285,0.29602513,-0.72202224,-0.70953536,0.93964076,0.14098462,-0.94365174,0.82089055,-0.742806,-0.18217672,-0.18096788,0.3516455
993,0.40468022,-0.8927254,0.65298015,0.6447832,0.24203736,-0.71674526,0.20041876,-0.3582592,-0.4317644,-0.13348944,-0.6262317,-0.91267526,0.54066473,0.4850202,-0.78684247,0.56443655,-0.87553215,-0.24268001,-0.62016344,0.1797265
994,0.33470306,-0.9233661,0.74722314,0.85140723,0.69742036,-0.7718582,0.8871382,0.11966519,-0.8899112,-0.2579073,-0.6515661,-0.9337311,0.5948885,0.76327807,-0.98945177,-0.008019987,-0.9817906,-0.56965613,-0.18516123,-0.8744114
995,0.42049605,-0.9623897,0.64419585,0.7338147,0.43563938,-0.8570125,0.7525951,-0.5778547,-0.7388334,-0.5550926,-0.6882325,-0.70724285,0.68982404,0.38541377,-0.85662395,0.20353487,-0.54024357,-0.7009124,0.058377035,-0.32979637
996,0.37675595,-0.9906725,0.64108276,0.56301385,0.14138578,-0.79588383,0.25761688,-0.3344963,-0.72787076,-0.3698852,-0.69626015,-0.72253895,0.41160703,0.95394033,-0.90426445,0.2941994,-0.93770504,-0.48404387,-0.3322322,-0.70517945
997,0.33288217,-0.92397165,0.719515,0.5925103,0.18739532,-0.7824206,0.7827288,0.09144673,-0.78298134,-0.3359323,-0.29702634,-0.16476268,0.59759694,0.53334236,-0.72537696,0.7811841,-0.99000823,-0.49147567,-0.46656722,-0.018277777
998,0.4010508,-0.87028646,0.72474277,0.7855089,0.49096116,-0.5695326,0.8131632,0.32187152,-0.5106361,0.29404983,-0.7126216,-0.8531045,0.8518554,0.6847889,-0.9396399,0.70557433,-0.9404265,-0.6175417,-0.6938295,-0.6193724
999,0.44530272,-0.96471775,0.7730473,0.6748923,0.37241942,-0.7971834,0.8076187,0.065367706,-0.85150266,0.39717105,-0.92202055,-0.7661302,0.43664408,0.66113687,-0.8774011,0.25739342,-0.89560723,-0.7746934,-0.34058702,0.4477156
