,x0,x1,x2,x3,x4,x5,x6,x7,x8,x9,x10,x11,x12,x13,x14,x15,x16,x17,x18,x19
0,0.519730322081218,-0.2193012589942363,0.9882890237556229,0.881116188291256,0.40653844519690113,-0.12089362109855889,0.5269476061962103,0.29700629289920816,0.4014502461054065,0.8753720511814878,0.07036232274085263,0.29556392160611245,0.5316295961287756,0.46749406252060405,-0.8004906827086633,-0.11393075730767467,-0.27609913748170806,-0.3264374505295019,-0.04855896742340592,0.720331698563041
1,0.5068566713787901,-0.22582082467558504,0.9912011945279736,0.878668626825329,0.4430717625609747,-0.14587350324711254,0.5145619968394005,0.2562715558419982,0.39954456721564097,0.8946523463578894,0.08603903442820549,0.3484599348202591,0.49040463669699097,0.4766768560761273,-0.7599470424574535,-0.061384815194988035,-0.26675524333590145,-0.3992791278183506,0.031168385314173232,0.7298876345363485
2,0.506754131301774,-0.21691248000997307,0.9858684607958701,0.9078224418225375,0.3923871697771866,-0.11275068509813675,0.4263824606026235,0.2867204058727888,0.3741476640060711,0.890157376610918,0.12099446791336951,0.28160056309382553,0.4720775529640043,0.5462824643140496,-0.797829366672064,-0.078422741459166,-0.29176216440212827,-0.3518567055117789,-0.024991087953561898,0.805671187097191
3,0.506754131301774,-0.21691248000997307,0.9858684607958701,0.9078224418225375,0.3923871697771866,-0.11275068509813675,0.4263824606026235,0.2867204058727888,0.3741476640060711,0.890157376610918,0.12099446791336951,0.28160056309382553,0.4720775529640043,0.5462824643140496,-0.797829366672064,-0.078422741459166,-0.29176216440212827,-0.3518567055117789,-0.024991087953561898,0.805671187097191
4,0.5127795195178152,-0.19089564243499568,0.9793444166025866,0.914432540668195,0.44647030863134746,-0.082662730199523,0.5203196269737563,0.23880238258226597,0.3360437975327626,0.7631331271157713,0.14358788983868573,0.259140789455001,0.40291479947322545,0.5880685492700881,-0.7003584390843497,-0.04756879157939189,-0.3565494123262626,-0.3785798038418309,-0.008783541224264863,0.9632352727993204
5,0.5110110485841707,-0.18994057049344207,0.9834885816269626,0.9203065922002767,0.4477426913768517,-0.08919060941082474,0.35867153683988795,0.3038838619120519,0.3713699129422118,0.8477100780509641,0.09465215814229044,0.269352198787115,0.4374549679417578,0.6028270506300684,-0.8282204873845458,-0.12199096159612886,-0.33630830093567543,-0.40370982615574824,-0.013994464434366274,0.8847096939162016
6,0.4889851449718855,-0.1769257168928178,0.9824843988579879,0.9232906315845726,0.4354480025640105,-0.05599231486523837,0.5369189151694935,0.2957119506879152,0.36080966939168757,0.8812677091312072,0.04223898005380473,0.301745650005822,0.35439463683885797,0.49024357310514594,-0.7468260643113335,0.07118996948911693,-0.34899756633244977,-0.41490904744384755,-0.001131093878475418,0.9162082494776628
7,0.49611794185610086,-0.2058211406144106,0.9976241652790262,0.8905112712346557,0.4237169747910658,-0.044699898739396324,0.5348913316392584,0.29978807430537213,0.4546746138976862,0.7397889006820099,0.04584767184112116,0.2742641403575584,0.3635994887792166,0.5561825102168635,-0.8884310792895158,-0.11301731311038118,-0.3228702340530677,-0.3960834617602161,-0.07551810162427833,0.806557815326878
8,0.5049295633925155,-0.21208502025804044,0.9914583124634002,0.8833138963790828,0.41422021419162264,-0.05695537456778971,0.5868337626645692,0.171275954583626,0.4469347888948481,0.8012737690306054,0.0603470532638605,0.27841514647286614,0.3224639072080022,0.40785522524671214,-0.8320804255967903,-0.10488918232838688,-0.42514849518395137,-0.3735430956499639,-0.052797692193465896,0.8657081152613438
9,0.4944985961087219,-0.22688584589941668,0.9872570676780887,0.8815396932724876,0.4376038076485578,-0.0234267313991632,0.4976926872713031,0.18493467870547844,0.4084386446704038,0.7876217439979518,0.07935350318310436,0.20513790009533944,0.3792686200432532,0.34947545333801594,-0.8211876748341166,-0.155135750071821,-0.4653620147655362,-0.3218922677670646,0.034224411790723996,0.7826299847640141
10,0.5195035844970025,-0.24675011641353395,0.9937741439484595,0.8462630048436848,0.4289548046756741,-0.11527995333711738,0.585236327881038,0.14882701437207074,0.46249008915565815,0.8591675415401036,0.0645598655550967,0.22090390392378537,0.3209023537249134,0.337303296841881,-0.831137171821525,-0.15667847860912795,-0.4457206639581301,-0.3250922976381301,0.008609988631754942,0.8243963034881455
11,0.5193224962421925,-0.23284485519924414,0.9706912741440704,0.9541143127660328,0.40371596841402785,-0.03676217239187959,0.4895852597096159,0.15563091246705257,0.3600775264042599,0.8091239795723044,0.10811846310153468,0.18296276345493426,0.3018168788233526,0.2678099597302342,-0.7441282637915533,-0.09522601401304824,-0.5417968004037549,-0.3046448070036153,0.07264844626719312,0.8540672848872329
12,0.5010102372381995,-0.21363334048013233,0.9974797165830693,0.8695898229458885,0.40339605704798026,-0.09022172435721297,0.48587809772051505,0.21876569034482937,0.3997348370365989,0.8814531252602044,0.056232597166373535,0.22460980526928784,0.31900351971842505,0.42137431781298773,-0.7944247324478374,-0.07107198701537822,-0.40949224317581606,-0.3582411850248109,-0.03625290597441977,0.9057387630722247
13,0.5108293709651028,-0.2112622166716847,0.9800895142758843,0.8783722559032723,0.47597383201560883,-0.03348583787222148,0.5363477138061191,0.18384986806583312,0.3836735862445041,0.7970802979253637,0.11283813197576531,0.20395717586053705,0.3931811138538716,0.44722953171380553,-0.7774377297756936,-0.15994494914663596,-0.5003290704762406,-0.3713078204997889,0.06700812673519406,0.9079475658612346
14,0.5060985304032811,-0.2048780601508715,0.9933623856833647,0.88953994183316,0.3905645852825028,-0.04854639542627179,0.49816962887959887,0.20483477511931725,0.3674345286661088,0.8383054800511038,0.05247048165170917,0.1693827430833056,0.274805243495718,0.2854505153995474,-0.7598738788480672,-0.06209593273900877,-0.5291103408213857,-0.32727381326498856,-0.006581401764218817,0.884279253132477
15,0.5095748372787947,-0.2136024597143718,0.9932113198340345,0.8852994667772874,0.4519622733692793,-0.03886284999571997,0.5477929655412045,0.202083568612064,0.43073028625748316,0.8945560786177537,-0.009051785647387681,0.1970007061953613,0.28231392255417453,0.3448194818977701,-0.8562683427462487,-0.1365736575995395,-0.46980316543200096,-0.3615063944579654,0.07878456545084433,0.7842983983888775
16,0.5088392470173867,-0.2154176790496581,0.979663915905557,0.8823712547742594,0.42410599179155567,-0.04095809436754328,0.5917838237842,0.24782344624789263,0.4007544256316052,0.8184446568929671,0.019651174611179847,0.23763741010085304,0.3150196249843761,0.33456866966540777,-0.8052069414081332,-0.08376323071612171,-0.40825658881130683,-0.33659789470688645,0.005535972267035977,0.7456368950162748
17,0.51100413428811,-0.21161880035474134,0.9992087805595645,0.926175571795822,0.3903708461065163,-0.05895801411692489,0.5530407663568668,0.25138839160509524,0.38699468431042067,0.8779159603736488,-0.020726214247836813,0.17893325530609028,0.26561961890861535,0.26950676925857275,-0.7860994341379836,-0.0791013970489719,-0.5282195237579942,-0.33657036142564944,0.044845284103936955,0.7396651374312788
18,0.5139982295671272,-0.18957384859420034,0.999147228100786,0.8993456618742122,0.3889676303329204,-0.01827789294531,0.571214053607488,0.2558239435165964,0.3801593150968923,0.8241485435521371,0.041356932186987466,0.23991832120108691,0.26258499661418777,0.29215764117869886,-0.7593079555751032,-0.015029175870294896,-0.49339523589492873,-0.3276784800073678,0.008112660024178363,0.8226285060469447
19,0.5291627688941739,-0.1871526256805569,0.9945462675479481,0.9080852340748888,0.36019843653742156,0.04409926539300669,0.6104705548489371,0.22975367287659926,0.3971402211555456,0.7785727169091734,0.07288897308416299,0.19443896769785388,0.22250409590100884,0.2355151404899509,-0.7912018011389205,-0.08430485015327326,-0.5806985923768793,-0.313836582734583,-0.010679792834498311,0.792629722375003
20,0.5468955540219393,-0.17315394410505272,0.9861378269304492,0.8839632398871188,0.4212850424012005,-0.02521179029766104,0.5879426102927944,0.1954388549775963,0.3969021992569421,0.7848490509188858,0.10230709892137138,0.23878366604895224,0.2934759395705299,0.4116844352751147,-0.8000312933955924,-0.11785137347048968,-0.5136072894663318,-0.3587756770052265,-0.027716843584112884,0.8948610737964466
21,0.514387104175883,-0.19309895527193832,0.9960559604495175,0.8844846749476679,0.45345383242469156,-0.029955404047935064,0.5531215606209319,0.13268209953949803,0.438783986425781,0.7283238630563467,0.11406085006097844,0.1837985134409079,0.2731042545931065,0.4626970056431325,-0.8394804546989413,-0.20348828201181837,-0.4812546696016094,-0.3882839048053147,0.023885044905688296,0.9434433048980184
22,0.4953976399751376,-0.18274686743770813,0.9695521730501833,0.9384091044020226,0.38084617441710117,-0.06978916193087252,0.511491752881691,0.21651403165093586,0.3510717121759551,0.8341998658426636,0.10887089313804668,0.1715002199101343,0.3017850347988706,0.2898990072950544,-0.7297799690283027,-0.0628335031783803,-0.5392806529148239,-0.2990683221459961,0.018652650065627156,0.9088063136437301
23,0.5111995324950035,-0.21420586414171713,0.9798015554024525,0.90568986295554,0.41187086666306494,-0.07245460928161858,0.626560598601975,0.08991667810735651,0.42897516707307354,0.7752037457774666,0.1342672385309624,0.14743021445052176,0.3306205235962135,0.27713657474520187,-0.8004880151149326,-0.24682606082355366,-0.562302580269686,-0.29100402454843916,0.030983177439354193,0.844893972267678
24,0.5111995324950035,-0.21420586414171713,0.9798015554024525,0.90568986295554,0.41187086666306494,-0.07245460928161858,0.626560598601975,0.08991667810735651,0.42897516707307354,0.7752037457774666,0.1342672385309624,0.14743021445052176,0.3306205235962135,0.27713657474520187,-0.8004880151149326,-0.24682606082355366,-0.562302580269686,-0.29100402454843916,0.030983177439354193,0.844893972267678
25,0.5139698240294692,-0.20190217186304685,0.9789577427007343,0.9280314654608791,0.4609863032129448,-0.14124776276961173,0.5732967818717126,0.04527743897520771,0.43050863859730143,0.8337242299007981,0.10765090180243127,0.09691198670684863,0.33146453606017706,0.24564838579825848,-0.8236141686459968,-0.3248020404685604,-0.5765722747350706,-0.279277556770594,0.0946804606320949,0.8381780764072123
26,0.5139698240294692,-0.20190217186304685,0.9789577427007343,0.9280314654608791,0.4609863032129448,-0.14124776276961173,0.5732967818717126,0.04527743897520771,0.43050863859730143,0.8337242299007981,0.10765090180243127,0.09691198670684863,0.33146453606017706,0.24564838579825848,-0.8236141686459968,-0.3248020404685604,-0.5765722747350706,-0.279277556770594,0.0946804606320949,0.8381780764072123
27,0.5283346486485697,-0.22079996123572296,0.9895256646676702,0.9147962971134095,0.4045717764606008,-0.055511912521477885,0.6291763427983287,0.08068504430662451,0.41971185120454113,0.772293955445805,0.12665827189070714,0.12452650609417418,0.19051844608996593,0.2242216597826238,-0.7961904115311074,-0.2408459255526065,-0.6481003309821164,-0.3085644069107343,0.06848520458035967,0.9047407384061792
28,0.5307549508844913,-0.23915311823089733,0.9992530769875667,0.8734444919325824,0.4375873455842902,-0.1284513622714136,0.6431738762087832,-0.008065022492291452,0.49368890626697143,0.7543300628370572,0.16741409300980598,0.12983649857298313,0.3578166236529716,0.24432968839380753,-0.8237193885635343,-0.3951089936465389,-0.6101807645018528,-0.31593199601867783,0.022505682785061758,0.7958480922321176
29,0.5644999313939061,-0.20146203787806463,0.9769856609291203,0.9126477719366826,0.37544569202605055,-0.07517040322968951,0.7518782706247442,0.10759598200423656,0.5139228539958287,0.752496905211061,0.14508479051249668,0.20087218253572003,0.2678172172009819,0.21393263081365607,-0.8635771042481247,-0.2777567728830832,-0.5967147137101807,-0.27878221930884095,-0.05385977180640936,0.723053119635662
30,0.5644999313939061,-0.20146203787806463,0.9769856609291203,0.9126477719366826,0.37544569202605055,-0.07517040322968951,0.7518782706247442,0.10759598200423656,0.5139228539958287,0.752496905211061,0.14508479051249668,0.20087218253572003,0.2678172172009819,0.21393263081365607,-0.8635771042481247,-0.2777567728830832,-0.5967147137101807,-0.27878221930884095,-0.05385977180640936,0.723053119635662
31,0.5644999313939061,-0.20146203787806463,0.9769856609291203,0.9126477719366826,0.37544569202605055,-0.07517040322968951,0.7518782706247442,0.10759598200423656,0.5139228539958287,0.752496905211061,0.14508479051249668,0.20087218253572003,0.2678172172009819,0.21393263081365607,-0.8635771042481247,-0.2777567728830832,-0.5967147137101807,-0.27878221930884095,-0.05385977180640936,0.723053119635662
32,0.5348101957427253,-0.19906036161382032,0.9767368014814733,0.8797945652430661,0.4570865216757636,-0.05309952897445885,0.652295577344575,0.10145102904088062,0.49085462883195125,0.8030335371249222,0.06994358081206492,0.15017633715146253,0.32240266042314375,0.2710593922607294,-0.9203994694496012,-0.2955239608872319,-0.49044569632440627,-0.30407091820444015,0.09344232922685528,0.6339849420859724
33,0.5348101957427253,-0.19906036161382032,0.9767368014814733,0.8797945652430661,0.4570865216757636,-0.05309952897445885,0.652295577344575,0.10145102904088062,0.49085462883195125,0.8030335371249222,0.06994358081206492,0.15017633715146253,0.32240266042314375,0.2710593922607294,-0.9203994694496012,-0.2955239608872319,-0.49044569632440627,-0.30407091820444015,0.09344232922685528,0.6339849420859724
34,0.5348101957427253,-0.19906036161382032,0.9767368014814733,0.8797945652430661,0.4570865216757636,-0.05309952897445885,0.652295577344575,0.10145102904088062,0.49085462883195125,0.8030335371249222,0.06994358081206492,0.15017633715146253,0.32240266042314375,0.2710593922607294,-0.9203994694496012,-0.2955239608872319,-0.49044569632440627,-0.30407091820444015,0.09344232922685528,0.6339849420859724
35,0.5259809363796479,-0.19248138796738748,0.9851838910352726,0.8871140693016915,0.3773946473412269,-0.1381260773849291,0.6298489661486535,0.13931815816942622,0.5001123305130841,0.8719780310890715,0.10287439219850068,0.22471550945973376,0.450915015845679,0.40505404757642705,-0.8570329667631771,-0.2766104681119028,-0.40114517725931564,-0.34242957040090916,-0.11675006384732559,0.6778514550132339
36,0.5259809363796479,-0.19248138796738748,0.9851838910352726,0.8871140693016915,0.3773946473412269,-0.1381260773849291,0.6298489661486535,0.13931815816942622,0.5001123305130841,0.8719780310890715,0.10287439219850068,0.22471550945973376,0.450915015845679,0.40505404757642705,-0.8570329667631771,-0.2766104681119028,-0.40114517725931564,-0.34242957040090916,-0.11675006384732559,0.6778514550132339
37,0.5259809363796479,-0.19248138796738748,0.9851838910352726,0.8871140693016915,0.3773946473412269,-0.1381260773849291,0.6298489661486535,0.13931815816942622,0.5001123305130841,0.8719780310890715,0.10287439219850068,0.22471550945973376,0.450915015845679,0.40505404757642705,-0.8570329667631771,-0.2766104681119028,-0.40114517725931564,-0.34242957040090916,-0.11675006384732559,0.6778514550132339
38,0.523200699530619,-0.19006658971829699,0.9832249704784936,0.8755558543445834,0.4312468019328717,-0.0243559059879803,0.5544733385188282,0.18759257106818963,0.39808759848157554,0.8485412805382148,0.06040579081427236,0.22069416510259018,0.3446053865272309,0.3548052132577668,-0.892536143892658,-0.19367574106102883,-0.43897959630758904,-0.354046657141878,0.06027529362497862,0.7196845068407957
39,0.5163065167696248,-0.1918300531290115,0.9950537402341308,0.8803503944889587,0.39386908779873914,-0.093499386011611,0.6411694540181812,0.14144537544663793,0.4416411908225233,0.801060799744886,0.07446818490443201,0.22021144542438803,0.31667653328583556,0.32404499001348475,-0.7868669666652472,-0.1763533560957179,-0.5373209743843699,-0.3325807780804454,-0.02597615734270526,0.795587577981258
40,0.5256954350169389,-0.20074560196033253,0.9912090121390474,0.8598601457880622,0.43844990957905466,0.00847158110401517,0.600888883837782,0.18111417548093844,0.44688614760930345,0.7025170170628031,0.15035765338257312,0.20777811948513153,0.35771133266373945,0.40418232048107305,-0.8642918471279817,-0.22031208300028193,-0.5137590400697812,-0.3697327674403988,-0.030952508730361625,0.7877694173212269
41,0.494434474702799,-0.18011898719456762,0.9923274937302504,0.8973938881691812,0.3470518986065154,-0.018977493208751212,0.6587870599318328,0.21182620322983947,0.4663363683752052,0.7595766951571139,0.1044276298609822,0.28139017739950245,0.31627863228745445,0.3326186057451679,-0.78175402595932,-0.0962610274769771,-0.4612655163476979,-0.33958692546831715,-0.10514136778922145,0.7630453835569475
42,0.5293293603302571,-0.19408995536732174,0.9927837874765291,0.910257663105493,0.3463522728038483,0.03893867291660147,0.5595636000205816,0.2769720794771906,0.3780684673364878,0.821652941409822,0.086667646428055,0.2517657944295285,0.2726257097968749,0.3017084849497237,-0.7333761861003931,-0.009027550248952883,-0.5008677382275147,-0.31183241071978024,-0.040177727258768524,0.7799085576963635
43,0.5184152625391532,-0.19890967303576929,0.991098153247512,0.8815929849346368,0.3554898902504373,-0.0394165080069677,0.4357790391577413,0.33600575384613574,0.3458683930554135,0.9342366490796931,0.01457515588917549,0.2370135360010283,0.3033993968376072,0.27934318835839134,-0.6939437608165304,0.06661061526571291,-0.37809121286267394,-0.35710122387448984,0.0056581820911704205,0.7847942277640261
44,0.5170624029361012,-0.1980971392202957,0.9916046735395027,0.8763323358294532,0.43038561611109927,-0.09054529467235159,0.4404504312346871,0.2695817079948328,0.33265287858645526,0.8788841638084867,0.08590969862823575,0.19334376977141718,0.39048965641741284,0.4448589709786456,-0.7119865903756217,-0.052140461582462536,-0.4039043639065152,-0.34682764303403674,0.012549282408305069,0.8991510890070036
45,0.5237265160093308,-0.2063646600774944,0.9905525258330122,0.8700978336502148,0.4108110732478773,-0.044125228199469645,0.46529868741065566,0.32854393363009626,0.3280898502396599,0.8880261987093645,0.03595423630074347,0.25508287407548547,0.3091755703483261,0.4380163176791989,-0.7343666128297425,0.033941513547996294,-0.39640815498481957,-0.385329572300652,-0.003300386916566097,0.8842044573168497
46,0.5237265160093308,-0.2063646600774944,0.9905525258330122,0.8700978336502148,0.4108110732478773,-0.044125228199469645,0.46529868741065566,0.32854393363009626,0.3280898502396599,0.8880261987093645,0.03595423630074347,0.25508287407548547,0.3091755703483261,0.4380163176791989,-0.7343666128297425,0.033941513547996294,-0.39640815498481957,-0.385329572300652,-0.003300386916566097,0.8842044573168497
47,0.504334214344559,-0.2108930369979451,0.9979931879539032,0.8790183551682733,0.4377210016963564,0.03682246217092925,0.3845215645887541,0.3522471737403529,0.28080797673176633,0.8974961522423096,0.03967980446653707,0.25111830883544467,0.3542326312799058,0.5308557221004527,-0.7628559514545679,0.03824535284252273,-0.3233628187643065,-0.4074764953953911,0.03568472164744581,0.8731565503126433
48,0.5393306361609183,-0.16937724865067597,0.9884886813533335,0.9164413735280398,0.4251753199370499,0.08242044871250528,0.4048921954953113,0.33893548418696556,0.2988060557118107,0.7893431195126692,0.0945141173431607,0.2723981952506658,0.28734428169939763,0.5833078551078392,-0.7916631332125973,0.03883571206759609,-0.39506662778311247,-0.39580269061438655,0.0008281294091191244,0.9554040242572145
49,0.517828852737383,-0.206854904782876,0.9934900365198798,0.8920385620367962,0.43528231682589735,-0.04615890582145698,0.3962173229847961,0.3004036503592692,0.32523314451882235,0.8510273702997209,0.0766991387675852,0.27866970565539045,0.3375007039380209,0.5693931386296411,-0.7115805498696118,0.04124731935716075,-0.3643794753435157,-0.3873776531351502,0.027184123181862856,0.9902149436071325
50,0.5187542665291007,-0.20975702218261263,0.9868355920095159,0.8765550356028347,0.4175819721851502,-0.035429864766095436,0.4656101994412413,0.3127751282499564,0.31205030525809047,0.7882703645116279,0.15167605224122735,0.24119186606683704,0.44817625205660827,0.47624358731699723,-0.6554495754526098,0.06110041095215055,-0.40415679734884785,-0.34990464018931766,-0.04331681559024652,0.928661076792528
51,0.5126909333012691,-0.20332901890811758,0.9868807639602523,0.8813039758772464,0.4183465156082186,-0.02662145672036165,0.46438017440863943,0.24714282146699285,0.3459589323490229,0.7875050093381964,0.12107083115311672,0.20363606826562408,0.3011651230871924,0.5188628024038408,-0.763493758148068,-0.047065136203062304,-0.48307518567639207,-0.3816984299867251,-0.012657109286852387,0.962940536653843
52,0.5159596406383503,-0.20426043733050003,0.9915852292898863,0.8910500029353463,0.44033333443760975,-0.14136844531150064,0.4614309433407873,0.22639339478225282,0.3837718257177048,0.8718167410171505,0.07560451125402172,0.19876281004380242,0.3926572518114273,0.46238138857676253,-0.7290717910988233,-0.10113434111433679,-0.4547409569470531,-0.3530158934392729,0.0499548544139203,0.9069305438542259
53,0.5159596406383503,-0.20426043733050003,0.9915852292898863,0.8910500029353463,0.44033333443760975,-0.14136844531150064,0.4614309433407873,0.22639339478225282,0.3837718257177048,0.8718167410171505,0.07560451125402172,0.19876281004380242,0.3926572518114273,0.46238138857676253,-0.7290717910988233,-0.10113434111433679,-0.4547409569470531,-0.3530158934392729,0.0499548544139203,0.9069305438542259
54,0.5251543368849338,-0.18614548140829237,0.9932766991659242,0.8874937741245896,0.43517846242558084,-0.07766027197123432,0.4926071832976407,0.21237646320105683,0.38245294828490395,0.8126030704105592,0.09232702764886724,0.1865128379701381,0.3112091501991627,0.493453454709314,-0.8280491354822632,-0.12596587837508638,-0.4416258679451771,-0.3815208494924383,0.003260595267546955,0.9030336289209956
55,0.5251543368849338,-0.18614548140829237,0.9932766991659242,0.8874937741245896,0.43517846242558084,-0.07766027197123432,0.4926071832976407,0.21237646320105683,0.38245294828490395,0.8126030704105592,0.09232702764886724,0.1865128379701381,0.3112091501991627,0.493453454709314,-0.8280491354822632,-0.12596587837508638,-0.4416258679451771,-0.3815208494924383,0.003260595267546955,0.9030336289209956
56,0.5241993552859228,-0.17418231671489726,0.9883290208781494,0.9044509456511558,0.3900963293235661,-0.024313282071090358,0.49606979871254364,0.30243720991445483,0.3429557843195426,0.8543491431809274,0.06621196806758357,0.21482846686910953,0.26770949582870296,0.41093515944331366,-0.7158682000728604,0.05350819641929892,-0.44270934048468946,-0.373920742898322,0.0283463192656725,0.8751987473842553
57,0.5241993552859228,-0.17418231671489726,0.9883290208781494,0.9044509456511558,0.3900963293235661,-0.024313282071090358,0.49606979871254364,0.30243720991445483,0.3429557843195426,0.8543491431809274,0.06621196806758357,0.21482846686910953,0.26770949582870296,0.41093515944331366,-0.7158682000728604,0.05350819641929892,-0.44270934048468946,-0.373920742898322,0.0283463192656725,0.8751987473842553
58,0.5241993552859228,-0.17418231671489726,0.9883290208781494,0.9044509456511558,0.3900963293235661,-0.024313282071090358,0.49606979871254364,0.30243720991445483,0.3429557843195426,0.8543491431809274,0.06621196806758357,0.21482846686910953,0.26770949582870296,0.41093515944331366,-0.7158682000728604,0.05350819641929892,-0.44270934048468946,-0.373920742898322,0.0283463192656725,0.8751987473842553
59,0.5241993552859228,-0.17418231671489726,0.9883290208781494,0.9044509456511558,0.3900963293235661,-0.024313282071090358,0.49606979871254364,0.30243720991445483,0.3429557843195426,0.8543491431809274,0.06621196806758357,0.21482846686910953,0.26770949582870296,0.41093515944331366,-0.7158682000728604,0.05350819641929892,-0.44270934048468946,-0.373920742898322,0.0283463192656725,0.8751987473842553
60,0.5241993552859228,-0.17418231671489726,0.9883290208781494,0.9044509456511558,0.3900963293235661,-0.024313282071090358,0.49606979871254364,0.30243720991445483,0.3429557843195426,0.8543491431809274,0.06621196806758357,0.21482846686910953,0.26770949582870296,0.41093515944331366,-0.7158682000728604,0.05350819641929892,-0.44270934048468946,-0.373920742898322,0.0283463192656725,0.8751987473842553
61,0.532603398551942,-0.17428481633296994,0.9792830017761976,0.8973353239900247,0.44260448672936475,-0.09878639308433809,0.5267210714811824,0.2948120157319018,0.4288162659619263,0.9841548767738342,-0.0608019523573223,0.22259766411434084,0.16007865778061411,0.4332003506123879,-0.8790269421087435,0.001461266150424809,-0.38856442076426695,-0.41280045473208066,0.07222682719471132,0.7690235258334602
62,0.5024915725684447,-0.18762153984205657,0.992172886099036,0.9337128597130142,0.45036143067488293,0.02045630409292009,0.46277735313576607,0.3669589178452716,0.3713840642428873,0.9011507757130369,0.016180743877343043,0.25684993093655517,0.24478222405289055,0.49435147949613867,-0.840235608507176,0.008592131319104003,-0.37911461696228416,-0.44019499636887427,0.08045510627564759,0.7408910916778975
63,0.5140521473827214,-0.16762438318339096,0.9854054559186844,0.9050939138033051,0.4733008719058094,-0.10492354645827177,0.540874984380381,0.27713807356035897,0.46943328581232563,0.9994897855604504,-0.05949478416372374,0.2836521241022219,0.26738291177541007,0.5226396634233889,-0.8772455624990618,-0.016302303856795333,-0.2542654331039405,-0.4378649071151949,0.03977924619312241,0.81836009682768
64,0.5308713322153152,-0.18749964209311437,0.9870075954277558,0.8904590084590478,0.44399291986673134,0.05489423470039533,0.5119321686918359,0.3995478498183938,0.371387979132169,0.8782611863701948,0.019236293684169854,0.2786653940435454,0.3249260719539022,0.4946567301163627,-0.8542982246431494,0.009268376629469291,-0.3323893406919324,-0.42497100419522477,0.004546579449551806,0.6674892258006758
65,0.5115291638097508,-0.16169449848575662,0.9682643134530254,0.961593169021952,0.35815765098167535,-0.05021675315854649,0.5989598056292889,0.24308481102977483,0.38785772320334905,0.8752851135643334,0.023474936636534313,0.227419225887122,0.20769678137808278,0.30293932019252595,-0.780421902091663,-0.016589253862833712,-0.4380555904615581,-0.34278931403999746,-0.029390099867442496,0.8247430121379591
66,0.5115291638097508,-0.16169449848575662,0.9682643134530254,0.961593169021952,0.35815765098167535,-0.05021675315854649,0.5989598056292889,0.24308481102977483,0.38785772320334905,0.8752851135643334,0.023474936636534313,0.227419225887122,0.20769678137808278,0.30293932019252595,-0.780421902091663,-0.016589253862833712,-0.4380555904615581,-0.34278931403999746,-0.029390099867442496,0.8247430121379591
67,0.5205382460679161,-0.17620255903646426,0.9777059707820899,0.9155185739677514,0.3828969369344165,0.08548802624249797,0.5600289602724593,0.27525473494723063,0.4235926499056404,0.7903742367387144,0.061175327013901125,0.244382557201533,0.1913387713106128,0.3092632182890377,-0.8627321660934726,-0.06391789532004503,-0.4871782640865346,-0.37263952396613514,0.02297267755727191,0.7292155628286704
68,0.5281791391927361,-0.18259835882155534,0.9806600599358555,0.9246507762834517,0.36262649189330953,-0.015556550732769354,0.5861997588064776,0.25490413203322715,0.37898163342622343,0.8224304466607115,0.05988549105237303,0.24080804268363043,0.28467142085405284,0.301517422889381,-0.7561344652786327,-0.010581266190389052,-0.45009286085244804,-0.31970318802628755,-0.03609867516156793,0.7814321534504309
69,0.5291661049027853,-0.1873463263355317,0.9906984031877719,0.8870319243711562,0.40338587306581286,0.00018773222517854174,0.5608358652325561,0.23224607922092452,0.3737012595840807,0.8058437907068656,0.06236558700008373,0.2116648983370838,0.2430610671783755,0.3724554595322626,-0.8098405232945985,-0.07346250879824483,-0.48583524506042997,-0.3622877907927273,0.04723396649049778,0.8532992538329521
70,0.525575283877376,-0.18994380743829659,0.9958037768594575,0.8764266942857954,0.41734780339958505,-0.07002057453017732,0.5290993706188555,0.19064179229849362,0.40945771562314276,0.8036729774994228,0.06795108089517092,0.1745270204862042,0.2392256785534548,0.36930227944126637,-0.7865627978799192,-0.11055965259301184,-0.5290028161715211,-0.323555927151709,0.0027273686656954198,0.9248739021858429
71,0.500010588677493,-0.18517587956551446,0.9923847664893555,0.9002045426847108,0.4306916412142361,-0.06997464691761945,0.4879520788438597,0.2802075803105338,0.35597214886933226,0.8877920844453338,0.07985024963827174,0.20074736159694334,0.3987474902483152,0.3805071907147625,-0.750595578623178,-0.06868069152151078,-0.39724238889295516,-0.3516361351175613,0.05121383453211363,0.844012006133735
72,0.4976679725216816,-0.2034147415872217,0.998711455368277,0.8809836931377437,0.43967914357048377,-0.06306760259332492,0.5014787444344023,0.2859446640880214,0.4082106695319881,0.8734450687261196,0.052576066450437914,0.29496914462904456,0.40444025665265065,0.5045712798269715,-0.8243369036680563,-0.034326418682576604,-0.3020707584857057,-0.3777008685724128,-0.04184980896886349,0.7826990293359913
73,0.5364546977370492,-0.2157742219057686,0.9933719375580806,0.8798693606829681,0.4086405534053762,-0.011142361582419553,0.5725417925169343,0.3452068934908855,0.36434245406058013,0.844060177822987,0.06862835792323792,0.31432958405755507,0.4196332949872305,0.44783313267315067,-0.7212581833503067,0.041039019612400994,-0.3235567587664803,-0.3769782613252318,-0.02256361476601261,0.7652190858185481
74,0.5364546977370492,-0.2157742219057686,0.9933719375580806,0.8798693606829681,0.4086405534053762,-0.011142361582419553,0.5725417925169343,0.3452068934908855,0.36434245406058013,0.844060177822987,0.06862835792323792,0.31432958405755507,0.4196332949872305,0.44783313267315067,-0.7212581833503067,0.041039019612400994,-0.3235567587664803,-0.3769782613252318,-0.02256361476601261,0.7652190858185481
75,0.5149704719357914,-0.2098131336214217,0.9924762361215069,0.8766592123692237,0.382127267692163,-0.11103813027903685,0.5307807898341987,0.30081779367694045,0.39487508641426167,0.8329530141215602,0.16763599672330234,0.2933556445643912,0.684106015856112,0.4567530027899833,-0.7498765592090888,-0.12305359380295386,-0.24502216466360088,-0.3178673738014054,-0.1431413635152923,0.692498419966046
76,0.5187236783252699,-0.209614681553506,0.987157714759109,0.875387437564229,0.4369329053530749,-0.12665174430583379,0.6937112693315369,0.1675040260918179,0.4736017171455763,0.7493954385354811,0.21448983864604798,0.28800826324287665,0.7130168996568556,0.4687978514481403,-0.7203977775035153,-0.2437136284381377,-0.35191729061639465,-0.3389929341622527,-0.1313781262261501,0.6661885296929668
77,0.5187236783252699,-0.209614681553506,0.987157714759109,0.875387437564229,0.4369329053530749,-0.12665174430583379,0.6937112693315369,0.1675040260918179,0.4736017171455763,0.7493954385354811,0.21448983864604798,0.28800826324287665,0.7130168996568556,0.4687978514481403,-0.7203977775035153,-0.2437136284381377,-0.35191729061639465,-0.3389929341622527,-0.1313781262261501,0.6661885296929668
78,0.5187236783252699,-0.209614681553506,0.987157714759109,0.875387437564229,0.4369329053530749,-0.12665174430583379,0.6937112693315369,0.1675040260918179,0.4736017171455763,0.7493954385354811,0.21448983864604798,0.28800826324287665,0.7130168996568556,0.4687978514481403,-0.7203977775035153,-0.2437136284381377,-0.35191729061639465,-0.3389929341622527,-0.1313781262261501,0.6661885296929668
79,0.5263126421762414,-0.19969433939754777,0.9967988330638146,0.8954900545704247,0.3865603576984875,-0.14067441889460522,0.6429189912388432,0.19987636151411714,0.46710127918959443,0.8539325018921674,0.1797019819881301,0.3082995828266067,0.6824588310234708,0.3849564629943377,-0.7611827663687888,-0.21128504805488152,-0.2933690219651226,-0.3019310108301299,-0.1480700224861029,0.6444427054679998
80,0.5334984070328362,-0.20482026746813453,0.9821009780636901,0.8854710418448027,0.454311076402942,-0.07806566297472375,0.5744352521609553,0.18964547536623663,0.4328921781383097,0.8077335640030503,0.1375232967295784,0.24483333942266616,0.6168708453606008,0.421192729737746,-0.7678485033810108,-0.18764356687443576,-0.3551479732995902,-0.33373935459940346,-0.009154029511105199,0.6737661446504627
81,0.5334984070328362,-0.20482026746813453,0.9821009780636901,0.8854710418448027,0.454311076402942,-0.07806566297472375,0.5744352521609553,0.18964547536623663,0.4328921781383097,0.8077335640030503,0.1375232967295784,0.24483333942266616,0.6168708453606008,0.421192729737746,-0.7678485033810108,-0.18764356687443576,-0.3551479732995902,-0.33373935459940346,-0.009154029511105199,0.6737661446504627
82,0.5149324205606913,-0.18728266653930775,0.9952077187653638,0.890160826126907,0.41567338686665123,-0.2296931365835533,0.5961705949527529,0.09754257017781097,0.40754860285223543,0.8633667249047361,0.14433187542944048,0.19501756764224118,0.6286827894281556,0.37105882541439855,-0.8032052598545052,-0.31057624621976776,-0.33593791356660596,-0.2822888972743499,-0.018658939148281324,0.7665965007561658
83,0.5149324205606913,-0.18728266653930775,0.9952077187653638,0.890160826126907,0.41567338686665123,-0.2296931365835533,0.5961705949527529,0.09754257017781097,0.40754860285223543,0.8633667249047361,0.14433187542944048,0.19501756764224118,0.6286827894281556,0.37105882541439855,-0.8032052598545052,-0.31057624621976776,-0.33593791356660596,-0.2822888972743499,-0.018658939148281324,0.7665965007561658
84,0.5340193170019879,-0.1989039904549954,0.983228368680815,0.9001327266630725,0.4740423743359414,-0.12043287479744508,0.5734334198124891,0.09227091594675058,0.45464411026148405,0.7154217710385656,0.17863230935185548,0.22756118672664524,0.555284399490324,0.50334002676976,-0.8238485468199964,-0.31590435702983516,-0.4454588459007001,-0.3619072574496987,-0.02744012788627537,0.8041270279693902
85,0.5315647056963166,-0.19077500560405838,0.9958614789878235,0.8876628398702551,0.437318353004594,-0.14586504280872678,0.5780347454307531,0.1409296041077791,0.45915242554703717,0.7238321326339132,0.1880561134603755,0.22915674947279446,0.5365298159189249,0.5764115559488022,-0.8165258875888398,-0.2346752861433647,-0.39065039706316607,-0.3553403776888779,-0.11633105028510493,0.9409945515433765
86,0.5247105876077843,-0.16075493814047018,0.9874709987931432,0.8929021116568944,0.5034661842758191,-0.1322714452858373,0.5755516158263314,0.1562289015033012,0.5312932352519099,0.7783897528494677,0.08442666017751627,0.3051207154802034,0.5087809310667476,0.6191552037216462,-0.8833845846016928,-0.26881552896060107,-0.3518393525578492,-0.43286787883426975,-0.058619313256234165,0.8197728968264247
87,0.5416297956973078,-0.1875574011697243,0.9953827164038839,0.9041842522930834,0.40456909465602675,-0.0718166489698413,0.697173745553433,0.11688120801454166,0.514954939720485,0.647284359585238,0.2213828768728069,0.19073205915861297,0.6056471014621557,0.49127185019668623,-0.884722677339717,-0.3279282388263612,-0.3785197406820823,-0.35014612726112726,-0.13673663794245391,0.7719950705400566
88,0.5416297956973078,-0.1875574011697243,0.9953827164038839,0.9041842522930834,0.40456909465602675,-0.0718166489698413,0.697173745553433,0.11688120801454166,0.514954939720485,0.647284359585238,0.2213828768728069,0.19073205915861297,0.6056471014621557,0.49127185019668623,-0.884722677339717,-0.3279282388263612,-0.3785197406820823,-0.35014612726112726,-0.13673663794245391,0.7719950705400566
89,0.5202569803567298,-0.18596174465142082,0.9917024574119566,0.8846961724773347,0.4661870724259309,-0.11733436157540199,0.6619675246736721,0.16523119905557734,0.45581466295377965,0.7611838111876378,0.19027685961556665,0.23178957544857093,0.5508712819232225,0.4766954268687827,-0.7957799256784034,-0.22042257602754836,-0.4795376780268768,-0.34247265239565605,-0.04573200247396974,0.7608208978902729
90,0.5251760294643931,-0.20448544989786865,0.9945010497342048,0.8806228936677767,0.45099610303126936,-0.18474277530818184,0.5610499718713894,0.08211989081317424,0.4744964332756733,0.8393693310102972,0.1360898746741928,0.177809739699432,0.5997453545218785,0.4190688742577783,-0.8320479522129863,-0.3337248320374057,-0.3619742293357144,-0.33755551896873004,-0.020506757563677792,0.7935960103047409
91,0.5251760294643931,-0.20448544989786865,0.9945010497342048,0.8806228936677767,0.45099610303126936,-0.18474277530818184,0.5610499718713894,0.08211989081317424,0.4744964332756733,0.8393693310102972,0.1360898746741928,0.177809739699432,0.5997453545218785,0.4190688742577783,-0.8320479522129863,-0.3337248320374057,-0.3619742293357144,-0.33755551896873004,-0.020506757563677792,0.7935960103047409
92,0.49648083556471184,-0.18148129378878486,0.9818982699723123,0.8779109176655215,0.4411314818475395,-0.04011127406102141,0.7044224094118212,0.07457412840125369,0.4880796536908212,0.7205108851192411,0.1813865543627168,0.19658272154034712,0.4473771993761354,0.3613444974331438,-0.8921697111687149,-0.3069582814546858,-0.5146091227420063,-0.33681034229192736,-0.03085277488882623,0.7535086509103679
93,0.5041436430203025,-0.2049936240463374,0.9963176592513698,0.8784746516551518,0.37543503428595265,-0.033302853646244565,0.6490089974740781,0.13921688090382073,0.4949475383145154,0.6946017729978459,0.2065260368054378,0.2556907718997916,0.5344100851355754,0.4767525577015964,-0.8559267651779592,-0.25239636288684736,-0.46719034302040374,-0.34205751825396735,-0.13049916674694295,0.7643731096630249
94,0.5155727243724919,-0.21061939209604724,0.9726758082575065,0.8826943850230926,0.467649815243676,-0.1497194789180999,0.6006413804581726,0.08668276795842973,0.4386658669853914,0.8188674710105247,0.13848767883186078,0.18845045848074274,0.5860187179287482,0.46917276530503077,-0.8141130270582811,-0.2738777573727105,-0.3907379741191014,-0.34924521401510017,0.0020063039465217807,0.7923122882549046
95,0.5091752798897414,-0.21343814637445804,0.9989968151292192,0.8571406803449295,0.40372335427679135,-0.13238046172737017,0.6454971989114493,0.11632634355505538,0.49714565605867433,0.845901641497539,0.1227335746342208,0.21064483356568015,0.5490835082740694,0.3878834741700984,-0.8743742497976524,-0.3080844403021445,-0.4441458764765436,-0.3235880986494286,-0.03918834731497977,0.6494871114578689
96,0.5091752798897414,-0.21343814637445804,0.9989968151292192,0.8571406803449295,0.40372335427679135,-0.13238046172737017,0.6454971989114493,0.11632634355505538,0.49714565605867433,0.845901641497539,0.1227335746342208,0.21064483356568015,0.5490835082740694,0.3878834741700984,-0.8743742497976524,-0.3080844403021445,-0.4441458764765436,-0.3235880986494286,-0.03918834731497977,0.6494871114578689
97,0.5091752798897414,-0.21343814637445804,0.9989968151292192,0.8571406803449295,0.40372335427679135,-0.13238046172737017,0.6454971989114493,0.11632634355505538,0.49714565605867433,0.845901641497539,0.1227335746342208,0.21064483356568015,0.5490835082740694,0.3878834741700984,-0.8743742497976524,-0.3080844403021445,-0.4441458764765436,-0.3235880986494286,-0.03918834731497977,0.6494871114578689
98,0.5091752798897414,-0.21343814637445804,0.9989968151292192,0.8571406803449295,0.40372335427679135,-0.13238046172737017,0.6454971989114493,0.11632634355505538,0.49714565605867433,0.845901641497539,0.1227335746342208,0.21064483356568015,0.5490835082740694,0.3878834741700984,-0.8743742497976524,-0.3080844403021445,-0.4441458764765436,-0.3235880986494286,-0.03918834731497977,0.6494871114578689
99,0.5158956958155615,-0.19765759164775892,0.9735417423115077,0.9439097943136019,0.4260310255675897,-0.10074551872998484,0.7024219531671501,0.15404657343132727,0.5361671707077375,0.805583679956934,0.1290722454924132,0.2392372917787235,0.5549300941125697,0.368019113334171,-0.8742666694608625,-0.2548531243076947,-0.36004805458237177,-0.34063904813577833,-0.038860450969693976,0.6017193921233354
100,0.5158956958155615,-0.19765759164775892,0.9735417423115077,0.9439097943136019,0.4260310255675897,-0.10074551872998484,0.7024219531671501,0.15404657343132727,0.5361671707077375,0.805583679956934,0.1290722454924132,0.2392372917787235,0.5549300941125697,0.368019113334171,-0.8742666694608625,-0.2548531243076947,-0.36004805458237177,-0.34063904813577833,-0.038860450969693976,0.6017193921233354
101,0.5180116043413893,-0.19481465302451195,0.9796239074066371,0.9092855832541071,0.39739162120993127,-0.01178750946090646,0.6637119340185494,0.2480610429640728,0.4580914300129405,0.803905286223719,0.13108959716875246,0.29064915134727026,0.4664100425823317,0.4097312668036453,-0.8635102004628353,-0.13467249003117365,-0.3722600178297415,-0.34790756767406067,-0.07838242000534797,0.646611663344389
102,0.51300537815776,-0.2114671097474727,0.9948030525084222,0.8884773452769504,0.4373402952324022,-0.15009194364871953,0.5214760454716137,0.2031294625907635,0.43643084200991944,0.9433714852316742,0.0439734594855179,0.28665166779368795,0.5001383079778343,0.40102704882509327,-0.7993034804008955,-0.18075235728391223,-0.33221371267727606,-0.3536470118103596,0.004616383298312796,0.6813045844945422
103,0.5114256519428837,-0.19424401848731918,0.9832431664895397,0.917867380964119,0.4378635396279854,-0.07521940229484804,0.45561611248249423,0.2373376665174819,0.3481933787414204,0.8672234137993448,0.09260025385812437,0.2269803161728474,0.42090175097600363,0.4222038739498737,-0.7533743495307668,-0.09626286977633897,-0.3768896439294129,-0.35610783078792385,0.023984170236724202,0.8506323256011877
104,0.5021547611067833,-0.19509549813625043,0.9760338871714483,0.903295832293866,0.44688470971201677,-0.05445658490327915,0.5977422149609649,0.2157736163496248,0.4305448546484629,0.8175847698500783,0.10290367296247205,0.2846484571547638,0.43821319014958315,0.4593114396458739,-0.7936520077471877,-0.16224141909730125,-0.3953748563749527,-0.3511100944749661,-0.04615352286218074,0.8438325263723068
105,0.5068501346044056,-0.21977878475778984,0.9931375592726222,0.9020285154798199,0.4395631882427413,-0.030430397128607387,0.5151510951780913,0.20156715398164068,0.4009925666866779,0.7535591184478242,0.14302387563765168,0.2879771193566612,0.5381555730832791,0.43663205254527665,-0.7842596637618077,-0.14199578439556695,-0.3485947585428172,-0.3811406164571741,-0.06471455966525355,0.7708153163099691
106,0.5179051185996488,-0.19617026856015127,0.985282864476754,0.9120392536148841,0.4321524641583316,-0.11513695597343152,0.6780408152662228,0.21251807558265723,0.42492813958139486,0.8337737868542094,0.04833603511606942,0.2562007123609272,0.47074048426265575,0.4203978227298634,-0.8655130352961478,-0.2729956039483666,-0.4241356994611044,-0.32067738236965543,-0.02073989447497821,0.7147848466941495
107,0.5179051185996488,-0.19617026856015127,0.985282864476754,0.9120392536148841,0.4321524641583316,-0.11513695597343152,0.6780408152662228,0.21251807558265723,0.42492813958139486,0.8337737868542094,0.04833603511606942,0.2562007123609272,0.47074048426265575,0.4203978227298634,-0.8655130352961478,-0.2729956039483666,-0.4241356994611044,-0.32067738236965543,-0.02073989447497821,0.7147848466941495
108,0.5179051185996488,-0.19617026856015127,0.985282864476754,0.9120392536148841,0.4321524641583316,-0.11513695597343152,0.6780408152662228,0.21251807558265723,0.42492813958139486,0.8337737868542094,0.04833603511606942,0.2562007123609272,0.47074048426265575,0.4203978227298634,-0.8655130352961478,-0.2729956039483666,-0.4241356994611044,-0.32067738236965543,-0.02073989447497821,0.7147848466941495
109,0.5136583605127181,-0.1866722865681041,0.9793408917448725,0.9266492780546568,0.4326156830486421,-0.12983519156084128,0.5758643663652132,0.1809367880351533,0.4608375571187072,0.8268543516819816,0.02834968140353089,0.21586025806896125,0.4400689276340818,0.3139146464802715,-0.8392235346349846,-0.22035679176113954,-0.3732696663366584,-0.36686883425127315,-0.009923224988775112,0.5950519113182443
110,0.5330037341311927,-0.191293944475686,0.9745807539277461,0.9481876727478386,0.4026594113157222,-0.005532277178869277,0.6913180527428275,0.20388690454725036,0.4059465115342553,0.7981618740465937,0.14138973226272594,0.22139847834641926,0.42555101837446213,0.2601126338819938,-0.832058793091829,-0.17589611350090742,-0.5512916382344063,-0.299658732626872,-0.039558140219911435,0.7047111095456291
111,0.5318141471638566,-0.20106419438792836,0.9955467022849562,0.9090533932843261,0.41293165376950136,-0.15215839916791288,0.5792829862041131,0.1478423430494041,0.46316503245852414,0.7854391721870381,0.11139471709905695,0.20571100608747397,0.5141581974957921,0.36924004672923494,-0.7448354844590813,-0.23495217696507575,-0.420037373105638,-0.3448582251254997,-0.04088908205442799,0.7576078056579304
112,0.5318141471638566,-0.20106419438792836,0.9955467022849562,0.9090533932843261,0.41293165376950136,-0.15215839916791288,0.5792829862041131,0.1478423430494041,0.46316503245852414,0.7854391721870381,0.11139471709905695,0.20571100608747397,0.5141581974957921,0.36924004672923494,-0.7448354844590813,-0.23495217696507575,-0.420037373105638,-0.3448582251254997,-0.04088908205442799,0.7576078056579304
113,0.5197954794337423,-0.1983217220556409,0.9735568927420337,0.8815162806055299,0.4275587689062076,-0.04700777147394428,0.7085958128255151,0.1670945467041521,0.41946230150576114,0.806476200805745,0.1371842824554779,0.28935202530735854,0.4744420449278342,0.3080237302585338,-0.8654304793832472,-0.26226216069054503,-0.4131367785421926,-0.3097257386469387,-0.015473602287047406,0.6307263899336135
114,0.5197954794337423,-0.1983217220556409,0.9735568927420337,0.8815162806055299,0.4275587689062076,-0.04700777147394428,0.7085958128255151,0.1670945467041521,0.41946230150576114,0.806476200805745,0.1371842824554779,0.28935202530735854,0.4744420449278342,0.3080237302585338,-0.8654304793832472,-0.26226216069054503,-0.4131367785421926,-0.3097257386469387,-0.015473602287047406,0.6307263899336135
115,0.5197954794337423,-0.1983217220556409,0.9735568927420337,0.8815162806055299,0.4275587689062076,-0.04700777147394428,0.7085958128255151,0.1670945467041521,0.41946230150576114,0.806476200805745,0.1371842824554779,0.28935202530735854,0.4744420449278342,0.3080237302585338,-0.8654304793832472,-0.26226216069054503,-0.4131367785421926,-0.3097257386469387,-0.015473602287047406,0.6307263899336135
116,0.5197954794337423,-0.1983217220556409,0.9735568927420337,0.8815162806055299,0.4275587689062076,-0.04700777147394428,0.7085958128255151,0.1670945467041521,0.41946230150576114,0.806476200805745,0.1371842824554779,0.28935202530735854,0.4744420449278342,0.3080237302585338,-0.8654304793832472,-0.26226216069054503,-0.4131367785421926,-0.3097257386469387,-0.015473602287047406,0.6307263899336135
117,0.5197954794337423,-0.1983217220556409,0.9735568927420337,0.8815162806055299,0.4275587689062076,-0.04700777147394428,0.7085958128255151,0.1670945467041521,0.41946230150576114,0.806476200805745,0.1371842824554779,0.28935202530735854,0.4744420449278342,0.3080237302585338,-0.8654304793832472,-0.26226216069054503,-0.4131367785421926,-0.3097257386469387,-0.015473602287047406,0.6307263899336135
118,0.5074217212079035,-0.19110210340558673,0.9994269463547136,0.865392174786162,0.4020877580242756,-0.059591401032357764,0.6644051715209826,0.15425286656164977,0.5276386854383478,0.7798400385436707,0.11058839832243529,0.30175936556381006,0.4465892839363419,0.34166045479018486,-0.8708036467475424,-0.2684022937872582,-0.4610117212383917,-0.37574409379744256,-0.07909898793590825,0.6200652824891938
119,0.5221169875806797,-0.18263350020017788,0.9823046015044663,0.875884571402371,0.44801549942594027,-0.09701638616222218,0.6462019043197531,0.17102388131048346,0.42399474131791004,0.8303656856832359,0.1369167965953532,0.26581298207939075,0.5325580466222515,0.30783117458539877,-0.8148562913774411,-0.28120759930570777,-0.4081950466519382,-0.29548066280709573,-0.012013815509466987,0.65876941449539
120,0.5075089192672725,-0.23581672132954906,0.9911328078700825,0.8778323027688544,0.3939178194799116,-0.12618620027306687,0.6709901915922768,0.12444240898418132,0.5085578797421167,0.7595107552397482,0.1510899361529729,0.2429790962212771,0.5166308724969472,0.28535801259629645,-0.8072473922985134,-0.30180723472557947,-0.4936443945609894,-0.30896164033972345,-0.05456624196199291,0.6760209582243735
121,0.4833323495787923,-0.21052708515988824,0.988947412831289,0.8831655011657529,0.4884714179624359,-0.09384747910716114,0.5979510174853468,0.16782959946882822,0.36801989059862383,0.7414246967461159,0.17465290477569165,0.24380984291926944,0.525333774680441,0.4719549901848243,-0.7734465412409808,-0.24331295720912144,-0.3987631898186281,-0.31810537733690947,-0.01283000490038515,0.861553349754718
122,0.4949744929824718,-0.21792030605746165,0.9783877642571855,0.9414910088860957,0.4059504668818738,-0.1309715276709651,0.4922380681418872,0.21440157270077867,0.44353651726312915,0.841195410626274,0.10901399975226003,0.2779358988031958,0.4795460149554164,0.43223672425900833,-0.7663284498571515,-0.18111967779559068,-0.373579850098291,-0.3684860450824562,-0.05502137071518423,0.7813043062499989
123,0.5065802313978749,-0.23254092914994018,0.9844858701546104,0.8787203092163998,0.46341150368388623,-0.152852714850498,0.574150218180346,0.1827662388561454,0.326002018523867,0.8203467568495453,0.18840984255877938,0.22364615874473373,0.6163563408410295,0.45636955794702827,-0.7314948778233197,-0.2585646276391492,-0.42112464504911634,-0.3142394200372078,0.011757604091338508,0.8679580135689028
124,0.5111689068895601,-0.23438538994624072,0.9971112028439442,0.8920569334985802,0.4071854825272898,-0.10974133134536186,0.48846686918725,0.16298873827879165,0.4280435054020245,0.7631047258358091,0.1987725208545645,0.24658142919197515,0.49920610920074027,0.5426872291077571,-0.7482574191656374,-0.14336898639091447,-0.42995490244080026,-0.3667067242679137,-0.10710465594188852,0.9527899940806728
125,0.5129370096878109,-0.21295620736009038,0.9792235465126305,0.9263847651905871,0.4734364692370763,-0.041261495562780005,0.5804392927108354,0.19748913904200704,0.3921141129217776,0.7707299486968274,0.19093522975331764,0.26677633357763647,0.570334996554492,0.527363387885569,-0.773175206317659,-0.17148314307908855,-0.3786010704814666,-0.36365162278072527,-0.02114424664207202,0.8439498176543035
126,0.49672653448720955,-0.23504240265020424,0.997737575839905,0.8786928444548705,0.4193886571986883,-0.06781400916601357,0.5419684437843157,0.2567256084373558,0.44284374032966023,0.7615311625323277,0.17445893173115903,0.31944414695041473,0.5539085620365424,0.5795427600663794,-0.7823480598487621,-0.11468690766835514,-0.330252366348075,-0.3740112740084398,-0.14451735277009897,0.8422030058767466
127,0.4948261859923873,-0.24839033971275198,0.987854840114935,0.8828557444867807,0.452815307652343,-0.04075235572885657,0.5433620620529518,0.21895109575083446,0.4021726373675029,0.7329544027623062,0.18101138406535602,0.2754188475819168,0.5738731425230341,0.5353656296898781,-0.7380343027786428,-0.13444609563759213,-0.3599376171407317,-0.3805816142837481,-0.04550377653793307,0.858386379047162
128,0.4948261859923873,-0.24839033971275198,0.987854840114935,0.8828557444867807,0.452815307652343,-0.04075235572885657,0.5433620620529518,0.21895109575083446,0.4021726373675029,0.7329544027623062,0.18101138406535602,0.2754188475819168,0.5738731425230341,0.5353656296898781,-0.7380343027786428,-0.13444609563759213,-0.3599376171407317,-0.3805816142837481,-0.04550377653793307,0.858386379047162
129,0.5085474730848029,-0.21844051864168096,0.9956935724025096,0.8877065064325733,0.35343957520872854,0.03572575146799674,0.6409638504257071,0.27807074494144896,0.4437120977248975,0.7316849284621153,0.19136859664343825,0.3240422983025079,0.43147427662388116,0.4738519391111041,-0.7511425209575047,-0.07241270767651257,-0.4419849795815417,-0.3307600528088869,-0.1692888241374495,0.7935466587597048
130,0.5103446521465136,-0.22299050340258875,0.9847771082234035,0.8830535875048784,0.46530469322643936,-0.019849557944423495,0.6051394080169199,0.1445513065198697,0.43512428484682586,0.7507649934186283,0.14121830627092985,0.207280308535625,0.45843300280449933,0.37661303838041765,-0.8019067405264542,-0.20316544211247384,-0.4286451719330674,-0.3455204366220328,-0.005546360902644646,0.7778807627648348
131,0.5040873742583065,-0.2234399075726092,0.9861900550980999,0.8853271968034777,0.3848886342591713,-0.05868239968074575,0.6478915276547185,0.1647886681781758,0.467335726793475,0.7768577655773088,0.1408915361023292,0.2570653677843637,0.3911216570553598,0.404485919857848,-0.8520832464338242,-0.19057108573140555,-0.44171276459775066,-0.359807428725455,-0.07101287995995048,0.8095288024884345
132,0.5040873742583065,-0.2234399075726092,0.9861900550980999,0.8853271968034777,0.3848886342591713,-0.05868239968074575,0.6478915276547185,0.1647886681781758,0.467335726793475,0.7768577655773088,0.1408915361023292,0.2570653677843637,0.3911216570553598,0.404485919857848,-0.8520832464338242,-0.19057108573140555,-0.44171276459775066,-0.359807428725455,-0.07101287995995048,0.8095288024884345
133,0.5171293521453041,-0.20969208337680856,0.9713722661910327,0.9511291960137402,0.3891833421409514,-0.031631622648640736,0.612490548836575,0.17804814468003366,0.4166171153236869,0.8232809721767884,0.13978183124270455,0.25968297180547806,0.44922417692069,0.26453150458323643,-0.7387091571920772,-0.14637328116370957,-0.4639740651612,-0.3020781911382355,-0.028107878401475522,0.6806773686362677
134,0.5012074962156299,-0.21246185281225152,0.9981680987468804,0.898389491851421,0.4248446099195409,-0.06393521134937487,0.6472463837059748,0.15353368885753885,0.45667746539480253,0.8030199736640823,0.14737895900889939,0.25943222649796616,0.4221616285168897,0.367915734283667,-0.8430511293060515,-0.2339892771087148,-0.46758251697272646,-0.3456538617832481,-0.04323020481959535,0.7641445392180399
135,0.524157618696096,-0.15593238976639967,0.9710078773385513,0.9079098137021903,0.4391757181000539,-0.05933681903183024,0.5835611745782983,0.17740252654681762,0.44820527707174196,0.8247498054392648,0.1330428891784496,0.23763100423302438,0.4833901335419824,0.3947249672395035,-0.806988751737277,-0.19913499131326717,-0.36384309930985037,-0.3446677503681744,-0.017990413916482824,0.7349158150526284
136,0.527617523875317,-0.17430648918989716,0.9849593633375318,0.8691739550524568,0.40507655346107924,-0.0611469064598893,0.5973500165524055,0.25031854951446897,0.4131166048927059,0.7540454673490367,0.20517219738967737,0.3055247506057776,0.5671874754670717,0.4795130770266537,-0.7379046538246523,-0.12877098870657175,-0.37841310852716464,-0.34635019814067347,-0.11647040872917946,0.8072423329367208
137,0.5423330539879953,-0.18788445160005313,0.9868422386931399,0.8732508164960053,0.4729773133036239,-0.12482643799347312,0.5283884617171164,0.19470122708526968,0.4457018370006882,0.862289028849982,0.0943455244016056,0.24414588897195147,0.5331590230767393,0.43873163629507295,-0.7976764073710293,-0.2197572246003388,-0.374304309380397,-0.3621346693509264,0.0004444272433286201,0.7347387037016018
138,0.534432512258204,-0.17792443650237996,0.9809076313379299,0.8714874736713905,0.4308175513135106,-0.14382138191947047,0.5896024086012688,0.17292096908572416,0.41328553303469356,0.8516255008449184,0.14695934170700659,0.2732578315634141,0.6700813601238487,0.40707932997726803,-0.7610517139971688,-0.23226823311860764,-0.2919632704324986,-0.3179222399284008,-0.06739428699465008,0.7298617456412707
139,0.534432512258204,-0.17792443650237996,0.9809076313379299,0.8714874736713905,0.4308175513135106,-0.14382138191947047,0.5896024086012688,0.17292096908572416,0.41328553303469356,0.8516255008449184,0.14695934170700659,0.2732578315634141,0.6700813601238487,0.40707932997726803,-0.7610517139971688,-0.23226823311860764,-0.2919632704324986,-0.3179222399284008,-0.06739428699465008,0.7298617456412707
140,0.534432512258204,-0.17792443650237996,0.9809076313379299,0.8714874736713905,0.4308175513135106,-0.14382138191947047,0.5896024086012688,0.17292096908572416,0.41328553303469356,0.8516255008449184,0.14695934170700659,0.2732578315634141,0.6700813601238487,0.40707932997726803,-0.7610517139971688,-0.23226823311860764,-0.2919632704324986,-0.3179222399284008,-0.06739428699465008,0.7298617456412707
141,0.49871998601115164,-0.20812279237792647,0.9757894554872761,0.8729404665000895,0.47869439654117196,-0.17600936715332308,0.6417440860015383,0.13647143317370755,0.4953935718720859,0.8240632066933578,0.1438155750650559,0.2772472103511225,0.6894727024271223,0.5114497227798882,-0.8713179544276024,-0.3676447330897099,-0.3199754912975958,-0.3565181162322409,-0.05955177664587014,0.660939351352815
142,0.5067369058747937,-0.21483142528439783,0.9837890049763407,0.8724449766399027,0.4442651847063948,-0.16758237520577857,0.6208322798848198,0.0958779484852925,0.4542479238511551,0.7370245902209771,0.19301353833555832,0.2169131979828619,0.6711723177403608,0.4131918013760066,-0.7906487003475406,-0.34817295250977,-0.3832804222295916,-0.3120431890412867,-0.07647455998036623,0.7427061123365337
143,0.5067369058747937,-0.21483142528439783,0.9837890049763407,0.8724449766399027,0.4442651847063948,-0.16758237520577857,0.6208322798848198,0.0958779484852925,0.4542479238511551,0.7370245902209771,0.19301353833555832,0.2169131979828619,0.6711723177403608,0.4131918013760066,-0.7906487003475406,-0.34817295250977,-0.3832804222295916,-0.3120431890412867,-0.07647455998036623,0.7427061123365337
144,0.529977919571747,-0.2117737136150054,0.9969320482530127,0.8821596634306983,0.43847721292987196,-0.07515878957396221,0.6465785267676772,0.21356592442765862,0.41830528695685576,0.7868477581597677,0.19102257255788999,0.2876715620444147,0.6384147463274772,0.49125148627808735,-0.7796806420170588,-0.2209108552146736,-0.37175866609915126,-0.31595806123038267,-0.0932234134015256,0.7307208844994211
145,0.529977919571747,-0.2117737136150054,0.9969320482530127,0.8821596634306983,0.43847721292987196,-0.07515878957396221,0.6465785267676772,0.21356592442765862,0.41830528695685576,0.7868477581597677,0.19102257255788999,0.2876715620444147,0.6384147463274772,0.49125148627808735,-0.7796806420170588,-0.2209108552146736,-0.37175866609915126,-0.31595806123038267,-0.0932234134015256,0.7307208844994211
146,0.4969276417854561,-0.2235949036822059,0.9975740858158186,0.8709841575427697,0.4243861744825411,-0.06054326754834885,0.6312248883046493,0.1653422254797116,0.4489214443462996,0.7582113726981157,0.18001895610952923,0.28873529420681654,0.5391698347423026,0.42587720739104024,-0.8069492064081879,-0.2034780800457911,-0.3357470603494348,-0.35759887891163855,-0.08647176318345438,0.7526146722869207
147,0.506930060472405,-0.2197076353461711,0.9809160295701908,0.876915573369556,0.4593588791876942,-0.10189336605985595,0.6401215474765187,0.1593004828467349,0.4710791658841734,0.7772406860283784,0.20402557610882308,0.27435870354669106,0.6662299218557518,0.5261117831616786,-0.8009458723703002,-0.3050668413609064,-0.3598044979657787,-0.3302855146614586,-0.0887752256341872,0.7246582570734251
148,0.5137096789886467,-0.2299605148716939,0.9982160107525088,0.8541306670817101,0.43062767895635734,-0.14260288916487876,0.6794847326676133,0.12167281876580552,0.5087103780387698,0.7547275155976557,0.19211751767236782,0.2785867027835051,0.6770912897254481,0.423480757248607,-0.8536293566392847,-0.29615796390515503,-0.3598047688609941,-0.3396805399373615,-0.09623776132416222,0.6436564047604908
149,0.4892593948218352,-0.21648149780260728,0.9855373990082865,0.8768922295500128,0.4395440141451563,-0.04869357825758866,0.7036471400499071,0.19877523610891323,0.5232244945144826,0.7324997034071987,0.22342596432682352,0.32386532603805834,0.699766993342946,0.5099505638993493,-0.8539859572948524,-0.2866200706889837,-0.2864450458306464,-0.3518462125832247,-0.1321005122667805,0.6007993349793783
150,0.4860666911684009,-0.20522867767832198,0.9980206151826048,0.8843576003662711,0.44728949884252656,-0.17947267951558263,0.6951075175729271,0.07016573161424394,0.5440341470142727,0.7938886283024552,0.20386154873523535,0.2656489613663513,0.7074496443970382,0.4631210404291591,-0.8738871444404847,-0.39177658991445424,-0.33173189882158327,-0.362790624984891,-0.11090995744034676,0.6304739068402513
151,0.49610676468465076,-0.18339964024268107,0.991301734471951,0.8527120256224294,0.4250048290986696,-0.08614309444709123,0.7061489399968787,0.1480161646170532,0.5068710457535295,0.8260893268405723,0.18895470854411026,0.2860301763239617,0.7255766642076892,0.3301809106336966,-0.8247261607519775,-0.3197437378409369,-0.31214145332823295,-0.3163748212307193,-0.08732864816917588,0.503844271125894
152,0.5363915987492438,-0.19223294236072677,0.9755140177410592,0.8911211179877313,0.47794578479463584,-0.1848339081465785,0.6787901872150683,0.06238801765796536,0.5817097471802546,0.9226482825216079,0.13313676455220727,0.27610650026761135,0.6706546247523537,0.4128088768032945,-0.9361283238911917,-0.4524354121441707,-0.2728359457433267,-0.35423694619365004,-0.08543356212946668,0.5191824261832455
153,0.513968896031072,-0.18744928865725968,0.9866478669756638,0.8879750672262419,0.43987684788204545,-0.12394125780986572,0.6708608720821474,0.07854591333076659,0.5307394368867293,0.7541190659383167,0.2349577991160182,0.27707392122618857,0.7569689514498981,0.4153150352551932,-0.8455729604229913,-0.40297414285760674,-0.3463461500616538,-0.33768469933407813,-0.10780984227600024,0.6149851518216197
154,0.513968896031072,-0.18744928865725968,0.9866478669756638,0.8879750672262419,0.43987684788204545,-0.12394125780986572,0.6708608720821474,0.07854591333076659,0.5307394368867293,0.7541190659383167,0.2349577991160182,0.27707392122618857,0.7569689514498981,0.4153150352551932,-0.8455729604229913,-0.40297414285760674,-0.3463461500616538,-0.33768469933407813,-0.10780984227600024,0.6149851518216197
155,0.5278871632543749,-0.21335201679174268,0.9972295047617543,0.8525671048316688,0.4631420487538192,-0.0701097160237536,0.7699498562129927,0.12197393857423766,0.5728886628853121,0.776864903256974,0.18642928890362223,0.3478921493102137,0.7021515898312184,0.44842194152496484,-0.9185365433035196,-0.34656818600254985,-0.27935005257710877,-0.3410913010640039,-0.13731345406462392,0.5438362741576248
156,0.5278871632543749,-0.21335201679174268,0.9972295047617543,0.8525671048316688,0.4631420487538192,-0.0701097160237536,0.7699498562129927,0.12197393857423766,0.5728886628853121,0.776864903256974,0.18642928890362223,0.3478921493102137,0.7021515898312184,0.44842194152496484,-0.9185365433035196,-0.34656818600254985,-0.27935005257710877,-0.3410913010640039,-0.13731345406462392,0.5438362741576248
157,0.51945673447589,-0.20690369601606892,0.9926052056734752,0.9047013508694989,0.4380963856890526,-0.07738266927332826,0.7533925164891484,0.16686799202948693,0.6250131484623108,0.7348775173380488,0.18002111675234683,0.4169156517943965,0.7906264936087932,0.5048917122268792,-0.9591769545467524,-0.33828005959474894,-0.14066155395733787,-0.3945872847277915,-0.2552083460205084,0.39005205821089584
158,0.5166798963493198,-0.1982318015217304,0.9757398930015336,0.9095347202957167,0.4634687243647783,0.008874563028933375,0.857391368520569,0.23169245298454724,0.5432944426407538,0.6631935993387548,0.2773445370507282,0.44382464014774065,0.9956747438139804,0.4722300569847677,-0.82130729136211,-0.323442477056545,-0.22133942454836986,-0.36816827551211845,-0.2583628682946238,0.37410563730962393
159,0.5166798963493198,-0.1982318015217304,0.9757398930015336,0.9095347202957167,0.4634687243647783,0.008874563028933375,0.857391368520569,0.23169245298454724,0.5432944426407538,0.6631935993387548,0.2773445370507282,0.44382464014774065,0.9956747438139804,0.4722300569847677,-0.82130729136211,-0.323442477056545,-0.22133942454836986,-0.36816827551211845,-0.2583628682946238,0.37410563730962393
160,0.5186534281686566,-0.19678508726548413,0.9800290271115271,0.9430021036290448,0.3525805512524074,0.04886902832138399,0.8514447835768516,0.2512430873740178,0.5928276465554364,0.6086150876272877,0.2523332579904083,0.44999187948780184,0.904205224230841,0.457876909286097,-0.8511059341482485,-0.2390350287160049,-0.15825306959323207,-0.3794342851921867,-0.3117548746550142,0.3420849460113039
161,0.5186534281686566,-0.19678508726548413,0.9800290271115271,0.9430021036290448,0.3525805512524074,0.04886902832138399,0.8514447835768516,0.2512430873740178,0.5928276465554364,0.6086150876272877,0.2523332579904083,0.44999187948780184,0.904205224230841,0.457876909286097,-0.8511059341482485,-0.2390350287160049,-0.15825306959323207,-0.3794342851921867,-0.3117548746550142,0.3420849460113039
162,0.5037890293240976,-0.2065340216708287,0.9917278595799657,0.9089485481177602,0.4223834976158054,-0.011338601624166939,0.8149189057118976,0.19156932590070325,0.5393586589006342,0.6768384365138741,0.2687609538060893,0.39004158119790466,0.8833583926600325,0.44695558469667807,-0.8553607164806141,-0.31864808259580485,-0.28050103422165834,-0.33774720010282533,-0.23253628943062485,0.49395272881916574
163,0.5326743302093024,-0.20450179215028955,0.982638733714194,0.9066047071108252,0.4183928231000277,-0.03149313972912473,0.7124133530849418,0.24872679168463271,0.5069981730291792,0.7455671848816939,0.2422130697301758,0.4124312454679363,0.7844563083408046,0.5811150073130255,-0.8444624587655889,-0.22881513555881636,-0.22238656931778644,-0.360871789516481,-0.2708042571030993,0.6033131321897609
164,0.5362601331962699,-0.2003510075596212,0.9611157079787257,0.9178674198651454,0.46367831364850043,-0.13908978303898578,0.6630029192978751,0.15142089363240044,0.4706212356300361,0.7764905546019172,0.21145911616565816,0.31553118521055296,0.9039673181651608,0.45947735211825896,-0.8179939270914393,-0.3295786791800828,-0.24240537171160567,-0.3603084302193183,-0.12568298706154582,0.6013819257517756
165,0.5362601331962699,-0.2003510075596212,0.9611157079787257,0.9178674198651454,0.46367831364850043,-0.13908978303898578,0.6630029192978751,0.15142089363240044,0.4706212356300361,0.7764905546019172,0.21145911616565816,0.31553118521055296,0.9039673181651608,0.45947735211825896,-0.8179939270914393,-0.3295786791800828,-0.24240537171160567,-0.3603084302193183,-0.12568298706154582,0.6013819257517756
166,0.5086609093043738,-0.1866835265479379,0.9751222885123946,0.9373772417582255,0.4726599718040893,-0.1801686496058395,0.6603537703114262,0.12387340324026459,0.4772394218616932,0.7950581884104074,0.21648414795287776,0.31227879809153963,0.8794429994275369,0.5225747221624923,-0.779529347835739,-0.3571701804342493,-0.23428629261075196,-0.3450572182625153,-0.1807396500631896,0.6947143708025655
167,0.5163317548481104,-0.22027856523925132,0.9817088876778016,0.9018261862958865,0.4659618958399227,-0.04311447112591361,0.706392334960792,0.20575675403850435,0.5266765624051392,0.7370257990884973,0.2102450337850985,0.3510994430066222,0.8343887942169202,0.5000099077670218,-0.8768590426867446,-0.33086042665465293,-0.25926176180799115,-0.3818593918317706,-0.17424853981677038,0.5182645978781817
168,0.49412433148212964,-0.20379420456031452,0.9941494157179231,0.8889905214645689,0.4464780990005976,-0.10319221203540062,0.8049772809983193,0.14203697020251338,0.5676628788062746,0.7075525460676256,0.27874804107236884,0.34890209438151004,0.9141999775819034,0.4563564330817764,-0.8053363283172792,-0.36378989340727463,-0.23095328116594874,-0.34528447044986593,-0.2633143649456466,0.5707796149635437
169,0.49412433148212964,-0.20379420456031452,0.9941494157179231,0.8889905214645689,0.4464780990005976,-0.10319221203540062,0.8049772809983193,0.14203697020251338,0.5676628788062746,0.7075525460676256,0.27874804107236884,0.34890209438151004,0.9141999775819034,0.4563564330817764,-0.8053363283172792,-0.36378989340727463,-0.23095328116594874,-0.34528447044986593,-0.2633143649456466,0.5707796149635437
170,0.514883257197831,-0.2179330251698541,0.9971031136161748,0.8948359526458761,0.4247293559814811,-0.09900638672618162,0.7450635613220064,0.15624211575528846,0.5472755152207557,0.7354727506933897,0.18103192329201456,0.328991414230118,0.809150996968329,0.4638227285378742,-0.8733552265229803,-0.34029002990783197,-0.2730775911972398,-0.36522405653807566,-0.16589940346961937,0.5344715645656121
171,0.512437509717473,-0.2246175619394455,0.9953296235150978,0.8781624151923382,0.4006455358720517,-0.04178206713521948,0.7579706192464402,0.21462681670605352,0.48444740102459716,0.7172571735464255,0.21441690664959115,0.3637653218039007,0.7746430240652433,0.48021919695862814,-0.8286875129464898,-0.21951958765488516,-0.2585697623376641,-0.3380236761357901,-0.2321071652961016,0.5936066803742219
172,0.5048496574406077,-0.227131729275937,0.9954303827193296,0.8923563292531176,0.3853858821785654,-0.013063320436834055,0.8001795655874457,0.1645088256772331,0.5432052536616389,0.6265217079070486,0.2873163305924093,0.35320029876236864,0.7516802447918837,0.4757645906165024,-0.8330429311592348,-0.31504158528186665,-0.34337871179733415,-0.33436042498431734,-0.24531348942541853,0.564075946788406
173,0.49290011578396126,-0.23858785851816308,0.9949479770273274,0.878981741597481,0.4294323063787019,-0.09852979568437435,0.7107729074244967,0.1545909814882272,0.4963245392057914,0.7485702871648262,0.21111352708741324,0.30449379271623533,0.6441630981629748,0.42954522485087976,-0.8204271541229144,-0.28652230814280727,-0.3358202090457645,-0.34216374755973283,-0.11220223183225937,0.6581628663444941
174,0.5083168517216796,-0.22428176168765268,0.9912433606049652,0.9133856896804241,0.4199533141455032,-0.09870199015783264,0.6397884878743212,0.12096617172001174,0.4585606912526924,0.7340875188931529,0.22727122820922674,0.2325809034071968,0.6503759862677483,0.38385642977192513,-0.7769910138181402,-0.3229917026481172,-0.39582193561521684,-0.29499272962067863,-0.09519632083372195,0.6781648392860038
175,0.5172258974491344,-0.20948920059323395,0.9626421237705681,0.926749370679459,0.4855613454317794,-0.1800013875347768,0.6230746939791487,0.12128656928796928,0.4767487371974614,0.7612390265410638,0.23474421690244796,0.30081143988202397,0.7260114235133287,0.5759527800625239,-0.8049961275248925,-0.31450018805065,-0.31687470441261345,-0.371046940292885,-0.09257609175943883,0.7873408823600515
176,0.5188586701837068,-0.20108014596347074,0.9695814242744867,0.869247127065069,0.43970955895919267,-0.03801678387747638,0.6145712747032589,0.09754953927630705,0.4516283410001874,0.6547295004909556,0.22800902115529284,0.21461202752108208,0.5397155677522232,0.5065889936969299,-0.8545384860430731,-0.3049526135446426,-0.43853029613500094,-0.35593405838825753,-0.06097697106364138,0.8226483081574851
177,0.5188586701837068,-0.20108014596347074,0.9695814242744867,0.869247127065069,0.43970955895919267,-0.03801678387747638,0.6145712747032589,0.09754953927630705,0.4516283410001874,0.6547295004909556,0.22800902115529284,0.21461202752108208,0.5397155677522232,0.5065889936969299,-0.8545384860430731,-0.3049526135446426,-0.43853029613500094,-0.35593405838825753,-0.06097697106364138,0.8226483081574851
178,0.5188586701837068,-0.20108014596347074,0.9695814242744867,0.869247127065069,0.43970955895919267,-0.03801678387747638,0.6145712747032589,0.09754953927630705,0.4516283410001874,0.6547295004909556,0.22800902115529284,0.21461202752108208,0.5397155677522232,0.5065889936969299,-0.8545384860430731,-0.3049526135446426,-0.43853029613500094,-0.35593405838825753,-0.06097697106364138,0.8226483081574851
179,0.5188586701837068,-0.20108014596347074,0.9695814242744867,0.869247127065069,0.43970955895919267,-0.03801678387747638,0.6145712747032589,0.09754953927630705,0.4516283410001874,0.6547295004909556,0.22800902115529284,0.21461202752108208,0.5397155677522232,0.5065889936969299,-0.8545384860430731,-0.3049526135446426,-0.43853029613500094,-0.35593405838825753,-0.06097697106364138,0.8226483081574851
180,0.5188586701837068,-0.20108014596347074,0.9695814242744867,0.869247127065069,0.43970955895919267,-0.03801678387747638,0.6145712747032589,0.09754953927630705,0.4516283410001874,0.6547295004909556,0.22800902115529284,0.21461202752108208,0.5397155677522232,0.5065889936969299,-0.8545384860430731,-0.3049526135446426,-0.43853029613500094,-0.35593405838825753,-0.06097697106364138,0.8226483081574851
181,0.5188586701837068,-0.20108014596347074,0.9695814242744867,0.869247127065069,0.43970955895919267,-0.03801678387747638,0.6145712747032589,0.09754953927630705,0.4516283410001874,0.6547295004909556,0.22800902115529284,0.21461202752108208,0.5397155677522232,0.5065889936969299,-0.8545384860430731,-0.3049526135446426,-0.43853029613500094,-0.35593405838825753,-0.06097697106364138,0.8226483081574851
182,0.5188586701837068,-0.20108014596347074,0.9695814242744867,0.869247127065069,0.43970955895919267,-0.03801678387747638,0.6145712747032589,0.09754953927630705,0.4516283410001874,0.6547295004909556,0.22800902115529284,0.21461202752108208,0.5397155677522232,0.5065889936969299,-0.8545384860430731,-0.3049526135446426,-0.43853029613500094,-0.35593405838825753,-0.06097697106364138,0.8226483081574851
183,0.5188586701837068,-0.20108014596347074,0.9695814242744867,0.869247127065069,0.43970955895919267,-0.03801678387747638,0.6145712747032589,0.09754953927630705,0.4516283410001874,0.6547295004909556,0.22800902115529284,0.21461202752108208,0.5397155677522232,0.5065889936969299,-0.8545384860430731,-0.3049526135446426,-0.43853029613500094,-0.35593405838825753,-0.06097697106364138,0.8226483081574851
184,0.49644612365400215,-0.23020236204807396,0.9829188986952673,0.8642757992613174,0.4133791608237388,-0.09635025150638046,0.6136399319600069,0.197289349469771,0.4404360174215154,0.7825267074253341,0.15568224345416437,0.2516089173138053,0.5169010094387015,0.4705134168392774,-0.7454289666171836,-0.15913123619227165,-0.36558491379644187,-0.37520080197702776,-0.06665517146152801,0.8277126891139273
185,0.5032125828299748,-0.22464376843191936,0.9905857018259289,0.9051011316602623,0.4441655165925384,-0.11080438999399163,0.5798311594580768,0.16685004759474584,0.4021363888808217,0.7111578187171931,0.21984514028917437,0.16457263041594472,0.5740721645088366,0.47478747661234383,-0.7768340288370214,-0.23357593502227808,-0.44664406726362765,-0.3410963358442853,-0.06499278869953692,0.8464146971321928
186,0.511583098459512,-0.21622161835158232,0.9741893542504881,0.9458144084260198,0.4115680806460022,-0.10072341460706205,0.6323943574308648,0.1416071576941465,0.4353900581972696,0.7454857158137099,0.19148426388176412,0.21198669144920668,0.5659262186610727,0.45635348859007696,-0.7523127413627564,-0.20684514472913204,-0.4294391917293148,-0.32292337171862295,-0.10300996590509783,0.8150374012043703
187,0.511583098459512,-0.21622161835158232,0.9741893542504881,0.9458144084260198,0.4115680806460022,-0.10072341460706205,0.6323943574308648,0.1416071576941465,0.4353900581972696,0.7454857158137099,0.19148426388176412,0.21198669144920668,0.5659262186610727,0.45635348859007696,-0.7523127413627564,-0.20684514472913204,-0.4294391917293148,-0.32292337171862295,-0.10300996590509783,0.8150374012043703
188,0.49668854984361865,-0.2262340777495833,0.9961178027567708,0.857424131945624,0.4320091304037257,-0.04469927544573688,0.5638057000832946,0.19800413472555808,0.3706196887780051,0.7431316266590301,0.1824174708812074,0.2145873665846703,0.49489311356177174,0.4530338065194341,-0.8048765325393317,-0.18201237637750745,-0.4041710509544237,-0.3425884402288284,-0.029673307025667152,0.8784931217442272
189,0.4915397239081863,-0.21884500683981528,0.9794108682860916,0.9007069351060297,0.46261877959240194,-0.11424424863363765,0.5709489859966913,0.1901581236112795,0.47791926508782695,0.7681436394119395,0.1410184656001949,0.27688513442834445,0.5267067592873051,0.5889295489439128,-0.8089176432777806,-0.20967319470231346,-0.3699516935297244,-0.4059324452522131,-0.07981720839533449,0.8378552960057452
190,0.4915397239081863,-0.21884500683981528,0.9794108682860916,0.9007069351060297,0.46261877959240194,-0.11424424863363765,0.5709489859966913,0.1901581236112795,0.47791926508782695,0.7681436394119395,0.1410184656001949,0.27688513442834445,0.5267067592873051,0.5889295489439128,-0.8089176432777806,-0.20967319470231346,-0.3699516935297244,-0.4059324452522131,-0.07981720839533449,0.8378552960057452
191,0.4915397239081863,-0.21884500683981528,0.9794108682860916,0.9007069351060297,0.46261877959240194,-0.11424424863363765,0.5709489859966913,0.1901581236112795,0.47791926508782695,0.7681436394119395,0.1410184656001949,0.27688513442834445,0.5267067592873051,0.5889295489439128,-0.8089176432777806,-0.20967319470231346,-0.3699516935297244,-0.4059324452522131,-0.07981720839533449,0.8378552960057452
192,0.5077185264087668,-0.23831300585680235,0.9940945389953775,0.8787056779306306,0.44600031504016596,-0.11730653232917984,0.49729560414934343,0.2519531836657179,0.3626832206699419,0.8561030636962442,0.11472359959698228,0.22348969776303407,0.5663856758395241,0.4697639742171665,-0.7692124177987797,-0.14328832560834767,-0.3466491889369072,-0.33238547433469456,-0.00952426907746089,0.836732074971839
193,0.5077185264087668,-0.23831300585680235,0.9940945389953775,0.8787056779306306,0.44600031504016596,-0.11730653232917984,0.49729560414934343,0.2519531836657179,0.3626832206699419,0.8561030636962442,0.11472359959698228,0.22348969776303407,0.5663856758395241,0.4697639742171665,-0.7692124177987797,-0.14328832560834767,-0.3466491889369072,-0.33238547433469456,-0.00952426907746089,0.836732074971839
194,0.506709123925476,-0.24863208042146956,0.9989295278996873,0.8867465200826458,0.38424846539891955,0.015017693074919751,0.5557659359399374,0.3350766785092169,0.35764909066099,0.7997823483990296,0.11323441461768866,0.3439619659810235,0.4591109427620446,0.539164746897943,-0.739350771865211,0.04920794758644011,-0.33643519558820684,-0.4191553108507436,-0.12255535735311619,0.8000472683022654
195,0.5230194006900836,-0.22239425902791618,0.9864068051418424,0.8786979665742864,0.4237436094059521,-0.045380321486622806,0.5065190022154142,0.2254466885742406,0.3654329130884319,0.787887904397058,0.09563513260900984,0.21032349604272024,0.35370822331146734,0.4779175876286197,-0.7905697920940638,-0.08325849540973759,-0.43678994873090465,-0.37360857024549066,-0.033558113618275924,0.8860134202376525
196,0.513061915773278,-0.20371774390937028,0.9854913463322801,0.8979108555869935,0.4554277511396595,-0.14207432030762437,0.4780660224032755,0.21189398863773454,0.3504215184213927,0.8602958490052988,0.05964634759621737,0.1893194660026181,0.3951253827746719,0.48925953210620576,-0.7416141459705216,-0.11422761010933408,-0.4110650170987743,-0.3655912334894237,0.04823987031903546,0.9505894229329961
197,0.5013301690602413,-0.2182005957418761,0.9819965668176956,0.9232742730855581,0.4354806149285354,-0.12475033035983256,0.3850368546058642,0.21868249388504327,0.32797059206224954,0.859878666123877,0.05382763703033198,0.1296599810939353,0.30184728816338013,0.4621190376142633,-0.7356403263591986,-0.09933324398963185,-0.4698217078111133,-0.3756980567662108,0.04262263440823797,0.991818544920353
198,0.5200379037440946,-0.22835103892074135,0.9777711665023018,0.9083253467025353,0.43668069898559364,-0.1251511817381188,0.49959307618417964,0.2460559681609599,0.3386813816321986,0.9233937254573138,-0.025237031643534004,0.14221024506793703,0.2493800426004322,0.30004593953921743,-0.7919893830214778,-0.08596350979411689,-0.48144715361246615,-0.3394900723337129,0.10763432950528683,0.8780128531627035
199,0.5200379037440946,-0.22835103892074135,0.9777711665023018,0.9083253467025353,0.43668069898559364,-0.1251511817381188,0.49959307618417964,0.2460559681609599,0.3386813816321986,0.9233937254573138,-0.025237031643534004,0.14221024506793703,0.2493800426004322,0.30004593953921743,-0.7919893830214778,-0.08596350979411689,-0.48144715361246615,-0.3394900723337129,0.10763432950528683,0.8780128531627035
200,0.49526446039477423,-0.2333884343784395,0.9920074255326629,0.907555342304475,0.42211316771788976,-0.0943023183031928,0.5281573466391851,0.16634714219465752,0.41357549965130597,0.7715232898088817,0.09448229259172089,0.16009596988331753,0.3991199530658794,0.39551725292622875,-0.7680414864757066,-0.1840875662266053,-0.4827296973887031,-0.3571694279230845,-0.023425298456951217,0.8444811020888697
201,0.49526446039477423,-0.2333884343784395,0.9920074255326629,0.907555342304475,0.42211316771788976,-0.0943023183031928,0.5281573466391851,0.16634714219465752,0.41357549965130597,0.7715232898088817,0.09448229259172089,0.16009596988331753,0.3991199530658794,0.39551725292622875,-0.7680414864757066,-0.1840875662266053,-0.4827296973887031,-0.3571694279230845,-0.023425298456951217,0.8444811020888697
202,0.49546808450959107,-0.22400009513329527,0.9749480159912328,0.9087845476943718,0.45475181075056237,-0.06307632117527652,0.5226124019339954,0.2583716206637228,0.33460008986868883,0.8548726695457868,0.04390494855107915,0.1905820243203203,0.3100171187403303,0.41481404752027534,-0.7826176019308138,-0.07171703721550661,-0.4609552469046331,-0.3567696345418698,0.060574732773244544,0.9099908724824475
203,0.5098666017988236,-0.22227131705369804,0.9666949442295029,0.9447794454814753,0.45920445488541445,-0.1289798538647899,0.4522218570744405,0.19138450212598962,0.41303616046325464,0.8255076753262172,0.10245421472117879,0.20577156590897314,0.43013889210712747,0.5380752557955257,-0.8092147385718804,-0.17046964330568876,-0.3965828416141929,-0.3851797983917608,-0.04916588056944309,0.9100830722781077
204,0.49416069997528206,-0.22114201754111099,0.9630610693486048,0.9136066928495902,0.48921677435645744,-0.12320845691440202,0.5013977321519973,0.17080932447867533,0.4111817115422359,0.8644770640457774,0.06263328737864668,0.20917158595437924,0.3784745861793045,0.5504405773903703,-0.8362964556621916,-0.17303416060500237,-0.41303801471090973,-0.38513318150311904,0.07321433978165312,0.9329903727641878
205,0.5224518070994904,-0.22511430913313912,0.9842516399349771,0.8918524552084791,0.42306568944211514,-0.1396324371604397,0.4589939913790701,0.1468024521195849,0.4029758989307821,0.8048961354733406,0.15722746957947553,0.15255276765893455,0.4560991886306441,0.44653276210354625,-0.7544609974041909,-0.1944207608179906,-0.5028514934861241,-0.32568673373440027,-0.009834306043656614,0.9283157796426826
206,0.5224518070994904,-0.22511430913313912,0.9842516399349771,0.8918524552084791,0.42306568944211514,-0.1396324371604397,0.4589939913790701,0.1468024521195849,0.4029758989307821,0.8048961354733406,0.15722746957947553,0.15255276765893455,0.4560991886306441,0.44653276210354625,-0.7544609974041909,-0.1944207608179906,-0.5028514934861241,-0.32568673373440027,-0.009834306043656614,0.9283157796426826
207,0.5009544832348662,-0.2370660022010099,0.9704852502120896,0.9214073003203117,0.4906563365878235,-0.09820603414573469,0.5741857704730798,0.11541228173049534,0.4048404289133091,0.7133689176644173,0.15831856981942788,0.1773242347886158,0.4168353638791659,0.5341479827354741,-0.7785752730452892,-0.22426908190812553,-0.4924845439603062,-0.3800042736683735,0.011068806045127066,0.9938225394877643
208,0.5309730685464114,-0.20786685278285402,0.9908633377084292,0.9003136084822347,0.4414587723371846,-0.09620536420716243,0.5648574364337052,0.0828619108523299,0.43445467545605587,0.7193857173988302,0.19611388373622088,0.16396422235733984,0.4422169694359313,0.46754877836198616,-0.8085769490737654,-0.28970762091750746,-0.5193139526401775,-0.3539196338928418,-0.04545228091953797,0.899415278116639
209,0.5107573658831202,-0.19506998305815626,0.9828629952370255,0.8931607950924557,0.45474946481492917,-0.10149714538561272,0.6797438329142911,0.005849691684650028,0.452381055069038,0.6948027178734155,0.16338358874009465,0.086656476272705,0.33144467604817124,0.3621935864773181,-0.8331967853441645,-0.3408037150435529,-0.6591851530067478,-0.31707517349944525,0.04771084142524638,0.9355662994881471
210,0.5305103641136475,-0.20361108021737043,0.9938856884411774,0.8938696550487903,0.3885397402925313,-3.4967034410821746e-05,0.6431442548213737,0.023079273521190324,0.5182203217235005,0.5944491766553248,0.21485009739367888,0.1300025811549536,0.2413164121278088,0.39777892496148054,-0.8655485797189525,-0.26622075464703165,-0.6386596725632832,-0.38197117571224376,-0.07779321110304498,0.9038261004434883
211,0.5078730209417447,-0.1940845360419306,0.9957578073353521,0.8892681977600451,0.3998546573476459,-0.03304573715718498,0.7133666772593066,0.06257955429554307,0.4096247574946795,0.6271586902590096,0.20899851124861257,0.13368476961862474,0.4003672634875756,0.332745000193059,-0.8167717848399171,-0.2886604180667519,-0.6035141155730298,-0.2914966383531396,-0.021882745683354472,0.8629151249676389
212,0.5333669949077733,-0.2032429053581086,0.9875395478572745,0.9055357093989855,0.39662121574981707,-0.032918410344264355,0.6111498554928854,0.027332100030235514,0.4566175760536631,0.5806090736833582,0.2820978313688136,0.1146568828876348,0.34689714779558617,0.43036570643618266,-0.7577236071383487,-0.24120898402086677,-0.6398210643235198,-0.32297328351851146,-0.1044879127733353,0.9829310387408462
213,0.5333669949077733,-0.2032429053581086,0.9875395478572745,0.9055357093989855,0.39662121574981707,-0.032918410344264355,0.6111498554928854,0.027332100030235514,0.4566175760536631,0.5806090736833582,0.2820978313688136,0.1146568828876348,0.34689714779558617,0.43036570643618266,-0.7577236071383487,-0.24120898402086677,-0.6398210643235198,-0.32297328351851146,-0.1044879127733353,0.9829310387408462
214,0.5068074804873512,-0.20182209890271313,0.9839756792611439,0.9011728111312141,0.430141302546036,-0.08186022777092095,0.6801492502423894,0.11458133514565555,0.42558151858353593,0.7662067810919753,0.11340569627517112,0.1394435496557674,0.38921688700399787,0.28176163614151883,-0.8572121014753824,-0.24388720128794966,-0.5358361731405618,-0.31959897972030527,0.044127553044538415,0.752471509369873
215,0.5169094587070644,-0.20467463482899867,0.9771736087270231,0.9317616769330336,0.3689389864296675,-0.14550235084191296,0.6081375189823636,0.13438326238328052,0.4316715523192257,0.75773068382374,0.13907579899037154,0.09885679143803024,0.3243955638590655,0.3199440095288135,-0.7353396443400685,-0.17602778623925827,-0.6017791024294765,-0.30185453835097215,-0.05606384160883217,0.9323890285023131
216,0.5009261858906665,-0.19577039711344427,0.985160626126089,0.8989850667910881,0.4500107337387327,-0.11036417723395502,0.6996083190657926,0.014902994153592818,0.4637765636096575,0.7179463799260627,0.18972818489652965,0.1041787098268602,0.47422586160135327,0.24394284080928977,-0.850571415319342,-0.4111632628202056,-0.6573249752008784,-0.295300707379413,0.05188830823622713,0.7911781345106572
217,0.5249196364722256,-0.19990718223231427,0.9827311524138419,0.9097982853436455,0.40479627173217336,-0.16268682781797475,0.7023342611258989,-0.012057710800086855,0.5402473198390472,0.7316664954115464,0.1311739886292377,0.10674199179117166,0.2659299315687001,0.30605782795135994,-0.8799917561070725,-0.4143660829779729,-0.631049473553166,-0.33309289240697837,-0.01543603860585174,0.8703719997767931
218,0.5192804660435447,-0.20653436400765485,0.9913196112315185,0.8963813603987908,0.47311614589117773,-0.07418268122054433,0.6708872672013977,-0.002944474388200103,0.4460439310793256,0.686172649916587,0.15964786281076038,0.07380148510346449,0.28223478985304845,0.2956535220973619,-0.8690969165616406,-0.3583987661838026,-0.6731405915991164,-0.3614767469997723,0.08024437474704378,0.854868855830868
219,0.5192804660435447,-0.20653436400765485,0.9913196112315185,0.8963813603987908,0.47311614589117773,-0.07418268122054433,0.6708872672013977,-0.002944474388200103,0.4460439310793256,0.686172649916587,0.15964786281076038,0.07380148510346449,0.28223478985304845,0.2956535220973619,-0.8690969165616406,-0.3583987661838026,-0.6731405915991164,-0.3614767469997723,0.08024437474704378,0.854868855830868
220,0.506788155403842,-0.18179513045613685,0.993974996405532,0.9001560133398971,0.3943971726743441,-0.0980055299471922,0.8255842525276204,0.04002899330730218,0.47799149269440405,0.648409801697485,0.2112109586029785,0.16534042099276652,0.29803300837299407,0.27114243571468544,-0.7990861746008893,-0.28785502517886974,-0.6536220574294818,-0.31124666900351733,-0.0681251909503655,0.8488556006558232
221,0.5417686175167965,-0.20429517869780417,0.9905109058655057,0.8936827606727458,0.4219086928508724,-0.06409991377893892,0.6012423912737348,0.08467311781624791,0.4744697621164924,0.7458931992040999,0.13394864017519378,0.07997273502716137,0.24111056154770194,0.25369812162412514,-0.9126758394810748,-0.3358486317910667,-0.6524173577561568,-0.27739803416803366,0.05637625967667927,0.7628645722847955
222,0.497702664869342,-0.18628968572483284,0.9954206999163665,0.8888374717176261,0.39280633448008057,-0.0598880027994556,0.8117051216526089,0.021311568226135825,0.49762478056370735,0.6693268702521078,0.1810942248382661,0.14827358854015948,0.349892084565362,0.29608903939933845,-0.7867606278812448,-0.2843547692662268,-0.6313270097227349,-0.31856572933436555,-0.06367424165837414,0.8234265650178987
223,0.497702664869342,-0.18628968572483284,0.9954206999163665,0.8888374717176261,0.39280633448008057,-0.0598880027994556,0.8117051216526089,0.021311568226135825,0.49762478056370735,0.6693268702521078,0.1810942248382661,0.14827358854015948,0.349892084565362,0.29608903939933845,-0.7867606278812448,-0.2843547692662268,-0.6313270097227349,-0.31856572933436555,-0.06367424165837414,0.8234265650178987
224,0.5181287997838824,-0.19526938973153216,0.9873366225630558,0.8868922117988151,0.45328474627713844,-0.04808089948871946,0.6024220864794468,0.05189944967332173,0.4249657573823735,0.655153339374321,0.20320256921568677,0.09760886343373983,0.3883095993587782,0.46780241882385165,-0.8887770228399933,-0.3101051683609335,-0.5469868432514022,-0.39348853050652904,-0.022550019338565555,0.9638862196453375
225,0.5300824313787267,-0.19991028806913277,0.9770797831841677,0.881381644157093,0.4306970951102915,-0.15979646261149746,0.5823326574348513,0.1002304619277811,0.37065094845978674,0.7623196420076381,0.16935716301857426,0.13912560988634362,0.46017427570829006,0.3518531538418006,-0.6699870177430566,-0.2496989417426023,-0.6026316509314463,-0.3132332286894054,-0.016854761918147148,0.9404036272401143
226,0.5299321996911928,-0.18965824202451578,0.9865656130162269,0.9106801713219842,0.41191243816393874,-0.020054199074061363,0.4919745722796003,0.2213469394989313,0.32163732275591816,0.770165717320721,0.16853666163123524,0.160423990145002,0.31991734616980844,0.4948994136345693,-0.7798951049758289,-0.08951993813769864,-0.45715975256611796,-0.3446384487290147,0.007657305605685552,0.9749023156540991
227,0.5299321996911928,-0.18965824202451578,0.9865656130162269,0.9106801713219842,0.41191243816393874,-0.020054199074061363,0.4919745722796003,0.2213469394989313,0.32163732275591816,0.770165717320721,0.16853666163123524,0.160423990145002,0.31991734616980844,0.4948994136345693,-0.7798951049758289,-0.08951993813769864,-0.45715975256611796,-0.3446384487290147,0.007657305605685552,0.9749023156540991
228,0.5299321996911928,-0.18965824202451578,0.9865656130162269,0.9106801713219842,0.41191243816393874,-0.020054199074061363,0.4919745722796003,0.2213469394989313,0.32163732275591816,0.770165717320721,0.16853666163123524,0.160423990145002,0.31991734616980844,0.4948994136345693,-0.7798951049758289,-0.08951993813769864,-0.45715975256611796,-0.3446384487290147,0.007657305605685552,0.9749023156540991
229,0.5192900009926181,-0.20640604273828353,0.98032056193718,0.9081614767299773,0.4224682691200135,-0.0642191375211216,0.5100720367819198,0.20329124933022116,0.39523329926095174,0.7789973295882197,0.09867818386011123,0.19644631917867025,0.22335574344012651,0.48288929318843016,-0.7370986833127062,-0.034470719866357045,-0.4561347853093523,-0.4185699307712207,0.014331245882692554,0.983923505451561
230,0.5192900009926181,-0.20640604273828353,0.98032056193718,0.9081614767299773,0.4224682691200135,-0.0642191375211216,0.5100720367819198,0.20329124933022116,0.39523329926095174,0.7789973295882197,0.09867818386011123,0.19644631917867025,0.22335574344012651,0.48288929318843016,-0.7370986833127062,-0.034470719866357045,-0.4561347853093523,-0.4185699307712207,0.014331245882692554,0.983923505451561
231,0.5192900009926181,-0.20640604273828353,0.98032056193718,0.9081614767299773,0.4224682691200135,-0.0642191375211216,0.5100720367819198,0.20329124933022116,0.39523329926095174,0.7789973295882197,0.09867818386011123,0.19644631917867025,0.22335574344012651,0.48288929318843016,-0.7370986833127062,-0.034470719866357045,-0.4561347853093523,-0.4185699307712207,0.014331245882692554,0.983923505451561
232,0.5110200153295714,-0.20819160363694544,0.9841718067099872,0.8974071555073517,0.4394660149012205,-0.0276634964100776,0.4674232892284751,0.2864024759956094,0.3878722014704193,0.8684392765327115,0.10167726566583722,0.22527507602208746,0.39523705166380413,0.47276097292871444,-0.8194871495768977,-0.05012829258442872,-0.4220614937390068,-0.3632750944688282,0.022253854097744174,0.8067040720690751
233,0.5110200153295714,-0.20819160363694544,0.9841718067099872,0.8974071555073517,0.4394660149012205,-0.0276634964100776,0.4674232892284751,0.2864024759956094,0.3878722014704193,0.8684392765327115,0.10167726566583722,0.22527507602208746,0.39523705166380413,0.47276097292871444,-0.8194871495768977,-0.05012829258442872,-0.4220614937390068,-0.3632750944688282,0.022253854097744174,0.8067040720690751
234,0.5291194454648573,-0.21517271034522076,0.987751752956027,0.8650878704179041,0.4440707933975519,-0.08406153068811745,0.5018590707190937,0.24001953728008535,0.3522699069122932,0.8442255900100953,0.12073729799518804,0.24130975279086392,0.4496630820572856,0.46678422349221066,-0.7256564610110254,-0.03270256342880231,-0.3394453548174879,-0.3609525944121177,-0.007667583528159957,0.8846847406475686
235,0.5384388079773834,-0.21264649228661386,0.9796951966671333,0.9069456433786793,0.4851315030312688,-0.12267558857817559,0.42593687018970466,0.18823828882227783,0.4306599141345167,0.8805488220106518,0.1011659990063157,0.23936397222996103,0.4403779608102413,0.5996457740400827,-0.8530655330011271,-0.16788446402903676,-0.3340177470006395,-0.41343318721129435,0.021748816932246194,0.8806421336227497
236,0.515013635677326,-0.18330708105461938,0.9939270732792505,0.899227054980623,0.4470116028448841,-0.13622789798991602,0.5254968851690263,0.16126899928696511,0.3767207455400688,0.8606983864619366,0.11290534991472587,0.17153312978578114,0.39956942455923516,0.43521184217117886,-0.7673973436425899,-0.17277688858975718,-0.4582011878345651,-0.31541571577432304,0.020908237062112568,0.9175352351417169
237,0.5195777522336051,-0.19944846388125592,0.9847437830835001,0.8970545756947891,0.4318696837144968,-0.0662967617638205,0.5911538420339971,0.21114363419739063,0.4462598042724985,0.7462403859728135,0.16711521721861589,0.290906299029554,0.5448957136805777,0.5529435945587475,-0.825744669488589,-0.1787370845329152,-0.39049801671690076,-0.37971328777528673,-0.052567698064119865,0.804210546683904
238,0.5203695150369148,-0.20498634331118917,0.9865397502096016,0.8852543107661259,0.45334274488417214,-0.12961851634625443,0.6062283158770748,0.18573952105869462,0.4672091501982219,0.8141451803228437,0.11828266731459534,0.25489216024086586,0.5396051395447619,0.4634201990427371,-0.8287967857520985,-0.21275943931866956,-0.3663175840248421,-0.34730584830778943,-0.08119683595846276,0.7280070356511881
239,0.5273694494898078,-0.21039491200361285,0.9926771644335857,0.889454613203674,0.43623341437552965,-0.1131178348647846,0.6041511498566862,0.20153609163844968,0.42657078220772027,0.8019244998670091,0.1662848896682541,0.2566576776504824,0.6189204617462475,0.4404838642378759,-0.7969677910285374,-0.22496666434131019,-0.36146335278001673,-0.3493968530147797,-0.04573152651408206,0.7268555820518496
240,0.5273694494898078,-0.21039491200361285,0.9926771644335857,0.889454613203674,0.43623341437552965,-0.1131178348647846,0.6041511498566862,0.20153609163844968,0.42657078220772027,0.8019244998670091,0.1662848896682541,0.2566576776504824,0.6189204617462475,0.4404838642378759,-0.7969677910285374,-0.22496666434131019,-0.36146335278001673,-0.3493968530147797,-0.04573152651408206,0.7268555820518496
241,0.49961861903095345,-0.19693032030128887,0.9966849271363782,0.8787241140919106,0.4402050120221345,-0.13162434419407026,0.6399622103551904,0.17125123525088673,0.488312801398767,0.7693257919917486,0.17963009666049976,0.26576271055242184,0.632068373811679,0.49489392560753964,-0.8087996292049509,-0.2721425749077574,-0.39243448570071143,-0.3353559339812525,-0.12449025803704908,0.7146476903607308
242,0.5425598765015,-0.2031766857034893,0.9937608236300081,0.899863755579258,0.43277325817513856,-0.047298026268027565,0.5931858058288527,0.1749668856676965,0.42433621097506274,0.7629274253149835,0.1418540971333446,0.2618370473673297,0.4573443132471492,0.4492923588749316,-0.8213018556925489,-0.16890861306187968,-0.4254706816943324,-0.36906845984155867,-0.033040395648598675,0.8245894437696031
243,0.5149901724841757,-0.1884003281180376,0.9973816537372364,0.8970357723104294,0.4340546572934601,-0.07701903360498083,0.5763822372260735,0.1464753898449865,0.42013619926643664,0.826972027665915,0.10938698079186579,0.22139291196097793,0.47149294020710475,0.37991939782861134,-0.8171423934312044,-0.2014641820612478,-0.4090271686831145,-0.3308456642019135,-0.016971701881870332,0.7709881902351409
244,0.5205055908999321,-0.1932745190172836,0.9960256874789977,0.8598998246789872,0.44917754877620053,-0.06664780625688432,0.6146162651016017,0.10051730244267307,0.46780478010077065,0.7081969893716616,0.1581535409261369,0.1893329202337396,0.3859573436123102,0.4040390365697076,-0.832535881084226,-0.2380437150976443,-0.5138618914733625,-0.3857608490786044,-0.036036545556035866,0.8789254591526979
245,0.527462389914939,-0.18211339628322173,0.987980423421037,0.875974810323126,0.43639992465635996,-0.07131797097250807,0.581514055023147,0.0788013295888435,0.41638874422544514,0.7387101881748283,0.16162759158100953,0.1412925411203616,0.3793411349230856,0.4081419765191216,-0.831060388417647,-0.28945725607172973,-0.5336501274894337,-0.3255256507965677,0.01958284032831558,0.9547239376172585
246,0.5016490202899674,-0.1686381629966272,0.9990685247112268,0.8694642979693084,0.43251216931181646,-0.04186370692400809,0.6136719667222218,0.19135318158750594,0.4244526364885804,0.7613035929376033,0.15692616212069246,0.24979410650266404,0.41456441453350695,0.3966150090215672,-0.7928775652992537,-0.1408086857285171,-0.489408781588975,-0.366337894673227,-0.03703336749162737,0.8339092946124717
247,0.520600591720876,-0.19187027205462506,0.9897132693157131,0.865219664551388,0.4370396417280953,-0.07279489581224206,0.5385442899093773,0.20774812019219316,0.4255628114048976,0.8984468692576295,0.02956240040642078,0.24283800751597254,0.4046412522381048,0.3992750278971783,-0.8370317939219275,-0.17183593446858372,-0.4089934243974545,-0.3146407712561256,0.0035368953111947106,0.7773550689539181
248,0.524287251831177,-0.183249839073101,0.9827759642933562,0.8941874048311114,0.4418095405315618,-0.013543404393732549,0.5783440901340824,0.23046587991498485,0.42414995144992446,0.7695148940094644,0.06681018377184089,0.28841292359396575,0.3420408224158774,0.43230321865674853,-0.8371351884612158,-0.09228281369672905,-0.4598949449139512,-0.38671125153060787,-0.017212885287851178,0.8148962650563455
249,0.5182525534275069,-0.1887235011645871,0.996445954455454,0.8786130138897686,0.4260751564218045,-0.07868351094934913,0.5160384020637429,0.2034596847728172,0.3734355842229096,0.8138734268025273,0.09178766042659331,0.21167273549746096,0.4332199000126814,0.4267645376476091,-0.7721562298625697,-0.1524733990383824,-0.4292550061353015,-0.31831396951345753,-0.03360221912198206,0.9086080947377394
250,0.5200941908727189,-0.18793364834847506,0.9763787661053671,0.8922129573140108,0.46966499856966143,-0.07550474289657925,0.6141045691013921,0.17528802093991264,0.4361926277768479,0.7278797038746305,0.17849759727607586,0.30293690182641203,0.6163089909829675,0.5276763545833701,-0.8112848915132739,-0.2344728366229009,-0.3616813882575992,-0.4119407069994916,-0.08471887661376183,0.8005750864650388
251,0.5264781537783885,-0.1850465784739479,0.9896853199571715,0.8797134085353385,0.4296503029902754,-0.10014082945974,0.6311070661292537,0.16457415557471783,0.46136919491005757,0.765610097670796,0.19719717833343178,0.2707172339684828,0.587938172526326,0.4905557342984267,-0.8357475996796703,-0.2669327743559488,-0.35112026554276804,-0.35215046344096,-0.15810164538671653,0.7968751967665324
252,0.5388986385003913,-0.18782207735113984,0.9754842593390514,0.9006326215796296,0.4705165784773258,-0.12770700433706486,0.6960503431977352,0.09622064817945003,0.54398729626461,0.7736138376951405,0.1165004058566104,0.2635296733708999,0.6171805765007093,0.413183566065226,-0.8464127897992867,-0.32968400282744176,-0.3879038862330697,-0.363769959648527,-0.049157071832088825,0.6200012963358738
253,0.5388986385003913,-0.18782207735113984,0.9754842593390514,0.9006326215796296,0.4705165784773258,-0.12770700433706486,0.6960503431977352,0.09622064817945003,0.54398729626461,0.7736138376951405,0.1165004058566104,0.2635296733708999,0.6171805765007093,0.413183566065226,-0.8464127897992867,-0.32968400282744176,-0.3879038862330697,-0.363769959648527,-0.049157071832088825,0.6200012963358738
254,0.5139320204545361,-0.17633821884129713,0.9964092566289187,0.8994873757877517,0.4094833980136526,-0.06450541306693564,0.766785324417574,0.15403102608444985,0.5148113469053147,0.7083252120225109,0.2515534467385408,0.297317798385362,0.7101357159828431,0.37674939098567567,-0.889614521028521,-0.3667329176693289,-0.3505842221421303,-0.31293088521877355,-0.19134113311013207,0.5588480477739366
255,0.5276840179947522,-0.17814721399067623,0.9835030531383528,0.8882456355060964,0.45136001669379694,-0.15444377427164668,0.702141958408949,0.07640812292539145,0.49383025037976785,0.744011873523947,0.17929375361407301,0.2443398614815389,0.6916066316344578,0.324494172451625,-0.7804806432231008,-0.36999115576101727,-0.3992596660002997,-0.300203980913356,-0.048952833214784316,0.6493724612201377
256,0.5030646240677684,-0.16716817465494033,0.99245387340162,0.8808960106882187,0.42653144188023856,-0.08609378618333148,0.7279540743081027,0.12460604160816613,0.5160282461938727,0.702817219744235,0.26327724606844877,0.2558588968424196,0.617378006958,0.3952003801835933,-0.8948135411321397,-0.36747694597226893,-0.44718849255554405,-0.2986959735859478,-0.14920928967643338,0.6892828491522351
257,0.523191329774062,-0.1892842535649773,0.9903539572369426,0.8911399122380207,0.448155584716321,-0.06681030279509681,0.7369766798257622,0.04109205406243331,0.5152953514255495,0.6434933751191129,0.23624680661158756,0.22140241812078595,0.5340816056280109,0.4083807769819653,-0.8336998463954245,-0.3666913332590037,-0.48930179446985694,-0.36104813263677454,-0.07603080049750978,0.7755713997144964
258,0.5150545619348785,-0.19108533177397485,0.9879959106284698,0.877837646685731,0.4112334758166982,-0.09090630459774751,0.7441920118904727,0.09260914503295362,0.5428113535050455,0.7227426116750872,0.20385478194872092,0.2486992918553893,0.665948599440707,0.358715111246594,-0.880793004626018,-0.3807671438586985,-0.4183806466028275,-0.3313844258114833,-0.13152922715440735,0.5718110182142875
259,0.5150545619348785,-0.19108533177397485,0.9879959106284698,0.877837646685731,0.4112334758166982,-0.09090630459774751,0.7441920118904727,0.09260914503295362,0.5428113535050455,0.7227426116750872,0.20385478194872092,0.2486992918553893,0.665948599440707,0.358715111246594,-0.880793004626018,-0.3807671438586985,-0.4183806466028275,-0.3313844258114833,-0.13152922715440735,0.5718110182142875
260,0.5150545619348785,-0.19108533177397485,0.9879959106284698,0.877837646685731,0.4112334758166982,-0.09090630459774751,0.7441920118904727,0.09260914503295362,0.5428113535050455,0.7227426116750872,0.20385478194872092,0.2486992918553893,0.665948599440707,0.358715111246594,-0.880793004626018,-0.3807671438586985,-0.4183806466028275,-0.3313844258114833,-0.13152922715440735,0.5718110182142875
261,0.4834887563038559,-0.22247936116386657,0.9911266726955981,0.8561428053043101,0.4646679625932947,-0.08136797568248562,0.7882661926343303,0.035730191971401204,0.5238591205359447,0.6678059571982257,0.2747105617138563,0.2390189253251503,0.6525394956520052,0.4368909305699054,-0.8757887380282172,-0.42955084539123656,-0.4147099614550034,-0.3447335105913851,-0.1202371329602962,0.7697830632186571
262,0.5184438284357247,-0.2220739158802998,0.9684394325410047,0.9456951260649202,0.44539875717356464,-0.027231099811719308,0.7274785441997534,0.07425007608974131,0.5381266685142864,0.5668662814159589,0.29761291684675784,0.29633513447999404,0.6429284869097692,0.5181912431790549,-0.8505346743857402,-0.35418979241898957,-0.43254848369850596,-0.40219708233435764,-0.20298848086690965,0.790525839537072
263,0.4935677920045972,-0.21258481195957576,0.9804690285146417,0.9206058387803598,0.4488308503143279,-0.008745263618602797,0.7544203009195541,0.17508212040510648,0.4880348497733396,0.6753803402149159,0.3499584353335556,0.34976696851428507,0.7216783407443375,0.5431353274736787,-0.8497862291517092,-0.30916354038291805,-0.34797925238408706,-0.34183708093921583,-0.22727711575022616,0.7459670088285337
264,0.4935677920045972,-0.21258481195957576,0.9804690285146417,0.9206058387803598,0.4488308503143279,-0.008745263618602797,0.7544203009195541,0.17508212040510648,0.4880348497733396,0.6753803402149159,0.3499584353335556,0.34976696851428507,0.7216783407443375,0.5431353274736787,-0.8497862291517092,-0.30916354038291805,-0.34797925238408706,-0.34183708093921583,-0.22727711575022616,0.7459670088285337
265,0.4935677920045972,-0.21258481195957576,0.9804690285146417,0.9206058387803598,0.4488308503143279,-0.008745263618602797,0.7544203009195541,0.17508212040510648,0.4880348497733396,0.6753803402149159,0.3499584353335556,0.34976696851428507,0.7216783407443375,0.5431353274736787,-0.8497862291517092,-0.30916354038291805,-0.34797925238408706,-0.34183708093921583,-0.22727711575022616,0.7459670088285337
266,0.5135823363401605,-0.22867867634974967,0.9713301084200004,0.9254425059602681,0.44519165189041493,-0.06880146375759573,0.7334206257207363,0.07541833268593154,0.5916945347459818,0.6865443250219535,0.23360182829110612,0.29890460398838764,0.7735727420628055,0.46944974331784894,-0.8920784242431542,-0.40602935759194103,-0.3068091425078674,-0.3745630955116657,-0.1590396592906735,0.5865252149196751
267,0.5015659140803729,-0.2117916846292326,0.9975269926641441,0.8968033149156237,0.45590437173174336,-0.03710596615413275,0.8034537819144832,0.12345788692637631,0.5075527751055646,0.6542105370819531,0.27606595063554995,0.3287625222107504,0.7391525216633749,0.43659374028765996,-0.8733636416933317,-0.3506837055542967,-0.34167445930720075,-0.3277233508431224,-0.21548763590268152,0.6503836892645303
268,0.5226510408581986,-0.20678846775713966,0.9926195322623781,0.9128759812949799,0.4293431668934764,-0.05475520410266869,0.7429060019728959,0.15766968403857543,0.5597901438289206,0.6818365476897524,0.21771229193184682,0.34204264865620765,0.7938420386472461,0.39729655698083005,-0.8344156887650134,-0.3291225717512719,-0.33881194763731487,-0.3489345680439776,-0.1617125316388486,0.5541268503237352
269,0.5226510408581986,-0.20678846775713966,0.9926195322623781,0.9128759812949799,0.4293431668934764,-0.05475520410266869,0.7429060019728959,0.15766968403857543,0.5597901438289206,0.6818365476897524,0.21771229193184682,0.34204264865620765,0.7938420386472461,0.39729655698083005,-0.8344156887650134,-0.3291225717512719,-0.33881194763731487,-0.3489345680439776,-0.1617125316388486,0.5541268503237352
270,0.500617630444171,-0.17170840660896183,0.9937745623824438,0.9149615420245867,0.4325192069122012,-0.027164225566896485,0.784184876792889,0.14707683550809078,0.5072020769002501,0.5984511894502325,0.29576032338445807,0.30561638812204706,0.6985376369391726,0.4220703410612283,-0.7978891429370779,-0.27361808572558505,-0.388727915848011,-0.3140483588635048,-0.1940984144419598,0.7060206415864175
271,0.5085021417749586,-0.20434660841976218,0.9945722243372055,0.9357442319175174,0.4124940091124467,-0.1051768214962566,0.8260183245599653,0.08306990425950529,0.5448199293098248,0.6172181333517612,0.3064972623767779,0.29116714485362577,0.8665083221387467,0.4225995911451735,-0.771249196332356,-0.37667597425564925,-0.4053131090155945,-0.319932023216066,-0.20760322338997375,0.5740166631335978
272,0.5109060148740304,-0.2157506064097946,0.9905611831876773,0.9318335395175306,0.4219731092383671,-0.12409074593609622,0.7312300429877568,0.12602878697655212,0.4929100439229162,0.744172194395771,0.21960630931757005,0.34192705776926324,0.7946277147276744,0.42923782109089303,-0.8612789844573558,-0.4115023339573963,-0.27638136056287865,-0.32002796771315145,-0.1733865306726332,0.5457097497476593
273,0.5165048122835513,-0.21638828669509516,0.9681126657285315,0.9240430696402118,0.425793625556723,-0.1674354731984652,0.7101497543339211,0.13395203834813138,0.5161977296241624,0.7853739438588089,0.16004233724154454,0.32718148407979086,0.869174874961455,0.3564801884038522,-0.8331222170702466,-0.3735034923161338,-0.23092679936434493,-0.3352386064157758,-0.07535404980087447,0.4680217051359656
274,0.5165048122835513,-0.21638828669509516,0.9681126657285315,0.9240430696402118,0.425793625556723,-0.1674354731984652,0.7101497543339211,0.13395203834813138,0.5161977296241624,0.7853739438588089,0.16004233724154454,0.32718148407979086,0.869174874961455,0.3564801884038522,-0.8331222170702466,-0.3735034923161338,-0.23092679936434493,-0.3352386064157758,-0.07535404980087447,0.4680217051359656
275,0.5086818839450923,-0.2080167070619109,0.9894894489152966,0.9432300354836599,0.42684197640582255,-0.1655366315225069,0.8402618838079972,0.04091774791481943,0.5938814213514311,0.7289498760437638,0.20828981069099117,0.27811592930606843,0.811577706817991,0.33991969069129824,-0.9136124390139347,-0.5459199305748441,-0.33263211868032716,-0.266174104301893,-0.16810602419050125,0.46354991212712515
276,0.509494989236564,-0.20646138146368137,0.9922168703229706,0.9425442245406462,0.4230069046358941,-0.15793427856437214,0.7683039136877735,0.007615478611215052,0.5461972187836132,0.7028187981976478,0.2688258586499254,0.22869355063813154,0.8785766746127889,0.2865104714794227,-0.792764957986589,-0.45603454593725107,-0.45349023546102224,-0.28760668121407534,-0.06224978989134777,0.5065650752211089
277,0.509494989236564,-0.20646138146368137,0.9922168703229706,0.9425442245406462,0.4230069046358941,-0.15793427856437214,0.7683039136877735,0.007615478611215052,0.5461972187836132,0.7028187981976478,0.2688258586499254,0.22869355063813154,0.8785766746127889,0.2865104714794227,-0.792764957986589,-0.45603454593725107,-0.45349023546102224,-0.28760668121407534,-0.06224978989134777,0.5065650752211089
278,0.5175479128866203,-0.218333894993133,0.9804668920675268,0.8503676115152001,0.4216358797721822,-0.15133609310270119,0.7683668956097262,0.028587422700207085,0.5240885995576782,0.6830898048545616,0.26877633527588096,0.2240455166432993,0.6985433193799451,0.40093909157312335,-0.8881691145112007,-0.46123254461288293,-0.37931220808914484,-0.2625554679255454,-0.2165382583780777,0.6940588106252804
279,0.5191825936625911,-0.2261035936933339,0.9768284665415665,0.9234275410412431,0.4407154006587617,-0.05676221212713447,0.7093572350794756,0.12165674233291285,0.4631488920088631,0.6141809804254617,0.28114940182230286,0.2926456048242618,0.7398767708760948,0.4703950351389838,-0.8141743411541651,-0.33437009586510963,-0.4692444323516488,-0.374087761827165,-0.09489469251310145,0.6892032283276693
280,0.5191825936625911,-0.2261035936933339,0.9768284665415665,0.9234275410412431,0.4407154006587617,-0.05676221212713447,0.7093572350794756,0.12165674233291285,0.4631488920088631,0.6141809804254617,0.28114940182230286,0.2926456048242618,0.7398767708760948,0.4703950351389838,-0.8141743411541651,-0.33437009586510963,-0.4692444323516488,-0.374087761827165,-0.09489469251310145,0.6892032283276693
281,0.49544627316953815,-0.24743743267686172,0.9760817217764649,0.9396880786513687,0.4190664818787736,-0.11560204535984607,0.7864307157707487,-0.009313926230972703,0.529819320569496,0.6404358421386663,0.3034758252924777,0.2268479465560775,0.6299697006605496,0.4060451054233548,-0.8409981477357762,-0.418372630014302,-0.454031254139542,-0.2883415003059562,-0.20213385121517907,0.8386711324979673
282,0.5115471566476303,-0.2396181325623247,0.9925890680852321,0.9273044478743945,0.4282720727299603,-0.10266263150927185,0.6154340892071554,0.0896882080169019,0.4248389326936658,0.6602879824301234,0.22806234130447273,0.112546520112721,0.6218675564496536,0.3028791794734348,-0.7852496126161944,-0.34796251577917325,-0.6088959815871721,-0.29728017311647326,0.003610498847287865,0.7395787704277011
283,0.5116626073260601,-0.1815237380913401,0.981942495679922,0.9313636176074516,0.3833005761762124,-0.1329756847543291,0.8091843527631344,0.11055814564283159,0.4803284668490913,0.7430108373648568,0.16435199110084636,0.25667453663993023,0.5638486751731587,0.31703791835030853,-0.788916944943516,-0.315703129067238,-0.4694071904268622,-0.29993989640484914,-0.13385206247942147,0.7612589213713581
284,0.49728679633940875,-0.2095393137033257,0.9929846685735412,0.8907238048898186,0.42523430349686125,-0.08044595257410218,0.5783497158339377,0.1220602904215208,0.4033589420533972,0.6484264707530167,0.19894451501228752,0.16315707039529143,0.5494660831101849,0.3783660681339558,-0.7946118677688574,-0.300225525498748,-0.5085012351417216,-0.32566445554413787,-0.033716734641105736,0.7772508949338166
285,0.5134686324883875,-0.23305055217360926,0.9981861430069439,0.8715703820237733,0.42352751274834194,-0.056651511050155805,0.7139206941357786,0.05068488465938219,0.4879056805476768,0.7111234552072334,0.18738451353269422,0.2245623937953922,0.4377664344232442,0.328596181865611,-0.8284580822392963,-0.3227833836679438,-0.48459818916059455,-0.3174208143063854,-0.07326234411704952,0.8278388953791503
286,0.5134686324883875,-0.23305055217360926,0.9981861430069439,0.8715703820237733,0.42352751274834194,-0.056651511050155805,0.7139206941357786,0.05068488465938219,0.4879056805476768,0.7111234552072334,0.18738451353269422,0.2245623937953922,0.4377664344232442,0.328596181865611,-0.8284580822392963,-0.3227833836679438,-0.48459818916059455,-0.3174208143063854,-0.07326234411704952,0.8278388953791503
287,0.5020012153409352,-0.211703868673438,0.992556718284995,0.881946548589242,0.4181823471320335,-0.046406120501980334,0.6457449527966839,0.042802099199486444,0.43055669698268917,0.6461178535081695,0.18394518312881622,0.11890927867254024,0.36579766395814733,0.2983053065556199,-0.8426788238152544,-0.3513788721675139,-0.6758308070809126,-0.3090828659032989,0.009083326260836713,0.8172438335523327
288,0.5020012153409352,-0.211703868673438,0.992556718284995,0.881946548589242,0.4181823471320335,-0.046406120501980334,0.6457449527966839,0.042802099199486444,0.43055669698268917,0.6461178535081695,0.18394518312881622,0.11890927867254024,0.36579766395814733,0.2983053065556199,-0.8426788238152544,-0.3513788721675139,-0.6758308070809126,-0.3090828659032989,0.009083326260836713,0.8172438335523327
289,0.5444609736720323,-0.20703844927201479,0.9769439762876123,0.9498648581892348,0.4211529704743247,-0.1767273580114568,0.6455483350289175,-0.00325781118880677,0.44674343906407604,0.7657604184866191,0.14279486908780784,0.09087967235203033,0.34209339612124745,0.234867282998312,-0.7674667607921268,-0.37574100529321475,-0.6884305641898054,-0.26874075972067174,0.02887460196979371,0.9450974854337939
290,0.5208943994108499,-0.21097720083737231,0.9628152983554692,0.9488980375253329,0.45131076888305477,-0.05879520055411992,0.6653538081574916,-0.007900721774718997,0.4719887499664006,0.6347837956754997,0.1926755008366512,0.11182613014954595,0.3455075080142907,0.2904006932292872,-0.8878364941983802,-0.37830885304366646,-0.6355476959438345,-0.3399271020458975,0.011578468958000007,0.8493198313808336
291,0.4964956472931899,-0.20756656495960474,0.9795512973218733,0.9209201552857953,0.4142969439678648,-0.07259709701642217,0.7487869777743715,0.04695906013661595,0.4993076068280398,0.757984101212548,0.1152176331452194,0.1664116223850608,0.29707605794449166,0.29992970205545477,-0.8732921389012884,-0.3392413191889527,-0.6410395317451228,-0.3020963336956966,-0.005163893064517751,0.8035560572176207
292,0.5252485063233447,-0.21747061241050367,0.9737879200173207,0.9256276686737201,0.373434215772606,-0.07573579566167084,0.6798068136603672,0.05624253001369099,0.44751283478402504,0.6441076594211237,0.15798133626266428,0.10129149352228982,0.3320143953977736,0.21438816156387153,-0.8233171399837754,-0.32506992976292676,-0.656229877232709,-0.2871756556105422,0.0006590229782793312,0.7721654705266267
293,0.5252485063233447,-0.21747061241050367,0.9737879200173207,0.9256276686737201,0.373434215772606,-0.07573579566167084,0.6798068136603672,0.05624253001369099,0.44751283478402504,0.6441076594211237,0.15798133626266428,0.10129149352228982,0.3320143953977736,0.21438816156387153,-0.8233171399837754,-0.32506992976292676,-0.656229877232709,-0.2871756556105422,0.0006590229782793312,0.7721654705266267
294,0.5252485063233447,-0.21747061241050367,0.9737879200173207,0.9256276686737201,0.373434215772606,-0.07573579566167084,0.6798068136603672,0.05624253001369099,0.44751283478402504,0.6441076594211237,0.15798133626266428,0.10129149352228982,0.3320143953977736,0.21438816156387153,-0.8233171399837754,-0.32506992976292676,-0.656229877232709,-0.2871756556105422,0.0006590229782793312,0.7721654705266267
295,0.5252485063233447,-0.21747061241050367,0.9737879200173207,0.9256276686737201,0.373434215772606,-0.07573579566167084,0.6798068136603672,0.05624253001369099,0.44751283478402504,0.6441076594211237,0.15798133626266428,0.10129149352228982,0.3320143953977736,0.21438816156387153,-0.8233171399837754,-0.32506992976292676,-0.656229877232709,-0.2871756556105422,0.0006590229782793312,0.7721654705266267
296,0.5027393776135308,-0.21705117846509456,0.9772168255113955,0.8976526626182485,0.37952825621272596,-0.09274022665716282,0.770664469229373,0.0343229367389105,0.45271013106301333,0.7575407860331774,0.10557207877918352,0.13796597163629476,0.320908392996838,0.20464353471158958,-0.8209111001600188,-0.30225995529354144,-0.6704163142256963,-0.25958878135039276,0.004337275160954592,0.8105346375624992
297,0.5220039030431184,-0.20439949781557934,0.9886908574660285,0.8725206879560898,0.36853738779086836,-0.02655275443455366,0.6286338151473106,0.0155113786800249,0.41773534649500166,0.679773225697174,0.12976654787123362,0.12996450197631002,0.24532344411748608,0.12527397978297466,-0.7312290962035267,-0.19706921653638554,-0.731527890488233,-0.3327732206901147,0.06404094691898393,0.8726167093256486
298,0.5220039030431184,-0.20439949781557934,0.9886908574660285,0.8725206879560898,0.36853738779086836,-0.02655275443455366,0.6286338151473106,0.0155113786800249,0.41773534649500166,0.679773225697174,0.12976654787123362,0.12996450197631002,0.24532344411748608,0.12527397978297466,-0.7312290962035267,-0.19706921653638554,-0.731527890488233,-0.3327732206901147,0.06404094691898393,0.8726167093256486
299,0.5220039030431184,-0.20439949781557934,0.9886908574660285,0.8725206879560898,0.36853738779086836,-0.02655275443455366,0.6286338151473106,0.0155113786800249,0.41773534649500166,0.679773225697174,0.12976654787123362,0.12996450197631002,0.24532344411748608,0.12527397978297466,-0.7312290962035267,-0.19706921653638554,-0.731527890488233,-0.3327732206901147,0.06404094691898393,0.8726167093256486
300,0.5117279477641917,-0.19084543948013516,0.99326436652582,0.8774036276479141,0.37765971610380206,0.02226383892629099,0.6378627039179082,0.08422116499293365,0.3748009382684963,0.7729111402977362,0.07131456736875824,0.09069688903587696,0.03065931517684215,0.21503744244279607,-0.8788110906152693,-0.15427532972281602,-0.7398052117154476,-0.30433154426845466,0.08291293413309674,0.9257967727263915
301,0.5117279477641917,-0.19084543948013516,0.99326436652582,0.8774036276479141,0.37765971610380206,0.02226383892629099,0.6378627039179082,0.08422116499293365,0.3748009382684963,0.7729111402977362,0.07131456736875824,0.09069688903587696,0.03065931517684215,0.21503744244279607,-0.8788110906152693,-0.15427532972281602,-0.7398052117154476,-0.30433154426845466,0.08291293413309674,0.9257967727263915
302,0.5143120672999076,-0.2072357929062177,0.9855645342963821,0.9141265532843418,0.32099550541915695,0.0028325025795693554,0.5310470150631718,0.09143747261189633,0.33708442051108506,0.7420360243165761,0.0603041042239576,0.09755294382395359,0.0525854859461421,0.1391555231967907,-0.6867102299174448,-0.08657918257489676,-0.7357466609932382,-0.28915560684050695,0.06886759210263868,0.9589181489059554
303,0.5143120672999076,-0.2072357929062177,0.9855645342963821,0.9141265532843418,0.32099550541915695,0.0028325025795693554,0.5310470150631718,0.09143747261189633,0.33708442051108506,0.7420360243165761,0.0603041042239576,0.09755294382395359,0.0525854859461421,0.1391555231967907,-0.6867102299174448,-0.08657918257489676,-0.7357466609932382,-0.28915560684050695,0.06886759210263868,0.9589181489059554
304,0.5079589590106754,-0.22109070807463427,0.9915396232554594,0.8727806501406817,0.4209257604366329,-0.05713201640431975,0.5048841511347111,0.10212272412931908,0.32783881898407724,0.8385608641382608,0.05519472231473783,0.09658423254496126,0.19931074619113506,0.27858753622213195,-0.7451364812248499,-0.16953600786633866,-0.5894415038883548,-0.2730088997332469,0.12384216060141526,0.9789728882535329
305,0.5117609817334725,-0.2168430483108321,0.9981113296400833,0.9128201561824679,0.3613910072276206,-0.07969062297477277,0.48401860008681014,0.12807485429929277,0.36561033564769696,0.8612232589481371,-0.010036562734634302,0.14257162359413886,0.051644088750736325,0.27671322475201476,-0.7781638101967663,-0.018145438141491364,-0.6158888895042245,-0.32120596868555135,0.07089740182915305,0.9670416137257419
306,0.5057213111892347,-0.22691271039598931,0.9886187331996368,0.8704771219150907,0.3837524689529143,0.01953929816854764,0.5036078799190141,0.18329952852857678,0.35333372127990337,0.7895799432623903,0.0349226149299203,0.09823562755026652,0.09194547954261457,0.29569132357081446,-0.8257787952408462,-0.03816854008603038,-0.6531433433071927,-0.33219917123269005,0.10214832615035306,0.9299040637179827
307,0.5057213111892347,-0.22691271039598931,0.9886187331996368,0.8704771219150907,0.3837524689529143,0.01953929816854764,0.5036078799190141,0.18329952852857678,0.35333372127990337,0.7895799432623903,0.0349226149299203,0.09823562755026652,0.09194547954261457,0.29569132357081446,-0.8257787952408462,-0.03816854008603038,-0.6531433433071927,-0.33219917123269005,0.10214832615035306,0.9299040637179827
308,0.50632761367052,-0.22604463027186036,0.9978837967604024,0.8775068757301311,0.4029852878307927,-0.09031690001725277,0.5026166063885464,0.14110954706494255,0.40444046423169416,0.8835186686002254,-0.00910837787281739,0.1563884352675064,0.10713290374716547,0.2631870464319061,-0.7980852696603942,-0.07432493084862879,-0.565807555633906,-0.3545489103711275,0.10289551048386053,0.9280929587777819
309,0.50632761367052,-0.22604463027186036,0.9978837967604024,0.8775068757301311,0.4029852878307927,-0.09031690001725277,0.5026166063885464,0.14110954706494255,0.40444046423169416,0.8835186686002254,-0.00910837787281739,0.1563884352675064,0.10713290374716547,0.2631870464319061,-0.7980852696603942,-0.07432493084862879,-0.565807555633906,-0.3545489103711275,0.10289551048386053,0.9280929587777819
310,0.50632761367052,-0.22604463027186036,0.9978837967604024,0.8775068757301311,0.4029852878307927,-0.09031690001725277,0.5026166063885464,0.14110954706494255,0.40444046423169416,0.8835186686002254,-0.00910837787281739,0.1563884352675064,0.10713290374716547,0.2631870464319061,-0.7980852696603942,-0.07432493084862879,-0.565807555633906,-0.3545489103711275,0.10289551048386053,0.9280929587777819
311,0.5316193294113588,-0.15239973173249677,0.9930084623277566,0.8864562624567861,0.38846869599187095,0.036266938093998564,0.46071089155255,0.2136237896000361,0.31413725586074676,0.8015389146671499,0.0408079579416635,0.10483838656437067,0.05895381134093943,0.32172699878351424,-0.810006911853071,-0.03137972733057358,-0.6511394353088287,-0.33634721954053176,0.12860331157919572,0.9607939266955755
312,0.5316193294113588,-0.15239973173249677,0.9930084623277566,0.8864562624567861,0.38846869599187095,0.036266938093998564,0.46071089155255,0.2136237896000361,0.31413725586074676,0.8015389146671499,0.0408079579416635,0.10483838656437067,0.05895381134093943,0.32172699878351424,-0.810006911853071,-0.03137972733057358,-0.6511394353088287,-0.33634721954053176,0.12860331157919572,0.9607939266955755
313,0.5316193294113588,-0.15239973173249677,0.9930084623277566,0.8864562624567861,0.38846869599187095,0.036266938093998564,0.46071089155255,0.2136237896000361,0.31413725586074676,0.8015389146671499,0.0408079579416635,0.10483838656437067,0.05895381134093943,0.32172699878351424,-0.810006911853071,-0.03137972733057358,-0.6511394353088287,-0.33634721954053176,0.12860331157919572,0.9607939266955755
314,0.5267579081339272,-0.16359209596581606,0.9904212278294359,0.9064595232742555,0.34257042183808534,0.055456902610450644,0.5268355344289626,0.25214275051246937,0.3172260586967612,0.8169599079823111,0.028945534003574275,0.1591488208063097,0.08177583265673125,0.20942428982072228,-0.7322228058289528,0.07739149339403376,-0.6227368981277019,-0.31286215959610825,0.03180601001143982,0.9296080249143709
315,0.535465911371857,-0.14929566737062677,0.9922057928199826,0.9184264805220143,0.3179717247387328,0.0009608710380644425,0.5074137497954072,0.22706352027144372,0.34213167738083305,0.8212352224664025,0.04209879003954396,0.12352019046950784,0.14649222797553774,0.16759173395773047,-0.6667212598938592,0.009393114869349843,-0.6573323418954503,-0.31905302342496283,0.050526508051674746,0.9111263847755655
316,0.535465911371857,-0.14929566737062677,0.9922057928199826,0.9184264805220143,0.3179717247387328,0.0009608710380644425,0.5074137497954072,0.22706352027144372,0.34213167738083305,0.8212352224664025,0.04209879003954396,0.12352019046950784,0.14649222797553774,0.16759173395773047,-0.6667212598938592,0.009393114869349843,-0.6573323418954503,-0.31905302342496283,0.050526508051674746,0.9111263847755655
317,0.535465911371857,-0.14929566737062677,0.9922057928199826,0.9184264805220143,0.3179717247387328,0.0009608710380644425,0.5074137497954072,0.22706352027144372,0.34213167738083305,0.8212352224664025,0.04209879003954396,0.12352019046950784,0.14649222797553774,0.16759173395773047,-0.6667212598938592,0.009393114869349843,-0.6573323418954503,-0.31905302342496283,0.050526508051674746,0.9111263847755655
318,0.5576658990811384,-0.16714878764875662,0.9947500373551865,0.9021676981833517,0.33089108109234366,0.018494849252658204,0.5269925269478388,0.22638059075203804,0.31070925174821584,0.8227117958330419,0.08079064447218007,0.15549754634203272,0.16314658433287846,0.20877247280033834,-0.6779187186712929,0.007027453206537706,-0.6042620707230387,-0.30206396090138254,0.017837173362538802,0.8989042725308961
319,0.5598541321321557,-0.16738128814971173,0.9792475437411805,0.9579747721602515,0.30613622342029456,0.10298420357880575,0.6253640523038336,0.31485659688196777,0.3831838911847264,0.80490390856455,0.021797750543576598,0.24485831155693963,0.19374799379863117,0.18126720830756998,-0.7386476304581004,0.06263171748783822,-0.5624009038375545,-0.3426838916620648,-0.06903406809187841,0.7291866658774313
320,0.5203574391363578,-0.1973180046460043,0.9941435408661594,0.8798190933654791,0.4073612585111263,0.10166870495562295,0.6072400287517625,0.31006572235080887,0.3953085327288885,0.7986347086105984,0.040095581076945885,0.2850131712839295,0.29390090534997315,0.3454252165253456,-0.8140929620137082,-0.003930815130798213,-0.45132656422353995,-0.3682986554965181,-0.03169730133934837,0.7233613857264961
321,0.515387200747238,-0.19152467655354136,0.9870239323238141,0.9202930176449503,0.31938132096629235,0.038328842989262646,0.58097335208817,0.2350527705041355,0.3874860599838372,0.8164840780764852,0.009315092303235888,0.20250587211449536,0.08967690757194692,0.17866041548439932,-0.7877184142217933,0.02454390081262625,-0.5472124493090749,-0.3426720107332234,0.0034838163960998164,0.7894547268756518
322,0.5094827338636508,-0.21328956215869346,0.9977126792849089,0.8846601633430838,0.36338248840749005,0.03667731281074097,0.5886534409820924,0.30183147225980905,0.39608889956026544,0.889856592484384,0.0019899828104425737,0.2154673095050792,0.17345537054048066,0.2831977700418415,-0.8619781061465459,0.001389486902363968,-0.5118623218225528,-0.34157431110107517,0.010402929534765857,0.723882558994961
323,0.4948858104007314,-0.20969266409701848,0.9999324873601589,0.872211372988067,0.4000575400332841,0.02200398998132044,0.4956947974241666,0.2721966591143296,0.41463464630522334,0.8762055280742014,-0.051588400743470375,0.22563101086117107,0.040790132614721454,0.4069433811685707,-0.8198580270256799,0.03867386942612264,-0.5217588969979006,-0.4336903777372509,0.0793113470183392,0.8628503884084728
324,0.4948858104007314,-0.20969266409701848,0.9999324873601589,0.872211372988067,0.4000575400332841,0.02200398998132044,0.4956947974241666,0.2721966591143296,0.41463464630522334,0.8762055280742014,-0.051588400743470375,0.22563101086117107,0.040790132614721454,0.4069433811685707,-0.8198580270256799,0.03867386942612264,-0.5217588969979006,-0.4336903777372509,0.0793113470183392,0.8628503884084728
325,0.4948858104007314,-0.20969266409701848,0.9999324873601589,0.872211372988067,0.4000575400332841,0.02200398998132044,0.4956947974241666,0.2721966591143296,0.41463464630522334,0.8762055280742014,-0.051588400743470375,0.22563101086117107,0.040790132614721454,0.4069433811685707,-0.8198580270256799,0.03867386942612264,-0.5217588969979006,-0.4336903777372509,0.0793113470183392,0.8628503884084728
326,0.5166088590800737,-0.2065917452414196,0.985061126365507,0.9234269716452954,0.2805308003141099,0.12576168029644277,0.5482498797742069,0.34669867180112157,0.33822038846363983,0.8133186794333221,-0.02485059766974055,0.23223330395293318,0.07663172423203554,0.23088075492989,-0.8200283829968327,0.1828323925175363,-0.4805161295997857,-0.3105541630549621,-0.09253116705644608,0.8122449651513259
327,0.5037249083000814,-0.1849602434694204,0.9687100797630299,0.9404642216725471,0.2665304623386035,0.1511382171626326,0.5886748710465235,0.39728536425400773,0.3991017873122879,0.7847052512205188,0.04673444639778966,0.3375326344677416,0.09737924138818446,0.3175931389941945,-0.6867410452544648,0.23886665150897254,-0.5234700257810874,-0.325393117236974,-0.10089984980269866,0.7950583004656376
328,0.5037249083000814,-0.1849602434694204,0.9687100797630299,0.9404642216725471,0.2665304623386035,0.1511382171626326,0.5886748710465235,0.39728536425400773,0.3991017873122879,0.7847052512205188,0.04673444639778966,0.3375326344677416,0.09737924138818446,0.3175931389941945,-0.6867410452544648,0.23886665150897254,-0.5234700257810874,-0.325393117236974,-0.10089984980269866,0.7950583004656376
329,0.5358140322314073,-0.1851418336903588,0.9739994215526407,0.9367241756349894,0.274281808016848,0.12237168174122402,0.625519036948203,0.32238928835482655,0.40887849038974455,0.8260418430924594,0.020229047380603424,0.24716468462221183,0.1307803302384363,0.14607772524295093,-0.8577501505424053,0.10506207670475348,-0.5093412277422845,-0.28277942591424715,-0.09682606561559556,0.6588203215660747
330,0.4998596595798686,-0.18810147556890847,0.9933901712221305,0.9050956376048024,0.3168172187359672,-0.010814122266306478,0.6279717727978421,0.2467249790257558,0.4160713066052079,0.7942631461744738,0.07065054584677966,0.25227524298044895,0.32695631577285644,0.20578742543411965,-0.7175067660862644,0.04607699855778842,-0.4488364130886088,-0.3030470378555089,-0.09088913817902217,0.7399073412962357
331,0.4998596595798686,-0.18810147556890847,0.9933901712221305,0.9050956376048024,0.3168172187359672,-0.010814122266306478,0.6279717727978421,0.2467249790257558,0.4160713066052079,0.7942631461744738,0.07065054584677966,0.25227524298044895,0.32695631577285644,0.20578742543411965,-0.7175067660862644,0.04607699855778842,-0.4488364130886088,-0.3030470378555089,-0.09088913817902217,0.7399073412962357
332,0.5282536602737297,-0.18352500244369777,0.9860623744187267,0.9380645076393634,0.2896510472411271,0.08047830814568895,0.6754458832675414,0.2700597840142705,0.43555937011908774,0.7388747427442893,0.1341604250888414,0.2543222592424981,0.34683418695273527,0.22445691904248316,-0.8029291083305631,-0.018672664274785193,-0.4815254305683351,-0.25177938794951826,-0.14604405315538385,0.6660024854007714
333,0.5124578246517785,-0.19033530030245407,0.9918558174670244,0.9063041395433618,0.4064159122550858,-0.016114151600601243,0.6553857105503794,0.17009820475933604,0.4986933752607153,0.7511539645620852,0.09681405433528344,0.25343613265551257,0.34578313120463183,0.3309289531968268,-0.8281235319936365,-0.11993743785777193,-0.46766627631687396,-0.35857630369889665,-0.04106280722089856,0.7192366732743973
334,0.5187811365431381,-0.2004306663607201,0.9914899004301082,0.8634031432705351,0.4185225849838133,-0.037317331821451305,0.5530406981464211,0.16784564912639066,0.41046031396821553,0.789427240620128,0.1216607572523367,0.1301335888573289,0.3041411170506637,0.3175065839694188,-0.8057428152458044,-0.14728575178968736,-0.5186922366752603,-0.310870216383641,0.028384855684937677,0.8512823245857088
335,0.5187811365431381,-0.2004306663607201,0.9914899004301082,0.8634031432705351,0.4185225849838133,-0.037317331821451305,0.5530406981464211,0.16784564912639066,0.41046031396821553,0.789427240620128,0.1216607572523367,0.1301335888573289,0.3041411170506637,0.3175065839694188,-0.8057428152458044,-0.14728575178968736,-0.5186922366752603,-0.310870216383641,0.028384855684937677,0.8512823245857088
336,0.5035682077675934,-0.19879498109234658,0.9951144742724203,0.8587342976093164,0.4175897443238451,-0.09030601827857446,0.5714085302460042,0.1310070603679821,0.42093717411752646,0.7942737466563201,0.11545783528513247,0.18185759306790866,0.3272713404222908,0.3851215272046598,-0.7938419652121491,-0.1467151739047569,-0.5109608994240747,-0.35862288312979157,0.023292318143482586,0.8893936490132008
337,0.5035682077675934,-0.19879498109234658,0.9951144742724203,0.8587342976093164,0.4175897443238451,-0.09030601827857446,0.5714085302460042,0.1310070603679821,0.42093717411752646,0.7942737466563201,0.11545783528513247,0.18185759306790866,0.3272713404222908,0.3851215272046598,-0.7938419652121491,-0.1467151739047569,-0.5109608994240747,-0.35862288312979157,0.023292318143482586,0.8893936490132008
338,0.5035682077675934,-0.19879498109234658,0.9951144742724203,0.8587342976093164,0.4175897443238451,-0.09030601827857446,0.5714085302460042,0.1310070603679821,0.42093717411752646,0.7942737466563201,0.11545783528513247,0.18185759306790866,0.3272713404222908,0.3851215272046598,-0.7938419652121491,-0.1467151739047569,-0.5109608994240747,-0.35862288312979157,0.023292318143482586,0.8893936490132008
339,0.5195890481082222,-0.19870859873292362,0.9903427647036963,0.8710455636398148,0.4268359918959712,-0.11412341627539184,0.5677259238229362,0.06892208169305408,0.4171380169594434,0.8105669860723507,0.1365429078318129,0.09331215523214607,0.37956726227863025,0.2994414438600833,-0.8201341882058436,-0.27286936159092523,-0.5756477331820047,-0.27724073916783165,0.06398554574546375,0.8817358020806253
340,0.5100885313999257,-0.182312065835837,0.9889069921650898,0.9113140003082993,0.442206803388529,-0.09434484820538029,0.5443943256889313,0.11601762822193071,0.4476037022481595,0.8544369309422799,0.04582449812492117,0.18126626092623785,0.2881509010296935,0.362927191467717,-0.8159097509986657,-0.16444948900209352,-0.5313052673075135,-0.3573554502868229,0.06797749312579368,0.835135177734201
341,0.5338729268696915,-0.19075935896040527,0.9826403412781817,0.9066964564321398,0.4317521887630892,-0.045102196914028905,0.5198724617218188,0.1834508959593042,0.42481747522509483,0.8085422583210425,0.11442717615317956,0.2000559335508726,0.3089900895642165,0.44366618377285033,-0.836544183377645,-0.13928242759524348,-0.4832800681495382,-0.367697775506473,-0.004363170692282765,0.8901982583431242
342,0.52119705226703,-0.18262408350824408,0.9837281828173948,0.8988855055023721,0.42552342788196656,-0.04203727670507267,0.5434400195006193,0.2040960258366488,0.3566912246281253,0.8064750933186581,0.13004058493898563,0.1940665760095744,0.34445676368966954,0.3979246351705438,-0.7280185281036712,-0.06414902126603056,-0.5138385221913272,-0.32086230484993394,0.020754095303110683,0.9464008222569016
343,0.52119705226703,-0.18262408350824408,0.9837281828173948,0.8988855055023721,0.42552342788196656,-0.04203727670507267,0.5434400195006193,0.2040960258366488,0.3566912246281253,0.8064750933186581,0.13004058493898563,0.1940665760095744,0.34445676368966954,0.3979246351705438,-0.7280185281036712,-0.06414902126603056,-0.5138385221913272,-0.32086230484993394,0.020754095303110683,0.9464008222569016
344,0.52119705226703,-0.18262408350824408,0.9837281828173948,0.8988855055023721,0.42552342788196656,-0.04203727670507267,0.5434400195006193,0.2040960258366488,0.3566912246281253,0.8064750933186581,0.13004058493898563,0.1940665760095744,0.34445676368966954,0.3979246351705438,-0.7280185281036712,-0.06414902126603056,-0.5138385221913272,-0.32086230484993394,0.020754095303110683,0.9464008222569016
345,0.5232866280051371,-0.18017799938110957,0.9789218376806803,0.9093195342476192,0.41610500504919123,-0.15156887601695704,0.4165540797902285,0.17323815326032974,0.3526094345129755,0.8524712038664,0.09567163164979448,0.180025715724572,0.467320419806405,0.3596298097497895,-0.6941182745987975,-0.1442450620994031,-0.41925243816094715,-0.317237813189284,0.018356303592486963,0.8663261208919509
346,0.5184918266895808,-0.1803553648016072,0.9831394866377628,0.8886861961274692,0.45574135739944727,-0.12720965227073636,0.5409767393785287,0.14400796528932686,0.425679548306924,0.932870103487189,0.06802361274607469,0.23487785437625036,0.405756348091123,0.3825390807340429,-0.8348151652447628,-0.23956227532398666,-0.4061878682254735,-0.32544771964231,0.02309655866824971,0.8235961182174945
347,0.5259567473675149,-0.19368002946694907,0.9913530088842009,0.894992242222386,0.4082959898394272,0.027884934695820974,0.5315313102933643,0.2816270934531182,0.40247063369105446,0.8514711065591132,0.025851623700837635,0.26647245795697705,0.26795410715996215,0.31270033850725304,-0.7852760025590334,-0.026602623311050663,-0.4462139062248501,-0.39346820005346383,0.008359379603400914,0.6820922587013645
348,0.5178839742418195,-0.18563648447443326,0.9954563896371867,0.8892766998489336,0.3831654499719657,0.012122739594111908,0.5645152757875241,0.32425933922609174,0.3642800426949435,0.8082646292984318,0.14189615445147094,0.28690454246922437,0.3738889890347192,0.4862763767564626,-0.7439889430391053,-0.017969752157606426,-0.3933389502204559,-0.36548196428329477,-0.08132670341869469,0.8888048485947003
349,0.5178839742418195,-0.18563648447443326,0.9954563896371867,0.8892766998489336,0.3831654499719657,0.012122739594111908,0.5645152757875241,0.32425933922609174,0.3642800426949435,0.8082646292984318,0.14189615445147094,0.28690454246922437,0.3738889890347192,0.4862763767564626,-0.7439889430391053,-0.017969752157606426,-0.3933389502204559,-0.36548196428329477,-0.08132670341869469,0.8888048485947003
350,0.5201681065383671,-0.1888534078973618,0.9890554089127941,0.8893592043636559,0.437171996593839,-0.04932250935838702,0.5018222178253218,0.24664592050938441,0.3501999206237472,0.8233587350481305,0.09394342696606062,0.19929924400389798,0.3689264967604409,0.33857876921695296,-0.7129469179020955,-0.03822516703340821,-0.47636840519975354,-0.3314785258148976,0.0301255539525567,0.879216915541703
351,0.5031772356370301,-0.17828535521122774,0.992323489494445,0.9040807549873506,0.3325820391474914,-0.03937506477007431,0.4958139393703899,0.3101687132232822,0.37327980598005317,0.8412895944869716,0.06825520889784421,0.2680225758118976,0.3609613958201762,0.37126451405347477,-0.7450400253188756,0.0019238564298015423,-0.35300658382826455,-0.3382707513586064,-0.0679699610146713,0.8500849957899608
352,0.5172006656183878,-0.167939024291174,0.974724727342525,0.9167718896381107,0.4649706719832265,-0.03011004673403322,0.45483353520627595,0.2656799953652737,0.3624278148155707,0.9143269509774162,-0.00855980816708524,0.2275490181407199,0.25181282803093397,0.4027010316257617,-0.8267012370272955,-0.010840527266336941,-0.40709509987767306,-0.35080335289496617,0.05622229592043975,0.8432709847687735
353,0.5253730277321946,-0.2146315332351653,0.993735266554112,0.9031200713475142,0.3972653862713399,-0.120721564122057,0.43941790947162207,0.24741147695489968,0.39156955010845634,0.9364105926035484,0.005294581264957823,0.23560669006565857,0.3455637691371717,0.42037303964339756,-0.7815613769065934,-0.07589840666688866,-0.38676551429807837,-0.35939362752075227,0.03504136469329404,0.8794244555408611
354,0.4845654628828322,-0.2020162767787438,0.9955424962310939,0.885563484169995,0.44726745270875895,-0.014472578705654134,0.4079834365427712,0.2904268774458201,0.2833409738830257,0.9143634547222108,0.0032487426490081864,0.20990448566018569,0.35302425003294563,0.4728864259608884,-0.7840128251263476,-0.010298109700051841,-0.3995751046576154,-0.39201509112626853,0.09490395255242277,0.8605058165622314
355,0.5141590975649677,-0.22644339907829683,0.9876591749888204,0.8965478229531758,0.34099875744736186,-0.025130988469299488,0.4858778913204795,0.2664237975352676,0.326094351267117,0.8457118300385256,0.007232439323484593,0.1777002249543232,0.2154530299678746,0.31544406814557646,-0.6506779858232253,0.057994109363004885,-0.529360452567468,-0.36663723945856214,-0.02611814647334929,0.9344722760632086
356,0.5141590975649677,-0.22644339907829683,0.9876591749888204,0.8965478229531758,0.34099875744736186,-0.025130988469299488,0.4858778913204795,0.2664237975352676,0.326094351267117,0.8457118300385256,0.007232439323484593,0.1777002249543232,0.2154530299678746,0.31544406814557646,-0.6506779858232253,0.057994109363004885,-0.529360452567468,-0.36663723945856214,-0.02611814647334929,0.9344722760632086
357,0.518166259050783,-0.23947958901197616,0.9981219798219186,0.8789802314802453,0.4321908195622897,0.02605252238627377,0.45895681592053245,0.3355444766745515,0.23598599058039355,0.800941063429863,0.07358350900279627,0.22497015170384382,0.28369002344437105,0.4753521193191727,-0.7402246091546074,0.054098741966590244,-0.43567448637788586,-0.38340909254674194,0.03145094900975109,0.9847641385144713
358,0.5343316687701356,-0.21414693059832385,0.9765567614795455,0.9366857209143673,0.4204257514762264,-0.05713362673899305,0.37144686642827657,0.3054408354106069,0.37516055374082014,0.9396233362408015,-0.05463157590346618,0.22595217853404692,0.2108690272880203,0.4776903939190845,-0.7539927281988559,0.09144964352115371,-0.39051501529335314,-0.4189025732516749,0.03594065475247313,0.9188405714750746
359,0.5052681753032774,-0.2016653368064387,0.9970002778950121,0.887617000324107,0.434374356139564,-0.04282287300242485,0.4001852990606691,0.298562864740633,0.2943589962808711,0.907610920143262,0.044394386104354096,0.21843539505223408,0.3688168949368655,0.5295782961013802,-0.7740822206428356,0.031077598327499643,-0.3740112728259171,-0.3770505270592955,0.08023206721654517,0.9878760931906723
360,0.5223456310906753,-0.20384989221513566,0.9966227658836982,0.8768136789643254,0.40940112165265513,-0.024369368218803936,0.385250238098242,0.3171850942747091,0.3196501304756014,0.8656054652092517,0.08146731637383244,0.26488577649511585,0.2965089016224462,0.4140673068460063,-0.6204193690865754,0.11595183034837403,-0.4092963368869442,-0.3497596904018744,0.01821532951394617,0.9050153160784576
361,0.5184653871483403,-0.1921766619279898,0.9940189946314205,0.8799565895782918,0.44469179330221303,-0.057056303127494164,0.4451004060097771,0.30304815572041655,0.34794611964145555,0.8615235798121329,0.11043442267229216,0.27313960732781123,0.34797331687489186,0.4902264228316313,-0.7648228676830834,-0.020670386733229372,-0.3644146337620568,-0.3448707969507889,0.021358827718478173,0.9519583665748109
362,0.5184653871483403,-0.1921766619279898,0.9940189946314205,0.8799565895782918,0.44469179330221303,-0.057056303127494164,0.4451004060097771,0.30304815572041655,0.34794611964145555,0.8615235798121329,0.11043442267229216,0.27313960732781123,0.34797331687489186,0.4902264228316313,-0.7648228676830834,-0.020670386733229372,-0.3644146337620568,-0.3448707969507889,0.021358827718478173,0.9519583665748109
363,0.5184653871483403,-0.1921766619279898,0.9940189946314205,0.8799565895782918,0.44469179330221303,-0.057056303127494164,0.4451004060097771,0.30304815572041655,0.34794611964145555,0.8615235798121329,0.11043442267229216,0.27313960732781123,0.34797331687489186,0.4902264228316313,-0.7648228676830834,-0.020670386733229372,-0.3644146337620568,-0.3448707969507889,0.021358827718478173,0.9519583665748109
364,0.5184653871483403,-0.1921766619279898,0.9940189946314205,0.8799565895782918,0.44469179330221303,-0.057056303127494164,0.4451004060097771,0.30304815572041655,0.34794611964145555,0.8615235798121329,0.11043442267229216,0.27313960732781123,0.34797331687489186,0.4902264228316313,-0.7648228676830834,-0.020670386733229372,-0.3644146337620568,-0.3448707969507889,0.021358827718478173,0.9519583665748109
365,0.5208042944028476,-0.1971785838450379,0.9924689890415201,0.8712824843091709,0.4401270785812058,-0.0666463386127208,0.4225327493850759,0.27139275169005656,0.3749209382838167,0.8865052078684479,0.05973699254832586,0.2406809396654619,0.24981801001999332,0.4700734500336605,-0.7941178485507899,-0.03896755738017655,-0.45442575342636293,-0.3458995157924226,0.036476464068908546,0.9189358442602931
366,0.517331630705014,-0.18645162557812148,0.9842904068074473,0.9231328241482678,0.33878034963152803,-0.051262234300998966,0.4219266864115753,0.37955951880657823,0.34906964488872366,0.9376267663916761,0.044855892108335856,0.23730297309823117,0.30279002068610233,0.3557407941661801,-0.7755656133807927,0.048541660199397874,-0.3709344577336768,-0.3091833221104835,-0.05721706800511779,0.8281204977040323
367,0.4817199474272457,-0.2066212988430048,0.999832314270426,0.8478988383561126,0.4271799229963494,-0.05431230710743471,0.48742565005082616,0.2948860541764509,0.34806137404458454,0.8941267714410445,0.031889094896806004,0.26383187654257567,0.432492560344784,0.44793890897600375,-0.6708646291291145,0.03107306878719538,-0.3634242595700569,-0.40032647487659856,0.05532509358880147,0.7919945908300061
368,0.4817199474272457,-0.2066212988430048,0.999832314270426,0.8478988383561126,0.4271799229963494,-0.05431230710743471,0.48742565005082616,0.2948860541764509,0.34806137404458454,0.8941267714410445,0.031889094896806004,0.26383187654257567,0.432492560344784,0.44793890897600375,-0.6708646291291145,0.03107306878719538,-0.3634242595700569,-0.40032647487659856,0.05532509358880147,0.7919945908300061
369,0.4817199474272457,-0.2066212988430048,0.999832314270426,0.8478988383561126,0.4271799229963494,-0.05431230710743471,0.48742565005082616,0.2948860541764509,0.34806137404458454,0.8941267714410445,0.031889094896806004,0.26383187654257567,0.432492560344784,0.44793890897600375,-0.6708646291291145,0.03107306878719538,-0.3634242595700569,-0.40032647487659856,0.05532509358880147,0.7919945908300061
370,0.5210926566472764,-0.20560167484038036,0.9720208503007298,0.9290899276269436,0.4108415468194742,-0.06308550329167231,0.4177403262415457,0.35874643998497074,0.3506228047711474,0.986298322868134,-0.007828283817836389,0.21738188487349053,0.31056333524534696,0.4795849183076922,-0.8727188790622439,0.015359405792326745,-0.29089464334660703,-0.35453553620057454,0.007383593959030952,0.8185724480506776
371,0.5086950125778824,-0.22026003041119388,0.9777109964371712,0.9008177757640253,0.4536218904996435,-0.08888535248612421,0.44930503217216644,0.2193295861754628,0.40417844427919053,0.8946617062901397,-0.013201555345894995,0.18695770170964798,0.2769830276154688,0.5059366313222567,-0.7981850547802171,-0.0344200169635469,-0.3938318683157217,-0.4083682150947675,0.06984242984719559,0.90053943670372
372,0.517831052534558,-0.22047822932758318,0.987335802152803,0.8990461563549839,0.38148452160707097,-0.05950800442723007,0.4351981081405938,0.23615528609140948,0.3231104592622657,0.8589335501342205,0.06632310115918148,0.12216573793035154,0.29793945629318197,0.37325022209146486,-0.736917771613409,-0.011699305423019434,-0.4900584167343362,-0.336281167092263,0.04961816022699581,0.9562019152857824
373,0.4992925277254382,-0.21364305911265172,0.9966138587119359,0.891417401285978,0.4204731908617576,-0.0391876933934908,0.5493191324539166,0.17443869719967328,0.39696655092836924,0.8041647885118993,0.08076612571026995,0.15577547485562446,0.2424794595636042,0.3823966671669178,-0.7628061070071828,-0.04392634445347514,-0.5531198962540472,-0.35414801538401286,0.04465493880790618,0.9272789872251471
374,0.5155843348396318,-0.221888875734076,0.9948888720326831,0.8675360609843921,0.37833096454682597,-0.0860583231969015,0.37729762389019506,0.2194713059447546,0.30964543791036264,0.8918955840684843,0.04170488646651663,0.0961088487753063,0.1597387700132783,0.3445268176065283,-0.7898844700582511,-0.09948411161767787,-0.5854632795400211,-0.3193452496940733,0.04811621627757917,0.9849599789189375
375,0.4986368193277856,-0.20504756350050052,0.9966360811398124,0.8881429264764436,0.4390166380515469,0.013908603946895616,0.45245411684650666,0.2667446538967586,0.36717609637605997,0.7643916296470774,0.06494313165847634,0.20121189533096184,0.20840946534825205,0.43556688454064457,-0.7740763749217884,0.060589945180834194,-0.5219435286203451,-0.3940615754561843,0.09151116723038441,0.9829776616268738
376,0.5505983707830369,-0.17416336165199567,0.998422423806531,0.8882946146062364,0.3991726628802749,0.002085247912349623,0.5189372945511624,0.24566570681275113,0.4350159690275656,0.8367228005095252,0.043583350769592764,0.21081116695646235,0.15360360062200598,0.45153851190510386,-0.8730614778465831,-0.04514583013731331,-0.499210405762668,-0.38772474667980694,0.020302374090213023,0.9071850381909499
377,0.5063814585362623,-0.18183663205851341,0.9979083682418791,0.8846024026041297,0.4413856541733091,0.07735713263847696,0.455180365757692,0.3495374477506497,0.3307817272869961,0.7791893376806084,0.0032264242866574806,0.23580075763745192,0.06858402149771604,0.47138547287383603,-0.7617967965881981,0.11542290066021428,-0.48057062612121587,-0.4164288549209044,0.03875010663634301,0.9443742920024806
378,0.4931817355052165,-0.1816627174289091,0.9792798496790004,0.8983681046683031,0.4050183413222041,-0.030946960268320996,0.4351035788808545,0.29830841516976564,0.3440334632654991,0.913355002488154,-0.028974789504990932,0.2108551540334112,0.085071757503262,0.4131745578231946,-0.8001112280788726,0.08004242969046631,-0.4627181989933754,-0.3967489831638976,0.03757412852517,0.9623343469334888
379,0.5369238894566953,-0.19533735933332655,0.9947565665629268,0.9175987971927231,0.44062202215869534,-0.047644088513235885,0.38993256243831276,0.2806918539997096,0.323644991979914,0.9800103906881502,-0.09367168662976379,0.13883750752486043,0.15710324268882508,0.27459600175793186,-0.7948293717500524,0.002704975035051434,-0.43986011984860063,-0.32120573941647673,0.20565885873546155,0.8018602111797535
380,0.4979934485613956,-0.19754758986868917,0.9836126141308017,0.9038468954384111,0.3919851313240295,-0.05672615347484094,0.5421837206045762,0.20885965355521657,0.4127374690219724,0.9208185231444864,-0.02581574182450622,0.20497299780848588,0.13412866853546396,0.3714366567316382,-0.8913407556247793,-0.0909583492329134,-0.44689745971015365,-0.3583719879929938,0.014455661918047095,0.7982889166976078
381,0.4979934485613956,-0.19754758986868917,0.9836126141308017,0.9038468954384111,0.3919851313240295,-0.05672615347484094,0.5421837206045762,0.20885965355521657,0.4127374690219724,0.9208185231444864,-0.02581574182450622,0.20497299780848588,0.13412866853546396,0.3714366567316382,-0.8913407556247793,-0.0909583492329134,-0.44689745971015365,-0.3583719879929938,0.014455661918047095,0.7982889166976078
382,0.4979934485613956,-0.19754758986868917,0.9836126141308017,0.9038468954384111,0.3919851313240295,-0.05672615347484094,0.5421837206045762,0.20885965355521657,0.4127374690219724,0.9208185231444864,-0.02581574182450622,0.20497299780848588,0.13412866853546396,0.3714366567316382,-0.8913407556247793,-0.0909583492329134,-0.44689745971015365,-0.3583719879929938,0.014455661918047095,0.7982889166976078
383,0.4979934485613956,-0.19754758986868917,0.9836126141308017,0.9038468954384111,0.3919851313240295,-0.05672615347484094,0.5421837206045762,0.20885965355521657,0.4127374690219724,0.9208185231444864,-0.02581574182450622,0.20497299780848588,0.13412866853546396,0.3714366567316382,-0.8913407556247793,-0.0909583492329134,-0.44689745971015365,-0.3583719879929938,0.014455661918047095,0.7982889166976078
384,0.4979934485613956,-0.19754758986868917,0.9836126141308017,0.9038468954384111,0.3919851313240295,-0.05672615347484094,0.5421837206045762,0.20885965355521657,0.4127374690219724,0.9208185231444864,-0.02581574182450622,0.20497299780848588,0.13412866853546396,0.3714366567316382,-0.8913407556247793,-0.0909583492329134,-0.44689745971015365,-0.3583719879929938,0.014455661918047095,0.7982889166976078
385,0.5173303511230349,-0.21115769601434947,0.9878389806935445,0.8944063525977841,0.4079650372433607,0.02225640414699882,0.46938873383644275,0.23969716484793777,0.34499705281187254,0.8726880708778726,-0.03119868487424665,0.22182700670624195,0.1501874085236054,0.2817624851931417,-0.7751130091804652,-0.001897005993002643,-0.5330474597896191,-0.3752484954222712,0.14171958804318258,0.7815311103136141
386,0.4856597119169742,-0.19878869548927758,0.9991347697285897,0.8867311809313941,0.3235401263356759,-0.059135542404529146,0.5884823862510159,0.20442118749485091,0.386375618814769,0.8838915519849463,0.0408297225739941,0.1779898086804132,0.1485090705605931,0.2063149871708568,-0.8174145308928135,-0.048989192375093256,-0.5821800866270018,-0.28253093891842446,-0.009022764013917939,0.858271097898777
387,0.5143958135243253,-0.21811675453899348,0.9877994707533634,0.8686436982767062,0.43151782804728434,-0.04791733211864589,0.4712524981304688,0.15611415849217328,0.3583156727945302,0.8915282948352627,-0.006209990871926814,0.14936311538585767,0.1926512982277347,0.21257686849467605,-0.8246821341474758,-0.11571659509955218,-0.5512469363840355,-0.36704797027425656,0.17784722733336583,0.7942781154551756
388,0.5143958135243253,-0.21811675453899348,0.9877994707533634,0.8686436982767062,0.43151782804728434,-0.04791733211864589,0.4712524981304688,0.15611415849217328,0.3583156727945302,0.8915282948352627,-0.006209990871926814,0.14936311538585767,0.1926512982277347,0.21257686849467605,-0.8246821341474758,-0.11571659509955218,-0.5512469363840355,-0.36704797027425656,0.17784722733336583,0.7942781154551756
389,0.5098231806908511,-0.21833107896100987,0.9990940913700169,0.8650864495233863,0.3767165066618548,-0.10511023209476257,0.5346797704399097,0.16470736917225337,0.3935753858780147,0.8914932144893781,0.07977689253904344,0.13829369005309042,0.199878920452944,0.2725280294051719,-0.7923576151642542,-0.13446767649358274,-0.5512845661434586,-0.31459788214991713,0.019827805566751008,0.8945551002456645
390,0.5098231806908511,-0.21833107896100987,0.9990940913700169,0.8650864495233863,0.3767165066618548,-0.10511023209476257,0.5346797704399097,0.16470736917225337,0.3935753858780147,0.8914932144893781,0.07977689253904344,0.13829369005309042,0.199878920452944,0.2725280294051719,-0.7923576151642542,-0.13446767649358274,-0.5512845661434586,-0.31459788214991713,0.019827805566751008,0.8945551002456645
391,0.5127459905980064,-0.22232558831128538,0.9808634664091498,0.8684551323272522,0.46274684176157005,-0.06173690488398055,0.45224792180408036,0.12131792492022156,0.3622397652069095,0.7722089894160143,0.08252366315640786,0.11645741040863601,0.23834353578021397,0.32862833329845165,-0.7641589508210496,-0.1422748757310297,-0.5715407880366564,-0.3755339252551698,0.14756472289891917,0.982079088463879
392,0.525845942855649,-0.20555374540500435,0.9863734443498179,0.866073403844714,0.4328713789860599,-0.09294190990845638,0.46572256044033883,0.14769283362957192,0.4056018937098339,0.8814237173309666,0.02235611368684445,0.13316073035406661,0.10145348224358117,0.3082423391498044,-0.8321880644443755,-0.12664202811866715,-0.5819678307709086,-0.345060046075133,0.081095064120404,0.994122664033791
393,0.5070726474010974,-0.19475430351309458,0.989724705750051,0.8873669334413397,0.44709726986406184,-0.0399538393699746,0.4006888113405554,0.20520288062064157,0.2960896630263403,0.840682342247565,0.0542128652441409,0.10677324921402806,0.1943546281097628,0.2762045622258788,-0.687831330758569,-0.023570863175313022,-0.5972803776512965,-0.34344033356134046,0.15372218652243083,0.9996421660611543
394,0.5251808973819821,-0.2065634016381458,0.9865664603894081,0.8919953740390313,0.3626604666842682,-0.041932269149046575,0.4928625781263363,0.23951987370658295,0.39503288566956135,0.8753895153196163,0.003681011972804501,0.18133043525190704,0.15211191983401873,0.31968656622127356,-0.7759648693183757,0.010582377244588295,-0.4910540559604222,-0.3530787037588532,0.001406994056221425,0.8929260190830091
395,0.5161691902316351,-0.1953552727749923,0.9848857662129382,0.8926194017747561,0.42800989451477867,-0.01381752728594439,0.41926644153310993,0.2563911574581845,0.27757021572361384,0.8603302193424788,0.016025219602587903,0.11641582620482097,0.19035957727173194,0.30399829186827326,-0.716021840711735,0.04107776410324408,-0.58387504878945,-0.34566049515249786,0.1373861946062477,0.9424428104813403
396,0.5161691902316351,-0.1953552727749923,0.9848857662129382,0.8926194017747561,0.42800989451477867,-0.01381752728594439,0.41926644153310993,0.2563911574581845,0.27757021572361384,0.8603302193424788,0.016025219602587903,0.11641582620482097,0.19035957727173194,0.30399829186827326,-0.716021840711735,0.04107776410324408,-0.58387504878945,-0.34566049515249786,0.1373861946062477,0.9424428104813403
397,0.5009853245740149,-0.19892434340775716,0.9953863212589912,0.9061133934255992,0.3744161379933349,-0.07653422012194437,0.568951866269044,0.18201430510367456,0.45053322961172243,0.8452285774660467,0.019121926965949033,0.16259447710121058,0.18216261783733387,0.2580866376354625,-0.8356427916334072,-0.09921422735016314,-0.5130136828367422,-0.34784476356905325,0.0093619168703773,0.863610797462921
398,0.5182145293365796,-0.20420883621768637,0.9741012874240828,0.8999014571820744,0.4713789584835406,-0.08648473426802762,0.5399603938444111,0.19464478328795135,0.3793366182754899,0.9050380268148714,0.0605450864766274,0.18313679694336402,0.42697265900395953,0.29633324131766636,-0.7854975179600296,-0.13436579336981444,-0.4960180170149373,-0.3139982822114693,0.08361644278284049,0.7437072610703123
399,0.5031669364792526,-0.19193804808471215,0.9843900626436708,0.9119598569681201,0.42261123573319254,-0.18873970515344252,0.6155636080539303,0.1450601289003993,0.5092754238908332,0.8596851071205026,0.10457164134338959,0.2236586878263526,0.4007693602354013,0.30589290888064086,-0.7970467776661543,-0.2233052559783194,-0.46725655601376354,-0.32433434975789205,-0.0876326422475776,0.6892314831290934
400,0.5353353067463164,-0.20211025999650914,0.9729191052695184,0.9364666852353226,0.3912532284711257,0.03648783590354357,0.6751191855891873,0.22527269565557986,0.41991380831146996,0.7796597519586241,0.11932796333366001,0.2898518356783339,0.3930613397070831,0.3325894587008849,-0.8095987553901136,-0.12122600626231168,-0.41152622678766854,-0.3372550165981369,-0.021674039869829465,0.7601989458521881
401,0.5129622860899368,-0.20738927266321214,0.995319308011202,0.9106482147579706,0.42641194677551436,-0.126280433841701,0.5947309185556219,0.12959372851072273,0.45909979279463153,0.8331814730560808,0.15337934348437393,0.23960143448709784,0.6323045685005367,0.3525922206328444,-0.8015116207611872,-0.21834416345675778,-0.409117748550195,-0.31750573523988174,-0.06258197979107046,0.6414171450561328
402,0.5223332628100179,-0.21256892833936447,0.9768834298790479,0.9089391928995663,0.44938930670409905,-0.1216315509570352,0.64187222112994,0.1961248998546021,0.4531269372072032,0.8223590168181751,0.17401720328617637,0.2890094673530213,0.7340874016255592,0.4756250872030295,-0.7627440632095679,-0.24882107630186706,-0.3006981729052149,-0.32134092063193986,-0.08274971291361535,0.709598762447523
403,0.5210384512625383,-0.224593360663993,0.9788272647492233,0.8963211157769087,0.4584216528156193,-0.10719657189792314,0.614236539743418,0.1829544292319917,0.47174974587344304,0.7430435251681855,0.21914826069425777,0.29125255533260713,0.6917505193403184,0.5582535296943796,-0.8620464175344708,-0.24599593467619635,-0.2762527321168111,-0.3841070948199758,-0.14529950078418707,0.7205737253047693
404,0.5210384512625383,-0.224593360663993,0.9788272647492233,0.8963211157769087,0.4584216528156193,-0.10719657189792314,0.614236539743418,0.1829544292319917,0.47174974587344304,0.7430435251681855,0.21914826069425777,0.29125255533260713,0.6917505193403184,0.5582535296943796,-0.8620464175344708,-0.24599593467619635,-0.2762527321168111,-0.3841070948199758,-0.14529950078418707,0.7205737253047693
405,0.49162853619337715,-0.21765802989882194,0.9919025818543623,0.8834041630285698,0.40878102050863785,-0.02888243608600187,0.7042730471051355,0.25691315999998876,0.42997476344770524,0.7402483732208881,0.232789897481541,0.3282995222520724,0.6951339436729999,0.4929123439779225,-0.7413369566832478,-0.16386305452968655,-0.3038825763630646,-0.34360687844922166,-0.14751378420689887,0.702144106108519
406,0.5165837180101701,-0.22569889473457633,0.9765776088655225,0.9115369449216563,0.4426280419748193,-0.027961760923652483,0.6493581995484458,0.18528152147763197,0.5058845452043071,0.6376071437561021,0.2901691631689859,0.33810267460077253,0.7030100644135572,0.5932812050450827,-0.8326806485410609,-0.2139842556725557,-0.32865258571898415,-0.4216327485038128,-0.20545198675034204,0.7226910052814554
407,0.48979386431906036,-0.23011532947363852,0.9862081624311676,0.9127091806480461,0.4258095088385088,-0.13009719912169526,0.7320525322241657,0.1234815468129035,0.4537307344273596,0.7727217863670509,0.23306372733490316,0.22114532269567186,0.6764740622168565,0.3611598058791624,-0.7852500374726887,-0.31305581002690763,-0.45349002675962985,-0.2544222512586267,-0.0724988842040246,0.7332895188320576
408,0.48979386431906036,-0.23011532947363852,0.9862081624311676,0.9127091806480461,0.4258095088385088,-0.13009719912169526,0.7320525322241657,0.1234815468129035,0.4537307344273596,0.7727217863670509,0.23306372733490316,0.22114532269567186,0.6764740622168565,0.3611598058791624,-0.7852500374726887,-0.31305581002690763,-0.45349002675962985,-0.2544222512586267,-0.0724988842040246,0.7332895188320576
409,0.5224493653758601,-0.1875667606768459,0.9596524580838861,0.9345894524661037,0.4133169692346676,-0.14150073299519003,0.6311630714489953,0.052813018446506425,0.519593433334752,0.7853689141229108,0.10916754146813182,0.15468930210655257,0.505060133679801,0.2810225031389426,-0.8624835585414254,-0.3310896139557761,-0.47510602461537804,-0.3066077321960237,0.0504354010387616,0.6722159992595358
410,0.5224493653758601,-0.1875667606768459,0.9596524580838861,0.9345894524661037,0.4133169692346676,-0.14150073299519003,0.6311630714489953,0.052813018446506425,0.519593433334752,0.7853689141229108,0.10916754146813182,0.15468930210655257,0.505060133679801,0.2810225031389426,-0.8624835585414254,-0.3310896139557761,-0.47510602461537804,-0.3066077321960237,0.0504354010387616,0.6722159992595358
411,0.5124829222050362,-0.19213117442511632,0.9824766890554506,0.9286308801985189,0.4794587359009729,-0.14625119153066252,0.6559411936268392,0.052183217012649344,0.5144184659397733,0.8731081676442483,0.07331186971576746,0.17425179354225612,0.46785725097151526,0.3426949928677635,-0.8995390514196331,-0.3751163697699374,-0.43717891878045906,-0.272354636501701,0.055003169620197315,0.6662742991641449
412,0.5124829222050362,-0.19213117442511632,0.9824766890554506,0.9286308801985189,0.4794587359009729,-0.14625119153066252,0.6559411936268392,0.052183217012649344,0.5144184659397733,0.8731081676442483,0.07331186971576746,0.17425179354225612,0.46785725097151526,0.3426949928677635,-0.8995390514196331,-0.3751163697699374,-0.43717891878045906,-0.272354636501701,0.055003169620197315,0.6662742991641449
413,0.5192069212209849,-0.19744369724395627,0.996831450950198,0.8972796569841512,0.4232475511951102,-0.14871894079040832,0.5825078449730663,0.14744431411933576,0.5221194250453712,0.8753077612265329,0.05277717883905931,0.23969905280396242,0.4906759941864961,0.38741416807333323,-0.9187223094986253,-0.2509426856401812,-0.342478636744333,-0.33981741495281276,0.012665035945886777,0.6175582480847766
414,0.5139663190787107,-0.19534989610676462,0.9867299729389282,0.8803909705269944,0.4324375639589274,-0.07396804328727699,0.7051149689068907,0.19348214236141612,0.4753322380404654,0.8326697107019986,0.12818159739051738,0.28142494625916037,0.5282129604470565,0.3648057096284202,-0.8331116172555308,-0.23871942973769,-0.39903192934814885,-0.2960177648415341,-0.04461185653899727,0.6182230224752999
415,0.5139663190787107,-0.19534989610676462,0.9867299729389282,0.8803909705269944,0.4324375639589274,-0.07396804328727699,0.7051149689068907,0.19348214236141612,0.4753322380404654,0.8326697107019986,0.12818159739051738,0.28142494625916037,0.5282129604470565,0.3648057096284202,-0.8331116172555308,-0.23871942973769,-0.39903192934814885,-0.2960177648415341,-0.04461185653899727,0.6182230224752999
416,0.523998737700035,-0.19949113921180842,0.9961186677620728,0.8953762483879598,0.4075923101983715,-0.10481751725481021,0.6293651221750906,0.20372688822776064,0.47023593996806967,0.8284095661729666,0.15197310822869797,0.29983173052988404,0.6298645746826097,0.3828298602085349,-0.8109911995281052,-0.22400946591195026,-0.29897670165121415,-0.3414745556073669,-0.08637066097169599,0.5865062008231532
417,0.5220583872798175,-0.19937808845316346,0.9979479435998015,0.8824099726800786,0.41077724483237477,-0.08295455633985677,0.6661004642512813,0.16074788491844066,0.5064135658268865,0.7755124128584768,0.15992769556657105,0.3098666771114412,0.5935441585388327,0.44492873306227365,-0.8399395724662737,-0.2559290955182058,-0.30479911184732306,-0.34369863806104395,-0.1274780205863215,0.6520477122592077
418,0.5220583872798175,-0.19937808845316346,0.9979479435998015,0.8824099726800786,0.41077724483237477,-0.08295455633985677,0.6661004642512813,0.16074788491844066,0.5064135658268865,0.7755124128584768,0.15992769556657105,0.3098666771114412,0.5935441585388327,0.44492873306227365,-0.8399395724662737,-0.2559290955182058,-0.30479911184732306,-0.34369863806104395,-0.1274780205863215,0.6520477122592077
419,0.5220583872798175,-0.19937808845316346,0.9979479435998015,0.8824099726800786,0.41077724483237477,-0.08295455633985677,0.6661004642512813,0.16074788491844066,0.5064135658268865,0.7755124128584768,0.15992769556657105,0.3098666771114412,0.5935441585388327,0.44492873306227365,-0.8399395724662737,-0.2559290955182058,-0.30479911184732306,-0.34369863806104395,-0.1274780205863215,0.6520477122592077
420,0.5220583872798175,-0.19937808845316346,0.9979479435998015,0.8824099726800786,0.41077724483237477,-0.08295455633985677,0.6661004642512813,0.16074788491844066,0.5064135658268865,0.7755124128584768,0.15992769556657105,0.3098666771114412,0.5935441585388327,0.44492873306227365,-0.8399395724662737,-0.2559290955182058,-0.30479911184732306,-0.34369863806104395,-0.1274780205863215,0.6520477122592077
421,0.5020442051585656,-0.18215091521502472,0.9789481733762908,0.8845451833450984,0.4571219699728791,-0.08568380834854793,0.6960284392322134,0.14642245845328955,0.46580263903482366,0.7612453564236235,0.19951208929551462,0.29665947615569677,0.6901480559340869,0.47176448767347146,-0.8563095431961869,-0.3043554633236931,-0.30532967593814464,-0.3495185626760542,-0.06982039334530542,0.6376099434644127
422,0.542662834698017,-0.1908086273035273,0.9993508906693109,0.8824067876575159,0.4134157153621498,-0.10203673628454198,0.6584557311819441,0.22591993630956123,0.49876555568271996,0.8302812156285687,0.17146829901064883,0.32660163460506575,0.6795961672708941,0.42142172698505914,-0.762928506583462,-0.18988806380987536,-0.29906497710571545,-0.32658306257748126,-0.1376832234543581,0.6244149319570046
423,0.5110332713244206,-0.17995468231774392,0.987283659074432,0.8719991706675956,0.4052736982475868,-0.015379628324800722,0.6599752385288077,0.3196573855148624,0.4368544120377165,0.7582624027541373,0.21475811952796126,0.3550877677029795,0.7030362482683576,0.44940309432130626,-0.7779563001351304,-0.10811407704311748,-0.23266445882402453,-0.3722752478180566,-0.16751164081958103,0.5956576777858476
424,0.5333725589542067,-0.19554117535879165,0.9989131559562605,0.858318791847746,0.44632241986958415,-0.0994910132899546,0.7116305540582655,0.2238622851971017,0.5280936625963263,0.7537244819858968,0.22324227388441187,0.3609007098198678,0.7633529406925779,0.5233582317638421,-0.845918734354456,-0.29606617882988956,-0.2804023157218503,-0.3644888952330706,-0.1723914724890696,0.6141921072278281
425,0.5192900325677006,-0.1635047753360938,0.9764619846800988,0.8820547976763141,0.48701478953545746,-0.13666607911056045,0.6356873722582254,0.13394692506019937,0.49097277315523663,0.6657198007262789,0.2950588458651203,0.24907684658202264,0.8393779599175146,0.6139220368081671,-0.7843651532154999,-0.350103124926619,-0.2913328600690477,-0.3711086719845752,-0.17620861585138956,0.7801284496189951
426,0.5508828824007463,-0.17975940260785658,0.9785787469321744,0.878708043889188,0.44969161628318743,-0.17461355350535535,0.6412631008645725,0.14709092099655158,0.48734348765213276,0.7528506465748647,0.2625910242105274,0.28512323104437076,0.8444442360674809,0.5535705674226374,-0.7923720525767488,-0.3377017182768376,-0.27329864022608485,-0.3472101196833134,-0.1791407839075499,0.7814362746417838
427,0.5254263531881013,-0.20218133729975296,0.9497674465098892,0.9133718850267473,0.5220255702892908,-0.16527400244898022,0.5786573483289735,0.10254982330599492,0.4408009525686901,0.7278899230720225,0.26535079322830946,0.22074449449597378,0.7922565865599337,0.601829425913213,-0.7765627074297422,-0.36183396058941253,-0.36370618257394893,-0.36685007882110543,-0.09131789153190814,0.8569700364197819
428,0.5254263531881013,-0.20218133729975296,0.9497674465098892,0.9133718850267473,0.5220255702892908,-0.16527400244898022,0.5786573483289735,0.10254982330599492,0.4408009525686901,0.7278899230720225,0.26535079322830946,0.22074449449597378,0.7922565865599337,0.601829425913213,-0.7765627074297422,-0.36183396058941253,-0.36370618257394893,-0.36685007882110543,-0.09131789153190814,0.8569700364197819
429,0.5434601685311462,-0.1680225643472134,0.9720557470294913,0.8866070101824574,0.4733071681432044,-0.1353721161502787,0.6132450729387017,0.1297493748722935,0.49131827231611946,0.7163158063038096,0.24772081230941254,0.28353911368900225,0.7308747256637189,0.5738140820655013,-0.7938131995167573,-0.3067283348615,-0.30078540253650166,-0.3740560276525306,-0.15001189572253038,0.8398226491019305
430,0.5178886947929303,-0.17446225045497643,0.9916595431146524,0.8756875660309806,0.45224418091636664,-0.11242128387286415,0.5692840441384968,0.1539947100385815,0.41416074581312934,0.7680118896273432,0.17247786088075046,0.24467679583584895,0.639062436723686,0.48824887277641577,-0.7681097448217588,-0.2266643186155675,-0.3706940974422664,-0.3704518883943706,-0.045206183733884645,0.7835526978052695
431,0.531998884179968,-0.18058476973953308,0.9924204639473599,0.8723943142592829,0.40272998304577284,-0.04315181377909326,0.7027871595453853,0.22473854499171977,0.4770123482683595,0.8280475329195547,0.12777303899300485,0.29050795356368314,0.4956487085980469,0.3862764949476744,-0.8621919682124,-0.2170446206600819,-0.42686697188097095,-0.31949630431362747,-0.10578759552842175,0.668182663089149
432,0.542242105242649,-0.16623550844941648,0.9636132398875782,0.8873082280104809,0.4718869794576967,-0.12044002248299814,0.6946169774052051,0.05775939563770482,0.568634000438724,0.7785159390606946,0.14922116012617453,0.24586654346147185,0.6471837008778356,0.3719635950749351,-0.9120050973485844,-0.3709957056486456,-0.356678136841282,-0.39188378060132645,-0.054899876152797,0.5877449251280781
433,0.5288211833648773,-0.213427651869939,0.9929378372566333,0.8643997916712699,0.4305517280072708,-0.04816318486891262,0.7018601517667499,0.19741752970018062,0.5176047865245219,0.86877995488223,0.13793994464056958,0.29821710651188876,0.6522296544682005,0.343604291840621,-0.8680263219056975,-0.29169800478299757,-0.305899338240172,-0.3057556472877271,-0.12683410472278156,0.5585713399980844
434,0.5030350932068883,-0.19396878303429113,0.9806216035822918,0.8843730785374913,0.4323646282141217,-0.036077323837048564,0.7122781646808499,0.1478700967346589,0.5265978183560476,0.7932379838806358,0.12319416230825808,0.2620979797765691,0.5861931411584386,0.330710735973869,-0.8667090525541168,-0.23740975417999124,-0.3755122040448817,-0.3543683166002902,-0.08054738906889801,0.5572846727850869
435,0.5125352049131687,-0.16351760050480615,0.9885354929523008,0.8912102823100079,0.42337171937344126,-0.10446563176416584,0.6661559315271169,0.1307465278236182,0.5036938490747053,0.8284489636259296,0.13522262451547157,0.23647709158288407,0.5594977031964143,0.3751154674281791,-0.871591763043784,-0.29506299659229523,-0.42027234365783245,-0.3370807666645083,-0.054135211160843556,0.7205140404500076
436,0.5125352049131687,-0.16351760050480615,0.9885354929523008,0.8912102823100079,0.42337171937344126,-0.10446563176416584,0.6661559315271169,0.1307465278236182,0.5036938490747053,0.8284489636259296,0.13522262451547157,0.23647709158288407,0.5594977031964143,0.3751154674281791,-0.871591763043784,-0.29506299659229523,-0.42027234365783245,-0.3370807666645083,-0.054135211160843556,0.7205140404500076
437,0.5149637452501323,-0.15954778586252127,0.9741792583918321,0.8970904730449634,0.45960338853121374,-0.047124648809087705,0.6714223120256754,0.14163708559286448,0.5029858599935954,0.7173285482457149,0.21152268029826665,0.24560671417412785,0.6053940715298336,0.42248461831269607,-0.8262286864950191,-0.2694347543996264,-0.4310659181116614,-0.35204718413253167,-0.09478384036040194,0.7410271627355483
438,0.5149637452501323,-0.15954778586252127,0.9741792583918321,0.8970904730449634,0.45960338853121374,-0.047124648809087705,0.6714223120256754,0.14163708559286448,0.5029858599935954,0.7173285482457149,0.21152268029826665,0.24560671417412785,0.6053940715298336,0.42248461831269607,-0.8262286864950191,-0.2694347543996264,-0.4310659181116614,-0.35204718413253167,-0.09478384036040194,0.7410271627355483
439,0.5477203875068947,-0.17113028775679398,0.9951190244778081,0.8979385725102594,0.4230181653045694,-0.07631639879160577,0.696888603321718,0.09526597184956392,0.4992387861322398,0.752780009151429,0.18764880895789046,0.2581199481127752,0.5894945924163723,0.3810646211958164,-0.8490854190756257,-0.2904037474511652,-0.4370630248885622,-0.34156089181669946,-0.09367983163996013,0.7247335753396555
440,0.5106490993885571,-0.17959416602168424,0.9871724288609902,0.9024529864192065,0.4750186470826995,-0.08917970404360205,0.6567547981140601,0.11321517300739468,0.5340775431052146,0.7659017667920519,0.19286403794062112,0.27925943724144814,0.6505547613258926,0.5313008636750151,-0.8743411902167106,-0.31987122999023565,-0.3639888417835224,-0.3614681913782034,-0.11391601657575055,0.6860871663862141
441,0.5268305363503215,-0.19523219018693613,0.9948678427238916,0.8836111369994346,0.39636557492228924,-0.1027445684012937,0.7025544504849753,0.12470843860195863,0.49068172291961654,0.798597926223334,0.18570305960902597,0.25156614632993796,0.6697972889970658,0.33566347073595104,-0.815926048980496,-0.28887517746030217,-0.38272578258242107,-0.3253571475844451,-0.06929394177040853,0.6480912765964227
442,0.52987704425094,-0.19808470729303956,0.9873042720208972,0.8798377184167464,0.46064970791539855,-0.056393547182451605,0.7484807070014288,0.06183676991850597,0.5650083258130629,0.7352111095123335,0.1742089194731808,0.26369174443625515,0.5530500862487754,0.4114498859063541,-0.9462125548292027,-0.35232914911709595,-0.4256850807239789,-0.33965049856818863,-0.10028612084228189,0.6366010030502209
443,0.49016373680209696,-0.19525925964590252,0.9903710668082211,0.8491924102893379,0.4032583826218748,-0.022491904471893885,0.7765750813006437,0.08630042187623693,0.5192341237499296,0.8010964244914438,0.1210994816303197,0.25752463113866375,0.48037470660679193,0.23244154775291656,-0.8773500978106565,-0.3009707996805143,-0.49372943521719803,-0.3263313551742264,-0.03827240253517976,0.5535427476372219
444,0.5331580062369103,-0.20418249690510495,0.9882151045233103,0.9171010102865775,0.35355819077142975,-0.08048415541294927,0.6796379434484456,0.07745717265183083,0.5106061047983271,0.7929255185141543,0.16367883018349366,0.1788780580156167,0.4949287277325957,0.20186253136550575,-0.8667624049616479,-0.33075784238305495,-0.5680979353406808,-0.28017319719743056,-0.06306446672074328,0.6629801889477737
445,0.5331580062369103,-0.20418249690510495,0.9882151045233103,0.9171010102865775,0.35355819077142975,-0.08048415541294927,0.6796379434484456,0.07745717265183083,0.5106061047983271,0.7929255185141543,0.16367883018349366,0.1788780580156167,0.4949287277325957,0.20186253136550575,-0.8667624049616479,-0.33075784238305495,-0.5680979353406808,-0.28017319719743056,-0.06306446672074328,0.6629801889477737
446,0.5136841386094816,-0.19314773356824633,0.9985036006464293,0.8952814960058068,0.41927363502257475,-0.11001558452435996,0.7029884238856912,0.06397881270601533,0.4773724078032598,0.8413475375283932,0.12197854726974736,0.16013837692070682,0.4930255222055573,0.13870144501745466,-0.8013785231375524,-0.3477946787242366,-0.5097033068048956,-0.22329719821648053,0.0018037298438973387,0.603964915020789
447,0.5136841386094816,-0.19314773356824633,0.9985036006464293,0.8952814960058068,0.41927363502257475,-0.11001558452435996,0.7029884238856912,0.06397881270601533,0.4773724078032598,0.8413475375283932,0.12197854726974736,0.16013837692070682,0.4930255222055573,0.13870144501745466,-0.8013785231375524,-0.3477946787242366,-0.5097033068048956,-0.22329719821648053,0.0018037298438973387,0.603964915020789
448,0.5136841386094816,-0.19314773356824633,0.9985036006464293,0.8952814960058068,0.41927363502257475,-0.11001558452435996,0.7029884238856912,0.06397881270601533,0.4773724078032598,0.8413475375283932,0.12197854726974736,0.16013837692070682,0.4930255222055573,0.13870144501745466,-0.8013785231375524,-0.3477946787242366,-0.5097033068048956,-0.22329719821648053,0.0018037298438973387,0.603964915020789
449,0.5254542253688559,-0.2023629490970442,0.9770494514108283,0.8915941777154921,0.4570013672106613,-0.1397382591231685,0.6646074248786242,0.020243180935985712,0.5329368569336709,0.8000571226807135,0.12938043961480608,0.16862105884413747,0.5668918253925137,0.26452240006244054,-0.8705752529225018,-0.39026014360724093,-0.48218060080210534,-0.30005525978326436,-0.013162181692070923,0.6713196893389353
450,0.5398343493386598,-0.20022327876180038,0.9759508110201146,0.917905984595805,0.43660620701869507,-0.13968419455121772,0.684229168982521,0.05611445605865284,0.4895315544923907,0.7883697913290907,0.17991849679576982,0.23813100690662006,0.6619434381619826,0.3152777619129638,-0.8556494417387801,-0.37971619406420626,-0.44615184458211193,-0.29475393074496764,-0.05354779938649895,0.700767848006722
451,0.503481612197848,-0.18012518583959483,0.9809121359074051,0.9070726609934899,0.42862966011857756,-0.18618990916200795,0.6446084080167287,0.05017143996287002,0.5154558168744267,0.7409534054595479,0.19858338666496667,0.1688519319446824,0.6437013669986636,0.3416768656719309,-0.7998665032308763,-0.3691205362334321,-0.5058865379618444,-0.28854821888478577,-0.05487958181243599,0.7413406062797174
452,0.5293081046942352,-0.20015172797670466,0.9752047812696752,0.8978616266666335,0.42321811694091976,-0.15901904089789376,0.6665202504415447,0.0737140305754559,0.4071834914680774,0.6984208064691964,0.2333693893837225,0.1857624078365506,0.6945479888374517,0.31908073716811824,-0.7606157143504154,-0.3685753642874479,-0.4067436387624409,-0.27262122385524706,-0.115259647340556,0.7932133528945058
453,0.49790373366367396,-0.1931882920044616,0.9913679047220367,0.8870262366106215,0.44897486476165926,-0.1361461947201867,0.6190761395142015,0.07027167222952829,0.5058429565436863,0.7612006697565461,0.18087507108398798,0.20096130615927532,0.652120797942828,0.3973000045437533,-0.8093279681843838,-0.3196005589808968,-0.4376404533208628,-0.32854472414611424,-0.04225877103204006,0.7476410428704258
454,0.5245651506185038,-0.18907243337923868,0.9830724251679157,0.9023093727654843,0.41897206664539716,-0.12438422606458159,0.6356775941865037,0.14288707116921157,0.4619923654769091,0.8745892014460707,0.14831267224875172,0.23575942370765854,0.5686205791886305,0.36382726089507356,-0.8428864336409658,-0.27993853670027885,-0.43840730270421274,-0.3193680497056416,-0.042615823649196444,0.7174833554265566
455,0.5245651506185038,-0.18907243337923868,0.9830724251679157,0.9023093727654843,0.41897206664539716,-0.12438422606458159,0.6356775941865037,0.14288707116921157,0.4619923654769091,0.8745892014460707,0.14831267224875172,0.23575942370765854,0.5686205791886305,0.36382726089507356,-0.8428864336409658,-0.27993853670027885,-0.43840730270421274,-0.3193680497056416,-0.042615823649196444,0.7174833554265566
456,0.5177676893028801,-0.19025987818207513,0.9781995689074136,0.9008636493155482,0.44215681524829586,-0.05916524565650237,0.5902447572988853,0.2067474406946451,0.4732689973511961,0.7960351326486503,0.1434823600134419,0.29025028721004337,0.602812218132639,0.4693279396513769,-0.799728779965153,-0.1688118055544792,-0.33599639709437773,-0.3633351855298987,-0.05813454998817031,0.699618951913492
457,0.5188300735616059,-0.19699903934953467,0.9928921332920506,0.8889539222351506,0.3698761691817492,-0.12909381705409606,0.6378932509985622,0.15421787047651916,0.4340055035539293,0.8490797524423985,0.13454422084736925,0.20851941501619506,0.5802904810534287,0.22857478868557063,-0.8270107875651213,-0.24264188947488657,-0.39712179072240605,-0.23864551863016825,-0.09531900683095745,0.6437226277600613
458,0.5241677375682945,-0.1938948711216771,0.9946106285177352,0.8913169959989512,0.43680160004257024,-0.10595101980812302,0.6939513301834112,0.06908627647831272,0.4545082846696992,0.7191483338947864,0.15676046576986696,0.21784138109640183,0.4862939633955299,0.2847961313013048,-0.7574575200143798,-0.30922642667799183,-0.5473710924939696,-0.3094265236360021,-0.014134038392534095,0.7271611751679803
459,0.5195396390299045,-0.19053837790005387,0.9880806691164629,0.9028784941960258,0.39161763882679423,-0.0007524335669822843,0.7338538844611469,0.12017239308932672,0.4924680449771544,0.6790104513157664,0.16051946885811044,0.22550682272699232,0.3462234103312206,0.33488009585119055,-0.9272629282157665,-0.3143407009266119,-0.5449616480703116,-0.33331551691750433,-0.10564156012025978,0.6962132422697371
460,0.5317931899938386,-0.19238042345814862,0.9837685327991408,0.9042365695987808,0.44636047691161296,-0.08623030160194882,0.6296866019331212,0.12768578874409245,0.429206640726903,0.8696939527810228,-0.014327284868395412,0.1936987392766148,0.2690260703005407,0.2808882378302699,-0.8545821936181651,-0.2258728377258546,-0.5057104262639137,-0.3419367604076632,0.0891821457666013,0.7293434487297877
461,0.4923880202794134,-0.19944267112193917,0.9920799861601696,0.8891487669879271,0.40908109710213164,-0.04063527601045293,0.5681139011836771,0.2334213805335758,0.4339929452528239,0.900758322610695,-0.0034719318297101506,0.25034099152462863,0.2344982503324059,0.3255078195572847,-0.8693879815883362,-0.1317864388428075,-0.46259358784820576,-0.3349097337685946,0.006177086346667828,0.6851896802563706
462,0.5014095348308332,-0.22347346034575355,0.9846581561578885,0.8948188862924163,0.3900876104994586,0.025765824583260932,0.6148495172936422,0.18114943897981825,0.3989747500643173,0.6760768792707976,0.12050743739303878,0.22567723797039296,0.25473091021098443,0.3883133127726274,-0.7869661474394481,-0.10957255435818143,-0.554387604053871,-0.38120303837155434,-0.03133033039249908,0.8890554411746638
463,0.5108376199562047,-0.22045687439510486,0.9751480174912135,0.9132866653356406,0.3602901340675094,-0.0012383546476627818,0.5930943998870483,0.2153580651830045,0.38291560710774847,0.7785027729155795,0.08725912404654135,0.2122733867826265,0.27187127070853184,0.3011505620203783,-0.81071607431409,-0.08614184793026333,-0.529166348887823,-0.32775534593144007,-0.03679329097616336,0.8379132602123557
464,0.5108376199562047,-0.22045687439510486,0.9751480174912135,0.9132866653356406,0.3602901340675094,-0.0012383546476627818,0.5930943998870483,0.2153580651830045,0.38291560710774847,0.7785027729155795,0.08725912404654135,0.2122733867826265,0.27187127070853184,0.3011505620203783,-0.81071607431409,-0.08614184793026333,-0.529166348887823,-0.32775534593144007,-0.03679329097616336,0.8379132602123557
465,0.502118518738922,-0.21748942147906694,0.955818928712588,0.9000029305599715,0.4678512534575634,-0.04306011099246883,0.5435127082366397,0.13405433005445158,0.3839101712454402,0.7420743859068423,0.1246661127858614,0.15385670257249992,0.2805969411977434,0.44254107509861046,-0.77710948505853,-0.15649059995748704,-0.5609891112380361,-0.35872872431249164,0.043638038478453926,0.9643577977075812
466,0.5228183791682843,-0.2053852907160222,0.9767169720035371,0.9382203740397653,0.41542742679328676,-0.15857182941689477,0.49609695466473136,0.13822505150158085,0.3865002039341392,0.8125177521237065,0.11981646353452509,0.14629074631813405,0.40854118953984403,0.3697053822350121,-0.7598089702413866,-0.20628693191984118,-0.4863551985843516,-0.3192626135522731,0.02619258786397355,0.9227004458027244
467,0.5061044780535741,-0.21370517648211013,0.9965328951767201,0.8323145887044782,0.4309672854231739,-0.0911513025200042,0.6006641753611102,0.11654734904627173,0.4421020184527644,0.7869061023683513,0.1280319465744521,0.1662153564877432,0.42405310472316665,0.3580081099470294,-0.8018221501702655,-0.2397677394102085,-0.546918960754706,-0.3135153665719852,-0.002361293338753053,0.7964816640815966
468,0.5320947429093273,-0.17565587560801155,0.9693602523235504,0.928704190466407,0.47790425397483377,-0.1478489532360703,0.633009663275325,0.046846956200793786,0.4537703190580432,0.7936250291166084,0.12654439068230422,0.15580612083472356,0.4364969785255237,0.39421458820882754,-0.8998043345400571,-0.3497465009969215,-0.4851412278128738,-0.35813856368168495,0.04230211986343501,0.8695335005792303
469,0.5192884472335085,-0.18840819620871715,0.9999189222739097,0.8879526646648049,0.4307861081543755,-0.08492468374521395,0.6118272118782927,0.08991234371767558,0.5149390508782083,0.7955180265511472,0.13088434217081682,0.20119783482474646,0.4497917908126361,0.3644292767384248,-0.8601350559446859,-0.2859353779147804,-0.5142666150396736,-0.3368765864500466,-0.03844540886413786,0.720056361696434
470,0.5280226706830748,-0.19678862481200127,0.9833667518535469,0.88082003476163,0.40213326697111457,-0.015580065930897353,0.692104825494784,0.13325965988348124,0.42763266010899076,0.7323984292451313,0.17314679522012272,0.20679392736740806,0.4232138128311019,0.29951151373634227,-0.7941716996635916,-0.18938372839812115,-0.5295907049930351,-0.31655290032325445,-0.036699568102006946,0.7961322988209795
471,0.5280226706830748,-0.19678862481200127,0.9833667518535469,0.88082003476163,0.40213326697111457,-0.015580065930897353,0.692104825494784,0.13325965988348124,0.42763266010899076,0.7323984292451313,0.17314679522012272,0.20679392736740806,0.4232138128311019,0.29951151373634227,-0.7941716996635916,-0.18938372839812115,-0.5295907049930351,-0.31655290032325445,-0.036699568102006946,0.7961322988209795
472,0.5280226706830748,-0.19678862481200127,0.9833667518535469,0.88082003476163,0.40213326697111457,-0.015580065930897353,0.692104825494784,0.13325965988348124,0.42763266010899076,0.7323984292451313,0.17314679522012272,0.20679392736740806,0.4232138128311019,0.29951151373634227,-0.7941716996635916,-0.18938372839812115,-0.5295907049930351,-0.31655290032325445,-0.036699568102006946,0.7961322988209795
473,0.5280226706830748,-0.19678862481200127,0.9833667518535469,0.88082003476163,0.40213326697111457,-0.015580065930897353,0.692104825494784,0.13325965988348124,0.42763266010899076,0.7323984292451313,0.17314679522012272,0.20679392736740806,0.4232138128311019,0.29951151373634227,-0.7941716996635916,-0.18938372839812115,-0.5295907049930351,-0.31655290032325445,-0.036699568102006946,0.7961322988209795
474,0.5280226706830748,-0.19678862481200127,0.9833667518535469,0.88082003476163,0.40213326697111457,-0.015580065930897353,0.692104825494784,0.13325965988348124,0.42763266010899076,0.7323984292451313,0.17314679522012272,0.20679392736740806,0.4232138128311019,0.29951151373634227,-0.7941716996635916,-0.18938372839812115,-0.5295907049930351,-0.31655290032325445,-0.036699568102006946,0.7961322988209795
475,0.5280226706830748,-0.19678862481200127,0.9833667518535469,0.88082003476163,0.40213326697111457,-0.015580065930897353,0.692104825494784,0.13325965988348124,0.42763266010899076,0.7323984292451313,0.17314679522012272,0.20679392736740806,0.4232138128311019,0.29951151373634227,-0.7941716996635916,-0.18938372839812115,-0.5295907049930351,-0.31655290032325445,-0.036699568102006946,0.7961322988209795
476,0.5125566974201256,-0.18666530585908123,0.9794502186826495,0.9035230594739347,0.4072204083895854,-0.0890076661343816,0.6430936608211724,0.0957094023063012,0.5169302590211685,0.7382539343968038,0.16631911342927594,0.19265278373906985,0.4782179884800165,0.33511488043989696,-0.835996014423328,-0.26905732557404916,-0.4700312861145841,-0.33830482749527874,-0.06540913364712951,0.7266451335966982
477,0.5012548653480209,-0.22041027648600398,0.9952798447322646,0.8810042904402181,0.42930833795042345,-0.034851841440391024,0.6399301759467961,0.18717136334459983,0.45592845131597104,0.8187717433896522,0.11308099651514836,0.26005930269275684,0.3995099201449417,0.3899107899801522,-0.8547703903799284,-0.16637096913440183,-0.4671392995799608,-0.33644885065833524,-0.00043723081973193493,0.7291452154225658
478,0.5012548653480209,-0.22041027648600398,0.9952798447322646,0.8810042904402181,0.42930833795042345,-0.034851841440391024,0.6399301759467961,0.18717136334459983,0.45592845131597104,0.8187717433896522,0.11308099651514836,0.26005930269275684,0.3995099201449417,0.3899107899801522,-0.8547703903799284,-0.16637096913440183,-0.4671392995799608,-0.33644885065833524,-0.00043723081973193493,0.7291452154225658
479,0.5164844711940861,-0.21428858530760553,0.9941542866821539,0.9023693187774215,0.4342456679831488,-0.1268662256537228,0.5910677037587683,0.13988107860429422,0.49704000526744446,0.8677833458524955,0.09331983417937131,0.21092992769608263,0.4610956211685673,0.37788667367063866,-0.8530589816204077,-0.2663882592848726,-0.4306756878304506,-0.3329011568011805,-0.006901462330624293,0.7283639023097319
480,0.5164844711940861,-0.21428858530760553,0.9941542866821539,0.9023693187774215,0.4342456679831488,-0.1268662256537228,0.5910677037587683,0.13988107860429422,0.49704000526744446,0.8677833458524955,0.09331983417937131,0.21092992769608263,0.4610956211685673,0.37788667367063866,-0.8530589816204077,-0.2663882592848726,-0.4306756878304506,-0.3329011568011805,-0.006901462330624293,0.7283639023097319
481,0.5037066803212183,-0.2196189435192993,0.9930437066549075,0.8800489939392272,0.45238142442573326,-0.14591798513774654,0.6399125690924206,0.09889645771755845,0.4587622561583073,0.8557854490859482,0.13687083091836272,0.2159306842020842,0.6152164879605199,0.40353113328213486,-0.8462450219118502,-0.2822816601780802,-0.39656039999140064,-0.31932335896977077,0.0007150680479203978,0.6828499229218846
482,0.5062353996634948,-0.21838157715589093,0.9938855495228953,0.8951212214324454,0.42594091442805515,-0.12355501947792993,0.5958772046938348,0.12095722965136899,0.5021847729579914,0.8384024160274305,0.11205295695100806,0.23454327417122806,0.5354916863615596,0.43444612202204613,-0.8658845050781478,-0.27555783353119384,-0.3358519267489152,-0.3485974860258477,-0.03055207760061803,0.7110935012848826
483,0.5116536587528264,-0.20905874764769222,0.9874242863688099,0.891513276141205,0.4359574373730074,-0.06052982086076051,0.6402776750828577,0.19080779224750777,0.4512587733156873,0.8300189172310105,0.14253671801227707,0.2805233260952864,0.5303967251986702,0.40868727530559673,-0.8473806231977692,-0.18234952414038622,-0.38618822870583364,-0.3361558994979708,-0.03832618749351206,0.6890712431956565
484,0.5121363908321994,-0.2045951411262455,0.9880940777300581,0.9114228858654879,0.4485531384839045,-0.07125443072085799,0.5364770460174753,0.24559879124518347,0.4687289261214179,0.8408586667154524,0.13451940813254198,0.30721334777402703,0.5292811797777047,0.5626107432944503,-0.787194281025515,-0.09253056051276515,-0.292981953937585,-0.3913499277377216,-0.08617602628581764,0.7791241830491296
485,0.491688138483698,-0.20643004066093779,0.9971645151214911,0.8857204008991444,0.43054461401024136,-0.040737387228189814,0.5267285218901725,0.2764924014607569,0.37142527752621546,0.8828892173979959,0.07636959427333095,0.2581173206589725,0.41915673764129857,0.49136643962097876,-0.8309396544724499,-0.04360326144020818,-0.2942973083482281,-0.37820718809958437,0.010579879419477925,0.7567507501675931
486,0.5064690688710317,-0.22554361814483823,0.998431068554011,0.8883220105606809,0.3939749894624726,-0.06236888717359771,0.5660457691634273,0.22442072876390412,0.4587937747676113,0.9044118034559253,0.06658006392540858,0.2733853220975019,0.42711025485559617,0.3444098239750454,-0.7921279076250757,-0.08023596520042033,-0.3320156660246279,-0.363513254261165,-0.027740369100190527,0.6531590438089447
487,0.5163778209847047,-0.2245958670366921,0.9837303980261876,0.8685900790170421,0.4331006662599808,0.00465647690925996,0.5552264140599525,0.3067864227845866,0.39264195239769806,0.8811532814469262,0.10206415510625054,0.25266900965747197,0.3291418884487119,0.4277921931052869,-0.821308201823758,-0.01812292011047765,-0.37830355779910785,-0.3554312793048332,0.020089992310863905,0.7975256369206741
488,0.5163778209847047,-0.2245958670366921,0.9837303980261876,0.8685900790170421,0.4331006662599808,0.00465647690925996,0.5552264140599525,0.3067864227845866,0.39264195239769806,0.8811532814469262,0.10206415510625054,0.25266900965747197,0.3291418884487119,0.4277921931052869,-0.821308201823758,-0.01812292011047765,-0.37830355779910785,-0.3554312793048332,0.020089992310863905,0.7975256369206741
489,0.5163778209847047,-0.2245958670366921,0.9837303980261876,0.8685900790170421,0.4331006662599808,0.00465647690925996,0.5552264140599525,0.3067864227845866,0.39264195239769806,0.8811532814469262,0.10206415510625054,0.25266900965747197,0.3291418884487119,0.4277921931052869,-0.821308201823758,-0.01812292011047765,-0.37830355779910785,-0.3554312793048332,0.020089992310863905,0.7975256369206741
490,0.5163778209847047,-0.2245958670366921,0.9837303980261876,0.8685900790170421,0.4331006662599808,0.00465647690925996,0.5552264140599525,0.3067864227845866,0.39264195239769806,0.8811532814469262,0.10206415510625054,0.25266900965747197,0.3291418884487119,0.4277921931052869,-0.821308201823758,-0.01812292011047765,-0.37830355779910785,-0.3554312793048332,0.020089992310863905,0.7975256369206741
491,0.505379631527965,-0.22057470928218428,0.9901761143498383,0.9226631562170103,0.3417543937158964,-0.012685143333090208,0.5344897922204339,0.24510329714964482,0.4492416901788644,0.8198603223370216,0.11717459861845052,0.24345358086511273,0.2920831520908199,0.3624609206313858,-0.7517902375017973,-0.008015748084178775,-0.43681247157980424,-0.37351321135619536,-0.08225566083581477,0.8013064645982536
492,0.5143469966412809,-0.22474029041182048,0.9896772275041773,0.8884925041848543,0.4572874386351776,0.03162375654424879,0.5657893475150201,0.2920810346776823,0.3590217686345228,0.8640657694175263,0.06626282970409832,0.24962199380873235,0.21302897782847097,0.4702349758790273,-0.8404134767334438,-0.003337267682274221,-0.4224395525426181,-0.37303235541573515,0.07615513017765567,0.8721486382586138
493,0.5143469966412809,-0.22474029041182048,0.9896772275041773,0.8884925041848543,0.4572874386351776,0.03162375654424879,0.5657893475150201,0.2920810346776823,0.3590217686345228,0.8640657694175263,0.06626282970409832,0.24962199380873235,0.21302897782847097,0.4702349758790273,-0.8404134767334438,-0.003337267682274221,-0.4224395525426181,-0.37303235541573515,0.07615513017765567,0.8721486382586138
494,0.5143469966412809,-0.22474029041182048,0.9896772275041773,0.8884925041848543,0.4572874386351776,0.03162375654424879,0.5657893475150201,0.2920810346776823,0.3590217686345228,0.8640657694175263,0.06626282970409832,0.24962199380873235,0.21302897782847097,0.4702349758790273,-0.8404134767334438,-0.003337267682274221,-0.4224395525426181,-0.37303235541573515,0.07615513017765567,0.8721486382586138
495,0.5081162629891623,-0.22759513593257338,0.9901506293793809,0.8976693753178789,0.3638365803867172,-0.061241142708914384,0.5002316050034052,0.19428258054848063,0.4331580584657037,0.7953186217902448,0.09865232379742404,0.2009569787925732,0.3028762692053353,0.36737655870463304,-0.7894996636388514,-0.06640917285618557,-0.44318160919980826,-0.3721430826455937,-0.044209269166867925,0.8054759881109849
496,0.5139891564520882,-0.21112648946662363,0.9783961934809765,0.8970590071373732,0.4556357556011166,-0.04181484599183765,0.5451282663211251,0.3044080383631872,0.29702706482021846,0.877643328443032,0.046739813610745196,0.225277006538192,0.3290030857009241,0.43611907094732333,-0.7378693166297725,-0.031536926399901716,-0.3939967497601273,-0.3521685503657906,0.08663868746110048,0.8890707674846848
497,0.5116636475336194,-0.22583130665347922,0.9909524662947318,0.8474316976085596,0.39906281715418085,-0.14030204467080848,0.4475082191118507,0.14700218943788534,0.44163997673665606,0.8755097365402387,0.06807477511385214,0.14632840887117854,0.31924542952997126,0.3707564014871387,-0.8183595644500194,-0.17251545918983757,-0.47626603717713256,-0.36454114814122196,0.014467121187040893,0.8035959679105803
498,0.5018752561296544,-0.19797628115319468,0.9855126060303062,0.9023582180375458,0.4575766583804458,-0.05012625830836978,0.6049041035999537,0.19105244398283885,0.36390009372453425,0.7969676674281547,0.12298845544460234,0.16428932188574813,0.3066760637454547,0.42612467511588753,-0.7644599747630071,-0.14487242621130375,-0.5291031062982314,-0.33824265484044735,0.05306949231433465,0.919306143285038
499,0.5018752561296544,-0.19797628115319468,0.9855126060303062,0.9023582180375458,0.4575766583804458,-0.05012625830836978,0.6049041035999537,0.19105244398283885,0.36390009372453425,0.7969676674281547,0.12298845544460234,0.16428932188574813,0.3066760637454547,0.42612467511588753,-0.7644599747630071,-0.14487242621130375,-0.5291031062982314,-0.33824265484044735,0.05306949231433465,0.919306143285038
500,0.525443316318104,-0.22201109737062397,0.990995202383997,0.8995127521559263,0.3749751803086408,-0.01632114547535476,0.5126777242903149,0.13415179542806463,0.4546164568775445,0.7377918555033454,0.16062386930260303,0.1674036746028851,0.2324921513502405,0.39842263226304503,-0.7842221669548238,-0.12311582608049826,-0.583734406940922,-0.3773453671892786,-0.04562454532781593,0.9015348577191534
501,0.525443316318104,-0.22201109737062397,0.990995202383997,0.8995127521559263,0.3749751803086408,-0.01632114547535476,0.5126777242903149,0.13415179542806463,0.4546164568775445,0.7377918555033454,0.16062386930260303,0.1674036746028851,0.2324921513502405,0.39842263226304503,-0.7842221669548238,-0.12311582608049826,-0.583734406940922,-0.3773453671892786,-0.04562454532781593,0.9015348577191534
502,0.50266059220583,-0.21084290307863282,0.9894094232730789,0.8905290559667977,0.45357858322977246,-0.10666568929327087,0.5329256041234173,0.1832003983141536,0.32927385322593977,0.8570682275229872,0.0881999639287342,0.16168059344499688,0.35399036616714985,0.3928031230042372,-0.7323515763908474,-0.1200495057534747,-0.49730633321491297,-0.305908417500988,0.09430196362340731,0.9482180436701005
503,0.50266059220583,-0.21084290307863282,0.9894094232730789,0.8905290559667977,0.45357858322977246,-0.10666568929327087,0.5329256041234173,0.1832003983141536,0.32927385322593977,0.8570682275229872,0.0881999639287342,0.16168059344499688,0.35399036616714985,0.3928031230042372,-0.7323515763908474,-0.1200495057534747,-0.49730633321491297,-0.305908417500988,0.09430196362340731,0.9482180436701005
504,0.514725395494527,-0.2162858389092434,0.9900991374419296,0.9036560786446166,0.41639548657208236,-0.08972427779051473,0.5121847458564932,0.1082707193001465,0.46749511990812576,0.745910934304029,0.13819110810374824,0.1732191885818608,0.32260246901421563,0.4310427382877199,-0.8373441534147265,-0.1992444455328469,-0.509256622349055,-0.3676253447446319,-0.03607580362470354,0.9003868614828064
505,0.5427889838379306,-0.21800296412975712,0.9789848768343694,0.9104559574424134,0.4807291643658801,-0.07262075658734254,0.5229163881642891,0.1327682806933534,0.38569583321276474,0.7496681304083588,0.12171166412914004,0.14887754092386657,0.3448705136761447,0.4811216305703157,-0.8268989697825626,-0.23551851659056772,-0.4860945366463513,-0.3752179470422733,0.02855952726111221,0.9569131754806843
506,0.5427889838379306,-0.21800296412975712,0.9789848768343694,0.9104559574424134,0.4807291643658801,-0.07262075658734254,0.5229163881642891,0.1327682806933534,0.38569583321276474,0.7496681304083588,0.12171166412914004,0.14887754092386657,0.3448705136761447,0.4811216305703157,-0.8268989697825626,-0.23551851659056772,-0.4860945366463513,-0.3752179470422733,0.02855952726111221,0.9569131754806843
507,0.5159394568729374,-0.20104672134846974,0.984567146287861,0.8949409880359588,0.4224530492060783,-0.10154058530855038,0.5605667785726106,0.14601223573857453,0.412697762560472,0.75002442860344,0.20645086961801606,0.1983757230572616,0.48098308698783443,0.374362861522037,-0.7349757474138697,-0.1984875987269791,-0.4843360012070571,-0.3398276146955442,-0.0427280386093537,0.9254672593837048
508,0.5159394568729374,-0.20104672134846974,0.984567146287861,0.8949409880359588,0.4224530492060783,-0.10154058530855038,0.5605667785726106,0.14601223573857453,0.412697762560472,0.75002442860344,0.20645086961801606,0.1983757230572616,0.48098308698783443,0.374362861522037,-0.7349757474138697,-0.1984875987269791,-0.4843360012070571,-0.3398276146955442,-0.0427280386093537,0.9254672593837048
509,0.5159394568729374,-0.20104672134846974,0.984567146287861,0.8949409880359588,0.4224530492060783,-0.10154058530855038,0.5605667785726106,0.14601223573857453,0.412697762560472,0.75002442860344,0.20645086961801606,0.1983757230572616,0.48098308698783443,0.374362861522037,-0.7349757474138697,-0.1984875987269791,-0.4843360012070571,-0.3398276146955442,-0.0427280386093537,0.9254672593837048
510,0.5159394568729374,-0.20104672134846974,0.984567146287861,0.8949409880359588,0.4224530492060783,-0.10154058530855038,0.5605667785726106,0.14601223573857453,0.412697762560472,0.75002442860344,0.20645086961801606,0.1983757230572616,0.48098308698783443,0.374362861522037,-0.7349757474138697,-0.1984875987269791,-0.4843360012070571,-0.3398276146955442,-0.0427280386093537,0.9254672593837048
511,0.5159394568729374,-0.20104672134846974,0.984567146287861,0.8949409880359588,0.4224530492060783,-0.10154058530855038,0.5605667785726106,0.14601223573857453,0.412697762560472,0.75002442860344,0.20645086961801606,0.1983757230572616,0.48098308698783443,0.374362861522037,-0.7349757474138697,-0.1984875987269791,-0.4843360012070571,-0.3398276146955442,-0.0427280386093537,0.9254672593837048
512,0.5159394568729374,-0.20104672134846974,0.984567146287861,0.8949409880359588,0.4224530492060783,-0.10154058530855038,0.5605667785726106,0.14601223573857453,0.412697762560472,0.75002442860344,0.20645086961801606,0.1983757230572616,0.48098308698783443,0.374362861522037,-0.7349757474138697,-0.1984875987269791,-0.4843360012070571,-0.3398276146955442,-0.0427280386093537,0.9254672593837048
513,0.5159394568729374,-0.20104672134846974,0.984567146287861,0.8949409880359588,0.4224530492060783,-0.10154058530855038,0.5605667785726106,0.14601223573857453,0.412697762560472,0.75002442860344,0.20645086961801606,0.1983757230572616,0.48098308698783443,0.374362861522037,-0.7349757474138697,-0.1984875987269791,-0.4843360012070571,-0.3398276146955442,-0.0427280386093537,0.9254672593837048
514,0.5159394568729374,-0.20104672134846974,0.984567146287861,0.8949409880359588,0.4224530492060783,-0.10154058530855038,0.5605667785726106,0.14601223573857453,0.412697762560472,0.75002442860344,0.20645086961801606,0.1983757230572616,0.48098308698783443,0.374362861522037,-0.7349757474138697,-0.1984875987269791,-0.4843360012070571,-0.3398276146955442,-0.0427280386093537,0.9254672593837048
515,0.5159394568729374,-0.20104672134846974,0.984567146287861,0.8949409880359588,0.4224530492060783,-0.10154058530855038,0.5605667785726106,0.14601223573857453,0.412697762560472,0.75002442860344,0.20645086961801606,0.1983757230572616,0.48098308698783443,0.374362861522037,-0.7349757474138697,-0.1984875987269791,-0.4843360012070571,-0.3398276146955442,-0.0427280386093537,0.9254672593837048
516,0.5159394568729374,-0.20104672134846974,0.984567146287861,0.8949409880359588,0.4224530492060783,-0.10154058530855038,0.5605667785726106,0.14601223573857453,0.412697762560472,0.75002442860344,0.20645086961801606,0.1983757230572616,0.48098308698783443,0.374362861522037,-0.7349757474138697,-0.1984875987269791,-0.4843360012070571,-0.3398276146955442,-0.0427280386093537,0.9254672593837048
517,0.5120440527555155,-0.19785148092904575,0.9833396616067476,0.899509752223837,0.47342903947757004,-0.11734367306065964,0.5335057168122608,0.19355999155259584,0.39971129574311653,0.8471506076040322,0.14798162440824267,0.20135026042981372,0.5082510791867559,0.38468672638453716,-0.7833643976569902,-0.18381142862143438,-0.4200262608818355,-0.3277085203672694,0.017533197900031952,0.8682111306310346
518,0.5120440527555155,-0.19785148092904575,0.9833396616067476,0.899509752223837,0.47342903947757004,-0.11734367306065964,0.5335057168122608,0.19355999155259584,0.39971129574311653,0.8471506076040322,0.14798162440824267,0.20135026042981372,0.5082510791867559,0.38468672638453716,-0.7833643976569902,-0.18381142862143438,-0.4200262608818355,-0.3277085203672694,0.017533197900031952,0.8682111306310346
519,0.5161933189713533,-0.1999628806344112,0.9929428133020877,0.9052392432828632,0.4223015097964466,-0.04773950517202423,0.593079487653393,0.19911027024185868,0.4367127505804231,0.7380656948675236,0.18873666503963385,0.21827326596258131,0.42444027222826747,0.4240627700120239,-0.732949667783215,-0.13980604657574186,-0.46820257774403307,-0.3638830814810199,-0.08899700269476113,0.8837677587593066
520,0.5119913285782733,-0.1939704179219043,0.9911827802072892,0.8861826669781846,0.4165865059033023,-0.06903605397161951,0.6417493407115786,0.17250457252738005,0.3982568604827402,0.7745240435419505,0.17946028956228594,0.20565291464485505,0.5092426110772313,0.2932792330070234,-0.7845429637073237,-0.23905233918722216,-0.5117830254845781,-0.28605645420196363,-0.017349261825762997,0.7810540039821393
521,0.5119913285782733,-0.1939704179219043,0.9911827802072892,0.8861826669781846,0.4165865059033023,-0.06903605397161951,0.6417493407115786,0.17250457252738005,0.3982568604827402,0.7745240435419505,0.17946028956228594,0.20565291464485505,0.5092426110772313,0.2932792330070234,-0.7845429637073237,-0.23905233918722216,-0.5117830254845781,-0.28605645420196363,-0.017349261825762997,0.7810540039821393
522,0.5115936468042377,-0.20929891521421126,0.9909842309765511,0.8675357339373463,0.4078584265480237,-0.08299216246657388,0.611967793237459,0.043312735427085164,0.42903158288806703,0.729597778050664,0.12787977931050887,0.13027847629277475,0.2778979631252469,0.2537376242777503,-0.7567181512807019,-0.27422747754434035,-0.6109737838900351,-0.31038952068529035,-0.009819542200677165,0.8497560939581243
523,0.5153431890019258,-0.18520338637388106,0.9908119500730614,0.8798355899245616,0.4553748151989566,-0.10539120414606373,0.6326195106602416,0.027826622089123152,0.3988054972761967,0.7949403966673106,0.09802983623668043,0.08774138490201215,0.2774497698752302,0.24099384674218985,-0.8571898909506576,-0.33918582807448744,-0.6266346641872709,-0.2774740314877756,0.14838167780612932,0.8475414352419943
524,0.5082815912092589,-0.17566735299241484,0.9946905591414904,0.8738953419169958,0.4301358909935835,-0.1556768394827514,0.5409392501923448,-0.029522123390487747,0.5206448159912574,0.8059493905415857,0.0540492930219899,0.10446339153220216,0.2752033085488828,0.2691873500234467,-0.9117971067395103,-0.34048475101254433,-0.5089772614258886,-0.3687539565534622,0.10088372251502838,0.8107140609923577
525,0.5141408593385097,-0.17587422123930924,0.9840975824950197,0.8946212651509363,0.4619512157243923,-0.1440824191368917,0.5046088779789885,-0.022329502159911346,0.5239301535156116,0.8424197042078987,0.0724533283946863,0.15045854807485826,0.3207626364973164,0.39793456114722575,-0.9318665279300021,-0.4020343606680994,-0.6331149416549554,-0.28892483110290257,0.0627931825507798,0.876972580772939
526,0.531766717913921,-0.213997913511336,0.9962210296498407,0.8737884230592978,0.44288066120181574,-0.08176631848301003,0.6151368698656674,0.05182550067447689,0.4300917470078505,0.7178972338714883,0.07490790165798956,0.1536783622778602,0.23008687470918235,0.31258142737397915,-0.8462965049098881,-0.2434321793190364,-0.5182776843206403,-0.3624689173290366,0.06280642610623755,0.9476925978083329
527,0.49681469210038426,-0.19643544957124837,0.9895209307140918,0.8961164386361635,0.3443901356171066,-0.022996582346718177,0.5427047124005066,0.1280447079490085,0.41181305821712544,0.735326137094688,0.15255312998775913,0.1290299695324483,0.19110318316379038,0.27655432124584584,-0.7015353817398698,-0.14137752794726263,-0.714455863453701,-0.2898227079742188,-0.04185736174418132,0.9701496582570335
528,0.5361041048081667,-0.20907603279254652,0.9958558316603286,0.8924009976267133,0.3649457554668771,-0.006506441069776469,0.6875520283728058,0.03948686667244936,0.3335261531640174,0.5902061178280343,0.21303940119355935,0.05700608902988382,0.1512484420832088,0.1687258390635407,-0.7280201061662033,-0.2373666466336362,-0.7639591557488785,-0.2713254150149524,0.02877475370572756,0.9690173682608507
529,0.5306059125956866,-0.2010413489814216,0.9938309086838815,0.9099354196874462,0.3516803361358752,-0.02228238765659042,0.6386426608028521,0.049174028133136496,0.38150049201516617,0.6244411450928616,0.22649680643275225,0.10795793802643423,0.36790387376800054,0.18928631238340152,-0.6642408173182424,-0.23395119437252218,-0.7258024656581701,-0.2621413624123014,-0.04587018101349577,0.9330284253978358
530,0.5029141834446258,-0.17960216871593312,0.9839913996559422,0.8984895704566161,0.41482890124999877,0.006143158611569676,0.7388877013903846,0.07266153477633497,0.44210516205175177,0.6411492181005226,0.19088237103382433,0.1691706307891939,0.3252308550017101,0.35180358745792906,-0.8146116280841718,-0.23443552028396153,-0.6080984745190707,-0.3626739176430533,-0.021995907093082547,0.9034602723174582
531,0.5273408406093406,-0.1792017163189998,0.9644663051350265,0.910893909575744,0.4513825709804271,-0.06161046914416932,0.615274165538282,0.08674559581852098,0.4656173804439037,0.726606838230845,0.14917757486267683,0.1674158737267392,0.40443681532537934,0.3913687899622147,-0.8458156546945844,-0.2959720677727912,-0.5334722354124555,-0.35927132699378617,-0.05078562182534336,0.813900751738072
532,0.5273408406093406,-0.1792017163189998,0.9644663051350265,0.910893909575744,0.4513825709804271,-0.06161046914416932,0.615274165538282,0.08674559581852098,0.4656173804439037,0.726606838230845,0.14917757486267683,0.1674158737267392,0.40443681532537934,0.3913687899622147,-0.8458156546945844,-0.2959720677727912,-0.5334722354124555,-0.35927132699378617,-0.05078562182534336,0.813900751738072
533,0.5317322995707124,-0.16538838241451173,0.9774136696577258,0.9120522063237803,0.40304352057796894,-0.04145533267244736,0.7051522488454586,0.13553419539732645,0.40763382165232315,0.746775057927648,0.1383726696031891,0.15469168106110828,0.4504907366679273,0.2204848937726828,-0.7232717056415803,-0.16905917719590968,-0.612611897019382,-0.30834208388644835,0.03780245927227253,0.8634328636694936
534,0.5317322995707124,-0.16538838241451173,0.9774136696577258,0.9120522063237803,0.40304352057796894,-0.04145533267244736,0.7051522488454586,0.13553419539732645,0.40763382165232315,0.746775057927648,0.1383726696031891,0.15469168106110828,0.4504907366679273,0.2204848937726828,-0.7232717056415803,-0.16905917719590968,-0.612611897019382,-0.30834208388644835,0.03780245927227253,0.8634328636694936
535,0.5317322995707124,-0.16538838241451173,0.9774136696577258,0.9120522063237803,0.40304352057796894,-0.04145533267244736,0.7051522488454586,0.13553419539732645,0.40763382165232315,0.746775057927648,0.1383726696031891,0.15469168106110828,0.4504907366679273,0.2204848937726828,-0.7232717056415803,-0.16905917719590968,-0.612611897019382,-0.30834208388644835,0.03780245927227253,0.8634328636694936
536,0.5579221783659725,-0.1740499023994324,0.9901508124357808,0.9139523631741585,0.3536492121468078,-0.1146171130757958,0.6108290300743908,0.12588476428935624,0.47208222089998636,0.7423575544626031,0.19997927276058378,0.18792314570777582,0.549853070599938,0.3471963461553423,-0.7749603519870926,-0.24447117810113717,-0.448922414020117,-0.2992673736723254,-0.09606313523548246,0.8311228713181275
537,0.543366867143356,-0.16470480405619964,0.991027920913798,0.8453086181709298,0.4157855551881442,-0.05531494247526233,0.664249326711254,0.11331667112835618,0.4221069618504205,0.7910306530769723,0.15445724210498107,0.16461035692464593,0.46843097157978575,0.2583251457228787,-0.81865962366498,-0.2264321139663956,-0.5106240148343746,-0.3006527635619846,0.005618382301697639,0.7286997411484176
538,0.5401191136023262,-0.16475838159712788,0.9783524035596043,0.9401571596658583,0.36909063941382875,-0.1085857222592281,0.6407753554351185,0.08590779428551236,0.5241735593218392,0.7441615964553285,0.15080864128928698,0.17183349972319295,0.39348185979767164,0.33226363705752615,-0.8302482138556424,-0.28162213105150086,-0.5303648374163503,-0.3450774021085763,-0.08498908524408336,0.7890310739889311
539,0.5063638413909198,-0.1830899602339276,0.9899528306031711,0.8387559936917848,0.4277887881970402,-0.05338541381243454,0.612657333306975,0.1991309784844087,0.35572914831068486,0.7916043005040098,0.15883529028730664,0.1949914268988485,0.5043718779519164,0.3310804363608507,-0.7461323922600449,-0.14951833200878695,-0.48476684787921487,-0.2967323403990609,0.011722540153673593,0.7898931669811843
540,0.5414134389676626,-0.17652041144326755,0.985422784567966,0.9266204339756935,0.4383081148201089,-0.18754519162930886,0.4365226880799585,0.1541549360664298,0.43709098553082654,0.8794514197261123,0.06938022851195381,0.1861955526945532,0.3534355955115964,0.4611263204795415,-0.7610582942878897,-0.15292708045772235,-0.47671227578795927,-0.3484524501229623,0.035872963214697746,0.9431732454918081
541,0.5183698373035498,-0.1769311616295085,0.975016708252712,0.9240353406946294,0.4840653511144005,-0.01034783409005438,0.5042767771762078,0.196929506960479,0.36983292926773753,0.7742347889650006,0.1435336563726294,0.21181223052472092,0.3877094772513892,0.5064777634816566,-0.8513622423147659,-0.1286865380133434,-0.3928721687155102,-0.36684596820142484,0.03056792886375806,0.9232730413682878
542,0.5183698373035498,-0.1769311616295085,0.975016708252712,0.9240353406946294,0.4840653511144005,-0.01034783409005438,0.5042767771762078,0.196929506960479,0.36983292926773753,0.7742347889650006,0.1435336563726294,0.21181223052472092,0.3877094772513892,0.5064777634816566,-0.8513622423147659,-0.1286865380133434,-0.3928721687155102,-0.36684596820142484,0.03056792886375806,0.9232730413682878
543,0.5173994164347073,-0.1946997664598675,0.9983607727975599,0.891993687170399,0.41885471448216083,-0.16023102670200365,0.4552891026765531,0.2385506984615572,0.41945666710526375,0.933346178156272,0.04598192855462718,0.23133166458512278,0.36764997298723084,0.44940520983635185,-0.7338028614287632,-0.03054852358570091,-0.3818254601508268,-0.3885412825463015,0.009181046461863556,0.9024082593941976
544,0.5240442986862293,-0.19325252112850172,0.9872290605527526,0.8794538926310019,0.4541098127531993,0.013976774858451071,0.4908785296544474,0.30838331544196473,0.35868477002264915,0.7687434702447288,0.17515709073694713,0.23416211754202393,0.4979265006493263,0.48828543822942,-0.793688968727579,-0.0366265008584334,-0.3610136986204156,-0.3540012340691873,-0.020071479898909648,0.8889021729091593
545,0.5282390609276819,-0.19262420704500924,0.9634049472659477,0.9075904272012754,0.46531822466836675,-0.05565084556708737,0.4174655735960221,0.25914862747734324,0.38065047907063837,0.8423152052729675,0.08935356744986701,0.20993364776569268,0.4078294699010644,0.5674238277611834,-0.8538393286240759,-0.05546186652459751,-0.3331440013569479,-0.42854228042968934,0.05216487013408415,0.8905072372322607
546,0.5354539947348675,-0.19349728335849692,0.9748879638897938,0.9000881928783955,0.39366078575263613,-0.015704595012268605,0.5211801209620636,0.2993268068345205,0.40353756949215147,0.8610056160563833,0.09082192065245491,0.2755272148770758,0.36016935329674005,0.5445369676734607,-0.7595053460148885,0.05309482385152309,-0.389557438662404,-0.3779914333938284,-0.04972942869207317,0.9137369762162858
547,0.5354539947348675,-0.19349728335849692,0.9748879638897938,0.9000881928783955,0.39366078575263613,-0.015704595012268605,0.5211801209620636,0.2993268068345205,0.40353756949215147,0.8610056160563833,0.09082192065245491,0.2755272148770758,0.36016935329674005,0.5445369676734607,-0.7595053460148885,0.05309482385152309,-0.389557438662404,-0.3779914333938284,-0.04972942869207317,0.9137369762162858
548,0.5354539947348675,-0.19349728335849692,0.9748879638897938,0.9000881928783955,0.39366078575263613,-0.015704595012268605,0.5211801209620636,0.2993268068345205,0.40353756949215147,0.8610056160563833,0.09082192065245491,0.2755272148770758,0.36016935329674005,0.5445369676734607,-0.7595053460148885,0.05309482385152309,-0.389557438662404,-0.3779914333938284,-0.04972942869207317,0.9137369762162858
549,0.5354539947348675,-0.19349728335849692,0.9748879638897938,0.9000881928783955,0.39366078575263613,-0.015704595012268605,0.5211801209620636,0.2993268068345205,0.40353756949215147,0.8610056160563833,0.09082192065245491,0.2755272148770758,0.36016935329674005,0.5445369676734607,-0.7595053460148885,0.05309482385152309,-0.389557438662404,-0.3779914333938284,-0.04972942869207317,0.9137369762162858
550,0.5354539947348675,-0.19349728335849692,0.9748879638897938,0.9000881928783955,0.39366078575263613,-0.015704595012268605,0.5211801209620636,0.2993268068345205,0.40353756949215147,0.8610056160563833,0.09082192065245491,0.2755272148770758,0.36016935329674005,0.5445369676734607,-0.7595053460148885,0.05309482385152309,-0.389557438662404,-0.3779914333938284,-0.04972942869207317,0.9137369762162858
551,0.5197038844740122,-0.17836848115295237,0.9801235701711757,0.9014212140266854,0.4487066188312682,0.1423609398267003,0.6280353322723131,0.34361852536358295,0.34230397645910876,0.7576729436396056,0.03123973605695318,0.3359028181432021,0.3956418002680985,0.4726128114436877,-0.8216404917284279,0.07425564211381426,-0.31288577813667034,-0.40490338070802234,-0.042002629618327396,0.7314469089476705
552,0.5489380117615777,-0.18295991103894638,0.9729910645788107,0.9350489205165574,0.39497599862047106,0.02885270423163582,0.5047988155176354,0.37149381306620805,0.39811698955124536,0.7876072610585918,0.1310120305688977,0.33538339834612485,0.47204252467536656,0.497114342980672,-0.7609200403075356,0.007064620519883689,-0.3458918838951916,-0.3802894138807371,-0.13305414172083174,0.7590383317649744
553,0.5489380117615777,-0.18295991103894638,0.9729910645788107,0.9350489205165574,0.39497599862047106,0.02885270423163582,0.5047988155176354,0.37149381306620805,0.39811698955124536,0.7876072610585918,0.1310120305688977,0.33538339834612485,0.47204252467536656,0.497114342980672,-0.7609200403075356,0.007064620519883689,-0.3458918838951916,-0.3802894138807371,-0.13305414172083174,0.7590383317649744
554,0.5096746098865484,-0.15575432675877826,0.9896862682006567,0.851211116153449,0.42696895955944597,-0.035470684370986376,0.5173324885274057,0.3709090021450959,0.35996515104003607,0.840987102075938,0.1084399855344789,0.33536662828714753,0.5032251215110799,0.5336469861486075,-0.7161946255007575,0.031653278573736274,-0.2716045514461214,-0.3865932704475105,-0.10683150628910335,0.8218058844287203
555,0.542742662901303,-0.1837278902716035,0.9730325436615519,0.9717469232344892,0.4152862921104306,-0.10605886142100711,0.41849553017062174,0.4143543634612994,0.3540121024655065,0.9892318626719339,0.042628849690875555,0.34020451174136,0.5582956952963415,0.5107088184851312,-0.7612198754389511,0.033176811246414833,-0.19111863702412643,-0.3548108856007973,-0.06727708210542414,0.7358436058974055
556,0.5069865219143964,-0.1822861180173401,0.9831516396716681,0.9119045442928156,0.4726902746570092,-0.05106136922340673,0.42504483784709085,0.4123603962416989,0.334717479051968,0.8747458875080889,0.05018439268110223,0.3479023270999241,0.4722989952925771,0.60197063763367,-0.7487898404011691,0.105599140553695,-0.149220976195241,-0.4252907395438167,-0.015731532791153403,0.7895907415772008
557,0.5170452834782074,-0.21024201107192475,0.9906450143562495,0.8831014597650421,0.48314722148763345,0.04556482056448264,0.31106976479962134,0.4885730511459003,0.36841051028889327,0.84780135531778,0.0601152819099434,0.4234915128446911,0.5392632534692378,0.7542005937600139,-0.7604245138913164,0.14562757274457597,-0.08220026177839367,-0.46975202699256835,-0.09674051151561566,0.7699805637905522
558,0.5142660476299856,-0.21473965378639834,0.9959175337816092,0.8729227343733701,0.4536341051606556,-0.017161320049713435,0.39881589121131866,0.44078262174379557,0.28431754977097473,0.8258157630240924,0.14939185381669703,0.31210385033277704,0.4902473542740386,0.7494523959673381,-0.643191188170614,0.22617382169255226,-0.1597314466234353,-0.4550687679490882,-0.0696951927998078,0.9536577239615877
559,0.5142660476299856,-0.21473965378639834,0.9959175337816092,0.8729227343733701,0.4536341051606556,-0.017161320049713435,0.39881589121131866,0.44078262174379557,0.28431754977097473,0.8258157630240924,0.14939185381669703,0.31210385033277704,0.4902473542740386,0.7494523959673381,-0.643191188170614,0.22617382169255226,-0.1597314466234353,-0.4550687679490882,-0.0696951927998078,0.9536577239615877
560,0.5259225052807431,-0.19899810904448778,0.9903655717030853,0.8851388384107666,0.4388314130952128,-0.06304639802178734,0.2382963696402537,0.5024414488006834,0.25813303781897234,0.9106170183822166,0.13881986840489868,0.3550016571396152,0.5664335406534963,0.676126257950863,-0.6479906490513787,0.15752027090526288,-0.09954120135389861,-0.42976539012417714,-0.039092652651458074,0.8724956877673729
561,0.5259225052807431,-0.19899810904448778,0.9903655717030853,0.8851388384107666,0.4388314130952128,-0.06304639802178734,0.2382963696402537,0.5024414488006834,0.25813303781897234,0.9106170183822166,0.13881986840489868,0.3550016571396152,0.5664335406534963,0.676126257950863,-0.6479906490513787,0.15752027090526288,-0.09954120135389861,-0.42976539012417714,-0.039092652651458074,0.8724956877673729
562,0.5061538770929699,-0.18618068205552243,0.985222186597587,0.8921055707300781,0.451267171330536,-0.10343308183812323,0.271304457685746,0.4681237553982631,0.2826780652785716,0.9122574754567986,0.0804774943995058,0.34799053671929137,0.49219168567770805,0.6830259691405146,-0.6511882785268338,0.17939562310164892,-0.08332751704085925,-0.4298966652558924,-0.06608658669059585,0.9397526548409452
563,0.5308315326620235,-0.2123311460037501,0.9858607706804772,0.8757009531197225,0.4242150528240764,-0.09542381689290112,0.2420119896075794,0.49913733234385216,0.2193358389931909,0.984952869427957,0.041603477323910516,0.28355025322384336,0.510878291206856,0.7301542320165978,-0.6520687194262478,0.20381550415239225,-0.15376294929849602,-0.4025653444007014,-0.021996984458224407,0.9739252311984881
564,0.5057921423821928,-0.18584319358238824,0.9810223644639484,0.882613211070698,0.46020728971630503,-0.07832864191266038,0.2496575111793043,0.4598654136464363,0.27566581354466685,0.9862922673780441,-0.025979416003805385,0.30582490922844835,0.35677515268741933,0.5948772144972153,-0.6311094537803547,0.21945510277355237,-0.22104051451349677,-0.40987487487480745,0.021669321208567585,0.9404080861525069
565,0.5057921423821928,-0.18584319358238824,0.9810223644639484,0.882613211070698,0.46020728971630503,-0.07832864191266038,0.2496575111793043,0.4598654136464363,0.27566581354466685,0.9862922673780441,-0.025979416003805385,0.30582490922844835,0.35677515268741933,0.5948772144972153,-0.6311094537803547,0.21945510277355237,-0.22104051451349677,-0.40987487487480745,0.021669321208567585,0.9404080861525069
566,0.5057921423821928,-0.18584319358238824,0.9810223644639484,0.882613211070698,0.46020728971630503,-0.07832864191266038,0.2496575111793043,0.4598654136464363,0.27566581354466685,0.9862922673780441,-0.025979416003805385,0.30582490922844835,0.35677515268741933,0.5948772144972153,-0.6311094537803547,0.21945510277355237,-0.22104051451349677,-0.40987487487480745,0.021669321208567585,0.9404080861525069
567,0.4981247494575751,-0.18712285108318763,0.9903190623294668,0.8715317552132521,0.3966289624950489,-0.010040374772980004,0.33203448396056096,0.4101480532906131,0.2289904529705135,0.9196617086336768,0.048664273250670124,0.2622960942243137,0.2709032607297361,0.4988437366413088,-0.6651644841577561,0.16907996540209624,-0.3791084323784877,-0.3624875696160302,0.030045004303319505,0.9817919925190985
568,0.5284454746829093,-0.18244146718641252,0.9873130706420109,0.907116950803311,0.40625602198981386,0.024020806610961367,0.4161436271571395,0.3726337370363973,0.3406278815368254,0.914638403103083,-0.01591972283089107,0.2852786516306888,0.2242572229949345,0.4295741157303547,-0.7045687156635004,0.1439764254514304,-0.3856984798072077,-0.377290053179572,0.019051061230441077,0.840547298408505
569,0.5127186388696124,-0.17313608414254483,0.9956606916844443,0.9020010006023061,0.41072126679944776,0.00545413039695942,0.4764504498133327,0.3495142884863596,0.3516655655612598,0.881694645839442,0.03734175141929859,0.3096998330659354,0.3281225308455495,0.4587991598769232,-0.7826325390104137,0.08992232213388332,-0.32320586241083665,-0.41012000064666454,-0.00171494073677531,0.8250916442982977
570,0.5279626065986401,-0.19950097077286857,0.9961575159901624,0.86705576086545,0.4287800473260669,0.021983110342617913,0.4363615811194184,0.4134915160559707,0.3807076802493684,0.939835740638292,0.009947407524003256,0.3385428348638853,0.28956649696803627,0.5515983538993815,-0.8100928689387389,0.09159032796762509,-0.25270373688417785,-0.4064851920627661,-0.0603356132882523,0.7861928097550422
571,0.5172637395503688,-0.1912183194922327,0.9969392466722978,0.8671850529435778,0.4477273099088282,0.004998417634841867,0.4389802480644739,0.3974760068421579,0.3288618663594368,0.9727650928717767,0.0008424878081095145,0.3494964403457663,0.2796042052247703,0.4864085090292069,-0.7127308462218701,0.1610696433905789,-0.33480810397388205,-0.43280726116873414,0.07375167475952513,0.8202541640089787
572,0.5172637395503688,-0.1912183194922327,0.9969392466722978,0.8671850529435778,0.4477273099088282,0.004998417634841867,0.4389802480644739,0.3974760068421579,0.3288618663594368,0.9727650928717767,0.0008424878081095145,0.3494964403457663,0.2796042052247703,0.4864085090292069,-0.7127308462218701,0.1610696433905789,-0.33480810397388205,-0.43280726116873414,0.07375167475952513,0.8202541640089787
573,0.5192698611245274,-0.17838950106773432,0.9988355131995471,0.8744773278710285,0.44114685996817027,-0.05243519841448105,0.34690129045767765,0.35071507459667867,0.31686722587229904,0.9687941111510829,-0.00034940183175220015,0.2629010809218389,0.28636878594050585,0.5323598160393124,-0.7545737273438865,0.06287640155836957,-0.3183666096186675,-0.3866749306565021,0.04951245308467184,0.9378982348194558
574,0.5192698611245274,-0.17838950106773432,0.9988355131995471,0.8744773278710285,0.44114685996817027,-0.05243519841448105,0.34690129045767765,0.35071507459667867,0.31686722587229904,0.9687941111510829,-0.00034940183175220015,0.2629010809218389,0.28636878594050585,0.5323598160393124,-0.7545737273438865,0.06287640155836957,-0.3183666096186675,-0.3866749306565021,0.04951245308467184,0.9378982348194558
575,0.5192698611245274,-0.17838950106773432,0.9988355131995471,0.8744773278710285,0.44114685996817027,-0.05243519841448105,0.34690129045767765,0.35071507459667867,0.31686722587229904,0.9687941111510829,-0.00034940183175220015,0.2629010809218389,0.28636878594050585,0.5323598160393124,-0.7545737273438865,0.06287640155836957,-0.3183666096186675,-0.3866749306565021,0.04951245308467184,0.9378982348194558
576,0.5188094071091337,-0.18349196562402262,0.996350744403821,0.9308753348601384,0.4259072350979482,-0.0746077058603367,0.2868589723787673,0.3838688690071444,0.22586066402936522,0.94089975191025,0.027507265308164237,0.25093501254668044,0.35126993606598017,0.5225814450487685,-0.6177134258527385,0.17379849375145717,-0.31194446432539397,-0.3762376315623048,0.07032931840757632,0.9891354757257136
577,0.5188094071091337,-0.18349196562402262,0.996350744403821,0.9308753348601384,0.4259072350979482,-0.0746077058603367,0.2868589723787673,0.3838688690071444,0.22586066402936522,0.94089975191025,0.027507265308164237,0.25093501254668044,0.35126993606598017,0.5225814450487685,-0.6177134258527385,0.17379849375145717,-0.31194446432539397,-0.3762376315623048,0.07032931840757632,0.9891354757257136
578,0.5188094071091337,-0.18349196562402262,0.996350744403821,0.9308753348601384,0.4259072350979482,-0.0746077058603367,0.2868589723787673,0.3838688690071444,0.22586066402936522,0.94089975191025,0.027507265308164237,0.25093501254668044,0.35126993606598017,0.5225814450487685,-0.6177134258527385,0.17379849375145717,-0.31194446432539397,-0.3762376315623048,0.07032931840757632,0.9891354757257136
579,0.5188094071091337,-0.18349196562402262,0.996350744403821,0.9308753348601384,0.4259072350979482,-0.0746077058603367,0.2868589723787673,0.3838688690071444,0.22586066402936522,0.94089975191025,0.027507265308164237,0.25093501254668044,0.35126993606598017,0.5225814450487685,-0.6177134258527385,0.17379849375145717,-0.31194446432539397,-0.3762376315623048,0.07032931840757632,0.9891354757257136
580,0.529484862312282,-0.1917101805043936,0.9770815654263315,0.9174704826387965,0.43240157438232396,-0.04620390747620158,0.2895901739101665,0.46715768280549697,0.2785495935104896,0.9894433182509111,0.026211977226983756,0.3494817765381135,0.404592216458494,0.6425577233316548,-0.6863278875012373,0.20413798488483245,-0.17180348452549168,-0.3938823558223224,-0.02200616239623317,0.895022029162148
581,0.539031291501051,-0.21569803829258818,0.9824598365344793,0.9118213800676336,0.41971778679603783,0.019212921684079398,0.3362364724864107,0.4855873469470641,0.2828846436678568,0.917510375085494,0.027352141674250464,0.3478369795562393,0.3749241849711239,0.542949177002818,-0.6840344891719002,0.24653228377029535,-0.20327089806161455,-0.43638304935033695,0.02646620467264877,0.7948183810418668
582,0.5315925946454251,-0.19704547329630673,0.9777720267068716,0.8617221280693541,0.41415668220278573,0.007256229073996197,0.3697819438877719,0.42837403115817496,0.33710728402900797,0.8942759314613078,0.045540024683051926,0.32058966946163964,0.2503765896744941,0.6012534581922944,-0.718507300155222,0.18156597059809304,-0.27318296619738447,-0.41826159508439775,-0.04771248497476368,0.9448393906335486
583,0.5171147782512916,-0.1732722368860924,0.9815925597353353,0.9386696565576365,0.42874952384901693,-0.1117271456575692,0.3371188502996147,0.359826464230676,0.26789481814936006,0.9395077040739676,0.0752843232379451,0.25544369104169357,0.506736532386714,0.5372547402480423,-0.6482253711002209,0.08571709254306467,-0.29983478771263367,-0.36881031338796055,0.06278078911917775,0.8924067374117849
584,0.512555026705902,-0.18899200179389675,0.9952526534542199,0.8794431724309072,0.4318234049828955,-0.1102888523520043,0.39906953915005705,0.2981296817644118,0.33249963829960494,0.9375320256557705,0.052386484623495815,0.2046898275791886,0.3435987144369865,0.4935740020839517,-0.750401734267076,0.013561553070109793,-0.34118761004825954,-0.3517225273844685,0.0581373838443478,0.9169953382853279
585,0.512555026705902,-0.18899200179389675,0.9952526534542199,0.8794431724309072,0.4318234049828955,-0.1102888523520043,0.39906953915005705,0.2981296817644118,0.33249963829960494,0.9375320256557705,0.052386484623495815,0.2046898275791886,0.3435987144369865,0.4935740020839517,-0.750401734267076,0.013561553070109793,-0.34118761004825954,-0.3517225273844685,0.0581373838443478,0.9169953382853279
586,0.5341813034126337,-0.18701567740456504,0.976761431801544,0.9021518037824029,0.4708002192642023,-0.15545541964538753,0.4042113468462356,0.25220947251356424,0.3897387139939115,0.8858909362647671,0.07984123495983828,0.19910849330762576,0.3436619546577896,0.5465784053462398,-0.7796272887539538,-0.10535447185940255,-0.43711035777043666,-0.38754212890914774,0.050400511772118996,0.9548136938331797
587,0.5132560772376131,-0.18556753150515753,0.9900836935124468,0.8960296878497324,0.4691721546042042,-0.08925505961559613,0.5108300123332078,0.22356360401333616,0.37568809890965416,0.7814390656960831,0.15193327125317038,0.20272205712984134,0.48107753498251105,0.44237229364764036,-0.7504257007981783,-0.12962527777299968,-0.4126792979136683,-0.3557298903202011,0.017901009827995293,0.9056467326468606
588,0.5032338818413219,-0.20708013659593943,0.9961422410427812,0.8731645564109052,0.46292474986116144,-0.06128643202325293,0.4979861135615033,0.31013481150207795,0.3675751356344875,0.7505987070614253,0.18580548609261088,0.31211773704603607,0.5116052570486286,0.6345217335673574,-0.7858203595826605,-0.05791518673847612,-0.2592299729987901,-0.38216439932253166,-0.09512454538283069,0.906595108858881
589,0.520360613729524,-0.16957335089109757,0.9915080375256747,0.8808197148792011,0.44137390898630136,-0.08092160823052405,0.5018471536081082,0.26008119646876665,0.3670336753420561,0.7603935134536862,0.2126174412272479,0.31574139870162893,0.5769172358633207,0.6412594117658424,-0.6894895669030382,-0.12587629153953256,-0.3261549125790742,-0.39419613908425877,-0.09501190665810486,0.9183985522692091
590,0.5213629094286041,-0.20513149061136798,0.996525766820837,0.8516996346856683,0.4805547125692244,-0.15434126551155125,0.49231709566954585,0.16576472598214798,0.35733495537633314,0.7286162750104823,0.21796375735770723,0.19618013879738716,0.6112429702445991,0.5754054183481864,-0.684438434875273,-0.16716199222964834,-0.29836974092264906,-0.3573109747697319,-0.07486592422715418,0.9951711045215805
591,0.5176478302639784,-0.1819260202104498,0.992179338446274,0.9036695541641853,0.4397393970446985,-0.035504572110656635,0.5577194064414107,0.20707391057725635,0.4260725003608684,0.679291608890812,0.2688294190938048,0.3327397629111723,0.702987113669397,0.688048089115226,-0.7474429838174261,-0.15726196218911254,-0.32587897994003234,-0.40829781034631296,-0.16695446908379222,0.888163646226093
592,0.5362598223403217,-0.16049182892463637,0.9776652959640636,0.917489330859543,0.4633684226406952,-0.009680378772796785,0.594723230075765,0.32889026765805046,0.4243167884176091,0.7142718603719211,0.28808204310721747,0.4236837762132797,0.7520254431389106,0.7651638235032109,-0.7043015796737351,-0.052868559574381004,-0.1873435715758778,-0.4569719562385379,-0.2508388089342855,0.8697404210568273
593,0.5366121133188175,-0.17154450202579885,0.9849563591792815,0.9128549895189058,0.4757836330213544,-0.04924629890597211,0.5411612469847867,0.28641629888135894,0.40284859515655413,0.650230374311433,0.3239966992243726,0.3547923762144539,0.8594665037582964,0.738418924385225,-0.6932268179945301,-0.1706602678724434,-0.23669646600672423,-0.44786280311034626,-0.18893638086910633,0.8292676121228423
594,0.5360880458746942,-0.1587717821543254,0.9891891632006758,0.8977511189021237,0.46605576882325134,-0.0771011413391915,0.5751918090759647,0.34428369247230917,0.458898215860907,0.9053173609163573,0.1620848488613702,0.42077292225515955,0.7101874438786338,0.6749610575931646,-0.7132736944929253,-0.05758006992503072,-0.0975945383886693,-0.397538930573866,-0.17752133041283907,0.7287298373045281
595,0.5252595240006269,-0.17773499335918527,0.9988828074653332,0.8799186276320607,0.4628292783731549,-0.14295697702083582,0.5242097886696908,0.31580185565937097,0.42891671564541517,0.7997641032572038,0.16190353778458935,0.30880481426797135,0.8039227398480985,0.6649327036574537,-0.78647504002234,-0.12189273110543855,-0.1454797536859271,-0.3934304012209124,-0.13536659625849767,0.7029203584198509
596,0.5072930669529386,-0.2397848131393954,0.9717068749982074,0.8965060647909938,0.5090196535878966,-0.11111699515741946,0.6394001236860885,0.25562407073130244,0.46261229024579414,0.7540598023556571,0.19914411993070702,0.31791251872626297,0.735201699763627,0.6889145031822635,-0.7853138480516876,-0.15970906336901675,-0.20778032670844912,-0.4128701373127499,-0.14677097011019616,0.822473063407259
597,0.5217518710033056,-0.2137840972253582,0.9958849161463375,0.8851146343672589,0.4634628481979419,-0.07870064865751927,0.5745603963040371,0.2185061322587746,0.4790685225053413,0.7207150690845993,0.23899813624983238,0.2818417095468186,0.6752350638271549,0.6110774004401708,-0.8247770864747564,-0.2574584722001363,-0.35902447238627766,-0.3425127054081859,-0.16055219650074473,0.7626189943114745
598,0.5204464462769274,-0.21017738661052787,0.9652159120756367,0.9008759152056024,0.4747040752127848,-0.09259282356333365,0.6241112406628411,0.20033576011985715,0.4517401900308968,0.6581609299912035,0.32653630169111614,0.3397877577900327,0.7690288748586693,0.5930875106199459,-0.6372548504433324,-0.16764116071684138,-0.30445982119761955,-0.38205619395734247,-0.1449105659831198,0.9027959231563876
599,0.5204023804766081,-0.20000625693097343,0.9665432858800399,0.9008436818543739,0.4535311612932922,-0.1529218850153086,0.5849820283481113,0.19015973130067806,0.44607895347142007,0.7287346814117042,0.32922556497176275,0.2854310030304517,0.8820655367321288,0.5960056967125785,-0.7358487459797654,-0.3101058695342904,-0.319270247543713,-0.3655185045485441,-0.18146803762349084,0.7763131521933292
600,0.5204023804766081,-0.20000625693097343,0.9665432858800399,0.9008436818543739,0.4535311612932922,-0.1529218850153086,0.5849820283481113,0.19015973130067806,0.44607895347142007,0.7287346814117042,0.32922556497176275,0.2854310030304517,0.8820655367321288,0.5960056967125785,-0.7358487459797654,-0.3101058695342904,-0.319270247543713,-0.3655185045485441,-0.18146803762349084,0.7763131521933292
601,0.5204023804766081,-0.20000625693097343,0.9665432858800399,0.9008436818543739,0.4535311612932922,-0.1529218850153086,0.5849820283481113,0.19015973130067806,0.44607895347142007,0.7287346814117042,0.32922556497176275,0.2854310030304517,0.8820655367321288,0.5960056967125785,-0.7358487459797654,-0.3101058695342904,-0.319270247543713,-0.3655185045485441,-0.18146803762349084,0.7763131521933292
602,0.5204023804766081,-0.20000625693097343,0.9665432858800399,0.9008436818543739,0.4535311612932922,-0.1529218850153086,0.5849820283481113,0.19015973130067806,0.44607895347142007,0.7287346814117042,0.32922556497176275,0.2854310030304517,0.8820655367321288,0.5960056967125785,-0.7358487459797654,-0.3101058695342904,-0.319270247543713,-0.3655185045485441,-0.18146803762349084,0.7763131521933292
603,0.515741076987777,-0.2114194205363662,0.9949467024824898,0.9107163330434311,0.4316875749483829,-0.06345688421204744,0.736211176849535,0.2246367501114987,0.4490515373933207,0.5725442504742901,0.40878626061893614,0.34220447052614433,0.9482305597767278,0.6654043055966985,-0.6963350903759222,-0.22192369075305135,-0.22018169676869528,-0.3949061468526019,-0.28518130126055224,0.773417261977324
604,0.5146516628490982,-0.21414695891609992,0.9850474935371512,0.9159951516017264,0.4406235532282082,-0.03554149599839615,0.6125159777215239,0.3102577919172358,0.4215208966794295,0.6684287706415799,0.3048942403099996,0.47713899569617096,0.9147582449284816,0.7283030947380904,-0.6910271535603327,-0.11943291273669329,-0.21246183346485203,-0.44439806444086605,-0.26831356376231896,0.7459400112326966
605,0.5054940327418491,-0.20920317348637288,0.983537911650132,0.9173298970776078,0.4474726025101188,-0.020448094549993495,0.7006260835753029,0.2656916829086171,0.45669943585540446,0.6434698353791912,0.31097110926181215,0.4545455911676144,0.911238582840056,0.7283640774027391,-0.7656040238128337,-0.1858345368498701,-0.13003462049827433,-0.4455906337920492,-0.3358804616088992,0.7391017880804106
606,0.5054940327418491,-0.20920317348637288,0.983537911650132,0.9173298970776078,0.4474726025101188,-0.020448094549993495,0.7006260835753029,0.2656916829086171,0.45669943585540446,0.6434698353791912,0.31097110926181215,0.4545455911676144,0.911238582840056,0.7283640774027391,-0.7656040238128337,-0.1858345368498701,-0.13003462049827433,-0.4455906337920492,-0.3358804616088992,0.7391017880804106
607,0.5146740637798323,-0.2300141421309022,0.9904793958336151,0.8776441023443097,0.46388141640735914,-0.11937713731470243,0.6315526722923199,0.2605482575746767,0.5025748777564337,0.7196155349560444,0.2681584499280185,0.4403796443295401,0.9536668494526398,0.7699209117181547,-0.7591612497761153,-0.255419373767136,-0.1186739037862868,-0.4199429280861777,-0.2341810464589364,0.6504575604272858
608,0.5030666710829552,-0.21456868886181188,0.9924157987449833,0.8747423245853867,0.42090468605161074,-0.04782292980041239,0.6422360730101853,0.33062256140042723,0.40844291834617824,0.7084942811709825,0.26357774359637554,0.4095570445204755,0.8283207283042993,0.6776206124221247,-0.7457233285010875,-0.07922391674793625,-0.15998573596459872,-0.3775596565863651,-0.2678984102897501,0.7404994852407387
609,0.5138711335575492,-0.2213489268794469,0.9995862921347377,0.8823816010974412,0.38539813172606857,-0.013597318106906694,0.6433705829145631,0.3115621812187241,0.47991000503536074,0.7488310206534059,0.22113868390383964,0.40548427181654684,0.7627642564389452,0.5979625853601448,-0.7412449679666513,-0.13301021169997704,-0.26121295146274454,-0.34558362326945485,-0.19868965997015978,0.6237865303944495
610,0.5018751215177022,-0.21344384769581706,0.9930097524146184,0.8808677913512251,0.4144515868348685,-0.062098207646612016,0.6382176257701143,0.34526312490015576,0.37193506343021815,0.7350815741720489,0.2686879814794597,0.3785110860856578,0.8753195833425012,0.6431984278778349,-0.7005892564075019,-0.09881170401116937,-0.13964356847844153,-0.3717775198133499,-0.2509390747422434,0.7237158475467318
611,0.5230488278024872,-0.21901854033152351,0.9940897602755168,0.9000672633688381,0.4130239320886672,-0.08899963704813756,0.6135401407259555,0.28604747398654706,0.43860359501080903,0.7681065576305725,0.21012611651387153,0.368452126350546,0.8159842571716143,0.5989559346807245,-0.7136103677679732,-0.1282157305270103,-0.18588597667114212,-0.35518359639127295,-0.19702087326873585,0.646534406014591
612,0.49179809433072963,-0.19813647673853738,0.9807950367524043,0.9117378228505668,0.4452622153901569,-0.0663766274405036,0.6127894769242082,0.275207703389193,0.4347923764016209,0.7462390173070874,0.22833882715202383,0.3590297295178354,0.7497523349769261,0.6152246550580911,-0.784890496198858,-0.15109335232273216,-0.2078198174827763,-0.399724736713358,-0.15828741412761846,0.7028183215206285
613,0.5130535898181264,-0.22169409077481883,0.9816173329446393,0.8984349436781246,0.426100830847606,-0.0682452170119908,0.6456623622055109,0.237271349752028,0.4702686614808714,0.7748296618691622,0.18004436507039728,0.32362938050022705,0.684881613935834,0.557114580554246,-0.819776377764192,-0.18764328746590564,-0.24263435801836036,-0.3560675536430434,-0.14817511325540683,0.7143647937667825
614,0.5018123355029328,-0.21589225244094454,0.9766430175404719,0.8966397669344895,0.43936173302185944,-0.11977147888217253,0.6780537894056686,0.10463898709129735,0.48189061269752537,0.7170770152892959,0.21863821291003072,0.23294588544333045,0.7237870531507801,0.4275591276078485,-0.811536152965733,-0.3152067719300389,-0.3684458697107076,-0.34721961613607705,-0.09954771807481408,0.6929816407583282
615,0.5018123355029328,-0.21589225244094454,0.9766430175404719,0.8966397669344895,0.43936173302185944,-0.11977147888217253,0.6780537894056686,0.10463898709129735,0.48189061269752537,0.7170770152892959,0.21863821291003072,0.23294588544333045,0.7237870531507801,0.4275591276078485,-0.811536152965733,-0.3152067719300389,-0.3684458697107076,-0.34721961613607705,-0.09954771807481408,0.6929816407583282
616,0.5083173987895694,-0.21612200593830805,0.979165744968508,0.9004034212656448,0.4667542001371985,-0.1431253895952745,0.6551808941949516,0.10583066236210273,0.5142351373307564,0.780483624250118,0.19548464409436614,0.24064431335495168,0.6835854108269532,0.5593334359332751,-0.9032231117493822,-0.38367684321829837,-0.32453326459662735,-0.3608600289558973,-0.10118721366205267,0.7368077236993906
617,0.49959747943806176,-0.242900686549346,0.966861663212517,0.933918503525351,0.5011190120748314,-0.19700223513831908,0.5423297191308964,0.12864146037727298,0.48048677487334246,0.8296668635316125,0.16884338050172573,0.2910649081683151,0.7896160096443979,0.5775386961004658,-0.8060238255800392,-0.3041732045344397,-0.2467512475922272,-0.3972296219487511,-0.0909360575163474,0.7286591042343442
618,0.483206861836087,-0.22552674883456508,0.9862065651630931,0.8943021525841146,0.4520989435872801,-0.173195317226782,0.7004061760407738,0.12110013323307303,0.45462069905243835,0.7828061919181429,0.28613756697925186,0.2764122734075304,0.944255106273389,0.5005277475275538,-0.7862278462060133,-0.4099742820119164,-0.28040715186636206,-0.29762943768972083,-0.1682117201009838,0.6432941582177257
619,0.5102798408148601,-0.22700540552126108,0.9968977092971989,0.9130118139011664,0.47895259364719295,-0.18434689642815702,0.698150927101143,0.11288147977923917,0.5341089103943535,0.7381872115724659,0.2583009615378249,0.29692574829852547,0.9733413754750784,0.528779984472939,-0.8229329580664035,-0.3829920729438649,-0.1782560333864496,-0.37513118892145303,-0.1566045207194792,0.5382190277748655
620,0.5002050496428546,-0.2248937148134556,0.9692127304872618,0.9028526310892406,0.45912006619272044,-0.0667694182073971,0.8722592792286076,0.16031148912292736,0.588973327892164,0.6128725285055641,0.40721347258536905,0.43918180106554605,0.9504609356179887,0.6786748048253333,-0.9572119987732994,-0.466731978148354,-0.22485236332824843,-0.357124668124059,-0.3292346777638954,0.5932048200950889
621,0.49799292221293723,-0.21983453325318492,0.9705504004816775,0.9178612207836545,0.4363905485876825,-0.10601778915916624,0.7811760385249481,0.11256514846661521,0.6357394949925502,0.6237620587788925,0.27563576167565423,0.36220241595737207,0.9054736263299643,0.5777002741354884,-0.90678407159273,-0.4548044858285275,-0.20563582915644504,-0.3801267166253543,-0.20414932519997828,0.49719007379592206
622,0.4804934768886762,-0.25785294428995503,0.9779908958422714,0.8924658739367922,0.46171882715304785,-0.13632152774374084,0.7658568204297744,0.16304333736484455,0.5229063481203511,0.752659007921918,0.2709522134217337,0.3506808898131114,0.8566827281609103,0.4982194572241438,-0.8296833999099785,-0.36154792252476003,-0.23541383544990951,-0.3150535154157339,-0.18800673752231442,0.5741752744547163
623,0.5024396144567963,-0.2614862745803037,0.9800666372288499,0.8869891028919445,0.43070066895141595,-0.15203621308502363,0.7136431871362982,0.0944241717739323,0.5479983805050678,0.708077530412394,0.24846834191444125,0.262602184746718,0.8668641439522898,0.35844717010998106,-0.8340830816260051,-0.4042080838835286,-0.29998654611720044,-0.30148321028794034,-0.11940556493280169,0.5092908114308007
624,0.5024396144567963,-0.2614862745803037,0.9800666372288499,0.8869891028919445,0.43070066895141595,-0.15203621308502363,0.7136431871362982,0.0944241717739323,0.5479983805050678,0.708077530412394,0.24846834191444125,0.262602184746718,0.8668641439522898,0.35844717010998106,-0.8340830816260051,-0.4042080838835286,-0.29998654611720044,-0.30148321028794034,-0.11940556493280169,0.5092908114308007
625,0.4942535497326979,-0.2459171482771454,0.9712609112981149,0.9113467311781204,0.4822722942187732,-0.23769714556917027,0.7037407348723801,0.10357764250957871,0.5093305343891518,0.7723628890609997,0.2759847228789688,0.31350115549720464,0.9388736394083352,0.5692401131378698,-0.7975133016703679,-0.43214265865665824,-0.2334321281007281,-0.3351231766916064,-0.17095762250360902,0.6673761953939069
626,0.4995383289252731,-0.24621612768367487,0.9770577473473214,0.9102893187923022,0.44601630619319355,-0.15090914550307974,0.6165243314828042,0.18076753519946626,0.4862395939346662,0.8392547236052985,0.15208485130593924,0.2972829087717003,0.8067067402808967,0.4582665503614351,-0.8728507910731557,-0.30437508600076196,-0.18671587073236168,-0.3266767869110791,-0.07819789847777807,0.5229203772559523
627,0.5196810138693991,-0.15396255595398908,0.9713560846456173,0.8663722072307707,0.42587303544892413,-0.15109181433221125,0.7122346765552068,0.25665275079073235,0.5065094131696375,0.8647244116433336,0.17770815680553537,0.37370340290114845,0.8456420973119311,0.5161698320165164,-0.787787666201421,-0.2448142566377769,-0.1767942400638655,-0.3233536619146793,-0.15755074367600988,0.5211688862825122
628,0.5220800275599707,-0.20148065746306731,0.969878410569147,0.9155614565995402,0.486629679646728,-0.08437662395196961,0.6249200351217696,0.24116774006741,0.4990312124420401,0.7182338632185155,0.20566061142863926,0.3598508786210491,0.8199692685142975,0.6300895588543206,-0.855174573291965,-0.2317808762887596,-0.14035543368625975,-0.4175941347940014,-0.1460039743118571,0.5664988740021343
629,0.5171315801208477,-0.22208756253155174,0.9969047901301529,0.8632640795261797,0.4328764214332601,-0.17785898705947023,0.6610501008831383,0.1961587332810452,0.4894827344467571,0.9064366721844972,0.16809832850181444,0.34003509825187933,0.8042567858991355,0.45068138049241463,-0.8051387125316595,-0.28984374221246006,-0.18628758612817567,-0.31235727017754783,-0.15758684401198575,0.5838565789890351
630,0.5097135266665277,-0.2223507687728449,0.9885566272036496,0.8774150250952408,0.47118117674887866,-0.10864872717548724,0.689640617999573,0.14933815389702743,0.5327107481413387,0.7263851104945478,0.2339995399213789,0.33260921171386826,0.870694082672822,0.5336713167259435,-0.848709969446387,-0.35053516322954964,-0.23342030061443197,-0.3766655898739894,-0.12832960056060508,0.5386808725172743
631,0.5179842102928829,-0.20685626878343516,0.9917327203273335,0.8801126707653167,0.4199431508488209,-0.18458218239124333,0.7526088198909237,0.06480456051520107,0.5586699867274825,0.7572693749520631,0.22150306636853823,0.27412628838489533,0.822357992521814,0.41377398919636627,-0.8537712781671877,-0.4328147639219136,-0.300653700406514,-0.309679421149049,-0.1469550080467094,0.6049891243448294
632,0.5179842102928829,-0.20685626878343516,0.9917327203273335,0.8801126707653167,0.4199431508488209,-0.18458218239124333,0.7526088198909237,0.06480456051520107,0.5586699867274825,0.7572693749520631,0.22150306636853823,0.27412628838489533,0.822357992521814,0.41377398919636627,-0.8537712781671877,-0.4328147639219136,-0.300653700406514,-0.309679421149049,-0.1469550080467094,0.6049891243448294
633,0.5077386642271154,-0.20354410815000848,0.9832811515858592,0.8929120594693645,0.4593510266342658,-0.13424597944711808,0.675657540060395,0.09024406912201365,0.4588059248685794,0.698957033653721,0.25578334086153187,0.2666214312750208,0.8324434695127052,0.4324419382768007,-0.783035659172799,-0.3638856634750518,-0.33457893463102184,-0.3100375291715077,-0.10408327408281616,0.6479052424840015
634,0.5077386642271154,-0.20354410815000848,0.9832811515858592,0.8929120594693645,0.4593510266342658,-0.13424597944711808,0.675657540060395,0.09024406912201365,0.4588059248685794,0.698957033653721,0.25578334086153187,0.2666214312750208,0.8324434695127052,0.4324419382768007,-0.783035659172799,-0.3638856634750518,-0.33457893463102184,-0.3100375291715077,-0.10408327408281616,0.6479052424840015
635,0.523476634391946,-0.2093730984740506,0.9912499683566391,0.9006721034500549,0.39050066822490015,-0.19031514345968154,0.7053376487712094,0.13967062255748172,0.504828550736904,0.756141093680166,0.28816830714332714,0.31212262260669477,0.9385017991010083,0.46202703797481726,-0.7521047649579164,-0.4000843046777004,-0.18517232391205188,-0.2786495036313226,-0.2535147330701272,0.5986002968007578
636,0.523476634391946,-0.2093730984740506,0.9912499683566391,0.9006721034500549,0.39050066822490015,-0.19031514345968154,0.7053376487712094,0.13967062255748172,0.504828550736904,0.756141093680166,0.28816830714332714,0.31212262260669477,0.9385017991010083,0.46202703797481726,-0.7521047649579164,-0.4000843046777004,-0.18517232391205188,-0.2786495036313226,-0.2535147330701272,0.5986002968007578
637,0.523476634391946,-0.2093730984740506,0.9912499683566391,0.9006721034500549,0.39050066822490015,-0.19031514345968154,0.7053376487712094,0.13967062255748172,0.504828550736904,0.756141093680166,0.28816830714332714,0.31212262260669477,0.9385017991010083,0.46202703797481726,-0.7521047649579164,-0.4000843046777004,-0.18517232391205188,-0.2786495036313226,-0.2535147330701272,0.5986002968007578
638,0.5116967874761604,-0.19649333789833756,0.9859766039692068,0.9077358797638434,0.45369310937354174,-0.1940745963192182,0.765703886672406,0.11919101712773672,0.5324092624944027,0.8073008701161319,0.23085769947243057,0.28616966205521627,0.862254096317037,0.4498353303125203,-0.8238324642065916,-0.314810543438666,-0.1960538536927572,-0.3352479162930142,-0.12660083770460237,0.5838031402223008
639,0.5116967874761604,-0.19649333789833756,0.9859766039692068,0.9077358797638434,0.45369310937354174,-0.1940745963192182,0.765703886672406,0.11919101712773672,0.5324092624944027,0.8073008701161319,0.23085769947243057,0.28616966205521627,0.862254096317037,0.4498353303125203,-0.8238324642065916,-0.314810543438666,-0.1960538536927572,-0.3352479162930142,-0.12660083770460237,0.5838031402223008
640,0.5431882381191715,-0.20545818771216376,0.98917890588817,0.9144419760558766,0.40188818378953883,-0.08004931937144265,0.682462949298548,0.2116240414273438,0.5223011787132509,0.6787464000191974,0.2340790242173158,0.27867247278983387,0.7096596374671826,0.5560647002362564,-0.8707668071446973,-0.2801164781336559,-0.3721078679468009,-0.41314380055887134,-0.17761996859251494,0.6543979194112307
641,0.5431882381191715,-0.20545818771216376,0.98917890588817,0.9144419760558766,0.40188818378953883,-0.08004931937144265,0.682462949298548,0.2116240414273438,0.5223011787132509,0.6787464000191974,0.2340790242173158,0.27867247278983387,0.7096596374671826,0.5560647002362564,-0.8707668071446973,-0.2801164781336559,-0.3721078679468009,-0.41314380055887134,-0.17761996859251494,0.6543979194112307
642,0.4971653348075305,-0.1891251550586401,0.9748376194116651,0.9036996396783927,0.47323399386786635,-0.06943672426658909,0.7959382496003872,0.15491787843926294,0.5004999306841551,0.6878337844440894,0.28885638930696206,0.2914788530612097,0.6683332846838853,0.4599155413634262,-0.829355540392987,-0.24647182420402663,-0.3141296878771379,-0.33912164300403674,-0.15341784819361168,0.7019797885186855
643,0.5106784585573731,-0.17452786773548368,0.9842341317730627,0.911783981873157,0.40930069120418106,-0.07439081102843943,0.5631813640402729,0.20281413628764633,0.46931806392447895,0.75448548321576,0.23339605577056738,0.22367140269445254,0.7065700752469849,0.40924566546787955,-0.7096227912371742,-0.23974411171105603,-0.43441332978725944,-0.31986823779045626,-0.07596353025754214,0.7276321790495561
644,0.5301736291576603,-0.1883745663416656,0.9800567244792396,0.9091831825541373,0.44759166508757975,-0.20566566540106893,0.635056833370187,0.15317328542153674,0.41930244786968657,0.7653771331825352,0.22612795392160506,0.24119919853189034,0.7356495670322858,0.4669990667270915,-0.7367732041759858,-0.3352715173390903,-0.3084124247675212,-0.30314442897903515,-0.1767671673748913,0.8217079577693372
645,0.5301736291576603,-0.1883745663416656,0.9800567244792396,0.9091831825541373,0.44759166508757975,-0.20566566540106893,0.635056833370187,0.15317328542153674,0.41930244786968657,0.7653771331825352,0.22612795392160506,0.24119919853189034,0.7356495670322858,0.4669990667270915,-0.7367732041759858,-0.3352715173390903,-0.3084124247675212,-0.30314442897903515,-0.1767671673748913,0.8217079577693372
646,0.5190163309152214,-0.18565759459524608,0.9864116408441367,0.903779979115963,0.4126852484335855,-0.0185875648565514,0.6652421335131529,0.20335111587327015,0.43421915183058085,0.5882253719315422,0.2607819904791787,0.2814851341662901,0.716413924114311,0.47752858471857684,-0.719637336386355,-0.22935899060777887,-0.42317067182469803,-0.38330296990051926,-0.14379064983895234,0.7283283205278348
647,0.5190163309152214,-0.18565759459524608,0.9864116408441367,0.903779979115963,0.4126852484335855,-0.0185875648565514,0.6652421335131529,0.20335111587327015,0.43421915183058085,0.5882253719315422,0.2607819904791787,0.2814851341662901,0.716413924114311,0.47752858471857684,-0.719637336386355,-0.22935899060777887,-0.42317067182469803,-0.38330296990051926,-0.14379064983895234,0.7283283205278348
648,0.5257348590420681,-0.19715153498670937,0.9903834325287438,0.85927754630145,0.43175741392997286,-0.1845501784323136,0.6455012256023709,0.17418092384321093,0.4441262276918504,0.8775180097799776,0.09471841631777737,0.2725556708522961,0.5987314153323963,0.44031194268056095,-0.8627471826260676,-0.2651197511731769,-0.31000160964194207,-0.31960488790647745,-0.09198322098023096,0.7100966633584493
649,0.5265872043506461,-0.185080884282434,0.9687310367169484,0.8943464574106772,0.4818716473755327,-0.09145364318788621,0.478819150976007,0.16476360067475485,0.4940617000879688,0.7760211012679086,0.15839881770436068,0.2969682820201148,0.6674051838351248,0.6104098459728087,-0.8464077051844314,-0.2914615273350689,-0.32865674449032417,-0.37238794998968305,-0.06189818599918147,0.7517658088079194
650,0.5079327949927895,-0.19652442159533065,0.9889834783432415,0.8744578155936032,0.4468668881541217,-0.23081900602721603,0.6106656541782605,0.07168874552304838,0.44755047864949776,0.8337719625076645,0.15784431097302382,0.2011589378501685,0.6310543982417541,0.5551342919382407,-0.8048002411849273,-0.2849339891120045,-0.348481843632452,-0.324447984656395,-0.03319402087785253,0.8700579707356302
651,0.535017657204404,-0.19338078568756295,0.9630756313195067,0.9475017343473479,0.45139348366308274,-0.10304146330725134,0.5262643342688781,0.15905171542669447,0.4317342888257346,0.7664286881687197,0.21128466310889485,0.24054432016026672,0.6659612653084013,0.5733750865751422,-0.8133968056755525,-0.2420733709874152,-0.32831791104817293,-0.37630526692869815,-0.0941619463583671,0.7863903916122491
652,0.5014640244816316,-0.19195023192331323,0.9824027676024961,0.8955699866592567,0.4280457390497353,-0.07284016622207494,0.6611581944294184,0.1986523974363272,0.4829959779274573,0.7526849469402266,0.18917650182430193,0.31104831774510344,0.6431294360338712,0.5847022863611636,-0.8267940956618245,-0.21049635086046597,-0.27689495212818377,-0.38024994436924914,-0.13472912141224636,0.7419831542395471
653,0.526960684013055,-0.1866992785728356,0.9805437908027586,0.9132748156930605,0.45761311305878577,-0.08223990013687457,0.6030320544372763,0.23763539826165064,0.46159560462832044,0.7739419978819018,0.1744562587137431,0.30857393967638147,0.6564633160455794,0.522934810057194,-0.8232986615361448,-0.180414106070978,-0.32300962214712414,-0.3696202558194617,-0.09742980033484197,0.6938630072157909
654,0.5144166101697856,-0.18100403144976887,0.9973627530507283,0.9119068568479096,0.3776693213865115,-0.0550742239365878,0.6391636658776384,0.2699012263585454,0.42464037272354715,0.8165778063361802,0.15594572254796843,0.3083100096122958,0.6407467966816256,0.42575587500983864,-0.7372649271638951,-0.11218127626331725,-0.32061269610541393,-0.32066321863451125,-0.11755598470913138,0.6841845092210069
655,0.5307316669022305,-0.16396130809206974,0.9865829902695745,0.9170525252885023,0.4296704002840838,-0.09255119780377119,0.6067532967366311,0.22391749251537701,0.42119202588726523,0.8183653218065288,0.15412488994583615,0.2825858066777863,0.688167645703547,0.41873141353608534,-0.7856456527581236,-0.16265658463216606,-0.3209406366467506,-0.32391361961893433,-0.06297670749059868,0.6436730675962462
656,0.5313413973952029,-0.1838981949754299,0.999461413092791,0.8699262320482778,0.414152396381947,-0.08004115841823109,0.5773407955132215,0.20344312388589783,0.45330124469891847,0.7470467180724107,0.18037943384356644,0.23866788636690187,0.5502744077603383,0.47579113011348806,-0.7791288035100989,-0.16289389538911753,-0.3535090341504984,-0.36406497811501404,-0.09019603892695925,0.8133505319957828
657,0.520480292189075,-0.1924190740092717,0.9965521530644625,0.8647852152065931,0.4185553644333413,-0.07816280635076256,0.613802037797721,0.28407286132782655,0.4216019454300406,0.8682039329721406,0.11937707138454766,0.32724264595635716,0.6776145813208676,0.42549237684847313,-0.7696684896330802,-0.08621734034083532,-0.28093354287315814,-0.33568388881329886,-0.09051416050034829,0.5857009469025467
658,0.5450092480500689,-0.19184634543781828,0.9848067599052663,0.8881369143736281,0.41172543629931396,-0.036858504581980034,0.5277235677032719,0.32345648609633937,0.4108274218790336,0.8357696416164476,0.09116455697112208,0.32160366386022704,0.4987736365110407,0.5420776416857402,-0.8069076546639429,-0.019891334316371294,-0.21608328078974426,-0.40886007365120025,-0.06756172996192637,0.684392003857374
659,0.5340607456339513,-0.17495716267862263,0.9890625494991073,0.8893683765144322,0.42840037202741427,-0.08224415608474658,0.5600576030287068,0.23460373392947195,0.38655986780267454,0.8154625994701524,0.14110170015763912,0.2622270316549805,0.5351016047744834,0.5003493298418151,-0.7487050130005011,-0.08638874692010572,-0.33736681958279935,-0.35386783738677385,-0.051644558860023074,0.8170657724673464
660,0.5340607456339513,-0.17495716267862263,0.9890625494991073,0.8893683765144322,0.42840037202741427,-0.08224415608474658,0.5600576030287068,0.23460373392947195,0.38655986780267454,0.8154625994701524,0.14110170015763912,0.2622270316549805,0.5351016047744834,0.5003493298418151,-0.7487050130005011,-0.08638874692010572,-0.33736681958279935,-0.35386783738677385,-0.051644558860023074,0.8170657724673464
661,0.5350458424468305,-0.18517322678905174,0.9857183903667198,0.8818002299242819,0.41829314573780013,-0.09139616880575661,0.5051522109899614,0.2646223166611881,0.36853899320330463,0.8583931544381096,0.1253679776655773,0.21814294919578653,0.4543320763140258,0.47068892435335197,-0.7669459175369783,-0.08986149592788302,-0.42580822962184645,-0.3336288023027024,-0.020311424921032516,0.8484267489961989
662,0.5315340306371722,-0.1852801882761604,0.9846459490871943,0.9014078475934286,0.41981968199817626,-0.013728690922159862,0.5041136433751898,0.2404479868827634,0.3372768056843161,0.7504855094842791,0.14826377470301538,0.21718249758888453,0.3251455141328564,0.5537490014505799,-0.7254847544608722,-0.003087915552813932,-0.39998268851043317,-0.39904446471217503,0.0011927358252269192,0.9889632671762424
663,0.5315340306371722,-0.1852801882761604,0.9846459490871943,0.9014078475934286,0.41981968199817626,-0.013728690922159862,0.5041136433751898,0.2404479868827634,0.3372768056843161,0.7504855094842791,0.14826377470301538,0.21718249758888453,0.3251455141328564,0.5537490014505799,-0.7254847544608722,-0.003087915552813932,-0.39998268851043317,-0.39904446471217503,0.0011927358252269192,0.9889632671762424
664,0.5174078250327794,-0.1837753110276438,0.990418818302643,0.8880176737107739,0.4208309949226155,0.010004170911433076,0.47892761033243164,0.29187373967657193,0.3755216312337619,0.7870179117515737,0.12787977279557175,0.24571350251281518,0.30497088818090873,0.5207249211501827,-0.7763306450479377,0.02663434625625457,-0.4304058674556215,-0.3695054493870257,-0.04038549973900982,0.924318764517463
665,0.5174078250327794,-0.1837753110276438,0.990418818302643,0.8880176737107739,0.4208309949226155,0.010004170911433076,0.47892761033243164,0.29187373967657193,0.3755216312337619,0.7870179117515737,0.12787977279557175,0.24571350251281518,0.30497088818090873,0.5207249211501827,-0.7763306450479377,0.02663434625625457,-0.4304058674556215,-0.3695054493870257,-0.04038549973900982,0.924318764517463
666,0.5310697373806408,-0.18350829915699926,0.9956263061446311,0.890294937893812,0.44184779123706197,-0.07200271167231648,0.38761464346467567,0.3070829238446074,0.3031741148833153,0.820984674453398,0.11881247883142539,0.24461840941560545,0.391040321254109,0.6019933280757592,-0.6848362633402092,0.05592633822182271,-0.34986003743715127,-0.3950397154093269,0.026362061560926024,0.9671806493797337
667,0.5310697373806408,-0.18350829915699926,0.9956263061446311,0.890294937893812,0.44184779123706197,-0.07200271167231648,0.38761464346467567,0.3070829238446074,0.3031741148833153,0.820984674453398,0.11881247883142539,0.24461840941560545,0.391040321254109,0.6019933280757592,-0.6848362633402092,0.05592633822182271,-0.34986003743715127,-0.3950397154093269,0.026362061560926024,0.9671806493797337
668,0.5328385296130973,-0.17682891173741827,0.9989623993737735,0.8791727960853462,0.4368524232378565,0.05681324884013883,0.5316515692125644,0.27784509714031735,0.3677609175251199,0.7494848856854118,0.19277832508459428,0.2933695779303091,0.42820475041995326,0.6169516455547283,-0.7917824254688313,-0.06490617154529335,-0.37201320262318566,-0.38601619695750167,-0.07863758514483758,0.9367261193895747
669,0.5328385296130973,-0.17682891173741827,0.9989623993737735,0.8791727960853462,0.4368524232378565,0.05681324884013883,0.5316515692125644,0.27784509714031735,0.3677609175251199,0.7494848856854118,0.19277832508459428,0.2933695779303091,0.42820475041995326,0.6169516455547283,-0.7917824254688313,-0.06490617154529335,-0.37201320262318566,-0.38601619695750167,-0.07863758514483758,0.9367261193895747
670,0.5296795970609646,-0.18443895162652962,0.9981981032774585,0.8845306201454753,0.4466643854328598,-0.12339616527325338,0.4425481137571466,0.17054686514039727,0.4055078078513239,0.8145746747623815,0.11247675425148097,0.23690382558434553,0.47636779391079126,0.555714187591406,-0.7415986146291139,-0.12477300032943049,-0.3601625796271929,-0.40754604064764804,-0.03360046796670283,0.9301285018010221
671,0.5367579818794648,-0.15243406447643118,0.9767934339203662,0.879981019762002,0.47255677180703637,-0.16910918359457008,0.33707735824748347,0.2509806195022601,0.2631572115527187,0.9745056549846188,0.06547507798085786,0.2043419305296587,0.5456549519889348,0.5038384064162048,-0.7130187124024848,-0.01502723190911051,-0.3535048732810795,-0.32241794974054455,0.08735418467617947,0.9283229082663742
672,0.5278435386082327,-0.16482697332003152,0.9735610954354931,0.893748743761442,0.4124314674117856,-0.07649422655090479,0.39103601515044845,0.2885268616339801,0.33584117070212,0.8806762452610156,0.06265924917391488,0.23825851085959154,0.417839776127443,0.4460876790470151,-0.6913165793097727,0.024339612688660472,-0.3214669534155208,-0.373583079524864,-0.011596539863160933,0.8965474979364059
673,0.5278435386082327,-0.16482697332003152,0.9735610954354931,0.893748743761442,0.4124314674117856,-0.07649422655090479,0.39103601515044845,0.2885268616339801,0.33584117070212,0.8806762452610156,0.06265924917391488,0.23825851085959154,0.417839776127443,0.4460876790470151,-0.6913165793097727,0.024339612688660472,-0.3214669534155208,-0.373583079524864,-0.011596539863160933,0.8965474979364059
674,0.5278435386082327,-0.16482697332003152,0.9735610954354931,0.893748743761442,0.4124314674117856,-0.07649422655090479,0.39103601515044845,0.2885268616339801,0.33584117070212,0.8806762452610156,0.06265924917391488,0.23825851085959154,0.417839776127443,0.4460876790470151,-0.6913165793097727,0.024339612688660472,-0.3214669534155208,-0.373583079524864,-0.011596539863160933,0.8965474979364059
675,0.5152476476281572,-0.17864002423045608,0.9629455795146713,0.8918736922686407,0.46913376625254877,-0.059745854044828,0.5101660363579099,0.22269620333545445,0.3465864050914379,0.7972989643632239,0.17116268155835881,0.20731385100930483,0.4340234224378268,0.4646966627073557,-0.7312747962114924,-0.11050977960969428,-0.4946297752655081,-0.3460181074201637,0.01857486657384959,0.9813669838646144
676,0.5152476476281572,-0.17864002423045608,0.9629455795146713,0.8918736922686407,0.46913376625254877,-0.059745854044828,0.5101660363579099,0.22269620333545445,0.3465864050914379,0.7972989643632239,0.17116268155835881,0.20731385100930483,0.4340234224378268,0.4646966627073557,-0.7312747962114924,-0.11050977960969428,-0.4946297752655081,-0.3460181074201637,0.01857486657384959,0.9813669838646144
677,0.5152476476281572,-0.17864002423045608,0.9629455795146713,0.8918736922686407,0.46913376625254877,-0.059745854044828,0.5101660363579099,0.22269620333545445,0.3465864050914379,0.7972989643632239,0.17116268155835881,0.20731385100930483,0.4340234224378268,0.4646966627073557,-0.7312747962114924,-0.11050977960969428,-0.4946297752655081,-0.3460181074201637,0.01857486657384959,0.9813669838646144
678,0.5152476476281572,-0.17864002423045608,0.9629455795146713,0.8918736922686407,0.46913376625254877,-0.059745854044828,0.5101660363579099,0.22269620333545445,0.3465864050914379,0.7972989643632239,0.17116268155835881,0.20731385100930483,0.4340234224378268,0.4646966627073557,-0.7312747962114924,-0.11050977960969428,-0.4946297752655081,-0.3460181074201637,0.01857486657384959,0.9813669838646144
679,0.5076195926614906,-0.19969072628763573,0.9897474873185594,0.8973394038519309,0.4082331988377691,-0.04450770101766987,0.48061982041711687,0.1731768078401435,0.4293426094889931,0.7883317864724408,0.08424657508498216,0.1813384891874945,0.21704377684111767,0.37969830600844806,-0.7796727258291855,-0.11181383436348628,-0.5320846498672149,-0.3636014530722961,-0.00885008370321164,0.9531876627441088
680,0.5076195926614906,-0.19969072628763573,0.9897474873185594,0.8973394038519309,0.4082331988377691,-0.04450770101766987,0.48061982041711687,0.1731768078401435,0.4293426094889931,0.7883317864724408,0.08424657508498216,0.1813384891874945,0.21704377684111767,0.37969830600844806,-0.7796727258291855,-0.11181383436348628,-0.5320846498672149,-0.3636014530722961,-0.00885008370321164,0.9531876627441088
681,0.5202430942914659,-0.19721727924418905,0.9853943984778226,0.909076397238198,0.43826080867167877,-0.014904007176927364,0.5558783295213733,0.15384574955572905,0.37852025543689377,0.8306106835107058,0.0751217074252104,0.1789005832284848,0.2507475091645753,0.3560687950586059,-0.8289255698840818,-0.12243678383008039,-0.5795935568435349,-0.36655225928087987,0.08143410285835358,0.9173508737667122
682,0.5202430942914659,-0.19721727924418905,0.9853943984778226,0.909076397238198,0.43826080867167877,-0.014904007176927364,0.5558783295213733,0.15384574955572905,0.37852025543689377,0.8306106835107058,0.0751217074252104,0.1789005832284848,0.2507475091645753,0.3560687950586059,-0.8289255698840818,-0.12243678383008039,-0.5795935568435349,-0.36655225928087987,0.08143410285835358,0.9173508737667122
683,0.5082771343362646,-0.20257641718804797,0.9772868157231643,0.8904617999293098,0.43323798426541943,-0.07554210544977208,0.4918169203912746,0.14562182329403836,0.4360059112998304,0.8381163843133791,0.039087199371850914,0.14865370671045147,0.2059597440714427,0.46128669817461143,-0.8635242397731626,-0.17660759810566118,-0.4626773188074606,-0.4098603030425823,0.020048538881009312,0.953119706395765
684,0.5041334418239717,-0.20686272419862392,0.9860263791880168,0.8618849542841536,0.44159509116860424,0.022430924312099993,0.4538956663057949,0.21585208835079744,0.34823398878161466,0.8335464061026174,0.008683280957012209,0.15123158177429066,0.08988270647859657,0.34801898453847574,-0.7937721328142395,0.0250543821784702,-0.5983834674657189,-0.40209717758377783,0.13335391921851367,0.9896336303342476
685,0.5292807942799593,-0.20272328709765908,0.9944032917511968,0.8665522738186636,0.40416244989172484,-0.006406844476410158,0.4831972563450629,0.23039928695777723,0.3849773413694394,0.8240170928287348,0.027410691210291965,0.18247582008402058,0.10592628206091356,0.3745704171980049,-0.8340635802434258,-0.04206348254860823,-0.5453441011000318,-0.36975971052741785,0.020457437182190126,0.9645273742196563
686,0.4996159196112873,-0.18897247397534972,0.9920638087416507,0.8953650525973516,0.3639014458493629,0.06245108387083444,0.5420426929721056,0.26812636126222134,0.39219090944708995,0.8117391638158054,0.007607905216991062,0.25391937123631353,0.15963488428605616,0.2908682770569757,-0.7809986865244469,0.0597769420516078,-0.5166801893230882,-0.349628960682967,0.0006872975622960005,0.7824364023899173
687,0.49829860523076236,-0.23434250137138474,0.9998758295052105,0.9116624012164026,0.35517405311507416,0.0022377157139570735,0.5918523690246731,0.23536828685462044,0.4091112925884861,0.7529882113547713,0.1433096308188225,0.20599778954089898,0.2926983484862005,0.2909464298216159,-0.7862745815046117,-0.05575386915955382,-0.5364266456865169,-0.2887664329420707,-0.040861512990645915,0.8647298551317568
688,0.5093990637611251,-0.22260458081794418,0.9942584718163626,0.9382421757729993,0.4113653494959973,-0.020524942995054044,0.6081595997192788,0.2313374257119087,0.4418216737654698,0.7729451217977702,0.09485847832410904,0.24994267373371643,0.27119596406554386,0.38217602702375114,-0.823948981951936,-0.04716891785251202,-0.5284347807652652,-0.3558462413596441,-0.018888427303609224,0.8111887575488118
689,0.5093990637611251,-0.22260458081794418,0.9942584718163626,0.9382421757729993,0.4113653494959973,-0.020524942995054044,0.6081595997192788,0.2313374257119087,0.4418216737654698,0.7729451217977702,0.09485847832410904,0.24994267373371643,0.27119596406554386,0.38217602702375114,-0.823948981951936,-0.04716891785251202,-0.5284347807652652,-0.3558462413596441,-0.018888427303609224,0.8111887575488118
690,0.5049535172091121,-0.23942114261465028,0.9868359677499567,0.8759735578979693,0.38996847861986805,-0.01656520958887188,0.5314667597911241,0.20882434504486996,0.44657720623172814,0.7748433969793943,0.020448976629516422,0.18602637126210642,0.09459840981899448,0.41272711317729416,-0.8967451001020615,-0.06235989053935995,-0.4171357787454231,-0.3874269651539812,-0.03371168511367088,0.9215164055629045
691,0.5049535172091121,-0.23942114261465028,0.9868359677499567,0.8759735578979693,0.38996847861986805,-0.01656520958887188,0.5314667597911241,0.20882434504486996,0.44657720623172814,0.7748433969793943,0.020448976629516422,0.18602637126210642,0.09459840981899448,0.41272711317729416,-0.8967451001020615,-0.06235989053935995,-0.4171357787454231,-0.3874269651539812,-0.03371168511367088,0.9215164055629045
692,0.4992710272829054,-0.21135573895180298,0.9714939320523219,0.9301956780912427,0.4840542607311916,-0.04082504243542137,0.5289731160718009,0.2115962767994144,0.404761165301352,0.8117516455710888,0.0841235399815181,0.20352653316328684,0.29116995077570784,0.43227878687867977,-0.7827841286954762,-0.08215864186291202,-0.5332996041157534,-0.3909108870521154,0.13214173204231555,0.9126048560249406
693,0.4932988827889672,-0.22089705620375122,0.9830170070211391,0.8890566583383079,0.41836103971432054,-0.12319989265983759,0.4507306953061152,0.23224559458756505,0.4163461678976468,0.8936751199078403,0.07629178084969568,0.17952461240329326,0.24900824392983648,0.4610559858322342,-0.863258432770645,-0.15523462590444445,-0.4006571739291948,-0.3517271409239829,-0.023994038374642125,0.9633898286715225
694,0.4932988827889672,-0.22089705620375122,0.9830170070211391,0.8890566583383079,0.41836103971432054,-0.12319989265983759,0.4507306953061152,0.23224559458756505,0.4163461678976468,0.8936751199078403,0.07629178084969568,0.17952461240329326,0.24900824392983648,0.4610559858322342,-0.863258432770645,-0.15523462590444445,-0.4006571739291948,-0.3517271409239829,-0.023994038374642125,0.9633898286715225
695,0.5263067732660497,-0.14491525614210948,0.988581441969733,0.8690499377706563,0.4834761913054513,-0.06664557704464626,0.4225511496632806,0.26735842333533955,0.3121397467510829,0.8193439314782013,0.13040209666597197,0.21305617256890005,0.3396788339735295,0.47147501987204454,-0.6354556297900831,-0.04804396126190059,-0.5203711461273053,-0.37677198960044195,0.1069205259629142,0.9820849900268173
696,0.5263067732660497,-0.14491525614210948,0.988581441969733,0.8690499377706563,0.4834761913054513,-0.06664557704464626,0.4225511496632806,0.26735842333533955,0.3121397467510829,0.8193439314782013,0.13040209666597197,0.21305617256890005,0.3396788339735295,0.47147501987204454,-0.6354556297900831,-0.04804396126190059,-0.5203711461273053,-0.37677198960044195,0.1069205259629142,0.9820849900268173
697,0.5358989565990798,-0.1687366672194954,0.984331418966067,0.8768275260959746,0.3775254268541298,-0.0409709207082915,0.45653613361216266,0.24371658264235313,0.3555593816760468,0.8481974558658179,0.08412733638311223,0.18791124834375347,0.27112471819057143,0.3338867525877436,-0.7484979524562196,-0.06720001391198478,-0.4446039767107382,-0.3246853466352667,-0.03501972098079162,0.9177291094539932
698,0.5358989565990798,-0.1687366672194954,0.984331418966067,0.8768275260959746,0.3775254268541298,-0.0409709207082915,0.45653613361216266,0.24371658264235313,0.3555593816760468,0.8481974558658179,0.08412733638311223,0.18791124834375347,0.27112471819057143,0.3338867525877436,-0.7484979524562196,-0.06720001391198478,-0.4446039767107382,-0.3246853466352667,-0.03501972098079162,0.9177291094539932
699,0.5358989565990798,-0.1687366672194954,0.984331418966067,0.8768275260959746,0.3775254268541298,-0.0409709207082915,0.45653613361216266,0.24371658264235313,0.3555593816760468,0.8481974558658179,0.08412733638311223,0.18791124834375347,0.27112471819057143,0.3338867525877436,-0.7484979524562196,-0.06720001391198478,-0.4446039767107382,-0.3246853466352667,-0.03501972098079162,0.9177291094539932
700,0.5563400051935391,-0.17194354297155315,0.9987022086010708,0.8734311497215139,0.4214355285531918,0.024916276570531786,0.5035230704260983,0.2678710680170624,0.3379230401131096,0.7841041904948972,0.0879896923796526,0.2183007293140648,0.20250830820467733,0.32874061604868887,-0.6895984650992959,0.025415405166518707,-0.5664859329537437,-0.3651568376856042,0.06117181195370039,0.9155876880928079
701,0.5563400051935391,-0.17194354297155315,0.9987022086010708,0.8734311497215139,0.4214355285531918,0.024916276570531786,0.5035230704260983,0.2678710680170624,0.3379230401131096,0.7841041904948972,0.0879896923796526,0.2183007293140648,0.20250830820467733,0.32874061604868887,-0.6895984650992959,0.025415405166518707,-0.5664859329537437,-0.3651568376856042,0.06117181195370039,0.9155876880928079
702,0.5563400051935391,-0.17194354297155315,0.9987022086010708,0.8734311497215139,0.4214355285531918,0.024916276570531786,0.5035230704260983,0.2678710680170624,0.3379230401131096,0.7841041904948972,0.0879896923796526,0.2183007293140648,0.20250830820467733,0.32874061604868887,-0.6895984650992959,0.025415405166518707,-0.5664859329537437,-0.3651568376856042,0.06117181195370039,0.9155876880928079
703,0.5487039189461815,-0.18297302296590084,0.986432357088111,0.9345410596661724,0.37466092391696665,-0.006549129820788838,0.49436440379535845,0.2857174036035025,0.3746838133653103,0.8472995058441556,0.1079197601681704,0.23966475526711287,0.19175826541823104,0.41845584806861297,-0.768522119290508,-0.021260085027773934,-0.5274238800144739,-0.3203610036418465,-0.02933865725554686,0.9605804981122837
704,0.4982361846661418,-0.17982409166294736,0.9976962245443884,0.884431594518604,0.43620025632599674,0.015616516220870234,0.4481628702655571,0.3220309345223696,0.2981368194792933,0.8482151888786679,0.04511592181533222,0.23484277246152258,0.2774226722445397,0.40429294150916883,-0.6805318966979865,0.08341946556692059,-0.3866500350932859,-0.39103159150178474,0.0621158651985174,0.8430603217760146
705,0.512172891840382,-0.12942122448852494,0.9889547728333711,0.9084691207730281,0.33886367752196406,-0.04512759175187219,0.5127172290605546,0.3474125816996104,0.31275565368148206,0.8757253599943967,0.1409823713444937,0.26513887589024837,0.4011555644358973,0.3963142356783242,-0.6707692286253002,0.021074461674288034,-0.42938263744801275,-0.2823728572234884,-0.061299775181621545,0.8761091213547134
706,0.5218437669852307,-0.17254520976915405,0.9924792069259045,0.9232412943707003,0.3754658560550116,-0.0021962333983065394,0.41869300072572907,0.3266348018158828,0.297337433125924,0.8117421684652789,0.0609411090496394,0.18332195756850278,0.3006353038836753,0.3524459790826928,-0.5863444300901243,0.11243039567420039,-0.45521544031691114,-0.3503109213184397,0.02979710572979674,0.9291727467779616
707,0.5238993272683804,-0.19515049855377406,0.9933601313866851,0.8810988091087335,0.41265777658098335,-0.0821182883110673,0.3922391820329009,0.30139887022479095,0.24166820043639597,0.9640791771906005,0.019992088183797538,0.15838294593088603,0.19575113137357153,0.3254334301818047,-0.7168276863888645,0.05686111501163757,-0.5444183750663445,-0.28872447243658517,0.13820452866118563,0.9630045859079127
708,0.5238993272683804,-0.19515049855377406,0.9933601313866851,0.8810988091087335,0.41265777658098335,-0.0821182883110673,0.3922391820329009,0.30139887022479095,0.24166820043639597,0.9640791771906005,0.019992088183797538,0.15838294593088603,0.19575113137357153,0.3254334301818047,-0.7168276863888645,0.05686111501163757,-0.5444183750663445,-0.28872447243658517,0.13820452866118563,0.9630045859079127
709,0.5140630170204853,-0.1952261589758773,0.9935447143260604,0.8976786469266093,0.3129350616851884,-0.009140146745546397,0.43175520796780875,0.24177068211246305,0.3395076222996042,0.7928870461320542,0.03406126169856514,0.15540244956027716,0.10812466157139203,0.23313174852054488,-0.6208069759346866,0.10713254525738411,-0.5840540243458261,-0.3371486044738126,0.04136193967502002,0.9543633946256526
710,0.5183303487681059,-0.1956400276407826,0.9988522424942166,0.8822560136273906,0.34231410544055396,-0.0010012321171260041,0.38233696733493805,0.3295871442325513,0.26028877347751456,0.8698375766002958,0.029558056612920706,0.11223053993706322,0.12061713348942203,0.2219216996655286,-0.7366447188127563,0.08166123919978786,-0.6329921074436285,-0.27753494560768943,0.11814658303121987,0.9109912933553777
711,0.5199502797472285,-0.18549691551840203,0.9921914597700395,0.9158879714205367,0.3778228975934944,-0.00013653024685495244,0.43416586554315556,0.32275174652973465,0.24343748080732475,0.9302234565706387,-0.01453385779128096,0.1384513881111409,0.13378974368573615,0.20628799003898746,-0.6118500167342801,0.19082156114318938,-0.5837213179356652,-0.3068132498725383,0.15658703786273748,0.9348295277021503
712,0.5362815480519478,-0.19294596017844157,0.9841400943702646,0.9072534190874362,0.36659655413961917,-0.006537738066699154,0.3894410776336378,0.3371370150555403,0.23338836306225721,0.8838474139228018,0.0634893178391785,0.0967097160676963,0.21283514561503483,0.26404430520645233,-0.6912499576227559,0.11679313692050292,-0.5857953539002572,-0.2616392003520963,0.10567785564327051,0.9632325242775182
713,0.511129895665473,-0.1849986853849121,0.9859988708774271,0.8794387200375948,0.46927151277150114,-0.06769687780201497,0.37640041006314556,0.2674536777390188,0.3125182549083567,0.8941495156965458,-0.0412690601489526,0.16574170578230227,0.22733661595512655,0.42045912074450553,-0.6475640372711384,0.09293250623325354,-0.496538107051338,-0.4076285098145694,0.1503358053920265,0.930010273507139
714,0.518261846493719,-0.1991492853301254,0.9980622863742001,0.8647341998544896,0.3669071388205432,-0.07242290201769756,0.36730779632296645,0.3874557522809443,0.29968321982525553,0.9977929672280916,-0.017625183666556667,0.20178034206671053,0.19180145016276234,0.35624409527855005,-0.7116515512402789,0.14625199349799076,-0.38108635580972755,-0.350082357577779,0.07698568815771506,0.9735267153851419
715,0.518261846493719,-0.1991492853301254,0.9980622863742001,0.8647341998544896,0.3669071388205432,-0.07242290201769756,0.36730779632296645,0.3874557522809443,0.29968321982525553,0.9977929672280916,-0.017625183666556667,0.20178034206671053,0.19180145016276234,0.35624409527855005,-0.7116515512402789,0.14625199349799076,-0.38108635580972755,-0.350082357577779,0.07698568815771506,0.9735267153851419
716,0.5379855550277858,-0.18062085628724794,0.977914599030423,0.9505394551627653,0.4368278251115416,-0.13527967271100744,0.30547978432493583,0.33560314630518395,0.2600237996721223,0.9138297054617026,-0.015689357723796545,0.17788038846156887,0.4056091806647977,0.5079535450311634,-0.6472239460286022,0.08131131114156884,-0.36327280246207333,-0.39556668869481937,0.0866179524701617,0.9643960367764237
717,0.5379855550277858,-0.18062085628724794,0.977914599030423,0.9505394551627653,0.4368278251115416,-0.13527967271100744,0.30547978432493583,0.33560314630518395,0.2600237996721223,0.9138297054617026,-0.015689357723796545,0.17788038846156887,0.4056091806647977,0.5079535450311634,-0.6472239460286022,0.08131131114156884,-0.36327280246207333,-0.39556668869481937,0.0866179524701617,0.9643960367764237
718,0.5379855550277858,-0.18062085628724794,0.977914599030423,0.9505394551627653,0.4368278251115416,-0.13527967271100744,0.30547978432493583,0.33560314630518395,0.2600237996721223,0.9138297054617026,-0.015689357723796545,0.17788038846156887,0.4056091806647977,0.5079535450311634,-0.6472239460286022,0.08131131114156884,-0.36327280246207333,-0.39556668869481937,0.0866179524701617,0.9643960367764237
719,0.5379855550277858,-0.18062085628724794,0.977914599030423,0.9505394551627653,0.4368278251115416,-0.13527967271100744,0.30547978432493583,0.33560314630518395,0.2600237996721223,0.9138297054617026,-0.015689357723796545,0.17788038846156887,0.4056091806647977,0.5079535450311634,-0.6472239460286022,0.08131131114156884,-0.36327280246207333,-0.39556668869481937,0.0866179524701617,0.9643960367764237
720,0.5151504606221227,-0.1793876145258277,0.9713421310131876,0.9101105897574332,0.4390759049676425,-0.09087359057355276,0.4254351620865021,0.3491429398203443,0.2903941672273458,0.9656850729067608,0.019340013850222076,0.2371572279791666,0.3477334594421565,0.3942379160796578,-0.7183670901585516,0.04739113643673775,-0.3551286400118377,-0.328609279984977,0.03823155691391052,0.8935154039649649
721,0.5151504606221227,-0.1793876145258277,0.9713421310131876,0.9101105897574332,0.4390759049676425,-0.09087359057355276,0.4254351620865021,0.3491429398203443,0.2903941672273458,0.9656850729067608,0.019340013850222076,0.2371572279791666,0.3477334594421565,0.3942379160796578,-0.7183670901585516,0.04739113643673775,-0.3551286400118377,-0.328609279984977,0.03823155691391052,0.8935154039649649
722,0.49896111190682907,-0.1892939393299538,0.981403334923703,0.9823493700894738,0.3513921772233031,0.013694655566177194,0.382772740573412,0.38751685315192175,0.2890073099961915,0.8314613532484618,0.05715396527725549,0.24420041835338713,0.30456110125102476,0.4565186178730651,-0.6403849505281796,0.15905129546816868,-0.40407519294505434,-0.3828218446917658,-0.011651945101831153,0.8975740694954261
723,0.49896111190682907,-0.1892939393299538,0.981403334923703,0.9823493700894738,0.3513921772233031,0.013694655566177194,0.382772740573412,0.38751685315192175,0.2890073099961915,0.8314613532484618,0.05715396527725549,0.24420041835338713,0.30456110125102476,0.4565186178730651,-0.6403849505281796,0.15905129546816868,-0.40407519294505434,-0.3828218446917658,-0.011651945101831153,0.8975740694954261
724,0.49896111190682907,-0.1892939393299538,0.981403334923703,0.9823493700894738,0.3513921772233031,0.013694655566177194,0.382772740573412,0.38751685315192175,0.2890073099961915,0.8314613532484618,0.05715396527725549,0.24420041835338713,0.30456110125102476,0.4565186178730651,-0.6403849505281796,0.15905129546816868,-0.40407519294505434,-0.3828218446917658,-0.011651945101831153,0.8975740694954261
725,0.5236275680147907,-0.21653496938861727,0.9977585668311395,0.839162716809868,0.41788429961272266,-0.06393618000170745,0.40186427646532563,0.35130781243183035,0.3084079869547077,0.8937933939168596,0.04531998386819686,0.21769405757956872,0.26030662366976065,0.4830777758656369,-0.729232814911089,0.08722389520485128,-0.3649388074049777,-0.38302386181865306,-0.001075039277635824,0.9678722582863482
726,0.509210648197666,-0.19384508629733227,0.9852477043319179,0.9006014856979824,0.42974730497515945,0.014140108717952526,0.44776373846518275,0.3634329319242168,0.3391141765318487,0.8873729547950454,0.009482842955475811,0.26075443980407204,0.2537557300433947,0.5093520213224233,-0.7689750014693639,0.10750437970601467,-0.3976618492956984,-0.40726211980845284,0.0769916915830702,0.879433547730196
727,0.5244673923751656,-0.19189453569663806,0.9847185820765473,0.9199866389928846,0.3690966238496741,0.1005889887656145,0.45930226255784173,0.4659673308391082,0.30902000097140314,0.7738869071021321,0.07380784697187166,0.3249854977182678,0.3209068324761698,0.5306364817727931,-0.7571234124644511,0.26994391480083973,-0.2565039934483429,-0.4075996507526062,-0.10848654890489719,0.8517827756559324
728,0.5064784770646343,-0.19481310183190204,0.9911989466828511,0.9083331788802395,0.37739160735593646,0.00271854111760346,0.41960057426382213,0.4825940170272304,0.3800498630909756,0.9870726946048597,-0.04668603557731825,0.3622057793855341,0.2676226309282021,0.5377543736597912,-0.7495683829051607,0.25671656606274235,-0.2578589164132769,-0.4464232857703963,-0.0390554318549811,0.7670219962528273
729,0.5064784770646343,-0.19481310183190204,0.9911989466828511,0.9083331788802395,0.37739160735593646,0.00271854111760346,0.41960057426382213,0.4825940170272304,0.3800498630909756,0.9870726946048597,-0.04668603557731825,0.3622057793855341,0.2676226309282021,0.5377543736597912,-0.7495683829051607,0.25671656606274235,-0.2578589164132769,-0.4464232857703963,-0.0390554318549811,0.7670219962528273
730,0.5219080467658697,-0.20244032145312954,0.9949347193956612,0.8937280907420411,0.42302860833392075,0.026023801312486286,0.3939263865516244,0.44986847625914755,0.31137247252598144,0.9374783866376379,0.02171775479973504,0.3122093608831867,0.3077319630211001,0.5549556913721224,-0.782961178431395,0.15152479623478404,-0.2772315166008197,-0.41439956440575076,0.03344928061298611,0.8413500387689592
731,0.49845363860093617,-0.18376815457283982,0.9952053753721669,0.9100304252905387,0.40226620928536244,-0.003038408553626799,0.403364729829992,0.42650805029267413,0.28581102345639336,0.8595495920428778,0.06608849363640654,0.29929243924995014,0.2560942292964079,0.5336179096167445,-0.6381550525181946,0.2435454016995355,-0.29022921440574284,-0.4044436195429435,-0.015336129923602055,0.9127951595467682
732,0.49845363860093617,-0.18376815457283982,0.9952053753721669,0.9100304252905387,0.40226620928536244,-0.003038408553626799,0.403364729829992,0.42650805029267413,0.28581102345639336,0.8595495920428778,0.06608849363640654,0.29929243924995014,0.2560942292964079,0.5336179096167445,-0.6381550525181946,0.2435454016995355,-0.29022921440574284,-0.4044436195429435,-0.015336129923602055,0.9127951595467682
733,0.5312081250859532,-0.18116308738880793,0.9940968280983836,0.9242371269202535,0.4114655017675072,0.035532950878984865,0.291452229092826,0.49507228542079396,0.2513173484453904,0.9962046679823692,0.004466438965793167,0.2894386272467944,0.23496169730679606,0.5826305212500046,-0.7033818145810667,0.2679238391265635,-0.2777544863964832,-0.4192925826952394,0.0842390891489492,0.9373831297070345
734,0.5217283505507962,-0.1788465520260059,0.9792878452224122,0.9103260725426273,0.39895445464102197,-0.047284115771228416,0.4085830245629626,0.35249986650141607,0.3174796307120418,0.8932248855753552,-0.002638017165270741,0.30094246964042504,0.2479335304155896,0.5000704836209962,-0.6880892039843526,0.17393040691212916,-0.3482318751158844,-0.42100340992089813,0.029169278769313682,0.9201176311476608
735,0.5290128903615745,-0.18282992802123307,0.9897761597984924,0.8984770195773318,0.4176979359790613,0.018159743564787622,0.4494831113618438,0.34643912944603283,0.33762642886331556,0.839068918562266,0.10776833102525357,0.24435790966959495,0.37817556809834907,0.5189377514034699,-0.7290167114579573,0.011289756668155109,-0.35907188604075335,-0.3356213722084814,-0.03293794576596724,0.8841895438640379
736,0.5290128903615745,-0.18282992802123307,0.9897761597984924,0.8984770195773318,0.4176979359790613,0.018159743564787622,0.4494831113618438,0.34643912944603283,0.33762642886331556,0.839068918562266,0.10776833102525357,0.24435790966959495,0.37817556809834907,0.5189377514034699,-0.7290167114579573,0.011289756668155109,-0.35907188604075335,-0.3356213722084814,-0.03293794576596724,0.8841895438640379
737,0.5153432461040012,-0.17669380529887013,0.9695210103794635,0.9023567116242368,0.4476772743786107,-0.12740117167875642,0.3996150196236717,0.306539554291873,0.33672186303231655,0.899011243994792,0.02369701870920142,0.2754285248770464,0.4836149504705366,0.5546699421250612,-0.661015234801709,0.05631591188632088,-0.25610332597613683,-0.40079404551775166,0.010091925364140194,0.8988826875743265
738,0.500733911706175,-0.16616672296220622,0.9994108586381565,0.896400789889429,0.3989868026290849,-0.0309594190539957,0.3324981153303299,0.4273826382266466,0.25227075236246627,0.9040430620640473,0.11753785188360524,0.28414280103219003,0.5017654202547502,0.5594081560017752,-0.6713630783188981,0.12016574457880408,-0.23756114039856296,-0.3532977158464254,-0.05053467772771992,0.9303863757176641
739,0.529451996750652,-0.16040727658413953,0.9892874782277559,0.9018500034121896,0.42421451651640824,-0.1079995648693132,0.3568550650734535,0.389176885837245,0.3301487877641625,0.8758363340872748,0.11496433560670036,0.3324055570831667,0.536448435883685,0.7008122572935163,-0.6377788944437617,0.11207895638120392,-0.2665717110001668,-0.38613577383036846,-0.05994606460495427,0.9506635398045787
740,0.5318545492506609,-0.20690675443652995,0.9866293793937458,0.8978104800092971,0.45885237773910864,-0.08686893264328538,0.2873180249661075,0.48746221012197144,0.30294294353239565,0.9223560352397444,0.13904641725830857,0.356757235704009,0.5968348169489948,0.7493909683497562,-0.705593807496898,0.12880773305550244,-0.09180217791891714,-0.4008208720367666,-0.07490415245444063,0.9574420585179669
741,0.4918996036222367,-0.19096524375320223,0.9857401992768821,0.9010096900293911,0.4713869231432663,-0.14689453939943392,0.35105063343436205,0.4037555253936874,0.36003059179643937,0.9578837953508696,0.15797658857661742,0.3966596955508599,0.6792983187357634,0.7864066111085987,-0.6302393597864876,0.061148194839314086,-0.12370345982560271,-0.3872257558732758,-0.1057429888235024,0.9363093688277109
742,0.5246133161845926,-0.17946942888316184,0.9739848674682885,0.9173363809167696,0.4833154228636651,-0.06882229095298628,0.4876608504214775,0.36243207701511976,0.4056908910007107,0.8578071834476063,0.17513870722592467,0.3488766349731697,0.6816596628283287,0.62642946805534,-0.8002679937757595,-0.08513057368321317,-0.11900981611855838,-0.3974049431658621,-0.1222797079514631,0.7713937668680574
743,0.520558190837878,-0.18715084960296555,0.9676026369980136,0.9225801274916644,0.4761012072378179,-0.16410747317286573,0.5280174722018998,0.295457664575569,0.42602773368322044,0.8514476833533052,0.1787757274480686,0.326029834934309,0.721034547104088,0.6272516700748303,-0.7228010950870811,-0.1174191940888039,-0.21706276951114212,-0.39487148790557286,-0.09657393807423294,0.8027277931385012
744,0.520558190837878,-0.18715084960296555,0.9676026369980136,0.9225801274916644,0.4761012072378179,-0.16410747317286573,0.5280174722018998,0.295457664575569,0.42602773368322044,0.8514476833533052,0.1787757274480686,0.326029834934309,0.721034547104088,0.6272516700748303,-0.7228010950870811,-0.1174191940888039,-0.21706276951114212,-0.39487148790557286,-0.09657393807423294,0.8027277931385012
745,0.5448393707406917,-0.20576410991826805,0.9765840185871256,0.9202583050570341,0.4600296542114117,-0.10908025829746701,0.5707089422906457,0.24916163702333688,0.45042129232536765,0.8130427826872575,0.21790759568887214,0.31470802069256637,0.7546485285059658,0.582156625798678,-0.8287145573474813,-0.22123147080802083,-0.2246046858058622,-0.353227638999028,-0.1391771468410577,0.7058197021290742
746,0.501126227286625,-0.198267672454928,0.9790424193611218,0.9076191791386973,0.43625095921395557,-0.06649299782240667,0.6791778190624862,0.25363046014561785,0.4476941673474091,0.7430417172014502,0.22556548277471916,0.3706185016213054,0.7824481123674405,0.5336122418329876,-0.736793303752536,-0.1654090367008764,-0.24472671856181444,-0.35927222053696606,-0.14443670721914229,0.6977504499508806
747,0.5306405762600636,-0.1974660164551128,0.9696062782489273,0.9629989920998244,0.41398356113301327,-0.056046367776780195,0.6744295878516334,0.2273773210999885,0.5180256004805376,0.7516791133458522,0.208139614709962,0.3522109127185429,0.7571062875291323,0.5199196168181242,-0.8538950236684041,-0.2464704287276991,-0.24023903883885325,-0.3348586194993982,-0.184033296013423,0.5781086206825072
748,0.4983150904769073,-0.20910748357680858,0.9992866235761917,0.8289298841007149,0.45142369828923057,-0.12521073060737975,0.682695248829551,0.1878695370990821,0.5060575875623212,0.7560983743541583,0.2359555603487737,0.3499223318741229,0.8102009994337618,0.5792061224410523,-0.798547703722738,-0.2623655267694601,-0.22464767923644585,-0.38125356391019555,-0.15913067948963816,0.6508737121567478
749,0.4983150904769073,-0.20910748357680858,0.9992866235761917,0.8289298841007149,0.45142369828923057,-0.12521073060737975,0.682695248829551,0.1878695370990821,0.5060575875623212,0.7560983743541583,0.2359555603487737,0.3499223318741229,0.8102009994337618,0.5792061224410523,-0.798547703722738,-0.2623655267694601,-0.22464767923644585,-0.38125356391019555,-0.15913067948963816,0.6508737121567478
750,0.5293187643708072,-0.20187446584076735,0.9690773778282284,0.9715486131211899,0.43262757782918715,-0.15556537187140526,0.5554117777383955,0.24255258487585418,0.44651313654599245,0.8366231883826599,0.19937381490650635,0.29281673662153757,0.7815714971571903,0.5010592350530407,-0.7980620344237832,-0.242785193393944,-0.2146391199726413,-0.3415474041071652,-0.10513900536702415,0.6606354750127207
751,0.5318461477383646,-0.20684543318740453,0.9829961794497959,0.9462766971565598,0.48887250847065755,-0.2164292689102946,0.5732701090601141,0.15882149026892908,0.45950524535335896,0.8786428196485563,0.140628444994091,0.2793753635164622,0.6985368299089254,0.5538275730661217,-0.7774253558702751,-0.22344761127794274,-0.2756899291671089,-0.34997622116256116,-0.028216004248634456,0.7075324940825166
752,0.5003360234312983,-0.21779571978173778,0.9903405803756996,0.8721085217216796,0.4100877911636539,-0.12479546937568024,0.5652346838616001,0.2490291068123237,0.42411165796546907,0.798147622729709,0.2054608888427664,0.2669204234019248,0.6647922612160397,0.5409406870786635,-0.8066320268155484,-0.21631812351060856,-0.29255690375865695,-0.31517309901180784,-0.11032819891087017,0.7348049857428555
753,0.4844391136287992,-0.21251459666351996,0.9858684229844874,0.9010367940159719,0.49689413147841005,-0.12812166241998257,0.6229069699031988,0.23765057218810373,0.4831183848015736,0.7535719517867799,0.19704296012496855,0.35401908426009004,0.7231242280850585,0.6766359533908173,-0.780043376597182,-0.18902065471114604,-0.19276565367807372,-0.39930318993654895,-0.1344083259746811,0.7198653705839034
754,0.5050805916680825,-0.15599538407635477,0.9909252276620455,0.9123686243703693,0.41960582584392364,-0.12603040029442225,0.5829105004934102,0.20482266170037475,0.4469875011239748,0.7381583234050324,0.24177729278048257,0.26741081476672934,0.7499000251004609,0.47758432931839057,-0.7503182400937891,-0.25305801595878413,-0.3009905922207785,-0.31936900952306824,-0.13886655000017048,0.7149162893682535
755,0.5259603243810782,-0.189616391552878,0.9824864754313261,0.9013192821333718,0.42998299830886016,-0.10402637851830462,0.6342748546472072,0.22420653460435333,0.3766889881876698,0.7900818925630505,0.19699152727937322,0.2796895987843804,0.6488210261711936,0.4532072110451028,-0.7161128346658282,-0.18587573514190728,-0.34479675818083677,-0.31881303407347716,-0.03488820117232207,0.7935031993458874
756,0.5259603243810782,-0.189616391552878,0.9824864754313261,0.9013192821333718,0.42998299830886016,-0.10402637851830462,0.6342748546472072,0.22420653460435333,0.3766889881876698,0.7900818925630505,0.19699152727937322,0.2796895987843804,0.6488210261711936,0.4532072110451028,-0.7161128346658282,-0.18587573514190728,-0.34479675818083677,-0.31881303407347716,-0.03488820117232207,0.7935031993458874
757,0.5206147745972356,-0.17026941124624934,0.9934046134188779,0.8976054638590822,0.43870425302172866,-0.0990129888619042,0.5816022199465788,0.1954347296183537,0.4456582725958777,0.7877722781656972,0.17501679026342068,0.2850542802295847,0.5704189766325072,0.5197138067163508,-0.8467972525132917,-0.23050040794428994,-0.35085608619535763,-0.3646150406579774,-0.0970964925931881,0.7189867798926757
758,0.5206147745972356,-0.17026941124624934,0.9934046134188779,0.8976054638590822,0.43870425302172866,-0.0990129888619042,0.5816022199465788,0.1954347296183537,0.4456582725958777,0.7877722781656972,0.17501679026342068,0.2850542802295847,0.5704189766325072,0.5197138067163508,-0.8467972525132917,-0.23050040794428994,-0.35085608619535763,-0.3646150406579774,-0.0970964925931881,0.7189867798926757
759,0.5412132905494863,-0.18984579800770518,0.9800930816166643,0.8846059010720383,0.4241875133951951,-0.05345225025706628,0.6981641337217841,0.17487408235058577,0.45123739187200707,0.7390420044819805,0.19956110720200984,0.27763125801285665,0.5902681542448341,0.4687090361067495,-0.7849898669891737,-0.1988634022632018,-0.3358234057029273,-0.3367111935220284,-0.08787671456835981,0.7155510498428274
760,0.5412132905494863,-0.18984579800770518,0.9800930816166643,0.8846059010720383,0.4241875133951951,-0.05345225025706628,0.6981641337217841,0.17487408235058577,0.45123739187200707,0.7390420044819805,0.19956110720200984,0.27763125801285665,0.5902681542448341,0.4687090361067495,-0.7849898669891737,-0.1988634022632018,-0.3358234057029273,-0.3367111935220284,-0.08787671456835981,0.7155510498428274
761,0.5373421597506055,-0.18445492323238277,0.9811412161892972,0.8723396469022399,0.3769496253871051,-0.08183378139798814,0.7168770901222088,0.15848316532338338,0.4741282083357114,0.6731985268159733,0.2281771315140332,0.2739077853534347,0.6193108952859311,0.373978268485647,-0.8100228932654354,-0.2515382244926861,-0.45604842769928733,-0.3332310675895151,-0.1390655813763978,0.6428937613464955
762,0.5207546261372529,-0.19618065332655135,0.9893364772867204,0.8723582188167154,0.44123890027113943,-0.09182779108149927,0.7246208740280576,0.10840762708515665,0.47074052231993146,0.644970908776652,0.26296809686516137,0.29917344506306115,0.659367759878846,0.48042400292160925,-0.8281826727206651,-0.3184493848441277,-0.3930628998039623,-0.3243251943315579,-0.094571337055852,0.7049981810744961
763,0.5233484038826501,-0.1970654164798185,0.999273505433627,0.883345552030771,0.34706307077909765,-0.11233523767757969,0.7973421767951528,0.08613769427601767,0.5100174308787379,0.6060967510432387,0.3099747531916531,0.29568954717284346,0.8010778394433209,0.32948250364119547,-0.7989611254626651,-0.33305418442671936,-0.4056081167868061,-0.28820842724266643,-0.23127613290442453,0.6278701190993384
764,0.5144189824860629,-0.1975513900821265,0.9884901451301779,0.8684486763366095,0.343439882397858,-0.08776930050686246,0.8048939940114314,0.043485295419889256,0.5253981731240572,0.6255072421045464,0.26895699973192777,0.2967091590969512,0.7696826631941225,0.2546821587712131,-0.7821685311061809,-0.42404309760879794,-0.43099846404860226,-0.26476458091392663,-0.17627750366083242,0.4851449910805263
765,0.5232852381690086,-0.1930413961920799,0.983711003262925,0.8935004911181861,0.39782381595895283,-0.23490551958747893,0.7012134765492427,0.020575307892436834,0.46986630062929546,0.7297470323386255,0.27062159879012543,0.1732637336884565,0.8027918140699996,0.377194745970244,-0.8285174817502124,-0.45542163862000495,-0.39777720129240485,-0.2236183135254252,-0.17863909303031933,0.6926117768541089
766,0.5211153580161687,-0.19441844372218592,0.9855748065749743,0.9051810994416655,0.43377327190310166,-0.1325228875602203,0.7451067106086972,0.03089449880982725,0.4692095751727999,0.6456069246716168,0.23466329033490615,0.1789740392785385,0.7387483419378723,0.316087660709661,-0.7777547279829229,-0.3897908522981453,-0.4466734343837879,-0.29753861783275926,-0.06336340068279735,0.6457789286849107
767,0.5211153580161687,-0.19441844372218592,0.9855748065749743,0.9051810994416655,0.43377327190310166,-0.1325228875602203,0.7451067106086972,0.03089449880982725,0.4692095751727999,0.6456069246716168,0.23466329033490615,0.1789740392785385,0.7387483419378723,0.316087660709661,-0.7777547279829229,-0.3897908522981453,-0.4466734343837879,-0.29753861783275926,-0.06336340068279735,0.6457789286849107
768,0.5211153580161687,-0.19441844372218592,0.9855748065749743,0.9051810994416655,0.43377327190310166,-0.1325228875602203,0.7451067106086972,0.03089449880982725,0.4692095751727999,0.6456069246716168,0.23466329033490615,0.1789740392785385,0.7387483419378723,0.316087660709661,-0.7777547279829229,-0.3897908522981453,-0.4466734343837879,-0.29753861783275926,-0.06336340068279735,0.6457789286849107
769,0.5053333208916255,-0.19815865755069642,0.9919327181534852,0.8886917700277679,0.40817283530979914,-0.18299794847790493,0.7845281381470066,-0.02538346280737231,0.5833420473413293,0.6649925804839246,0.25909829306915877,0.15077851329659614,0.7324003958939937,0.40097776016726056,-0.8732487608109717,-0.504276758283892,-0.5004549292416431,-0.27953857833521234,-0.1482383768656888,0.7753549451244212
770,0.5263079230072951,-0.18265031745036112,0.9891056021820451,0.8868836302582889,0.46622757605353427,-0.08458072389455534,0.746453995430243,-0.01598406010530655,0.5381861800668666,0.6986397335661523,0.16416344857485987,0.1761802423133416,0.49214652541830256,0.29665399055288266,-0.9442870262924431,-0.4391481836621575,-0.5412191148286051,-0.3310932706687384,0.014051241512138287,0.6309670750636582
771,0.5263079230072951,-0.18265031745036112,0.9891056021820451,0.8868836302582889,0.46622757605353427,-0.08458072389455534,0.746453995430243,-0.01598406010530655,0.5381861800668666,0.6986397335661523,0.16416344857485987,0.1761802423133416,0.49214652541830256,0.29665399055288266,-0.9442870262924431,-0.4391481836621575,-0.5412191148286051,-0.3310932706687384,0.014051241512138287,0.6309670750636582
772,0.5410073954734756,-0.20646398299308824,0.9853714505095373,0.876712855219508,0.44093678779941564,-0.09457983366508291,0.7783047750911656,-0.013509540715729438,0.5726556987731565,0.6340822555003248,0.2339516604363614,0.2052877034355754,0.45226516130668354,0.48535727576245874,-0.9159764692150932,-0.44776011203161187,-0.48068530029048173,-0.37683336294848163,-0.1140815821966312,0.8348901170307562
773,0.5410073954734756,-0.20646398299308824,0.9853714505095373,0.876712855219508,0.44093678779941564,-0.09457983366508291,0.7783047750911656,-0.013509540715729438,0.5726556987731565,0.6340822555003248,0.2339516604363614,0.2052877034355754,0.45226516130668354,0.48535727576245874,-0.9159764692150932,-0.44776011203161187,-0.48068530029048173,-0.37683336294848163,-0.1140815821966312,0.8348901170307562
774,0.5410073954734756,-0.20646398299308824,0.9853714505095373,0.876712855219508,0.44093678779941564,-0.09457983366508291,0.7783047750911656,-0.013509540715729438,0.5726556987731565,0.6340822555003248,0.2339516604363614,0.2052877034355754,0.45226516130668354,0.48535727576245874,-0.9159764692150932,-0.44776011203161187,-0.48068530029048173,-0.37683336294848163,-0.1140815821966312,0.8348901170307562
775,0.5134201186933738,-0.18806912631686495,0.9895031365388184,0.8840694137530589,0.4327079454920779,-0.05555964249452813,0.7434039262017725,-0.02596895204340314,0.5433813929497888,0.675979349096179,0.20812350657684395,0.1587128640465141,0.43035546608536684,0.33894281581636515,-0.9133975816184781,-0.3877941675146584,-0.6157880258768834,-0.3158129125960175,-0.04411987205945354,0.7213140757697166
776,0.5315814312386561,-0.20473766197062265,0.9973150198256958,0.8715936267463725,0.44071909954239963,-0.017305401805738606,0.790495046107788,0.053372944844843256,0.5447304748571417,0.6103482243830712,0.20397038760026012,0.24472175670475738,0.44622689082365086,0.42185035420300737,-0.8722186649642388,-0.3373127488570785,-0.4956865278659041,-0.332854229534304,-0.1140181653219759,0.793511724988789
777,0.531134770349046,-0.19445985016661776,0.9927132588650132,0.8536599198518724,0.48688992343965326,-0.07427050932717065,0.7331292169405684,0.025155655095966373,0.5102498287628443,0.6423961864972016,0.28485325843837783,0.2078359455469042,0.5579065549868139,0.2856258857778807,-0.821917895186331,-0.418122952715763,-0.6039333565326374,-0.2839591818765049,-0.020404427069979265,0.7071351441267181
778,0.531134770349046,-0.19445985016661776,0.9927132588650132,0.8536599198518724,0.48688992343965326,-0.07427050932717065,0.7331292169405684,0.025155655095966373,0.5102498287628443,0.6423961864972016,0.28485325843837783,0.2078359455469042,0.5579065549868139,0.2856258857778807,-0.821917895186331,-0.418122952715763,-0.6039333565326374,-0.2839591818765049,-0.020404427069979265,0.7071351441267181
779,0.531134770349046,-0.19445985016661776,0.9927132588650132,0.8536599198518724,0.48688992343965326,-0.07427050932717065,0.7331292169405684,0.025155655095966373,0.5102498287628443,0.6423961864972016,0.28485325843837783,0.2078359455469042,0.5579065549868139,0.2856258857778807,-0.821917895186331,-0.418122952715763,-0.6039333565326374,-0.2839591818765049,-0.020404427069979265,0.7071351441267181
780,0.5205319542268734,-0.1772583741160746,0.971204604259402,0.9028226143598356,0.48332513039103664,-0.2548789948968463,0.572171910801552,0.044115459787240935,0.4871659846842212,0.8130961983196308,0.16910858605057563,0.1993700764626279,0.575738099117938,0.37010446161675764,-0.7663479907930016,-0.3435114144586149,-0.3753382135246034,-0.30753079489564883,-0.03203978936758695,0.8428278606501768
781,0.5041642178660627,-0.21172318614556707,0.9759959812798406,0.8633399503819668,0.49612546745707564,-0.16663953528823583,0.5145528919834946,0.13722203164454502,0.4720903591953775,0.9066919755965923,0.053133236666326036,0.21131952293240028,0.5943197127757157,0.41228588989919746,-0.8681752902665549,-0.29915881924932897,-0.421312235719917,-0.3097167259063648,0.050217562755748804,0.7510682851282345
782,0.4921936335915635,-0.21113152766774984,0.9678423642897976,0.9060137185971662,0.43227525474263245,-0.272461967758513,0.5397567815476836,0.06925495553398213,0.523204102983199,0.9238914617713276,0.08364973474309523,0.21338807364312457,0.5976500387018944,0.5015183696410536,-0.9121282502532727,-0.30911414217060246,-0.2763809056807476,-0.3201908343776101,0.012425766204379522,0.7754107326494578
783,0.5086085180790563,-0.22451624322781116,0.967173728021941,0.9314304601534195,0.49975003783439553,-0.1694801868208965,0.6549582444021903,0.14147708507597703,0.49599193418633536,0.8292621494700794,0.1167849300046552,0.24598570002455494,0.7251740582396042,0.3986022824486693,-0.8634003928889604,-0.3694604107668222,-0.3801606633420627,-0.33401040459800757,-0.03190364714664297,0.6572987800006883
784,0.5086085180790563,-0.22451624322781116,0.967173728021941,0.9314304601534195,0.49975003783439553,-0.1694801868208965,0.6549582444021903,0.14147708507597703,0.49599193418633536,0.8292621494700794,0.1167849300046552,0.24598570002455494,0.7251740582396042,0.3986022824486693,-0.8634003928889604,-0.3694604107668222,-0.3801606633420627,-0.33401040459800757,-0.03190364714664297,0.6572987800006883
785,0.5142065344455569,-0.18352428276780755,0.9877114043917133,0.9248795633341923,0.4435913342660016,-0.16515664302062472,0.6418923437501137,0.11447311130881987,0.5120425708643377,0.7938041239613103,0.15637040312427414,0.222856365225193,0.7024683479659214,0.43755037420842635,-0.8539417966337469,-0.3315374776554984,-0.31033608181415395,-0.34337706853923594,-0.11848635966952455,0.7048786923786317
786,0.5358596594496481,-0.20442743044464237,0.9833488110144175,0.8848867827573969,0.4588661509970714,-0.09616593875827252,0.6800128996789373,0.17987604166391183,0.44971475633199465,0.806278913284964,0.18818464635509607,0.30057528211748313,0.6616109797460628,0.4076135861835827,-0.7911166269356953,-0.2996936306176667,-0.3749368999102326,-0.3516592004506477,-0.006619714484322565,0.569471920114524
787,0.509299932337253,-0.18639873180761118,0.9894158907224595,0.8896469434585974,0.36862920115770553,-0.16791307953071005,0.6335190582936321,0.14913130223377918,0.4507124115368977,0.826627606270699,0.16292770283494692,0.20350074078660196,0.6583085929045632,0.28332338926879047,-0.7916158317375085,-0.3154261692379403,-0.38508249424208196,-0.2458532203319258,-0.06781317876574665,0.6822601154664358
788,0.509299932337253,-0.18639873180761118,0.9894158907224595,0.8896469434585974,0.36862920115770553,-0.16791307953071005,0.6335190582936321,0.14913130223377918,0.4507124115368977,0.826627606270699,0.16292770283494692,0.20350074078660196,0.6583085929045632,0.28332338926879047,-0.7916158317375085,-0.3154261692379403,-0.38508249424208196,-0.2458532203319258,-0.06781317876574665,0.6822601154664358
789,0.509299932337253,-0.18639873180761118,0.9894158907224595,0.8896469434585974,0.36862920115770553,-0.16791307953071005,0.6335190582936321,0.14913130223377918,0.4507124115368977,0.826627606270699,0.16292770283494692,0.20350074078660196,0.6583085929045632,0.28332338926879047,-0.7916158317375085,-0.3154261692379403,-0.38508249424208196,-0.2458532203319258,-0.06781317876574665,0.6822601154664358
790,0.509299932337253,-0.18639873180761118,0.9894158907224595,0.8896469434585974,0.36862920115770553,-0.16791307953071005,0.6335190582936321,0.14913130223377918,0.4507124115368977,0.826627606270699,0.16292770283494692,0.20350074078660196,0.6583085929045632,0.28332338926879047,-0.7916158317375085,-0.3154261692379403,-0.38508249424208196,-0.2458532203319258,-0.06781317876574665,0.6822601154664358
791,0.509299932337253,-0.18639873180761118,0.9894158907224595,0.8896469434585974,0.36862920115770553,-0.16791307953071005,0.6335190582936321,0.14913130223377918,0.4507124115368977,0.826627606270699,0.16292770283494692,0.20350074078660196,0.6583085929045632,0.28332338926879047,-0.7916158317375085,-0.3154261692379403,-0.38508249424208196,-0.2458532203319258,-0.06781317876574665,0.6822601154664358
792,0.509299932337253,-0.18639873180761118,0.9894158907224595,0.8896469434585974,0.36862920115770553,-0.16791307953071005,0.6335190582936321,0.14913130223377918,0.4507124115368977,0.826627606270699,0.16292770283494692,0.20350074078660196,0.6583085929045632,0.28332338926879047,-0.7916158317375085,-0.3154261692379403,-0.38508249424208196,-0.2458532203319258,-0.06781317876574665,0.6822601154664358
793,0.509299932337253,-0.18639873180761118,0.9894158907224595,0.8896469434585974,0.36862920115770553,-0.16791307953071005,0.6335190582936321,0.14913130223377918,0.4507124115368977,0.826627606270699,0.16292770283494692,0.20350074078660196,0.6583085929045632,0.28332338926879047,-0.7916158317375085,-0.3154261692379403,-0.38508249424208196,-0.2458532203319258,-0.06781317876574665,0.6822601154664358
794,0.5261758496961345,-0.20445547055694702,0.9989080437668478,0.8643175827091248,0.46322802896101123,-0.07244236570961451,0.6533872104094224,0.19096912932094265,0.4294768196669112,0.7333560275066321,0.1730658642304406,0.2567554947954008,0.5554686801330984,0.4498705349578002,-0.7923683815120188,-0.20629369010379367,-0.4129146546529321,-0.3659938426439947,-0.034591383683265815,0.760197306321782
795,0.5004809763564764,-0.18510284554630405,0.993722958943363,0.8986594920329722,0.40815807086011274,-0.09767041341187653,0.5998289303984542,0.22327626529372313,0.48523109222194905,0.7847587153324327,0.15250027625210727,0.2612406279508906,0.49513951555584507,0.47727306724137825,-0.8267797837106121,-0.21492611665052586,-0.35077976237130265,-0.3598318286261306,-0.12993237292548193,0.7506512516113618
796,0.5360681404679569,-0.1983433030042932,0.9777864171415193,0.892011175423575,0.4544527555974407,-0.04187104553494546,0.5565860811243609,0.22591163194010114,0.3528690788943587,0.7353831895496304,0.16819060814137773,0.2458674414843761,0.47352019038544,0.49080756273638093,-0.7455860642398671,-0.09417270788638157,-0.3982193611506517,-0.40700457958462344,-0.00417073274749157,0.8558704364276686
797,0.5231309078159347,-0.18217388792393926,0.9927431005108105,0.9110592956546175,0.36259510002784756,-0.01896276473768147,0.616208410572135,0.21424611108799296,0.39122390967657183,0.713728842542106,0.19198707518436792,0.21734506661382078,0.3840037695743069,0.40821004592314614,-0.7231606348663352,-0.09177049382210739,-0.49778756207063257,-0.3471603517253724,-0.12749839939926186,0.8984068285969439
798,0.532712804166109,-0.1883647543607906,0.9956279635294282,0.8936872977729824,0.36801169136558337,-0.0038225544362295483,0.5478869283248011,0.24983902559542034,0.3458496437760123,0.7679909804042324,0.1397901568718416,0.1908355646055917,0.3631687101561479,0.36487142920680815,-0.7392872685311482,-0.03375796930762953,-0.48103398597334174,-0.3283901125386254,-0.024684861324770914,0.8752857401227657
799,0.532712804166109,-0.1883647543607906,0.9956279635294282,0.8936872977729824,0.36801169136558337,-0.0038225544362295483,0.5478869283248011,0.24983902559542034,0.3458496437760123,0.7679909804042324,0.1397901568718416,0.1908355646055917,0.3631687101561479,0.36487142920680815,-0.7392872685311482,-0.03375796930762953,-0.48103398597334174,-0.3283901125386254,-0.024684861324770914,0.8752857401227657
800,0.532712804166109,-0.1883647543607906,0.9956279635294282,0.8936872977729824,0.36801169136558337,-0.0038225544362295483,0.5478869283248011,0.24983902559542034,0.3458496437760123,0.7679909804042324,0.1397901568718416,0.1908355646055917,0.3631687101561479,0.36487142920680815,-0.7392872685311482,-0.03375796930762953,-0.48103398597334174,-0.3283901125386254,-0.024684861324770914,0.8752857401227657
801,0.532712804166109,-0.1883647543607906,0.9956279635294282,0.8936872977729824,0.36801169136558337,-0.0038225544362295483,0.5478869283248011,0.24983902559542034,0.3458496437760123,0.7679909804042324,0.1397901568718416,0.1908355646055917,0.3631687101561479,0.36487142920680815,-0.7392872685311482,-0.03375796930762953,-0.48103398597334174,-0.3283901125386254,-0.024684861324770914,0.8752857401227657
802,0.5120152539330992,-0.1772704996106877,0.9942235398142707,0.8722411992124584,0.4350431898296878,-0.08038659117620167,0.49104124672329325,0.2382246426844879,0.3755552551148289,0.8603824140256799,0.06773483250116795,0.2393481757915278,0.3544711833766632,0.45612238627077156,-0.7482243021477318,-0.03969101834155027,-0.4495269138613845,-0.358819528594762,0.016962404129349237,0.9067028873244548
803,0.5120152539330992,-0.1772704996106877,0.9942235398142707,0.8722411992124584,0.4350431898296878,-0.08038659117620167,0.49104124672329325,0.2382246426844879,0.3755552551148289,0.8603824140256799,0.06773483250116795,0.2393481757915278,0.3544711833766632,0.45612238627077156,-0.7482243021477318,-0.03969101834155027,-0.4495269138613845,-0.358819528594762,0.016962404129349237,0.9067028873244548
804,0.5283121242406763,-0.19106072202671381,0.9873794279790081,0.8684495724654211,0.46117534473642047,-0.08482510432758333,0.43161529859728887,0.2219954953189633,0.37026852338360744,0.8445776266932108,0.11100742491469648,0.23031874558378967,0.48523228494833165,0.5608587415764906,-0.792873442002606,-0.12262163084105421,-0.33861298656477085,-0.3828312214304665,0.0018485864150845112,0.9160028162136632
805,0.5283121242406763,-0.19106072202671381,0.9873794279790081,0.8684495724654211,0.46117534473642047,-0.08482510432758333,0.43161529859728887,0.2219954953189633,0.37026852338360744,0.8445776266932108,0.11100742491469648,0.23031874558378967,0.48523228494833165,0.5608587415764906,-0.792873442002606,-0.12262163084105421,-0.33861298656477085,-0.3828312214304665,0.0018485864150845112,0.9160028162136632
806,0.5182306201533361,-0.1939816727501285,0.9835186412806319,0.878932138057875,0.46707098254391494,-0.12093614811979886,0.5099590238507655,0.18133761955663905,0.4097043390015147,0.8104995786794628,0.11857585827666482,0.23146185578603137,0.4478081420589507,0.5163264274900388,-0.7722565865598138,-0.15671902433193996,-0.39454702478982584,-0.3934845370225042,-0.0065274180114837845,0.9146824038178738
807,0.5182306201533361,-0.1939816727501285,0.9835186412806319,0.878932138057875,0.46707098254391494,-0.12093614811979886,0.5099590238507655,0.18133761955663905,0.4097043390015147,0.8104995786794628,0.11857585827666482,0.23146185578603137,0.4478081420589507,0.5163264274900388,-0.7722565865598138,-0.15671902433193996,-0.39454702478982584,-0.3934845370225042,-0.0065274180114837845,0.9146824038178738
808,0.5182306201533361,-0.1939816727501285,0.9835186412806319,0.878932138057875,0.46707098254391494,-0.12093614811979886,0.5099590238507655,0.18133761955663905,0.4097043390015147,0.8104995786794628,0.11857585827666482,0.23146185578603137,0.4478081420589507,0.5163264274900388,-0.7722565865598138,-0.15671902433193996,-0.39454702478982584,-0.3934845370225042,-0.0065274180114837845,0.9146824038178738
809,0.5182306201533361,-0.1939816727501285,0.9835186412806319,0.878932138057875,0.46707098254391494,-0.12093614811979886,0.5099590238507655,0.18133761955663905,0.4097043390015147,0.8104995786794628,0.11857585827666482,0.23146185578603137,0.4478081420589507,0.5163264274900388,-0.7722565865598138,-0.15671902433193996,-0.39454702478982584,-0.3934845370225042,-0.0065274180114837845,0.9146824038178738
810,0.5191635003405082,-0.20204653311598889,0.988933785743723,0.8553772021982385,0.4188934883965754,-0.10024969867560209,0.5264318611817852,0.2250313171487038,0.36220060265440013,0.7866639553173194,0.2143036064684033,0.20742072904463407,0.6436431071319106,0.4359225782688684,-0.7177979365806649,-0.15720271925901672,-0.3781477744910081,-0.30037459431957364,-0.06071182700870804,0.8088483561051985
811,0.5120431846157597,-0.20042638994266965,0.9831078058536894,0.8689577958852199,0.4343713982864039,-0.10273216899120483,0.6108463905900956,0.1680473801894455,0.4428468232488688,0.7525166989197695,0.14680300833140209,0.2555989782967021,0.5545624645357836,0.429792134102016,-0.7549872478625417,-0.19474866288239678,-0.39683705751700504,-0.3613240464384847,-0.05332512739305607,0.7819459292079669
812,0.5196637262700086,-0.18477716325332558,0.994877709610271,0.865618263481702,0.4052295386610813,-0.05606895782991969,0.5622107947393354,0.25097576532531657,0.41829942294683253,0.8257946858782659,0.10682584319440881,0.25706669796948756,0.4940428717110949,0.39387995060768544,-0.824516749013162,-0.12921061355401972,-0.3393024201270032,-0.3321122749286722,-0.05627676649010253,0.7026999108418203
813,0.511990530766691,-0.17149764660000577,0.9880732878479845,0.8792865029954265,0.46173006590495846,-0.10713610261414486,0.5348704472127037,0.18308761894021253,0.4268683408824518,0.926636368082292,-0.005810993326243395,0.22959590213614575,0.3269771939912306,0.4063026833544052,-0.8326109121736154,-0.14993292920799353,-0.42328296963452966,-0.37462766506409856,0.07470009148695887,0.7745282256752188
814,0.5175555332918482,-0.21291488577999662,0.9927686729219292,0.8871575214641861,0.3659401639439635,-0.006229393353586272,0.4684167621802837,0.33366612101200854,0.3745663077286696,0.8659281340158075,0.0733174694557958,0.257399790178724,0.3257096575077506,0.4289822295636714,-0.7740144868715026,0.02344829392610657,-0.4184691420928559,-0.3635763245933446,-0.03827885292535428,0.8129381849929831
815,0.5206145338594688,-0.2238003038180073,0.9925144603039333,0.8908343035260382,0.35267325295745033,0.040852126929940835,0.5923405868160914,0.29145172479839004,0.3404079014767594,0.8729013144998378,0.04515430362375159,0.22255105403382433,0.21974395329561047,0.25769815062565077,-0.7535489760527199,0.07617809620643667,-0.478076793954258,-0.31021834174952084,-0.0073475757398770904,0.7983776430604173
816,0.5122960100451716,-0.22457429045326233,0.984999849564375,0.9061110053190864,0.35278547766751905,-0.00042388639459389494,0.5572392113186334,0.22069115318280974,0.40002986743880786,0.7291013595597418,0.10292383179042837,0.22263697026254278,0.24818815455245083,0.3257663474733765,-0.7677741820925855,-0.09170266856791942,-0.5004255002387099,-0.3463055926717965,-0.03972491616080981,0.8139309097466602
817,0.5114859985225774,-0.22492525720772252,0.9965694297099909,0.9075336524860673,0.3218471330182006,0.10901790755685162,0.7423253376715161,0.21543018403609443,0.3907253898686784,0.7131724254870457,0.08887279112298001,0.2203489230122205,0.14809026992441102,0.1745896268904554,-0.8002077396352651,-0.05480801514782418,-0.6177987086843131,-0.3352854499117443,-0.051195080795340096,0.7231747845582226
818,0.5214701057721601,-0.22996099942177672,0.9902301926843317,0.903573541096131,0.30188363445013167,0.11388435065035754,0.664628610296415,0.3096994163408202,0.41809311592127446,0.7442658872336597,0.07107347429983307,0.25053116728965064,0.22628691473528537,0.2032835204643039,-0.7688269122630654,0.005144342024701489,-0.5902071679645727,-0.3495094873362686,-0.10541448678687855,0.6758178345746267
819,0.5214701057721601,-0.22996099942177672,0.9902301926843317,0.903573541096131,0.30188363445013167,0.11388435065035754,0.664628610296415,0.3096994163408202,0.41809311592127446,0.7442658872336597,0.07107347429983307,0.25053116728965064,0.22628691473528537,0.2032835204643039,-0.7688269122630654,0.005144342024701489,-0.5902071679645727,-0.3495094873362686,-0.10541448678687855,0.6758178345746267
820,0.4949803186620095,-0.21159036552211002,0.9916003417298546,0.9124654934274151,0.3543022974325162,0.0450886120166142,0.5905826140603052,0.258992319681169,0.3475671572008676,0.7762047683392964,0.14306857231354733,0.2734430023218202,0.25469417047305665,0.31825444402652564,-0.7483910128712853,-0.0005224379637674757,-0.5199983677694975,-0.3530038876484887,-0.022573534711983954,0.8430046891519218
821,0.5013570419541715,-0.24516224019551255,0.9955217461709494,0.8861898398692922,0.33751323977140324,-0.005620038352974591,0.5543289675272072,0.25234978153952936,0.42316448563699405,0.831591106113534,0.04624861061410587,0.25477654199390504,0.27277073774878485,0.3340182130336906,-0.8255795179587935,-0.05834253789207293,-0.4536718063703958,-0.31613488662074446,-0.033399002680478684,0.7166428994328368
822,0.5013570419541715,-0.24516224019551255,0.9955217461709494,0.8861898398692922,0.33751323977140324,-0.005620038352974591,0.5543289675272072,0.25234978153952936,0.42316448563699405,0.831591106113534,0.04624861061410587,0.25477654199390504,0.27277073774878485,0.3340182130336906,-0.8255795179587935,-0.05834253789207293,-0.4536718063703958,-0.31613488662074446,-0.033399002680478684,0.7166428994328368
823,0.5015998726976411,-0.25307889232208663,0.9927194324472787,0.8734212179706136,0.4224951821660804,-0.10070155187453647,0.5399300317728767,0.22693035864913308,0.3445045372301033,0.9243693090356421,0.0478810606656724,0.20931362560260638,0.3428952911258683,0.2807999229188264,-0.7417004717850596,-0.07814488009735711,-0.4627309574715578,-0.3031506554675048,0.09762289804203181,0.7641384079318202
824,0.5112390441715088,-0.2339714453826185,0.9953027597874624,0.9065415598703787,0.3806047447982894,-0.043079526674518226,0.46408500458099,0.2999392277116963,0.36957983071408734,0.8868641751604307,0.04310876553361709,0.25730021769441974,0.25666643175493337,0.4211459829268702,-0.7723691221141095,0.026154267637222284,-0.42806994047549,-0.34981984607209893,0.005253088374005892,0.823267905052534
825,0.5036661785058426,-0.19497478192259482,0.9749850419895629,0.9403114800549224,0.4288276686805796,-0.04826217953321289,0.4745676949289231,0.3018767940620894,0.35734241433186326,0.9425695346942777,0.001944258584102303,0.21812095287944996,0.22466750675879577,0.37768281103245227,-0.7663765531641329,0.02060138681883371,-0.4461146381867614,-0.34482357734778457,0.10391692877946165,0.8358996514193408
826,0.5137172388200023,-0.22012205540429275,0.9873020876147796,0.8571071914288768,0.4135716253257572,-0.0592577469293751,0.4801411627965693,0.2987355613680316,0.39948056289207956,0.8880245712426467,0.006247735074993646,0.24676533390037575,0.2046551173843052,0.4684066731085124,-0.8636566085618651,-0.05486960620181068,-0.3471337680335541,-0.40393091921853214,-0.009390444435584861,0.8110709083444987
827,0.5103044661297611,-0.22042109686375363,0.9993609857475845,0.8908855374128876,0.43474781347878266,0.018416900455092405,0.4895549877928304,0.3676278950021229,0.371404452710853,0.9520411933424342,0.010731141198523832,0.2763029982344485,0.24908239601086365,0.5076064001842889,-0.7843747159464792,0.10790597274791594,-0.3601226248708007,-0.42567976459840035,0.07227199599483969,0.8414858478451561
828,0.4928339685322798,-0.20810339894205027,0.9946495740984845,0.9008818601796738,0.45899555346877824,-0.13815995048885765,0.40304504300065735,0.2790821854049278,0.3397198018425321,0.9244359259543468,0.011463062645020696,0.2043214016685055,0.35190092945222623,0.43768474138889646,-0.7419089884487113,-0.05599278703545389,-0.3684377727863748,-0.3935910929883441,0.05042131757295881,0.8684623167775883
829,0.49499486975069323,-0.19919377089764145,0.9781572238315925,0.9007856253610188,0.3968636241135873,-0.021071063507930896,0.5408706336602337,0.3006739351544787,0.3306333710339845,0.8418008898818772,0.07220899807593867,0.26629934872922806,0.37981583467390395,0.41574795698293615,-0.719842054093742,-0.028425186218788017,-0.4036767930410163,-0.3294162491553481,-0.007218641628471991,0.8478168360392428
830,0.49499486975069323,-0.19919377089764145,0.9781572238315925,0.9007856253610188,0.3968636241135873,-0.021071063507930896,0.5408706336602337,0.3006739351544787,0.3306333710339845,0.8418008898818772,0.07220899807593867,0.26629934872922806,0.37981583467390395,0.41574795698293615,-0.719842054093742,-0.028425186218788017,-0.4036767930410163,-0.3294162491553481,-0.007218641628471991,0.8478168360392428
831,0.49499486975069323,-0.19919377089764145,0.9781572238315925,0.9007856253610188,0.3968636241135873,-0.021071063507930896,0.5408706336602337,0.3006739351544787,0.3306333710339845,0.8418008898818772,0.07220899807593867,0.26629934872922806,0.37981583467390395,0.41574795698293615,-0.719842054093742,-0.028425186218788017,-0.4036767930410163,-0.3294162491553481,-0.007218641628471991,0.8478168360392428
832,0.5329040410145024,-0.21052023075480447,0.9745928221355843,0.9115553151995233,0.420889436479168,-0.07010780729046093,0.547349939773612,0.1717426425090838,0.38472408613849923,0.7363533541321802,0.15349358907315921,0.20003941736536918,0.3891320318439761,0.40163358102972446,-0.7692667648126718,-0.16837382954466007,-0.5083961159255608,-0.33862695414889826,-0.05497343391223798,0.8680307199121903
833,0.5032915248373722,-0.18985236803125144,0.981780845299351,0.9019080094436422,0.46295518092827875,-0.10399554400294468,0.6356699017406648,0.017486297686514073,0.4712109564354638,0.7056920725393534,0.21015140281675138,0.14658914997155953,0.4025420043281767,0.40084821709801555,-0.8113712636790316,-0.3847595838375843,-0.6006914772735381,-0.3397255892980997,0.022216037275015015,0.988088016302909
834,0.4938074300189584,-0.19181217204945206,0.9846377505063577,0.9115764930461558,0.41584873702162584,-0.13754199531956487,0.5716597996177236,0.008178647308015109,0.39718567521531156,0.6523720880451899,0.21642139015508025,0.06964809965911001,0.3902739000906849,0.31532240224541874,-0.7855234999812384,-0.3784954513169939,-0.6140254181332157,-0.26537667159841677,-0.07354354686205586,0.9537676975948205
835,0.5242325640256077,-0.2146094327614154,0.9934190308046271,0.8837852808191515,0.43862880488108913,-0.11532831724920466,0.7328581255399265,0.010010973380868746,0.4630429925605957,0.6918116294616118,0.19421087485332708,0.17707951337582137,0.39930117297976847,0.297425004501722,-0.7975673137469578,-0.3953361674538508,-0.659229195415909,-0.2907164042727889,0.0036480421010470915,0.9460382426419458
836,0.505407184455873,-0.19875502111360993,0.9940544016289504,0.8969417459837032,0.41276995730607946,-0.09922419783593438,0.6653139589623093,0.006415922431958588,0.4861246615588192,0.6671573855031236,0.15526209507765684,0.1272322943349819,0.3183595789101451,0.27160101937719433,-0.8927333264284582,-0.4413740060590345,-0.631688567331988,-0.31066835856727404,-0.03527252955414369,0.7659839163799795
837,0.505407184455873,-0.19875502111360993,0.9940544016289504,0.8969417459837032,0.41276995730607946,-0.09922419783593438,0.6653139589623093,0.006415922431958588,0.4861246615588192,0.6671573855031236,0.15526209507765684,0.1272322943349819,0.3183595789101451,0.27160101937719433,-0.8927333264284582,-0.4413740060590345,-0.631688567331988,-0.31066835856727404,-0.03527252955414369,0.7659839163799795
838,0.5230702322220948,-0.2043908846595262,0.9900756689329487,0.9114533991126887,0.33308301472551677,-0.013196752458166927,0.7607779943061905,0.04773127591947824,0.4705658497278631,0.7152793415989805,0.14637395855121563,0.1412418142706797,0.25584693340720643,0.133519979885896,-0.8180488480268652,-0.2882669773257015,-0.7328138264811144,-0.2936440246744533,0.0053037399689425165,0.8232515347228702
839,0.4974851498241459,-0.19880857978165206,0.9943513600981319,0.8819731458575614,0.41333522605585765,-0.014368731846443402,0.6512691655174555,0.02564029115615063,0.4790753571665258,0.7300323020156736,0.06454179929335514,0.07303577796981976,0.06352631183301366,0.1741425502638206,-0.8827348255427001,-0.2776065468076878,-0.6877342562009349,-0.29489490770011384,0.03823773266997031,0.8271210907794543
840,0.4974851498241459,-0.19880857978165206,0.9943513600981319,0.8819731458575614,0.41333522605585765,-0.014368731846443402,0.6512691655174555,0.02564029115615063,0.4790753571665258,0.7300323020156736,0.06454179929335514,0.07303577796981976,0.06352631183301366,0.1741425502638206,-0.8827348255427001,-0.2776065468076878,-0.6877342562009349,-0.29489490770011384,0.03823773266997031,0.8271210907794543
841,0.5343247387646565,-0.18770063011946553,0.9984551612794683,0.8750435964815215,0.4214222387290511,0.06566777706234087,0.6530152487223265,0.10223723752679692,0.4242118926126716,0.6702450581801302,0.08334898522265004,0.1419096043244104,0.08846193467346988,0.26403960744988975,-0.8600910247134461,-0.1916517355727156,-0.7449048186591165,-0.33110612169386133,0.08721585686229961,0.8584541204082776
842,0.5159974538841526,-0.1781097532647879,0.994123179109138,0.8607714337511576,0.42301293060466605,-0.013111938875389133,0.7315676981590842,0.007826963953753777,0.5080776233326253,0.6799822833863559,0.09598385722961036,0.18313834386923702,0.07007393038196869,0.25040042216187175,-0.8854121846250839,-0.21146029551362674,-0.7034163277503903,-0.3539949285711755,0.08071557054939288,0.8609142836276276
843,0.5510451575448229,-0.18045715168361734,0.9920059942573055,0.8711519977538735,0.3799412164374527,0.08220570911817705,0.7153505708954572,0.01888941395843189,0.49784622173774096,0.642277229372917,0.12829780345199976,0.10586250414035649,0.05067858468116914,0.2051892157715369,-0.9341494829050875,-0.24511966269466812,-0.777476551716711,-0.2919782460110987,0.04126490709968694,0.8226491147035704
844,0.5510451575448229,-0.18045715168361734,0.9920059942573055,0.8711519977538735,0.3799412164374527,0.08220570911817705,0.7153505708954572,0.01888941395843189,0.49784622173774096,0.642277229372917,0.12829780345199976,0.10586250414035649,0.05067858468116914,0.2051892157715369,-0.9341494829050875,-0.24511966269466812,-0.777476551716711,-0.2919782460110987,0.04126490709968694,0.8226491147035704
845,0.5244287263974253,-0.20049876487861779,0.9878469802666409,0.8831743479610316,0.39434988322731046,-0.038894576199630514,0.7060790903677346,0.0419714582017975,0.4560762527081958,0.7194129155682703,0.1077496658746805,0.11105983429095945,0.16917006456418482,0.0981870007551517,-0.7933996918931734,-0.22597449691375496,-0.6983926325059895,-0.2855324487180323,0.05346661834960304,0.8189116366726027
846,0.5244287263974253,-0.20049876487861779,0.9878469802666409,0.8831743479610316,0.39434988322731046,-0.038894576199630514,0.7060790903677346,0.0419714582017975,0.4560762527081958,0.7194129155682703,0.1077496658746805,0.11105983429095945,0.16917006456418482,0.0981870007551517,-0.7933996918931734,-0.22597449691375496,-0.6983926325059895,-0.2855324487180323,0.05346661834960304,0.8189116366726027
847,0.5109609760561127,-0.1884059499021365,0.9866237577806931,0.8640358876695515,0.3733445224134173,-0.05317241408705911,0.6899223752464497,0.05218414376828743,0.48656192204372956,0.7600825785579084,0.14582453847148985,0.13893737328287037,0.30503966384197295,0.176168948908439,-0.8702323756967246,-0.3556075272476894,-0.6932826947681549,-0.2663904449147361,-0.00423400532264351,0.7983171114489502
848,0.5109609760561127,-0.1884059499021365,0.9866237577806931,0.8640358876695515,0.3733445224134173,-0.05317241408705911,0.6899223752464497,0.05218414376828743,0.48656192204372956,0.7600825785579084,0.14582453847148985,0.13893737328287037,0.30503966384197295,0.176168948908439,-0.8702323756967246,-0.3556075272476894,-0.6932826947681549,-0.2663904449147361,-0.00423400532264351,0.7983171114489502
849,0.5357462325787313,-0.2076979480632963,0.9973902580663423,0.9128758833034065,0.3895946815592707,-0.053683017491634635,0.7196779322249179,0.041579337279390165,0.43777102355961084,0.7316318517510525,0.14304104134101445,0.15045892451372253,0.3136579350483717,0.12923491996828876,-0.7284270987438285,-0.2562639089209147,-0.7210129796700988,-0.2592261753941213,-0.007117725323961847,0.8181645110045458
850,0.5230054419743759,-0.20473175889946485,0.9809668077549898,0.9089862994168803,0.3345274152255879,-0.03168921857473097,0.6633977810183098,0.14548563401513218,0.4516891848030557,0.6995453502895349,0.1693782273661062,0.2279349384340345,0.41751586317956185,0.2676942099568903,-0.7948617067376283,-0.255151408687268,-0.50953480691609,-0.29850947849397286,-0.11669240426171823,0.7587557338028698
851,0.5084249810137784,-0.18982386435615073,0.9732614514844156,0.9076307039383221,0.44389997428724226,-0.05028680944695159,0.6701908659097694,0.10177848195011965,0.42541067210027395,0.680914197943505,0.20841052460000603,0.19427517627256174,0.44403522620175023,0.37246376361613065,-0.7716392604250145,-0.2589482317455044,-0.5665940809890148,-0.3217856848503056,-0.05695473460587646,0.8310118969836675
852,0.5109644260471605,-0.20042706848218234,0.9819461912819356,0.891312756464847,0.4205347330067214,-0.1588414432586937,0.6409031288356425,0.06848061084451622,0.431428538577928,0.6795761961795295,0.2178830265379744,0.12999515821840035,0.4746054504184839,0.3947088878825778,-0.7682446010141621,-0.3990488771234975,-0.5562088512140329,-0.3022960673439447,-0.07196345435356737,0.9081286489761314
853,0.5187121298406248,-0.19847400953943553,0.9649297908550305,0.9038617810157367,0.5082854112085913,-0.16948643122792248,0.5395736883512304,0.10340709840071036,0.42391040626535853,0.8037041938369224,0.14137585436846786,0.19841372387634276,0.5646847009832043,0.45090621146987514,-0.7997750273067322,-0.2842224359042877,-0.42010011316378115,-0.3546702301798682,8.605398614585725e-05,0.8737754804188077
854,0.5037228546558719,-0.18557198599767302,0.9695621484825594,0.9135217270222638,0.46167740053509376,-0.12779559151533612,0.5675016808711477,0.17856272878921817,0.44949834167469693,0.8003044203671309,0.17801382320220435,0.25793152298201866,0.6782697208652713,0.5034963959899718,-0.7776073019162925,-0.26723204165767206,-0.32617600139262437,-0.34651029995800725,-0.10456762496467654,0.8120757392723359
855,0.4899365808937544,-0.1844984854831572,0.9736847143616262,0.902750791543358,0.4627017600830639,-0.16134762899485355,0.5154431976266292,0.14979246093305273,0.36828883145344,0.8337751962470931,0.11009159689593741,0.19572549673176984,0.6063488169630612,0.40004879272051647,-0.7465772356295569,-0.2630008568714335,-0.34039871984122505,-0.34349534608807014,-0.009260991844680582,0.8290150410676783
856,0.48326169270912855,-0.15797400272479784,0.9966429509864296,0.9261006587908606,0.46640686324357633,-0.12735178880153564,0.5523686345789747,0.1971007846725952,0.37689359918655246,0.835589447500415,0.16404749081794914,0.2595886976015169,0.7296431478301888,0.4757072306893268,-0.7275076892747359,-0.20376800193549996,-0.3265032178112228,-0.32751036274406525,-0.06121835083906045,0.8083649937718375
857,0.4905890497642225,-0.20959430453819744,0.966977527598122,0.8942255008681889,0.44496907800698177,-0.08527990855769102,0.5491236054944966,0.27941130966845057,0.4044688236572939,0.8095472346946164,0.15315727898745324,0.31583742126737463,0.6832799524067213,0.5097182069842947,-0.7469684197262253,-0.111493953967636,-0.284947152968688,-0.3919501530123914,-0.12461968603383934,0.7567731873330505
858,0.4905890497642225,-0.20959430453819744,0.966977527598122,0.8942255008681889,0.44496907800698177,-0.08527990855769102,0.5491236054944966,0.27941130966845057,0.4044688236572939,0.8095472346946164,0.15315727898745324,0.31583742126737463,0.6832799524067213,0.5097182069842947,-0.7469684197262253,-0.111493953967636,-0.284947152968688,-0.3919501530123914,-0.12461968603383934,0.7567731873330505
859,0.49346562933096516,-0.2049833862463542,0.955864065428502,0.9508967893132976,0.4188925060699371,0.018907483494625538,0.5880886717593825,0.32706825643229187,0.44604193317605334,0.7850271702284299,0.168163898753649,0.38022938421563085,0.6254303622214865,0.6012423643114525,-0.7846722181901955,-0.09303993056606662,-0.27543113524869917,-0.3715188899319356,-0.18525241823329539,0.7079885846331817
860,0.49346562933096516,-0.2049833862463542,0.955864065428502,0.9508967893132976,0.4188925060699371,0.018907483494625538,0.5880886717593825,0.32706825643229187,0.44604193317605334,0.7850271702284299,0.168163898753649,0.38022938421563085,0.6254303622214865,0.6012423643114525,-0.7846722181901955,-0.09303993056606662,-0.27543113524869917,-0.3715188899319356,-0.18525241823329539,0.7079885846331817
861,0.49346562933096516,-0.2049833862463542,0.955864065428502,0.9508967893132976,0.4188925060699371,0.018907483494625538,0.5880886717593825,0.32706825643229187,0.44604193317605334,0.7850271702284299,0.168163898753649,0.38022938421563085,0.6254303622214865,0.6012423643114525,-0.7846722181901955,-0.09303993056606662,-0.27543113524869917,-0.3715188899319356,-0.18525241823329539,0.7079885846331817
862,0.49346562933096516,-0.2049833862463542,0.955864065428502,0.9508967893132976,0.4188925060699371,0.018907483494625538,0.5880886717593825,0.32706825643229187,0.44604193317605334,0.7850271702284299,0.168163898753649,0.38022938421563085,0.6254303622214865,0.6012423643114525,-0.7846722181901955,-0.09303993056606662,-0.27543113524869917,-0.3715188899319356,-0.18525241823329539,0.7079885846331817
863,0.49346562933096516,-0.2049833862463542,0.955864065428502,0.9508967893132976,0.4188925060699371,0.018907483494625538,0.5880886717593825,0.32706825643229187,0.44604193317605334,0.7850271702284299,0.168163898753649,0.38022938421563085,0.6254303622214865,0.6012423643114525,-0.7846722181901955,-0.09303993056606662,-0.27543113524869917,-0.3715188899319356,-0.18525241823329539,0.7079885846331817
864,0.49346562933096516,-0.2049833862463542,0.955864065428502,0.9508967893132976,0.4188925060699371,0.018907483494625538,0.5880886717593825,0.32706825643229187,0.44604193317605334,0.7850271702284299,0.168163898753649,0.38022938421563085,0.6254303622214865,0.6012423643114525,-0.7846722181901955,-0.09303993056606662,-0.27543113524869917,-0.3715188899319356,-0.18525241823329539,0.7079885846331817
865,0.49346562933096516,-0.2049833862463542,0.955864065428502,0.9508967893132976,0.4188925060699371,0.018907483494625538,0.5880886717593825,0.32706825643229187,0.44604193317605334,0.7850271702284299,0.168163898753649,0.38022938421563085,0.6254303622214865,0.6012423643114525,-0.7846722181901955,-0.09303993056606662,-0.27543113524869917,-0.3715188899319356,-0.18525241823329539,0.7079885846331817
866,0.49346562933096516,-0.2049833862463542,0.955864065428502,0.9508967893132976,0.4188925060699371,0.018907483494625538,0.5880886717593825,0.32706825643229187,0.44604193317605334,0.7850271702284299,0.168163898753649,0.38022938421563085,0.6254303622214865,0.6012423643114525,-0.7846722181901955,-0.09303993056606662,-0.27543113524869917,-0.3715188899319356,-0.18525241823329539,0.7079885846331817
867,0.49346562933096516,-0.2049833862463542,0.955864065428502,0.9508967893132976,0.4188925060699371,0.018907483494625538,0.5880886717593825,0.32706825643229187,0.44604193317605334,0.7850271702284299,0.168163898753649,0.38022938421563085,0.6254303622214865,0.6012423643114525,-0.7846722181901955,-0.09303993056606662,-0.27543113524869917,-0.3715188899319356,-0.18525241823329539,0.7079885846331817
868,0.49346562933096516,-0.2049833862463542,0.955864065428502,0.9508967893132976,0.4188925060699371,0.018907483494625538,0.5880886717593825,0.32706825643229187,0.44604193317605334,0.7850271702284299,0.168163898753649,0.38022938421563085,0.6254303622214865,0.6012423643114525,-0.7846722181901955,-0.09303993056606662,-0.27543113524869917,-0.3715188899319356,-0.18525241823329539,0.7079885846331817
869,0.4805428700348638,-0.2000062182017295,0.981239345128436,0.958318912659288,0.4539519949481532,-0.07086505316182412,0.5843768410283333,0.24147556305682574,0.3968385816576242,0.8173121459448764,0.08594162347670692,0.2844856394764245,0.5605035889402595,0.45675912522232165,-0.7686738865549501,-0.13019260304633015,-0.30960587715068943,-0.3892839927946179,-0.03499142619367719,0.7795963963834202
870,0.4900219488014047,-0.18719000257519702,0.9877659368827568,0.9179467395925471,0.4092634187945049,-0.021415498236904838,0.6040789929117283,0.2636753228093461,0.4277024192189429,0.7538010543081515,0.15601772624352436,0.3116479244020347,0.5237072562011095,0.5160934566541296,-0.8137693088863558,-0.14209040869707343,-0.3801980971947541,-0.36321663221875106,-0.15254394898562715,0.7647895380571157
871,0.5144113972633059,-0.21004171699486754,0.9835410176097822,0.9108734178288761,0.3993915104952176,0.02748620548377498,0.6678945283810517,0.2749565037361755,0.43214810492854155,0.7458362928333482,0.10258318662730725,0.2956440529924878,0.49056253732100313,0.36291561493210844,-0.7718249988579515,-0.10897585548721947,-0.38076152282913434,-0.3813576138998895,-0.1171824008784585,0.6907944355057791
872,0.5034446428887196,-0.21549588744815376,0.9857855496005353,0.8897095383657501,0.4579751792713126,-0.034826441156751785,0.5461534281474748,0.3093288502196387,0.4158968955550556,0.9063026902084316,0.02141976127550111,0.3219041992308881,0.4573597179272058,0.4495381530527793,-0.856722922327112,-0.05969474219435227,-0.2851884218655053,-0.3696786506641057,-0.023856560659572378,0.688251032369964
873,0.491590418209181,-0.2183251910100288,0.9857449912025912,0.9225688772062136,0.41420728977896015,-0.07894100674642679,0.5412856368964006,0.29879780170323483,0.4525366115874844,0.970142979674333,-0.01634138675842118,0.29394267117804534,0.49063330622864926,0.4482702029312191,-0.863159797878562,-0.10737055729729203,-0.2438987035914317,-0.36169098552463597,-0.054980854978105606,0.622672063480446
874,0.5153170174626303,-0.20037895810735182,0.9891177865602093,0.9294088014880025,0.4502039074366286,-0.12103383888403298,0.41627765953411033,0.29574756252154544,0.38854883222640196,0.9628823476339848,0.017025764219805915,0.21846534141383522,0.4347158034864605,0.530382493931875,-0.9383570747167816,-0.16799991081445484,-0.33301884442319535,-0.3828957335123346,0.007640616845385228,0.7645887234505943
875,0.5153170174626303,-0.20037895810735182,0.9891177865602093,0.9294088014880025,0.4502039074366286,-0.12103383888403298,0.41627765953411033,0.29574756252154544,0.38854883222640196,0.9628823476339848,0.017025764219805915,0.21846534141383522,0.4347158034864605,0.530382493931875,-0.9383570747167816,-0.16799991081445484,-0.33301884442319535,-0.3828957335123346,0.007640616845385228,0.7645887234505943
876,0.5153170174626303,-0.20037895810735182,0.9891177865602093,0.9294088014880025,0.4502039074366286,-0.12103383888403298,0.41627765953411033,0.29574756252154544,0.38854883222640196,0.9628823476339848,0.017025764219805915,0.21846534141383522,0.4347158034864605,0.530382493931875,-0.9383570747167816,-0.16799991081445484,-0.33301884442319535,-0.3828957335123346,0.007640616845385228,0.7645887234505943
877,0.5135016039059375,-0.19882385788482648,0.9770208538204997,0.9325790712009551,0.44355332933746794,-0.0888752955070138,0.475567286928968,0.2539521826886173,0.4166205052802717,0.8551207361103136,0.042858770571790626,0.25960279348047255,0.40115974550114847,0.492095946633149,-0.8075064015123048,-0.07589737965564065,-0.3710215854157283,-0.33804236047948927,-0.03856085642788436,0.8876448506076742
878,0.49703297292087173,-0.19880035514762076,0.9834463382242176,0.9268756034331255,0.4094545487317846,-0.0165826400625285,0.5114898685278081,0.25195093452799,0.350054093412161,0.7704394066234284,0.09871450381674778,0.2570647501401179,0.45172233221853203,0.35926371945645974,-0.7336372343437013,-0.003131356293859879,-0.4216459004157082,-0.34508065207377464,-0.009869561831130334,0.8104546971963175
879,0.5127133001678896,-0.2215777112945181,0.9999584609873311,0.9181470772422451,0.4046392222351152,0.010803869906466444,0.5974669799743402,0.20944898518015792,0.46047227531132917,0.7610294745283113,0.0581725696607316,0.23792986138492478,0.273245757738491,0.3912686037748273,-0.8592661003785115,-0.07838995126958097,-0.4564953143368946,-0.34929983009873194,-0.03384980790022124,0.8141672256961788
880,0.5113347243820794,-0.22915489440074632,0.9855097057949803,0.8651481569278769,0.41982507401103364,-0.0510847372866866,0.513379958025967,0.1660404660922789,0.3819584794027149,0.7706554012543848,0.12362277383858078,0.18521716624935852,0.2652952022089822,0.43518326814376973,-0.7789028626706174,-0.08882164170735193,-0.5637122246275025,-0.3703112488427809,0.015054240593143798,0.9672985635206918
881,0.49840572758964646,-0.21857668749107373,0.9962404281494883,0.8792963780046392,0.41887665990172185,-0.04047351964001029,0.5139958544323703,0.17878027456276227,0.37931141491526066,0.8262398993958897,0.07785340928735658,0.14692361352349226,0.29197452857949335,0.3585189090923998,-0.7987240854775313,-0.11087634343855081,-0.49257292244123263,-0.3137203765262621,0.057772753478363074,0.8887922967749612
882,0.49840572758964646,-0.21857668749107373,0.9962404281494883,0.8792963780046392,0.41887665990172185,-0.04047351964001029,0.5139958544323703,0.17878027456276227,0.37931141491526066,0.8262398993958897,0.07785340928735658,0.14692361352349226,0.29197452857949335,0.3585189090923998,-0.7987240854775313,-0.11087634343855081,-0.49257292244123263,-0.3137203765262621,0.057772753478363074,0.8887922967749612
883,0.49840572758964646,-0.21857668749107373,0.9962404281494883,0.8792963780046392,0.41887665990172185,-0.04047351964001029,0.5139958544323703,0.17878027456276227,0.37931141491526066,0.8262398993958897,0.07785340928735658,0.14692361352349226,0.29197452857949335,0.3585189090923998,-0.7987240854775313,-0.11087634343855081,-0.49257292244123263,-0.3137203765262621,0.057772753478363074,0.8887922967749612
884,0.49840572758964646,-0.21857668749107373,0.9962404281494883,0.8792963780046392,0.41887665990172185,-0.04047351964001029,0.5139958544323703,0.17878027456276227,0.37931141491526066,0.8262398993958897,0.07785340928735658,0.14692361352349226,0.29197452857949335,0.3585189090923998,-0.7987240854775313,-0.11087634343855081,-0.49257292244123263,-0.3137203765262621,0.057772753478363074,0.8887922967749612
885,0.5124825189281,-0.22156228999273245,0.9947029756954235,0.8913353194158848,0.4354642758747968,-0.12291985640101909,0.5429237571097164,0.13699559016289334,0.38180498420347647,0.8137315675160245,0.1107604555448954,0.1468803064848109,0.35858533681299076,0.3608136214854702,-0.7569048845633131,-0.1790693360058024,-0.5539558852136136,-0.33893826301194824,0.06903442580926347,0.9047724156935314
886,0.5124825189281,-0.22156228999273245,0.9947029756954235,0.8913353194158848,0.4354642758747968,-0.12291985640101909,0.5429237571097164,0.13699559016289334,0.38180498420347647,0.8137315675160245,0.1107604555448954,0.1468803064848109,0.35858533681299076,0.3608136214854702,-0.7569048845633131,-0.1790693360058024,-0.5539558852136136,-0.33893826301194824,0.06903442580926347,0.9047724156935314
887,0.5124825189281,-0.22156228999273245,0.9947029756954235,0.8913353194158848,0.4354642758747968,-0.12291985640101909,0.5429237571097164,0.13699559016289334,0.38180498420347647,0.8137315675160245,0.1107604555448954,0.1468803064848109,0.35858533681299076,0.3608136214854702,-0.7569048845633131,-0.1790693360058024,-0.5539558852136136,-0.33893826301194824,0.06903442580926347,0.9047724156935314
888,0.5124825189281,-0.22156228999273245,0.9947029756954235,0.8913353194158848,0.4354642758747968,-0.12291985640101909,0.5429237571097164,0.13699559016289334,0.38180498420347647,0.8137315675160245,0.1107604555448954,0.1468803064848109,0.35858533681299076,0.3608136214854702,-0.7569048845633131,-0.1790693360058024,-0.5539558852136136,-0.33893826301194824,0.06903442580926347,0.9047724156935314
889,0.5077998360308297,-0.21323352912885532,0.9870825321947366,0.8973269803330874,0.42713049594758934,-0.0576560972251284,0.5140304068939104,0.2258487408877505,0.37732867596432523,0.8249894640394566,0.08695393312322813,0.19429464961789011,0.36117124665153033,0.45065914306390725,-0.7991575368710309,-0.10023893273414218,-0.38191880933248146,-0.3418118291043761,-0.024049293498739494,0.9152004283270309
890,0.5077998360308297,-0.21323352912885532,0.9870825321947366,0.8973269803330874,0.42713049594758934,-0.0576560972251284,0.5140304068939104,0.2258487408877505,0.37732867596432523,0.8249894640394566,0.08695393312322813,0.19429464961789011,0.36117124665153033,0.45065914306390725,-0.7991575368710309,-0.10023893273414218,-0.38191880933248146,-0.3418118291043761,-0.024049293498739494,0.9152004283270309
891,0.5077998360308297,-0.21323352912885532,0.9870825321947366,0.8973269803330874,0.42713049594758934,-0.0576560972251284,0.5140304068939104,0.2258487408877505,0.37732867596432523,0.8249894640394566,0.08695393312322813,0.19429464961789011,0.36117124665153033,0.45065914306390725,-0.7991575368710309,-0.10023893273414218,-0.38191880933248146,-0.3418118291043761,-0.024049293498739494,0.9152004283270309
892,0.5171406132493657,-0.20750277691505356,0.9807145089189047,0.9247815055236717,0.4318104102085147,-0.05244577365952706,0.5194375982867377,0.25842944292988373,0.36877046312565187,0.8295555203997265,0.0807888490081596,0.2571577555030888,0.3751761944516698,0.45709192170102164,-0.7628110483593029,-0.039381207469683,-0.4517817726391081,-0.3833845091045398,0.039924083724194766,0.8560048090254607
893,0.4898835557701809,-0.2111564192568231,0.9859024671237144,0.9160804729561212,0.3914316431796506,0.005404823301744943,0.5855487533217992,0.24060172736210286,0.3730755453702599,0.7703804945771029,0.12941390634484062,0.22664573784104036,0.35253048586210084,0.402659886346898,-0.7766597567021354,-0.044819208231929836,-0.43730070846655583,-0.3207175344003956,-0.07436268636121675,0.8706681467866196
894,0.4898835557701809,-0.2111564192568231,0.9859024671237144,0.9160804729561212,0.3914316431796506,0.005404823301744943,0.5855487533217992,0.24060172736210286,0.3730755453702599,0.7703804945771029,0.12941390634484062,0.22664573784104036,0.35253048586210084,0.402659886346898,-0.7766597567021354,-0.044819208231929836,-0.43730070846655583,-0.3207175344003956,-0.07436268636121675,0.8706681467866196
895,0.4831519783929483,-0.20344593897248303,0.9850734590435116,0.9298229670996637,0.34538657783900034,0.017171592555091337,0.5439908104785222,0.26949868589425796,0.41425707912087717,0.7826991402878661,0.0914081872119883,0.2674150369838114,0.28911391976216205,0.4320652930002137,-0.7758342317405472,-0.004695897947466382,-0.44712690943042616,-0.3496064707741636,-0.06844727676966779,0.830965281297359
896,0.4580711895379447,-0.2410085125442373,0.9818443573672596,0.8998956317629276,0.42386475845870963,0.0413064721804927,0.5260471540522937,0.2946251053274829,0.3511044913191219,0.77177772402178,0.12514614901917331,0.27011303544945087,0.4161208052510436,0.432662855080871,-0.7435639029512567,0.015744708776233386,-0.41055115159793776,-0.37513101297439894,-0.004994460463371089,0.812941306507959
897,0.4982998267295726,-0.23160204264380838,0.9838359936980645,0.9057067359330693,0.4565945293676509,-0.08020834388609878,0.4386609260773067,0.3054492729957506,0.3741292551590297,0.839367369568736,0.12845796862255676,0.264472551578537,0.4492490111665422,0.6691980325939801,-0.7728438379765676,-0.05052392164582897,-0.29086607838274287,-0.4013780981996666,-0.05888329462975537,0.9797707973598542
898,0.49652160354303415,-0.23047461435243324,0.9813523300594497,0.9093884353354668,0.438455768593165,-0.08994140897631396,0.49714630528088827,0.3436716502322332,0.3281412194555478,0.8996034762710999,0.08750897394850707,0.3132585680217162,0.5980741726998046,0.4788973101969057,-0.7380713685121951,0.009094320772962381,-0.210736269226338,-0.364052331841476,-0.018773724421841106,0.7446561048432175
899,0.5094136564978671,-0.22086800315814717,0.9805087939359357,0.9373626505584267,0.3866594616974192,-0.0407119528199827,0.5123673887059548,0.3548017116894781,0.4314905011082084,0.9404090312123021,0.05710474871948812,0.33308979509868425,0.49337893800577415,0.4603260653538814,-0.7687638555496719,0.027997211664525703,-0.24301889293998785,-0.3653021726782056,-0.0316237824004994,0.6684673841748504
900,0.5104196011250723,-0.209404159049063,0.9984064631312729,0.8758881890486739,0.4473307173449552,-0.0867384881174023,0.5009017752226932,0.2677018733024804,0.3669787439437396,0.8729608286950556,0.14380564628423487,0.27836967521705286,0.5513612713977729,0.4836825922001273,-0.7630096630935884,-0.06922875485320987,-0.3013274421721457,-0.31895053096249476,-0.046498001209983646,0.80170827218211
901,0.5104196011250723,-0.209404159049063,0.9984064631312729,0.8758881890486739,0.4473307173449552,-0.0867384881174023,0.5009017752226932,0.2677018733024804,0.3669787439437396,0.8729608286950556,0.14380564628423487,0.27836967521705286,0.5513612713977729,0.4836825922001273,-0.7630096630935884,-0.06922875485320987,-0.3013274421721457,-0.31895053096249476,-0.046498001209983646,0.80170827218211
902,0.5211314643342746,-0.20037209678722062,0.9912477929683099,0.9216586803224007,0.45137488000140735,-0.12547246564267345,0.4634039080201044,0.2437640236893554,0.41525196343833265,0.869080504723095,0.12476458375384257,0.29388992075140996,0.5386494798910121,0.5440068531490025,-0.7600244555011906,-0.0925159394581488,-0.27701159243328943,-0.3853483117715459,-0.004535881419374325,0.8366386200084144
903,0.5388119011101017,-0.19890165567789672,0.9696564695047881,0.9563864675911293,0.4207610334718643,-0.046757851957935775,0.5286582416377791,0.23769098809616285,0.37875523433147457,0.8332912432473227,0.14154123773891097,0.24989908995668658,0.44435677819748826,0.40975499914166885,-0.7490360327144477,-0.06528417943948919,-0.4080321167697297,-0.3047303546797989,-0.014533298214029775,0.8324740325249095
904,0.5106869210073339,-0.20187030319077334,0.9887496542071678,0.8833779500785544,0.442052286250612,-0.1281566893778417,0.5075992661615557,0.1770594681451969,0.4323247634962779,0.7908227741099401,0.1388325537546388,0.20459705056217717,0.4680316873156466,0.46897943940880743,-0.7618233542827224,-0.16029975356408876,-0.4343909097543875,-0.34027155092947986,-0.000986376324196972,0.8965091065074637
905,0.5166182636022897,-0.20053293228170238,0.9695606985560858,0.8957842316744259,0.4591917697555007,-0.0775749873770808,0.5464750585549011,0.18211019387530947,0.42124368016041996,0.8027386877087945,0.14174478113698816,0.20035713798614155,0.45219677499901656,0.4870797312298499,-0.8252865234737515,-0.18371136698065474,-0.395045481846918,-0.3528090299219625,-0.01724472332825357,0.8692796086283907
906,0.5166182636022897,-0.20053293228170238,0.9695606985560858,0.8957842316744259,0.4591917697555007,-0.0775749873770808,0.5464750585549011,0.18211019387530947,0.42124368016041996,0.8027386877087945,0.14174478113698816,0.20035713798614155,0.45219677499901656,0.4870797312298499,-0.8252865234737515,-0.18371136698065474,-0.395045481846918,-0.3528090299219625,-0.01724472332825357,0.8692796086283907
907,0.5174497482353938,-0.2075696169921095,0.9879458254523925,0.8994496069651313,0.42621398138369515,-0.10810699857552009,0.5151865716452116,0.2069385943351396,0.39331446693764405,0.8455436698217793,0.14613936794993268,0.24182824856122737,0.5419105516039668,0.4770940153008928,-0.743514575553717,-0.10492271775605395,-0.34044369382746736,-0.36730936056467606,-0.033767197569712824,0.8425215952938002
908,0.5232087684653365,-0.2063954775888783,0.9766115894621504,0.9011088396025615,0.4481592434771357,-0.06525680492699469,0.5712435531954098,0.22305303559533843,0.42979179203300355,0.8190514879027134,0.11822857119867622,0.2713598150717484,0.5456173501401007,0.4791238938825493,-0.818796391080941,-0.13195460623795702,-0.3336555577636434,-0.3466736820349214,-0.0419598741044668,0.7652449786649111
909,0.5089978868688415,-0.19489046443006117,0.9955967513072894,0.9251008892244782,0.38843317908214725,-0.08286479151574196,0.5942631150623635,0.19140042138407778,0.4900644770770238,0.8664474410821144,0.054167565911963436,0.27649257870548893,0.46298462491208014,0.357962222814614,-0.8657793127266435,-0.16062433709585774,-0.37255788737060325,-0.32995981910835026,-0.04055158073353445,0.654100418129092
910,0.5350843572957196,-0.20172810869257857,0.9878318513237054,0.9049225215257187,0.4128621043907905,-0.0567369488617285,0.6522472164568608,0.14587745523338883,0.4366226812792863,0.8361989281907213,0.07358196198779077,0.22708972787180826,0.43764947015371825,0.2630631301929328,-0.8566995889427271,-0.17358229131381356,-0.5014504533220964,-0.282768868940753,0.029425555831465756,0.6612453116956807
911,0.5043188578534255,-0.2020598310481161,0.9978327216908249,0.9276997150341741,0.39141537886520295,-0.03779015554904691,0.6203598231163181,0.13672868684525183,0.49229942936848986,0.7955654265857327,0.06460829208421913,0.2195155587111573,0.31170042362908446,0.34968951788563996,-0.8917084165434466,-0.16579970996368398,-0.4975397036558519,-0.3523224462041599,-0.017252750372442324,0.7610486398662126
912,0.5043188578534255,-0.2020598310481161,0.9978327216908249,0.9276997150341741,0.39141537886520295,-0.03779015554904691,0.6203598231163181,0.13672868684525183,0.49229942936848986,0.7955654265857327,0.06460829208421913,0.2195155587111573,0.31170042362908446,0.34968951788563996,-0.8917084165434466,-0.16579970996368398,-0.4975397036558519,-0.3523224462041599,-0.017252750372442324,0.7610486398662126
913,0.48627935891579194,-0.214470646201842,0.9880291232223932,0.9089919641605342,0.4140762741939693,-0.011271538780254598,0.638302948280765,0.10235440053986221,0.3716666051928176,0.7558054207163865,0.11719321079118906,0.13003311251025437,0.3558440694177243,0.234534414416486,-0.7533972651131087,-0.12642019308398875,-0.6494410309171345,-0.281570329897798,0.06332281574558359,0.8357253189309793
914,0.48627935891579194,-0.214470646201842,0.9880291232223932,0.9089919641605342,0.4140762741939693,-0.011271538780254598,0.638302948280765,0.10235440053986221,0.3716666051928176,0.7558054207163865,0.11719321079118906,0.13003311251025437,0.3558440694177243,0.234534414416486,-0.7533972651131087,-0.12642019308398875,-0.6494410309171345,-0.281570329897798,0.06332281574558359,0.8357253189309793
915,0.5186580924623431,-0.22249443206181857,0.9832967723866505,0.9241828971566821,0.4156894200911818,-0.004009956135036351,0.5546586145328641,0.14046475701964578,0.4664023637153418,0.7386716043710176,0.11516833908992545,0.19695485650668668,0.23734207108039115,0.41491596048625684,-0.8725651412384512,-0.1355323474358513,-0.5254429907481641,-0.38088395247659523,-0.048749279708001664,0.9069322119139147
916,0.49660781671299037,-0.20667257375933926,0.9781845034012923,0.9302261208522893,0.4639663359725676,-0.030160520403897273,0.6065350117966187,0.09478666461570374,0.43753087161245596,0.6731671533820583,0.1909646210542536,0.20410920666099974,0.36897986659507953,0.5218338395193044,-0.794288193002723,-0.20272788256319463,-0.5458530250710855,-0.37917066221427,-0.05086527811733999,0.994520523045089
917,0.5140699403696142,-0.2321082297585728,0.9895735218307816,0.9200668197841868,0.4150516479806955,-0.009754146173761415,0.5269078020600865,0.18357482795162097,0.4299146670941847,0.7339917543759625,0.13505855969370217,0.2116892006918038,0.271182582322967,0.44786793340541065,-0.8304984875540186,-0.08578165179038018,-0.4488544870490472,-0.3932072156973812,-0.02063787385953999,0.9127107902367814
918,0.5140699403696142,-0.2321082297585728,0.9895735218307816,0.9200668197841868,0.4150516479806955,-0.009754146173761415,0.5269078020600865,0.18357482795162097,0.4299146670941847,0.7339917543759625,0.13505855969370217,0.2116892006918038,0.271182582322967,0.44786793340541065,-0.8304984875540186,-0.08578165179038018,-0.4488544870490472,-0.3932072156973812,-0.02063787385953999,0.9127107902367814
919,0.5253124704442926,-0.17558162084542392,0.9660931563017997,0.9034359802153368,0.4589347629330605,-0.07509839608228935,0.5351975738533674,0.1709477753942315,0.4376503609389293,0.8205293531935335,0.12906045384131803,0.21759184042939608,0.38013710773418063,0.5041472919849616,-0.8029032807239491,-0.11629051539535164,-0.4556301355906395,-0.34954193082197754,0.036850267758275365,0.9555233046683257
920,0.5253124704442926,-0.17558162084542392,0.9660931563017997,0.9034359802153368,0.4589347629330605,-0.07509839608228935,0.5351975738533674,0.1709477753942315,0.4376503609389293,0.8205293531935335,0.12906045384131803,0.21759184042939608,0.38013710773418063,0.5041472919849616,-0.8029032807239491,-0.11629051539535164,-0.4556301355906395,-0.34954193082197754,0.036850267758275365,0.9555233046683257
921,0.5253124704442926,-0.17558162084542392,0.9660931563017997,0.9034359802153368,0.4589347629330605,-0.07509839608228935,0.5351975738533674,0.1709477753942315,0.4376503609389293,0.8205293531935335,0.12906045384131803,0.21759184042939608,0.38013710773418063,0.5041472919849616,-0.8029032807239491,-0.11629051539535164,-0.4556301355906395,-0.34954193082197754,0.036850267758275365,0.9555233046683257
922,0.5253124704442926,-0.17558162084542392,0.9660931563017997,0.9034359802153368,0.4589347629330605,-0.07509839608228935,0.5351975738533674,0.1709477753942315,0.4376503609389293,0.8205293531935335,0.12906045384131803,0.21759184042939608,0.38013710773418063,0.5041472919849616,-0.8029032807239491,-0.11629051539535164,-0.4556301355906395,-0.34954193082197754,0.036850267758275365,0.9555233046683257
923,0.5253124704442926,-0.17558162084542392,0.9660931563017997,0.9034359802153368,0.4589347629330605,-0.07509839608228935,0.5351975738533674,0.1709477753942315,0.4376503609389293,0.8205293531935335,0.12906045384131803,0.21759184042939608,0.38013710773418063,0.5041472919849616,-0.8029032807239491,-0.11629051539535164,-0.4556301355906395,-0.34954193082197754,0.036850267758275365,0.9555233046683257
924,0.5145821840483509,-0.19255106551268872,0.9820899930302799,0.8647833955037633,0.45776862937174084,-0.12289218427373139,0.5133229545374118,0.13709784755823884,0.44869464612880056,0.7814677157049872,0.21163584413947553,0.22022044220797993,0.5045323591871516,0.5755543792368765,-0.8142221730746654,-0.18478810222424918,-0.39980151344434556,-0.3744036386449788,-0.06041676417851143,0.9199616653087511
925,0.515527115033379,-0.18519674114914633,0.9726951994811479,0.9385135064695347,0.48890889349927713,-0.08217423147191508,0.5542830498019902,0.10884648507758242,0.43777532008391834,0.7816356046634051,0.16802756059285873,0.17216792648911172,0.48324589830704534,0.5032738140460167,-0.8451820322644479,-0.25335644389925627,-0.420812556366591,-0.3563636760051689,0.0544145713354294,0.9109494554544869
926,0.515527115033379,-0.18519674114914633,0.9726951994811479,0.9385135064695347,0.48890889349927713,-0.08217423147191508,0.5542830498019902,0.10884648507758242,0.43777532008391834,0.7816356046634051,0.16802756059285873,0.17216792648911172,0.48324589830704534,0.5032738140460167,-0.8451820322644479,-0.25335644389925627,-0.420812556366591,-0.3563636760051689,0.0544145713354294,0.9109494554544869
927,0.5323354897607374,-0.19339038850756818,0.9961085726417823,0.9005271513308499,0.4214025066632367,-0.13146214572903067,0.46674982389470426,0.18364146360645656,0.3895825139842059,0.7548799691435281,0.2385277769902188,0.19287129698355138,0.5353821570770723,0.5231527805209785,-0.6944562152277288,-0.09176644095955959,-0.40527312970401075,-0.36390728399547556,-0.07917667228598152,0.9843133288695131
928,0.53788123622586,-0.18647577348193345,0.974447072529874,0.8600545520327567,0.4408120503836471,-0.07066428422014587,0.5373118388861845,0.2120443101286211,0.3704244370146346,0.7855525688098499,0.1945540340371828,0.18133085074606123,0.5259560260751407,0.4705799383927657,-0.7275042222500665,-0.13752568586906874,-0.38819229695305124,-0.33652384940123226,-0.012772022567183598,0.8898338123151147
929,0.53788123622586,-0.18647577348193345,0.974447072529874,0.8600545520327567,0.4408120503836471,-0.07066428422014587,0.5373118388861845,0.2120443101286211,0.3704244370146346,0.7855525688098499,0.1945540340371828,0.18133085074606123,0.5259560260751407,0.4705799383927657,-0.7275042222500665,-0.13752568586906874,-0.38819229695305124,-0.33652384940123226,-0.012772022567183598,0.8898338123151147
930,0.5169668599268222,-0.1909664663329082,0.9841773003534344,0.8717460915926294,0.4303075244430542,-0.054539226779461145,0.5010500942631693,0.2966770580063838,0.42403855431741416,0.7764362418074248,0.1867183858526073,0.30150612127097154,0.5148929097050194,0.6114086536465844,-0.7501828253606282,-0.028150068644117836,-0.3297271362971878,-0.4182584181726094,-0.11831417055983537,0.8727820837358004
931,0.5169668599268222,-0.1909664663329082,0.9841773003534344,0.8717460915926294,0.4303075244430542,-0.054539226779461145,0.5010500942631693,0.2966770580063838,0.42403855431741416,0.7764362418074248,0.1867183858526073,0.30150612127097154,0.5148929097050194,0.6114086536465844,-0.7501828253606282,-0.028150068644117836,-0.3297271362971878,-0.4182584181726094,-0.11831417055983537,0.8727820837358004
932,0.5183578746141949,-0.19785626063536507,0.99283975792692,0.8544877969688507,0.4198194551833144,-0.049885517302440965,0.45946815960782916,0.3142402096856701,0.3168315493484506,0.8552345546626993,0.13984144965694537,0.23558848506014407,0.5457632080883893,0.5442363236094906,-0.6967397832869091,0.008309588051951616,-0.2934535018404362,-0.3646808931357754,-0.03217665369499978,0.9116361975259741
933,0.5204900124353111,-0.18554083412973646,0.9700501197087743,0.9322581051992825,0.4643084319198386,-0.1168793993570888,0.42944186485567615,0.17680027919205624,0.4043672470903872,0.798054884012727,0.16890009761362648,0.215966675523808,0.4723205395460626,0.6253814925780414,-0.7825413748349419,-0.1203330601718733,-0.4240282063608787,-0.42548531703176745,-0.015196573010169254,0.9651795415150867
934,0.523799375872785,-0.18897946791107775,0.9739425606268303,0.9147920505238109,0.45996405853404665,-0.09268407169219187,0.5188964668467752,0.2387412416585137,0.3499772570605304,0.7921148069389744,0.2065110137715747,0.2248306364068222,0.6069837882874037,0.5486558584331886,-0.7218300547229696,-0.10012743137440434,-0.3145293227502687,-0.36780850722754616,-0.03494127881377994,0.9184139746613532
935,0.5114588780892791,-0.19943451023442918,0.9982738956922199,0.8857047551667958,0.43230845925175854,-0.10345547079825292,0.5700249664217741,0.21988514591628117,0.4488619602154124,0.8364604123586108,0.15330728939585098,0.2740754670213529,0.5607832544501868,0.5255552277172806,-0.8019205400466703,-0.15006209788499184,-0.32452995241137184,-0.3809293705945807,-0.09580931011045651,0.7916209665719286
936,0.5225182624021216,-0.2143175159078326,0.9866607393457738,0.8722631618445084,0.4235609649287359,0.006669872775284084,0.6343685649390638,0.22655017058447685,0.45184423863488143,0.7296582451378895,0.18291925359158978,0.30355122334068907,0.5904783119174349,0.48876664568603,-0.7921826593736759,-0.13697512696282896,-0.352660183524056,-0.36633942151944154,-0.1055514498568372,0.7060013211781052
937,0.505662786068011,-0.18279706331934126,0.9877079269584508,0.9045941823848239,0.43586668972162035,-0.0509143305605238,0.5821873674631078,0.2362682782328828,0.4334631423082357,0.7542594676912809,0.18979905076808543,0.32408874955491096,0.5990502073487732,0.6109154267489716,-0.8291691573893161,-0.1322373737056471,-0.2531484108897235,-0.37455104343993356,-0.13625304687748307,0.8327969028255546
938,0.4845976525089135,-0.24534065033807453,0.9915449758227899,0.8803032750110716,0.46561013871967905,-0.09168171159122057,0.5158355610691744,0.2578382292118517,0.3992434801153579,0.7689997732392789,0.20758499878525907,0.33037184428516386,0.7543276341406646,0.6109477281876183,-0.7285129371406586,-0.11056919838392185,-0.25124172461167193,-0.39638472584916384,-0.10533779797730566,0.8126469882881511
939,0.48352799566207455,-0.2247968565980504,0.9896127871456852,0.8904806657566601,0.4270992185602083,-0.09180251132747182,0.5109803150729418,0.2922709783228985,0.39427730109593667,0.8542796350202007,0.15857139814080676,0.3185160372248568,0.6611818469915045,0.5734698708670576,-0.7538732628155078,-0.08238999250153875,-0.2153573051877247,-0.36874493911637374,-0.10709117922961309,0.8035895018890541
940,0.5174715566880396,-0.21820569571117898,0.9669071729158809,0.9045903592036347,0.459647253531977,-0.10900016893498686,0.5313199014134757,0.2682480159538231,0.42113626687525313,0.804030166115589,0.17289820564404354,0.30290879407600685,0.733313840698801,0.6326864207175793,-0.759319337387213,-0.13894816550688918,-0.24374268198415072,-0.3959176222201188,-0.08175550819353809,0.7251376373826722
941,0.5158884101380199,-0.2083583049296186,0.9721348196525695,0.9156134752744455,0.4144319232606811,-0.2018682416680973,0.5444405845271815,0.22622597373683484,0.4204452151569793,0.92393845719191,0.13093350381219343,0.2958786708123054,0.7200179861932392,0.4917896442689182,-0.7568734126188437,-0.15697631638323595,-0.23131946373205983,-0.3143515983662303,-0.0941385207897652,0.7378093833188617
942,0.5158884101380199,-0.2083583049296186,0.9721348196525695,0.9156134752744455,0.4144319232606811,-0.2018682416680973,0.5444405845271815,0.22622597373683484,0.4204452151569793,0.92393845719191,0.13093350381219343,0.2958786708123054,0.7200179861932392,0.4917896442689182,-0.7568734126188437,-0.15697631638323595,-0.23131946373205983,-0.3143515983662303,-0.0941385207897652,0.7378093833188617
943,0.5047312961048699,-0.20096076005869873,0.9921903362067468,0.9244689897783422,0.43975843289384275,-0.06081124060201959,0.5582052787097431,0.20908190079578126,0.4059848966879344,0.7415341261223142,0.22830983418276468,0.3076722644203924,0.7252970967775052,0.5419222005877183,-0.7369254291671586,-0.15818926557461044,-0.3454492906848891,-0.3679436848483855,-0.1178856680721549,0.766392643101021
944,0.5197244230856952,-0.21635678127620636,0.9766611595829452,0.8974864468600829,0.4501270296559498,-0.19451408518493213,0.5269510477229967,0.2586483449900632,0.36063816362512724,0.8908981338652665,0.13667639793879607,0.2901731423092097,0.6616171135783403,0.5251173225143767,-0.7416466518440055,-0.14416971978699208,-0.23719621977511934,-0.307627644992154,-0.06385981101760776,0.850852422342761
945,0.5150622541142013,-0.20567482760448524,0.9538537537605494,0.9845571690972164,0.5019771442863764,-0.13754744992452447,0.47110579597226526,0.2792988847269395,0.4130384321904731,0.8168647440583146,0.17126542803832628,0.34294111991002774,0.755136766971243,0.6481307246246202,-0.771530083012079,-0.1798202041286911,-0.20737239810636765,-0.3934112270023869,-0.08222104127930903,0.7487390177132079
946,0.5150622541142013,-0.20567482760448524,0.9538537537605494,0.9845571690972164,0.5019771442863764,-0.13754744992452447,0.47110579597226526,0.2792988847269395,0.4130384321904731,0.8168647440583146,0.17126542803832628,0.34294111991002774,0.755136766971243,0.6481307246246202,-0.771530083012079,-0.1798202041286911,-0.20737239810636765,-0.3934112270023869,-0.08222104127930903,0.7487390177132079
947,0.4909425528863038,-0.21848220552025363,0.9958057544068127,0.8713446733765722,0.44415869030400423,-0.16494060921476023,0.5432078654023503,0.26052280844312536,0.4485889529754003,0.8331935828034804,0.13734137668080365,0.27522002033067217,0.5877659155081322,0.6633129314552199,-0.8440209784028129,-0.20094791181346694,-0.21864415193664727,-0.3875030369268322,-0.09843665181785263,0.8289544902340221
948,0.49506556482539543,-0.22343918784050562,0.9796191251344923,0.9048752456874568,0.4374373338659751,-0.04134107933872812,0.5928826911162358,0.2642113149846064,0.4117089573007765,0.7466963987944465,0.1814393848941419,0.30169471766191486,0.6256139081771044,0.5600655429319893,-0.7529471465997564,-0.09817544106089164,-0.3142071085250084,-0.38860811796713274,-0.07315167192070228,0.7323720062036774
949,0.5300391368791112,-0.2276319766542243,0.979283426085167,0.9210373175819005,0.38185876043148215,-0.09668903283909276,0.5976624269287879,0.235231006673239,0.4618238401636063,0.7930389249393751,0.15082649885321595,0.28305236733333106,0.5923966318339144,0.49769307517286066,-0.8214126281405855,-0.1543245802480819,-0.2601294187101768,-0.3669859525901047,-0.15329280887002078,0.715889315037948
950,0.48896518308193637,-0.21135609919173223,0.9893329822755621,0.9013303208650915,0.3984234329584679,0.011421628932601598,0.5683904800415278,0.33115928957644714,0.37131240984440395,0.7994139605591996,0.12481069690008069,0.29520070386470587,0.4368456695000711,0.5093932862874206,-0.734453503577433,0.012603344785501663,-0.3463934983345044,-0.36890392849157244,-0.05489217929028847,0.7354252411008688
951,0.4947297534022577,-0.20543458004793938,0.983676953266558,0.8994442692359736,0.40110449065780707,-0.102393227111685,0.6088125170338264,0.29254921434559095,0.4008034950924025,0.857059006584077,0.12155458446014017,0.29231305663869467,0.5966147954168078,0.4553549316655597,-0.7939033716743685,-0.10656719040809406,-0.22980133489278493,-0.3415224146815743,-0.09035298053684326,0.6716392852004768
952,0.5141178537888885,-0.2108462619488127,0.9969134498237863,0.8919126667234031,0.45662094251385776,-0.09928602193041194,0.58270460198288,0.2895954754417476,0.4632884082774949,0.8692256151905106,0.10383491879302556,0.34380386280500463,0.6630145544672046,0.5415456637273579,-0.8156622709299213,-0.18246248355201505,-0.2461432257654976,-0.3521119408397059,-0.09522352340503731,0.6277961216358379
953,0.5092834713554675,-0.2023942489439065,0.9842927481818744,0.9117088067328047,0.4146353292149864,-0.08357691466875666,0.59023586791251,0.2649284093697512,0.44074454064309043,0.8373387559586424,0.10555118247300405,0.30911474325147315,0.5594264229115812,0.402282678146312,-0.8127409902600948,-0.1252282900987336,-0.2570014240677533,-0.36707896598672396,-0.08084470505345528,0.6143870212194644
954,0.5106776521177121,-0.21329778727282145,0.9966495214969349,0.8868331649530933,0.44024107662331874,0.03623164458162118,0.6809294800246078,0.29945232131705396,0.49064726052957913,0.7544806220364705,0.15389116888817495,0.40476559239354204,0.5808837620839088,0.5654317461387435,-0.8537690178988886,-0.08884979932815837,-0.3132579970818934,-0.3964356527628672,-0.1487872183449059,0.6559584101505216
955,0.5106776521177121,-0.21329778727282145,0.9966495214969349,0.8868331649530933,0.44024107662331874,0.03623164458162118,0.6809294800246078,0.29945232131705396,0.49064726052957913,0.7544806220364705,0.15389116888817495,0.40476559239354204,0.5808837620839088,0.5654317461387435,-0.8537690178988886,-0.08884979932815837,-0.3132579970818934,-0.3964356527628672,-0.1487872183449059,0.6559584101505216
956,0.5118767312851059,-0.2054766338362469,0.9879302218674226,0.9011948321271861,0.4132747196528392,-0.008238485440260561,0.5952313913924913,0.2917408554749126,0.44430927404428955,0.7705083892817892,0.1437362653269425,0.33020100576898503,0.5063850133786981,0.5723884389802762,-0.8342498658083245,-0.057744523918193714,-0.3149633769498406,-0.37198148562469696,-0.15938534063838392,0.7901601695892563
957,0.5135631732582023,-0.19336389804481408,0.9814719652721573,0.915549709504499,0.4522804111054171,-0.03252896395202155,0.5488113094854293,0.2816685948131723,0.42317964026024546,0.7554248423697488,0.15963255802404674,0.32727469045432583,0.5604536789552517,0.6270718314538963,-0.7776200131452465,-0.07260953031564205,-0.3121555146658996,-0.4037431993800407,-0.07748576126878161,0.8171484492744424
958,0.5108255028613738,-0.20412977420045625,0.9837772256963185,0.8893822004701861,0.43441541734787054,-0.10242097300641854,0.5248308354435447,0.2515057728635819,0.41635514639628685,0.801553381345455,0.17576390481963658,0.3190075877640356,0.5503691478015926,0.6351432385382042,-0.784331436371554,-0.11611926887322653,-0.29873356804637297,-0.3725172190952885,-0.14067819357073713,0.8864441334793182
959,0.4958679768571507,-0.21545695873044873,0.978183103077117,0.8736496096908937,0.48764392900450443,-0.09003499106123408,0.43257926489940035,0.34758766048690054,0.3504403464214657,0.8108717462384525,0.10965576584124387,0.3153087600864078,0.5218607192144911,0.6386903605818685,-0.8005096437521432,-0.0161468941483409,-0.2432349421700885,-0.41949088774085314,0.025338588849162118,0.8074559080742078
960,0.4941249030377389,-0.22010713530363538,0.9863875489415386,0.878661261306006,0.46010898631351527,-0.03568479670163649,0.4111251906264536,0.3307379824261119,0.3689385107175066,0.8188863050831569,0.12723219862888102,0.30740608986826845,0.4417077755908398,0.6613724231782568,-0.7335670698961115,0.010216547342435076,-0.25885258255725313,-0.39510973031687674,-0.07948317602833514,0.9181331820834044
961,0.5261604728124124,-0.21980681174204078,0.9950350420410786,0.8824978636911744,0.4194170867016091,-0.0022101054268713833,0.5466610052111993,0.3010799789089757,0.36231072094974104,0.7391089005063813,0.19851711133384517,0.32432982976142993,0.4919015652191155,0.507086426344345,-0.6516908200134643,-0.007116518980513832,-0.39019719659580576,-0.337073690967767,-0.057200524310249565,0.8673131602562998
962,0.49995049420082094,-0.20893955048973842,0.9875528430327479,0.8729610242091135,0.3891953626711447,-0.05333396198639362,0.484697792598488,0.2690975142764841,0.353889509997539,0.8063084922334816,0.14511295695074217,0.26851092352130945,0.44819073630956324,0.4722548839836922,-0.7213123892555071,-0.0652664529079536,-0.3813251984918885,-0.32949586888986726,-0.05923341961922247,0.8567026231101526
963,0.5160722545112978,-0.2122375613532866,0.9939443812045614,0.877004790022838,0.4501684948873182,-0.13245472821583637,0.4996718828215721,0.20121918387016485,0.3787110655425868,0.8598301449177035,0.12527815260012642,0.22029866635271278,0.45840265066398855,0.431627741486998,-0.7469065357487433,-0.16003499936485502,-0.42572839115709976,-0.3439754666549154,0.0400632897043539,0.8468802463659645
964,0.5160722545112978,-0.2122375613532866,0.9939443812045614,0.877004790022838,0.4501684948873182,-0.13245472821583637,0.4996718828215721,0.20121918387016485,0.3787110655425868,0.8598301449177035,0.12527815260012642,0.22029866635271278,0.45840265066398855,0.431627741486998,-0.7469065357487433,-0.16003499936485502,-0.42572839115709976,-0.3439754666549154,0.0400632897043539,0.8468802463659645
965,0.49762553616278205,-0.2105519402405489,0.99316281574828,0.8654222102259431,0.4141765915027762,-0.07664881848108407,0.48312450205098023,0.2732844648783089,0.3387786183365296,0.9033519197180983,0.09423058785271127,0.21286419831513165,0.40562774848214317,0.3989598617838397,-0.7166271180498923,-0.06659258040787454,-0.43795979494936765,-0.32607161675800284,0.00793187602908111,0.8253597132458682
966,0.49762553616278205,-0.2105519402405489,0.99316281574828,0.8654222102259431,0.4141765915027762,-0.07664881848108407,0.48312450205098023,0.2732844648783089,0.3387786183365296,0.9033519197180983,0.09423058785271127,0.21286419831513165,0.40562774848214317,0.3989598617838397,-0.7166271180498923,-0.06659258040787454,-0.43795979494936765,-0.32607161675800284,0.00793187602908111,0.8253597132458682
967,0.5157369542696003,-0.20534261209795213,0.987391725661443,0.890854133465705,0.42518802205898604,-0.08242394013371092,0.5416616093260542,0.17881857169092935,0.3497576877595245,0.739608721012401,0.19756794503128133,0.18770558600721785,0.42998688081211983,0.41004050596835084,-0.669335778435329,-0.13262154457548733,-0.5105466976571356,-0.3512239127808164,0.00458829064451597,0.9649536596531353
968,0.5312522420650136,-0.20870191517061226,0.9842860818715284,0.8930622890239104,0.4470018309295485,-0.06664214683126682,0.4517709873746918,0.2015947930971308,0.34806894375638525,0.8196906133099578,0.11629236021996271,0.16033855706959024,0.25097729013921777,0.43514041672636694,-0.770582959189453,-0.11781298647996012,-0.5055613955857142,-0.34139596657315135,0.033293494631303565,0.9859448047985795
969,0.5017725915431396,-0.19043489645016465,0.9915369477499836,0.89634038725739,0.4482640140958711,-0.0703095549882224,0.5106528217609119,0.17800967291261338,0.37676562959256654,0.8428905449714149,0.017935969049290665,0.16996734108970338,0.1857064333201356,0.3329930900201212,-0.7747062636915566,-0.08794220928519726,-0.5390051767301477,-0.36977416008164393,0.13560802045179407,0.9421024979548065
970,0.534657088127757,-0.21669251073926662,0.9968752888087155,0.8827742135575206,0.39487935397833807,-0.06888243849774284,0.4306804063062235,0.27795269868518807,0.3380478404171565,0.9189478251001324,0.002587060487316487,0.1646349061752947,0.17571209745810495,0.3399495163581316,-0.7990113167307054,-0.015524473478963534,-0.539918937218139,-0.3133225311312469,0.055096176212309465,0.8904372718191437
971,0.4979140882328864,-0.2031038698988803,0.9952868354204978,0.876871477390891,0.43296908084089963,-0.02921067822737274,0.4365298446360286,0.33219835464463643,0.31642156171587665,0.9122227185091087,-0.018312194939641094,0.21264440997014766,0.17575264871885704,0.38045351266242,-0.72202425590979,0.05803328639477823,-0.47546303770762655,-0.38556580187845635,0.12255179357085362,0.8776528104683148
972,0.5191273099858422,-0.18639839072435416,0.9988025022319547,0.884304978037807,0.3657995339481478,-0.010449809040857235,0.4082433271498256,0.34296064984931507,0.2669395190227453,0.8040901543707211,0.09256347658969066,0.18190892149875199,0.18814939226550292,0.407786312745391,-0.6707138718423464,0.10359626371746879,-0.4557707068210658,-0.3440688750164182,-0.006230627911691183,0.963350156501552
973,0.5250604797333526,-0.1940365777026296,0.9895782727667208,0.8617508925837621,0.41028527753842226,-0.04427446487309572,0.4553879528933909,0.3124445573029325,0.2962983785449257,0.8643411935204642,0.03174421601626809,0.22778635564243283,0.22176401491558662,0.43073130513428287,-0.7097471639489212,0.04706511473914314,-0.4466282625975565,-0.3586848810593005,0.07136851113200054,0.9515429850890311
974,0.5231407360292831,-0.19473847837278135,0.9809079039672833,0.8830536233250416,0.4028801309231279,-0.05494547351806992,0.392368051422198,0.2969924927084026,0.315253550019797,0.8314553091201878,0.05791634876628189,0.2038811260157056,0.21457864703155471,0.4527769460701034,-0.7268673711174723,0.03513687807379498,-0.3930822461103692,-0.36979001655969646,0.01616278396549905,0.947753527622936
975,0.5220537093053492,-0.19361612592251243,0.967227585875316,0.8738781562742917,0.4914699868916937,-0.10268375310919842,0.38890775673412065,0.27658682491572534,0.31152426157469815,0.9518485315017194,0.005431556091627286,0.2144557351711536,0.21146279113898894,0.5037183918671732,-0.7490714372241729,-0.025726198155904913,-0.43806914592538804,-0.3880933384362885,0.17493546895360046,0.9894159292688627
976,0.5337207447870346,-0.20494355365385417,0.9836650230667745,0.8913723682638404,0.3673223346944271,0.029048892347227052,0.3608861240171446,0.34388593018702224,0.2651580435600507,0.9231809375971822,0.06095494543171319,0.18932343423368683,0.2412291370155036,0.37493883514616816,-0.7789595414031049,0.022668884304614997,-0.41204948036668265,-0.32686054151704613,0.00802784504740859,0.8703899065211099
977,0.5127322288308264,-0.18560222889676778,0.9912614788085038,0.9291119135272545,0.3420823299465574,0.059969226045344264,0.5485426968026144,0.360509135014271,0.36937531657222417,0.836987326383577,0.019813937963999884,0.2919061366327833,0.133967512891079,0.32342974953401027,-0.7136132959172695,0.15884164041839402,-0.44255676812996736,-0.37473060861191454,-0.008111294418624113,0.7892145958585653
978,0.5127322288308264,-0.18560222889676778,0.9912614788085038,0.9291119135272545,0.3420823299465574,0.059969226045344264,0.5485426968026144,0.360509135014271,0.36937531657222417,0.836987326383577,0.019813937963999884,0.2919061366327833,0.133967512891079,0.32342974953401027,-0.7136132959172695,0.15884164041839402,-0.44255676812996736,-0.37473060861191454,-0.008111294418624113,0.7892145958585653
979,0.5409539259970025,-0.1941685879487543,0.988725745869335,0.9472767811454571,0.3132549816460519,0.03592313144194815,0.46119460089204245,0.3819762602930521,0.3272385488222462,0.8545828972105133,0.0669288632001034,0.2663472135447281,0.2593085232526605,0.35635454768906843,-0.7262588271772316,0.11056569422095489,-0.4092279605359303,-0.3310346240587725,-0.04807098292579679,0.7943038081056728
980,0.5409539259970025,-0.1941685879487543,0.988725745869335,0.9472767811454571,0.3132549816460519,0.03592313144194815,0.46119460089204245,0.3819762602930521,0.3272385488222462,0.8545828972105133,0.0669288632001034,0.2663472135447281,0.2593085232526605,0.35635454768906843,-0.7262588271772316,0.11056569422095489,-0.4092279605359303,-0.3310346240587725,-0.04807098292579679,0.7943038081056728
981,0.5409539259970025,-0.1941685879487543,0.988725745869335,0.9472767811454571,0.3132549816460519,0.03592313144194815,0.46119460089204245,0.3819762602930521,0.3272385488222462,0.8545828972105133,0.0669288632001034,0.2663472135447281,0.2593085232526605,0.35635454768906843,-0.7262588271772316,0.11056569422095489,-0.4092279605359303,-0.3310346240587725,-0.04807098292579679,0.7943038081056728
982,0.508857632067552,-0.17745569734700248,0.9862929911851523,0.9252342519835721,0.38272667255336007,-0.06992817336576644,0.479013481496593,0.3050600923843012,0.32968839837230524,0.8626502973797879,0.07149368238224105,0.26819789440109365,0.3622700377235796,0.3830669544246497,-0.6380432613259517,0.08307122075214808,-0.4074796147118473,-0.3345748886768878,0.024881860707205813,0.8723050741439211
983,0.508857632067552,-0.17745569734700248,0.9862929911851523,0.9252342519835721,0.38272667255336007,-0.06992817336576644,0.479013481496593,0.3050600923843012,0.32968839837230524,0.8626502973797879,0.07149368238224105,0.26819789440109365,0.3622700377235796,0.3830669544246497,-0.6380432613259517,0.08307122075214808,-0.4074796147118473,-0.3345748886768878,0.024881860707205813,0.8723050741439211
984,0.5262277583273556,-0.19073402578195794,0.984653611690455,0.9331390925871748,0.4067998795392874,-0.010378927756041732,0.5202203963686265,0.2942125024339479,0.39689581407331787,0.8726990022078076,0.06687767666817816,0.2511390321438588,0.3538282368521297,0.40485731427766225,-0.8337178889461496,-0.057463892365686574,-0.3248163735818339,-0.3489534297756815,-0.01899888499598334,0.7260848274540209
985,0.5116060547164099,-0.20518484030756412,0.9955397654103928,0.8521262799161862,0.4318313177889658,-0.02645604957292001,0.5989197605589622,0.31805621295530073,0.39941727259590076,0.8376356018996985,0.1108187457634783,0.3234959050310848,0.6211666869636578,0.47571624790837125,-0.6933063657711351,-0.030793428103578616,-0.27418949755081856,-0.38627685491541053,-0.09573076877571035,0.6993533661888532
986,0.5186337721490702,-0.19653068550016808,0.9997943431041946,0.8751531122895675,0.41178538614869664,-0.12120919020709653,0.46131923053835594,0.2502022230720079,0.39394963496638286,0.8850919586255863,0.09190293633457967,0.23056787396696046,0.4966695781001252,0.494352488473404,-0.8261345235590626,-0.13667535315493154,-0.3385853464961419,-0.3879963463461862,-0.0609263492444379,0.7915854950709323
987,0.5187122723150436,-0.179706397936516,0.9818546341483587,0.9241605907905333,0.4267241598264561,-0.07284237185122366,0.5355341563209032,0.21145530248796654,0.3977559651491281,0.8817418816693676,0.06707422723409463,0.22439744056563315,0.3868330011714606,0.41139311696299596,-0.7976172588649396,-0.09022182712823232,-0.3768749456508551,-0.3656832776506809,0.031744753728944794,0.7940048551771015
988,0.5464368540397855,-0.2056309000571903,0.9840081981264263,0.8869381318616654,0.4398040643375674,-0.10681498531742419,0.4859141650587417,0.211539617380684,0.41287714297310485,0.9379461595831527,0.02639582572896681,0.17620897076411962,0.3679234123549858,0.33037006672873903,-0.8061726542655072,-0.11188134820310955,-0.4275218534545465,-0.3239516230216406,0.046170197542553554,0.7635530261580845
989,0.5248318946105971,-0.19387508541115042,0.997577386554853,0.877842950379029,0.399164599586744,-0.049494105390582396,0.6196047855846473,0.1809273468729626,0.4186028011741276,0.8550326648986425,0.05121064626628931,0.20083991660185624,0.3265859943157807,0.25027930043481356,-0.8018917677751178,-0.12164570720270494,-0.5213460313814094,-0.3147441817059391,0.047962502776907175,0.7578374707510538
990,0.5051997167526726,-0.17897682854983124,0.9955636309079078,0.8759785599952592,0.38542541576893435,-0.03431800991890885,0.6312465330371984,0.20733792844955487,0.45185619505371355,0.8061492213306368,0.10045646824331708,0.26453513864396155,0.4652554492260426,0.3277968387961759,-0.8154317620684524,-0.14888176978158257,-0.37930482365852214,-0.3226952823148979,-0.07940265910727924,0.6635676548435541
991,0.5335722555362228,-0.17203470822251543,0.9863594269381215,0.8994341656793979,0.4406147237859874,-0.07358923664581524,0.6305135518856714,0.14414549258253814,0.4507833316899529,0.8202212063960063,0.1280830505256294,0.28705887621422566,0.4882636236675274,0.3617196359891743,-0.8290588272008875,-0.22594425064661908,-0.42609111607302314,-0.3679631799290279,-0.003531513745279125,0.6694020496816181
992,0.5194874481199268,-0.18261460196852403,0.993039717580062,0.8641527461257912,0.39572152483934664,-0.10141047970946111,0.6369743944288834,0.17359499814541332,0.4878601713001349,0.7827270354741439,0.17697233999146736,0.24266399148892662,0.6653743996413608,0.4138557086195342,-0.8128747201513133,-0.2612631670087819,-0.3484594271281841,-0.339828675523144,-0.09057668447866865,0.6464848810717284
993,0.520319950437138,-0.15680058737375377,0.9786615752049662,0.9281905894092215,0.4698274931152698,-0.0781206858813204,0.6899501743159836,0.16217613710793283,0.5196576335668873,0.7330583550555745,0.17936459096246063,0.2978032919276951,0.5943786637033921,0.522153077616132,-0.863540930448472,-0.25281723243349313,-0.3703423286460463,-0.3846377062775012,-0.12223399709744354,0.7221836775514777
994,0.5020973523454877,-0.1865779184707399,0.9851750137549713,0.9176954568411667,0.4091498121072584,-0.05328712491965952,0.6828234508099844,0.11276687595065964,0.4861737097049083,0.7335508043285408,0.164000632657465,0.19096836750848661,0.49604204323857537,0.29861685224550427,-0.8595438019414228,-0.278911780215897,-0.46209996569378003,-0.33951692020190455,-0.05178522946938462,0.6661936656609184
995,0.5020973523454877,-0.1865779184707399,0.9851750137549713,0.9176954568411667,0.4091498121072584,-0.05328712491965952,0.6828234508099844,0.11276687595065964,0.4861737097049083,0.7335508043285408,0.164000632657465,0.19096836750848661,0.49604204323857537,0.29861685224550427,-0.8595438019414228,-0.278911780215897,-0.46209996569378003,-0.33951692020190455,-0.05178522946938462,0.6661936656609184
996,0.5020973523454877,-0.1865779184707399,0.9851750137549713,0.9176954568411667,0.4091498121072584,-0.05328712491965952,0.6828234508099844,0.11276687595065964,0.4861737097049083,0.7335508043285408,0.164000632657465,0.19096836750848661,0.49604204323857537,0.29861685224550427,-0.8595438019414228,-0.278911780215897,-0.46209996569378003,-0.33951692020190455,-0.05178522946938462,0.6661936656609184
997,0.5020973523454877,-0.1865779184707399,0.9851750137549713,0.9176954568411667,0.4091498121072584,-0.05328712491965952,0.6828234508099844,0.11276687595065964,0.4861737097049083,0.7335508043285408,0.164000632657465,0.19096836750848661,0.49604204323857537,0.29861685224550427,-0.8595438019414228,-0.278911780215897,-0.46209996569378003,-0.33951692020190455,-0.05178522946938462,0.6661936656609184
998,0.5315809579953525,-0.2113248075878805,0.989347542150216,0.9015218696492705,0.4154148405747953,0.00460902346264646,0.7617303915681298,0.11777667179327343,0.5123642631035398,0.7104217345347837,0.14414022732106468,0.23310914534017727,0.3719675953494843,0.37168635491914187,-0.902711535048718,-0.23263878605511487,-0.5481810689010612,-0.3328979759164117,-0.06668190430112525,0.7699829644012102
999,0.4979177298440248,-0.19713970457461066,0.9926827866820644,0.9124651966010604,0.3948771466211232,-0.041575246210548936,0.6367739577529352,0.1472183425915755,0.4218549167010151,0.7593633415042286,0.1494304801451887,0.18608739913098443,0.5431554319799723,0.2391176133272673,-0.7291870111595746,-0.16134777512648887,-0.4575741665306351,-0.30681306365558125,0.01739410906771413,0.7109662896557366
