,x0,x1,x2,x3,x4,x5,x6,x7,x8,x9,x10,x11,x12,x13,x14,x15,x16,x17,x18,x19
0,0.44771293998212047,-0.99772994835775908,0.78217469933884032,0.56811699955142969,0.24311686504397279,-0.050319966698937346,0.42337332048758691,0.88486682187856713,-0.7400974167726122,-0.92729201224164792,0.088695201270408974,0.13391873770787832,-0.015651552577101935,0.46930918240077246,-0.97465798553420346,0.41963353634921408,-0.88314116827770728,-0.66186938612650437,-0.444130753979183,-0.18479920070906242
1,0.44771293998212047,-0.99772994835775908,0.78217469933884032,0.56811699955142969,0.24311686504397279,-0.050319966698937346,0.42337332048758691,0.88486682187856713,-0.7400974167726122,-0.92729201224164792,0.088695201270408974,0.13391873770787832,-0.015651552577101935,0.46930918240077246,-0.97465798553420346,0.41963353634921408,-0.88314116827770728,-0.66186938612650437,-0.444130753979183,-0.18479920070906242
2,0.44771293998212047,-0.99772994835775908,0.78217469933884032,0.56811699955142969,0.24311686504397279,-0.050319966698937346,0.42337332048758691,0.88486682187856713,-0.7400974167726122,-0.92729201224164792,0.088695201270408974,0.13391873770787832,-0.015651552577101935,0.46930918240077246,-0.97465798553420346,0.41963353634921408,-0.88314116827770728,-0.66186938612650437,-0.444130753979183,-0.18479920070906242
3,0.44771293998212047,-0.99772994835775908,0.78217469933884032,0.56811699955142969,0.24311686504397279,-0.050319966698937346,0.42337332048758691,0.88486682187856713,-0.7400974167726122,-0.92729201224164792,0.088695201270408974,0.13391873770787832,-0.015651552577101935,0.46930918240077246,-0.97465798553420346,0.41963353634921408,-0.88314116827770728,-0.66186938612650437,-0.444130753979183,-0.18479920070906242
4,0.44771293998212047,-0.99772994835775908,0.78217469933884032,0.56811699955142969,0.24311686504397279,-0.050319966698937346,0.42337332048758691,0.88486682187856713,-0.7400974167726122,-0.92729201224164792,0.088695201270408974,0.13391873770787832,-0.015651552577101935,0.46930918240077246,-0.97465798553420346,0.41963353634921408,-0.88314116827770728,-0.66186938612650437,-0.444130753979183,-0.18479920070906242
5,0.44771293998212047,-0.99772994835775908,0.78217469933884032,0.56811699955142969,0.24311686504397279,-0.050319966698937346,0.42337332048758691,0.88486682187856713,-0.7400974167726122,-0.92729201224164792,0.088695201270408974,0.13391873770787832,-0.015651552577101935,0.46930918240077246,-0.97465798553420346,0.41963353634921408,-0.88314116827770728,-0.66186938612650437,-0.444130753979183,-0.18479920070906242
6,0.44771293998212047,-0.99772994835775908,0.78217469933884032,0.56811699955142969,0.24311686504397279,-0.050319966698937346,0.42337332048758691,0.88486682187856713,-0.7400974167726122,-0.92729201224164792,0.088695201270408974,0.13391873770787832,-0.015651552577101935,0.46930918240077246,-0.97465798553420346,0.41963353634921408,-0.88314116827770728,-0.66186938612650437,-0.444130753979183,-0.18479920070906242
7,0.44771293998212047,-0.99772994835775908,0.78217469933884032,0.56811699955142969,0.24311686504397279,-0.050319966698937346,0.42337332048758691,0.88486682187856713,-0.7400974167726122,-0.92729201224164792,0.088695201270408974,0.13391873770787832,-0.015651552577101935,0.46930918240077246,-0.97465798553420346,0.41963353634921408,-0.88314116827770728,-0.66186938612650437,-0.444130753979183,-0.18479920070906242
8,0.44771293998212047,-0.99772994835775908,0.78217469933884032,0.56811699955142969,0.24311686504397279,-0.050319966698937346,0.42337332048758691,0.88486682187856713,-0.7400974167726122,-0.92729201224164792,0.088695201270408974,0.13391873770787832,-0.015651552577101935,0.46930918240077246,-0.97465798553420346,0.41963353634921408,-0.88314116827770728,-0.66186938612650437,-0.444130753979183,-0.18479920070906242
9,0.44771293998212047,-0.99772994835775908,0.78217469933884032,0.56811699955142969,0.24311686504397279,-0.050319966698937346,0.42337332048758691,0.88486682187856713,-0.7400974167726122,-0.92729201224164792,0.088695201270408974,0.13391873770787832,-0.015651552577101935,0.46930918240077246,-0.97465798553420346,0.41963353634921408,-0.88314116827770728,-0.66186938612650437,-0.444130753979183,-0.18479920070906242
10,0.44771293998212047,-0.99772994835775908,0.78217469933884032,0.56811699955142969,0.24311686504397279,-0.050319966698937346,0.42337332048758691,0.88486682187856713,-0.7400974167726122,-0.92729201224164792,0.088695201270408974,0.13391873770787832,-0.015651552577101935,0.46930918240077246,-0.97465798553420346,0.41963353634921408,-0.88314116827770728,-0.66186938612650437,-0.444130753979183,-0.18479920070906242
11,0.44771293998212047,-0.99772994835775908,0.78217469933884032,0.56811699955142969,0.24311686504397279,-0.050319966698937346,0.42337332048758691,0.88486682187856713,-0.7400974167726122,-0.92729201224164792,0.088695201270408974,0.13391873770787832,-0.015651552577101935,0.46930918240077246,-0.97465798553420346,0.41963353634921408,-0.88314116827770728,-0.66186938612650437,-0.444130753979183,-0.18479920070906242
12,0.44771293998212047,-0.99772994835775908,0.78217469933884032,0.56811699955142969,0.24311686504397279,-0.050319966698937346,0.42337332048758691,0.88486682187856713,-0.7400974167726122,-0.92729201224164792,0.088695201270408974,0.13391873770787832,-0.015651552577101935,0.46930918240077246,-0.97465798553420346,0.41963353634921408,-0.88314116827770728,-0.66186938612650437,-0.444130753979183,-0.18479920070906242
13,0.44771293998212047,-0.99772994835775908,0.78217469933884032,0.56811699955142969,0.24311686504397279,-0.050319966698937346,0.42337332048758691,0.88486682187856713,-0.7400974167726122,-0.92729201224164792,0.088695201270408974,0.13391873770787832,-0.015651552577101935,0.46930918240077246,-0.97465798553420346,0.41963353634921408,-0.88314116827770728,-0.66186938612650437,-0.444130753979183,-0.18479920070906242
14,0.44771293998212047,-0.99772994835775908,0.78217469933884032,0.56811699955142969,0.24311686504397279,-0.050319966698937346,0.42337332048758691,0.88486682187856713,-0.7400974167726122,-0.92729201224164792,0.088695201270408974,0.13391873770787832,-0.015651552577101935,0.46930918240077246,-0.97465798553420346,0.41963353634921408,-0.88314116827770728,-0.66186938612650437,-0.444130753979183,-0.18479920070906242
15,0.44771293998212047,-0.99772994835775908,0.78217469933884032,0.56811699955142969,0.24311686504397279,-0.050319966698937346,0.42337332048758691,0.88486682187856713,-0.7400974167726122,-0.92729201224164792,0.088695201270408974,0.13391873770787832,-0.015651552577101935,0.46930918240077246,-0.97465798553420346,0.41963353634921408,-0.88314116827770728,-0.66186938612650437,-0.444130753979183,-0.18479920070906242
16,0.44771293998212047,-0.99772994835775908,0.78217469933884032,0.56811699955142969,0.24311686504397279,-0.050319966698937346,0.42337332048758691,0.88486682187856713,-0.7400974167726122,-0.92729201224164792,0.088695201270408974,0.13391873770787832,-0.015651552577101935,0.46930918240077246,-0.97465798553420346,0.41963353634921408,-0.88314116827770728,-0.66186938612650437,-0.444130753979183,-0.18479920070906242
17,0.44771293998212047,-0.99772994835775908,0.78217469933884032,0.56811699955142969,0.24311686504397279,-0.050319966698937346,0.42337332048758691,0.88486682187856713,-0.7400974167726122,-0.92729201224164792,0.088695201270408974,0.13391873770787832,-0.015651552577101935,0.46930918240077246,-0.97465798553420346,0.41963353634921408,-0.88314116827770728,-0.66186938612650437,-0.444130753979183,-0.18479920070906242
18,0.44771293998212047,-0.99772994835775908,0.78217469933884032,0.56811699955142969,0.24311686504397279,-0.050319966698937346,0.42337332048758691,0.88486682187856713,-0.7400974167726122,-0.92729201224164792,0.088695201270408974,0.13391873770787832,-0.015651552577101935,0.46930918240077246,-0.97465798553420346,0.41963353634921408,-0.88314116827770728,-0.66186938612650437,-0.444130753979183,-0.18479920070906242
19,0.44771293998212047,-0.99772994835775908,0.78217469933884032,0.56811699955142969,0.24311686504397279,-0.050319966698937346,0.42337332048758691,0.88486682187856713,-0.7400974167726122,-0.92729201224164792,0.088695201270408974,0.13391873770787832,-0.015651552577101935,0.46930918240077246,-0.97465798553420346,0.41963353634921408,-0.88314116827770728,-0.66186938612650437,-0.444130753979183,-0.18479920070906242
20,0.44771293998212047,-0.99772994835775908,0.78217469933884032,0.56811699955142969,0.24311686504397279,-0.050319966698937346,0.42337332048758691,0.88486682187856713,-0.7400974167726122,-0.92729201224164792,0.088695201270408974,0.13391873770787832,-0.015651552577101935,0.46930918240077246,-0.97465798553420346,0.41963353634921408,-0.88314116827770728,-0.66186938612650437,-0.444130753979183,-0.18479920070906242
21,0.44771293998212047,-0.99772994835775908,0.78217469933884032,0.56811699955142969,0.24311686504397279,-0.050319966698937346,0.42337332048758691,0.88486682187856713,-0.7400974167726122,-0.92729201224164792,0.088695201270408974,0.13391873770787832,-0.015651552577101935,0.46930918240077246,-0.97465798553420346,0.41963353634921408,-0.88314116827770728,-0.66186938612650437,-0.444130753979183,-0.18479920070906242
22,0.44771293998212047,-0.99772994835775908,0.78217469933884032,0.56811699955142969,0.24311686504397279,-0.050319966698937346,0.42337332048758691,0.88486682187856713,-0.7400974167726122,-0.92729201224164792,0.088695201270408974,0.13391873770787832,-0.015651552577101935,0.46930918240077246,-0.97465798553420346,0.41963353634921408,-0.88314116827770728,-0.66186938612650437,-0.444130753979183,-0.18479920070906242
23,0.44771293998212047,-0.99772994835775908,0.78217469933884032,0.56811699955142969,0.24311686504397279,-0.050319966698937346,0.42337332048758691,0.88486682187856713,-0.7400974167726122,-0.92729201224164792,0.088695201270408974,0.13391873770787832,-0.015651552577101935,0.46930918240077246,-0.97465798553420346,0.41963353634921408,-0.88314116827770728,-0.66186938612650437,-0.444130753979183,-0.18479920070906242
24,0.44771293998212047,-0.99772994835775908,0.78217469933884032,0.56811699955142969,0.24311686504397279,-0.050319966698937346,0.42337332048758691,0.88486682187856713,-0.7400974167726122,-0.92729201224164792,0.088695201270408974,0.13391873770787832,-0.015651552577101935,0.46930918240077246,-0.97465798553420346,0.41963353634921408,-0.88314116827770728,-0.66186938612650437,-0.444130753979183,-0.18479920070906242
25,0.44771293998212047,-0.99772994835775908,0.78217469933884032,0.56811699955142969,0.24311686504397279,-0.050319966698937346,0.42337332048758691,0.88486682187856713,-0.7400974167726122,-0.92729201224164792,0.088695201270408974,0.13391873770787832,-0.015651552577101935,0.46930918240077246,-0.97465798553420346,0.41963353634921408,-0.88314116827770728,-0.66186938612650437,-0.444130753979183,-0.18479920070906242
26,0.44771293998212047,-0.99772994835775908,0.78217469933884032,0.56811699955142969,0.24311686504397279,-0.050319966698937346,0.42337332048758691,0.88486682187856713,-0.7400974167726122,-0.92729201224164792,0.088695201270408974,0.13391873770787832,-0.015651552577101935,0.46930918240077246,-0.97465798553420346,0.41963353634921408,-0.88314116827770728,-0.66186938612650437,-0.444130753979183,-0.18479920070906242
27,0.44771293998212047,-0.99772994835775908,0.78217469933884032,0.56811699955142969,0.24311686504397279,-0.050319966698937346,0.42337332048758691,0.88486682187856713,-0.7400974167726122,-0.92729201224164792,0.088695201270408974,0.13391873770787832,-0.015651552577101935,0.46930918240077246,-0.97465798553420346,0.41963353634921408,-0.88314116827770728,-0.66186938612650437,-0.444130753979183,-0.18479920070906242
28,0.44771293998212047,-0.99772994835775908,0.78217469933884032,0.56811699955142969,0.24311686504397279,-0.050319966698937346,0.42337332048758691,0.88486682187856713,-0.7400974167726122,-0.92729201224164792,0.088695201270408974,0.13391873770787832,-0.015651552577101935,0.46930918240077246,-0.97465798553420346,0.41963353634921408,-0.88314116827770728,-0.66186938612650437,-0.444130753979183,-0.18479920070906242
29,0.44771293998212047,-0.99772994835775908,0.78217469933884032,0.56811699955142969,0.24311686504397279,-0.050319966698937346,0.42337332048758691,0.88486682187856713,-0.7400974167726122,-0.92729201224164792,0.088695201270408974,0.13391873770787832,-0.015651552577101935,0.46930918240077246,-0.97465798553420346,0.41963353634921408,-0.88314116827770728,-0.66186938612650437,-0.444130753979183,-0.18479920070906242
30,0.44771293998212047,-0.99772994835775908,0.78217469933884032,0.56811699955142969,0.24311686504397279,-0.050319966698937346,0.42337332048758691,0.88486682187856713,-0.7400974167726122,-0.92729201224164792,0.088695201270408974,0.13391873770787832,-0.015651552577101935,0.46930918240077246,-0.97465798553420346,0.41963353634921408,-0.88314116827770728,-0.66186938612650437,-0.444130753979183,-0.18479920070906242
31,0.44771293998212047,-0.99772994835775908,0.78217469933884032,0.56811699955142969,0.24311686504397279,-0.050319966698937346,0.42337332048758691,0.88486682187856713,-0.7400974167726122,-0.92729201224164792,0.088695201270408974,0.13391873770787832,-0.015651552577101935,0.46930918240077246,-0.97465798553420346,0.41963353634921408,-0.88314116827770728,-0.66186938612650437,-0.444130753979183,-0.18479920070906242
32,0.44771293998212047,-0.99772994835775908,0.78217469933884032,0.56811699955142969,0.24311686504397279,-0.050319966698937346,0.42337332048758691,0.88486682187856713,-0.7400974167726122,-0.92729201224164792,0.088695201270408974,0.13391873770787832,-0.015651552577101935,0.46930918240077246,-0.97465798553420346,0.41963353634921408,-0.88314116827770728,-0.66186938612650437,-0.444130753979183,-0.18479920070906242
33,0.44771293998212047,-0.99772994835775908,0.78217469933884032,0.56811699955142969,0.24311686504397279,-0.050319966698937346,0.42337332048758691,0.88486682187856713,-0.7400974167726122,-0.92729201224164792,0.088695201270408974,0.13391873770787832,-0.015651552577101935,0.46930918240077246,-0.97465798553420346,0.41963353634921408,-0.88314116827770728,-0.66186938612650437,-0.444130753979183,-0.18479920070906242
34,0.44771293998212047,-0.99772994835775908,0.78217469933884032,0.56811699955142969,0.24311686504397279,-0.050319966698937346,0.42337332048758691,0.88486682187856713,-0.7400974167726122,-0.92729201224164792,0.088695201270408974,0.13391873770787832,-0.015651552577101935,0.46930918240077246,-0.97465798553420346,0.41963353634921408,-0.88314116827770728,-0.66186938612650437,-0.444130753979183,-0.18479920070906242
35,0.44771293998212047,-0.99772994835775908,0.78217469933884032,0.56811699955142969,0.24311686504397279,-0.050319966698937346,0.42337332048758691,0.88486682187856713,-0.7400974167726122,-0.92729201224164792,0.088695201270408974,0.13391873770787832,-0.015651552577101935,0.46930918240077246,-0.97465798553420346,0.41963353634921408,-0.88314116827770728,-0.66186938612650437,-0.444130753979183,-0.18479920070906242
36,0.44771293998212047,-0.99772994835775908,0.78217469933884032,0.56811699955142969,0.24311686504397279,-0.050319966698937346,0.42337332048758691,0.88486682187856713,-0.7400974167726122,-0.92729201224164792,0.088695201270408974,0.13391873770787832,-0.015651552577101935,0.46930918240077246,-0.97465798553420346,0.41963353634921408,-0.88314116827770728,-0.66186938612650437,-0.444130753979183,-0.18479920070906242
37,0.44771293998212047,-0.99772994835775908,0.78217469933884032,0.56811699955142969,0.24311686504397279,-0.050319966698937346,0.42337332048758691,0.88486682187856713,-0.7400974167726122,-0.92729201224164792,0.088695201270408974,0.13391873770787832,-0.015651552577101935,0.46930918240077246,-0.97465798553420346,0.41963353634921408,-0.88314116827770728,-0.66186938612650437,-0.444130753979183,-0.18479920070906242
38,0.44771293998212047,-0.99772994835775908,0.78217469933884032,0.56811699955142969,0.24311686504397279,-0.050319966698937346,0.42337332048758691,0.88486682187856713,-0.7400974167726122,-0.92729201224164792,0.088695201270408974,0.13391873770787832,-0.015651552577101935,0.46930918240077246,-0.97465798553420346,0.41963353634921408,-0.88314116827770728,-0.66186938612650437,-0.444130753979183,-0.18479920070906242
39,0.44771293998212047,-0.99772994835775908,0.78217469933884032,0.56811699955142969,0.24311686504397279,-0.050319966698937346,0.42337332048758691,0.88486682187856713,-0.7400974167726122,-0.92729201224164792,0.088695201270408974,0.13391873770787832,-0.015651552577101935,0.46930918240077246,-0.97465798553420346,0.41963353634921408,-0.88314116827770728,-0.66186938612650437,-0.444130753979183,-0.18479920070906242
40,0.44771293998212047,-0.99772994835775908,0.78217469933884032,0.56811699955142969,0.24311686504397279,-0.050319966698937346,0.42337332048758691,0.88486682187856713,-0.7400974167726122,-0.92729201224164792,0.088695201270408974,0.13391873770787832,-0.015651552577101935,0.46930918240077246,-0.97465798553420346,0.41963353634921408,-0.88314116827770728,-0.66186938612650437,-0.444130753979183,-0.18479920070906242
41,0.44771293998212047,-0.99772994835775908,0.78217469933884032,0.56811699955142969,0.24311686504397279,-0.050319966698937346,0.42337332048758691,0.88486682187856713,-0.7400974167726122,-0.92729201224164792,0.088695201270408974,0.13391873770787832,-0.015651552577101935,0.46930918240077246,-0.97465798553420346,0.41963353634921408,-0.88314116827770728,-0.66186938612650437,-0.444130753979183,-0.18479920070906242
42,0.44771293998212047,-0.99772994835775908,0.78217469933884032,0.56811699955142969,0.24311686504397279,-0.050319966698937346,0.42337332048758691,0.88486682187856713,-0.7400974167726122,-0.92729201224164792,0.088695201270408974,0.13391873770787832,-0.015651552577101935,0.46930918240077246,-0.97465798553420346,0.41963353634921408,-0.88314116827770728,-0.66186938612650437,-0.444130753979183,-0.18479920070906242
43,0.44771293998212047,-0.99772994835775908,0.78217469933884032,0.56811699955142969,0.24311686504397279,-0.050319966698937346,0.42337332048758691,0.88486682187856713,-0.7400974167726122,-0.92729201224164792,0.088695201270408974,0.13391873770787832,-0.015651552577101935,0.46930918240077246,-0.97465798553420346,0.41963353634921408,-0.88314116827770728,-0.66186938612650437,-0.444130753979183,-0.18479920070906242
44,0.44771293998212047,-0.99772994835775908,0.78217469933884032,0.56811699955142969,0.24311686504397279,-0.050319966698937346,0.42337332048758691,0.88486682187856713,-0.7400974167726122,-0.92729201224164792,0.088695201270408974,0.13391873770787832,-0.015651552577101935,0.46930918240077246,-0.97465798553420346,0.41963353634921408,-0.88314116827770728,-0.66186938612650437,-0.444130753979183,-0.18479920070906242
45,0.44771293998212047,-0.99772994835775908,0.78217469933884032,0.56811699955142969,0.24311686504397279,-0.050319966698937346,0.42337332048758691,0.88486682187856713,-0.7400974167726122,-0.92729201224164792,0.088695201270408974,0.13391873770787832,-0.015651552577101935,0.46930918240077246,-0.97465798553420346,0.41963353634921408,-0.88314116827770728,-0.66186938612650437,-0.444130753979183,-0.18479920070906242
46,0.44771293998212047,-0.99772994835775908,0.78217469933884032,0.56811699955142969,0.24311686504397279,-0.050319966698937346,0.42337332048758691,0.88486682187856713,-0.7400974167726122,-0.92729201224164792,0.088695201270408974,0.13391873770787832,-0.015651552577101935,0.46930918240077246,-0.97465798553420346,0.41963353634921408,-0.88314116827770728,-0.66186938612650437,-0.444130753979183,-0.18479920070906242
47,0.44771293998212047,-0.99772994835775908,0.78217469933884032,0.56811699955142969,0.24311686504397279,-0.050319966698937346,0.42337332048758691,0.88486682187856713,-0.7400974167726122,-0.92729201224164792,0.088695201270408974,0.13391873770787832,-0.015651552577101935,0.46930918240077246,-0.97465798553420346,0.41963353634921408,-0.88314116827770728,-0.66186938612650437,-0.444130753979183,-0.18479920070906242
48,0.44771293998212047,-0.99772994835775908,0.78217469933884032,0.56811699955142969,0.24311686504397279,-0.050319966698937346,0.42337332048758691,0.88486682187856713,-0.7400974167726122,-0.92729201224164792,0.088695201270408974,0.13391873770787832,-0.015651552577101935,0.46930918240077246,-0.97465798553420346,0.41963353634921408,-0.88314116827770728,-0.66186938612650437,-0.444130753979183,-0.18479920070906242
49,0.44771293998212047,-0.99772994835775908,0.78217469933884032,0.56811699955142969,0.24311686504397279,-0.050319966698937346,0.42337332048758691,0.88486682187856713,-0.7400974167726122,-0.92729201224164792,0.088695201270408974,0.13391873770787832,-0.015651552577101935,0.46930918240077246,-0.97465798553420346,0.41963353634921408,-0.88314116827770728,-0.66186938612650437,-0.444130753979183,-0.18479920070906242
50,0.44771293998212047,-0.99772994835775908,0.78217469933884032,0.56811699955142969,0.24311686504397279,-0.050319966698937346,0.42337332048758691,0.88486682187856713,-0.7400974167726122,-0.92729201224164792,0.088695201270408974,0.13391873770787832,-0.015651552577101935,0.46930918240077246,-0.97465798553420346,0.41963353634921408,-0.88314116827770728,-0.66186938612650437,-0.444130753979183,-0.18479920070906242
51,0.44771293998212047,-0.99772994835775908,0.78217469933884032,0.56811699955142969,0.24311686504397279,-0.050319966698937346,0.42337332048758691,0.88486682187856713,-0.7400974167726122,-0.92729201224164792,0.088695201270408974,0.13391873770787832,-0.015651552577101935,0.46930918240077246,-0.97465798553420346,0.41963353634921408,-0.88314116827770728,-0.66186938612650437,-0.444130753979183,-0.18479920070906242
52,0.44771293998212047,-0.99772994835775908,0.78217469933884032,0.56811699955142969,0.24311686504397279,-0.050319966698937346,0.42337332048758691,0.88486682187856713,-0.7400974167726122,-0.92729201224164792,0.088695201270408974,0.13391873770787832,-0.015651552577101935,0.46930918240077246,-0.97465798553420346,0.41963353634921408,-0.88314116827770728,-0.66186938612650437,-0.444130753979183,-0.18479920070906242
53,0.44771293998212047,-0.99772994835775908,0.78217469933884032,0.56811699955142969,0.24311686504397279,-0.050319966698937346,0.42337332048758691,0.88486682187856713,-0.7400974167726122,-0.92729201224164792,0.088695201270408974,0.13391873770787832,-0.015651552577101935,0.46930918240077246,-0.97465798553420346,0.41963353634921408,-0.88314116827770728,-0.66186938612650437,-0.444130753979183,-0.18479920070906242
54,0.44771293998212047,-0.99772994835775908,0.78217469933884032,0.56811699955142969,0.24311686504397279,-0.050319966698937346,0.42337332048758691,0.88486682187856713,-0.7400974167726122,-0.92729201224164792,0.088695201270408974,0.13391873770787832,-0.015651552577101935,0.46930918240077246,-0.97465798553420346,0.41963353634921408,-0.88314116827770728,-0.66186938612650437,-0.444130753979183,-0.18479920070906242
55,0.44771293998212047,-0.99772994835775908,0.78217469933884032,0.56811699955142969,0.24311686504397279,-0.050319966698937346,0.42337332048758691,0.88486682187856713,-0.7400974167726122,-0.92729201224164792,0.088695201270408974,0.13391873770787832,-0.015651552577101935,0.46930918240077246,-0.97465798553420346,0.41963353634921408,-0.88314116827770728,-0.66186938612650437,-0.444130753979183,-0.18479920070906242
56,0.44771293998212047,-0.99772994835775908,0.78217469933884032,0.56811699955142969,0.24311686504397279,-0.050319966698937346,0.42337332048758691,0.88486682187856713,-0.7400974167726122,-0.92729201224164792,0.088695201270408974,0.13391873770787832,-0.015651552577101935,0.46930918240077246,-0.97465798553420346,0.41963353634921408,-0.88314116827770728,-0.66186938612650437,-0.444130753979183,-0.18479920070906242
57,0.44771293998212047,-0.99772994835775908,0.78217469933884032,0.56811699955142969,0.24311686504397279,-0.050319966698937346,0.42337332048758691,0.88486682187856713,-0.7400974167726122,-0.92729201224164792,0.088695201270408974,0.13391873770787832,-0.015651552577101935,0.46930918240077246,-0.97465798553420346,0.41963353634921408,-0.88314116827770728,-0.66186938612650437,-0.444130753979183,-0.18479920070906242
58,0.44771293998212047,-0.99772994835775908,0.78217469933884032,0.56811699955142969,0.24311686504397279,-0.050319966698937346,0.42337332048758691,0.88486682187856713,-0.7400974167726122,-0.92729201224164792,0.088695201270408974,0.13391873770787832,-0.015651552577101935,0.46930918240077246,-0.97465798553420346,0.41963353634921408,-0.88314116827770728,-0.66186938612650437,-0.444130753979183,-0.18479920070906242
59,0.44771293998212047,-0.99772994835775908,0.78217469933884032,0.56811699955142969,0.24311686504397279,-0.050319966698937346,0.42337332048758691,0.88486682187856713,-0.7400974167726122,-0.92729201224164792,0.088695201270408974,0.13391873770787832,-0.015651552577101935,0.46930918240077246,-0.97465798553420346,0.41963353634921408,-0.88314116827770728,-0.66186938612650437,-0.444130753979183,-0.18479920070906242
60,0.44771293998212047,-0.99772994835775908,0.78217469933884032,0.56811699955142969,0.24311686504397279,-0.050319966698937346,0.42337332048758691,0.88486682187856713,-0.7400974167726122,-0.92729201224164792,0.088695201270408974,0.13391873770787832,-0.015651552577101935,0.46930918240077246,-0.97465798553420346,0.41963353634921408,-0.88314116827770728,-0.66186938612650437,-0.444130753979183,-0.18479920070906242
61,0.44771293998212047,-0.99772994835775908,0.78217469933884032,0.56811699955142969,0.24311686504397279,-0.050319966698937346,0.42337332048758691,0.88486682187856713,-0.7400974167726122,-0.92729201224164792,0.088695201270408974,0.13391873770787832,-0.015651552577101935,0.46930918240077246,-0.97465798553420346,0.41963353634921408,-0.88314116827770728,-0.66186938612650437,-0.444130753979183,-0.18479920070906242
62,0.44771293998212047,-0.99772994835775908,0.78217469933884032,0.56811699955142969,0.24311686504397279,-0.050319966698937346,0.42337332048758691,0.88486682187856713,-0.7400974167726122,-0.92729201224164792,0.088695201270408974,0.13391873770787832,-0.015651552577101935,0.46930918240077246,-0.97465798553420346,0.41963353634921408,-0.88314116827770728,-0.66186938612650437,-0.444130753979183,-0.18479920070906242
63,0.44771293998212047,-0.99772994835775908,0.78217469933884032,0.56811699955142969,0.24311686504397279,-0.050319966698937346,0.42337332048758691,0.88486682187856713,-0.7400974167726122,-0.92729201224164792,0.088695201270408974,0.13391873770787832,-0.015651552577101935,0.46930918240077246,-0.97465798553420346,0.41963353634921408,-0.88314116827770728,-0.66186938612650437,-0.444130753979183,-0.18479920070906242
64,0.44771293998212047,-0.99772994835775908,0.78217469933884032,0.56811699955142969,0.24311686504397279,-0.050319966698937346,0.42337332048758691,0.88486682187856713,-0.7400974167726122,-0.92729201224164792,0.088695201270408974,0.13391873770787832,-0.015651552577101935,0.46930918240077246,-0.97465798553420346,0.41963353634921408,-0.88314116827770728,-0.66186938612650437,-0.444130753979183,-0.18479920070906242
65,0.44771293998212047,-0.99772994835775908,0.78217469933884032,0.56811699955142969,0.24311686504397279,-0.050319966698937346,0.42337332048758691,0.88486682187856713,-0.7400974167726122,-0.92729201224164792,0.088695201270408974,0.13391873770787832,-0.015651552577101935,0.46930918240077246,-0.97465798553420346,0.41963353634921408,-0.88314116827770728,-0.66186938612650437,-0.444130753979183,-0.18479920070906242
66,0.44771293998212047,-0.99772994835775908,0.78217469933884032,0.56811699955142969,0.24311686504397279,-0.050319966698937346,0.42337332048758691,0.88486682187856713,-0.7400974167726122,-0.92729201224164792,0.088695201270408974,0.13391873770787832,-0.015651552577101935,0.46930918240077246,-0.97465798553420346,0.41963353634921408,-0.88314116827770728,-0.66186938612650437,-0.444130753979183,-0.18479920070906242
67,0.44771293998212047,-0.99772994835775908,0.78217469933884032,0.56811699955142969,0.24311686504397279,-0.050319966698937346,0.42337332048758691,0.88486682187856713,-0.7400974167726122,-0.92729201224164792,0.088695201270408974,0.13391873770787832,-0.015651552577101935,0.46930918240077246,-0.97465798553420346,0.41963353634921408,-0.88314116827770728,-0.66186938612650437,-0.444130753979183,-0.18479920070906242
68,0.44771293998212047,-0.99772994835775908,0.78217469933884032,0.56811699955142969,0.24311686504397279,-0.050319966698937346,0.42337332048758691,0.88486682187856713,-0.7400974167726122,-0.92729201224164792,0.088695201270408974,0.13391873770787832,-0.015651552577101935,0.46930918240077246,-0.97465798553420346,0.41963353634921408,-0.88314116827770728,-0.66186938612650437,-0.444130753979183,-0.18479920070906242
69,0.44771293998212047,-0.99772994835775908,0.78217469933884032,0.56811699955142969,0.24311686504397279,-0.050319966698937346,0.42337332048758691,0.88486682187856713,-0.7400974167726122,-0.92729201224164792,0.088695201270408974,0.13391873770787832,-0.015651552577101935,0.46930918240077246,-0.97465798553420346,0.41963353634921408,-0.88314116827770728,-0.66186938612650437,-0.444130753979183,-0.18479920070906242
70,0.44771293998212047,-0.99772994835775908,0.78217469933884032,0.56811699955142969,0.24311686504397279,-0.050319966698937346,0.42337332048758691,0.88486682187856713,-0.7400974167726122,-0.92729201224164792,0.088695201270408974,0.13391873770787832,-0.015651552577101935,0.46930918240077246,-0.97465798553420346,0.41963353634921408,-0.88314116827770728,-0.66186938612650437,-0.444130753979183,-0.18479920070906242
71,0.44771293998212047,-0.99772994835775908,0.78217469933884032,0.56811699955142969,0.24311686504397279,-0.050319966698937346,0.42337332048758691,0.88486682187856713,-0.7400974167726122,-0.92729201224164792,0.088695201270408974,0.13391873770787832,-0.015651552577101935,0.46930918240077246,-0.97465798553420346,0.41963353634921408,-0.88314116827770728,-0.66186938612650437,-0.444130753979183,-0.18479920070906242
72,0.44771293998212047,-0.99772994835775908,0.78217469933884032,0.56811699955142969,0.24311686504397279,-0.050319966698937346,0.42337332048758691,0.88486682187856713,-0.7400974167726122,-0.92729201224164792,0.088695201270408974,0.13391873770787832,-0.015651552577101935,0.46930918240077246,-0.97465798553420346,0.41963353634921408,-0.88314116827770728,-0.66186938612650437,-0.444130753979183,-0.18479920070906242
73,0.44771293998212047,-0.99772994835775908,0.78217469933884032,0.56811699955142969,0.24311686504397279,-0.050319966698937346,0.42337332048758691,0.88486682187856713,-0.7400974167726122,-0.92729201224164792,0.088695201270408974,0.13391873770787832,-0.015651552577101935,0.46930918240077246,-0.97465798553420346,0.41963353634921408,-0.88314116827770728,-0.66186938612650437,-0.444130753979183,-0.18479920070906242
74,0.44771293998212047,-0.99772994835775908,0.78217469933884032,0.56811699955142969,0.24311686504397279,-0.050319966698937346,0.42337332048758691,0.88486682187856713,-0.7400974167726122,-0.92729201224164792,0.088695201270408974,0.13391873770787832,-0.015651552577101935,0.46930918240077246,-0.97465798553420346,0.41963353634921408,-0.88314116827770728,-0.66186938612650437,-0.444130753979183,-0.18479920070906242
75,0.44771293998212047,-0.99772994835775908,0.78217469933884032,0.56811699955142969,0.24311686504397279,-0.050319966698937346,0.42337332048758691,0.88486682187856713,-0.7400974167726122,-0.92729201224164792,0.088695201270408974,0.13391873770787832,-0.015651552577101935,0.46930918240077246,-0.97465798553420346,0.41963353634921408,-0.88314116827770728,-0.66186938612650437,-0.444130753979183,-0.18479920070906242
76,0.44771293998212047,-0.99772994835775908,0.78217469933884032,0.56811699955142969,0.24311686504397279,-0.050319966698937346,0.42337332048758691,0.88486682187856713,-0.7400974167726122,-0.92729201224164792,0.088695201270408974,0.13391873770787832,-0.015651552577101935,0.46930918240077246,-0.97465798553420346,0.41963353634921408,-0.88314116827770728,-0.66186938612650437,-0.444130753979183,-0.18479920070906242
77,0.44771293998212047,-0.99772994835775908,0.78217469933884032,0.56811699955142969,0.24311686504397279,-0.050319966698937346,0.42337332048758691,0.88486682187856713,-0.7400974167726122,-0.92729201224164792,0.088695201270408974,0.13391873770787832,-0.015651552577101935,0.46930918240077246,-0.97465798553420346,0.41963353634921408,-0.88314116827770728,-0.66186938612650437,-0.444130753979183,-0.18479920070906242
78,0.44771293998212047,-0.99772994835775908,0.78217469933884032,0.56811699955142969,0.24311686504397279,-0.050319966698937346,0.42337332048758691,0.88486682187856713,-0.7400974167726122,-0.92729201224164792,0.088695201270408974,0.13391873770787832,-0.015651552577101935,0.46930918240077246,-0.97465798553420346,0.41963353634921408,-0.88314116827770728,-0.66186938612650437,-0.444130753979183,-0.18479920070906242
79,0.44771293998212047,-0.99772994835775908,0.78217469933884032,0.56811699955142969,0.24311686504397279,-0.050319966698937346,0.42337332048758691,0.88486682187856713,-0.7400974167726122,-0.92729201224164792,0.088695201270408974,0.13391873770787832,-0.015651552577101935,0.46930918240077246,-0.97465798553420346,0.41963353634921408,-0.88314116827770728,-0.66186938612650437,-0.444130753979183,-0.18479920070906242
80,0.39281928034657732,-0.94292761505133016,0.72160658237091679,0.61017925702325759,0.26377815614197275,-0.93851946499800243,0.91472359921161273,0.5500315513561933,-0.12609287081024068,-0.34825738667965367,0.5434808766817345,-0.11004449746105194,-0.57430719161207633,0.94336316829775879,-0.64227936921836326,-0.6204736341919781,-0.50873715174177758,0.94854531738987591,0.68432949980237079,0.43903835415116998
81,0.44771293998212047,-0.99772994835775908,0.78217469933884032,0.56811699955142969,0.24311686504397279,-0.050319966698937346,0.42337332048758691,0.88486682187856713,-0.7400974167726122,-0.92729201224164792,0.088695201270408974,0.13391873770787832,-0.015651552577101935,0.46930918240077246,-0.97465798553420346,0.41963353634921408,-0.88314116827770728,-0.66186938612650437,-0.444130753979183,-0.18479920070906242
82,0.44771293998212047,-0.99772994835775908,0.78217469933884032,0.56811699955142969,0.24311686504397279,-0.050319966698937346,0.42337332048758691,0.88486682187856713,-0.7400974167726122,-0.92729201224164792,0.088695201270408974,0.13391873770787832,-0.015651552577101935,0.46930918240077246,-0.97465798553420346,0.41963353634921408,-0.88314116827770728,-0.66186938612650437,-0.444130753979183,-0.18479920070906242
83,0.44771293998212047,-0.99772994835775908,0.78217469933884032,0.56811699955142969,0.24311686504397279,-0.050319966698937346,0.42337332048758691,0.88486682187856713,-0.7400974167726122,-0.92729201224164792,0.088695201270408974,0.13391873770787832,-0.015651552577101935,0.46930918240077246,-0.97465798553420346,0.41963353634921408,-0.88314116827770728,-0.66186938612650437,-0.444130753979183,-0.18479920070906242
84,0.44771293998212047,-0.99772994835775908,0.78217469933884032,0.56811699955142969,0.24311686504397279,-0.050319966698937346,0.42337332048758691,0.88486682187856713,-0.7400974167726122,-0.92729201224164792,0.088695201270408974,0.13391873770787832,-0.015651552577101935,0.46930918240077246,-0.97465798553420346,0.41963353634921408,-0.88314116827770728,-0.66186938612650437,-0.444130753979183,-0.18479920070906242
85,0.44771293998212047,-0.99772994835775908,0.78217469933884032,0.56811699955142969,0.24311686504397279,-0.050319966698937346,0.42337332048758691,0.88486682187856713,-0.7400974167726122,-0.92729201224164792,0.088695201270408974,0.13391873770787832,-0.015651552577101935,0.46930918240077246,-0.97465798553420346,0.41963353634921408,-0.88314116827770728,-0.66186938612650437,-0.444130753979183,-0.18479920070906242
86,0.44771293998212047,-0.99772994835775908,0.78217469933884032,0.56811699955142969,0.24311686504397279,-0.050319966698937346,0.42337332048758691,0.88486682187856713,-0.7400974167726122,-0.92729201224164792,0.088695201270408974,0.13391873770787832,-0.015651552577101935,0.46930918240077246,-0.97465798553420346,0.41963353634921408,-0.88314116827770728,-0.66186938612650437,-0.444130753979183,-0.18479920070906242
87,0.44771293998212047,-0.99772994835775908,0.78217469933884032,0.56811699955142969,0.24311686504397279,-0.050319966698937346,0.42337332048758691,0.88486682187856713,-0.7400974167726122,-0.92729201224164792,0.088695201270408974,0.13391873770787832,-0.015651552577101935,0.46930918240077246,-0.97465798553420346,0.41963353634921408,-0.88314116827770728,-0.66186938612650437,-0.444130753979183,-0.18479920070906242
88,0.44771293998212047,-0.99772994835775908,0.78217469933884032,0.56811699955142969,0.24311686504397279,-0.050319966698937346,0.42337332048758691,0.88486682187856713,-0.7400974167726122,-0.92729201224164792,0.088695201270408974,0.13391873770787832,-0.015651552577101935,0.46930918240077246,-0.97465798553420346,0.41963353634921408,-0.88314116827770728,-0.66186938612650437,-0.444130753979183,-0.18479920070906242
89,0.44771293998212047,-0.99772994835775908,0.78217469933884032,0.56811699955142969,0.24311686504397279,-0.050319966698937346,0.42337332048758691,0.88486682187856713,-0.7400974167726122,-0.92729201224164792,0.088695201270408974,0.13391873770787832,-0.015651552577101935,0.46930918240077246,-0.97465798553420346,0.41963353634921408,-0.88314116827770728,-0.66186938612650437,-0.444130753979183,-0.18479920070906242
90,0.44771293998212047,-0.99772994835775908,0.78217469933884032,0.56811699955142969,0.24311686504397279,-0.050319966698937346,0.42337332048758691,0.88486682187856713,-0.7400974167726122,-0.92729201224164792,0.088695201270408974,0.13391873770787832,-0.015651552577101935,0.46930918240077246,-0.97465798553420346,0.41963353634921408,-0.88314116827770728,-0.66186938612650437,-0.444130753979183,-0.18479920070906242
91,0.44771293998212047,-0.99772994835775908,0.78217469933884032,0.56811699955142969,0.24311686504397279,-0.050319966698937346,0.42337332048758691,0.88486682187856713,-0.7400974167726122,-0.92729201224164792,0.088695201270408974,0.13391873770787832,-0.015651552577101935,0.46930918240077246,-0.97465798553420346,0.41963353634921408,-0.88314116827770728,-0.66186938612650437,-0.444130753979183,-0.18479920070906242
92,0.44771293998212047,-0.99772994835775908,0.78217469933884032,0.56811699955142969,0.24311686504397279,-0.050319966698937346,0.42337332048758691,0.88486682187856713,-0.7400974167726122,-0.92729201224164792,0.088695201270408974,0.13391873770787832,-0.015651552577101935,0.46930918240077246,-0.97465798553420346,0.41963353634921408,-0.88314116827770728,-0.66186938612650437,-0.444130753979183,-0.18479920070906242
93,0.44771293998212047,-0.99772994835775908,0.78217469933884032,0.56811699955142969,0.24311686504397279,-0.050319966698937346,0.42337332048758691,0.88486682187856713,-0.7400974167726122,-0.92729201224164792,0.088695201270408974,0.13391873770787832,-0.015651552577101935,0.46930918240077246,-0.97465798553420346,0.41963353634921408,-0.88314116827770728,-0.66186938612650437,-0.444130753979183,-0.18479920070906242
94,0.44771293998212047,-0.99772994835775908,0.78217469933884032,0.56811699955142969,0.24311686504397279,-0.050319966698937346,0.42337332048758691,0.88486682187856713,-0.7400974167726122,-0.92729201224164792,0.088695201270408974,0.13391873770787832,-0.015651552577101935,0.46930918240077246,-0.97465798553420346,0.41963353634921408,-0.88314116827770728,-0.66186938612650437,-0.444130753979183,-0.18479920070906242
95,0.44771293998212047,-0.99772994835775908,0.78217469933884032,0.56811699955142969,0.24311686504397279,-0.050319966698937346,0.42337332048758691,0.88486682187856713,-0.7400974167726122,-0.92729201224164792,0.088695201270408974,0.13391873770787832,-0.015651552577101935,0.46930918240077246,-0.97465798553420346,0.41963353634921408,-0.88314116827770728,-0.66186938612650437,-0.444130753979183,-0.18479920070906242
96,0.44771293998212047,-0.99772994835775908,0.78217469933884032,0.56811699955142969,0.24311686504397279,-0.050319966698937346,0.42337332048758691,0.88486682187856713,-0.7400974167726122,-0.92729201224164792,0.088695201270408974,0.13391873770787832,-0.015651552577101935,0.46930918240077246,-0.97465798553420346,0.41963353634921408,-0.88314116827770728,-0.66186938612650437,-0.444130753979183,-0.18479920070906242
97,0.44771293998212047,-0.99772994835775908,0.78217469933884032,0.56811699955142969,0.24311686504397279,-0.050319966698937346,0.42337332048758691,0.88486682187856713,-0.7400974167726122,-0.92729201224164792,0.088695201270408974,0.13391873770787832,-0.015651552577101935,0.46930918240077246,-0.97465798553420346,0.41963353634921408,-0.88314116827770728,-0.66186938612650437,-0.444130753979183,-0.18479920070906242
98,0.44771293998212047,-0.99772994835775908,0.78217469933884032,0.56811699955142969,0.24311686504397279,-0.050319966698937346,0.42337332048758691,0.88486682187856713,-0.7400974167726122,-0.92729201224164792,0.088695201270408974,0.13391873770787832,-0.015651552577101935,0.46930918240077246,-0.97465798553420346,0.41963353634921408,-0.88314116827770728,-0.66186938612650437,-0.444130753979183,-0.18479920070906242
99,0.44771293998212047,-0.99772994835775908,0.78217469933884032,0.56811699955142969,0.24311686504397279,-0.050319966698937346,0.42337332048758691,0.88486682187856713,-0.7400974167726122,-0.92729201224164792,0.088695201270408974,0.13391873770787832,-0.015651552577101935,0.46930918240077246,-0.97465798553420346,0.41963353634921408,-0.88314116827770728,-0.66186938612650437,-0.444130753979183,-0.18479920070906242
100,0.44771293998212047,-0.99772994835775908,0.78217469933884032,0.56811699955142969,0.24311686504397279,-0.050319966698937346,0.42337332048758691,0.88486682187856713,-0.7400974167726122,-0.92729201224164792,0.088695201270408974,0.13391873770787832,-0.015651552577101935,0.46930918240077246,-0.97465798553420346,0.41963353634921408,-0.88314116827770728,-0.66186938612650437,-0.444130753979183,-0.18479920070906242
101,0.44771293998212047,-0.99772994835775908,0.78217469933884032,0.56811699955142969,0.24311686504397279,-0.050319966698937346,0.42337332048758691,0.88486682187856713,-0.7400974167726122,-0.92729201224164792,0.088695201270408974,0.13391873770787832,-0.015651552577101935,0.46930918240077246,-0.97465798553420346,0.41963353634921408,-0.88314116827770728,-0.66186938612650437,-0.444130753979183,-0.18479920070906242
102,0.44771293998212047,-0.99772994835775908,0.78217469933884032,0.56811699955142969,0.24311686504397279,-0.050319966698937346,0.42337332048758691,0.88486682187856713,-0.7400974167726122,-0.92729201224164792,0.088695201270408974,0.13391873770787832,-0.015651552577101935,0.46930918240077246,-0.97465798553420346,0.41963353634921408,-0.88314116827770728,-0.66186938612650437,-0.444130753979183,-0.18479920070906242
103,0.44771293998212047,-0.99772994835775908,0.78217469933884032,0.56811699955142969,0.24311686504397279,-0.050319966698937346,0.42337332048758691,0.88486682187856713,-0.7400974167726122,-0.92729201224164792,0.088695201270408974,0.13391873770787832,-0.015651552577101935,0.46930918240077246,-0.97465798553420346,0.41963353634921408,-0.88314116827770728,-0.66186938612650437,-0.444130753979183,-0.18479920070906242
104,0.44771293998212047,-0.99772994835775908,0.78217469933884032,0.56811699955142969,0.24311686504397279,-0.050319966698937346,0.42337332048758691,0.88486682187856713,-0.7400974167726122,-0.92729201224164792,0.088695201270408974,0.13391873770787832,-0.015651552577101935,0.46930918240077246,-0.97465798553420346,0.41963353634921408,-0.88314116827770728,-0.66186938612650437,-0.444130753979183,-0.18479920070906242
105,0.44771293998212047,-0.99772994835775908,0.78217469933884032,0.56811699955142969,0.24311686504397279,-0.050319966698937346,0.42337332048758691,0.88486682187856713,-0.7400974167726122,-0.92729201224164792,0.088695201270408974,0.13391873770787832,-0.015651552577101935,0.46930918240077246,-0.97465798553420346,0.41963353634921408,-0.88314116827770728,-0.66186938612650437,-0.444130753979183,-0.18479920070906242
106,0.44771293998212047,-0.99772994835775908,0.78217469933884032,0.56811699955142969,0.24311686504397279,-0.050319966698937346,0.42337332048758691,0.88486682187856713,-0.7400974167726122,-0.92729201224164792,0.088695201270408974,0.13391873770787832,-0.015651552577101935,0.46930918240077246,-0.97465798553420346,0.41963353634921408,-0.88314116827770728,-0.66186938612650437,-0.444130753979183,-0.18479920070906242
107,0.44771293998212047,-0.99772994835775908,0.78217469933884032,0.56811699955142969,0.24311686504397279,-0.050319966698937346,0.42337332048758691,0.88486682187856713,-0.7400974167726122,-0.92729201224164792,0.088695201270408974,0.13391873770787832,-0.015651552577101935,0.46930918240077246,-0.97465798553420346,0.41963353634921408,-0.88314116827770728,-0.66186938612650437,-0.444130753979183,-0.18479920070906242
108,0.44771293998212047,-0.99772994835775908,0.78217469933884032,0.56811699955142969,0.24311686504397279,-0.050319966698937346,0.42337332048758691,0.88486682187856713,-0.7400974167726122,-0.92729201224164792,0.088695201270408974,0.13391873770787832,-0.015651552577101935,0.46930918240077246,-0.97465798553420346,0.41963353634921408,-0.88314116827770728,-0.66186938612650437,-0.444130753979183,-0.18479920070906242
109,0.44771293998212047,-0.99772994835775908,0.78217469933884032,0.56811699955142969,0.24311686504397279,-0.050319966698937346,0.42337332048758691,0.88486682187856713,-0.7400974167726122,-0.92729201224164792,0.088695201270408974,0.13391873770787832,-0.015651552577101935,0.46930918240077246,-0.97465798553420346,0.41963353634921408,-0.88314116827770728,-0.66186938612650437,-0.444130753979183,-0.18479920070906242
110,0.44771293998212047,-0.99772994835775908,0.78217469933884032,0.56811699955142969,0.24311686504397279,-0.050319966698937346,0.42337332048758691,0.88486682187856713,-0.7400974167726122,-0.92729201224164792,0.088695201270408974,0.13391873770787832,-0.015651552577101935,0.46930918240077246,-0.97465798553420346,0.41963353634921408,-0.88314116827770728,-0.66186938612650437,-0.444130753979183,-0.18479920070906242
111,0.44771293998212047,-0.99772994835775908,0.78217469933884032,0.56811699955142969,0.24311686504397279,-0.050319966698937346,0.42337332048758691,0.88486682187856713,-0.7400974167726122,-0.92729201224164792,0.088695201270408974,0.13391873770787832,-0.015651552577101935,0.46930918240077246,-0.97465798553420346,0.41963353634921408,-0.88314116827770728,-0.66186938612650437,-0.444130753979183,-0.18479920070906242
112,0.44771293998212047,-0.99772994835775908,0.78217469933884032,0.56811699955142969,0.24311686504397279,-0.050319966698937346,0.42337332048758691,0.88486682187856713,-0.7400974167726122,-0.92729201224164792,0.088695201270408974,0.13391873770787832,-0.015651552577101935,0.46930918240077246,-0.97465798553420346,0.41963353634921408,-0.88314116827770728,-0.66186938612650437,-0.444130753979183,-0.18479920070906242
113,0.44771293998212047,-0.99772994835775908,0.78217469933884032,0.56811699955142969,0.24311686504397279,-0.050319966698937346,0.42337332048758691,0.88486682187856713,-0.7400974167726122,-0.92729201224164792,0.088695201270408974,0.13391873770787832,-0.015651552577101935,0.46930918240077246,-0.97465798553420346,0.41963353634921408,-0.88314116827770728,-0.66186938612650437,-0.444130753979183,-0.18479920070906242
114,0.44771293998212047,-0.99772994835775908,0.78217469933884032,0.56811699955142969,0.24311686504397279,-0.050319966698937346,0.42337332048758691,0.88486682187856713,-0.7400974167726122,-0.92729201224164792,0.088695201270408974,0.13391873770787832,-0.015651552577101935,0.46930918240077246,-0.97465798553420346,0.41963353634921408,-0.88314116827770728,-0.66186938612650437,-0.444130753979183,-0.18479920070906242
115,0.44771293998212047,-0.99772994835775908,0.78217469933884032,0.56811699955142969,0.24311686504397279,-0.050319966698937346,0.42337332048758691,0.88486682187856713,-0.7400974167726122,-0.92729201224164792,0.088695201270408974,0.13391873770787832,-0.015651552577101935,0.46930918240077246,-0.97465798553420346,0.41963353634921408,-0.88314116827770728,-0.66186938612650437,-0.444130753979183,-0.18479920070906242
116,0.44771293998212047,-0.99772994835775908,0.78217469933884032,0.56811699955142969,0.24311686504397279,-0.050319966698937346,0.42337332048758691,0.88486682187856713,-0.7400974167726122,-0.92729201224164792,0.088695201270408974,0.13391873770787832,-0.015651552577101935,0.46930918240077246,-0.97465798553420346,0.41963353634921408,-0.88314116827770728,-0.66186938612650437,-0.444130753979183,-0.18479920070906242
117,0.44771293998212047,-0.99772994835775908,0.78217469933884032,0.56811699955142969,0.24311686504397279,-0.050319966698937346,0.42337332048758691,0.88486682187856713,-0.7400974167726122,-0.92729201224164792,0.088695201270408974,0.13391873770787832,-0.015651552577101935,0.46930918240077246,-0.97465798553420346,0.41963353634921408,-0.88314116827770728,-0.66186938612650437,-0.444130753979183,-0.18479920070906242
118,0.44771293998212047,-0.99772994835775908,0.78217469933884032,0.56811699955142969,0.24311686504397279,-0.050319966698937346,0.42337332048758691,0.88486682187856713,-0.7400974167726122,-0.92729201224164792,0.088695201270408974,0.13391873770787832,-0.015651552577101935,0.46930918240077246,-0.97465798553420346,0.41963353634921408,-0.88314116827770728,-0.66186938612650437,-0.444130753979183,-0.18479920070906242
119,0.44771293998212047,-0.99772994835775908,0.78217469933884032,0.56811699955142969,0.24311686504397279,-0.050319966698937346,0.42337332048758691,0.88486682187856713,-0.7400974167726122,-0.92729201224164792,0.088695201270408974,0.13391873770787832,-0.015651552577101935,0.46930918240077246,-0.97465798553420346,0.41963353634921408,-0.88314116827770728,-0.66186938612650437,-0.444130753979183,-0.18479920070906242
120,0.44771293998212047,-0.99772994835775908,0.78217469933884032,0.56811699955142969,0.24311686504397279,-0.050319966698937346,0.42337332048758691,0.88486682187856713,-0.7400974167726122,-0.92729201224164792,0.088695201270408974,0.13391873770787832,-0.015651552577101935,0.46930918240077246,-0.97465798553420346,0.41963353634921408,-0.88314116827770728,-0.66186938612650437,-0.444130753979183,-0.18479920070906242
121,0.44771293998212047,-0.99772994835775908,0.78217469933884032,0.56811699955142969,0.24311686504397279,-0.050319966698937346,0.42337332048758691,0.88486682187856713,-0.7400974167726122,-0.92729201224164792,0.088695201270408974,0.13391873770787832,-0.015651552577101935,0.46930918240077246,-0.97465798553420346,0.41963353634921408,-0.88314116827770728,-0.66186938612650437,-0.444130753979183,-0.18479920070906242
122,0.44771293998212047,-0.99772994835775908,0.78217469933884032,0.56811699955142969,0.24311686504397279,-0.050319966698937346,0.42337332048758691,0.88486682187856713,-0.7400974167726122,-0.92729201224164792,0.088695201270408974,0.13391873770787832,-0.015651552577101935,0.46930918240077246,-0.97465798553420346,0.41963353634921408,-0.88314116827770728,-0.66186938612650437,-0.444130753979183,-0.18479920070906242
123,0.44771293998212047,-0.99772994835775908,0.78217469933884032,0.56811699955142969,0.24311686504397279,-0.050319966698937346,0.42337332048758691,0.88486682187856713,-0.7400974167726122,-0.92729201224164792,0.088695201270408974,0.13391873770787832,-0.015651552577101935,0.46930918240077246,-0.97465798553420346,0.41963353634921408,-0.88314116827770728,-0.66186938612650437,-0.444130753979183,-0.18479920070906242
124,0.44771293998212047,-0.99772994835775908,0.78217469933884032,0.56811699955142969,0.24311686504397279,-0.050319966698937346,0.42337332048758691,0.88486682187856713,-0.7400974167726122,-0.92729201224164792,0.088695201270408974,0.13391873770787832,-0.015651552577101935,0.46930918240077246,-0.97465798553420346,0.41963353634921408,-0.88314116827770728,-0.66186938612650437,-0.444130753979183,-0.18479920070906242
125,0.44771293998212047,-0.99772994835775908,0.78217469933884032,0.56811699955142969,0.24311686504397279,-0.050319966698937346,0.42337332048758691,0.88486682187856713,-0.7400974167726122,-0.92729201224164792,0.088695201270408974,0.13391873770787832,-0.015651552577101935,0.46930918240077246,-0.97465798553420346,0.41963353634921408,-0.88314116827770728,-0.66186938612650437,-0.444130753979183,-0.18479920070906242
126,0.44771293998212047,-0.99772994835775908,0.78217469933884032,0.56811699955142969,0.24311686504397279,-0.050319966698937346,0.42337332048758691,0.88486682187856713,-0.7400974167726122,-0.92729201224164792,0.088695201270408974,0.13391873770787832,-0.015651552577101935,0.46930918240077246,-0.97465798553420346,0.41963353634921408,-0.88314116827770728,-0.66186938612650437,-0.444130753979183,-0.18479920070906242
127,0.39281928034657732,-0.94292761505133016,0.72160658237091679,0.61017925702325759,0.26377815614197275,-0.93851946499800243,0.91472359921161273,0.5500315513561933,-0.12609287081024068,-0.34825738667965367,0.5434808766817345,-0.11004449746105194,-0.57430719161207633,0.94336316829775879,-0.64227936921836326,-0.6204736341919781,-0.50873715174177758,0.94854531738987591,0.68432949980237079,0.43903835415116998
128,0.44771293998212047,-0.99772994835775908,0.78217469933884032,0.56811699955142969,0.24311686504397279,-0.050319966698937346,0.42337332048758691,0.88486682187856713,-0.7400974167726122,-0.92729201224164792,0.088695201270408974,0.13391873770787832,-0.015651552577101935,0.46930918240077246,-0.97465798553420346,0.41963353634921408,-0.88314116827770728,-0.66186938612650437,-0.444130753979183,-0.18479920070906242
129,0.44771293998212047,-0.99772994835775908,0.78217469933884032,0.56811699955142969,0.24311686504397279,-0.050319966698937346,0.42337332048758691,0.88486682187856713,-0.7400974167726122,-0.92729201224164792,0.088695201270408974,0.13391873770787832,-0.015651552577101935,0.46930918240077246,-0.97465798553420346,0.41963353634921408,-0.88314116827770728,-0.66186938612650437,-0.444130753979183,-0.18479920070906242
130,0.44771293998212047,-0.99772994835775908,0.78217469933884032,0.56811699955142969,0.24311686504397279,-0.050319966698937346,0.42337332048758691,0.88486682187856713,-0.7400974167726122,-0.92729201224164792,0.088695201270408974,0.13391873770787832,-0.015651552577101935,0.46930918240077246,-0.97465798553420346,0.41963353634921408,-0.88314116827770728,-0.66186938612650437,-0.444130753979183,-0.18479920070906242
131,0.44771293998212047,-0.99772994835775908,0.78217469933884032,0.56811699955142969,0.24311686504397279,-0.050319966698937346,0.42337332048758691,0.88486682187856713,-0.7400974167726122,-0.92729201224164792,0.088695201270408974,0.13391873770787832,-0.015651552577101935,0.46930918240077246,-0.97465798553420346,0.41963353634921408,-0.88314116827770728,-0.66186938612650437,-0.444130753979183,-0.18479920070906242
132,0.44771293998212047,-0.99772994835775908,0.78217469933884032,0.56811699955142969,0.24311686504397279,-0.050319966698937346,0.42337332048758691,0.88486682187856713,-0.7400974167726122,-0.92729201224164792,0.088695201270408974,0.13391873770787832,-0.015651552577101935,0.46930918240077246,-0.97465798553420346,0.41963353634921408,-0.88314116827770728,-0.66186938612650437,-0.444130753979183,-0.18479920070906242
133,0.44771293998212047,-0.99772994835775908,0.78217469933884032,0.56811699955142969,0.24311686504397279,-0.050319966698937346,0.42337332048758691,0.88486682187856713,-0.7400974167726122,-0.92729201224164792,0.088695201270408974,0.13391873770787832,-0.015651552577101935,0.46930918240077246,-0.97465798553420346,0.41963353634921408,-0.88314116827770728,-0.66186938612650437,-0.444130753979183,-0.18479920070906242
134,0.44771293998212047,-0.99772994835775908,0.78217469933884032,0.56811699955142969,0.24311686504397279,-0.050319966698937346,0.42337332048758691,0.88486682187856713,-0.7400974167726122,-0.92729201224164792,0.088695201270408974,0.13391873770787832,-0.015651552577101935,0.46930918240077246,-0.97465798553420346,0.41963353634921408,-0.88314116827770728,-0.66186938612650437,-0.444130753979183,-0.18479920070906242
135,0.44771293998212047,-0.99772994835775908,0.78217469933884032,0.56811699955142969,0.24311686504397279,-0.050319966698937346,0.42337332048758691,0.88486682187856713,-0.7400974167726122,-0.92729201224164792,0.088695201270408974,0.13391873770787832,-0.015651552577101935,0.46930918240077246,-0.97465798553420346,0.41963353634921408,-0.88314116827770728,-0.66186938612650437,-0.444130753979183,-0.18479920070906242
136,0.44771293998212047,-0.99772994835775908,0.78217469933884032,0.56811699955142969,0.24311686504397279,-0.050319966698937346,0.42337332048758691,0.88486682187856713,-0.7400974167726122,-0.92729201224164792,0.088695201270408974,0.13391873770787832,-0.015651552577101935,0.46930918240077246,-0.97465798553420346,0.41963353634921408,-0.88314116827770728,-0.66186938612650437,-0.444130753979183,-0.18479920070906242
137,0.44771293998212047,-0.99772994835775908,0.78217469933884032,0.56811699955142969,0.24311686504397279,-0.050319966698937346,0.42337332048758691,0.88486682187856713,-0.7400974167726122,-0.92729201224164792,0.088695201270408974,0.13391873770787832,-0.015651552577101935,0.46930918240077246,-0.97465798553420346,0.41963353634921408,-0.88314116827770728,-0.66186938612650437,-0.444130753979183,-0.18479920070906242
138,0.39281928034657732,-0.94292761505133016,0.72160658237091679,0.61017925702325759,0.26377815614197275,-0.93851946499800243,0.91472359921161273,0.5500315513561933,-0.12609287081024068,-0.34825738667965367,0.5434808766817345,-0.11004449746105194,-0.57430719161207633,0.94336316829775879,-0.64227936921836326,-0.6204736341919781,-0.50873715174177758,0.94854531738987591,0.68432949980237079,0.43903835415116998
139,0.44771293998212047,-0.99772994835775908,0.78217469933884032,0.56811699955142969,0.24311686504397279,-0.050319966698937346,0.42337332048758691,0.88486682187856713,-0.7400974167726122,-0.92729201224164792,0.088695201270408974,0.13391873770787832,-0.015651552577101935,0.46930918240077246,-0.97465798553420346,0.41963353634921408,-0.88314116827770728,-0.66186938612650437,-0.444130753979183,-0.18479920070906242
140,0.39281928034657732,-0.94292761505133016,0.72160658237091679,0.61017925702325759,0.26377815614197275,-0.93851946499800243,0.91472359921161273,0.5500315513561933,-0.12609287081024068,-0.34825738667965367,0.5434808766817345,-0.11004449746105194,-0.57430719161207633,0.94336316829775879,-0.64227936921836326,-0.6204736341919781,-0.50873715174177758,0.94854531738987591,0.68432949980237079,0.43903835415116998
141,0.44771293998212047,-0.99772994835775908,0.78217469933884032,0.56811699955142969,0.24311686504397279,-0.050319966698937346,0.42337332048758691,0.88486682187856713,-0.7400974167726122,-0.92729201224164792,0.088695201270408974,0.13391873770787832,-0.015651552577101935,0.46930918240077246,-0.97465798553420346,0.41963353634921408,-0.88314116827770728,-0.66186938612650437,-0.444130753979183,-0.18479920070906242
142,0.44771293998212047,-0.99772994835775908,0.78217469933884032,0.56811699955142969,0.24311686504397279,-0.050319966698937346,0.42337332048758691,0.88486682187856713,-0.7400974167726122,-0.92729201224164792,0.088695201270408974,0.13391873770787832,-0.015651552577101935,0.46930918240077246,-0.97465798553420346,0.41963353634921408,-0.88314116827770728,-0.66186938612650437,-0.444130753979183,-0.18479920070906242
143,0.44771293998212047,-0.99772994835775908,0.78217469933884032,0.56811699955142969,0.24311686504397279,-0.050319966698937346,0.42337332048758691,0.88486682187856713,-0.7400974167726122,-0.92729201224164792,0.088695201270408974,0.13391873770787832,-0.015651552577101935,0.46930918240077246,-0.97465798553420346,0.41963353634921408,-0.88314116827770728,-0.66186938612650437,-0.444130753979183,-0.18479920070906242
144,0.44771293998212047,-0.99772994835775908,0.78217469933884032,0.56811699955142969,0.24311686504397279,-0.050319966698937346,0.42337332048758691,0.88486682187856713,-0.7400974167726122,-0.92729201224164792,0.088695201270408974,0.13391873770787832,-0.015651552577101935,0.46930918240077246,-0.97465798553420346,0.41963353634921408,-0.88314116827770728,-0.66186938612650437,-0.444130753979183,-0.18479920070906242
145,0.44771293998212047,-0.99772994835775908,0.78217469933884032,0.56811699955142969,0.24311686504397279,-0.050319966698937346,0.42337332048758691,0.88486682187856713,-0.7400974167726122,-0.92729201224164792,0.088695201270408974,0.13391873770787832,-0.015651552577101935,0.46930918240077246,-0.97465798553420346,0.41963353634921408,-0.88314116827770728,-0.66186938612650437,-0.444130753979183,-0.18479920070906242
146,0.44771293998212047,-0.99772994835775908,0.78217469933884032,0.56811699955142969,0.24311686504397279,-0.050319966698937346,0.42337332048758691,0.88486682187856713,-0.7400974167726122,-0.92729201224164792,0.088695201270408974,0.13391873770787832,-0.015651552577101935,0.46930918240077246,-0.97465798553420346,0.41963353634921408,-0.88314116827770728,-0.66186938612650437,-0.444130753979183,-0.18479920070906242
147,0.44771293998212047,-0.99772994835775908,0.78217469933884032,0.56811699955142969,0.24311686504397279,-0.050319966698937346,0.42337332048758691,0.88486682187856713,-0.7400974167726122,-0.92729201224164792,0.088695201270408974,0.13391873770787832,-0.015651552577101935,0.46930918240077246,-0.97465798553420346,0.41963353634921408,-0.88314116827770728,-0.66186938612650437,-0.444130753979183,-0.18479920070906242
148,0.44771293998212047,-0.99772994835775908,0.78217469933884032,0.56811699955142969,0.24311686504397279,-0.050319966698937346,0.42337332048758691,0.88486682187856713,-0.7400974167726122,-0.92729201224164792,0.088695201270408974,0.13391873770787832,-0.015651552577101935,0.46930918240077246,-0.97465798553420346,0.41963353634921408,-0.88314116827770728,-0.66186938612650437,-0.444130753979183,-0.18479920070906242
149,0.44771293998212047,-0.99772994835775908,0.78217469933884032,0.56811699955142969,0.24311686504397279,-0.050319966698937346,0.42337332048758691,0.88486682187856713,-0.7400974167726122,-0.92729201224164792,0.088695201270408974,0.13391873770787832,-0.015651552577101935,0.46930918240077246,-0.97465798553420346,0.41963353634921408,-0.88314116827770728,-0.66186938612650437,-0.444130753979183,-0.18479920070906242
150,0.44771293998212047,-0.99772994835775908,0.78217469933884032,0.56811699955142969,0.24311686504397279,-0.050319966698937346,0.42337332048758691,0.88486682187856713,-0.7400974167726122,-0.92729201224164792,0.088695201270408974,0.13391873770787832,-0.015651552577101935,0.46930918240077246,-0.97465798553420346,0.41963353634921408,-0.88314116827770728,-0.66186938612650437,-0.444130753979183,-0.18479920070906242
151,0.44771293998212047,-0.99772994835775908,0.78217469933884032,0.56811699955142969,0.24311686504397279,-0.050319966698937346,0.42337332048758691,0.88486682187856713,-0.7400974167726122,-0.92729201224164792,0.088695201270408974,0.13391873770787832,-0.015651552577101935,0.46930918240077246,-0.97465798553420346,0.41963353634921408,-0.88314116827770728,-0.66186938612650437,-0.444130753979183,-0.18479920070906242
152,0.39281928034657732,-0.94292761505133016,0.72160658237091679,0.61017925702325759,0.26377815614197275,-0.93851946499800243,0.91472359921161273,0.5500315513561933,-0.12609287081024068,-0.34825738667965367,0.5434808766817345,-0.11004449746105194,-0.57430719161207633,0.94336316829775879,-0.64227936921836326,-0.6204736341919781,-0.50873715174177758,0.94854531738987591,0.68432949980237079,0.43903835415116998
153,0.44771293998212047,-0.99772994835775908,0.78217469933884032,0.56811699955142969,0.24311686504397279,-0.050319966698937346,0.42337332048758691,0.88486682187856713,-0.7400974167726122,-0.92729201224164792,0.088695201270408974,0.13391873770787832,-0.015651552577101935,0.46930918240077246,-0.97465798553420346,0.41963353634921408,-0.88314116827770728,-0.66186938612650437,-0.444130753979183,-0.18479920070906242
154,0.44771293998212047,-0.99772994835775908,0.78217469933884032,0.56811699955142969,0.24311686504397279,-0.050319966698937346,0.42337332048758691,0.88486682187856713,-0.7400974167726122,-0.92729201224164792,0.088695201270408974,0.13391873770787832,-0.015651552577101935,0.46930918240077246,-0.97465798553420346,0.41963353634921408,-0.88314116827770728,-0.66186938612650437,-0.444130753979183,-0.18479920070906242
155,0.44771293998212047,-0.99772994835775908,0.78217469933884032,0.56811699955142969,0.24311686504397279,-0.050319966698937346,0.42337332048758691,0.88486682187856713,-0.7400974167726122,-0.92729201224164792,0.088695201270408974,0.13391873770787832,-0.015651552577101935,0.46930918240077246,-0.97465798553420346,0.41963353634921408,-0.88314116827770728,-0.66186938612650437,-0.444130753979183,-0.18479920070906242
156,0.44771293998212047,-0.99772994835775908,0.78217469933884032,0.56811699955142969,0.24311686504397279,-0.050319966698937346,0.42337332048758691,0.88486682187856713,-0.7400974167726122,-0.92729201224164792,0.088695201270408974,0.13391873770787832,-0.015651552577101935,0.46930918240077246,-0.97465798553420346,0.41963353634921408,-0.88314116827770728,-0.66186938612650437,-0.444130753979183,-0.18479920070906242
157,0.44771293998212047,-0.99772994835775908,0.78217469933884032,0.56811699955142969,0.24311686504397279,-0.050319966698937346,0.42337332048758691,0.88486682187856713,-0.7400974167726122,-0.92729201224164792,0.088695201270408974,0.13391873770787832,-0.015651552577101935,0.46930918240077246,-0.97465798553420346,0.41963353634921408,-0.88314116827770728,-0.66186938612650437,-0.444130753979183,-0.18479920070906242
158,0.44771293998212047,-0.99772994835775908,0.78217469933884032,0.56811699955142969,0.24311686504397279,-0.050319966698937346,0.42337332048758691,0.88486682187856713,-0.7400974167726122,-0.92729201224164792,0.088695201270408974,0.13391873770787832,-0.015651552577101935,0.46930918240077246,-0.97465798553420346,0.41963353634921408,-0.88314116827770728,-0.66186938612650437,-0.444130753979183,-0.18479920070906242
159,0.44771293998212047,-0.99772994835775908,0.78217469933884032,0.56811699955142969,0.24311686504397279,-0.050319966698937346,0.42337332048758691,0.88486682187856713,-0.7400974167726122,-0.92729201224164792,0.088695201270408974,0.13391873770787832,-0.015651552577101935,0.46930918240077246,-0.97465798553420346,0.41963353634921408,-0.88314116827770728,-0.66186938612650437,-0.444130753979183,-0.18479920070906242
160,0.44771293998212047,-0.99772994835775908,0.78217469933884032,0.56811699955142969,0.24311686504397279,-0.050319966698937346,0.42337332048758691,0.88486682187856713,-0.7400974167726122,-0.92729201224164792,0.088695201270408974,0.13391873770787832,-0.015651552577101935,0.46930918240077246,-0.97465798553420346,0.41963353634921408,-0.88314116827770728,-0.66186938612650437,-0.444130753979183,-0.18479920070906242
161,0.44771293998212047,-0.99772994835775908,0.78217469933884032,0.56811699955142969,0.24311686504397279,-0.050319966698937346,0.42337332048758691,0.88486682187856713,-0.7400974167726122,-0.92729201224164792,0.088695201270408974,0.13391873770787832,-0.015651552577101935,0.46930918240077246,-0.97465798553420346,0.41963353634921408,-0.88314116827770728,-0.66186938612650437,-0.444130753979183,-0.18479920070906242
162,0.44771293998212047,-0.99772994835775908,0.78217469933884032,0.56811699955142969,0.24311686504397279,-0.050319966698937346,0.42337332048758691,0.88486682187856713,-0.7400974167726122,-0.92729201224164792,0.088695201270408974,0.13391873770787832,-0.015651552577101935,0.46930918240077246,-0.97465798553420346,0.41963353634921408,-0.88314116827770728,-0.66186938612650437,-0.444130753979183,-0.18479920070906242
163,0.44771293998212047,-0.99772994835775908,0.78217469933884032,0.56811699955142969,0.24311686504397279,-0.050319966698937346,0.42337332048758691,0.88486682187856713,-0.7400974167726122,-0.92729201224164792,0.088695201270408974,0.13391873770787832,-0.015651552577101935,0.46930918240077246,-0.97465798553420346,0.41963353634921408,-0.88314116827770728,-0.66186938612650437,-0.444130753979183,-0.18479920070906242
164,0.44771293998212047,-0.99772994835775908,0.78217469933884032,0.56811699955142969,0.24311686504397279,-0.050319966698937346,0.42337332048758691,0.88486682187856713,-0.7400974167726122,-0.92729201224164792,0.088695201270408974,0.13391873770787832,-0.015651552577101935,0.46930918240077246,-0.97465798553420346,0.41963353634921408,-0.88314116827770728,-0.66186938612650437,-0.444130753979183,-0.18479920070906242
165,0.44771293998212047,-0.99772994835775908,0.78217469933884032,0.56811699955142969,0.24311686504397279,-0.050319966698937346,0.42337332048758691,0.88486682187856713,-0.7400974167726122,-0.92729201224164792,0.088695201270408974,0.13391873770787832,-0.015651552577101935,0.46930918240077246,-0.97465798553420346,0.41963353634921408,-0.88314116827770728,-0.66186938612650437,-0.444130753979183,-0.18479920070906242
166,0.44771293998212047,-0.99772994835775908,0.78217469933884032,0.56811699955142969,0.24311686504397279,-0.050319966698937346,0.42337332048758691,0.88486682187856713,-0.7400974167726122,-0.92729201224164792,0.088695201270408974,0.13391873770787832,-0.015651552577101935,0.46930918240077246,-0.97465798553420346,0.41963353634921408,-0.88314116827770728,-0.66186938612650437,-0.444130753979183,-0.18479920070906242
167,0.44771293998212047,-0.99772994835775908,0.78217469933884032,0.56811699955142969,0.24311686504397279,-0.050319966698937346,0.42337332048758691,0.88486682187856713,-0.7400974167726122,-0.92729201224164792,0.088695201270408974,0.13391873770787832,-0.015651552577101935,0.46930918240077246,-0.97465798553420346,0.41963353634921408,-0.88314116827770728,-0.66186938612650437,-0.444130753979183,-0.18479920070906242
168,0.44771293998212047,-0.99772994835775908,0.78217469933884032,0.56811699955142969,0.24311686504397279,-0.050319966698937346,0.42337332048758691,0.88486682187856713,-0.7400974167726122,-0.92729201224164792,0.088695201270408974,0.13391873770787832,-0.015651552577101935,0.46930918240077246,-0.97465798553420346,0.41963353634921408,-0.88314116827770728,-0.66186938612650437,-0.444130753979183,-0.18479920070906242
169,0.44771293998212047,-0.99772994835775908,0.78217469933884032,0.56811699955142969,0.24311686504397279,-0.050319966698937346,0.42337332048758691,0.88486682187856713,-0.7400974167726122,-0.92729201224164792,0.088695201270408974,0.13391873770787832,-0.015651552577101935,0.46930918240077246,-0.97465798553420346,0.41963353634921408,-0.88314116827770728,-0.66186938612650437,-0.444130753979183,-0.18479920070906242
170,0.44771293998212047,-0.99772994835775908,0.78217469933884032,0.56811699955142969,0.24311686504397279,-0.050319966698937346,0.42337332048758691,0.88486682187856713,-0.7400974167726122,-0.92729201224164792,0.088695201270408974,0.13391873770787832,-0.015651552577101935,0.46930918240077246,-0.97465798553420346,0.41963353634921408,-0.88314116827770728,-0.66186938612650437,-0.444130753979183,-0.18479920070906242
171,0.44771293998212047,-0.99772994835775908,0.78217469933884032,0.56811699955142969,0.24311686504397279,-0.050319966698937346,0.42337332048758691,0.88486682187856713,-0.7400974167726122,-0.92729201224164792,0.088695201270408974,0.13391873770787832,-0.015651552577101935,0.46930918240077246,-0.97465798553420346,0.41963353634921408,-0.88314116827770728,-0.66186938612650437,-0.444130753979183,-0.18479920070906242
172,0.44771293998212047,-0.99772994835775908,0.78217469933884032,0.56811699955142969,0.24311686504397279,-0.050319966698937346,0.42337332048758691,0.88486682187856713,-0.7400974167726122,-0.92729201224164792,0.088695201270408974,0.13391873770787832,-0.015651552577101935,0.46930918240077246,-0.97465798553420346,0.41963353634921408,-0.88314116827770728,-0.66186938612650437,-0.444130753979183,-0.18479920070906242
173,0.44771293998212047,-0.99772994835775908,0.78217469933884032,0.56811699955142969,0.24311686504397279,-0.050319966698937346,0.42337332048758691,0.88486682187856713,-0.7400974167726122,-0.92729201224164792,0.088695201270408974,0.13391873770787832,-0.015651552577101935,0.46930918240077246,-0.97465798553420346,0.41963353634921408,-0.88314116827770728,-0.66186938612650437,-0.444130753979183,-0.18479920070906242
174,0.44771293998212047,-0.99772994835775908,0.78217469933884032,0.56811699955142969,0.24311686504397279,-0.050319966698937346,0.42337332048758691,0.88486682187856713,-0.7400974167726122,-0.92729201224164792,0.088695201270408974,0.13391873770787832,-0.015651552577101935,0.46930918240077246,-0.97465798553420346,0.41963353634921408,-0.88314116827770728,-0.66186938612650437,-0.444130753979183,-0.18479920070906242
175,0.44771293998212047,-0.99772994835775908,0.78217469933884032,0.56811699955142969,0.24311686504397279,-0.050319966698937346,0.42337332048758691,0.88486682187856713,-0.7400974167726122,-0.92729201224164792,0.088695201270408974,0.13391873770787832,-0.015651552577101935,0.46930918240077246,-0.97465798553420346,0.41963353634921408,-0.88314116827770728,-0.66186938612650437,-0.444130753979183,-0.18479920070906242
176,0.44771293998212047,-0.99772994835775908,0.78217469933884032,0.56811699955142969,0.24311686504397279,-0.050319966698937346,0.42337332048758691,0.88486682187856713,-0.7400974167726122,-0.92729201224164792,0.088695201270408974,0.13391873770787832,-0.015651552577101935,0.46930918240077246,-0.97465798553420346,0.41963353634921408,-0.88314116827770728,-0.66186938612650437,-0.444130753979183,-0.18479920070906242
177,0.44771293998212047,-0.99772994835775908,0.78217469933884032,0.56811699955142969,0.24311686504397279,-0.050319966698937346,0.42337332048758691,0.88486682187856713,-0.7400974167726122,-0.92729201224164792,0.088695201270408974,0.13391873770787832,-0.015651552577101935,0.46930918240077246,-0.97465798553420346,0.41963353634921408,-0.88314116827770728,-0.66186938612650437,-0.444130753979183,-0.18479920070906242
178,0.44771293998212047,-0.99772994835775908,0.78217469933884032,0.56811699955142969,0.24311686504397279,-0.050319966698937346,0.42337332048758691,0.88486682187856713,-0.7400974167726122,-0.92729201224164792,0.088695201270408974,0.13391873770787832,-0.015651552577101935,0.46930918240077246,-0.97465798553420346,0.41963353634921408,-0.88314116827770728,-0.66186938612650437,-0.444130753979183,-0.18479920070906242
179,0.44771293998212047,-0.99772994835775908,0.78217469933884032,0.56811699955142969,0.24311686504397279,-0.050319966698937346,0.42337332048758691,0.88486682187856713,-0.7400974167726122,-0.92729201224164792,0.088695201270408974,0.13391873770787832,-0.015651552577101935,0.46930918240077246,-0.97465798553420346,0.41963353634921408,-0.88314116827770728,-0.66186938612650437,-0.444130753979183,-0.18479920070906242
180,0.44771293998212047,-0.99772994835775908,0.78217469933884032,0.56811699955142969,0.24311686504397279,-0.050319966698937346,0.42337332048758691,0.88486682187856713,-0.7400974167726122,-0.92729201224164792,0.088695201270408974,0.13391873770787832,-0.015651552577101935,0.46930918240077246,-0.97465798553420346,0.41963353634921408,-0.88314116827770728,-0.66186938612650437,-0.444130753979183,-0.18479920070906242
181,0.44771293998212047,-0.99772994835775908,0.78217469933884032,0.56811699955142969,0.24311686504397279,-0.050319966698937346,0.42337332048758691,0.88486682187856713,-0.7400974167726122,-0.92729201224164792,0.088695201270408974,0.13391873770787832,-0.015651552577101935,0.46930918240077246,-0.97465798553420346,0.41963353634921408,-0.88314116827770728,-0.66186938612650437,-0.444130753979183,-0.18479920070906242
182,0.44771293998212047,-0.99772994835775908,0.78217469933884032,0.56811699955142969,0.24311686504397279,-0.050319966698937346,0.42337332048758691,0.88486682187856713,-0.7400974167726122,-0.92729201224164792,0.088695201270408974,0.13391873770787832,-0.015651552577101935,0.46930918240077246,-0.97465798553420346,0.41963353634921408,-0.88314116827770728,-0.66186938612650437,-0.444130753979183,-0.18479920070906242
183,0.44771293998212047,-0.99772994835775908,0.78217469933884032,0.56811699955142969,0.24311686504397279,-0.050319966698937346,0.42337332048758691,0.88486682187856713,-0.7400974167726122,-0.92729201224164792,0.088695201270408974,0.13391873770787832,-0.015651552577101935,0.46930918240077246,-0.97465798553420346,0.41963353634921408,-0.88314116827770728,-0.66186938612650437,-0.444130753979183,-0.18479920070906242
184,0.44771293998212047,-0.99772994835775908,0.78217469933884032,0.56811699955142969,0.24311686504397279,-0.050319966698937346,0.42337332048758691,0.88486682187856713,-0.7400974167726122,-0.92729201224164792,0.088695201270408974,0.13391873770787832,-0.015651552577101935,0.46930918240077246,-0.97465798553420346,0.41963353634921408,-0.88314116827770728,-0.66186938612650437,-0.444130753979183,-0.18479920070906242
185,0.44771293998212047,-0.99772994835775908,0.78217469933884032,0.56811699955142969,0.24311686504397279,-0.050319966698937346,0.42337332048758691,0.88486682187856713,-0.7400974167726122,-0.92729201224164792,0.088695201270408974,0.13391873770787832,-0.015651552577101935,0.46930918240077246,-0.97465798553420346,0.41963353634921408,-0.88314116827770728,-0.66186938612650437,-0.444130753979183,-0.18479920070906242
186,0.44771293998212047,-0.99772994835775908,0.78217469933884032,0.56811699955142969,0.24311686504397279,-0.050319966698937346,0.42337332048758691,0.88486682187856713,-0.7400974167726122,-0.92729201224164792,0.088695201270408974,0.13391873770787832,-0.015651552577101935,0.46930918240077246,-0.97465798553420346,0.41963353634921408,-0.88314116827770728,-0.66186938612650437,-0.444130753979183,-0.18479920070906242
187,0.44771293998212047,-0.99772994835775908,0.78217469933884032,0.56811699955142969,0.24311686504397279,-0.050319966698937346,0.42337332048758691,0.88486682187856713,-0.7400974167726122,-0.92729201224164792,0.088695201270408974,0.13391873770787832,-0.015651552577101935,0.46930918240077246,-0.97465798553420346,0.41963353634921408,-0.88314116827770728,-0.66186938612650437,-0.444130753979183,-0.18479920070906242
188,0.44771293998212047,-0.99772994835775908,0.78217469933884032,0.56811699955142969,0.24311686504397279,-0.050319966698937346,0.42337332048758691,0.88486682187856713,-0.7400974167726122,-0.92729201224164792,0.088695201270408974,0.13391873770787832,-0.015651552577101935,0.46930918240077246,-0.97465798553420346,0.41963353634921408,-0.88314116827770728,-0.66186938612650437,-0.444130753979183,-0.18479920070906242
189,0.44771293998212047,-0.99772994835775908,0.78217469933884032,0.56811699955142969,0.24311686504397279,-0.050319966698937346,0.42337332048758691,0.88486682187856713,-0.7400974167726122,-0.92729201224164792,0.088695201270408974,0.13391873770787832,-0.015651552577101935,0.46930918240077246,-0.97465798553420346,0.41963353634921408,-0.88314116827770728,-0.66186938612650437,-0.444130753979183,-0.18479920070906242
190,0.44771293998212047,-0.99772994835775908,0.78217469933884032,0.56811699955142969,0.24311686504397279,-0.050319966698937346,0.42337332048758691,0.88486682187856713,-0.7400974167726122,-0.92729201224164792,0.088695201270408974,0.13391873770787832,-0.015651552577101935,0.46930918240077246,-0.97465798553420346,0.41963353634921408,-0.88314116827770728,-0.66186938612650437,-0.444130753979183,-0.18479920070906242
191,0.44771293998212047,-0.99772994835775908,0.78217469933884032,0.56811699955142969,0.24311686504397279,-0.050319966698937346,0.42337332048758691,0.88486682187856713,-0.7400974167726122,-0.92729201224164792,0.088695201270408974,0.13391873770787832,-0.015651552577101935,0.46930918240077246,-0.97465798553420346,0.41963353634921408,-0.88314116827770728,-0.66186938612650437,-0.444130753979183,-0.18479920070906242
192,0.44771293998212047,-0.99772994835775908,0.78217469933884032,0.56811699955142969,0.24311686504397279,-0.050319966698937346,0.42337332048758691,0.88486682187856713,-0.7400974167726122,-0.92729201224164792,0.088695201270408974,0.13391873770787832,-0.015651552577101935,0.46930918240077246,-0.97465798553420346,0.41963353634921408,-0.88314116827770728,-0.66186938612650437,-0.444130753979183,-0.18479920070906242
193,0.44771293998212047,-0.99772994835775908,0.78217469933884032,0.56811699955142969,0.24311686504397279,-0.050319966698937346,0.42337332048758691,0.88486682187856713,-0.7400974167726122,-0.92729201224164792,0.088695201270408974,0.13391873770787832,-0.015651552577101935,0.46930918240077246,-0.97465798553420346,0.41963353634921408,-0.88314116827770728,-0.66186938612650437,-0.444130753979183,-0.18479920070906242
194,0.44771293998212047,-0.99772994835775908,0.78217469933884032,0.56811699955142969,0.24311686504397279,-0.050319966698937346,0.42337332048758691,0.88486682187856713,-0.7400974167726122,-0.92729201224164792,0.088695201270408974,0.13391873770787832,-0.015651552577101935,0.46930918240077246,-0.97465798553420346,0.41963353634921408,-0.88314116827770728,-0.66186938612650437,-0.444130753979183,-0.18479920070906242
195,0.44771293998212047,-0.99772994835775908,0.78217469933884032,0.56811699955142969,0.24311686504397279,-0.050319966698937346,0.42337332048758691,0.88486682187856713,-0.7400974167726122,-0.92729201224164792,0.088695201270408974,0.13391873770787832,-0.015651552577101935,0.46930918240077246,-0.97465798553420346,0.41963353634921408,-0.88314116827770728,-0.66186938612650437,-0.444130753979183,-0.18479920070906242
196,0.44771293998212047,-0.99772994835775908,0.78217469933884032,0.56811699955142969,0.24311686504397279,-0.050319966698937346,0.42337332048758691,0.88486682187856713,-0.7400974167726122,-0.92729201224164792,0.088695201270408974,0.13391873770787832,-0.015651552577101935,0.46930918240077246,-0.97465798553420346,0.41963353634921408,-0.88314116827770728,-0.66186938612650437,-0.444130753979183,-0.18479920070906242
197,0.44771293998212047,-0.99772994835775908,0.78217469933884032,0.56811699955142969,0.24311686504397279,-0.050319966698937346,0.42337332048758691,0.88486682187856713,-0.7400974167726122,-0.92729201224164792,0.088695201270408974,0.13391873770787832,-0.015651552577101935,0.46930918240077246,-0.97465798553420346,0.41963353634921408,-0.88314116827770728,-0.66186938612650437,-0.444130753979183,-0.18479920070906242
198,0.44771293998212047,-0.99772994835775908,0.78217469933884032,0.56811699955142969,0.24311686504397279,-0.050319966698937346,0.42337332048758691,0.88486682187856713,-0.7400974167726122,-0.92729201224164792,0.088695201270408974,0.13391873770787832,-0.015651552577101935,0.46930918240077246,-0.97465798553420346,0.41963353634921408,-0.88314116827770728,-0.66186938612650437,-0.444130753979183,-0.18479920070906242
199,0.44771293998212047,-0.99772994835775908,0.78217469933884032,0.56811699955142969,0.24311686504397279,-0.050319966698937346,0.42337332048758691,0.88486682187856713,-0.7400974167726122,-0.92729201224164792,0.088695201270408974,0.13391873770787832,-0.015651552577101935,0.46930918240077246,-0.97465798553420346,0.41963353634921408,-0.88314116827770728,-0.66186938612650437,-0.444130753979183,-0.18479920070906242
200,0.44771293998212047,-0.99772994835775908,0.78217469933884032,0.56811699955142969,0.24311686504397279,-0.050319966698937346,0.42337332048758691,0.88486682187856713,-0.7400974167726122,-0.92729201224164792,0.088695201270408974,0.13391873770787832,-0.015651552577101935,0.46930918240077246,-0.97465798553420346,0.41963353634921408,-0.88314116827770728,-0.66186938612650437,-0.444130753979183,-0.18479920070906242
201,0.44771293998212047,-0.99772994835775908,0.78217469933884032,0.56811699955142969,0.24311686504397279,-0.050319966698937346,0.42337332048758691,0.88486682187856713,-0.7400974167726122,-0.92729201224164792,0.088695201270408974,0.13391873770787832,-0.015651552577101935,0.46930918240077246,-0.97465798553420346,0.41963353634921408,-0.88314116827770728,-0.66186938612650437,-0.444130753979183,-0.18479920070906242
202,0.44771293998212047,-0.99772994835775908,0.78217469933884032,0.56811699955142969,0.24311686504397279,-0.050319966698937346,0.42337332048758691,0.88486682187856713,-0.7400974167726122,-0.92729201224164792,0.088695201270408974,0.13391873770787832,-0.015651552577101935,0.46930918240077246,-0.97465798553420346,0.41963353634921408,-0.88314116827770728,-0.66186938612650437,-0.444130753979183,-0.18479920070906242
203,0.44771293998212047,-0.99772994835775908,0.78217469933884032,0.56811699955142969,0.24311686504397279,-0.050319966698937346,0.42337332048758691,0.88486682187856713,-0.7400974167726122,-0.92729201224164792,0.088695201270408974,0.13391873770787832,-0.015651552577101935,0.46930918240077246,-0.97465798553420346,0.41963353634921408,-0.88314116827770728,-0.66186938612650437,-0.444130753979183,-0.18479920070906242
204,0.39281928034657732,-0.94292761505133016,0.72160658237091679,0.61017925702325759,0.26377815614197275,-0.93851946499800243,0.91472359921161273,0.5500315513561933,-0.12609287081024068,-0.34825738667965367,0.5434808766817345,-0.11004449746105194,-0.57430719161207633,0.94336316829775879,-0.64227936921836326,-0.6204736341919781,-0.50873715174177758,0.94854531738987591,0.68432949980237079,0.43903835415116998
205,0.44771293998212047,-0.99772994835775908,0.78217469933884032,0.56811699955142969,0.24311686504397279,-0.050319966698937346,0.42337332048758691,0.88486682187856713,-0.7400974167726122,-0.92729201224164792,0.088695201270408974,0.13391873770787832,-0.015651552577101935,0.46930918240077246,-0.97465798553420346,0.41963353634921408,-0.88314116827770728,-0.66186938612650437,-0.444130753979183,-0.18479920070906242
206,0.44771293998212047,-0.99772994835775908,0.78217469933884032,0.56811699955142969,0.24311686504397279,-0.050319966698937346,0.42337332048758691,0.88486682187856713,-0.7400974167726122,-0.92729201224164792,0.088695201270408974,0.13391873770787832,-0.015651552577101935,0.46930918240077246,-0.97465798553420346,0.41963353634921408,-0.88314116827770728,-0.66186938612650437,-0.444130753979183,-0.18479920070906242
207,0.44771293998212047,-0.99772994835775908,0.78217469933884032,0.56811699955142969,0.24311686504397279,-0.050319966698937346,0.42337332048758691,0.88486682187856713,-0.7400974167726122,-0.92729201224164792,0.088695201270408974,0.13391873770787832,-0.015651552577101935,0.46930918240077246,-0.97465798553420346,0.41963353634921408,-0.88314116827770728,-0.66186938612650437,-0.444130753979183,-0.18479920070906242
208,0.44771293998212047,-0.99772994835775908,0.78217469933884032,0.56811699955142969,0.24311686504397279,-0.050319966698937346,0.42337332048758691,0.88486682187856713,-0.7400974167726122,-0.92729201224164792,0.088695201270408974,0.13391873770787832,-0.015651552577101935,0.46930918240077246,-0.97465798553420346,0.41963353634921408,-0.88314116827770728,-0.66186938612650437,-0.444130753979183,-0.18479920070906242
209,0.44771293998212047,-0.99772994835775908,0.78217469933884032,0.56811699955142969,0.24311686504397279,-0.050319966698937346,0.42337332048758691,0.88486682187856713,-0.7400974167726122,-0.92729201224164792,0.088695201270408974,0.13391873770787832,-0.015651552577101935,0.46930918240077246,-0.97465798553420346,0.41963353634921408,-0.88314116827770728,-0.66186938612650437,-0.444130753979183,-0.18479920070906242
210,0.44771293998212047,-0.99772994835775908,0.78217469933884032,0.56811699955142969,0.24311686504397279,-0.050319966698937346,0.42337332048758691,0.88486682187856713,-0.7400974167726122,-0.92729201224164792,0.088695201270408974,0.13391873770787832,-0.015651552577101935,0.46930918240077246,-0.97465798553420346,0.41963353634921408,-0.88314116827770728,-0.66186938612650437,-0.444130753979183,-0.18479920070906242
211,0.44771293998212047,-0.99772994835775908,0.78217469933884032,0.56811699955142969,0.24311686504397279,-0.050319966698937346,0.42337332048758691,0.88486682187856713,-0.7400974167726122,-0.92729201224164792,0.088695201270408974,0.13391873770787832,-0.015651552577101935,0.46930918240077246,-0.97465798553420346,0.41963353634921408,-0.88314116827770728,-0.66186938612650437,-0.444130753979183,-0.18479920070906242
212,0.44771293998212047,-0.99772994835775908,0.78217469933884032,0.56811699955142969,0.24311686504397279,-0.050319966698937346,0.42337332048758691,0.88486682187856713,-0.7400974167726122,-0.92729201224164792,0.088695201270408974,0.13391873770787832,-0.015651552577101935,0.46930918240077246,-0.97465798553420346,0.41963353634921408,-0.88314116827770728,-0.66186938612650437,-0.444130753979183,-0.18479920070906242
213,0.44771293998212047,-0.99772994835775908,0.78217469933884032,0.56811699955142969,0.24311686504397279,-0.050319966698937346,0.42337332048758691,0.88486682187856713,-0.7400974167726122,-0.92729201224164792,0.088695201270408974,0.13391873770787832,-0.015651552577101935,0.46930918240077246,-0.97465798553420346,0.41963353634921408,-0.88314116827770728,-0.66186938612650437,-0.444130753979183,-0.18479920070906242
214,0.44771293998212047,-0.99772994835775908,0.78217469933884032,0.56811699955142969,0.24311686504397279,-0.050319966698937346,0.42337332048758691,0.88486682187856713,-0.7400974167726122,-0.92729201224164792,0.088695201270408974,0.13391873770787832,-0.015651552577101935,0.46930918240077246,-0.97465798553420346,0.41963353634921408,-0.88314116827770728,-0.66186938612650437,-0.444130753979183,-0.18479920070906242
215,0.44771293998212047,-0.99772994835775908,0.78217469933884032,0.56811699955142969,0.24311686504397279,-0.050319966698937346,0.42337332048758691,0.88486682187856713,-0.7400974167726122,-0.92729201224164792,0.088695201270408974,0.13391873770787832,-0.015651552577101935,0.46930918240077246,-0.97465798553420346,0.41963353634921408,-0.88314116827770728,-0.66186938612650437,-0.444130753979183,-0.18479920070906242
216,0.44771293998212047,-0.99772994835775908,0.78217469933884032,0.56811699955142969,0.24311686504397279,-0.050319966698937346,0.42337332048758691,0.88486682187856713,-0.7400974167726122,-0.92729201224164792,0.088695201270408974,0.13391873770787832,-0.015651552577101935,0.46930918240077246,-0.97465798553420346,0.41963353634921408,-0.88314116827770728,-0.66186938612650437,-0.444130753979183,-0.18479920070906242
217,0.44771293998212047,-0.99772994835775908,0.78217469933884032,0.56811699955142969,0.24311686504397279,-0.050319966698937346,0.42337332048758691,0.88486682187856713,-0.7400974167726122,-0.92729201224164792,0.088695201270408974,0.13391873770787832,-0.015651552577101935,0.46930918240077246,-0.97465798553420346,0.41963353634921408,-0.88314116827770728,-0.66186938612650437,-0.444130753979183,-0.18479920070906242
218,0.44771293998212047,-0.99772994835775908,0.78217469933884032,0.56811699955142969,0.24311686504397279,-0.050319966698937346,0.42337332048758691,0.88486682187856713,-0.7400974167726122,-0.92729201224164792,0.088695201270408974,0.13391873770787832,-0.015651552577101935,0.46930918240077246,-0.97465798553420346,0.41963353634921408,-0.88314116827770728,-0.66186938612650437,-0.444130753979183,-0.18479920070906242
219,0.44771293998212047,-0.99772994835775908,0.78217469933884032,0.56811699955142969,0.24311686504397279,-0.050319966698937346,0.42337332048758691,0.88486682187856713,-0.7400974167726122,-0.92729201224164792,0.088695201270408974,0.13391873770787832,-0.015651552577101935,0.46930918240077246,-0.97465798553420346,0.41963353634921408,-0.88314116827770728,-0.66186938612650437,-0.444130753979183,-0.18479920070906242
220,0.44771293998212047,-0.99772994835775908,0.78217469933884032,0.56811699955142969,0.24311686504397279,-0.050319966698937346,0.42337332048758691,0.88486682187856713,-0.7400974167726122,-0.92729201224164792,0.088695201270408974,0.13391873770787832,-0.015651552577101935,0.46930918240077246,-0.97465798553420346,0.41963353634921408,-0.88314116827770728,-0.66186938612650437,-0.444130753979183,-0.18479920070906242
221,0.44771293998212047,-0.99772994835775908,0.78217469933884032,0.56811699955142969,0.24311686504397279,-0.050319966698937346,0.42337332048758691,0.88486682187856713,-0.7400974167726122,-0.92729201224164792,0.088695201270408974,0.13391873770787832,-0.015651552577101935,0.46930918240077246,-0.97465798553420346,0.41963353634921408,-0.88314116827770728,-0.66186938612650437,-0.444130753979183,-0.18479920070906242
222,0.39281928034657732,-0.94292761505133016,0.72160658237091679,0.61017925702325759,0.26377815614197275,-0.93851946499800243,0.91472359921161273,0.5500315513561933,-0.12609287081024068,-0.34825738667965367,0.5434808766817345,-0.11004449746105194,-0.57430719161207633,0.94336316829775879,-0.64227936921836326,-0.6204736341919781,-0.50873715174177758,0.94854531738987591,0.68432949980237079,0.43903835415116998
223,0.44771293998212047,-0.99772994835775908,0.78217469933884032,0.56811699955142969,0.24311686504397279,-0.050319966698937346,0.42337332048758691,0.88486682187856713,-0.7400974167726122,-0.92729201224164792,0.088695201270408974,0.13391873770787832,-0.015651552577101935,0.46930918240077246,-0.97465798553420346,0.41963353634921408,-0.88314116827770728,-0.66186938612650437,-0.444130753979183,-0.18479920070906242
224,0.44771293998212047,-0.99772994835775908,0.78217469933884032,0.56811699955142969,0.24311686504397279,-0.050319966698937346,0.42337332048758691,0.88486682187856713,-0.7400974167726122,-0.92729201224164792,0.088695201270408974,0.13391873770787832,-0.015651552577101935,0.46930918240077246,-0.97465798553420346,0.41963353634921408,-0.88314116827770728,-0.66186938612650437,-0.444130753979183,-0.18479920070906242
225,0.44771293998212047,-0.99772994835775908,0.78217469933884032,0.56811699955142969,0.24311686504397279,-0.050319966698937346,0.42337332048758691,0.88486682187856713,-0.7400974167726122,-0.92729201224164792,0.088695201270408974,0.13391873770787832,-0.015651552577101935,0.46930918240077246,-0.97465798553420346,0.41963353634921408,-0.88314116827770728,-0.66186938612650437,-0.444130753979183,-0.18479920070906242
226,0.44771293998212047,-0.99772994835775908,0.78217469933884032,0.56811699955142969,0.24311686504397279,-0.050319966698937346,0.42337332048758691,0.88486682187856713,-0.7400974167726122,-0.92729201224164792,0.088695201270408974,0.13391873770787832,-0.015651552577101935,0.46930918240077246,-0.97465798553420346,0.41963353634921408,-0.88314116827770728,-0.66186938612650437,-0.444130753979183,-0.18479920070906242
227,0.44771293998212047,-0.99772994835775908,0.78217469933884032,0.56811699955142969,0.24311686504397279,-0.050319966698937346,0.42337332048758691,0.88486682187856713,-0.7400974167726122,-0.92729201224164792,0.088695201270408974,0.13391873770787832,-0.015651552577101935,0.46930918240077246,-0.97465798553420346,0.41963353634921408,-0.88314116827770728,-0.66186938612650437,-0.444130753979183,-0.18479920070906242
228,0.44771293998212047,-0.99772994835775908,0.78217469933884032,0.56811699955142969,0.24311686504397279,-0.050319966698937346,0.42337332048758691,0.88486682187856713,-0.7400974167726122,-0.92729201224164792,0.088695201270408974,0.13391873770787832,-0.015651552577101935,0.46930918240077246,-0.97465798553420346,0.41963353634921408,-0.88314116827770728,-0.66186938612650437,-0.444130753979183,-0.18479920070906242
229,0.44771293998212047,-0.99772994835775908,0.78217469933884032,0.56811699955142969,0.24311686504397279,-0.050319966698937346,0.42337332048758691,0.88486682187856713,-0.7400974167726122,-0.92729201224164792,0.088695201270408974,0.13391873770787832,-0.015651552577101935,0.46930918240077246,-0.97465798553420346,0.41963353634921408,-0.88314116827770728,-0.66186938612650437,-0.444130753979183,-0.18479920070906242
230,0.44771293998212047,-0.99772994835775908,0.78217469933884032,0.56811699955142969,0.24311686504397279,-0.050319966698937346,0.42337332048758691,0.88486682187856713,-0.7400974167726122,-0.92729201224164792,0.088695201270408974,0.13391873770787832,-0.015651552577101935,0.46930918240077246,-0.97465798553420346,0.41963353634921408,-0.88314116827770728,-0.66186938612650437,-0.444130753979183,-0.18479920070906242
231,0.44771293998212047,-0.99772994835775908,0.78217469933884032,0.56811699955142969,0.24311686504397279,-0.050319966698937346,0.42337332048758691,0.88486682187856713,-0.7400974167726122,-0.92729201224164792,0.088695201270408974,0.13391873770787832,-0.015651552577101935,0.46930918240077246,-0.97465798553420346,0.41963353634921408,-0.88314116827770728,-0.66186938612650437,-0.444130753979183,-0.18479920070906242
232,0.44771293998212047,-0.99772994835775908,0.78217469933884032,0.56811699955142969,0.24311686504397279,-0.050319966698937346,0.42337332048758691,0.88486682187856713,-0.7400974167726122,-0.92729201224164792,0.088695201270408974,0.13391873770787832,-0.015651552577101935,0.46930918240077246,-0.97465798553420346,0.41963353634921408,-0.88314116827770728,-0.66186938612650437,-0.444130753979183,-0.18479920070906242
233,0.44771293998212047,-0.99772994835775908,0.78217469933884032,0.56811699955142969,0.24311686504397279,-0.050319966698937346,0.42337332048758691,0.88486682187856713,-0.7400974167726122,-0.92729201224164792,0.088695201270408974,0.13391873770787832,-0.015651552577101935,0.46930918240077246,-0.97465798553420346,0.41963353634921408,-0.88314116827770728,-0.66186938612650437,-0.444130753979183,-0.18479920070906242
234,0.44771293998212047,-0.99772994835775908,0.78217469933884032,0.56811699955142969,0.24311686504397279,-0.050319966698937346,0.42337332048758691,0.88486682187856713,-0.7400974167726122,-0.92729201224164792,0.088695201270408974,0.13391873770787832,-0.015651552577101935,0.46930918240077246,-0.97465798553420346,0.41963353634921408,-0.88314116827770728,-0.66186938612650437,-0.444130753979183,-0.18479920070906242
235,0.44771293998212047,-0.99772994835775908,0.78217469933884032,0.56811699955142969,0.24311686504397279,-0.050319966698937346,0.42337332048758691,0.88486682187856713,-0.7400974167726122,-0.92729201224164792,0.088695201270408974,0.13391873770787832,-0.015651552577101935,0.46930918240077246,-0.97465798553420346,0.41963353634921408,-0.88314116827770728,-0.66186938612650437,-0.444130753979183,-0.18479920070906242
236,0.44771293998212047,-0.99772994835775908,0.78217469933884032,0.56811699955142969,0.24311686504397279,-0.050319966698937346,0.42337332048758691,0.88486682187856713,-0.7400974167726122,-0.92729201224164792,0.088695201270408974,0.13391873770787832,-0.015651552577101935,0.46930918240077246,-0.97465798553420346,0.41963353634921408,-0.88314116827770728,-0.66186938612650437,-0.444130753979183,-0.18479920070906242
237,0.44771293998212047,-0.99772994835775908,0.78217469933884032,0.56811699955142969,0.24311686504397279,-0.050319966698937346,0.42337332048758691,0.88486682187856713,-0.7400974167726122,-0.92729201224164792,0.088695201270408974,0.13391873770787832,-0.015651552577101935,0.46930918240077246,-0.97465798553420346,0.41963353634921408,-0.88314116827770728,-0.66186938612650437,-0.444130753979183,-0.18479920070906242
238,0.44771293998212047,-0.99772994835775908,0.78217469933884032,0.56811699955142969,0.24311686504397279,-0.050319966698937346,0.42337332048758691,0.88486682187856713,-0.7400974167726122,-0.92729201224164792,0.088695201270408974,0.13391873770787832,-0.015651552577101935,0.46930918240077246,-0.97465798553420346,0.41963353634921408,-0.88314116827770728,-0.66186938612650437,-0.444130753979183,-0.18479920070906242
239,0.44771293998212047,-0.99772994835775908,0.78217469933884032,0.56811699955142969,0.24311686504397279,-0.050319966698937346,0.42337332048758691,0.88486682187856713,-0.7400974167726122,-0.92729201224164792,0.088695201270408974,0.13391873770787832,-0.015651552577101935,0.46930918240077246,-0.97465798553420346,0.41963353634921408,-0.88314116827770728,-0.66186938612650437,-0.444130753979183,-0.18479920070906242
240,0.44771293998212047,-0.99772994835775908,0.78217469933884032,0.56811699955142969,0.24311686504397279,-0.050319966698937346,0.42337332048758691,0.88486682187856713,-0.7400974167726122,-0.92729201224164792,0.088695201270408974,0.13391873770787832,-0.015651552577101935,0.46930918240077246,-0.97465798553420346,0.41963353634921408,-0.88314116827770728,-0.66186938612650437,-0.444130753979183,-0.18479920070906242
241,0.44771293998212047,-0.99772994835775908,0.78217469933884032,0.56811699955142969,0.24311686504397279,-0.050319966698937346,0.42337332048758691,0.88486682187856713,-0.7400974167726122,-0.92729201224164792,0.088695201270408974,0.13391873770787832,-0.015651552577101935,0.46930918240077246,-0.97465798553420346,0.41963353634921408,-0.88314116827770728,-0.66186938612650437,-0.444130753979183,-0.18479920070906242
242,0.44771293998212047,-0.99772994835775908,0.78217469933884032,0.56811699955142969,0.24311686504397279,-0.050319966698937346,0.42337332048758691,0.88486682187856713,-0.7400974167726122,-0.92729201224164792,0.088695201270408974,0.13391873770787832,-0.015651552577101935,0.46930918240077246,-0.97465798553420346,0.41963353634921408,-0.88314116827770728,-0.66186938612650437,-0.444130753979183,-0.18479920070906242
243,0.44771293998212047,-0.99772994835775908,0.78217469933884032,0.56811699955142969,0.24311686504397279,-0.050319966698937346,0.42337332048758691,0.88486682187856713,-0.7400974167726122,-0.92729201224164792,0.088695201270408974,0.13391873770787832,-0.015651552577101935,0.46930918240077246,-0.97465798553420346,0.41963353634921408,-0.88314116827770728,-0.66186938612650437,-0.444130753979183,-0.18479920070906242
244,0.44771293998212047,-0.99772994835775908,0.78217469933884032,0.56811699955142969,0.24311686504397279,-0.050319966698937346,0.42337332048758691,0.88486682187856713,-0.7400974167726122,-0.92729201224164792,0.088695201270408974,0.13391873770787832,-0.015651552577101935,0.46930918240077246,-0.97465798553420346,0.41963353634921408,-0.88314116827770728,-0.66186938612650437,-0.444130753979183,-0.18479920070906242
245,0.44771293998212047,-0.99772994835775908,0.78217469933884032,0.56811699955142969,0.24311686504397279,-0.050319966698937346,0.42337332048758691,0.88486682187856713,-0.7400974167726122,-0.92729201224164792,0.088695201270408974,0.13391873770787832,-0.015651552577101935,0.46930918240077246,-0.97465798553420346,0.41963353634921408,-0.88314116827770728,-0.66186938612650437,-0.444130753979183,-0.18479920070906242
246,0.44771293998212047,-0.99772994835775908,0.78217469933884032,0.56811699955142969,0.24311686504397279,-0.050319966698937346,0.42337332048758691,0.88486682187856713,-0.7400974167726122,-0.92729201224164792,0.088695201270408974,0.13391873770787832,-0.015651552577101935,0.46930918240077246,-0.97465798553420346,0.41963353634921408,-0.88314116827770728,-0.66186938612650437,-0.444130753979183,-0.18479920070906242
247,0.44771293998212047,-0.99772994835775908,0.78217469933884032,0.56811699955142969,0.24311686504397279,-0.050319966698937346,0.42337332048758691,0.88486682187856713,-0.7400974167726122,-0.92729201224164792,0.088695201270408974,0.13391873770787832,-0.015651552577101935,0.46930918240077246,-0.97465798553420346,0.41963353634921408,-0.88314116827770728,-0.66186938612650437,-0.444130753979183,-0.18479920070906242
248,0.44771293998212047,-0.99772994835775908,0.78217469933884032,0.56811699955142969,0.24311686504397279,-0.050319966698937346,0.42337332048758691,0.88486682187856713,-0.7400974167726122,-0.92729201224164792,0.088695201270408974,0.13391873770787832,-0.015651552577101935,0.46930918240077246,-0.97465798553420346,0.41963353634921408,-0.88314116827770728,-0.66186938612650437,-0.444130753979183,-0.18479920070906242
249,0.44771293998212047,-0.99772994835775908,0.78217469933884032,0.56811699955142969,0.24311686504397279,-0.050319966698937346,0.42337332048758691,0.88486682187856713,-0.7400974167726122,-0.92729201224164792,0.088695201270408974,0.13391873770787832,-0.015651552577101935,0.46930918240077246,-0.97465798553420346,0.41963353634921408,-0.88314116827770728,-0.66186938612650437,-0.444130753979183,-0.18479920070906242
250,0.44771293998212047,-0.99772994835775908,0.78217469933884032,0.56811699955142969,0.24311686504397279,-0.050319966698937346,0.42337332048758691,0.88486682187856713,-0.7400974167726122,-0.92729201224164792,0.088695201270408974,0.13391873770787832,-0.015651552577101935,0.46930918240077246,-0.97465798553420346,0.41963353634921408,-0.88314116827770728,-0.66186938612650437,-0.444130753979183,-0.18479920070906242
251,0.44771293998212047,-0.99772994835775908,0.78217469933884032,0.56811699955142969,0.24311686504397279,-0.050319966698937346,0.42337332048758691,0.88486682187856713,-0.7400974167726122,-0.92729201224164792,0.088695201270408974,0.13391873770787832,-0.015651552577101935,0.46930918240077246,-0.97465798553420346,0.41963353634921408,-0.88314116827770728,-0.66186938612650437,-0.444130753979183,-0.18479920070906242
252,0.44771293998212047,-0.99772994835775908,0.78217469933884032,0.56811699955142969,0.24311686504397279,-0.050319966698937346,0.42337332048758691,0.88486682187856713,-0.7400974167726122,-0.92729201224164792,0.088695201270408974,0.13391873770787832,-0.015651552577101935,0.46930918240077246,-0.97465798553420346,0.41963353634921408,-0.88314116827770728,-0.66186938612650437,-0.444130753979183,-0.18479920070906242
253,0.44771293998212047,-0.99772994835775908,0.78217469933884032,0.56811699955142969,0.24311686504397279,-0.050319966698937346,0.42337332048758691,0.88486682187856713,-0.7400974167726122,-0.92729201224164792,0.088695201270408974,0.13391873770787832,-0.015651552577101935,0.46930918240077246,-0.97465798553420346,0.41963353634921408,-0.88314116827770728,-0.66186938612650437,-0.444130753979183,-0.18479920070906242
254,0.44771293998212047,-0.99772994835775908,0.78217469933884032,0.56811699955142969,0.24311686504397279,-0.050319966698937346,0.42337332048758691,0.88486682187856713,-0.7400974167726122,-0.92729201224164792,0.088695201270408974,0.13391873770787832,-0.015651552577101935,0.46930918240077246,-0.97465798553420346,0.41963353634921408,-0.88314116827770728,-0.66186938612650437,-0.444130753979183,-0.18479920070906242
255,0.44771293998212047,-0.99772994835775908,0.78217469933884032,0.56811699955142969,0.24311686504397279,-0.050319966698937346,0.42337332048758691,0.88486682187856713,-0.7400974167726122,-0.92729201224164792,0.088695201270408974,0.13391873770787832,-0.015651552577101935,0.46930918240077246,-0.97465798553420346,0.41963353634921408,-0.88314116827770728,-0.66186938612650437,-0.444130753979183,-0.18479920070906242
256,0.44771293998212047,-0.99772994835775908,0.78217469933884032,0.56811699955142969,0.24311686504397279,-0.050319966698937346,0.42337332048758691,0.88486682187856713,-0.7400974167726122,-0.92729201224164792,0.088695201270408974,0.13391873770787832,-0.015651552577101935,0.46930918240077246,-0.97465798553420346,0.41963353634921408,-0.88314116827770728,-0.66186938612650437,-0.444130753979183,-0.18479920070906242
257,0.44771293998212047,-0.99772994835775908,0.78217469933884032,0.56811699955142969,0.24311686504397279,-0.050319966698937346,0.42337332048758691,0.88486682187856713,-0.7400974167726122,-0.92729201224164792,0.088695201270408974,0.13391873770787832,-0.015651552577101935,0.46930918240077246,-0.97465798553420346,0.41963353634921408,-0.88314116827770728,-0.66186938612650437,-0.444130753979183,-0.18479920070906242
258,0.44771293998212047,-0.99772994835775908,0.78217469933884032,0.56811699955142969,0.24311686504397279,-0.050319966698937346,0.42337332048758691,0.88486682187856713,-0.7400974167726122,-0.92729201224164792,0.088695201270408974,0.13391873770787832,-0.015651552577101935,0.46930918240077246,-0.97465798553420346,0.41963353634921408,-0.88314116827770728,-0.66186938612650437,-0.444130753979183,-0.18479920070906242
259,0.44771293998212047,-0.99772994835775908,0.78217469933884032,0.56811699955142969,0.24311686504397279,-0.050319966698937346,0.42337332048758691,0.88486682187856713,-0.7400974167726122,-0.92729201224164792,0.088695201270408974,0.13391873770787832,-0.015651552577101935,0.46930918240077246,-0.97465798553420346,0.41963353634921408,-0.88314116827770728,-0.66186938612650437,-0.444130753979183,-0.18479920070906242
260,0.39281928034657732,-0.94292761505133016,0.72160658237091679,0.61017925702325759,0.26377815614197275,-0.93851946499800243,0.91472359921161273,0.5500315513561933,-0.12609287081024068,-0.34825738667965367,0.5434808766817345,-0.11004449746105194,-0.57430719161207633,0.94336316829775879,-0.64227936921836326,-0.6204736341919781,-0.50873715174177758,0.94854531738987591,0.68432949980237079,0.43903835415116998
261,0.44771293998212047,-0.99772994835775908,0.78217469933884032,0.56811699955142969,0.24311686504397279,-0.050319966698937346,0.42337332048758691,0.88486682187856713,-0.7400974167726122,-0.92729201224164792,0.088695201270408974,0.13391873770787832,-0.015651552577101935,0.46930918240077246,-0.97465798553420346,0.41963353634921408,-0.88314116827770728,-0.66186938612650437,-0.444130753979183,-0.18479920070906242
262,0.44771293998212047,-0.99772994835775908,0.78217469933884032,0.56811699955142969,0.24311686504397279,-0.050319966698937346,0.42337332048758691,0.88486682187856713,-0.7400974167726122,-0.92729201224164792,0.088695201270408974,0.13391873770787832,-0.015651552577101935,0.46930918240077246,-0.97465798553420346,0.41963353634921408,-0.88314116827770728,-0.66186938612650437,-0.444130753979183,-0.18479920070906242
263,0.44771293998212047,-0.99772994835775908,0.78217469933884032,0.56811699955142969,0.24311686504397279,-0.050319966698937346,0.42337332048758691,0.88486682187856713,-0.7400974167726122,-0.92729201224164792,0.088695201270408974,0.13391873770787832,-0.015651552577101935,0.46930918240077246,-0.97465798553420346,0.41963353634921408,-0.88314116827770728,-0.66186938612650437,-0.444130753979183,-0.18479920070906242
264,0.44771293998212047,-0.99772994835775908,0.78217469933884032,0.56811699955142969,0.24311686504397279,-0.050319966698937346,0.42337332048758691,0.88486682187856713,-0.7400974167726122,-0.92729201224164792,0.088695201270408974,0.13391873770787832,-0.015651552577101935,0.46930918240077246,-0.97465798553420346,0.41963353634921408,-0.88314116827770728,-0.66186938612650437,-0.444130753979183,-0.18479920070906242
265,0.44771293998212047,-0.99772994835775908,0.78217469933884032,0.56811699955142969,0.24311686504397279,-0.050319966698937346,0.42337332048758691,0.88486682187856713,-0.7400974167726122,-0.92729201224164792,0.088695201270408974,0.13391873770787832,-0.015651552577101935,0.46930918240077246,-0.97465798553420346,0.41963353634921408,-0.88314116827770728,-0.66186938612650437,-0.444130753979183,-0.18479920070906242
266,0.44771293998212047,-0.99772994835775908,0.78217469933884032,0.56811699955142969,0.24311686504397279,-0.050319966698937346,0.42337332048758691,0.88486682187856713,-0.7400974167726122,-0.92729201224164792,0.088695201270408974,0.13391873770787832,-0.015651552577101935,0.46930918240077246,-0.97465798553420346,0.41963353634921408,-0.88314116827770728,-0.66186938612650437,-0.444130753979183,-0.18479920070906242
267,0.44771293998212047,-0.99772994835775908,0.78217469933884032,0.56811699955142969,0.24311686504397279,-0.050319966698937346,0.42337332048758691,0.88486682187856713,-0.7400974167726122,-0.92729201224164792,0.088695201270408974,0.13391873770787832,-0.015651552577101935,0.46930918240077246,-0.97465798553420346,0.41963353634921408,-0.88314116827770728,-0.66186938612650437,-0.444130753979183,-0.18479920070906242
268,0.44771293998212047,-0.99772994835775908,0.78217469933884032,0.56811699955142969,0.24311686504397279,-0.050319966698937346,0.42337332048758691,0.88486682187856713,-0.7400974167726122,-0.92729201224164792,0.088695201270408974,0.13391873770787832,-0.015651552577101935,0.46930918240077246,-0.97465798553420346,0.41963353634921408,-0.88314116827770728,-0.66186938612650437,-0.444130753979183,-0.18479920070906242
269,0.44771293998212047,-0.99772994835775908,0.78217469933884032,0.56811699955142969,0.24311686504397279,-0.050319966698937346,0.42337332048758691,0.88486682187856713,-0.7400974167726122,-0.92729201224164792,0.088695201270408974,0.13391873770787832,-0.015651552577101935,0.46930918240077246,-0.97465798553420346,0.41963353634921408,-0.88314116827770728,-0.66186938612650437,-0.444130753979183,-0.18479920070906242
270,0.44771293998212047,-0.99772994835775908,0.78217469933884032,0.56811699955142969,0.24311686504397279,-0.050319966698937346,0.42337332048758691,0.88486682187856713,-0.7400974167726122,-0.92729201224164792,0.088695201270408974,0.13391873770787832,-0.015651552577101935,0.46930918240077246,-0.97465798553420346,0.41963353634921408,-0.88314116827770728,-0.66186938612650437,-0.444130753979183,-0.18479920070906242
271,0.44771293998212047,-0.99772994835775908,0.78217469933884032,0.56811699955142969,0.24311686504397279,-0.050319966698937346,0.42337332048758691,0.88486682187856713,-0.7400974167726122,-0.92729201224164792,0.088695201270408974,0.13391873770787832,-0.015651552577101935,0.46930918240077246,-0.97465798553420346,0.41963353634921408,-0.88314116827770728,-0.66186938612650437,-0.444130753979183,-0.18479920070906242
272,0.44771293998212047,-0.99772994835775908,0.78217469933884032,0.56811699955142969,0.24311686504397279,-0.050319966698937346,0.42337332048758691,0.88486682187856713,-0.7400974167726122,-0.92729201224164792,0.088695201270408974,0.13391873770787832,-0.015651552577101935,0.46930918240077246,-0.97465798553420346,0.41963353634921408,-0.88314116827770728,-0.66186938612650437,-0.444130753979183,-0.18479920070906242
273,0.44771293998212047,-0.99772994835775908,0.78217469933884032,0.56811699955142969,0.24311686504397279,-0.050319966698937346,0.42337332048758691,0.88486682187856713,-0.7400974167726122,-0.92729201224164792,0.088695201270408974,0.13391873770787832,-0.015651552577101935,0.46930918240077246,-0.97465798553420346,0.41963353634921408,-0.88314116827770728,-0.66186938612650437,-0.444130753979183,-0.18479920070906242
274,0.44771293998212047,-0.99772994835775908,0.78217469933884032,0.56811699955142969,0.24311686504397279,-0.050319966698937346,0.42337332048758691,0.88486682187856713,-0.7400974167726122,-0.92729201224164792,0.088695201270408974,0.13391873770787832,-0.015651552577101935,0.46930918240077246,-0.97465798553420346,0.41963353634921408,-0.88314116827770728,-0.66186938612650437,-0.444130753979183,-0.18479920070906242
275,0.44771293998212047,-0.99772994835775908,0.78217469933884032,0.56811699955142969,0.24311686504397279,-0.050319966698937346,0.42337332048758691,0.88486682187856713,-0.7400974167726122,-0.92729201224164792,0.088695201270408974,0.13391873770787832,-0.015651552577101935,0.46930918240077246,-0.97465798553420346,0.41963353634921408,-0.88314116827770728,-0.66186938612650437,-0.444130753979183,-0.18479920070906242
276,0.44771293998212047,-0.99772994835775908,0.78217469933884032,0.56811699955142969,0.24311686504397279,-0.050319966698937346,0.42337332048758691,0.88486682187856713,-0.7400974167726122,-0.92729201224164792,0.088695201270408974,0.13391873770787832,-0.015651552577101935,0.46930918240077246,-0.97465798553420346,0.41963353634921408,-0.88314116827770728,-0.66186938612650437,-0.444130753979183,-0.18479920070906242
277,0.44771293998212047,-0.99772994835775908,0.78217469933884032,0.56811699955142969,0.24311686504397279,-0.050319966698937346,0.42337332048758691,0.88486682187856713,-0.7400974167726122,-0.92729201224164792,0.088695201270408974,0.13391873770787832,-0.015651552577101935,0.46930918240077246,-0.97465798553420346,0.41963353634921408,-0.88314116827770728,-0.66186938612650437,-0.444130753979183,-0.18479920070906242
278,0.44771293998212047,-0.99772994835775908,0.78217469933884032,0.56811699955142969,0.24311686504397279,-0.050319966698937346,0.42337332048758691,0.88486682187856713,-0.7400974167726122,-0.92729201224164792,0.088695201270408974,0.13391873770787832,-0.015651552577101935,0.46930918240077246,-0.97465798553420346,0.41963353634921408,-0.88314116827770728,-0.66186938612650437,-0.444130753979183,-0.18479920070906242
279,0.44771293998212047,-0.99772994835775908,0.78217469933884032,0.56811699955142969,0.24311686504397279,-0.050319966698937346,0.42337332048758691,0.88486682187856713,-0.7400974167726122,-0.92729201224164792,0.088695201270408974,0.13391873770787832,-0.015651552577101935,0.46930918240077246,-0.97465798553420346,0.41963353634921408,-0.88314116827770728,-0.66186938612650437,-0.444130753979183,-0.18479920070906242
280,0.44771293998212047,-0.99772994835775908,0.78217469933884032,0.56811699955142969,0.24311686504397279,-0.050319966698937346,0.42337332048758691,0.88486682187856713,-0.7400974167726122,-0.92729201224164792,0.088695201270408974,0.13391873770787832,-0.015651552577101935,0.46930918240077246,-0.97465798553420346,0.41963353634921408,-0.88314116827770728,-0.66186938612650437,-0.444130753979183,-0.18479920070906242
281,0.44771293998212047,-0.99772994835775908,0.78217469933884032,0.56811699955142969,0.24311686504397279,-0.050319966698937346,0.42337332048758691,0.88486682187856713,-0.7400974167726122,-0.92729201224164792,0.088695201270408974,0.13391873770787832,-0.015651552577101935,0.46930918240077246,-0.97465798553420346,0.41963353634921408,-0.88314116827770728,-0.66186938612650437,-0.444130753979183,-0.18479920070906242
282,0.44771293998212047,-0.99772994835775908,0.78217469933884032,0.56811699955142969,0.24311686504397279,-0.050319966698937346,0.42337332048758691,0.88486682187856713,-0.7400974167726122,-0.92729201224164792,0.088695201270408974,0.13391873770787832,-0.015651552577101935,0.46930918240077246,-0.97465798553420346,0.41963353634921408,-0.88314116827770728,-0.66186938612650437,-0.444130753979183,-0.18479920070906242
283,0.44771293998212047,-0.99772994835775908,0.78217469933884032,0.56811699955142969,0.24311686504397279,-0.050319966698937346,0.42337332048758691,0.88486682187856713,-0.7400974167726122,-0.92729201224164792,0.088695201270408974,0.13391873770787832,-0.015651552577101935,0.46930918240077246,-0.97465798553420346,0.41963353634921408,-0.88314116827770728,-0.66186938612650437,-0.444130753979183,-0.18479920070906242
284,0.44771293998212047,-0.99772994835775908,0.78217469933884032,0.56811699955142969,0.24311686504397279,-0.050319966698937346,0.42337332048758691,0.88486682187856713,-0.7400974167726122,-0.92729201224164792,0.088695201270408974,0.13391873770787832,-0.015651552577101935,0.46930918240077246,-0.97465798553420346,0.41963353634921408,-0.88314116827770728,-0.66186938612650437,-0.444130753979183,-0.18479920070906242
285,0.44771293998212047,-0.99772994835775908,0.78217469933884032,0.56811699955142969,0.24311686504397279,-0.050319966698937346,0.42337332048758691,0.88486682187856713,-0.7400974167726122,-0.92729201224164792,0.088695201270408974,0.13391873770787832,-0.015651552577101935,0.46930918240077246,-0.97465798553420346,0.41963353634921408,-0.88314116827770728,-0.66186938612650437,-0.444130753979183,-0.18479920070906242
286,0.44771293998212047,-0.99772994835775908,0.78217469933884032,0.56811699955142969,0.24311686504397279,-0.050319966698937346,0.42337332048758691,0.88486682187856713,-0.7400974167726122,-0.92729201224164792,0.088695201270408974,0.13391873770787832,-0.015651552577101935,0.46930918240077246,-0.97465798553420346,0.41963353634921408,-0.88314116827770728,-0.66186938612650437,-0.444130753979183,-0.18479920070906242
287,0.44771293998212047,-0.99772994835775908,0.78217469933884032,0.56811699955142969,0.24311686504397279,-0.050319966698937346,0.42337332048758691,0.88486682187856713,-0.7400974167726122,-0.92729201224164792,0.088695201270408974,0.13391873770787832,-0.015651552577101935,0.46930918240077246,-0.97465798553420346,0.41963353634921408,-0.88314116827770728,-0.66186938612650437,-0.444130753979183,-0.18479920070906242
288,0.44771293998212047,-0.99772994835775908,0.78217469933884032,0.56811699955142969,0.24311686504397279,-0.050319966698937346,0.42337332048758691,0.88486682187856713,-0.7400974167726122,-0.92729201224164792,0.088695201270408974,0.13391873770787832,-0.015651552577101935,0.46930918240077246,-0.97465798553420346,0.41963353634921408,-0.88314116827770728,-0.66186938612650437,-0.444130753979183,-0.18479920070906242
289,0.44771293998212047,-0.99772994835775908,0.78217469933884032,0.56811699955142969,0.24311686504397279,-0.050319966698937346,0.42337332048758691,0.88486682187856713,-0.7400974167726122,-0.92729201224164792,0.088695201270408974,0.13391873770787832,-0.015651552577101935,0.46930918240077246,-0.97465798553420346,0.41963353634921408,-0.88314116827770728,-0.66186938612650437,-0.444130753979183,-0.18479920070906242
290,0.44771293998212047,-0.99772994835775908,0.78217469933884032,0.56811699955142969,0.24311686504397279,-0.050319966698937346,0.42337332048758691,0.88486682187856713,-0.7400974167726122,-0.92729201224164792,0.088695201270408974,0.13391873770787832,-0.015651552577101935,0.46930918240077246,-0.97465798553420346,0.41963353634921408,-0.88314116827770728,-0.66186938612650437,-0.444130753979183,-0.18479920070906242
291,0.44771293998212047,-0.99772994835775908,0.78217469933884032,0.56811699955142969,0.24311686504397279,-0.050319966698937346,0.42337332048758691,0.88486682187856713,-0.7400974167726122,-0.92729201224164792,0.088695201270408974,0.13391873770787832,-0.015651552577101935,0.46930918240077246,-0.97465798553420346,0.41963353634921408,-0.88314116827770728,-0.66186938612650437,-0.444130753979183,-0.18479920070906242
292,0.44771293998212047,-0.99772994835775908,0.78217469933884032,0.56811699955142969,0.24311686504397279,-0.050319966698937346,0.42337332048758691,0.88486682187856713,-0.7400974167726122,-0.92729201224164792,0.088695201270408974,0.13391873770787832,-0.015651552577101935,0.46930918240077246,-0.97465798553420346,0.41963353634921408,-0.88314116827770728,-0.66186938612650437,-0.444130753979183,-0.18479920070906242
293,0.44771293998212047,-0.99772994835775908,0.78217469933884032,0.56811699955142969,0.24311686504397279,-0.050319966698937346,0.42337332048758691,0.88486682187856713,-0.7400974167726122,-0.92729201224164792,0.088695201270408974,0.13391873770787832,-0.015651552577101935,0.46930918240077246,-0.97465798553420346,0.41963353634921408,-0.88314116827770728,-0.66186938612650437,-0.444130753979183,-0.18479920070906242
294,0.44771293998212047,-0.99772994835775908,0.78217469933884032,0.56811699955142969,0.24311686504397279,-0.050319966698937346,0.42337332048758691,0.88486682187856713,-0.7400974167726122,-0.92729201224164792,0.088695201270408974,0.13391873770787832,-0.015651552577101935,0.46930918240077246,-0.97465798553420346,0.41963353634921408,-0.88314116827770728,-0.66186938612650437,-0.444130753979183,-0.18479920070906242
295,0.44771293998212047,-0.99772994835775908,0.78217469933884032,0.56811699955142969,0.24311686504397279,-0.050319966698937346,0.42337332048758691,0.88486682187856713,-0.7400974167726122,-0.92729201224164792,0.088695201270408974,0.13391873770787832,-0.015651552577101935,0.46930918240077246,-0.97465798553420346,0.41963353634921408,-0.88314116827770728,-0.66186938612650437,-0.444130753979183,-0.18479920070906242
296,0.44771293998212047,-0.99772994835775908,0.78217469933884032,0.56811699955142969,0.24311686504397279,-0.050319966698937346,0.42337332048758691,0.88486682187856713,-0.7400974167726122,-0.92729201224164792,0.088695201270408974,0.13391873770787832,-0.015651552577101935,0.46930918240077246,-0.97465798553420346,0.41963353634921408,-0.88314116827770728,-0.66186938612650437,-0.444130753979183,-0.18479920070906242
297,0.44771293998212047,-0.99772994835775908,0.78217469933884032,0.56811699955142969,0.24311686504397279,-0.050319966698937346,0.42337332048758691,0.88486682187856713,-0.7400974167726122,-0.92729201224164792,0.088695201270408974,0.13391873770787832,-0.015651552577101935,0.46930918240077246,-0.97465798553420346,0.41963353634921408,-0.88314116827770728,-0.66186938612650437,-0.444130753979183,-0.18479920070906242
298,0.44771293998212047,-0.99772994835775908,0.78217469933884032,0.56811699955142969,0.24311686504397279,-0.050319966698937346,0.42337332048758691,0.88486682187856713,-0.7400974167726122,-0.92729201224164792,0.088695201270408974,0.13391873770787832,-0.015651552577101935,0.46930918240077246,-0.97465798553420346,0.41963353634921408,-0.88314116827770728,-0.66186938612650437,-0.444130753979183,-0.18479920070906242
299,0.44771293998212047,-0.99772994835775908,0.78217469933884032,0.56811699955142969,0.24311686504397279,-0.050319966698937346,0.42337332048758691,0.88486682187856713,-0.7400974167726122,-0.92729201224164792,0.088695201270408974,0.13391873770787832,-0.015651552577101935,0.46930918240077246,-0.97465798553420346,0.41963353634921408,-0.88314116827770728,-0.66186938612650437,-0.444130753979183,-0.18479920070906242
300,0.44771293998212047,-0.99772994835775908,0.78217469933884032,0.56811699955142969,0.24311686504397279,-0.050319966698937346,0.42337332048758691,0.88486682187856713,-0.7400974167726122,-0.92729201224164792,0.088695201270408974,0.13391873770787832,-0.015651552577101935,0.46930918240077246,-0.97465798553420346,0.41963353634921408,-0.88314116827770728,-0.66186938612650437,-0.444130753979183,-0.18479920070906242
301,0.44771293998212047,-0.99772994835775908,0.78217469933884032,0.56811699955142969,0.24311686504397279,-0.050319966698937346,0.42337332048758691,0.88486682187856713,-0.7400974167726122,-0.92729201224164792,0.088695201270408974,0.13391873770787832,-0.015651552577101935,0.46930918240077246,-0.97465798553420346,0.41963353634921408,-0.88314116827770728,-0.66186938612650437,-0.444130753979183,-0.18479920070906242
302,0.44771293998212047,-0.99772994835775908,0.78217469933884032,0.56811699955142969,0.24311686504397279,-0.050319966698937346,0.42337332048758691,0.88486682187856713,-0.7400974167726122,-0.92729201224164792,0.088695201270408974,0.13391873770787832,-0.015651552577101935,0.46930918240077246,-0.97465798553420346,0.41963353634921408,-0.88314116827770728,-0.66186938612650437,-0.444130753979183,-0.18479920070906242
303,0.44771293998212047,-0.99772994835775908,0.78217469933884032,0.56811699955142969,0.24311686504397279,-0.050319966698937346,0.42337332048758691,0.88486682187856713,-0.7400974167726122,-0.92729201224164792,0.088695201270408974,0.13391873770787832,-0.015651552577101935,0.46930918240077246,-0.97465798553420346,0.41963353634921408,-0.88314116827770728,-0.66186938612650437,-0.444130753979183,-0.18479920070906242
304,0.44771293998212047,-0.99772994835775908,0.78217469933884032,0.56811699955142969,0.24311686504397279,-0.050319966698937346,0.42337332048758691,0.88486682187856713,-0.7400974167726122,-0.92729201224164792,0.088695201270408974,0.13391873770787832,-0.015651552577101935,0.46930918240077246,-0.97465798553420346,0.41963353634921408,-0.88314116827770728,-0.66186938612650437,-0.444130753979183,-0.18479920070906242
305,0.44771293998212047,-0.99772994835775908,0.78217469933884032,0.56811699955142969,0.24311686504397279,-0.050319966698937346,0.42337332048758691,0.88486682187856713,-0.7400974167726122,-0.92729201224164792,0.088695201270408974,0.13391873770787832,-0.015651552577101935,0.46930918240077246,-0.97465798553420346,0.41963353634921408,-0.88314116827770728,-0.66186938612650437,-0.444130753979183,-0.18479920070906242
306,0.44771293998212047,-0.99772994835775908,0.78217469933884032,0.56811699955142969,0.24311686504397279,-0.050319966698937346,0.42337332048758691,0.88486682187856713,-0.7400974167726122,-0.92729201224164792,0.088695201270408974,0.13391873770787832,-0.015651552577101935,0.46930918240077246,-0.97465798553420346,0.41963353634921408,-0.88314116827770728,-0.66186938612650437,-0.444130753979183,-0.18479920070906242
307,0.44771293998212047,-0.99772994835775908,0.78217469933884032,0.56811699955142969,0.24311686504397279,-0.050319966698937346,0.42337332048758691,0.88486682187856713,-0.7400974167726122,-0.92729201224164792,0.088695201270408974,0.13391873770787832,-0.015651552577101935,0.46930918240077246,-0.97465798553420346,0.41963353634921408,-0.88314116827770728,-0.66186938612650437,-0.444130753979183,-0.18479920070906242
308,0.44771293998212047,-0.99772994835775908,0.78217469933884032,0.56811699955142969,0.24311686504397279,-0.050319966698937346,0.42337332048758691,0.88486682187856713,-0.7400974167726122,-0.92729201224164792,0.088695201270408974,0.13391873770787832,-0.015651552577101935,0.46930918240077246,-0.97465798553420346,0.41963353634921408,-0.88314116827770728,-0.66186938612650437,-0.444130753979183,-0.18479920070906242
309,0.44771293998212047,-0.99772994835775908,0.78217469933884032,0.56811699955142969,0.24311686504397279,-0.050319966698937346,0.42337332048758691,0.88486682187856713,-0.7400974167726122,-0.92729201224164792,0.088695201270408974,0.13391873770787832,-0.015651552577101935,0.46930918240077246,-0.97465798553420346,0.41963353634921408,-0.88314116827770728,-0.66186938612650437,-0.444130753979183,-0.18479920070906242
310,0.44771293998212047,-0.99772994835775908,0.78217469933884032,0.56811699955142969,0.24311686504397279,-0.050319966698937346,0.42337332048758691,0.88486682187856713,-0.7400974167726122,-0.92729201224164792,0.088695201270408974,0.13391873770787832,-0.015651552577101935,0.46930918240077246,-0.97465798553420346,0.41963353634921408,-0.88314116827770728,-0.66186938612650437,-0.444130753979183,-0.18479920070906242
311,0.44771293998212047,-0.99772994835775908,0.78217469933884032,0.56811699955142969,0.24311686504397279,-0.050319966698937346,0.42337332048758691,0.88486682187856713,-0.7400974167726122,-0.92729201224164792,0.088695201270408974,0.13391873770787832,-0.015651552577101935,0.46930918240077246,-0.97465798553420346,0.41963353634921408,-0.88314116827770728,-0.66186938612650437,-0.444130753979183,-0.18479920070906242
312,0.44771293998212047,-0.99772994835775908,0.78217469933884032,0.56811699955142969,0.24311686504397279,-0.050319966698937346,0.42337332048758691,0.88486682187856713,-0.7400974167726122,-0.92729201224164792,0.088695201270408974,0.13391873770787832,-0.015651552577101935,0.46930918240077246,-0.97465798553420346,0.41963353634921408,-0.88314116827770728,-0.66186938612650437,-0.444130753979183,-0.18479920070906242
313,0.44771293998212047,-0.99772994835775908,0.78217469933884032,0.56811699955142969,0.24311686504397279,-0.050319966698937346,0.42337332048758691,0.88486682187856713,-0.7400974167726122,-0.92729201224164792,0.088695201270408974,0.13391873770787832,-0.015651552577101935,0.46930918240077246,-0.97465798553420346,0.41963353634921408,-0.88314116827770728,-0.66186938612650437,-0.444130753979183,-0.18479920070906242
314,0.44771293998212047,-0.99772994835775908,0.78217469933884032,0.56811699955142969,0.24311686504397279,-0.050319966698937346,0.42337332048758691,0.88486682187856713,-0.7400974167726122,-0.92729201224164792,0.088695201270408974,0.13391873770787832,-0.015651552577101935,0.46930918240077246,-0.97465798553420346,0.41963353634921408,-0.88314116827770728,-0.66186938612650437,-0.444130753979183,-0.18479920070906242
315,0.44771293998212047,-0.99772994835775908,0.78217469933884032,0.56811699955142969,0.24311686504397279,-0.050319966698937346,0.42337332048758691,0.88486682187856713,-0.7400974167726122,-0.92729201224164792,0.088695201270408974,0.13391873770787832,-0.015651552577101935,0.46930918240077246,-0.97465798553420346,0.41963353634921408,-0.88314116827770728,-0.66186938612650437,-0.444130753979183,-0.18479920070906242
316,0.44771293998212047,-0.99772994835775908,0.78217469933884032,0.56811699955142969,0.24311686504397279,-0.050319966698937346,0.42337332048758691,0.88486682187856713,-0.7400974167726122,-0.92729201224164792,0.088695201270408974,0.13391873770787832,-0.015651552577101935,0.46930918240077246,-0.97465798553420346,0.41963353634921408,-0.88314116827770728,-0.66186938612650437,-0.444130753979183,-0.18479920070906242
317,0.44771293998212047,-0.99772994835775908,0.78217469933884032,0.56811699955142969,0.24311686504397279,-0.050319966698937346,0.42337332048758691,0.88486682187856713,-0.7400974167726122,-0.92729201224164792,0.088695201270408974,0.13391873770787832,-0.015651552577101935,0.46930918240077246,-0.97465798553420346,0.41963353634921408,-0.88314116827770728,-0.66186938612650437,-0.444130753979183,-0.18479920070906242
318,0.44771293998212047,-0.99772994835775908,0.78217469933884032,0.56811699955142969,0.24311686504397279,-0.050319966698937346,0.42337332048758691,0.88486682187856713,-0.7400974167726122,-0.92729201224164792,0.088695201270408974,0.13391873770787832,-0.015651552577101935,0.46930918240077246,-0.97465798553420346,0.41963353634921408,-0.88314116827770728,-0.66186938612650437,-0.444130753979183,-0.18479920070906242
319,0.44771293998212047,-0.99772994835775908,0.78217469933884032,0.56811699955142969,0.24311686504397279,-0.050319966698937346,0.42337332048758691,0.88486682187856713,-0.7400974167726122,-0.92729201224164792,0.088695201270408974,0.13391873770787832,-0.015651552577101935,0.46930918240077246,-0.97465798553420346,0.41963353634921408,-0.88314116827770728,-0.66186938612650437,-0.444130753979183,-0.18479920070906242
320,0.44771293998212047,-0.99772994835775908,0.78217469933884032,0.56811699955142969,0.24311686504397279,-0.050319966698937346,0.42337332048758691,0.88486682187856713,-0.7400974167726122,-0.92729201224164792,0.088695201270408974,0.13391873770787832,-0.015651552577101935,0.46930918240077246,-0.97465798553420346,0.41963353634921408,-0.88314116827770728,-0.66186938612650437,-0.444130753979183,-0.18479920070906242
321,0.44771293998212047,-0.99772994835775908,0.78217469933884032,0.56811699955142969,0.24311686504397279,-0.050319966698937346,0.42337332048758691,0.88486682187856713,-0.7400974167726122,-0.92729201224164792,0.088695201270408974,0.13391873770787832,-0.015651552577101935,0.46930918240077246,-0.97465798553420346,0.41963353634921408,-0.88314116827770728,-0.66186938612650437,-0.444130753979183,-0.18479920070906242
322,0.44771293998212047,-0.99772994835775908,0.78217469933884032,0.56811699955142969,0.24311686504397279,-0.050319966698937346,0.42337332048758691,0.88486682187856713,-0.7400974167726122,-0.92729201224164792,0.088695201270408974,0.13391873770787832,-0.015651552577101935,0.46930918240077246,-0.97465798553420346,0.41963353634921408,-0.88314116827770728,-0.66186938612650437,-0.444130753979183,-0.18479920070906242
323,0.44771293998212047,-0.99772994835775908,0.78217469933884032,0.56811699955142969,0.24311686504397279,-0.050319966698937346,0.42337332048758691,0.88486682187856713,-0.7400974167726122,-0.92729201224164792,0.088695201270408974,0.13391873770787832,-0.015651552577101935,0.46930918240077246,-0.97465798553420346,0.41963353634921408,-0.88314116827770728,-0.66186938612650437,-0.444130753979183,-0.18479920070906242
324,0.44771293998212047,-0.99772994835775908,0.78217469933884032,0.56811699955142969,0.24311686504397279,-0.050319966698937346,0.42337332048758691,0.88486682187856713,-0.7400974167726122,-0.92729201224164792,0.088695201270408974,0.13391873770787832,-0.015651552577101935,0.46930918240077246,-0.97465798553420346,0.41963353634921408,-0.88314116827770728,-0.66186938612650437,-0.444130753979183,-0.18479920070906242
325,0.44771293998212047,-0.99772994835775908,0.78217469933884032,0.56811699955142969,0.24311686504397279,-0.050319966698937346,0.42337332048758691,0.88486682187856713,-0.7400974167726122,-0.92729201224164792,0.088695201270408974,0.13391873770787832,-0.015651552577101935,0.46930918240077246,-0.97465798553420346,0.41963353634921408,-0.88314116827770728,-0.66186938612650437,-0.444130753979183,-0.18479920070906242
326,0.44771293998212047,-0.99772994835775908,0.78217469933884032,0.56811699955142969,0.24311686504397279,-0.050319966698937346,0.42337332048758691,0.88486682187856713,-0.7400974167726122,-0.92729201224164792,0.088695201270408974,0.13391873770787832,-0.015651552577101935,0.46930918240077246,-0.97465798553420346,0.41963353634921408,-0.88314116827770728,-0.66186938612650437,-0.444130753979183,-0.18479920070906242
327,0.44771293998212047,-0.99772994835775908,0.78217469933884032,0.56811699955142969,0.24311686504397279,-0.050319966698937346,0.42337332048758691,0.88486682187856713,-0.7400974167726122,-0.92729201224164792,0.088695201270408974,0.13391873770787832,-0.015651552577101935,0.46930918240077246,-0.97465798553420346,0.41963353634921408,-0.88314116827770728,-0.66186938612650437,-0.444130753979183,-0.18479920070906242
328,0.44771293998212047,-0.99772994835775908,0.78217469933884032,0.56811699955142969,0.24311686504397279,-0.050319966698937346,0.42337332048758691,0.88486682187856713,-0.7400974167726122,-0.92729201224164792,0.088695201270408974,0.13391873770787832,-0.015651552577101935,0.46930918240077246,-0.97465798553420346,0.41963353634921408,-0.88314116827770728,-0.66186938612650437,-0.444130753979183,-0.18479920070906242
329,0.44771293998212047,-0.99772994835775908,0.78217469933884032,0.56811699955142969,0.24311686504397279,-0.050319966698937346,0.42337332048758691,0.88486682187856713,-0.7400974167726122,-0.92729201224164792,0.088695201270408974,0.13391873770787832,-0.015651552577101935,0.46930918240077246,-0.97465798553420346,0.41963353634921408,-0.88314116827770728,-0.66186938612650437,-0.444130753979183,-0.18479920070906242
330,0.44771293998212047,-0.99772994835775908,0.78217469933884032,0.56811699955142969,0.24311686504397279,-0.050319966698937346,0.42337332048758691,0.88486682187856713,-0.7400974167726122,-0.92729201224164792,0.088695201270408974,0.13391873770787832,-0.015651552577101935,0.46930918240077246,-0.97465798553420346,0.41963353634921408,-0.88314116827770728,-0.66186938612650437,-0.444130753979183,-0.18479920070906242
331,0.39281928034657732,-0.94292761505133016,0.72160658237091679,0.61017925702325759,0.26377815614197275,-0.93851946499800243,0.91472359921161273,0.5500315513561933,-0.12609287081024068,-0.34825738667965367,0.5434808766817345,-0.11004449746105194,-0.57430719161207633,0.94336316829775879,-0.64227936921836326,-0.6204736341919781,-0.50873715174177758,0.94854531738987591,0.68432949980237079,0.43903835415116998
332,0.44771293998212047,-0.99772994835775908,0.78217469933884032,0.56811699955142969,0.24311686504397279,-0.050319966698937346,0.42337332048758691,0.88486682187856713,-0.7400974167726122,-0.92729201224164792,0.088695201270408974,0.13391873770787832,-0.015651552577101935,0.46930918240077246,-0.97465798553420346,0.41963353634921408,-0.88314116827770728,-0.66186938612650437,-0.444130753979183,-0.18479920070906242
333,0.44771293998212047,-0.99772994835775908,0.78217469933884032,0.56811699955142969,0.24311686504397279,-0.050319966698937346,0.42337332048758691,0.88486682187856713,-0.7400974167726122,-0.92729201224164792,0.088695201270408974,0.13391873770787832,-0.015651552577101935,0.46930918240077246,-0.97465798553420346,0.41963353634921408,-0.88314116827770728,-0.66186938612650437,-0.444130753979183,-0.18479920070906242
334,0.44771293998212047,-0.99772994835775908,0.78217469933884032,0.56811699955142969,0.24311686504397279,-0.050319966698937346,0.42337332048758691,0.88486682187856713,-0.7400974167726122,-0.92729201224164792,0.088695201270408974,0.13391873770787832,-0.015651552577101935,0.46930918240077246,-0.97465798553420346,0.41963353634921408,-0.88314116827770728,-0.66186938612650437,-0.444130753979183,-0.18479920070906242
335,0.44771293998212047,-0.99772994835775908,0.78217469933884032,0.56811699955142969,0.24311686504397279,-0.050319966698937346,0.42337332048758691,0.88486682187856713,-0.7400974167726122,-0.92729201224164792,0.088695201270408974,0.13391873770787832,-0.015651552577101935,0.46930918240077246,-0.97465798553420346,0.41963353634921408,-0.88314116827770728,-0.66186938612650437,-0.444130753979183,-0.18479920070906242
336,0.44771293998212047,-0.99772994835775908,0.78217469933884032,0.56811699955142969,0.24311686504397279,-0.050319966698937346,0.42337332048758691,0.88486682187856713,-0.7400974167726122,-0.92729201224164792,0.088695201270408974,0.13391873770787832,-0.015651552577101935,0.46930918240077246,-0.97465798553420346,0.41963353634921408,-0.88314116827770728,-0.66186938612650437,-0.444130753979183,-0.18479920070906242
337,0.44771293998212047,-0.99772994835775908,0.78217469933884032,0.56811699955142969,0.24311686504397279,-0.050319966698937346,0.42337332048758691,0.88486682187856713,-0.7400974167726122,-0.92729201224164792,0.088695201270408974,0.13391873770787832,-0.015651552577101935,0.46930918240077246,-0.97465798553420346,0.41963353634921408,-0.88314116827770728,-0.66186938612650437,-0.444130753979183,-0.18479920070906242
338,0.44771293998212047,-0.99772994835775908,0.78217469933884032,0.56811699955142969,0.24311686504397279,-0.050319966698937346,0.42337332048758691,0.88486682187856713,-0.7400974167726122,-0.92729201224164792,0.088695201270408974,0.13391873770787832,-0.015651552577101935,0.46930918240077246,-0.97465798553420346,0.41963353634921408,-0.88314116827770728,-0.66186938612650437,-0.444130753979183,-0.18479920070906242
339,0.44771293998212047,-0.99772994835775908,0.78217469933884032,0.56811699955142969,0.24311686504397279,-0.050319966698937346,0.42337332048758691,0.88486682187856713,-0.7400974167726122,-0.92729201224164792,0.088695201270408974,0.13391873770787832,-0.015651552577101935,0.46930918240077246,-0.97465798553420346,0.41963353634921408,-0.88314116827770728,-0.66186938612650437,-0.444130753979183,-0.18479920070906242
340,0.44771293998212047,-0.99772994835775908,0.78217469933884032,0.56811699955142969,0.24311686504397279,-0.050319966698937346,0.42337332048758691,0.88486682187856713,-0.7400974167726122,-0.92729201224164792,0.088695201270408974,0.13391873770787832,-0.015651552577101935,0.46930918240077246,-0.97465798553420346,0.41963353634921408,-0.88314116827770728,-0.66186938612650437,-0.444130753979183,-0.18479920070906242
341,0.44771293998212047,-0.99772994835775908,0.78217469933884032,0.56811699955142969,0.24311686504397279,-0.050319966698937346,0.42337332048758691,0.88486682187856713,-0.7400974167726122,-0.92729201224164792,0.088695201270408974,0.13391873770787832,-0.015651552577101935,0.46930918240077246,-0.97465798553420346,0.41963353634921408,-0.88314116827770728,-0.66186938612650437,-0.444130753979183,-0.18479920070906242
342,0.44771293998212047,-0.99772994835775908,0.78217469933884032,0.56811699955142969,0.24311686504397279,-0.050319966698937346,0.42337332048758691,0.88486682187856713,-0.7400974167726122,-0.92729201224164792,0.088695201270408974,0.13391873770787832,-0.015651552577101935,0.46930918240077246,-0.97465798553420346,0.41963353634921408,-0.88314116827770728,-0.66186938612650437,-0.444130753979183,-0.18479920070906242
343,0.44771293998212047,-0.99772994835775908,0.78217469933884032,0.56811699955142969,0.24311686504397279,-0.050319966698937346,0.42337332048758691,0.88486682187856713,-0.7400974167726122,-0.92729201224164792,0.088695201270408974,0.13391873770787832,-0.015651552577101935,0.46930918240077246,-0.97465798553420346,0.41963353634921408,-0.88314116827770728,-0.66186938612650437,-0.444130753979183,-0.18479920070906242
344,0.44771293998212047,-0.99772994835775908,0.78217469933884032,0.56811699955142969,0.24311686504397279,-0.050319966698937346,0.42337332048758691,0.88486682187856713,-0.7400974167726122,-0.92729201224164792,0.088695201270408974,0.13391873770787832,-0.015651552577101935,0.46930918240077246,-0.97465798553420346,0.41963353634921408,-0.88314116827770728,-0.66186938612650437,-0.444130753979183,-0.18479920070906242
345,0.44771293998212047,-0.99772994835775908,0.78217469933884032,0.56811699955142969,0.24311686504397279,-0.050319966698937346,0.42337332048758691,0.88486682187856713,-0.7400974167726122,-0.92729201224164792,0.088695201270408974,0.13391873770787832,-0.015651552577101935,0.46930918240077246,-0.97465798553420346,0.41963353634921408,-0.88314116827770728,-0.66186938612650437,-0.444130753979183,-0.18479920070906242
346,0.44771293998212047,-0.99772994835775908,0.78217469933884032,0.56811699955142969,0.24311686504397279,-0.050319966698937346,0.42337332048758691,0.88486682187856713,-0.7400974167726122,-0.92729201224164792,0.088695201270408974,0.13391873770787832,-0.015651552577101935,0.46930918240077246,-0.97465798553420346,0.41963353634921408,-0.88314116827770728,-0.66186938612650437,-0.444130753979183,-0.18479920070906242
347,0.44771293998212047,-0.99772994835775908,0.78217469933884032,0.56811699955142969,0.24311686504397279,-0.050319966698937346,0.42337332048758691,0.88486682187856713,-0.7400974167726122,-0.92729201224164792,0.088695201270408974,0.13391873770787832,-0.015651552577101935,0.46930918240077246,-0.97465798553420346,0.41963353634921408,-0.88314116827770728,-0.66186938612650437,-0.444130753979183,-0.18479920070906242
348,0.44771293998212047,-0.99772994835775908,0.78217469933884032,0.56811699955142969,0.24311686504397279,-0.050319966698937346,0.42337332048758691,0.88486682187856713,-0.7400974167726122,-0.92729201224164792,0.088695201270408974,0.13391873770787832,-0.015651552577101935,0.46930918240077246,-0.97465798553420346,0.41963353634921408,-0.88314116827770728,-0.66186938612650437,-0.444130753979183,-0.18479920070906242
349,0.44771293998212047,-0.99772994835775908,0.78217469933884032,0.56811699955142969,0.24311686504397279,-0.050319966698937346,0.42337332048758691,0.88486682187856713,-0.7400974167726122,-0.92729201224164792,0.088695201270408974,0.13391873770787832,-0.015651552577101935,0.46930918240077246,-0.97465798553420346,0.41963353634921408,-0.88314116827770728,-0.66186938612650437,-0.444130753979183,-0.18479920070906242
350,0.44771293998212047,-0.99772994835775908,0.78217469933884032,0.56811699955142969,0.24311686504397279,-0.050319966698937346,0.42337332048758691,0.88486682187856713,-0.7400974167726122,-0.92729201224164792,0.088695201270408974,0.13391873770787832,-0.015651552577101935,0.46930918240077246,-0.97465798553420346,0.41963353634921408,-0.88314116827770728,-0.66186938612650437,-0.444130753979183,-0.18479920070906242
351,0.44771293998212047,-0.99772994835775908,0.78217469933884032,0.56811699955142969,0.24311686504397279,-0.050319966698937346,0.42337332048758691,0.88486682187856713,-0.7400974167726122,-0.92729201224164792,0.088695201270408974,0.13391873770787832,-0.015651552577101935,0.46930918240077246,-0.97465798553420346,0.41963353634921408,-0.88314116827770728,-0.66186938612650437,-0.444130753979183,-0.18479920070906242
352,0.44771293998212047,-0.99772994835775908,0.78217469933884032,0.56811699955142969,0.24311686504397279,-0.050319966698937346,0.42337332048758691,0.88486682187856713,-0.7400974167726122,-0.92729201224164792,0.088695201270408974,0.13391873770787832,-0.015651552577101935,0.46930918240077246,-0.97465798553420346,0.41963353634921408,-0.88314116827770728,-0.66186938612650437,-0.444130753979183,-0.18479920070906242
353,0.44771293998212047,-0.99772994835775908,0.78217469933884032,0.56811699955142969,0.24311686504397279,-0.050319966698937346,0.42337332048758691,0.88486682187856713,-0.7400974167726122,-0.92729201224164792,0.088695201270408974,0.13391873770787832,-0.015651552577101935,0.46930918240077246,-0.97465798553420346,0.41963353634921408,-0.88314116827770728,-0.66186938612650437,-0.444130753979183,-0.18479920070906242
354,0.44771293998212047,-0.99772994835775908,0.78217469933884032,0.56811699955142969,0.24311686504397279,-0.050319966698937346,0.42337332048758691,0.88486682187856713,-0.7400974167726122,-0.92729201224164792,0.088695201270408974,0.13391873770787832,-0.015651552577101935,0.46930918240077246,-0.97465798553420346,0.41963353634921408,-0.88314116827770728,-0.66186938612650437,-0.444130753979183,-0.18479920070906242
355,0.44771293998212047,-0.99772994835775908,0.78217469933884032,0.56811699955142969,0.24311686504397279,-0.050319966698937346,0.42337332048758691,0.88486682187856713,-0.7400974167726122,-0.92729201224164792,0.088695201270408974,0.13391873770787832,-0.015651552577101935,0.46930918240077246,-0.97465798553420346,0.41963353634921408,-0.88314116827770728,-0.66186938612650437,-0.444130753979183,-0.18479920070906242
356,0.44771293998212047,-0.99772994835775908,0.78217469933884032,0.56811699955142969,0.24311686504397279,-0.050319966698937346,0.42337332048758691,0.88486682187856713,-0.7400974167726122,-0.92729201224164792,0.088695201270408974,0.13391873770787832,-0.015651552577101935,0.46930918240077246,-0.97465798553420346,0.41963353634921408,-0.88314116827770728,-0.66186938612650437,-0.444130753979183,-0.18479920070906242
357,0.44771293998212047,-0.99772994835775908,0.78217469933884032,0.56811699955142969,0.24311686504397279,-0.050319966698937346,0.42337332048758691,0.88486682187856713,-0.7400974167726122,-0.92729201224164792,0.088695201270408974,0.13391873770787832,-0.015651552577101935,0.46930918240077246,-0.97465798553420346,0.41963353634921408,-0.88314116827770728,-0.66186938612650437,-0.444130753979183,-0.18479920070906242
358,0.44771293998212047,-0.99772994835775908,0.78217469933884032,0.56811699955142969,0.24311686504397279,-0.050319966698937346,0.42337332048758691,0.88486682187856713,-0.7400974167726122,-0.92729201224164792,0.088695201270408974,0.13391873770787832,-0.015651552577101935,0.46930918240077246,-0.97465798553420346,0.41963353634921408,-0.88314116827770728,-0.66186938612650437,-0.444130753979183,-0.18479920070906242
359,0.44771293998212047,-0.99772994835775908,0.78217469933884032,0.56811699955142969,0.24311686504397279,-0.050319966698937346,0.42337332048758691,0.88486682187856713,-0.7400974167726122,-0.92729201224164792,0.088695201270408974,0.13391873770787832,-0.015651552577101935,0.46930918240077246,-0.97465798553420346,0.41963353634921408,-0.88314116827770728,-0.66186938612650437,-0.444130753979183,-0.18479920070906242
360,0.44771293998212047,-0.99772994835775908,0.78217469933884032,0.56811699955142969,0.24311686504397279,-0.050319966698937346,0.42337332048758691,0.88486682187856713,-0.7400974167726122,-0.92729201224164792,0.088695201270408974,0.13391873770787832,-0.015651552577101935,0.46930918240077246,-0.97465798553420346,0.41963353634921408,-0.88314116827770728,-0.66186938612650437,-0.444130753979183,-0.18479920070906242
361,0.44771293998212047,-0.99772994835775908,0.78217469933884032,0.56811699955142969,0.24311686504397279,-0.050319966698937346,0.42337332048758691,0.88486682187856713,-0.7400974167726122,-0.92729201224164792,0.088695201270408974,0.13391873770787832,-0.015651552577101935,0.46930918240077246,-0.97465798553420346,0.41963353634921408,-0.88314116827770728,-0.66186938612650437,-0.444130753979183,-0.18479920070906242
362,0.44771293998212047,-0.99772994835775908,0.78217469933884032,0.56811699955142969,0.24311686504397279,-0.050319966698937346,0.42337332048758691,0.88486682187856713,-0.7400974167726122,-0.92729201224164792,0.088695201270408974,0.13391873770787832,-0.015651552577101935,0.46930918240077246,-0.97465798553420346,0.41963353634921408,-0.88314116827770728,-0.66186938612650437,-0.444130753979183,-0.18479920070906242
363,0.44771293998212047,-0.99772994835775908,0.78217469933884032,0.56811699955142969,0.24311686504397279,-0.050319966698937346,0.42337332048758691,0.88486682187856713,-0.7400974167726122,-0.92729201224164792,0.088695201270408974,0.13391873770787832,-0.015651552577101935,0.46930918240077246,-0.97465798553420346,0.41963353634921408,-0.88314116827770728,-0.66186938612650437,-0.444130753979183,-0.18479920070906242
364,0.44771293998212047,-0.99772994835775908,0.78217469933884032,0.56811699955142969,0.24311686504397279,-0.050319966698937346,0.42337332048758691,0.88486682187856713,-0.7400974167726122,-0.92729201224164792,0.088695201270408974,0.13391873770787832,-0.015651552577101935,0.46930918240077246,-0.97465798553420346,0.41963353634921408,-0.88314116827770728,-0.66186938612650437,-0.444130753979183,-0.18479920070906242
365,0.44771293998212047,-0.99772994835775908,0.78217469933884032,0.56811699955142969,0.24311686504397279,-0.050319966698937346,0.42337332048758691,0.88486682187856713,-0.7400974167726122,-0.92729201224164792,0.088695201270408974,0.13391873770787832,-0.015651552577101935,0.46930918240077246,-0.97465798553420346,0.41963353634921408,-0.88314116827770728,-0.66186938612650437,-0.444130753979183,-0.18479920070906242
366,0.44771293998212047,-0.99772994835775908,0.78217469933884032,0.56811699955142969,0.24311686504397279,-0.050319966698937346,0.42337332048758691,0.88486682187856713,-0.7400974167726122,-0.92729201224164792,0.088695201270408974,0.13391873770787832,-0.015651552577101935,0.46930918240077246,-0.97465798553420346,0.41963353634921408,-0.88314116827770728,-0.66186938612650437,-0.444130753979183,-0.18479920070906242
367,0.44771293998212047,-0.99772994835775908,0.78217469933884032,0.56811699955142969,0.24311686504397279,-0.050319966698937346,0.42337332048758691,0.88486682187856713,-0.7400974167726122,-0.92729201224164792,0.088695201270408974,0.13391873770787832,-0.015651552577101935,0.46930918240077246,-0.97465798553420346,0.41963353634921408,-0.88314116827770728,-0.66186938612650437,-0.444130753979183,-0.18479920070906242
368,0.39281928034657732,-0.94292761505133016,0.72160658237091679,0.61017925702325759,0.26377815614197275,-0.93851946499800243,0.91472359921161273,0.5500315513561933,-0.12609287081024068,-0.34825738667965367,0.5434808766817345,-0.11004449746105194,-0.57430719161207633,0.94336316829775879,-0.64227936921836326,-0.6204736341919781,-0.50873715174177758,0.94854531738987591,0.68432949980237079,0.43903835415116998
369,0.44771293998212047,-0.99772994835775908,0.78217469933884032,0.56811699955142969,0.24311686504397279,-0.050319966698937346,0.42337332048758691,0.88486682187856713,-0.7400974167726122,-0.92729201224164792,0.088695201270408974,0.13391873770787832,-0.015651552577101935,0.46930918240077246,-0.97465798553420346,0.41963353634921408,-0.88314116827770728,-0.66186938612650437,-0.444130753979183,-0.18479920070906242
370,0.44771293998212047,-0.99772994835775908,0.78217469933884032,0.56811699955142969,0.24311686504397279,-0.050319966698937346,0.42337332048758691,0.88486682187856713,-0.7400974167726122,-0.92729201224164792,0.088695201270408974,0.13391873770787832,-0.015651552577101935,0.46930918240077246,-0.97465798553420346,0.41963353634921408,-0.88314116827770728,-0.66186938612650437,-0.444130753979183,-0.18479920070906242
371,0.44771293998212047,-0.99772994835775908,0.78217469933884032,0.56811699955142969,0.24311686504397279,-0.050319966698937346,0.42337332048758691,0.88486682187856713,-0.7400974167726122,-0.92729201224164792,0.088695201270408974,0.13391873770787832,-0.015651552577101935,0.46930918240077246,-0.97465798553420346,0.41963353634921408,-0.88314116827770728,-0.66186938612650437,-0.444130753979183,-0.18479920070906242
372,0.44771293998212047,-0.99772994835775908,0.78217469933884032,0.56811699955142969,0.24311686504397279,-0.050319966698937346,0.42337332048758691,0.88486682187856713,-0.7400974167726122,-0.92729201224164792,0.088695201270408974,0.13391873770787832,-0.015651552577101935,0.46930918240077246,-0.97465798553420346,0.41963353634921408,-0.88314116827770728,-0.66186938612650437,-0.444130753979183,-0.18479920070906242
373,0.44771293998212047,-0.99772994835775908,0.78217469933884032,0.56811699955142969,0.24311686504397279,-0.050319966698937346,0.42337332048758691,0.88486682187856713,-0.7400974167726122,-0.92729201224164792,0.088695201270408974,0.13391873770787832,-0.015651552577101935,0.46930918240077246,-0.97465798553420346,0.41963353634921408,-0.88314116827770728,-0.66186938612650437,-0.444130753979183,-0.18479920070906242
374,0.44771293998212047,-0.99772994835775908,0.78217469933884032,0.56811699955142969,0.24311686504397279,-0.050319966698937346,0.42337332048758691,0.88486682187856713,-0.7400974167726122,-0.92729201224164792,0.088695201270408974,0.13391873770787832,-0.015651552577101935,0.46930918240077246,-0.97465798553420346,0.41963353634921408,-0.88314116827770728,-0.66186938612650437,-0.444130753979183,-0.18479920070906242
375,0.44771293998212047,-0.99772994835775908,0.78217469933884032,0.56811699955142969,0.24311686504397279,-0.050319966698937346,0.42337332048758691,0.88486682187856713,-0.7400974167726122,-0.92729201224164792,0.088695201270408974,0.13391873770787832,-0.015651552577101935,0.46930918240077246,-0.97465798553420346,0.41963353634921408,-0.88314116827770728,-0.66186938612650437,-0.444130753979183,-0.18479920070906242
376,0.44771293998212047,-0.99772994835775908,0.78217469933884032,0.56811699955142969,0.24311686504397279,-0.050319966698937346,0.42337332048758691,0.88486682187856713,-0.7400974167726122,-0.92729201224164792,0.088695201270408974,0.13391873770787832,-0.015651552577101935,0.46930918240077246,-0.97465798553420346,0.41963353634921408,-0.88314116827770728,-0.66186938612650437,-0.444130753979183,-0.18479920070906242
377,0.44771293998212047,-0.99772994835775908,0.78217469933884032,0.56811699955142969,0.24311686504397279,-0.050319966698937346,0.42337332048758691,0.88486682187856713,-0.7400974167726122,-0.92729201224164792,0.088695201270408974,0.13391873770787832,-0.015651552577101935,0.46930918240077246,-0.97465798553420346,0.41963353634921408,-0.88314116827770728,-0.66186938612650437,-0.444130753979183,-0.18479920070906242
378,0.44771293998212047,-0.99772994835775908,0.78217469933884032,0.56811699955142969,0.24311686504397279,-0.050319966698937346,0.42337332048758691,0.88486682187856713,-0.7400974167726122,-0.92729201224164792,0.088695201270408974,0.13391873770787832,-0.015651552577101935,0.46930918240077246,-0.97465798553420346,0.41963353634921408,-0.88314116827770728,-0.66186938612650437,-0.444130753979183,-0.18479920070906242
379,0.44771293998212047,-0.99772994835775908,0.78217469933884032,0.56811699955142969,0.24311686504397279,-0.050319966698937346,0.42337332048758691,0.88486682187856713,-0.7400974167726122,-0.92729201224164792,0.088695201270408974,0.13391873770787832,-0.015651552577101935,0.46930918240077246,-0.97465798553420346,0.41963353634921408,-0.88314116827770728,-0.66186938612650437,-0.444130753979183,-0.18479920070906242
380,0.44771293998212047,-0.99772994835775908,0.78217469933884032,0.56811699955142969,0.24311686504397279,-0.050319966698937346,0.42337332048758691,0.88486682187856713,-0.7400974167726122,-0.92729201224164792,0.088695201270408974,0.13391873770787832,-0.015651552577101935,0.46930918240077246,-0.97465798553420346,0.41963353634921408,-0.88314116827770728,-0.66186938612650437,-0.444130753979183,-0.18479920070906242
381,0.44771293998212047,-0.99772994835775908,0.78217469933884032,0.56811699955142969,0.24311686504397279,-0.050319966698937346,0.42337332048758691,0.88486682187856713,-0.7400974167726122,-0.92729201224164792,0.088695201270408974,0.13391873770787832,-0.015651552577101935,0.46930918240077246,-0.97465798553420346,0.41963353634921408,-0.88314116827770728,-0.66186938612650437,-0.444130753979183,-0.18479920070906242
382,0.44771293998212047,-0.99772994835775908,0.78217469933884032,0.56811699955142969,0.24311686504397279,-0.050319966698937346,0.42337332048758691,0.88486682187856713,-0.7400974167726122,-0.92729201224164792,0.088695201270408974,0.13391873770787832,-0.015651552577101935,0.46930918240077246,-0.97465798553420346,0.41963353634921408,-0.88314116827770728,-0.66186938612650437,-0.444130753979183,-0.18479920070906242
383,0.44771293998212047,-0.99772994835775908,0.78217469933884032,0.56811699955142969,0.24311686504397279,-0.050319966698937346,0.42337332048758691,0.88486682187856713,-0.7400974167726122,-0.92729201224164792,0.088695201270408974,0.13391873770787832,-0.015651552577101935,0.46930918240077246,-0.97465798553420346,0.41963353634921408,-0.88314116827770728,-0.66186938612650437,-0.444130753979183,-0.18479920070906242
384,0.44771293998212047,-0.99772994835775908,0.78217469933884032,0.56811699955142969,0.24311686504397279,-0.050319966698937346,0.42337332048758691,0.88486682187856713,-0.7400974167726122,-0.92729201224164792,0.088695201270408974,0.13391873770787832,-0.015651552577101935,0.46930918240077246,-0.97465798553420346,0.41963353634921408,-0.88314116827770728,-0.66186938612650437,-0.444130753979183,-0.18479920070906242
385,0.44771293998212047,-0.99772994835775908,0.78217469933884032,0.56811699955142969,0.24311686504397279,-0.050319966698937346,0.42337332048758691,0.88486682187856713,-0.7400974167726122,-0.92729201224164792,0.088695201270408974,0.13391873770787832,-0.015651552577101935,0.46930918240077246,-0.97465798553420346,0.41963353634921408,-0.88314116827770728,-0.66186938612650437,-0.444130753979183,-0.18479920070906242
386,0.44771293998212047,-0.99772994835775908,0.78217469933884032,0.56811699955142969,0.24311686504397279,-0.050319966698937346,0.42337332048758691,0.88486682187856713,-0.7400974167726122,-0.92729201224164792,0.088695201270408974,0.13391873770787832,-0.015651552577101935,0.46930918240077246,-0.97465798553420346,0.41963353634921408,-0.88314116827770728,-0.66186938612650437,-0.444130753979183,-0.18479920070906242
387,0.44771293998212047,-0.99772994835775908,0.78217469933884032,0.56811699955142969,0.24311686504397279,-0.050319966698937346,0.42337332048758691,0.88486682187856713,-0.7400974167726122,-0.92729201224164792,0.088695201270408974,0.13391873770787832,-0.015651552577101935,0.46930918240077246,-0.97465798553420346,0.41963353634921408,-0.88314116827770728,-0.66186938612650437,-0.444130753979183,-0.18479920070906242
388,0.44771293998212047,-0.99772994835775908,0.78217469933884032,0.56811699955142969,0.24311686504397279,-0.050319966698937346,0.42337332048758691,0.88486682187856713,-0.7400974167726122,-0.92729201224164792,0.088695201270408974,0.13391873770787832,-0.015651552577101935,0.46930918240077246,-0.97465798553420346,0.41963353634921408,-0.88314116827770728,-0.66186938612650437,-0.444130753979183,-0.18479920070906242
389,0.44771293998212047,-0.99772994835775908,0.78217469933884032,0.56811699955142969,0.24311686504397279,-0.050319966698937346,0.42337332048758691,0.88486682187856713,-0.7400974167726122,-0.92729201224164792,0.088695201270408974,0.13391873770787832,-0.015651552577101935,0.46930918240077246,-0.97465798553420346,0.41963353634921408,-0.88314116827770728,-0.66186938612650437,-0.444130753979183,-0.18479920070906242
390,0.44771293998212047,-0.99772994835775908,0.78217469933884032,0.56811699955142969,0.24311686504397279,-0.050319966698937346,0.42337332048758691,0.88486682187856713,-0.7400974167726122,-0.92729201224164792,0.088695201270408974,0.13391873770787832,-0.015651552577101935,0.46930918240077246,-0.97465798553420346,0.41963353634921408,-0.88314116827770728,-0.66186938612650437,-0.444130753979183,-0.18479920070906242
391,0.44771293998212047,-0.99772994835775908,0.78217469933884032,0.56811699955142969,0.24311686504397279,-0.050319966698937346,0.42337332048758691,0.88486682187856713,-0.7400974167726122,-0.92729201224164792,0.088695201270408974,0.13391873770787832,-0.015651552577101935,0.46930918240077246,-0.97465798553420346,0.41963353634921408,-0.88314116827770728,-0.66186938612650437,-0.444130753979183,-0.18479920070906242
392,0.44771293998212047,-0.99772994835775908,0.78217469933884032,0.56811699955142969,0.24311686504397279,-0.050319966698937346,0.42337332048758691,0.88486682187856713,-0.7400974167726122,-0.92729201224164792,0.088695201270408974,0.13391873770787832,-0.015651552577101935,0.46930918240077246,-0.97465798553420346,0.41963353634921408,-0.88314116827770728,-0.66186938612650437,-0.444130753979183,-0.18479920070906242
393,0.44771293998212047,-0.99772994835775908,0.78217469933884032,0.56811699955142969,0.24311686504397279,-0.050319966698937346,0.42337332048758691,0.88486682187856713,-0.7400974167726122,-0.92729201224164792,0.088695201270408974,0.13391873770787832,-0.015651552577101935,0.46930918240077246,-0.97465798553420346,0.41963353634921408,-0.88314116827770728,-0.66186938612650437,-0.444130753979183,-0.18479920070906242
394,0.44771293998212047,-0.99772994835775908,0.78217469933884032,0.56811699955142969,0.24311686504397279,-0.050319966698937346,0.42337332048758691,0.88486682187856713,-0.7400974167726122,-0.92729201224164792,0.088695201270408974,0.13391873770787832,-0.015651552577101935,0.46930918240077246,-0.97465798553420346,0.41963353634921408,-0.88314116827770728,-0.66186938612650437,-0.444130753979183,-0.18479920070906242
395,0.44771293998212047,-0.99772994835775908,0.78217469933884032,0.56811699955142969,0.24311686504397279,-0.050319966698937346,0.42337332048758691,0.88486682187856713,-0.7400974167726122,-0.92729201224164792,0.088695201270408974,0.13391873770787832,-0.015651552577101935,0.46930918240077246,-0.97465798553420346,0.41963353634921408,-0.88314116827770728,-0.66186938612650437,-0.444130753979183,-0.18479920070906242
396,0.44771293998212047,-0.99772994835775908,0.78217469933884032,0.56811699955142969,0.24311686504397279,-0.050319966698937346,0.42337332048758691,0.88486682187856713,-0.7400974167726122,-0.92729201224164792,0.088695201270408974,0.13391873770787832,-0.015651552577101935,0.46930918240077246,-0.97465798553420346,0.41963353634921408,-0.88314116827770728,-0.66186938612650437,-0.444130753979183,-0.18479920070906242
397,0.44771293998212047,-0.99772994835775908,0.78217469933884032,0.56811699955142969,0.24311686504397279,-0.050319966698937346,0.42337332048758691,0.88486682187856713,-0.7400974167726122,-0.92729201224164792,0.088695201270408974,0.13391873770787832,-0.015651552577101935,0.46930918240077246,-0.97465798553420346,0.41963353634921408,-0.88314116827770728,-0.66186938612650437,-0.444130753979183,-0.18479920070906242
398,0.44771293998212047,-0.99772994835775908,0.78217469933884032,0.56811699955142969,0.24311686504397279,-0.050319966698937346,0.42337332048758691,0.88486682187856713,-0.7400974167726122,-0.92729201224164792,0.088695201270408974,0.13391873770787832,-0.015651552577101935,0.46930918240077246,-0.97465798553420346,0.41963353634921408,-0.88314116827770728,-0.66186938612650437,-0.444130753979183,-0.18479920070906242
399,0.44771293998212047,-0.99772994835775908,0.78217469933884032,0.56811699955142969,0.24311686504397279,-0.050319966698937346,0.42337332048758691,0.88486682187856713,-0.7400974167726122,-0.92729201224164792,0.088695201270408974,0.13391873770787832,-0.015651552577101935,0.46930918240077246,-0.97465798553420346,0.41963353634921408,-0.88314116827770728,-0.66186938612650437,-0.444130753979183,-0.18479920070906242
400,0.44771293998212047,-0.99772994835775908,0.78217469933884032,0.56811699955142969,0.24311686504397279,-0.050319966698937346,0.42337332048758691,0.88486682187856713,-0.7400974167726122,-0.92729201224164792,0.088695201270408974,0.13391873770787832,-0.015651552577101935,0.46930918240077246,-0.97465798553420346,0.41963353634921408,-0.88314116827770728,-0.66186938612650437,-0.444130753979183,-0.18479920070906242
401,0.44771293998212047,-0.99772994835775908,0.78217469933884032,0.56811699955142969,0.24311686504397279,-0.050319966698937346,0.42337332048758691,0.88486682187856713,-0.7400974167726122,-0.92729201224164792,0.088695201270408974,0.13391873770787832,-0.015651552577101935,0.46930918240077246,-0.97465798553420346,0.41963353634921408,-0.88314116827770728,-0.66186938612650437,-0.444130753979183,-0.18479920070906242
402,0.44771293998212047,-0.99772994835775908,0.78217469933884032,0.56811699955142969,0.24311686504397279,-0.050319966698937346,0.42337332048758691,0.88486682187856713,-0.7400974167726122,-0.92729201224164792,0.088695201270408974,0.13391873770787832,-0.015651552577101935,0.46930918240077246,-0.97465798553420346,0.41963353634921408,-0.88314116827770728,-0.66186938612650437,-0.444130753979183,-0.18479920070906242
403,0.44771293998212047,-0.99772994835775908,0.78217469933884032,0.56811699955142969,0.24311686504397279,-0.050319966698937346,0.42337332048758691,0.88486682187856713,-0.7400974167726122,-0.92729201224164792,0.088695201270408974,0.13391873770787832,-0.015651552577101935,0.46930918240077246,-0.97465798553420346,0.41963353634921408,-0.88314116827770728,-0.66186938612650437,-0.444130753979183,-0.18479920070906242
404,0.44771293998212047,-0.99772994835775908,0.78217469933884032,0.56811699955142969,0.24311686504397279,-0.050319966698937346,0.42337332048758691,0.88486682187856713,-0.7400974167726122,-0.92729201224164792,0.088695201270408974,0.13391873770787832,-0.015651552577101935,0.46930918240077246,-0.97465798553420346,0.41963353634921408,-0.88314116827770728,-0.66186938612650437,-0.444130753979183,-0.18479920070906242
405,0.44771293998212047,-0.99772994835775908,0.78217469933884032,0.56811699955142969,0.24311686504397279,-0.050319966698937346,0.42337332048758691,0.88486682187856713,-0.7400974167726122,-0.92729201224164792,0.088695201270408974,0.13391873770787832,-0.015651552577101935,0.46930918240077246,-0.97465798553420346,0.41963353634921408,-0.88314116827770728,-0.66186938612650437,-0.444130753979183,-0.18479920070906242
406,0.44771293998212047,-0.99772994835775908,0.78217469933884032,0.56811699955142969,0.24311686504397279,-0.050319966698937346,0.42337332048758691,0.88486682187856713,-0.7400974167726122,-0.92729201224164792,0.088695201270408974,0.13391873770787832,-0.015651552577101935,0.46930918240077246,-0.97465798553420346,0.41963353634921408,-0.88314116827770728,-0.66186938612650437,-0.444130753979183,-0.18479920070906242
407,0.44771293998212047,-0.99772994835775908,0.78217469933884032,0.56811699955142969,0.24311686504397279,-0.050319966698937346,0.42337332048758691,0.88486682187856713,-0.7400974167726122,-0.92729201224164792,0.088695201270408974,0.13391873770787832,-0.015651552577101935,0.46930918240077246,-0.97465798553420346,0.41963353634921408,-0.88314116827770728,-0.66186938612650437,-0.444130753979183,-0.18479920070906242
408,0.44771293998212047,-0.99772994835775908,0.78217469933884032,0.56811699955142969,0.24311686504397279,-0.050319966698937346,0.42337332048758691,0.88486682187856713,-0.7400974167726122,-0.92729201224164792,0.088695201270408974,0.13391873770787832,-0.015651552577101935,0.46930918240077246,-0.97465798553420346,0.41963353634921408,-0.88314116827770728,-0.66186938612650437,-0.444130753979183,-0.18479920070906242
409,0.44771293998212047,-0.99772994835775908,0.78217469933884032,0.56811699955142969,0.24311686504397279,-0.050319966698937346,0.42337332048758691,0.88486682187856713,-0.7400974167726122,-0.92729201224164792,0.088695201270408974,0.13391873770787832,-0.015651552577101935,0.46930918240077246,-0.97465798553420346,0.41963353634921408,-0.88314116827770728,-0.66186938612650437,-0.444130753979183,-0.18479920070906242
410,0.44771293998212047,-0.99772994835775908,0.78217469933884032,0.56811699955142969,0.24311686504397279,-0.050319966698937346,0.42337332048758691,0.88486682187856713,-0.7400974167726122,-0.92729201224164792,0.088695201270408974,0.13391873770787832,-0.015651552577101935,0.46930918240077246,-0.97465798553420346,0.41963353634921408,-0.88314116827770728,-0.66186938612650437,-0.444130753979183,-0.18479920070906242
411,0.44771293998212047,-0.99772994835775908,0.78217469933884032,0.56811699955142969,0.24311686504397279,-0.050319966698937346,0.42337332048758691,0.88486682187856713,-0.7400974167726122,-0.92729201224164792,0.088695201270408974,0.13391873770787832,-0.015651552577101935,0.46930918240077246,-0.97465798553420346,0.41963353634921408,-0.88314116827770728,-0.66186938612650437,-0.444130753979183,-0.18479920070906242
412,0.44771293998212047,-0.99772994835775908,0.78217469933884032,0.56811699955142969,0.24311686504397279,-0.050319966698937346,0.42337332048758691,0.88486682187856713,-0.7400974167726122,-0.92729201224164792,0.088695201270408974,0.13391873770787832,-0.015651552577101935,0.46930918240077246,-0.97465798553420346,0.41963353634921408,-0.88314116827770728,-0.66186938612650437,-0.444130753979183,-0.18479920070906242
413,0.44771293998212047,-0.99772994835775908,0.78217469933884032,0.56811699955142969,0.24311686504397279,-0.050319966698937346,0.42337332048758691,0.88486682187856713,-0.7400974167726122,-0.92729201224164792,0.088695201270408974,0.13391873770787832,-0.015651552577101935,0.46930918240077246,-0.97465798553420346,0.41963353634921408,-0.88314116827770728,-0.66186938612650437,-0.444130753979183,-0.18479920070906242
414,0.44771293998212047,-0.99772994835775908,0.78217469933884032,0.56811699955142969,0.24311686504397279,-0.050319966698937346,0.42337332048758691,0.88486682187856713,-0.7400974167726122,-0.92729201224164792,0.088695201270408974,0.13391873770787832,-0.015651552577101935,0.46930918240077246,-0.97465798553420346,0.41963353634921408,-0.88314116827770728,-0.66186938612650437,-0.444130753979183,-0.18479920070906242
415,0.44771293998212047,-0.99772994835775908,0.78217469933884032,0.56811699955142969,0.24311686504397279,-0.050319966698937346,0.42337332048758691,0.88486682187856713,-0.7400974167726122,-0.92729201224164792,0.088695201270408974,0.13391873770787832,-0.015651552577101935,0.46930918240077246,-0.97465798553420346,0.41963353634921408,-0.88314116827770728,-0.66186938612650437,-0.444130753979183,-0.18479920070906242
416,0.44771293998212047,-0.99772994835775908,0.78217469933884032,0.56811699955142969,0.24311686504397279,-0.050319966698937346,0.42337332048758691,0.88486682187856713,-0.7400974167726122,-0.92729201224164792,0.088695201270408974,0.13391873770787832,-0.015651552577101935,0.46930918240077246,-0.97465798553420346,0.41963353634921408,-0.88314116827770728,-0.66186938612650437,-0.444130753979183,-0.18479920070906242
417,0.44771293998212047,-0.99772994835775908,0.78217469933884032,0.56811699955142969,0.24311686504397279,-0.050319966698937346,0.42337332048758691,0.88486682187856713,-0.7400974167726122,-0.92729201224164792,0.088695201270408974,0.13391873770787832,-0.015651552577101935,0.46930918240077246,-0.97465798553420346,0.41963353634921408,-0.88314116827770728,-0.66186938612650437,-0.444130753979183,-0.18479920070906242
418,0.44771293998212047,-0.99772994835775908,0.78217469933884032,0.56811699955142969,0.24311686504397279,-0.050319966698937346,0.42337332048758691,0.88486682187856713,-0.7400974167726122,-0.92729201224164792,0.088695201270408974,0.13391873770787832,-0.015651552577101935,0.46930918240077246,-0.97465798553420346,0.41963353634921408,-0.88314116827770728,-0.66186938612650437,-0.444130753979183,-0.18479920070906242
419,0.44771293998212047,-0.99772994835775908,0.78217469933884032,0.56811699955142969,0.24311686504397279,-0.050319966698937346,0.42337332048758691,0.88486682187856713,-0.7400974167726122,-0.92729201224164792,0.088695201270408974,0.13391873770787832,-0.015651552577101935,0.46930918240077246,-0.97465798553420346,0.41963353634921408,-0.88314116827770728,-0.66186938612650437,-0.444130753979183,-0.18479920070906242
420,0.44771293998212047,-0.99772994835775908,0.78217469933884032,0.56811699955142969,0.24311686504397279,-0.050319966698937346,0.42337332048758691,0.88486682187856713,-0.7400974167726122,-0.92729201224164792,0.088695201270408974,0.13391873770787832,-0.015651552577101935,0.46930918240077246,-0.97465798553420346,0.41963353634921408,-0.88314116827770728,-0.66186938612650437,-0.444130753979183,-0.18479920070906242
421,0.44771293998212047,-0.99772994835775908,0.78217469933884032,0.56811699955142969,0.24311686504397279,-0.050319966698937346,0.42337332048758691,0.88486682187856713,-0.7400974167726122,-0.92729201224164792,0.088695201270408974,0.13391873770787832,-0.015651552577101935,0.46930918240077246,-0.97465798553420346,0.41963353634921408,-0.88314116827770728,-0.66186938612650437,-0.444130753979183,-0.18479920070906242
422,0.44771293998212047,-0.99772994835775908,0.78217469933884032,0.56811699955142969,0.24311686504397279,-0.050319966698937346,0.42337332048758691,0.88486682187856713,-0.7400974167726122,-0.92729201224164792,0.088695201270408974,0.13391873770787832,-0.015651552577101935,0.46930918240077246,-0.97465798553420346,0.41963353634921408,-0.88314116827770728,-0.66186938612650437,-0.444130753979183,-0.18479920070906242
423,0.44771293998212047,-0.99772994835775908,0.78217469933884032,0.56811699955142969,0.24311686504397279,-0.050319966698937346,0.42337332048758691,0.88486682187856713,-0.7400974167726122,-0.92729201224164792,0.088695201270408974,0.13391873770787832,-0.015651552577101935,0.46930918240077246,-0.97465798553420346,0.41963353634921408,-0.88314116827770728,-0.66186938612650437,-0.444130753979183,-0.18479920070906242
424,0.44771293998212047,-0.99772994835775908,0.78217469933884032,0.56811699955142969,0.24311686504397279,-0.050319966698937346,0.42337332048758691,0.88486682187856713,-0.7400974167726122,-0.92729201224164792,0.088695201270408974,0.13391873770787832,-0.015651552577101935,0.46930918240077246,-0.97465798553420346,0.41963353634921408,-0.88314116827770728,-0.66186938612650437,-0.444130753979183,-0.18479920070906242
425,0.44771293998212047,-0.99772994835775908,0.78217469933884032,0.56811699955142969,0.24311686504397279,-0.050319966698937346,0.42337332048758691,0.88486682187856713,-0.7400974167726122,-0.92729201224164792,0.088695201270408974,0.13391873770787832,-0.015651552577101935,0.46930918240077246,-0.97465798553420346,0.41963353634921408,-0.88314116827770728,-0.66186938612650437,-0.444130753979183,-0.18479920070906242
426,0.44771293998212047,-0.99772994835775908,0.78217469933884032,0.56811699955142969,0.24311686504397279,-0.050319966698937346,0.42337332048758691,0.88486682187856713,-0.7400974167726122,-0.92729201224164792,0.088695201270408974,0.13391873770787832,-0.015651552577101935,0.46930918240077246,-0.97465798553420346,0.41963353634921408,-0.88314116827770728,-0.66186938612650437,-0.444130753979183,-0.18479920070906242
427,0.44771293998212047,-0.99772994835775908,0.78217469933884032,0.56811699955142969,0.24311686504397279,-0.050319966698937346,0.42337332048758691,0.88486682187856713,-0.7400974167726122,-0.92729201224164792,0.088695201270408974,0.13391873770787832,-0.015651552577101935,0.46930918240077246,-0.97465798553420346,0.41963353634921408,-0.88314116827770728,-0.66186938612650437,-0.444130753979183,-0.18479920070906242
428,0.44771293998212047,-0.99772994835775908,0.78217469933884032,0.56811699955142969,0.24311686504397279,-0.050319966698937346,0.42337332048758691,0.88486682187856713,-0.7400974167726122,-0.92729201224164792,0.088695201270408974,0.13391873770787832,-0.015651552577101935,0.46930918240077246,-0.97465798553420346,0.41963353634921408,-0.88314116827770728,-0.66186938612650437,-0.444130753979183,-0.18479920070906242
429,0.44771293998212047,-0.99772994835775908,0.78217469933884032,0.56811699955142969,0.24311686504397279,-0.050319966698937346,0.42337332048758691,0.88486682187856713,-0.7400974167726122,-0.92729201224164792,0.088695201270408974,0.13391873770787832,-0.015651552577101935,0.46930918240077246,-0.97465798553420346,0.41963353634921408,-0.88314116827770728,-0.66186938612650437,-0.444130753979183,-0.18479920070906242
430,0.44771293998212047,-0.99772994835775908,0.78217469933884032,0.56811699955142969,0.24311686504397279,-0.050319966698937346,0.42337332048758691,0.88486682187856713,-0.7400974167726122,-0.92729201224164792,0.088695201270408974,0.13391873770787832,-0.015651552577101935,0.46930918240077246,-0.97465798553420346,0.41963353634921408,-0.88314116827770728,-0.66186938612650437,-0.444130753979183,-0.18479920070906242
431,0.44771293998212047,-0.99772994835775908,0.78217469933884032,0.56811699955142969,0.24311686504397279,-0.050319966698937346,0.42337332048758691,0.88486682187856713,-0.7400974167726122,-0.92729201224164792,0.088695201270408974,0.13391873770787832,-0.015651552577101935,0.46930918240077246,-0.97465798553420346,0.41963353634921408,-0.88314116827770728,-0.66186938612650437,-0.444130753979183,-0.18479920070906242
432,0.44771293998212047,-0.99772994835775908,0.78217469933884032,0.56811699955142969,0.24311686504397279,-0.050319966698937346,0.42337332048758691,0.88486682187856713,-0.7400974167726122,-0.92729201224164792,0.088695201270408974,0.13391873770787832,-0.015651552577101935,0.46930918240077246,-0.97465798553420346,0.41963353634921408,-0.88314116827770728,-0.66186938612650437,-0.444130753979183,-0.18479920070906242
433,0.44771293998212047,-0.99772994835775908,0.78217469933884032,0.56811699955142969,0.24311686504397279,-0.050319966698937346,0.42337332048758691,0.88486682187856713,-0.7400974167726122,-0.92729201224164792,0.088695201270408974,0.13391873770787832,-0.015651552577101935,0.46930918240077246,-0.97465798553420346,0.41963353634921408,-0.88314116827770728,-0.66186938612650437,-0.444130753979183,-0.18479920070906242
434,0.44771293998212047,-0.99772994835775908,0.78217469933884032,0.56811699955142969,0.24311686504397279,-0.050319966698937346,0.42337332048758691,0.88486682187856713,-0.7400974167726122,-0.92729201224164792,0.088695201270408974,0.13391873770787832,-0.015651552577101935,0.46930918240077246,-0.97465798553420346,0.41963353634921408,-0.88314116827770728,-0.66186938612650437,-0.444130753979183,-0.18479920070906242
435,0.44771293998212047,-0.99772994835775908,0.78217469933884032,0.56811699955142969,0.24311686504397279,-0.050319966698937346,0.42337332048758691,0.88486682187856713,-0.7400974167726122,-0.92729201224164792,0.088695201270408974,0.13391873770787832,-0.015651552577101935,0.46930918240077246,-0.97465798553420346,0.41963353634921408,-0.88314116827770728,-0.66186938612650437,-0.444130753979183,-0.18479920070906242
436,0.44771293998212047,-0.99772994835775908,0.78217469933884032,0.56811699955142969,0.24311686504397279,-0.050319966698937346,0.42337332048758691,0.88486682187856713,-0.7400974167726122,-0.92729201224164792,0.088695201270408974,0.13391873770787832,-0.015651552577101935,0.46930918240077246,-0.97465798553420346,0.41963353634921408,-0.88314116827770728,-0.66186938612650437,-0.444130753979183,-0.18479920070906242
437,0.44771293998212047,-0.99772994835775908,0.78217469933884032,0.56811699955142969,0.24311686504397279,-0.050319966698937346,0.42337332048758691,0.88486682187856713,-0.7400974167726122,-0.92729201224164792,0.088695201270408974,0.13391873770787832,-0.015651552577101935,0.46930918240077246,-0.97465798553420346,0.41963353634921408,-0.88314116827770728,-0.66186938612650437,-0.444130753979183,-0.18479920070906242
438,0.44771293998212047,-0.99772994835775908,0.78217469933884032,0.56811699955142969,0.24311686504397279,-0.050319966698937346,0.42337332048758691,0.88486682187856713,-0.7400974167726122,-0.92729201224164792,0.088695201270408974,0.13391873770787832,-0.015651552577101935,0.46930918240077246,-0.97465798553420346,0.41963353634921408,-0.88314116827770728,-0.66186938612650437,-0.444130753979183,-0.18479920070906242
439,0.44771293998212047,-0.99772994835775908,0.78217469933884032,0.56811699955142969,0.24311686504397279,-0.050319966698937346,0.42337332048758691,0.88486682187856713,-0.7400974167726122,-0.92729201224164792,0.088695201270408974,0.13391873770787832,-0.015651552577101935,0.46930918240077246,-0.97465798553420346,0.41963353634921408,-0.88314116827770728,-0.66186938612650437,-0.444130753979183,-0.18479920070906242
440,0.44771293998212047,-0.99772994835775908,0.78217469933884032,0.56811699955142969,0.24311686504397279,-0.050319966698937346,0.42337332048758691,0.88486682187856713,-0.7400974167726122,-0.92729201224164792,0.088695201270408974,0.13391873770787832,-0.015651552577101935,0.46930918240077246,-0.97465798553420346,0.41963353634921408,-0.88314116827770728,-0.66186938612650437,-0.444130753979183,-0.18479920070906242
441,0.44771293998212047,-0.99772994835775908,0.78217469933884032,0.56811699955142969,0.24311686504397279,-0.050319966698937346,0.42337332048758691,0.88486682187856713,-0.7400974167726122,-0.92729201224164792,0.088695201270408974,0.13391873770787832,-0.015651552577101935,0.46930918240077246,-0.97465798553420346,0.41963353634921408,-0.88314116827770728,-0.66186938612650437,-0.444130753979183,-0.18479920070906242
442,0.44771293998212047,-0.99772994835775908,0.78217469933884032,0.56811699955142969,0.24311686504397279,-0.050319966698937346,0.42337332048758691,0.88486682187856713,-0.7400974167726122,-0.92729201224164792,0.088695201270408974,0.13391873770787832,-0.015651552577101935,0.46930918240077246,-0.97465798553420346,0.41963353634921408,-0.88314116827770728,-0.66186938612650437,-0.444130753979183,-0.18479920070906242
443,0.44771293998212047,-0.99772994835775908,0.78217469933884032,0.56811699955142969,0.24311686504397279,-0.050319966698937346,0.42337332048758691,0.88486682187856713,-0.7400974167726122,-0.92729201224164792,0.088695201270408974,0.13391873770787832,-0.015651552577101935,0.46930918240077246,-0.97465798553420346,0.41963353634921408,-0.88314116827770728,-0.66186938612650437,-0.444130753979183,-0.18479920070906242
444,0.44771293998212047,-0.99772994835775908,0.78217469933884032,0.56811699955142969,0.24311686504397279,-0.050319966698937346,0.42337332048758691,0.88486682187856713,-0.7400974167726122,-0.92729201224164792,0.088695201270408974,0.13391873770787832,-0.015651552577101935,0.46930918240077246,-0.97465798553420346,0.41963353634921408,-0.88314116827770728,-0.66186938612650437,-0.444130753979183,-0.18479920070906242
445,0.44771293998212047,-0.99772994835775908,0.78217469933884032,0.56811699955142969,0.24311686504397279,-0.050319966698937346,0.42337332048758691,0.88486682187856713,-0.7400974167726122,-0.92729201224164792,0.088695201270408974,0.13391873770787832,-0.015651552577101935,0.46930918240077246,-0.97465798553420346,0.41963353634921408,-0.88314116827770728,-0.66186938612650437,-0.444130753979183,-0.18479920070906242
446,0.44771293998212047,-0.99772994835775908,0.78217469933884032,0.56811699955142969,0.24311686504397279,-0.050319966698937346,0.42337332048758691,0.88486682187856713,-0.7400974167726122,-0.92729201224164792,0.088695201270408974,0.13391873770787832,-0.015651552577101935,0.46930918240077246,-0.97465798553420346,0.41963353634921408,-0.88314116827770728,-0.66186938612650437,-0.444130753979183,-0.18479920070906242
447,0.44771293998212047,-0.99772994835775908,0.78217469933884032,0.56811699955142969,0.24311686504397279,-0.050319966698937346,0.42337332048758691,0.88486682187856713,-0.7400974167726122,-0.92729201224164792,0.088695201270408974,0.13391873770787832,-0.015651552577101935,0.46930918240077246,-0.97465798553420346,0.41963353634921408,-0.88314116827770728,-0.66186938612650437,-0.444130753979183,-0.18479920070906242
448,0.44771293998212047,-0.99772994835775908,0.78217469933884032,0.56811699955142969,0.24311686504397279,-0.050319966698937346,0.42337332048758691,0.88486682187856713,-0.7400974167726122,-0.92729201224164792,0.088695201270408974,0.13391873770787832,-0.015651552577101935,0.46930918240077246,-0.97465798553420346,0.41963353634921408,-0.88314116827770728,-0.66186938612650437,-0.444130753979183,-0.18479920070906242
449,0.44771293998212047,-0.99772994835775908,0.78217469933884032,0.56811699955142969,0.24311686504397279,-0.050319966698937346,0.42337332048758691,0.88486682187856713,-0.7400974167726122,-0.92729201224164792,0.088695201270408974,0.13391873770787832,-0.015651552577101935,0.46930918240077246,-0.97465798553420346,0.41963353634921408,-0.88314116827770728,-0.66186938612650437,-0.444130753979183,-0.18479920070906242
450,0.44771293998212047,-0.99772994835775908,0.78217469933884032,0.56811699955142969,0.24311686504397279,-0.050319966698937346,0.42337332048758691,0.88486682187856713,-0.7400974167726122,-0.92729201224164792,0.088695201270408974,0.13391873770787832,-0.015651552577101935,0.46930918240077246,-0.97465798553420346,0.41963353634921408,-0.88314116827770728,-0.66186938612650437,-0.444130753979183,-0.18479920070906242
451,0.44771293998212047,-0.99772994835775908,0.78217469933884032,0.56811699955142969,0.24311686504397279,-0.050319966698937346,0.42337332048758691,0.88486682187856713,-0.7400974167726122,-0.92729201224164792,0.088695201270408974,0.13391873770787832,-0.015651552577101935,0.46930918240077246,-0.97465798553420346,0.41963353634921408,-0.88314116827770728,-0.66186938612650437,-0.444130753979183,-0.18479920070906242
452,0.44771293998212047,-0.99772994835775908,0.78217469933884032,0.56811699955142969,0.24311686504397279,-0.050319966698937346,0.42337332048758691,0.88486682187856713,-0.7400974167726122,-0.92729201224164792,0.088695201270408974,0.13391873770787832,-0.015651552577101935,0.46930918240077246,-0.97465798553420346,0.41963353634921408,-0.88314116827770728,-0.66186938612650437,-0.444130753979183,-0.18479920070906242
453,0.44771293998212047,-0.99772994835775908,0.78217469933884032,0.56811699955142969,0.24311686504397279,-0.050319966698937346,0.42337332048758691,0.88486682187856713,-0.7400974167726122,-0.92729201224164792,0.088695201270408974,0.13391873770787832,-0.015651552577101935,0.46930918240077246,-0.97465798553420346,0.41963353634921408,-0.88314116827770728,-0.66186938612650437,-0.444130753979183,-0.18479920070906242
454,0.44771293998212047,-0.99772994835775908,0.78217469933884032,0.56811699955142969,0.24311686504397279,-0.050319966698937346,0.42337332048758691,0.88486682187856713,-0.7400974167726122,-0.92729201224164792,0.088695201270408974,0.13391873770787832,-0.015651552577101935,0.46930918240077246,-0.97465798553420346,0.41963353634921408,-0.88314116827770728,-0.66186938612650437,-0.444130753979183,-0.18479920070906242
455,0.44771293998212047,-0.99772994835775908,0.78217469933884032,0.56811699955142969,0.24311686504397279,-0.050319966698937346,0.42337332048758691,0.88486682187856713,-0.7400974167726122,-0.92729201224164792,0.088695201270408974,0.13391873770787832,-0.015651552577101935,0.46930918240077246,-0.97465798553420346,0.41963353634921408,-0.88314116827770728,-0.66186938612650437,-0.444130753979183,-0.18479920070906242
456,0.44771293998212047,-0.99772994835775908,0.78217469933884032,0.56811699955142969,0.24311686504397279,-0.050319966698937346,0.42337332048758691,0.88486682187856713,-0.7400974167726122,-0.92729201224164792,0.088695201270408974,0.13391873770787832,-0.015651552577101935,0.46930918240077246,-0.97465798553420346,0.41963353634921408,-0.88314116827770728,-0.66186938612650437,-0.444130753979183,-0.18479920070906242
457,0.44771293998212047,-0.99772994835775908,0.78217469933884032,0.56811699955142969,0.24311686504397279,-0.050319966698937346,0.42337332048758691,0.88486682187856713,-0.7400974167726122,-0.92729201224164792,0.088695201270408974,0.13391873770787832,-0.015651552577101935,0.46930918240077246,-0.97465798553420346,0.41963353634921408,-0.88314116827770728,-0.66186938612650437,-0.444130753979183,-0.18479920070906242
458,0.44771293998212047,-0.99772994835775908,0.78217469933884032,0.56811699955142969,0.24311686504397279,-0.050319966698937346,0.42337332048758691,0.88486682187856713,-0.7400974167726122,-0.92729201224164792,0.088695201270408974,0.13391873770787832,-0.015651552577101935,0.46930918240077246,-0.97465798553420346,0.41963353634921408,-0.88314116827770728,-0.66186938612650437,-0.444130753979183,-0.18479920070906242
459,0.44771293998212047,-0.99772994835775908,0.78217469933884032,0.56811699955142969,0.24311686504397279,-0.050319966698937346,0.42337332048758691,0.88486682187856713,-0.7400974167726122,-0.92729201224164792,0.088695201270408974,0.13391873770787832,-0.015651552577101935,0.46930918240077246,-0.97465798553420346,0.41963353634921408,-0.88314116827770728,-0.66186938612650437,-0.444130753979183,-0.18479920070906242
460,0.44771293998212047,-0.99772994835775908,0.78217469933884032,0.56811699955142969,0.24311686504397279,-0.050319966698937346,0.42337332048758691,0.88486682187856713,-0.7400974167726122,-0.92729201224164792,0.088695201270408974,0.13391873770787832,-0.015651552577101935,0.46930918240077246,-0.97465798553420346,0.41963353634921408,-0.88314116827770728,-0.66186938612650437,-0.444130753979183,-0.18479920070906242
461,0.44771293998212047,-0.99772994835775908,0.78217469933884032,0.56811699955142969,0.24311686504397279,-0.050319966698937346,0.42337332048758691,0.88486682187856713,-0.7400974167726122,-0.92729201224164792,0.088695201270408974,0.13391873770787832,-0.015651552577101935,0.46930918240077246,-0.97465798553420346,0.41963353634921408,-0.88314116827770728,-0.66186938612650437,-0.444130753979183,-0.18479920070906242
462,0.44771293998212047,-0.99772994835775908,0.78217469933884032,0.56811699955142969,0.24311686504397279,-0.050319966698937346,0.42337332048758691,0.88486682187856713,-0.7400974167726122,-0.92729201224164792,0.088695201270408974,0.13391873770787832,-0.015651552577101935,0.46930918240077246,-0.97465798553420346,0.41963353634921408,-0.88314116827770728,-0.66186938612650437,-0.444130753979183,-0.18479920070906242
463,0.44771293998212047,-0.99772994835775908,0.78217469933884032,0.56811699955142969,0.24311686504397279,-0.050319966698937346,0.42337332048758691,0.88486682187856713,-0.7400974167726122,-0.92729201224164792,0.088695201270408974,0.13391873770787832,-0.015651552577101935,0.46930918240077246,-0.97465798553420346,0.41963353634921408,-0.88314116827770728,-0.66186938612650437,-0.444130753979183,-0.18479920070906242
464,0.44771293998212047,-0.99772994835775908,0.78217469933884032,0.56811699955142969,0.24311686504397279,-0.050319966698937346,0.42337332048758691,0.88486682187856713,-0.7400974167726122,-0.92729201224164792,0.088695201270408974,0.13391873770787832,-0.015651552577101935,0.46930918240077246,-0.97465798553420346,0.41963353634921408,-0.88314116827770728,-0.66186938612650437,-0.444130753979183,-0.18479920070906242
465,0.44771293998212047,-0.99772994835775908,0.78217469933884032,0.56811699955142969,0.24311686504397279,-0.050319966698937346,0.42337332048758691,0.88486682187856713,-0.7400974167726122,-0.92729201224164792,0.088695201270408974,0.13391873770787832,-0.015651552577101935,0.46930918240077246,-0.97465798553420346,0.41963353634921408,-0.88314116827770728,-0.66186938612650437,-0.444130753979183,-0.18479920070906242
466,0.44771293998212047,-0.99772994835775908,0.78217469933884032,0.56811699955142969,0.24311686504397279,-0.050319966698937346,0.42337332048758691,0.88486682187856713,-0.7400974167726122,-0.92729201224164792,0.088695201270408974,0.13391873770787832,-0.015651552577101935,0.46930918240077246,-0.97465798553420346,0.41963353634921408,-0.88314116827770728,-0.66186938612650437,-0.444130753979183,-0.18479920070906242
467,0.44771293998212047,-0.99772994835775908,0.78217469933884032,0.56811699955142969,0.24311686504397279,-0.050319966698937346,0.42337332048758691,0.88486682187856713,-0.7400974167726122,-0.92729201224164792,0.088695201270408974,0.13391873770787832,-0.015651552577101935,0.46930918240077246,-0.97465798553420346,0.41963353634921408,-0.88314116827770728,-0.66186938612650437,-0.444130753979183,-0.18479920070906242
468,0.44771293998212047,-0.99772994835775908,0.78217469933884032,0.56811699955142969,0.24311686504397279,-0.050319966698937346,0.42337332048758691,0.88486682187856713,-0.7400974167726122,-0.92729201224164792,0.088695201270408974,0.13391873770787832,-0.015651552577101935,0.46930918240077246,-0.97465798553420346,0.41963353634921408,-0.88314116827770728,-0.66186938612650437,-0.444130753979183,-0.18479920070906242
469,0.44771293998212047,-0.99772994835775908,0.78217469933884032,0.56811699955142969,0.24311686504397279,-0.050319966698937346,0.42337332048758691,0.88486682187856713,-0.7400974167726122,-0.92729201224164792,0.088695201270408974,0.13391873770787832,-0.015651552577101935,0.46930918240077246,-0.97465798553420346,0.41963353634921408,-0.88314116827770728,-0.66186938612650437,-0.444130753979183,-0.18479920070906242
470,0.44771293998212047,-0.99772994835775908,0.78217469933884032,0.56811699955142969,0.24311686504397279,-0.050319966698937346,0.42337332048758691,0.88486682187856713,-0.7400974167726122,-0.92729201224164792,0.088695201270408974,0.13391873770787832,-0.015651552577101935,0.46930918240077246,-0.97465798553420346,0.41963353634921408,-0.88314116827770728,-0.66186938612650437,-0.444130753979183,-0.18479920070906242
471,0.44771293998212047,-0.99772994835775908,0.78217469933884032,0.56811699955142969,0.24311686504397279,-0.050319966698937346,0.42337332048758691,0.88486682187856713,-0.7400974167726122,-0.92729201224164792,0.088695201270408974,0.13391873770787832,-0.015651552577101935,0.46930918240077246,-0.97465798553420346,0.41963353634921408,-0.88314116827770728,-0.66186938612650437,-0.444130753979183,-0.18479920070906242
472,0.44771293998212047,-0.99772994835775908,0.78217469933884032,0.56811699955142969,0.24311686504397279,-0.050319966698937346,0.42337332048758691,0.88486682187856713,-0.7400974167726122,-0.92729201224164792,0.088695201270408974,0.13391873770787832,-0.015651552577101935,0.46930918240077246,-0.97465798553420346,0.41963353634921408,-0.88314116827770728,-0.66186938612650437,-0.444130753979183,-0.18479920070906242
473,0.44771293998212047,-0.99772994835775908,0.78217469933884032,0.56811699955142969,0.24311686504397279,-0.050319966698937346,0.42337332048758691,0.88486682187856713,-0.7400974167726122,-0.92729201224164792,0.088695201270408974,0.13391873770787832,-0.015651552577101935,0.46930918240077246,-0.97465798553420346,0.41963353634921408,-0.88314116827770728,-0.66186938612650437,-0.444130753979183,-0.18479920070906242
474,0.44771293998212047,-0.99772994835775908,0.78217469933884032,0.56811699955142969,0.24311686504397279,-0.050319966698937346,0.42337332048758691,0.88486682187856713,-0.7400974167726122,-0.92729201224164792,0.088695201270408974,0.13391873770787832,-0.015651552577101935,0.46930918240077246,-0.97465798553420346,0.41963353634921408,-0.88314116827770728,-0.66186938612650437,-0.444130753979183,-0.18479920070906242
475,0.44771293998212047,-0.99772994835775908,0.78217469933884032,0.56811699955142969,0.24311686504397279,-0.050319966698937346,0.42337332048758691,0.88486682187856713,-0.7400974167726122,-0.92729201224164792,0.088695201270408974,0.13391873770787832,-0.015651552577101935,0.46930918240077246,-0.97465798553420346,0.41963353634921408,-0.88314116827770728,-0.66186938612650437,-0.444130753979183,-0.18479920070906242
476,0.44771293998212047,-0.99772994835775908,0.78217469933884032,0.56811699955142969,0.24311686504397279,-0.050319966698937346,0.42337332048758691,0.88486682187856713,-0.7400974167726122,-0.92729201224164792,0.088695201270408974,0.13391873770787832,-0.015651552577101935,0.46930918240077246,-0.97465798553420346,0.41963353634921408,-0.88314116827770728,-0.66186938612650437,-0.444130753979183,-0.18479920070906242
477,0.44771293998212047,-0.99772994835775908,0.78217469933884032,0.56811699955142969,0.24311686504397279,-0.050319966698937346,0.42337332048758691,0.88486682187856713,-0.7400974167726122,-0.92729201224164792,0.088695201270408974,0.13391873770787832,-0.015651552577101935,0.46930918240077246,-0.97465798553420346,0.41963353634921408,-0.88314116827770728,-0.66186938612650437,-0.444130753979183,-0.18479920070906242
478,0.44771293998212047,-0.99772994835775908,0.78217469933884032,0.56811699955142969,0.24311686504397279,-0.050319966698937346,0.42337332048758691,0.88486682187856713,-0.7400974167726122,-0.92729201224164792,0.088695201270408974,0.13391873770787832,-0.015651552577101935,0.46930918240077246,-0.97465798553420346,0.41963353634921408,-0.88314116827770728,-0.66186938612650437,-0.444130753979183,-0.18479920070906242
479,0.44771293998212047,-0.99772994835775908,0.78217469933884032,0.56811699955142969,0.24311686504397279,-0.050319966698937346,0.42337332048758691,0.88486682187856713,-0.7400974167726122,-0.92729201224164792,0.088695201270408974,0.13391873770787832,-0.015651552577101935,0.46930918240077246,-0.97465798553420346,0.41963353634921408,-0.88314116827770728,-0.66186938612650437,-0.444130753979183,-0.18479920070906242
480,0.44771293998212047,-0.99772994835775908,0.78217469933884032,0.56811699955142969,0.24311686504397279,-0.050319966698937346,0.42337332048758691,0.88486682187856713,-0.7400974167726122,-0.92729201224164792,0.088695201270408974,0.13391873770787832,-0.015651552577101935,0.46930918240077246,-0.97465798553420346,0.41963353634921408,-0.88314116827770728,-0.66186938612650437,-0.444130753979183,-0.18479920070906242
481,0.44771293998212047,-0.99772994835775908,0.78217469933884032,0.56811699955142969,0.24311686504397279,-0.050319966698937346,0.42337332048758691,0.88486682187856713,-0.7400974167726122,-0.92729201224164792,0.088695201270408974,0.13391873770787832,-0.015651552577101935,0.46930918240077246,-0.97465798553420346,0.41963353634921408,-0.88314116827770728,-0.66186938612650437,-0.444130753979183,-0.18479920070906242
482,0.44771293998212047,-0.99772994835775908,0.78217469933884032,0.56811699955142969,0.24311686504397279,-0.050319966698937346,0.42337332048758691,0.88486682187856713,-0.7400974167726122,-0.92729201224164792,0.088695201270408974,0.13391873770787832,-0.015651552577101935,0.46930918240077246,-0.97465798553420346,0.41963353634921408,-0.88314116827770728,-0.66186938612650437,-0.444130753979183,-0.18479920070906242
483,0.44771293998212047,-0.99772994835775908,0.78217469933884032,0.56811699955142969,0.24311686504397279,-0.050319966698937346,0.42337332048758691,0.88486682187856713,-0.7400974167726122,-0.92729201224164792,0.088695201270408974,0.13391873770787832,-0.015651552577101935,0.46930918240077246,-0.97465798553420346,0.41963353634921408,-0.88314116827770728,-0.66186938612650437,-0.444130753979183,-0.18479920070906242
484,0.44771293998212047,-0.99772994835775908,0.78217469933884032,0.56811699955142969,0.24311686504397279,-0.050319966698937346,0.42337332048758691,0.88486682187856713,-0.7400974167726122,-0.92729201224164792,0.088695201270408974,0.13391873770787832,-0.015651552577101935,0.46930918240077246,-0.97465798553420346,0.41963353634921408,-0.88314116827770728,-0.66186938612650437,-0.444130753979183,-0.18479920070906242
485,0.44771293998212047,-0.99772994835775908,0.78217469933884032,0.56811699955142969,0.24311686504397279,-0.050319966698937346,0.42337332048758691,0.88486682187856713,-0.7400974167726122,-0.92729201224164792,0.088695201270408974,0.13391873770787832,-0.015651552577101935,0.46930918240077246,-0.97465798553420346,0.41963353634921408,-0.88314116827770728,-0.66186938612650437,-0.444130753979183,-0.18479920070906242
486,0.44771293998212047,-0.99772994835775908,0.78217469933884032,0.56811699955142969,0.24311686504397279,-0.050319966698937346,0.42337332048758691,0.88486682187856713,-0.7400974167726122,-0.92729201224164792,0.088695201270408974,0.13391873770787832,-0.015651552577101935,0.46930918240077246,-0.97465798553420346,0.41963353634921408,-0.88314116827770728,-0.66186938612650437,-0.444130753979183,-0.18479920070906242
487,0.44771293998212047,-0.99772994835775908,0.78217469933884032,0.56811699955142969,0.24311686504397279,-0.050319966698937346,0.42337332048758691,0.88486682187856713,-0.7400974167726122,-0.92729201224164792,0.088695201270408974,0.13391873770787832,-0.015651552577101935,0.46930918240077246,-0.97465798553420346,0.41963353634921408,-0.88314116827770728,-0.66186938612650437,-0.444130753979183,-0.18479920070906242
488,0.44771293998212047,-0.99772994835775908,0.78217469933884032,0.56811699955142969,0.24311686504397279,-0.050319966698937346,0.42337332048758691,0.88486682187856713,-0.7400974167726122,-0.92729201224164792,0.088695201270408974,0.13391873770787832,-0.015651552577101935,0.46930918240077246,-0.97465798553420346,0.41963353634921408,-0.88314116827770728,-0.66186938612650437,-0.444130753979183,-0.18479920070906242
489,0.44771293998212047,-0.99772994835775908,0.78217469933884032,0.56811699955142969,0.24311686504397279,-0.050319966698937346,0.42337332048758691,0.88486682187856713,-0.7400974167726122,-0.92729201224164792,0.088695201270408974,0.13391873770787832,-0.015651552577101935,0.46930918240077246,-0.97465798553420346,0.41963353634921408,-0.88314116827770728,-0.66186938612650437,-0.444130753979183,-0.18479920070906242
490,0.44771293998212047,-0.99772994835775908,0.78217469933884032,0.56811699955142969,0.24311686504397279,-0.050319966698937346,0.42337332048758691,0.88486682187856713,-0.7400974167726122,-0.92729201224164792,0.088695201270408974,0.13391873770787832,-0.015651552577101935,0.46930918240077246,-0.97465798553420346,0.41963353634921408,-0.88314116827770728,-0.66186938612650437,-0.444130753979183,-0.18479920070906242
491,0.44771293998212047,-0.99772994835775908,0.78217469933884032,0.56811699955142969,0.24311686504397279,-0.050319966698937346,0.42337332048758691,0.88486682187856713,-0.7400974167726122,-0.92729201224164792,0.088695201270408974,0.13391873770787832,-0.015651552577101935,0.46930918240077246,-0.97465798553420346,0.41963353634921408,-0.88314116827770728,-0.66186938612650437,-0.444130753979183,-0.18479920070906242
492,0.44771293998212047,-0.99772994835775908,0.78217469933884032,0.56811699955142969,0.24311686504397279,-0.050319966698937346,0.42337332048758691,0.88486682187856713,-0.7400974167726122,-0.92729201224164792,0.088695201270408974,0.13391873770787832,-0.015651552577101935,0.46930918240077246,-0.97465798553420346,0.41963353634921408,-0.88314116827770728,-0.66186938612650437,-0.444130753979183,-0.18479920070906242
493,0.44771293998212047,-0.99772994835775908,0.78217469933884032,0.56811699955142969,0.24311686504397279,-0.050319966698937346,0.42337332048758691,0.88486682187856713,-0.7400974167726122,-0.92729201224164792,0.088695201270408974,0.13391873770787832,-0.015651552577101935,0.46930918240077246,-0.97465798553420346,0.41963353634921408,-0.88314116827770728,-0.66186938612650437,-0.444130753979183,-0.18479920070906242
494,0.44771293998212047,-0.99772994835775908,0.78217469933884032,0.56811699955142969,0.24311686504397279,-0.050319966698937346,0.42337332048758691,0.88486682187856713,-0.7400974167726122,-0.92729201224164792,0.088695201270408974,0.13391873770787832,-0.015651552577101935,0.46930918240077246,-0.97465798553420346,0.41963353634921408,-0.88314116827770728,-0.66186938612650437,-0.444130753979183,-0.18479920070906242
495,0.44771293998212047,-0.99772994835775908,0.78217469933884032,0.56811699955142969,0.24311686504397279,-0.050319966698937346,0.42337332048758691,0.88486682187856713,-0.7400974167726122,-0.92729201224164792,0.088695201270408974,0.13391873770787832,-0.015651552577101935,0.46930918240077246,-0.97465798553420346,0.41963353634921408,-0.88314116827770728,-0.66186938612650437,-0.444130753979183,-0.18479920070906242
496,0.44771293998212047,-0.99772994835775908,0.78217469933884032,0.56811699955142969,0.24311686504397279,-0.050319966698937346,0.42337332048758691,0.88486682187856713,-0.7400974167726122,-0.92729201224164792,0.088695201270408974,0.13391873770787832,-0.015651552577101935,0.46930918240077246,-0.97465798553420346,0.41963353634921408,-0.88314116827770728,-0.66186938612650437,-0.444130753979183,-0.18479920070906242
497,0.44771293998212047,-0.99772994835775908,0.78217469933884032,0.56811699955142969,0.24311686504397279,-0.050319966698937346,0.42337332048758691,0.88486682187856713,-0.7400974167726122,-0.92729201224164792,0.088695201270408974,0.13391873770787832,-0.015651552577101935,0.46930918240077246,-0.97465798553420346,0.41963353634921408,-0.88314116827770728,-0.66186938612650437,-0.444130753979183,-0.18479920070906242
498,0.44771293998212047,-0.99772994835775908,0.78217469933884032,0.56811699955142969,0.24311686504397279,-0.050319966698937346,0.42337332048758691,0.88486682187856713,-0.7400974167726122,-0.92729201224164792,0.088695201270408974,0.13391873770787832,-0.015651552577101935,0.46930918240077246,-0.97465798553420346,0.41963353634921408,-0.88314116827770728,-0.66186938612650437,-0.444130753979183,-0.18479920070906242
499,0.44771293998212047,-0.99772994835775908,0.78217469933884032,0.56811699955142969,0.24311686504397279,-0.050319966698937346,0.42337332048758691,0.88486682187856713,-0.7400974167726122,-0.92729201224164792,0.088695201270408974,0.13391873770787832,-0.015651552577101935,0.46930918240077246,-0.97465798553420346,0.41963353634921408,-0.88314116827770728,-0.66186938612650437,-0.444130753979183,-0.18479920070906242
500,0.44771293998212047,-0.99772994835775908,0.78217469933884032,0.56811699955142969,0.24311686504397279,-0.050319966698937346,0.42337332048758691,0.88486682187856713,-0.7400974167726122,-0.92729201224164792,0.088695201270408974,0.13391873770787832,-0.015651552577101935,0.46930918240077246,-0.97465798553420346,0.41963353634921408,-0.88314116827770728,-0.66186938612650437,-0.444130753979183,-0.18479920070906242
501,0.44771293998212047,-0.99772994835775908,0.78217469933884032,0.56811699955142969,0.24311686504397279,-0.050319966698937346,0.42337332048758691,0.88486682187856713,-0.7400974167726122,-0.92729201224164792,0.088695201270408974,0.13391873770787832,-0.015651552577101935,0.46930918240077246,-0.97465798553420346,0.41963353634921408,-0.88314116827770728,-0.66186938612650437,-0.444130753979183,-0.18479920070906242
502,0.44771293998212047,-0.99772994835775908,0.78217469933884032,0.56811699955142969,0.24311686504397279,-0.050319966698937346,0.42337332048758691,0.88486682187856713,-0.7400974167726122,-0.92729201224164792,0.088695201270408974,0.13391873770787832,-0.015651552577101935,0.46930918240077246,-0.97465798553420346,0.41963353634921408,-0.88314116827770728,-0.66186938612650437,-0.444130753979183,-0.18479920070906242
503,0.44771293998212047,-0.99772994835775908,0.78217469933884032,0.56811699955142969,0.24311686504397279,-0.050319966698937346,0.42337332048758691,0.88486682187856713,-0.7400974167726122,-0.92729201224164792,0.088695201270408974,0.13391873770787832,-0.015651552577101935,0.46930918240077246,-0.97465798553420346,0.41963353634921408,-0.88314116827770728,-0.66186938612650437,-0.444130753979183,-0.18479920070906242
504,0.44771293998212047,-0.99772994835775908,0.78217469933884032,0.56811699955142969,0.24311686504397279,-0.050319966698937346,0.42337332048758691,0.88486682187856713,-0.7400974167726122,-0.92729201224164792,0.088695201270408974,0.13391873770787832,-0.015651552577101935,0.46930918240077246,-0.97465798553420346,0.41963353634921408,-0.88314116827770728,-0.66186938612650437,-0.444130753979183,-0.18479920070906242
505,0.44771293998212047,-0.99772994835775908,0.78217469933884032,0.56811699955142969,0.24311686504397279,-0.050319966698937346,0.42337332048758691,0.88486682187856713,-0.7400974167726122,-0.92729201224164792,0.088695201270408974,0.13391873770787832,-0.015651552577101935,0.46930918240077246,-0.97465798553420346,0.41963353634921408,-0.88314116827770728,-0.66186938612650437,-0.444130753979183,-0.18479920070906242
506,0.44771293998212047,-0.99772994835775908,0.78217469933884032,0.56811699955142969,0.24311686504397279,-0.050319966698937346,0.42337332048758691,0.88486682187856713,-0.7400974167726122,-0.92729201224164792,0.088695201270408974,0.13391873770787832,-0.015651552577101935,0.46930918240077246,-0.97465798553420346,0.41963353634921408,-0.88314116827770728,-0.66186938612650437,-0.444130753979183,-0.18479920070906242
507,0.44771293998212047,-0.99772994835775908,0.78217469933884032,0.56811699955142969,0.24311686504397279,-0.050319966698937346,0.42337332048758691,0.88486682187856713,-0.7400974167726122,-0.92729201224164792,0.088695201270408974,0.13391873770787832,-0.015651552577101935,0.46930918240077246,-0.97465798553420346,0.41963353634921408,-0.88314116827770728,-0.66186938612650437,-0.444130753979183,-0.18479920070906242
508,0.44771293998212047,-0.99772994835775908,0.78217469933884032,0.56811699955142969,0.24311686504397279,-0.050319966698937346,0.42337332048758691,0.88486682187856713,-0.7400974167726122,-0.92729201224164792,0.088695201270408974,0.13391873770787832,-0.015651552577101935,0.46930918240077246,-0.97465798553420346,0.41963353634921408,-0.88314116827770728,-0.66186938612650437,-0.444130753979183,-0.18479920070906242
509,0.44771293998212047,-0.99772994835775908,0.78217469933884032,0.56811699955142969,0.24311686504397279,-0.050319966698937346,0.42337332048758691,0.88486682187856713,-0.7400974167726122,-0.92729201224164792,0.088695201270408974,0.13391873770787832,-0.015651552577101935,0.46930918240077246,-0.97465798553420346,0.41963353634921408,-0.88314116827770728,-0.66186938612650437,-0.444130753979183,-0.18479920070906242
510,0.44771293998212047,-0.99772994835775908,0.78217469933884032,0.56811699955142969,0.24311686504397279,-0.050319966698937346,0.42337332048758691,0.88486682187856713,-0.7400974167726122,-0.92729201224164792,0.088695201270408974,0.13391873770787832,-0.015651552577101935,0.46930918240077246,-0.97465798553420346,0.41963353634921408,-0.88314116827770728,-0.66186938612650437,-0.444130753979183,-0.18479920070906242
511,0.44771293998212047,-0.99772994835775908,0.78217469933884032,0.56811699955142969,0.24311686504397279,-0.050319966698937346,0.42337332048758691,0.88486682187856713,-0.7400974167726122,-0.92729201224164792,0.088695201270408974,0.13391873770787832,-0.015651552577101935,0.46930918240077246,-0.97465798553420346,0.41963353634921408,-0.88314116827770728,-0.66186938612650437,-0.444130753979183,-0.18479920070906242
512,0.44771293998212047,-0.99772994835775908,0.78217469933884032,0.56811699955142969,0.24311686504397279,-0.050319966698937346,0.42337332048758691,0.88486682187856713,-0.7400974167726122,-0.92729201224164792,0.088695201270408974,0.13391873770787832,-0.015651552577101935,0.46930918240077246,-0.97465798553420346,0.41963353634921408,-0.88314116827770728,-0.66186938612650437,-0.444130753979183,-0.18479920070906242
513,0.44771293998212047,-0.99772994835775908,0.78217469933884032,0.56811699955142969,0.24311686504397279,-0.050319966698937346,0.42337332048758691,0.88486682187856713,-0.7400974167726122,-0.92729201224164792,0.088695201270408974,0.13391873770787832,-0.015651552577101935,0.46930918240077246,-0.97465798553420346,0.41963353634921408,-0.88314116827770728,-0.66186938612650437,-0.444130753979183,-0.18479920070906242
514,0.44771293998212047,-0.99772994835775908,0.78217469933884032,0.56811699955142969,0.24311686504397279,-0.050319966698937346,0.42337332048758691,0.88486682187856713,-0.7400974167726122,-0.92729201224164792,0.088695201270408974,0.13391873770787832,-0.015651552577101935,0.46930918240077246,-0.97465798553420346,0.41963353634921408,-0.88314116827770728,-0.66186938612650437,-0.444130753979183,-0.18479920070906242
515,0.44771293998212047,-0.99772994835775908,0.78217469933884032,0.56811699955142969,0.24311686504397279,-0.050319966698937346,0.42337332048758691,0.88486682187856713,-0.7400974167726122,-0.92729201224164792,0.088695201270408974,0.13391873770787832,-0.015651552577101935,0.46930918240077246,-0.97465798553420346,0.41963353634921408,-0.88314116827770728,-0.66186938612650437,-0.444130753979183,-0.18479920070906242
516,0.44771293998212047,-0.99772994835775908,0.78217469933884032,0.56811699955142969,0.24311686504397279,-0.050319966698937346,0.42337332048758691,0.88486682187856713,-0.7400974167726122,-0.92729201224164792,0.088695201270408974,0.13391873770787832,-0.015651552577101935,0.46930918240077246,-0.97465798553420346,0.41963353634921408,-0.88314116827770728,-0.66186938612650437,-0.444130753979183,-0.18479920070906242
517,0.44771293998212047,-0.99772994835775908,0.78217469933884032,0.56811699955142969,0.24311686504397279,-0.050319966698937346,0.42337332048758691,0.88486682187856713,-0.7400974167726122,-0.92729201224164792,0.088695201270408974,0.13391873770787832,-0.015651552577101935,0.46930918240077246,-0.97465798553420346,0.41963353634921408,-0.88314116827770728,-0.66186938612650437,-0.444130753979183,-0.18479920070906242
518,0.44771293998212047,-0.99772994835775908,0.78217469933884032,0.56811699955142969,0.24311686504397279,-0.050319966698937346,0.42337332048758691,0.88486682187856713,-0.7400974167726122,-0.92729201224164792,0.088695201270408974,0.13391873770787832,-0.015651552577101935,0.46930918240077246,-0.97465798553420346,0.41963353634921408,-0.88314116827770728,-0.66186938612650437,-0.444130753979183,-0.18479920070906242
519,0.44771293998212047,-0.99772994835775908,0.78217469933884032,0.56811699955142969,0.24311686504397279,-0.050319966698937346,0.42337332048758691,0.88486682187856713,-0.7400974167726122,-0.92729201224164792,0.088695201270408974,0.13391873770787832,-0.015651552577101935,0.46930918240077246,-0.97465798553420346,0.41963353634921408,-0.88314116827770728,-0.66186938612650437,-0.444130753979183,-0.18479920070906242
520,0.44771293998212047,-0.99772994835775908,0.78217469933884032,0.56811699955142969,0.24311686504397279,-0.050319966698937346,0.42337332048758691,0.88486682187856713,-0.7400974167726122,-0.92729201224164792,0.088695201270408974,0.13391873770787832,-0.015651552577101935,0.46930918240077246,-0.97465798553420346,0.41963353634921408,-0.88314116827770728,-0.66186938612650437,-0.444130753979183,-0.18479920070906242
521,0.44771293998212047,-0.99772994835775908,0.78217469933884032,0.56811699955142969,0.24311686504397279,-0.050319966698937346,0.42337332048758691,0.88486682187856713,-0.7400974167726122,-0.92729201224164792,0.088695201270408974,0.13391873770787832,-0.015651552577101935,0.46930918240077246,-0.97465798553420346,0.41963353634921408,-0.88314116827770728,-0.66186938612650437,-0.444130753979183,-0.18479920070906242
522,0.44771293998212047,-0.99772994835775908,0.78217469933884032,0.56811699955142969,0.24311686504397279,-0.050319966698937346,0.42337332048758691,0.88486682187856713,-0.7400974167726122,-0.92729201224164792,0.088695201270408974,0.13391873770787832,-0.015651552577101935,0.46930918240077246,-0.97465798553420346,0.41963353634921408,-0.88314116827770728,-0.66186938612650437,-0.444130753979183,-0.18479920070906242
523,0.44771293998212047,-0.99772994835775908,0.78217469933884032,0.56811699955142969,0.24311686504397279,-0.050319966698937346,0.42337332048758691,0.88486682187856713,-0.7400974167726122,-0.92729201224164792,0.088695201270408974,0.13391873770787832,-0.015651552577101935,0.46930918240077246,-0.97465798553420346,0.41963353634921408,-0.88314116827770728,-0.66186938612650437,-0.444130753979183,-0.18479920070906242
524,0.44771293998212047,-0.99772994835775908,0.78217469933884032,0.56811699955142969,0.24311686504397279,-0.050319966698937346,0.42337332048758691,0.88486682187856713,-0.7400974167726122,-0.92729201224164792,0.088695201270408974,0.13391873770787832,-0.015651552577101935,0.46930918240077246,-0.97465798553420346,0.41963353634921408,-0.88314116827770728,-0.66186938612650437,-0.444130753979183,-0.18479920070906242
525,0.44771293998212047,-0.99772994835775908,0.78217469933884032,0.56811699955142969,0.24311686504397279,-0.050319966698937346,0.42337332048758691,0.88486682187856713,-0.7400974167726122,-0.92729201224164792,0.088695201270408974,0.13391873770787832,-0.015651552577101935,0.46930918240077246,-0.97465798553420346,0.41963353634921408,-0.88314116827770728,-0.66186938612650437,-0.444130753979183,-0.18479920070906242
526,0.44771293998212047,-0.99772994835775908,0.78217469933884032,0.56811699955142969,0.24311686504397279,-0.050319966698937346,0.42337332048758691,0.88486682187856713,-0.7400974167726122,-0.92729201224164792,0.088695201270408974,0.13391873770787832,-0.015651552577101935,0.46930918240077246,-0.97465798553420346,0.41963353634921408,-0.88314116827770728,-0.66186938612650437,-0.444130753979183,-0.18479920070906242
527,0.44771293998212047,-0.99772994835775908,0.78217469933884032,0.56811699955142969,0.24311686504397279,-0.050319966698937346,0.42337332048758691,0.88486682187856713,-0.7400974167726122,-0.92729201224164792,0.088695201270408974,0.13391873770787832,-0.015651552577101935,0.46930918240077246,-0.97465798553420346,0.41963353634921408,-0.88314116827770728,-0.66186938612650437,-0.444130753979183,-0.18479920070906242
528,0.44771293998212047,-0.99772994835775908,0.78217469933884032,0.56811699955142969,0.24311686504397279,-0.050319966698937346,0.42337332048758691,0.88486682187856713,-0.7400974167726122,-0.92729201224164792,0.088695201270408974,0.13391873770787832,-0.015651552577101935,0.46930918240077246,-0.97465798553420346,0.41963353634921408,-0.88314116827770728,-0.66186938612650437,-0.444130753979183,-0.18479920070906242
529,0.44771293998212047,-0.99772994835775908,0.78217469933884032,0.56811699955142969,0.24311686504397279,-0.050319966698937346,0.42337332048758691,0.88486682187856713,-0.7400974167726122,-0.92729201224164792,0.088695201270408974,0.13391873770787832,-0.015651552577101935,0.46930918240077246,-0.97465798553420346,0.41963353634921408,-0.88314116827770728,-0.66186938612650437,-0.444130753979183,-0.18479920070906242
530,0.44771293998212047,-0.99772994835775908,0.78217469933884032,0.56811699955142969,0.24311686504397279,-0.050319966698937346,0.42337332048758691,0.88486682187856713,-0.7400974167726122,-0.92729201224164792,0.088695201270408974,0.13391873770787832,-0.015651552577101935,0.46930918240077246,-0.97465798553420346,0.41963353634921408,-0.88314116827770728,-0.66186938612650437,-0.444130753979183,-0.18479920070906242
531,0.44771293998212047,-0.99772994835775908,0.78217469933884032,0.56811699955142969,0.24311686504397279,-0.050319966698937346,0.42337332048758691,0.88486682187856713,-0.7400974167726122,-0.92729201224164792,0.088695201270408974,0.13391873770787832,-0.015651552577101935,0.46930918240077246,-0.97465798553420346,0.41963353634921408,-0.88314116827770728,-0.66186938612650437,-0.444130753979183,-0.18479920070906242
532,0.44771293998212047,-0.99772994835775908,0.78217469933884032,0.56811699955142969,0.24311686504397279,-0.050319966698937346,0.42337332048758691,0.88486682187856713,-0.7400974167726122,-0.92729201224164792,0.088695201270408974,0.13391873770787832,-0.015651552577101935,0.46930918240077246,-0.97465798553420346,0.41963353634921408,-0.88314116827770728,-0.66186938612650437,-0.444130753979183,-0.18479920070906242
533,0.44771293998212047,-0.99772994835775908,0.78217469933884032,0.56811699955142969,0.24311686504397279,-0.050319966698937346,0.42337332048758691,0.88486682187856713,-0.7400974167726122,-0.92729201224164792,0.088695201270408974,0.13391873770787832,-0.015651552577101935,0.46930918240077246,-0.97465798553420346,0.41963353634921408,-0.88314116827770728,-0.66186938612650437,-0.444130753979183,-0.18479920070906242
534,0.44771293998212047,-0.99772994835775908,0.78217469933884032,0.56811699955142969,0.24311686504397279,-0.050319966698937346,0.42337332048758691,0.88486682187856713,-0.7400974167726122,-0.92729201224164792,0.088695201270408974,0.13391873770787832,-0.015651552577101935,0.46930918240077246,-0.97465798553420346,0.41963353634921408,-0.88314116827770728,-0.66186938612650437,-0.444130753979183,-0.18479920070906242
535,0.44771293998212047,-0.99772994835775908,0.78217469933884032,0.56811699955142969,0.24311686504397279,-0.050319966698937346,0.42337332048758691,0.88486682187856713,-0.7400974167726122,-0.92729201224164792,0.088695201270408974,0.13391873770787832,-0.015651552577101935,0.46930918240077246,-0.97465798553420346,0.41963353634921408,-0.88314116827770728,-0.66186938612650437,-0.444130753979183,-0.18479920070906242
536,0.44771293998212047,-0.99772994835775908,0.78217469933884032,0.56811699955142969,0.24311686504397279,-0.050319966698937346,0.42337332048758691,0.88486682187856713,-0.7400974167726122,-0.92729201224164792,0.088695201270408974,0.13391873770787832,-0.015651552577101935,0.46930918240077246,-0.97465798553420346,0.41963353634921408,-0.88314116827770728,-0.66186938612650437,-0.444130753979183,-0.18479920070906242
537,0.39281928034657732,-0.94292761505133016,0.72160658237091679,0.61017925702325759,0.26377815614197275,-0.93851946499800243,0.91472359921161273,0.5500315513561933,-0.12609287081024068,-0.34825738667965367,0.5434808766817345,-0.11004449746105194,-0.57430719161207633,0.94336316829775879,-0.64227936921836326,-0.6204736341919781,-0.50873715174177758,0.94854531738987591,0.68432949980237079,0.43903835415116998
538,0.39281928034657732,-0.94292761505133016,0.72160658237091679,0.61017925702325759,0.26377815614197275,-0.93851946499800243,0.91472359921161273,0.5500315513561933,-0.12609287081024068,-0.34825738667965367,0.5434808766817345,-0.11004449746105194,-0.57430719161207633,0.94336316829775879,-0.64227936921836326,-0.6204736341919781,-0.50873715174177758,0.94854531738987591,0.68432949980237079,0.43903835415116998
539,0.44771293998212047,-0.99772994835775908,0.78217469933884032,0.56811699955142969,0.24311686504397279,-0.050319966698937346,0.42337332048758691,0.88486682187856713,-0.7400974167726122,-0.92729201224164792,0.088695201270408974,0.13391873770787832,-0.015651552577101935,0.46930918240077246,-0.97465798553420346,0.41963353634921408,-0.88314116827770728,-0.66186938612650437,-0.444130753979183,-0.18479920070906242
540,0.44771293998212047,-0.99772994835775908,0.78217469933884032,0.56811699955142969,0.24311686504397279,-0.050319966698937346,0.42337332048758691,0.88486682187856713,-0.7400974167726122,-0.92729201224164792,0.088695201270408974,0.13391873770787832,-0.015651552577101935,0.46930918240077246,-0.97465798553420346,0.41963353634921408,-0.88314116827770728,-0.66186938612650437,-0.444130753979183,-0.18479920070906242
541,0.44771293998212047,-0.99772994835775908,0.78217469933884032,0.56811699955142969,0.24311686504397279,-0.050319966698937346,0.42337332048758691,0.88486682187856713,-0.7400974167726122,-0.92729201224164792,0.088695201270408974,0.13391873770787832,-0.015651552577101935,0.46930918240077246,-0.97465798553420346,0.41963353634921408,-0.88314116827770728,-0.66186938612650437,-0.444130753979183,-0.18479920070906242
542,0.44771293998212047,-0.99772994835775908,0.78217469933884032,0.56811699955142969,0.24311686504397279,-0.050319966698937346,0.42337332048758691,0.88486682187856713,-0.7400974167726122,-0.92729201224164792,0.088695201270408974,0.13391873770787832,-0.015651552577101935,0.46930918240077246,-0.97465798553420346,0.41963353634921408,-0.88314116827770728,-0.66186938612650437,-0.444130753979183,-0.18479920070906242
543,0.44771293998212047,-0.99772994835775908,0.78217469933884032,0.56811699955142969,0.24311686504397279,-0.050319966698937346,0.42337332048758691,0.88486682187856713,-0.7400974167726122,-0.92729201224164792,0.088695201270408974,0.13391873770787832,-0.015651552577101935,0.46930918240077246,-0.97465798553420346,0.41963353634921408,-0.88314116827770728,-0.66186938612650437,-0.444130753979183,-0.18479920070906242
544,0.44771293998212047,-0.99772994835775908,0.78217469933884032,0.56811699955142969,0.24311686504397279,-0.050319966698937346,0.42337332048758691,0.88486682187856713,-0.7400974167726122,-0.92729201224164792,0.088695201270408974,0.13391873770787832,-0.015651552577101935,0.46930918240077246,-0.97465798553420346,0.41963353634921408,-0.88314116827770728,-0.66186938612650437,-0.444130753979183,-0.18479920070906242
545,0.44771293998212047,-0.99772994835775908,0.78217469933884032,0.56811699955142969,0.24311686504397279,-0.050319966698937346,0.42337332048758691,0.88486682187856713,-0.7400974167726122,-0.92729201224164792,0.088695201270408974,0.13391873770787832,-0.015651552577101935,0.46930918240077246,-0.97465798553420346,0.41963353634921408,-0.88314116827770728,-0.66186938612650437,-0.444130753979183,-0.18479920070906242
546,0.44771293998212047,-0.99772994835775908,0.78217469933884032,0.56811699955142969,0.24311686504397279,-0.050319966698937346,0.42337332048758691,0.88486682187856713,-0.7400974167726122,-0.92729201224164792,0.088695201270408974,0.13391873770787832,-0.015651552577101935,0.46930918240077246,-0.97465798553420346,0.41963353634921408,-0.88314116827770728,-0.66186938612650437,-0.444130753979183,-0.18479920070906242
547,0.44771293998212047,-0.99772994835775908,0.78217469933884032,0.56811699955142969,0.24311686504397279,-0.050319966698937346,0.42337332048758691,0.88486682187856713,-0.7400974167726122,-0.92729201224164792,0.088695201270408974,0.13391873770787832,-0.015651552577101935,0.46930918240077246,-0.97465798553420346,0.41963353634921408,-0.88314116827770728,-0.66186938612650437,-0.444130753979183,-0.18479920070906242
548,0.44771293998212047,-0.99772994835775908,0.78217469933884032,0.56811699955142969,0.24311686504397279,-0.050319966698937346,0.42337332048758691,0.88486682187856713,-0.7400974167726122,-0.92729201224164792,0.088695201270408974,0.13391873770787832,-0.015651552577101935,0.46930918240077246,-0.97465798553420346,0.41963353634921408,-0.88314116827770728,-0.66186938612650437,-0.444130753979183,-0.18479920070906242
549,0.44771293998212047,-0.99772994835775908,0.78217469933884032,0.56811699955142969,0.24311686504397279,-0.050319966698937346,0.42337332048758691,0.88486682187856713,-0.7400974167726122,-0.92729201224164792,0.088695201270408974,0.13391873770787832,-0.015651552577101935,0.46930918240077246,-0.97465798553420346,0.41963353634921408,-0.88314116827770728,-0.66186938612650437,-0.444130753979183,-0.18479920070906242
550,0.44771293998212047,-0.99772994835775908,0.78217469933884032,0.56811699955142969,0.24311686504397279,-0.050319966698937346,0.42337332048758691,0.88486682187856713,-0.7400974167726122,-0.92729201224164792,0.088695201270408974,0.13391873770787832,-0.015651552577101935,0.46930918240077246,-0.97465798553420346,0.41963353634921408,-0.88314116827770728,-0.66186938612650437,-0.444130753979183,-0.18479920070906242
551,0.44771293998212047,-0.99772994835775908,0.78217469933884032,0.56811699955142969,0.24311686504397279,-0.050319966698937346,0.42337332048758691,0.88486682187856713,-0.7400974167726122,-0.92729201224164792,0.088695201270408974,0.13391873770787832,-0.015651552577101935,0.46930918240077246,-0.97465798553420346,0.41963353634921408,-0.88314116827770728,-0.66186938612650437,-0.444130753979183,-0.18479920070906242
552,0.39281928034657732,-0.94292761505133016,0.72160658237091679,0.61017925702325759,0.26377815614197275,-0.93851946499800243,0.91472359921161273,0.5500315513561933,-0.12609287081024068,-0.34825738667965367,0.5434808766817345,-0.11004449746105194,-0.57430719161207633,0.94336316829775879,-0.64227936921836326,-0.6204736341919781,-0.50873715174177758,0.94854531738987591,0.68432949980237079,0.43903835415116998
553,0.44771293998212047,-0.99772994835775908,0.78217469933884032,0.56811699955142969,0.24311686504397279,-0.050319966698937346,0.42337332048758691,0.88486682187856713,-0.7400974167726122,-0.92729201224164792,0.088695201270408974,0.13391873770787832,-0.015651552577101935,0.46930918240077246,-0.97465798553420346,0.41963353634921408,-0.88314116827770728,-0.66186938612650437,-0.444130753979183,-0.18479920070906242
554,0.44771293998212047,-0.99772994835775908,0.78217469933884032,0.56811699955142969,0.24311686504397279,-0.050319966698937346,0.42337332048758691,0.88486682187856713,-0.7400974167726122,-0.92729201224164792,0.088695201270408974,0.13391873770787832,-0.015651552577101935,0.46930918240077246,-0.97465798553420346,0.41963353634921408,-0.88314116827770728,-0.66186938612650437,-0.444130753979183,-0.18479920070906242
555,0.44771293998212047,-0.99772994835775908,0.78217469933884032,0.56811699955142969,0.24311686504397279,-0.050319966698937346,0.42337332048758691,0.88486682187856713,-0.7400974167726122,-0.92729201224164792,0.088695201270408974,0.13391873770787832,-0.015651552577101935,0.46930918240077246,-0.97465798553420346,0.41963353634921408,-0.88314116827770728,-0.66186938612650437,-0.444130753979183,-0.18479920070906242
556,0.44771293998212047,-0.99772994835775908,0.78217469933884032,0.56811699955142969,0.24311686504397279,-0.050319966698937346,0.42337332048758691,0.88486682187856713,-0.7400974167726122,-0.92729201224164792,0.088695201270408974,0.13391873770787832,-0.015651552577101935,0.46930918240077246,-0.97465798553420346,0.41963353634921408,-0.88314116827770728,-0.66186938612650437,-0.444130753979183,-0.18479920070906242
557,0.44771293998212047,-0.99772994835775908,0.78217469933884032,0.56811699955142969,0.24311686504397279,-0.050319966698937346,0.42337332048758691,0.88486682187856713,-0.7400974167726122,-0.92729201224164792,0.088695201270408974,0.13391873770787832,-0.015651552577101935,0.46930918240077246,-0.97465798553420346,0.41963353634921408,-0.88314116827770728,-0.66186938612650437,-0.444130753979183,-0.18479920070906242
558,0.44771293998212047,-0.99772994835775908,0.78217469933884032,0.56811699955142969,0.24311686504397279,-0.050319966698937346,0.42337332048758691,0.88486682187856713,-0.7400974167726122,-0.92729201224164792,0.088695201270408974,0.13391873770787832,-0.015651552577101935,0.46930918240077246,-0.97465798553420346,0.41963353634921408,-0.88314116827770728,-0.66186938612650437,-0.444130753979183,-0.18479920070906242
559,0.44771293998212047,-0.99772994835775908,0.78217469933884032,0.56811699955142969,0.24311686504397279,-0.050319966698937346,0.42337332048758691,0.88486682187856713,-0.7400974167726122,-0.92729201224164792,0.088695201270408974,0.13391873770787832,-0.015651552577101935,0.46930918240077246,-0.97465798553420346,0.41963353634921408,-0.88314116827770728,-0.66186938612650437,-0.444130753979183,-0.18479920070906242
560,0.44771293998212047,-0.99772994835775908,0.78217469933884032,0.56811699955142969,0.24311686504397279,-0.050319966698937346,0.42337332048758691,0.88486682187856713,-0.7400974167726122,-0.92729201224164792,0.088695201270408974,0.13391873770787832,-0.015651552577101935,0.46930918240077246,-0.97465798553420346,0.41963353634921408,-0.88314116827770728,-0.66186938612650437,-0.444130753979183,-0.18479920070906242
561,0.44771293998212047,-0.99772994835775908,0.78217469933884032,0.56811699955142969,0.24311686504397279,-0.050319966698937346,0.42337332048758691,0.88486682187856713,-0.7400974167726122,-0.92729201224164792,0.088695201270408974,0.13391873770787832,-0.015651552577101935,0.46930918240077246,-0.97465798553420346,0.41963353634921408,-0.88314116827770728,-0.66186938612650437,-0.444130753979183,-0.18479920070906242
562,0.44771293998212047,-0.99772994835775908,0.78217469933884032,0.56811699955142969,0.24311686504397279,-0.050319966698937346,0.42337332048758691,0.88486682187856713,-0.7400974167726122,-0.92729201224164792,0.088695201270408974,0.13391873770787832,-0.015651552577101935,0.46930918240077246,-0.97465798553420346,0.41963353634921408,-0.88314116827770728,-0.66186938612650437,-0.444130753979183,-0.18479920070906242
563,0.44771293998212047,-0.99772994835775908,0.78217469933884032,0.56811699955142969,0.24311686504397279,-0.050319966698937346,0.42337332048758691,0.88486682187856713,-0.7400974167726122,-0.92729201224164792,0.088695201270408974,0.13391873770787832,-0.015651552577101935,0.46930918240077246,-0.97465798553420346,0.41963353634921408,-0.88314116827770728,-0.66186938612650437,-0.444130753979183,-0.18479920070906242
564,0.44771293998212047,-0.99772994835775908,0.78217469933884032,0.56811699955142969,0.24311686504397279,-0.050319966698937346,0.42337332048758691,0.88486682187856713,-0.7400974167726122,-0.92729201224164792,0.088695201270408974,0.13391873770787832,-0.015651552577101935,0.46930918240077246,-0.97465798553420346,0.41963353634921408,-0.88314116827770728,-0.66186938612650437,-0.444130753979183,-0.18479920070906242
565,0.44771293998212047,-0.99772994835775908,0.78217469933884032,0.56811699955142969,0.24311686504397279,-0.050319966698937346,0.42337332048758691,0.88486682187856713,-0.7400974167726122,-0.92729201224164792,0.088695201270408974,0.13391873770787832,-0.015651552577101935,0.46930918240077246,-0.97465798553420346,0.41963353634921408,-0.88314116827770728,-0.66186938612650437,-0.444130753979183,-0.18479920070906242
566,0.44771293998212047,-0.99772994835775908,0.78217469933884032,0.56811699955142969,0.24311686504397279,-0.050319966698937346,0.42337332048758691,0.88486682187856713,-0.7400974167726122,-0.92729201224164792,0.088695201270408974,0.13391873770787832,-0.015651552577101935,0.46930918240077246,-0.97465798553420346,0.41963353634921408,-0.88314116827770728,-0.66186938612650437,-0.444130753979183,-0.18479920070906242
567,0.44771293998212047,-0.99772994835775908,0.78217469933884032,0.56811699955142969,0.24311686504397279,-0.050319966698937346,0.42337332048758691,0.88486682187856713,-0.7400974167726122,-0.92729201224164792,0.088695201270408974,0.13391873770787832,-0.015651552577101935,0.46930918240077246,-0.97465798553420346,0.41963353634921408,-0.88314116827770728,-0.66186938612650437,-0.444130753979183,-0.18479920070906242
568,0.44771293998212047,-0.99772994835775908,0.78217469933884032,0.56811699955142969,0.24311686504397279,-0.050319966698937346,0.42337332048758691,0.88486682187856713,-0.7400974167726122,-0.92729201224164792,0.088695201270408974,0.13391873770787832,-0.015651552577101935,0.46930918240077246,-0.97465798553420346,0.41963353634921408,-0.88314116827770728,-0.66186938612650437,-0.444130753979183,-0.18479920070906242
569,0.44771293998212047,-0.99772994835775908,0.78217469933884032,0.56811699955142969,0.24311686504397279,-0.050319966698937346,0.42337332048758691,0.88486682187856713,-0.7400974167726122,-0.92729201224164792,0.088695201270408974,0.13391873770787832,-0.015651552577101935,0.46930918240077246,-0.97465798553420346,0.41963353634921408,-0.88314116827770728,-0.66186938612650437,-0.444130753979183,-0.18479920070906242
570,0.44771293998212047,-0.99772994835775908,0.78217469933884032,0.56811699955142969,0.24311686504397279,-0.050319966698937346,0.42337332048758691,0.88486682187856713,-0.7400974167726122,-0.92729201224164792,0.088695201270408974,0.13391873770787832,-0.015651552577101935,0.46930918240077246,-0.97465798553420346,0.41963353634921408,-0.88314116827770728,-0.66186938612650437,-0.444130753979183,-0.18479920070906242
571,0.44771293998212047,-0.99772994835775908,0.78217469933884032,0.56811699955142969,0.24311686504397279,-0.050319966698937346,0.42337332048758691,0.88486682187856713,-0.7400974167726122,-0.92729201224164792,0.088695201270408974,0.13391873770787832,-0.015651552577101935,0.46930918240077246,-0.97465798553420346,0.41963353634921408,-0.88314116827770728,-0.66186938612650437,-0.444130753979183,-0.18479920070906242
572,0.44771293998212047,-0.99772994835775908,0.78217469933884032,0.56811699955142969,0.24311686504397279,-0.050319966698937346,0.42337332048758691,0.88486682187856713,-0.7400974167726122,-0.92729201224164792,0.088695201270408974,0.13391873770787832,-0.015651552577101935,0.46930918240077246,-0.97465798553420346,0.41963353634921408,-0.88314116827770728,-0.66186938612650437,-0.444130753979183,-0.18479920070906242
573,0.44771293998212047,-0.99772994835775908,0.78217469933884032,0.56811699955142969,0.24311686504397279,-0.050319966698937346,0.42337332048758691,0.88486682187856713,-0.7400974167726122,-0.92729201224164792,0.088695201270408974,0.13391873770787832,-0.015651552577101935,0.46930918240077246,-0.97465798553420346,0.41963353634921408,-0.88314116827770728,-0.66186938612650437,-0.444130753979183,-0.18479920070906242
574,0.44771293998212047,-0.99772994835775908,0.78217469933884032,0.56811699955142969,0.24311686504397279,-0.050319966698937346,0.42337332048758691,0.88486682187856713,-0.7400974167726122,-0.92729201224164792,0.088695201270408974,0.13391873770787832,-0.015651552577101935,0.46930918240077246,-0.97465798553420346,0.41963353634921408,-0.88314116827770728,-0.66186938612650437,-0.444130753979183,-0.18479920070906242
575,0.44771293998212047,-0.99772994835775908,0.78217469933884032,0.56811699955142969,0.24311686504397279,-0.050319966698937346,0.42337332048758691,0.88486682187856713,-0.7400974167726122,-0.92729201224164792,0.088695201270408974,0.13391873770787832,-0.015651552577101935,0.46930918240077246,-0.97465798553420346,0.41963353634921408,-0.88314116827770728,-0.66186938612650437,-0.444130753979183,-0.18479920070906242
576,0.44771293998212047,-0.99772994835775908,0.78217469933884032,0.56811699955142969,0.24311686504397279,-0.050319966698937346,0.42337332048758691,0.88486682187856713,-0.7400974167726122,-0.92729201224164792,0.088695201270408974,0.13391873770787832,-0.015651552577101935,0.46930918240077246,-0.97465798553420346,0.41963353634921408,-0.88314116827770728,-0.66186938612650437,-0.444130753979183,-0.18479920070906242
577,0.44771293998212047,-0.99772994835775908,0.78217469933884032,0.56811699955142969,0.24311686504397279,-0.050319966698937346,0.42337332048758691,0.88486682187856713,-0.7400974167726122,-0.92729201224164792,0.088695201270408974,0.13391873770787832,-0.015651552577101935,0.46930918240077246,-0.97465798553420346,0.41963353634921408,-0.88314116827770728,-0.66186938612650437,-0.444130753979183,-0.18479920070906242
578,0.44771293998212047,-0.99772994835775908,0.78217469933884032,0.56811699955142969,0.24311686504397279,-0.050319966698937346,0.42337332048758691,0.88486682187856713,-0.7400974167726122,-0.92729201224164792,0.088695201270408974,0.13391873770787832,-0.015651552577101935,0.46930918240077246,-0.97465798553420346,0.41963353634921408,-0.88314116827770728,-0.66186938612650437,-0.444130753979183,-0.18479920070906242
579,0.44771293998212047,-0.99772994835775908,0.78217469933884032,0.56811699955142969,0.24311686504397279,-0.050319966698937346,0.42337332048758691,0.88486682187856713,-0.7400974167726122,-0.92729201224164792,0.088695201270408974,0.13391873770787832,-0.015651552577101935,0.46930918240077246,-0.97465798553420346,0.41963353634921408,-0.88314116827770728,-0.66186938612650437,-0.444130753979183,-0.18479920070906242
580,0.44771293998212047,-0.99772994835775908,0.78217469933884032,0.56811699955142969,0.24311686504397279,-0.050319966698937346,0.42337332048758691,0.88486682187856713,-0.7400974167726122,-0.92729201224164792,0.088695201270408974,0.13391873770787832,-0.015651552577101935,0.46930918240077246,-0.97465798553420346,0.41963353634921408,-0.88314116827770728,-0.66186938612650437,-0.444130753979183,-0.18479920070906242
581,0.44771293998212047,-0.99772994835775908,0.78217469933884032,0.56811699955142969,0.24311686504397279,-0.050319966698937346,0.42337332048758691,0.88486682187856713,-0.7400974167726122,-0.92729201224164792,0.088695201270408974,0.13391873770787832,-0.015651552577101935,0.46930918240077246,-0.97465798553420346,0.41963353634921408,-0.88314116827770728,-0.66186938612650437,-0.444130753979183,-0.18479920070906242
582,0.44771293998212047,-0.99772994835775908,0.78217469933884032,0.56811699955142969,0.24311686504397279,-0.050319966698937346,0.42337332048758691,0.88486682187856713,-0.7400974167726122,-0.92729201224164792,0.088695201270408974,0.13391873770787832,-0.015651552577101935,0.46930918240077246,-0.97465798553420346,0.41963353634921408,-0.88314116827770728,-0.66186938612650437,-0.444130753979183,-0.18479920070906242
583,0.44771293998212047,-0.99772994835775908,0.78217469933884032,0.56811699955142969,0.24311686504397279,-0.050319966698937346,0.42337332048758691,0.88486682187856713,-0.7400974167726122,-0.92729201224164792,0.088695201270408974,0.13391873770787832,-0.015651552577101935,0.46930918240077246,-0.97465798553420346,0.41963353634921408,-0.88314116827770728,-0.66186938612650437,-0.444130753979183,-0.18479920070906242
584,0.44771293998212047,-0.99772994835775908,0.78217469933884032,0.56811699955142969,0.24311686504397279,-0.050319966698937346,0.42337332048758691,0.88486682187856713,-0.7400974167726122,-0.92729201224164792,0.088695201270408974,0.13391873770787832,-0.015651552577101935,0.46930918240077246,-0.97465798553420346,0.41963353634921408,-0.88314116827770728,-0.66186938612650437,-0.444130753979183,-0.18479920070906242
585,0.44771293998212047,-0.99772994835775908,0.78217469933884032,0.56811699955142969,0.24311686504397279,-0.050319966698937346,0.42337332048758691,0.88486682187856713,-0.7400974167726122,-0.92729201224164792,0.088695201270408974,0.13391873770787832,-0.015651552577101935,0.46930918240077246,-0.97465798553420346,0.41963353634921408,-0.88314116827770728,-0.66186938612650437,-0.444130753979183,-0.18479920070906242
586,0.44771293998212047,-0.99772994835775908,0.78217469933884032,0.56811699955142969,0.24311686504397279,-0.050319966698937346,0.42337332048758691,0.88486682187856713,-0.7400974167726122,-0.92729201224164792,0.088695201270408974,0.13391873770787832,-0.015651552577101935,0.46930918240077246,-0.97465798553420346,0.41963353634921408,-0.88314116827770728,-0.66186938612650437,-0.444130753979183,-0.18479920070906242
587,0.44771293998212047,-0.99772994835775908,0.78217469933884032,0.56811699955142969,0.24311686504397279,-0.050319966698937346,0.42337332048758691,0.88486682187856713,-0.7400974167726122,-0.92729201224164792,0.088695201270408974,0.13391873770787832,-0.015651552577101935,0.46930918240077246,-0.97465798553420346,0.41963353634921408,-0.88314116827770728,-0.66186938612650437,-0.444130753979183,-0.18479920070906242
588,0.44771293998212047,-0.99772994835775908,0.78217469933884032,0.56811699955142969,0.24311686504397279,-0.050319966698937346,0.42337332048758691,0.88486682187856713,-0.7400974167726122,-0.92729201224164792,0.088695201270408974,0.13391873770787832,-0.015651552577101935,0.46930918240077246,-0.97465798553420346,0.41963353634921408,-0.88314116827770728,-0.66186938612650437,-0.444130753979183,-0.18479920070906242
589,0.44771293998212047,-0.99772994835775908,0.78217469933884032,0.56811699955142969,0.24311686504397279,-0.050319966698937346,0.42337332048758691,0.88486682187856713,-0.7400974167726122,-0.92729201224164792,0.088695201270408974,0.13391873770787832,-0.015651552577101935,0.46930918240077246,-0.97465798553420346,0.41963353634921408,-0.88314116827770728,-0.66186938612650437,-0.444130753979183,-0.18479920070906242
590,0.44771293998212047,-0.99772994835775908,0.78217469933884032,0.56811699955142969,0.24311686504397279,-0.050319966698937346,0.42337332048758691,0.88486682187856713,-0.7400974167726122,-0.92729201224164792,0.088695201270408974,0.13391873770787832,-0.015651552577101935,0.46930918240077246,-0.97465798553420346,0.41963353634921408,-0.88314116827770728,-0.66186938612650437,-0.444130753979183,-0.18479920070906242
591,0.44771293998212047,-0.99772994835775908,0.78217469933884032,0.56811699955142969,0.24311686504397279,-0.050319966698937346,0.42337332048758691,0.88486682187856713,-0.7400974167726122,-0.92729201224164792,0.088695201270408974,0.13391873770787832,-0.015651552577101935,0.46930918240077246,-0.97465798553420346,0.41963353634921408,-0.88314116827770728,-0.66186938612650437,-0.444130753979183,-0.18479920070906242
592,0.44771293998212047,-0.99772994835775908,0.78217469933884032,0.56811699955142969,0.24311686504397279,-0.050319966698937346,0.42337332048758691,0.88486682187856713,-0.7400974167726122,-0.92729201224164792,0.088695201270408974,0.13391873770787832,-0.015651552577101935,0.46930918240077246,-0.97465798553420346,0.41963353634921408,-0.88314116827770728,-0.66186938612650437,-0.444130753979183,-0.18479920070906242
593,0.44771293998212047,-0.99772994835775908,0.78217469933884032,0.56811699955142969,0.24311686504397279,-0.050319966698937346,0.42337332048758691,0.88486682187856713,-0.7400974167726122,-0.92729201224164792,0.088695201270408974,0.13391873770787832,-0.015651552577101935,0.46930918240077246,-0.97465798553420346,0.41963353634921408,-0.88314116827770728,-0.66186938612650437,-0.444130753979183,-0.18479920070906242
594,0.44771293998212047,-0.99772994835775908,0.78217469933884032,0.56811699955142969,0.24311686504397279,-0.050319966698937346,0.42337332048758691,0.88486682187856713,-0.7400974167726122,-0.92729201224164792,0.088695201270408974,0.13391873770787832,-0.015651552577101935,0.46930918240077246,-0.97465798553420346,0.41963353634921408,-0.88314116827770728,-0.66186938612650437,-0.444130753979183,-0.18479920070906242
595,0.44771293998212047,-0.99772994835775908,0.78217469933884032,0.56811699955142969,0.24311686504397279,-0.050319966698937346,0.42337332048758691,0.88486682187856713,-0.7400974167726122,-0.92729201224164792,0.088695201270408974,0.13391873770787832,-0.015651552577101935,0.46930918240077246,-0.97465798553420346,0.41963353634921408,-0.88314116827770728,-0.66186938612650437,-0.444130753979183,-0.18479920070906242
596,0.44771293998212047,-0.99772994835775908,0.78217469933884032,0.56811699955142969,0.24311686504397279,-0.050319966698937346,0.42337332048758691,0.88486682187856713,-0.7400974167726122,-0.92729201224164792,0.088695201270408974,0.13391873770787832,-0.015651552577101935,0.46930918240077246,-0.97465798553420346,0.41963353634921408,-0.88314116827770728,-0.66186938612650437,-0.444130753979183,-0.18479920070906242
597,0.44771293998212047,-0.99772994835775908,0.78217469933884032,0.56811699955142969,0.24311686504397279,-0.050319966698937346,0.42337332048758691,0.88486682187856713,-0.7400974167726122,-0.92729201224164792,0.088695201270408974,0.13391873770787832,-0.015651552577101935,0.46930918240077246,-0.97465798553420346,0.41963353634921408,-0.88314116827770728,-0.66186938612650437,-0.444130753979183,-0.18479920070906242
598,0.44771293998212047,-0.99772994835775908,0.78217469933884032,0.56811699955142969,0.24311686504397279,-0.050319966698937346,0.42337332048758691,0.88486682187856713,-0.7400974167726122,-0.92729201224164792,0.088695201270408974,0.13391873770787832,-0.015651552577101935,0.46930918240077246,-0.97465798553420346,0.41963353634921408,-0.88314116827770728,-0.66186938612650437,-0.444130753979183,-0.18479920070906242
599,0.44771293998212047,-0.99772994835775908,0.78217469933884032,0.56811699955142969,0.24311686504397279,-0.050319966698937346,0.42337332048758691,0.88486682187856713,-0.7400974167726122,-0.92729201224164792,0.088695201270408974,0.13391873770787832,-0.015651552577101935,0.46930918240077246,-0.97465798553420346,0.41963353634921408,-0.88314116827770728,-0.66186938612650437,-0.444130753979183,-0.18479920070906242
600,0.44771293998212047,-0.99772994835775908,0.78217469933884032,0.56811699955142969,0.24311686504397279,-0.050319966698937346,0.42337332048758691,0.88486682187856713,-0.7400974167726122,-0.92729201224164792,0.088695201270408974,0.13391873770787832,-0.015651552577101935,0.46930918240077246,-0.97465798553420346,0.41963353634921408,-0.88314116827770728,-0.66186938612650437,-0.444130753979183,-0.18479920070906242
601,0.44771293998212047,-0.99772994835775908,0.78217469933884032,0.56811699955142969,0.24311686504397279,-0.050319966698937346,0.42337332048758691,0.88486682187856713,-0.7400974167726122,-0.92729201224164792,0.088695201270408974,0.13391873770787832,-0.015651552577101935,0.46930918240077246,-0.97465798553420346,0.41963353634921408,-0.88314116827770728,-0.66186938612650437,-0.444130753979183,-0.18479920070906242
602,0.44771293998212047,-0.99772994835775908,0.78217469933884032,0.56811699955142969,0.24311686504397279,-0.050319966698937346,0.42337332048758691,0.88486682187856713,-0.7400974167726122,-0.92729201224164792,0.088695201270408974,0.13391873770787832,-0.015651552577101935,0.46930918240077246,-0.97465798553420346,0.41963353634921408,-0.88314116827770728,-0.66186938612650437,-0.444130753979183,-0.18479920070906242
603,0.44771293998212047,-0.99772994835775908,0.78217469933884032,0.56811699955142969,0.24311686504397279,-0.050319966698937346,0.42337332048758691,0.88486682187856713,-0.7400974167726122,-0.92729201224164792,0.088695201270408974,0.13391873770787832,-0.015651552577101935,0.46930918240077246,-0.97465798553420346,0.41963353634921408,-0.88314116827770728,-0.66186938612650437,-0.444130753979183,-0.18479920070906242
604,0.44771293998212047,-0.99772994835775908,0.78217469933884032,0.56811699955142969,0.24311686504397279,-0.050319966698937346,0.42337332048758691,0.88486682187856713,-0.7400974167726122,-0.92729201224164792,0.088695201270408974,0.13391873770787832,-0.015651552577101935,0.46930918240077246,-0.97465798553420346,0.41963353634921408,-0.88314116827770728,-0.66186938612650437,-0.444130753979183,-0.18479920070906242
605,0.44771293998212047,-0.99772994835775908,0.78217469933884032,0.56811699955142969,0.24311686504397279,-0.050319966698937346,0.42337332048758691,0.88486682187856713,-0.7400974167726122,-0.92729201224164792,0.088695201270408974,0.13391873770787832,-0.015651552577101935,0.46930918240077246,-0.97465798553420346,0.41963353634921408,-0.88314116827770728,-0.66186938612650437,-0.444130753979183,-0.18479920070906242
606,0.44771293998212047,-0.99772994835775908,0.78217469933884032,0.56811699955142969,0.24311686504397279,-0.050319966698937346,0.42337332048758691,0.88486682187856713,-0.7400974167726122,-0.92729201224164792,0.088695201270408974,0.13391873770787832,-0.015651552577101935,0.46930918240077246,-0.97465798553420346,0.41963353634921408,-0.88314116827770728,-0.66186938612650437,-0.444130753979183,-0.18479920070906242
607,0.44771293998212047,-0.99772994835775908,0.78217469933884032,0.56811699955142969,0.24311686504397279,-0.050319966698937346,0.42337332048758691,0.88486682187856713,-0.7400974167726122,-0.92729201224164792,0.088695201270408974,0.13391873770787832,-0.015651552577101935,0.46930918240077246,-0.97465798553420346,0.41963353634921408,-0.88314116827770728,-0.66186938612650437,-0.444130753979183,-0.18479920070906242
608,0.44771293998212047,-0.99772994835775908,0.78217469933884032,0.56811699955142969,0.24311686504397279,-0.050319966698937346,0.42337332048758691,0.88486682187856713,-0.7400974167726122,-0.92729201224164792,0.088695201270408974,0.13391873770787832,-0.015651552577101935,0.46930918240077246,-0.97465798553420346,0.41963353634921408,-0.88314116827770728,-0.66186938612650437,-0.444130753979183,-0.18479920070906242
609,0.44771293998212047,-0.99772994835775908,0.78217469933884032,0.56811699955142969,0.24311686504397279,-0.050319966698937346,0.42337332048758691,0.88486682187856713,-0.7400974167726122,-0.92729201224164792,0.088695201270408974,0.13391873770787832,-0.015651552577101935,0.46930918240077246,-0.97465798553420346,0.41963353634921408,-0.88314116827770728,-0.66186938612650437,-0.444130753979183,-0.18479920070906242
610,0.44771293998212047,-0.99772994835775908,0.78217469933884032,0.56811699955142969,0.24311686504397279,-0.050319966698937346,0.42337332048758691,0.88486682187856713,-0.7400974167726122,-0.92729201224164792,0.088695201270408974,0.13391873770787832,-0.015651552577101935,0.46930918240077246,-0.97465798553420346,0.41963353634921408,-0.88314116827770728,-0.66186938612650437,-0.444130753979183,-0.18479920070906242
611,0.44771293998212047,-0.99772994835775908,0.78217469933884032,0.56811699955142969,0.24311686504397279,-0.050319966698937346,0.42337332048758691,0.88486682187856713,-0.7400974167726122,-0.92729201224164792,0.088695201270408974,0.13391873770787832,-0.015651552577101935,0.46930918240077246,-0.97465798553420346,0.41963353634921408,-0.88314116827770728,-0.66186938612650437,-0.444130753979183,-0.18479920070906242
612,0.44771293998212047,-0.99772994835775908,0.78217469933884032,0.56811699955142969,0.24311686504397279,-0.050319966698937346,0.42337332048758691,0.88486682187856713,-0.7400974167726122,-0.92729201224164792,0.088695201270408974,0.13391873770787832,-0.015651552577101935,0.46930918240077246,-0.97465798553420346,0.41963353634921408,-0.88314116827770728,-0.66186938612650437,-0.444130753979183,-0.18479920070906242
613,0.44771293998212047,-0.99772994835775908,0.78217469933884032,0.56811699955142969,0.24311686504397279,-0.050319966698937346,0.42337332048758691,0.88486682187856713,-0.7400974167726122,-0.92729201224164792,0.088695201270408974,0.13391873770787832,-0.015651552577101935,0.46930918240077246,-0.97465798553420346,0.41963353634921408,-0.88314116827770728,-0.66186938612650437,-0.444130753979183,-0.18479920070906242
614,0.44771293998212047,-0.99772994835775908,0.78217469933884032,0.56811699955142969,0.24311686504397279,-0.050319966698937346,0.42337332048758691,0.88486682187856713,-0.7400974167726122,-0.92729201224164792,0.088695201270408974,0.13391873770787832,-0.015651552577101935,0.46930918240077246,-0.97465798553420346,0.41963353634921408,-0.88314116827770728,-0.66186938612650437,-0.444130753979183,-0.18479920070906242
615,0.44771293998212047,-0.99772994835775908,0.78217469933884032,0.56811699955142969,0.24311686504397279,-0.050319966698937346,0.42337332048758691,0.88486682187856713,-0.7400974167726122,-0.92729201224164792,0.088695201270408974,0.13391873770787832,-0.015651552577101935,0.46930918240077246,-0.97465798553420346,0.41963353634921408,-0.88314116827770728,-0.66186938612650437,-0.444130753979183,-0.18479920070906242
616,0.44771293998212047,-0.99772994835775908,0.78217469933884032,0.56811699955142969,0.24311686504397279,-0.050319966698937346,0.42337332048758691,0.88486682187856713,-0.7400974167726122,-0.92729201224164792,0.088695201270408974,0.13391873770787832,-0.015651552577101935,0.46930918240077246,-0.97465798553420346,0.41963353634921408,-0.88314116827770728,-0.66186938612650437,-0.444130753979183,-0.18479920070906242
617,0.44771293998212047,-0.99772994835775908,0.78217469933884032,0.56811699955142969,0.24311686504397279,-0.050319966698937346,0.42337332048758691,0.88486682187856713,-0.7400974167726122,-0.92729201224164792,0.088695201270408974,0.13391873770787832,-0.015651552577101935,0.46930918240077246,-0.97465798553420346,0.41963353634921408,-0.88314116827770728,-0.66186938612650437,-0.444130753979183,-0.18479920070906242
618,0.44771293998212047,-0.99772994835775908,0.78217469933884032,0.56811699955142969,0.24311686504397279,-0.050319966698937346,0.42337332048758691,0.88486682187856713,-0.7400974167726122,-0.92729201224164792,0.088695201270408974,0.13391873770787832,-0.015651552577101935,0.46930918240077246,-0.97465798553420346,0.41963353634921408,-0.88314116827770728,-0.66186938612650437,-0.444130753979183,-0.18479920070906242
619,0.44771293998212047,-0.99772994835775908,0.78217469933884032,0.56811699955142969,0.24311686504397279,-0.050319966698937346,0.42337332048758691,0.88486682187856713,-0.7400974167726122,-0.92729201224164792,0.088695201270408974,0.13391873770787832,-0.015651552577101935,0.46930918240077246,-0.97465798553420346,0.41963353634921408,-0.88314116827770728,-0.66186938612650437,-0.444130753979183,-0.18479920070906242
620,0.44771293998212047,-0.99772994835775908,0.78217469933884032,0.56811699955142969,0.24311686504397279,-0.050319966698937346,0.42337332048758691,0.88486682187856713,-0.7400974167726122,-0.92729201224164792,0.088695201270408974,0.13391873770787832,-0.015651552577101935,0.46930918240077246,-0.97465798553420346,0.41963353634921408,-0.88314116827770728,-0.66186938612650437,-0.444130753979183,-0.18479920070906242
621,0.44771293998212047,-0.99772994835775908,0.78217469933884032,0.56811699955142969,0.24311686504397279,-0.050319966698937346,0.42337332048758691,0.88486682187856713,-0.7400974167726122,-0.92729201224164792,0.088695201270408974,0.13391873770787832,-0.015651552577101935,0.46930918240077246,-0.97465798553420346,0.41963353634921408,-0.88314116827770728,-0.66186938612650437,-0.444130753979183,-0.18479920070906242
622,0.44771293998212047,-0.99772994835775908,0.78217469933884032,0.56811699955142969,0.24311686504397279,-0.050319966698937346,0.42337332048758691,0.88486682187856713,-0.7400974167726122,-0.92729201224164792,0.088695201270408974,0.13391873770787832,-0.015651552577101935,0.46930918240077246,-0.97465798553420346,0.41963353634921408,-0.88314116827770728,-0.66186938612650437,-0.444130753979183,-0.18479920070906242
623,0.44771293998212047,-0.99772994835775908,0.78217469933884032,0.56811699955142969,0.24311686504397279,-0.050319966698937346,0.42337332048758691,0.88486682187856713,-0.7400974167726122,-0.92729201224164792,0.088695201270408974,0.13391873770787832,-0.015651552577101935,0.46930918240077246,-0.97465798553420346,0.41963353634921408,-0.88314116827770728,-0.66186938612650437,-0.444130753979183,-0.18479920070906242
624,0.44771293998212047,-0.99772994835775908,0.78217469933884032,0.56811699955142969,0.24311686504397279,-0.050319966698937346,0.42337332048758691,0.88486682187856713,-0.7400974167726122,-0.92729201224164792,0.088695201270408974,0.13391873770787832,-0.015651552577101935,0.46930918240077246,-0.97465798553420346,0.41963353634921408,-0.88314116827770728,-0.66186938612650437,-0.444130753979183,-0.18479920070906242
625,0.44771293998212047,-0.99772994835775908,0.78217469933884032,0.56811699955142969,0.24311686504397279,-0.050319966698937346,0.42337332048758691,0.88486682187856713,-0.7400974167726122,-0.92729201224164792,0.088695201270408974,0.13391873770787832,-0.015651552577101935,0.46930918240077246,-0.97465798553420346,0.41963353634921408,-0.88314116827770728,-0.66186938612650437,-0.444130753979183,-0.18479920070906242
626,0.44771293998212047,-0.99772994835775908,0.78217469933884032,0.56811699955142969,0.24311686504397279,-0.050319966698937346,0.42337332048758691,0.88486682187856713,-0.7400974167726122,-0.92729201224164792,0.088695201270408974,0.13391873770787832,-0.015651552577101935,0.46930918240077246,-0.97465798553420346,0.41963353634921408,-0.88314116827770728,-0.66186938612650437,-0.444130753979183,-0.18479920070906242
627,0.44771293998212047,-0.99772994835775908,0.78217469933884032,0.56811699955142969,0.24311686504397279,-0.050319966698937346,0.42337332048758691,0.88486682187856713,-0.7400974167726122,-0.92729201224164792,0.088695201270408974,0.13391873770787832,-0.015651552577101935,0.46930918240077246,-0.97465798553420346,0.41963353634921408,-0.88314116827770728,-0.66186938612650437,-0.444130753979183,-0.18479920070906242
628,0.44771293998212047,-0.99772994835775908,0.78217469933884032,0.56811699955142969,0.24311686504397279,-0.050319966698937346,0.42337332048758691,0.88486682187856713,-0.7400974167726122,-0.92729201224164792,0.088695201270408974,0.13391873770787832,-0.015651552577101935,0.46930918240077246,-0.97465798553420346,0.41963353634921408,-0.88314116827770728,-0.66186938612650437,-0.444130753979183,-0.18479920070906242
629,0.44771293998212047,-0.99772994835775908,0.78217469933884032,0.56811699955142969,0.24311686504397279,-0.050319966698937346,0.42337332048758691,0.88486682187856713,-0.7400974167726122,-0.92729201224164792,0.088695201270408974,0.13391873770787832,-0.015651552577101935,0.46930918240077246,-0.97465798553420346,0.41963353634921408,-0.88314116827770728,-0.66186938612650437,-0.444130753979183,-0.18479920070906242
630,0.44771293998212047,-0.99772994835775908,0.78217469933884032,0.56811699955142969,0.24311686504397279,-0.050319966698937346,0.42337332048758691,0.88486682187856713,-0.7400974167726122,-0.92729201224164792,0.088695201270408974,0.13391873770787832,-0.015651552577101935,0.46930918240077246,-0.97465798553420346,0.41963353634921408,-0.88314116827770728,-0.66186938612650437,-0.444130753979183,-0.18479920070906242
631,0.44771293998212047,-0.99772994835775908,0.78217469933884032,0.56811699955142969,0.24311686504397279,-0.050319966698937346,0.42337332048758691,0.88486682187856713,-0.7400974167726122,-0.92729201224164792,0.088695201270408974,0.13391873770787832,-0.015651552577101935,0.46930918240077246,-0.97465798553420346,0.41963353634921408,-0.88314116827770728,-0.66186938612650437,-0.444130753979183,-0.18479920070906242
632,0.44771293998212047,-0.99772994835775908,0.78217469933884032,0.56811699955142969,0.24311686504397279,-0.050319966698937346,0.42337332048758691,0.88486682187856713,-0.7400974167726122,-0.92729201224164792,0.088695201270408974,0.13391873770787832,-0.015651552577101935,0.46930918240077246,-0.97465798553420346,0.41963353634921408,-0.88314116827770728,-0.66186938612650437,-0.444130753979183,-0.18479920070906242
633,0.44771293998212047,-0.99772994835775908,0.78217469933884032,0.56811699955142969,0.24311686504397279,-0.050319966698937346,0.42337332048758691,0.88486682187856713,-0.7400974167726122,-0.92729201224164792,0.088695201270408974,0.13391873770787832,-0.015651552577101935,0.46930918240077246,-0.97465798553420346,0.41963353634921408,-0.88314116827770728,-0.66186938612650437,-0.444130753979183,-0.18479920070906242
634,0.44771293998212047,-0.99772994835775908,0.78217469933884032,0.56811699955142969,0.24311686504397279,-0.050319966698937346,0.42337332048758691,0.88486682187856713,-0.7400974167726122,-0.92729201224164792,0.088695201270408974,0.13391873770787832,-0.015651552577101935,0.46930918240077246,-0.97465798553420346,0.41963353634921408,-0.88314116827770728,-0.66186938612650437,-0.444130753979183,-0.18479920070906242
635,0.44771293998212047,-0.99772994835775908,0.78217469933884032,0.56811699955142969,0.24311686504397279,-0.050319966698937346,0.42337332048758691,0.88486682187856713,-0.7400974167726122,-0.92729201224164792,0.088695201270408974,0.13391873770787832,-0.015651552577101935,0.46930918240077246,-0.97465798553420346,0.41963353634921408,-0.88314116827770728,-0.66186938612650437,-0.444130753979183,-0.18479920070906242
636,0.44771293998212047,-0.99772994835775908,0.78217469933884032,0.56811699955142969,0.24311686504397279,-0.050319966698937346,0.42337332048758691,0.88486682187856713,-0.7400974167726122,-0.92729201224164792,0.088695201270408974,0.13391873770787832,-0.015651552577101935,0.46930918240077246,-0.97465798553420346,0.41963353634921408,-0.88314116827770728,-0.66186938612650437,-0.444130753979183,-0.18479920070906242
637,0.44771293998212047,-0.99772994835775908,0.78217469933884032,0.56811699955142969,0.24311686504397279,-0.050319966698937346,0.42337332048758691,0.88486682187856713,-0.7400974167726122,-0.92729201224164792,0.088695201270408974,0.13391873770787832,-0.015651552577101935,0.46930918240077246,-0.97465798553420346,0.41963353634921408,-0.88314116827770728,-0.66186938612650437,-0.444130753979183,-0.18479920070906242
638,0.44771293998212047,-0.99772994835775908,0.78217469933884032,0.56811699955142969,0.24311686504397279,-0.050319966698937346,0.42337332048758691,0.88486682187856713,-0.7400974167726122,-0.92729201224164792,0.088695201270408974,0.13391873770787832,-0.015651552577101935,0.46930918240077246,-0.97465798553420346,0.41963353634921408,-0.88314116827770728,-0.66186938612650437,-0.444130753979183,-0.18479920070906242
639,0.44771293998212047,-0.99772994835775908,0.78217469933884032,0.56811699955142969,0.24311686504397279,-0.050319966698937346,0.42337332048758691,0.88486682187856713,-0.7400974167726122,-0.92729201224164792,0.088695201270408974,0.13391873770787832,-0.015651552577101935,0.46930918240077246,-0.97465798553420346,0.41963353634921408,-0.88314116827770728,-0.66186938612650437,-0.444130753979183,-0.18479920070906242
640,0.44771293998212047,-0.99772994835775908,0.78217469933884032,0.56811699955142969,0.24311686504397279,-0.050319966698937346,0.42337332048758691,0.88486682187856713,-0.7400974167726122,-0.92729201224164792,0.088695201270408974,0.13391873770787832,-0.015651552577101935,0.46930918240077246,-0.97465798553420346,0.41963353634921408,-0.88314116827770728,-0.66186938612650437,-0.444130753979183,-0.18479920070906242
641,0.44771293998212047,-0.99772994835775908,0.78217469933884032,0.56811699955142969,0.24311686504397279,-0.050319966698937346,0.42337332048758691,0.88486682187856713,-0.7400974167726122,-0.92729201224164792,0.088695201270408974,0.13391873770787832,-0.015651552577101935,0.46930918240077246,-0.97465798553420346,0.41963353634921408,-0.88314116827770728,-0.66186938612650437,-0.444130753979183,-0.18479920070906242
642,0.44771293998212047,-0.99772994835775908,0.78217469933884032,0.56811699955142969,0.24311686504397279,-0.050319966698937346,0.42337332048758691,0.88486682187856713,-0.7400974167726122,-0.92729201224164792,0.088695201270408974,0.13391873770787832,-0.015651552577101935,0.46930918240077246,-0.97465798553420346,0.41963353634921408,-0.88314116827770728,-0.66186938612650437,-0.444130753979183,-0.18479920070906242
643,0.39281928034657732,-0.94292761505133016,0.72160658237091679,0.61017925702325759,0.26377815614197275,-0.93851946499800243,0.91472359921161273,0.5500315513561933,-0.12609287081024068,-0.34825738667965367,0.5434808766817345,-0.11004449746105194,-0.57430719161207633,0.94336316829775879,-0.64227936921836326,-0.6204736341919781,-0.50873715174177758,0.94854531738987591,0.68432949980237079,0.43903835415116998
644,0.44771293998212047,-0.99772994835775908,0.78217469933884032,0.56811699955142969,0.24311686504397279,-0.050319966698937346,0.42337332048758691,0.88486682187856713,-0.7400974167726122,-0.92729201224164792,0.088695201270408974,0.13391873770787832,-0.015651552577101935,0.46930918240077246,-0.97465798553420346,0.41963353634921408,-0.88314116827770728,-0.66186938612650437,-0.444130753979183,-0.18479920070906242
645,0.44771293998212047,-0.99772994835775908,0.78217469933884032,0.56811699955142969,0.24311686504397279,-0.050319966698937346,0.42337332048758691,0.88486682187856713,-0.7400974167726122,-0.92729201224164792,0.088695201270408974,0.13391873770787832,-0.015651552577101935,0.46930918240077246,-0.97465798553420346,0.41963353634921408,-0.88314116827770728,-0.66186938612650437,-0.444130753979183,-0.18479920070906242
646,0.44771293998212047,-0.99772994835775908,0.78217469933884032,0.56811699955142969,0.24311686504397279,-0.050319966698937346,0.42337332048758691,0.88486682187856713,-0.7400974167726122,-0.92729201224164792,0.088695201270408974,0.13391873770787832,-0.015651552577101935,0.46930918240077246,-0.97465798553420346,0.41963353634921408,-0.88314116827770728,-0.66186938612650437,-0.444130753979183,-0.18479920070906242
647,0.44771293998212047,-0.99772994835775908,0.78217469933884032,0.56811699955142969,0.24311686504397279,-0.050319966698937346,0.42337332048758691,0.88486682187856713,-0.7400974167726122,-0.92729201224164792,0.088695201270408974,0.13391873770787832,-0.015651552577101935,0.46930918240077246,-0.97465798553420346,0.41963353634921408,-0.88314116827770728,-0.66186938612650437,-0.444130753979183,-0.18479920070906242
648,0.44771293998212047,-0.99772994835775908,0.78217469933884032,0.56811699955142969,0.24311686504397279,-0.050319966698937346,0.42337332048758691,0.88486682187856713,-0.7400974167726122,-0.92729201224164792,0.088695201270408974,0.13391873770787832,-0.015651552577101935,0.46930918240077246,-0.97465798553420346,0.41963353634921408,-0.88314116827770728,-0.66186938612650437,-0.444130753979183,-0.18479920070906242
649,0.44771293998212047,-0.99772994835775908,0.78217469933884032,0.56811699955142969,0.24311686504397279,-0.050319966698937346,0.42337332048758691,0.88486682187856713,-0.7400974167726122,-0.92729201224164792,0.088695201270408974,0.13391873770787832,-0.015651552577101935,0.46930918240077246,-0.97465798553420346,0.41963353634921408,-0.88314116827770728,-0.66186938612650437,-0.444130753979183,-0.18479920070906242
650,0.44771293998212047,-0.99772994835775908,0.78217469933884032,0.56811699955142969,0.24311686504397279,-0.050319966698937346,0.42337332048758691,0.88486682187856713,-0.7400974167726122,-0.92729201224164792,0.088695201270408974,0.13391873770787832,-0.015651552577101935,0.46930918240077246,-0.97465798553420346,0.41963353634921408,-0.88314116827770728,-0.66186938612650437,-0.444130753979183,-0.18479920070906242
651,0.44771293998212047,-0.99772994835775908,0.78217469933884032,0.56811699955142969,0.24311686504397279,-0.050319966698937346,0.42337332048758691,0.88486682187856713,-0.7400974167726122,-0.92729201224164792,0.088695201270408974,0.13391873770787832,-0.015651552577101935,0.46930918240077246,-0.97465798553420346,0.41963353634921408,-0.88314116827770728,-0.66186938612650437,-0.444130753979183,-0.18479920070906242
652,0.44771293998212047,-0.99772994835775908,0.78217469933884032,0.56811699955142969,0.24311686504397279,-0.050319966698937346,0.42337332048758691,0.88486682187856713,-0.7400974167726122,-0.92729201224164792,0.088695201270408974,0.13391873770787832,-0.015651552577101935,0.46930918240077246,-0.97465798553420346,0.41963353634921408,-0.88314116827770728,-0.66186938612650437,-0.444130753979183,-0.18479920070906242
653,0.39281928034657732,-0.94292761505133016,0.72160658237091679,0.61017925702325759,0.26377815614197275,-0.93851946499800243,0.91472359921161273,0.5500315513561933,-0.12609287081024068,-0.34825738667965367,0.5434808766817345,-0.11004449746105194,-0.57430719161207633,0.94336316829775879,-0.64227936921836326,-0.6204736341919781,-0.50873715174177758,0.94854531738987591,0.68432949980237079,0.43903835415116998
654,0.44771293998212047,-0.99772994835775908,0.78217469933884032,0.56811699955142969,0.24311686504397279,-0.050319966698937346,0.42337332048758691,0.88486682187856713,-0.7400974167726122,-0.92729201224164792,0.088695201270408974,0.13391873770787832,-0.015651552577101935,0.46930918240077246,-0.97465798553420346,0.41963353634921408,-0.88314116827770728,-0.66186938612650437,-0.444130753979183,-0.18479920070906242
655,0.44771293998212047,-0.99772994835775908,0.78217469933884032,0.56811699955142969,0.24311686504397279,-0.050319966698937346,0.42337332048758691,0.88486682187856713,-0.7400974167726122,-0.92729201224164792,0.088695201270408974,0.13391873770787832,-0.015651552577101935,0.46930918240077246,-0.97465798553420346,0.41963353634921408,-0.88314116827770728,-0.66186938612650437,-0.444130753979183,-0.18479920070906242
656,0.44771293998212047,-0.99772994835775908,0.78217469933884032,0.56811699955142969,0.24311686504397279,-0.050319966698937346,0.42337332048758691,0.88486682187856713,-0.7400974167726122,-0.92729201224164792,0.088695201270408974,0.13391873770787832,-0.015651552577101935,0.46930918240077246,-0.97465798553420346,0.41963353634921408,-0.88314116827770728,-0.66186938612650437,-0.444130753979183,-0.18479920070906242
657,0.44771293998212047,-0.99772994835775908,0.78217469933884032,0.56811699955142969,0.24311686504397279,-0.050319966698937346,0.42337332048758691,0.88486682187856713,-0.7400974167726122,-0.92729201224164792,0.088695201270408974,0.13391873770787832,-0.015651552577101935,0.46930918240077246,-0.97465798553420346,0.41963353634921408,-0.88314116827770728,-0.66186938612650437,-0.444130753979183,-0.18479920070906242
658,0.44771293998212047,-0.99772994835775908,0.78217469933884032,0.56811699955142969,0.24311686504397279,-0.050319966698937346,0.42337332048758691,0.88486682187856713,-0.7400974167726122,-0.92729201224164792,0.088695201270408974,0.13391873770787832,-0.015651552577101935,0.46930918240077246,-0.97465798553420346,0.41963353634921408,-0.88314116827770728,-0.66186938612650437,-0.444130753979183,-0.18479920070906242
659,0.44771293998212047,-0.99772994835775908,0.78217469933884032,0.56811699955142969,0.24311686504397279,-0.050319966698937346,0.42337332048758691,0.88486682187856713,-0.7400974167726122,-0.92729201224164792,0.088695201270408974,0.13391873770787832,-0.015651552577101935,0.46930918240077246,-0.97465798553420346,0.41963353634921408,-0.88314116827770728,-0.66186938612650437,-0.444130753979183,-0.18479920070906242
660,0.44771293998212047,-0.99772994835775908,0.78217469933884032,0.56811699955142969,0.24311686504397279,-0.050319966698937346,0.42337332048758691,0.88486682187856713,-0.7400974167726122,-0.92729201224164792,0.088695201270408974,0.13391873770787832,-0.015651552577101935,0.46930918240077246,-0.97465798553420346,0.41963353634921408,-0.88314116827770728,-0.66186938612650437,-0.444130753979183,-0.18479920070906242
661,0.44771293998212047,-0.99772994835775908,0.78217469933884032,0.56811699955142969,0.24311686504397279,-0.050319966698937346,0.42337332048758691,0.88486682187856713,-0.7400974167726122,-0.92729201224164792,0.088695201270408974,0.13391873770787832,-0.015651552577101935,0.46930918240077246,-0.97465798553420346,0.41963353634921408,-0.88314116827770728,-0.66186938612650437,-0.444130753979183,-0.18479920070906242
662,0.44771293998212047,-0.99772994835775908,0.78217469933884032,0.56811699955142969,0.24311686504397279,-0.050319966698937346,0.42337332048758691,0.88486682187856713,-0.7400974167726122,-0.92729201224164792,0.088695201270408974,0.13391873770787832,-0.015651552577101935,0.46930918240077246,-0.97465798553420346,0.41963353634921408,-0.88314116827770728,-0.66186938612650437,-0.444130753979183,-0.18479920070906242
663,0.44771293998212047,-0.99772994835775908,0.78217469933884032,0.56811699955142969,0.24311686504397279,-0.050319966698937346,0.42337332048758691,0.88486682187856713,-0.7400974167726122,-0.92729201224164792,0.088695201270408974,0.13391873770787832,-0.015651552577101935,0.46930918240077246,-0.97465798553420346,0.41963353634921408,-0.88314116827770728,-0.66186938612650437,-0.444130753979183,-0.18479920070906242
664,0.44771293998212047,-0.99772994835775908,0.78217469933884032,0.56811699955142969,0.24311686504397279,-0.050319966698937346,0.42337332048758691,0.88486682187856713,-0.7400974167726122,-0.92729201224164792,0.088695201270408974,0.13391873770787832,-0.015651552577101935,0.46930918240077246,-0.97465798553420346,0.41963353634921408,-0.88314116827770728,-0.66186938612650437,-0.444130753979183,-0.18479920070906242
665,0.44771293998212047,-0.99772994835775908,0.78217469933884032,0.56811699955142969,0.24311686504397279,-0.050319966698937346,0.42337332048758691,0.88486682187856713,-0.7400974167726122,-0.92729201224164792,0.088695201270408974,0.13391873770787832,-0.015651552577101935,0.46930918240077246,-0.97465798553420346,0.41963353634921408,-0.88314116827770728,-0.66186938612650437,-0.444130753979183,-0.18479920070906242
666,0.44771293998212047,-0.99772994835775908,0.78217469933884032,0.56811699955142969,0.24311686504397279,-0.050319966698937346,0.42337332048758691,0.88486682187856713,-0.7400974167726122,-0.92729201224164792,0.088695201270408974,0.13391873770787832,-0.015651552577101935,0.46930918240077246,-0.97465798553420346,0.41963353634921408,-0.88314116827770728,-0.66186938612650437,-0.444130753979183,-0.18479920070906242
667,0.44771293998212047,-0.99772994835775908,0.78217469933884032,0.56811699955142969,0.24311686504397279,-0.050319966698937346,0.42337332048758691,0.88486682187856713,-0.7400974167726122,-0.92729201224164792,0.088695201270408974,0.13391873770787832,-0.015651552577101935,0.46930918240077246,-0.97465798553420346,0.41963353634921408,-0.88314116827770728,-0.66186938612650437,-0.444130753979183,-0.18479920070906242
668,0.44771293998212047,-0.99772994835775908,0.78217469933884032,0.56811699955142969,0.24311686504397279,-0.050319966698937346,0.42337332048758691,0.88486682187856713,-0.7400974167726122,-0.92729201224164792,0.088695201270408974,0.13391873770787832,-0.015651552577101935,0.46930918240077246,-0.97465798553420346,0.41963353634921408,-0.88314116827770728,-0.66186938612650437,-0.444130753979183,-0.18479920070906242
669,0.44771293998212047,-0.99772994835775908,0.78217469933884032,0.56811699955142969,0.24311686504397279,-0.050319966698937346,0.42337332048758691,0.88486682187856713,-0.7400974167726122,-0.92729201224164792,0.088695201270408974,0.13391873770787832,-0.015651552577101935,0.46930918240077246,-0.97465798553420346,0.41963353634921408,-0.88314116827770728,-0.66186938612650437,-0.444130753979183,-0.18479920070906242
670,0.44771293998212047,-0.99772994835775908,0.78217469933884032,0.56811699955142969,0.24311686504397279,-0.050319966698937346,0.42337332048758691,0.88486682187856713,-0.7400974167726122,-0.92729201224164792,0.088695201270408974,0.13391873770787832,-0.015651552577101935,0.46930918240077246,-0.97465798553420346,0.41963353634921408,-0.88314116827770728,-0.66186938612650437,-0.444130753979183,-0.18479920070906242
671,0.44771293998212047,-0.99772994835775908,0.78217469933884032,0.56811699955142969,0.24311686504397279,-0.050319966698937346,0.42337332048758691,0.88486682187856713,-0.7400974167726122,-0.92729201224164792,0.088695201270408974,0.13391873770787832,-0.015651552577101935,0.46930918240077246,-0.97465798553420346,0.41963353634921408,-0.88314116827770728,-0.66186938612650437,-0.444130753979183,-0.18479920070906242
672,0.44771293998212047,-0.99772994835775908,0.78217469933884032,0.56811699955142969,0.24311686504397279,-0.050319966698937346,0.42337332048758691,0.88486682187856713,-0.7400974167726122,-0.92729201224164792,0.088695201270408974,0.13391873770787832,-0.015651552577101935,0.46930918240077246,-0.97465798553420346,0.41963353634921408,-0.88314116827770728,-0.66186938612650437,-0.444130753979183,-0.18479920070906242
673,0.44771293998212047,-0.99772994835775908,0.78217469933884032,0.56811699955142969,0.24311686504397279,-0.050319966698937346,0.42337332048758691,0.88486682187856713,-0.7400974167726122,-0.92729201224164792,0.088695201270408974,0.13391873770787832,-0.015651552577101935,0.46930918240077246,-0.97465798553420346,0.41963353634921408,-0.88314116827770728,-0.66186938612650437,-0.444130753979183,-0.18479920070906242
674,0.44771293998212047,-0.99772994835775908,0.78217469933884032,0.56811699955142969,0.24311686504397279,-0.050319966698937346,0.42337332048758691,0.88486682187856713,-0.7400974167726122,-0.92729201224164792,0.088695201270408974,0.13391873770787832,-0.015651552577101935,0.46930918240077246,-0.97465798553420346,0.41963353634921408,-0.88314116827770728,-0.66186938612650437,-0.444130753979183,-0.18479920070906242
675,0.44771293998212047,-0.99772994835775908,0.78217469933884032,0.56811699955142969,0.24311686504397279,-0.050319966698937346,0.42337332048758691,0.88486682187856713,-0.7400974167726122,-0.92729201224164792,0.088695201270408974,0.13391873770787832,-0.015651552577101935,0.46930918240077246,-0.97465798553420346,0.41963353634921408,-0.88314116827770728,-0.66186938612650437,-0.444130753979183,-0.18479920070906242
676,0.44771293998212047,-0.99772994835775908,0.78217469933884032,0.56811699955142969,0.24311686504397279,-0.050319966698937346,0.42337332048758691,0.88486682187856713,-0.7400974167726122,-0.92729201224164792,0.088695201270408974,0.13391873770787832,-0.015651552577101935,0.46930918240077246,-0.97465798553420346,0.41963353634921408,-0.88314116827770728,-0.66186938612650437,-0.444130753979183,-0.18479920070906242
677,0.44771293998212047,-0.99772994835775908,0.78217469933884032,0.56811699955142969,0.24311686504397279,-0.050319966698937346,0.42337332048758691,0.88486682187856713,-0.7400974167726122,-0.92729201224164792,0.088695201270408974,0.13391873770787832,-0.015651552577101935,0.46930918240077246,-0.97465798553420346,0.41963353634921408,-0.88314116827770728,-0.66186938612650437,-0.444130753979183,-0.18479920070906242
678,0.44771293998212047,-0.99772994835775908,0.78217469933884032,0.56811699955142969,0.24311686504397279,-0.050319966698937346,0.42337332048758691,0.88486682187856713,-0.7400974167726122,-0.92729201224164792,0.088695201270408974,0.13391873770787832,-0.015651552577101935,0.46930918240077246,-0.97465798553420346,0.41963353634921408,-0.88314116827770728,-0.66186938612650437,-0.444130753979183,-0.18479920070906242
679,0.44771293998212047,-0.99772994835775908,0.78217469933884032,0.56811699955142969,0.24311686504397279,-0.050319966698937346,0.42337332048758691,0.88486682187856713,-0.7400974167726122,-0.92729201224164792,0.088695201270408974,0.13391873770787832,-0.015651552577101935,0.46930918240077246,-0.97465798553420346,0.41963353634921408,-0.88314116827770728,-0.66186938612650437,-0.444130753979183,-0.18479920070906242
680,0.44771293998212047,-0.99772994835775908,0.78217469933884032,0.56811699955142969,0.24311686504397279,-0.050319966698937346,0.42337332048758691,0.88486682187856713,-0.7400974167726122,-0.92729201224164792,0.088695201270408974,0.13391873770787832,-0.015651552577101935,0.46930918240077246,-0.97465798553420346,0.41963353634921408,-0.88314116827770728,-0.66186938612650437,-0.444130753979183,-0.18479920070906242
681,0.44771293998212047,-0.99772994835775908,0.78217469933884032,0.56811699955142969,0.24311686504397279,-0.050319966698937346,0.42337332048758691,0.88486682187856713,-0.7400974167726122,-0.92729201224164792,0.088695201270408974,0.13391873770787832,-0.015651552577101935,0.46930918240077246,-0.97465798553420346,0.41963353634921408,-0.88314116827770728,-0.66186938612650437,-0.444130753979183,-0.18479920070906242
682,0.44771293998212047,-0.99772994835775908,0.78217469933884032,0.56811699955142969,0.24311686504397279,-0.050319966698937346,0.42337332048758691,0.88486682187856713,-0.7400974167726122,-0.92729201224164792,0.088695201270408974,0.13391873770787832,-0.015651552577101935,0.46930918240077246,-0.97465798553420346,0.41963353634921408,-0.88314116827770728,-0.66186938612650437,-0.444130753979183,-0.18479920070906242
683,0.44771293998212047,-0.99772994835775908,0.78217469933884032,0.56811699955142969,0.24311686504397279,-0.050319966698937346,0.42337332048758691,0.88486682187856713,-0.7400974167726122,-0.92729201224164792,0.088695201270408974,0.13391873770787832,-0.015651552577101935,0.46930918240077246,-0.97465798553420346,0.41963353634921408,-0.88314116827770728,-0.66186938612650437,-0.444130753979183,-0.18479920070906242
684,0.44771293998212047,-0.99772994835775908,0.78217469933884032,0.56811699955142969,0.24311686504397279,-0.050319966698937346,0.42337332048758691,0.88486682187856713,-0.7400974167726122,-0.92729201224164792,0.088695201270408974,0.13391873770787832,-0.015651552577101935,0.46930918240077246,-0.97465798553420346,0.41963353634921408,-0.88314116827770728,-0.66186938612650437,-0.444130753979183,-0.18479920070906242
685,0.44771293998212047,-0.99772994835775908,0.78217469933884032,0.56811699955142969,0.24311686504397279,-0.050319966698937346,0.42337332048758691,0.88486682187856713,-0.7400974167726122,-0.92729201224164792,0.088695201270408974,0.13391873770787832,-0.015651552577101935,0.46930918240077246,-0.97465798553420346,0.41963353634921408,-0.88314116827770728,-0.66186938612650437,-0.444130753979183,-0.18479920070906242
686,0.44771293998212047,-0.99772994835775908,0.78217469933884032,0.56811699955142969,0.24311686504397279,-0.050319966698937346,0.42337332048758691,0.88486682187856713,-0.7400974167726122,-0.92729201224164792,0.088695201270408974,0.13391873770787832,-0.015651552577101935,0.46930918240077246,-0.97465798553420346,0.41963353634921408,-0.88314116827770728,-0.66186938612650437,-0.444130753979183,-0.18479920070906242
687,0.44771293998212047,-0.99772994835775908,0.78217469933884032,0.56811699955142969,0.24311686504397279,-0.050319966698937346,0.42337332048758691,0.88486682187856713,-0.7400974167726122,-0.92729201224164792,0.088695201270408974,0.13391873770787832,-0.015651552577101935,0.46930918240077246,-0.97465798553420346,0.41963353634921408,-0.88314116827770728,-0.66186938612650437,-0.444130753979183,-0.18479920070906242
688,0.44771293998212047,-0.99772994835775908,0.78217469933884032,0.56811699955142969,0.24311686504397279,-0.050319966698937346,0.42337332048758691,0.88486682187856713,-0.7400974167726122,-0.92729201224164792,0.088695201270408974,0.13391873770787832,-0.015651552577101935,0.46930918240077246,-0.97465798553420346,0.41963353634921408,-0.88314116827770728,-0.66186938612650437,-0.444130753979183,-0.18479920070906242
689,0.44771293998212047,-0.99772994835775908,0.78217469933884032,0.56811699955142969,0.24311686504397279,-0.050319966698937346,0.42337332048758691,0.88486682187856713,-0.7400974167726122,-0.92729201224164792,0.088695201270408974,0.13391873770787832,-0.015651552577101935,0.46930918240077246,-0.97465798553420346,0.41963353634921408,-0.88314116827770728,-0.66186938612650437,-0.444130753979183,-0.18479920070906242
690,0.44771293998212047,-0.99772994835775908,0.78217469933884032,0.56811699955142969,0.24311686504397279,-0.050319966698937346,0.42337332048758691,0.88486682187856713,-0.7400974167726122,-0.92729201224164792,0.088695201270408974,0.13391873770787832,-0.015651552577101935,0.46930918240077246,-0.97465798553420346,0.41963353634921408,-0.88314116827770728,-0.66186938612650437,-0.444130753979183,-0.18479920070906242
691,0.44771293998212047,-0.99772994835775908,0.78217469933884032,0.56811699955142969,0.24311686504397279,-0.050319966698937346,0.42337332048758691,0.88486682187856713,-0.7400974167726122,-0.92729201224164792,0.088695201270408974,0.13391873770787832,-0.015651552577101935,0.46930918240077246,-0.97465798553420346,0.41963353634921408,-0.88314116827770728,-0.66186938612650437,-0.444130753979183,-0.18479920070906242
692,0.44771293998212047,-0.99772994835775908,0.78217469933884032,0.56811699955142969,0.24311686504397279,-0.050319966698937346,0.42337332048758691,0.88486682187856713,-0.7400974167726122,-0.92729201224164792,0.088695201270408974,0.13391873770787832,-0.015651552577101935,0.46930918240077246,-0.97465798553420346,0.41963353634921408,-0.88314116827770728,-0.66186938612650437,-0.444130753979183,-0.18479920070906242
693,0.44771293998212047,-0.99772994835775908,0.78217469933884032,0.56811699955142969,0.24311686504397279,-0.050319966698937346,0.42337332048758691,0.88486682187856713,-0.7400974167726122,-0.92729201224164792,0.088695201270408974,0.13391873770787832,-0.015651552577101935,0.46930918240077246,-0.97465798553420346,0.41963353634921408,-0.88314116827770728,-0.66186938612650437,-0.444130753979183,-0.18479920070906242
694,0.44771293998212047,-0.99772994835775908,0.78217469933884032,0.56811699955142969,0.24311686504397279,-0.050319966698937346,0.42337332048758691,0.88486682187856713,-0.7400974167726122,-0.92729201224164792,0.088695201270408974,0.13391873770787832,-0.015651552577101935,0.46930918240077246,-0.97465798553420346,0.41963353634921408,-0.88314116827770728,-0.66186938612650437,-0.444130753979183,-0.18479920070906242
695,0.44771293998212047,-0.99772994835775908,0.78217469933884032,0.56811699955142969,0.24311686504397279,-0.050319966698937346,0.42337332048758691,0.88486682187856713,-0.7400974167726122,-0.92729201224164792,0.088695201270408974,0.13391873770787832,-0.015651552577101935,0.46930918240077246,-0.97465798553420346,0.41963353634921408,-0.88314116827770728,-0.66186938612650437,-0.444130753979183,-0.18479920070906242
696,0.44771293998212047,-0.99772994835775908,0.78217469933884032,0.56811699955142969,0.24311686504397279,-0.050319966698937346,0.42337332048758691,0.88486682187856713,-0.7400974167726122,-0.92729201224164792,0.088695201270408974,0.13391873770787832,-0.015651552577101935,0.46930918240077246,-0.97465798553420346,0.41963353634921408,-0.88314116827770728,-0.66186938612650437,-0.444130753979183,-0.18479920070906242
697,0.44771293998212047,-0.99772994835775908,0.78217469933884032,0.56811699955142969,0.24311686504397279,-0.050319966698937346,0.42337332048758691,0.88486682187856713,-0.7400974167726122,-0.92729201224164792,0.088695201270408974,0.13391873770787832,-0.015651552577101935,0.46930918240077246,-0.97465798553420346,0.41963353634921408,-0.88314116827770728,-0.66186938612650437,-0.444130753979183,-0.18479920070906242
698,0.44771293998212047,-0.99772994835775908,0.78217469933884032,0.56811699955142969,0.24311686504397279,-0.050319966698937346,0.42337332048758691,0.88486682187856713,-0.7400974167726122,-0.92729201224164792,0.088695201270408974,0.13391873770787832,-0.015651552577101935,0.46930918240077246,-0.97465798553420346,0.41963353634921408,-0.88314116827770728,-0.66186938612650437,-0.444130753979183,-0.18479920070906242
699,0.44771293998212047,-0.99772994835775908,0.78217469933884032,0.56811699955142969,0.24311686504397279,-0.050319966698937346,0.42337332048758691,0.88486682187856713,-0.7400974167726122,-0.92729201224164792,0.088695201270408974,0.13391873770787832,-0.015651552577101935,0.46930918240077246,-0.97465798553420346,0.41963353634921408,-0.88314116827770728,-0.66186938612650437,-0.444130753979183,-0.18479920070906242
700,0.44771293998212047,-0.99772994835775908,0.78217469933884032,0.56811699955142969,0.24311686504397279,-0.050319966698937346,0.42337332048758691,0.88486682187856713,-0.7400974167726122,-0.92729201224164792,0.088695201270408974,0.13391873770787832,-0.015651552577101935,0.46930918240077246,-0.97465798553420346,0.41963353634921408,-0.88314116827770728,-0.66186938612650437,-0.444130753979183,-0.18479920070906242
701,0.44771293998212047,-0.99772994835775908,0.78217469933884032,0.56811699955142969,0.24311686504397279,-0.050319966698937346,0.42337332048758691,0.88486682187856713,-0.7400974167726122,-0.92729201224164792,0.088695201270408974,0.13391873770787832,-0.015651552577101935,0.46930918240077246,-0.97465798553420346,0.41963353634921408,-0.88314116827770728,-0.66186938612650437,-0.444130753979183,-0.18479920070906242
702,0.44771293998212047,-0.99772994835775908,0.78217469933884032,0.56811699955142969,0.24311686504397279,-0.050319966698937346,0.42337332048758691,0.88486682187856713,-0.7400974167726122,-0.92729201224164792,0.088695201270408974,0.13391873770787832,-0.015651552577101935,0.46930918240077246,-0.97465798553420346,0.41963353634921408,-0.88314116827770728,-0.66186938612650437,-0.444130753979183,-0.18479920070906242
703,0.44771293998212047,-0.99772994835775908,0.78217469933884032,0.56811699955142969,0.24311686504397279,-0.050319966698937346,0.42337332048758691,0.88486682187856713,-0.7400974167726122,-0.92729201224164792,0.088695201270408974,0.13391873770787832,-0.015651552577101935,0.46930918240077246,-0.97465798553420346,0.41963353634921408,-0.88314116827770728,-0.66186938612650437,-0.444130753979183,-0.18479920070906242
704,0.44771293998212047,-0.99772994835775908,0.78217469933884032,0.56811699955142969,0.24311686504397279,-0.050319966698937346,0.42337332048758691,0.88486682187856713,-0.7400974167726122,-0.92729201224164792,0.088695201270408974,0.13391873770787832,-0.015651552577101935,0.46930918240077246,-0.97465798553420346,0.41963353634921408,-0.88314116827770728,-0.66186938612650437,-0.444130753979183,-0.18479920070906242
705,0.44771293998212047,-0.99772994835775908,0.78217469933884032,0.56811699955142969,0.24311686504397279,-0.050319966698937346,0.42337332048758691,0.88486682187856713,-0.7400974167726122,-0.92729201224164792,0.088695201270408974,0.13391873770787832,-0.015651552577101935,0.46930918240077246,-0.97465798553420346,0.41963353634921408,-0.88314116827770728,-0.66186938612650437,-0.444130753979183,-0.18479920070906242
706,0.44771293998212047,-0.99772994835775908,0.78217469933884032,0.56811699955142969,0.24311686504397279,-0.050319966698937346,0.42337332048758691,0.88486682187856713,-0.7400974167726122,-0.92729201224164792,0.088695201270408974,0.13391873770787832,-0.015651552577101935,0.46930918240077246,-0.97465798553420346,0.41963353634921408,-0.88314116827770728,-0.66186938612650437,-0.444130753979183,-0.18479920070906242
707,0.44771293998212047,-0.99772994835775908,0.78217469933884032,0.56811699955142969,0.24311686504397279,-0.050319966698937346,0.42337332048758691,0.88486682187856713,-0.7400974167726122,-0.92729201224164792,0.088695201270408974,0.13391873770787832,-0.015651552577101935,0.46930918240077246,-0.97465798553420346,0.41963353634921408,-0.88314116827770728,-0.66186938612650437,-0.444130753979183,-0.18479920070906242
708,0.44771293998212047,-0.99772994835775908,0.78217469933884032,0.56811699955142969,0.24311686504397279,-0.050319966698937346,0.42337332048758691,0.88486682187856713,-0.7400974167726122,-0.92729201224164792,0.088695201270408974,0.13391873770787832,-0.015651552577101935,0.46930918240077246,-0.97465798553420346,0.41963353634921408,-0.88314116827770728,-0.66186938612650437,-0.444130753979183,-0.18479920070906242
709,0.44771293998212047,-0.99772994835775908,0.78217469933884032,0.56811699955142969,0.24311686504397279,-0.050319966698937346,0.42337332048758691,0.88486682187856713,-0.7400974167726122,-0.92729201224164792,0.088695201270408974,0.13391873770787832,-0.015651552577101935,0.46930918240077246,-0.97465798553420346,0.41963353634921408,-0.88314116827770728,-0.66186938612650437,-0.444130753979183,-0.18479920070906242
710,0.44771293998212047,-0.99772994835775908,0.78217469933884032,0.56811699955142969,0.24311686504397279,-0.050319966698937346,0.42337332048758691,0.88486682187856713,-0.7400974167726122,-0.92729201224164792,0.088695201270408974,0.13391873770787832,-0.015651552577101935,0.46930918240077246,-0.97465798553420346,0.41963353634921408,-0.88314116827770728,-0.66186938612650437,-0.444130753979183,-0.18479920070906242
711,0.44771293998212047,-0.99772994835775908,0.78217469933884032,0.56811699955142969,0.24311686504397279,-0.050319966698937346,0.42337332048758691,0.88486682187856713,-0.7400974167726122,-0.92729201224164792,0.088695201270408974,0.13391873770787832,-0.015651552577101935,0.46930918240077246,-0.97465798553420346,0.41963353634921408,-0.88314116827770728,-0.66186938612650437,-0.444130753979183,-0.18479920070906242
712,0.44771293998212047,-0.99772994835775908,0.78217469933884032,0.56811699955142969,0.24311686504397279,-0.050319966698937346,0.42337332048758691,0.88486682187856713,-0.7400974167726122,-0.92729201224164792,0.088695201270408974,0.13391873770787832,-0.015651552577101935,0.46930918240077246,-0.97465798553420346,0.41963353634921408,-0.88314116827770728,-0.66186938612650437,-0.444130753979183,-0.18479920070906242
713,0.44771293998212047,-0.99772994835775908,0.78217469933884032,0.56811699955142969,0.24311686504397279,-0.050319966698937346,0.42337332048758691,0.88486682187856713,-0.7400974167726122,-0.92729201224164792,0.088695201270408974,0.13391873770787832,-0.015651552577101935,0.46930918240077246,-0.97465798553420346,0.41963353634921408,-0.88314116827770728,-0.66186938612650437,-0.444130753979183,-0.18479920070906242
714,0.44771293998212047,-0.99772994835775908,0.78217469933884032,0.56811699955142969,0.24311686504397279,-0.050319966698937346,0.42337332048758691,0.88486682187856713,-0.7400974167726122,-0.92729201224164792,0.088695201270408974,0.13391873770787832,-0.015651552577101935,0.46930918240077246,-0.97465798553420346,0.41963353634921408,-0.88314116827770728,-0.66186938612650437,-0.444130753979183,-0.18479920070906242
715,0.39281928034657732,-0.94292761505133016,0.72160658237091679,0.61017925702325759,0.26377815614197275,-0.93851946499800243,0.91472359921161273,0.5500315513561933,-0.12609287081024068,-0.34825738667965367,0.5434808766817345,-0.11004449746105194,-0.57430719161207633,0.94336316829775879,-0.64227936921836326,-0.6204736341919781,-0.50873715174177758,0.94854531738987591,0.68432949980237079,0.43903835415116998
716,0.44771293998212047,-0.99772994835775908,0.78217469933884032,0.56811699955142969,0.24311686504397279,-0.050319966698937346,0.42337332048758691,0.88486682187856713,-0.7400974167726122,-0.92729201224164792,0.088695201270408974,0.13391873770787832,-0.015651552577101935,0.46930918240077246,-0.97465798553420346,0.41963353634921408,-0.88314116827770728,-0.66186938612650437,-0.444130753979183,-0.18479920070906242
717,0.44771293998212047,-0.99772994835775908,0.78217469933884032,0.56811699955142969,0.24311686504397279,-0.050319966698937346,0.42337332048758691,0.88486682187856713,-0.7400974167726122,-0.92729201224164792,0.088695201270408974,0.13391873770787832,-0.015651552577101935,0.46930918240077246,-0.97465798553420346,0.41963353634921408,-0.88314116827770728,-0.66186938612650437,-0.444130753979183,-0.18479920070906242
718,0.44771293998212047,-0.99772994835775908,0.78217469933884032,0.56811699955142969,0.24311686504397279,-0.050319966698937346,0.42337332048758691,0.88486682187856713,-0.7400974167726122,-0.92729201224164792,0.088695201270408974,0.13391873770787832,-0.015651552577101935,0.46930918240077246,-0.97465798553420346,0.41963353634921408,-0.88314116827770728,-0.66186938612650437,-0.444130753979183,-0.18479920070906242
719,0.44771293998212047,-0.99772994835775908,0.78217469933884032,0.56811699955142969,0.24311686504397279,-0.050319966698937346,0.42337332048758691,0.88486682187856713,-0.7400974167726122,-0.92729201224164792,0.088695201270408974,0.13391873770787832,-0.015651552577101935,0.46930918240077246,-0.97465798553420346,0.41963353634921408,-0.88314116827770728,-0.66186938612650437,-0.444130753979183,-0.18479920070906242
720,0.44771293998212047,-0.99772994835775908,0.78217469933884032,0.56811699955142969,0.24311686504397279,-0.050319966698937346,0.42337332048758691,0.88486682187856713,-0.7400974167726122,-0.92729201224164792,0.088695201270408974,0.13391873770787832,-0.015651552577101935,0.46930918240077246,-0.97465798553420346,0.41963353634921408,-0.88314116827770728,-0.66186938612650437,-0.444130753979183,-0.18479920070906242
721,0.44771293998212047,-0.99772994835775908,0.78217469933884032,0.56811699955142969,0.24311686504397279,-0.050319966698937346,0.42337332048758691,0.88486682187856713,-0.7400974167726122,-0.92729201224164792,0.088695201270408974,0.13391873770787832,-0.015651552577101935,0.46930918240077246,-0.97465798553420346,0.41963353634921408,-0.88314116827770728,-0.66186938612650437,-0.444130753979183,-0.18479920070906242
722,0.44771293998212047,-0.99772994835775908,0.78217469933884032,0.56811699955142969,0.24311686504397279,-0.050319966698937346,0.42337332048758691,0.88486682187856713,-0.7400974167726122,-0.92729201224164792,0.088695201270408974,0.13391873770787832,-0.015651552577101935,0.46930918240077246,-0.97465798553420346,0.41963353634921408,-0.88314116827770728,-0.66186938612650437,-0.444130753979183,-0.18479920070906242
723,0.44771293998212047,-0.99772994835775908,0.78217469933884032,0.56811699955142969,0.24311686504397279,-0.050319966698937346,0.42337332048758691,0.88486682187856713,-0.7400974167726122,-0.92729201224164792,0.088695201270408974,0.13391873770787832,-0.015651552577101935,0.46930918240077246,-0.97465798553420346,0.41963353634921408,-0.88314116827770728,-0.66186938612650437,-0.444130753979183,-0.18479920070906242
724,0.44771293998212047,-0.99772994835775908,0.78217469933884032,0.56811699955142969,0.24311686504397279,-0.050319966698937346,0.42337332048758691,0.88486682187856713,-0.7400974167726122,-0.92729201224164792,0.088695201270408974,0.13391873770787832,-0.015651552577101935,0.46930918240077246,-0.97465798553420346,0.41963353634921408,-0.88314116827770728,-0.66186938612650437,-0.444130753979183,-0.18479920070906242
725,0.44771293998212047,-0.99772994835775908,0.78217469933884032,0.56811699955142969,0.24311686504397279,-0.050319966698937346,0.42337332048758691,0.88486682187856713,-0.7400974167726122,-0.92729201224164792,0.088695201270408974,0.13391873770787832,-0.015651552577101935,0.46930918240077246,-0.97465798553420346,0.41963353634921408,-0.88314116827770728,-0.66186938612650437,-0.444130753979183,-0.18479920070906242
726,0.44771293998212047,-0.99772994835775908,0.78217469933884032,0.56811699955142969,0.24311686504397279,-0.050319966698937346,0.42337332048758691,0.88486682187856713,-0.7400974167726122,-0.92729201224164792,0.088695201270408974,0.13391873770787832,-0.015651552577101935,0.46930918240077246,-0.97465798553420346,0.41963353634921408,-0.88314116827770728,-0.66186938612650437,-0.444130753979183,-0.18479920070906242
727,0.44771293998212047,-0.99772994835775908,0.78217469933884032,0.56811699955142969,0.24311686504397279,-0.050319966698937346,0.42337332048758691,0.88486682187856713,-0.7400974167726122,-0.92729201224164792,0.088695201270408974,0.13391873770787832,-0.015651552577101935,0.46930918240077246,-0.97465798553420346,0.41963353634921408,-0.88314116827770728,-0.66186938612650437,-0.444130753979183,-0.18479920070906242
728,0.44771293998212047,-0.99772994835775908,0.78217469933884032,0.56811699955142969,0.24311686504397279,-0.050319966698937346,0.42337332048758691,0.88486682187856713,-0.7400974167726122,-0.92729201224164792,0.088695201270408974,0.13391873770787832,-0.015651552577101935,0.46930918240077246,-0.97465798553420346,0.41963353634921408,-0.88314116827770728,-0.66186938612650437,-0.444130753979183,-0.18479920070906242
729,0.44771293998212047,-0.99772994835775908,0.78217469933884032,0.56811699955142969,0.24311686504397279,-0.050319966698937346,0.42337332048758691,0.88486682187856713,-0.7400974167726122,-0.92729201224164792,0.088695201270408974,0.13391873770787832,-0.015651552577101935,0.46930918240077246,-0.97465798553420346,0.41963353634921408,-0.88314116827770728,-0.66186938612650437,-0.444130753979183,-0.18479920070906242
730,0.44771293998212047,-0.99772994835775908,0.78217469933884032,0.56811699955142969,0.24311686504397279,-0.050319966698937346,0.42337332048758691,0.88486682187856713,-0.7400974167726122,-0.92729201224164792,0.088695201270408974,0.13391873770787832,-0.015651552577101935,0.46930918240077246,-0.97465798553420346,0.41963353634921408,-0.88314116827770728,-0.66186938612650437,-0.444130753979183,-0.18479920070906242
731,0.44771293998212047,-0.99772994835775908,0.78217469933884032,0.56811699955142969,0.24311686504397279,-0.050319966698937346,0.42337332048758691,0.88486682187856713,-0.7400974167726122,-0.92729201224164792,0.088695201270408974,0.13391873770787832,-0.015651552577101935,0.46930918240077246,-0.97465798553420346,0.41963353634921408,-0.88314116827770728,-0.66186938612650437,-0.444130753979183,-0.18479920070906242
732,0.44771293998212047,-0.99772994835775908,0.78217469933884032,0.56811699955142969,0.24311686504397279,-0.050319966698937346,0.42337332048758691,0.88486682187856713,-0.7400974167726122,-0.92729201224164792,0.088695201270408974,0.13391873770787832,-0.015651552577101935,0.46930918240077246,-0.97465798553420346,0.41963353634921408,-0.88314116827770728,-0.66186938612650437,-0.444130753979183,-0.18479920070906242
733,0.44771293998212047,-0.99772994835775908,0.78217469933884032,0.56811699955142969,0.24311686504397279,-0.050319966698937346,0.42337332048758691,0.88486682187856713,-0.7400974167726122,-0.92729201224164792,0.088695201270408974,0.13391873770787832,-0.015651552577101935,0.46930918240077246,-0.97465798553420346,0.41963353634921408,-0.88314116827770728,-0.66186938612650437,-0.444130753979183,-0.18479920070906242
734,0.44771293998212047,-0.99772994835775908,0.78217469933884032,0.56811699955142969,0.24311686504397279,-0.050319966698937346,0.42337332048758691,0.88486682187856713,-0.7400974167726122,-0.92729201224164792,0.088695201270408974,0.13391873770787832,-0.015651552577101935,0.46930918240077246,-0.97465798553420346,0.41963353634921408,-0.88314116827770728,-0.66186938612650437,-0.444130753979183,-0.18479920070906242
735,0.44771293998212047,-0.99772994835775908,0.78217469933884032,0.56811699955142969,0.24311686504397279,-0.050319966698937346,0.42337332048758691,0.88486682187856713,-0.7400974167726122,-0.92729201224164792,0.088695201270408974,0.13391873770787832,-0.015651552577101935,0.46930918240077246,-0.97465798553420346,0.41963353634921408,-0.88314116827770728,-0.66186938612650437,-0.444130753979183,-0.18479920070906242
736,0.44771293998212047,-0.99772994835775908,0.78217469933884032,0.56811699955142969,0.24311686504397279,-0.050319966698937346,0.42337332048758691,0.88486682187856713,-0.7400974167726122,-0.92729201224164792,0.088695201270408974,0.13391873770787832,-0.015651552577101935,0.46930918240077246,-0.97465798553420346,0.41963353634921408,-0.88314116827770728,-0.66186938612650437,-0.444130753979183,-0.18479920070906242
737,0.44771293998212047,-0.99772994835775908,0.78217469933884032,0.56811699955142969,0.24311686504397279,-0.050319966698937346,0.42337332048758691,0.88486682187856713,-0.7400974167726122,-0.92729201224164792,0.088695201270408974,0.13391873770787832,-0.015651552577101935,0.46930918240077246,-0.97465798553420346,0.41963353634921408,-0.88314116827770728,-0.66186938612650437,-0.444130753979183,-0.18479920070906242
738,0.44771293998212047,-0.99772994835775908,0.78217469933884032,0.56811699955142969,0.24311686504397279,-0.050319966698937346,0.42337332048758691,0.88486682187856713,-0.7400974167726122,-0.92729201224164792,0.088695201270408974,0.13391873770787832,-0.015651552577101935,0.46930918240077246,-0.97465798553420346,0.41963353634921408,-0.88314116827770728,-0.66186938612650437,-0.444130753979183,-0.18479920070906242
739,0.44771293998212047,-0.99772994835775908,0.78217469933884032,0.56811699955142969,0.24311686504397279,-0.050319966698937346,0.42337332048758691,0.88486682187856713,-0.7400974167726122,-0.92729201224164792,0.088695201270408974,0.13391873770787832,-0.015651552577101935,0.46930918240077246,-0.97465798553420346,0.41963353634921408,-0.88314116827770728,-0.66186938612650437,-0.444130753979183,-0.18479920070906242
740,0.44771293998212047,-0.99772994835775908,0.78217469933884032,0.56811699955142969,0.24311686504397279,-0.050319966698937346,0.42337332048758691,0.88486682187856713,-0.7400974167726122,-0.92729201224164792,0.088695201270408974,0.13391873770787832,-0.015651552577101935,0.46930918240077246,-0.97465798553420346,0.41963353634921408,-0.88314116827770728,-0.66186938612650437,-0.444130753979183,-0.18479920070906242
741,0.44771293998212047,-0.99772994835775908,0.78217469933884032,0.56811699955142969,0.24311686504397279,-0.050319966698937346,0.42337332048758691,0.88486682187856713,-0.7400974167726122,-0.92729201224164792,0.088695201270408974,0.13391873770787832,-0.015651552577101935,0.46930918240077246,-0.97465798553420346,0.41963353634921408,-0.88314116827770728,-0.66186938612650437,-0.444130753979183,-0.18479920070906242
742,0.44771293998212047,-0.99772994835775908,0.78217469933884032,0.56811699955142969,0.24311686504397279,-0.050319966698937346,0.42337332048758691,0.88486682187856713,-0.7400974167726122,-0.92729201224164792,0.088695201270408974,0.13391873770787832,-0.015651552577101935,0.46930918240077246,-0.97465798553420346,0.41963353634921408,-0.88314116827770728,-0.66186938612650437,-0.444130753979183,-0.18479920070906242
743,0.44771293998212047,-0.99772994835775908,0.78217469933884032,0.56811699955142969,0.24311686504397279,-0.050319966698937346,0.42337332048758691,0.88486682187856713,-0.7400974167726122,-0.92729201224164792,0.088695201270408974,0.13391873770787832,-0.015651552577101935,0.46930918240077246,-0.97465798553420346,0.41963353634921408,-0.88314116827770728,-0.66186938612650437,-0.444130753979183,-0.18479920070906242
744,0.44771293998212047,-0.99772994835775908,0.78217469933884032,0.56811699955142969,0.24311686504397279,-0.050319966698937346,0.42337332048758691,0.88486682187856713,-0.7400974167726122,-0.92729201224164792,0.088695201270408974,0.13391873770787832,-0.015651552577101935,0.46930918240077246,-0.97465798553420346,0.41963353634921408,-0.88314116827770728,-0.66186938612650437,-0.444130753979183,-0.18479920070906242
745,0.44771293998212047,-0.99772994835775908,0.78217469933884032,0.56811699955142969,0.24311686504397279,-0.050319966698937346,0.42337332048758691,0.88486682187856713,-0.7400974167726122,-0.92729201224164792,0.088695201270408974,0.13391873770787832,-0.015651552577101935,0.46930918240077246,-0.97465798553420346,0.41963353634921408,-0.88314116827770728,-0.66186938612650437,-0.444130753979183,-0.18479920070906242
746,0.44771293998212047,-0.99772994835775908,0.78217469933884032,0.56811699955142969,0.24311686504397279,-0.050319966698937346,0.42337332048758691,0.88486682187856713,-0.7400974167726122,-0.92729201224164792,0.088695201270408974,0.13391873770787832,-0.015651552577101935,0.46930918240077246,-0.97465798553420346,0.41963353634921408,-0.88314116827770728,-0.66186938612650437,-0.444130753979183,-0.18479920070906242
747,0.44771293998212047,-0.99772994835775908,0.78217469933884032,0.56811699955142969,0.24311686504397279,-0.050319966698937346,0.42337332048758691,0.88486682187856713,-0.7400974167726122,-0.92729201224164792,0.088695201270408974,0.13391873770787832,-0.015651552577101935,0.46930918240077246,-0.97465798553420346,0.41963353634921408,-0.88314116827770728,-0.66186938612650437,-0.444130753979183,-0.18479920070906242
748,0.44771293998212047,-0.99772994835775908,0.78217469933884032,0.56811699955142969,0.24311686504397279,-0.050319966698937346,0.42337332048758691,0.88486682187856713,-0.7400974167726122,-0.92729201224164792,0.088695201270408974,0.13391873770787832,-0.015651552577101935,0.46930918240077246,-0.97465798553420346,0.41963353634921408,-0.88314116827770728,-0.66186938612650437,-0.444130753979183,-0.18479920070906242
749,0.44771293998212047,-0.99772994835775908,0.78217469933884032,0.56811699955142969,0.24311686504397279,-0.050319966698937346,0.42337332048758691,0.88486682187856713,-0.7400974167726122,-0.92729201224164792,0.088695201270408974,0.13391873770787832,-0.015651552577101935,0.46930918240077246,-0.97465798553420346,0.41963353634921408,-0.88314116827770728,-0.66186938612650437,-0.444130753979183,-0.18479920070906242
750,0.44771293998212047,-0.99772994835775908,0.78217469933884032,0.56811699955142969,0.24311686504397279,-0.050319966698937346,0.42337332048758691,0.88486682187856713,-0.7400974167726122,-0.92729201224164792,0.088695201270408974,0.13391873770787832,-0.015651552577101935,0.46930918240077246,-0.97465798553420346,0.41963353634921408,-0.88314116827770728,-0.66186938612650437,-0.444130753979183,-0.18479920070906242
751,0.44771293998212047,-0.99772994835775908,0.78217469933884032,0.56811699955142969,0.24311686504397279,-0.050319966698937346,0.42337332048758691,0.88486682187856713,-0.7400974167726122,-0.92729201224164792,0.088695201270408974,0.13391873770787832,-0.015651552577101935,0.46930918240077246,-0.97465798553420346,0.41963353634921408,-0.88314116827770728,-0.66186938612650437,-0.444130753979183,-0.18479920070906242
752,0.44771293998212047,-0.99772994835775908,0.78217469933884032,0.56811699955142969,0.24311686504397279,-0.050319966698937346,0.42337332048758691,0.88486682187856713,-0.7400974167726122,-0.92729201224164792,0.088695201270408974,0.13391873770787832,-0.015651552577101935,0.46930918240077246,-0.97465798553420346,0.41963353634921408,-0.88314116827770728,-0.66186938612650437,-0.444130753979183,-0.18479920070906242
753,0.44771293998212047,-0.99772994835775908,0.78217469933884032,0.56811699955142969,0.24311686504397279,-0.050319966698937346,0.42337332048758691,0.88486682187856713,-0.7400974167726122,-0.92729201224164792,0.088695201270408974,0.13391873770787832,-0.015651552577101935,0.46930918240077246,-0.97465798553420346,0.41963353634921408,-0.88314116827770728,-0.66186938612650437,-0.444130753979183,-0.18479920070906242
754,0.44771293998212047,-0.99772994835775908,0.78217469933884032,0.56811699955142969,0.24311686504397279,-0.050319966698937346,0.42337332048758691,0.88486682187856713,-0.7400974167726122,-0.92729201224164792,0.088695201270408974,0.13391873770787832,-0.015651552577101935,0.46930918240077246,-0.97465798553420346,0.41963353634921408,-0.88314116827770728,-0.66186938612650437,-0.444130753979183,-0.18479920070906242
755,0.44771293998212047,-0.99772994835775908,0.78217469933884032,0.56811699955142969,0.24311686504397279,-0.050319966698937346,0.42337332048758691,0.88486682187856713,-0.7400974167726122,-0.92729201224164792,0.088695201270408974,0.13391873770787832,-0.015651552577101935,0.46930918240077246,-0.97465798553420346,0.41963353634921408,-0.88314116827770728,-0.66186938612650437,-0.444130753979183,-0.18479920070906242
756,0.44771293998212047,-0.99772994835775908,0.78217469933884032,0.56811699955142969,0.24311686504397279,-0.050319966698937346,0.42337332048758691,0.88486682187856713,-0.7400974167726122,-0.92729201224164792,0.088695201270408974,0.13391873770787832,-0.015651552577101935,0.46930918240077246,-0.97465798553420346,0.41963353634921408,-0.88314116827770728,-0.66186938612650437,-0.444130753979183,-0.18479920070906242
757,0.44771293998212047,-0.99772994835775908,0.78217469933884032,0.56811699955142969,0.24311686504397279,-0.050319966698937346,0.42337332048758691,0.88486682187856713,-0.7400974167726122,-0.92729201224164792,0.088695201270408974,0.13391873770787832,-0.015651552577101935,0.46930918240077246,-0.97465798553420346,0.41963353634921408,-0.88314116827770728,-0.66186938612650437,-0.444130753979183,-0.18479920070906242
758,0.44771293998212047,-0.99772994835775908,0.78217469933884032,0.56811699955142969,0.24311686504397279,-0.050319966698937346,0.42337332048758691,0.88486682187856713,-0.7400974167726122,-0.92729201224164792,0.088695201270408974,0.13391873770787832,-0.015651552577101935,0.46930918240077246,-0.97465798553420346,0.41963353634921408,-0.88314116827770728,-0.66186938612650437,-0.444130753979183,-0.18479920070906242
759,0.44771293998212047,-0.99772994835775908,0.78217469933884032,0.56811699955142969,0.24311686504397279,-0.050319966698937346,0.42337332048758691,0.88486682187856713,-0.7400974167726122,-0.92729201224164792,0.088695201270408974,0.13391873770787832,-0.015651552577101935,0.46930918240077246,-0.97465798553420346,0.41963353634921408,-0.88314116827770728,-0.66186938612650437,-0.444130753979183,-0.18479920070906242
760,0.44771293998212047,-0.99772994835775908,0.78217469933884032,0.56811699955142969,0.24311686504397279,-0.050319966698937346,0.42337332048758691,0.88486682187856713,-0.7400974167726122,-0.92729201224164792,0.088695201270408974,0.13391873770787832,-0.015651552577101935,0.46930918240077246,-0.97465798553420346,0.41963353634921408,-0.88314116827770728,-0.66186938612650437,-0.444130753979183,-0.18479920070906242
761,0.44771293998212047,-0.99772994835775908,0.78217469933884032,0.56811699955142969,0.24311686504397279,-0.050319966698937346,0.42337332048758691,0.88486682187856713,-0.7400974167726122,-0.92729201224164792,0.088695201270408974,0.13391873770787832,-0.015651552577101935,0.46930918240077246,-0.97465798553420346,0.41963353634921408,-0.88314116827770728,-0.66186938612650437,-0.444130753979183,-0.18479920070906242
762,0.44771293998212047,-0.99772994835775908,0.78217469933884032,0.56811699955142969,0.24311686504397279,-0.050319966698937346,0.42337332048758691,0.88486682187856713,-0.7400974167726122,-0.92729201224164792,0.088695201270408974,0.13391873770787832,-0.015651552577101935,0.46930918240077246,-0.97465798553420346,0.41963353634921408,-0.88314116827770728,-0.66186938612650437,-0.444130753979183,-0.18479920070906242
763,0.44771293998212047,-0.99772994835775908,0.78217469933884032,0.56811699955142969,0.24311686504397279,-0.050319966698937346,0.42337332048758691,0.88486682187856713,-0.7400974167726122,-0.92729201224164792,0.088695201270408974,0.13391873770787832,-0.015651552577101935,0.46930918240077246,-0.97465798553420346,0.41963353634921408,-0.88314116827770728,-0.66186938612650437,-0.444130753979183,-0.18479920070906242
764,0.44771293998212047,-0.99772994835775908,0.78217469933884032,0.56811699955142969,0.24311686504397279,-0.050319966698937346,0.42337332048758691,0.88486682187856713,-0.7400974167726122,-0.92729201224164792,0.088695201270408974,0.13391873770787832,-0.015651552577101935,0.46930918240077246,-0.97465798553420346,0.41963353634921408,-0.88314116827770728,-0.66186938612650437,-0.444130753979183,-0.18479920070906242
765,0.44771293998212047,-0.99772994835775908,0.78217469933884032,0.56811699955142969,0.24311686504397279,-0.050319966698937346,0.42337332048758691,0.88486682187856713,-0.7400974167726122,-0.92729201224164792,0.088695201270408974,0.13391873770787832,-0.015651552577101935,0.46930918240077246,-0.97465798553420346,0.41963353634921408,-0.88314116827770728,-0.66186938612650437,-0.444130753979183,-0.18479920070906242
766,0.44771293998212047,-0.99772994835775908,0.78217469933884032,0.56811699955142969,0.24311686504397279,-0.050319966698937346,0.42337332048758691,0.88486682187856713,-0.7400974167726122,-0.92729201224164792,0.088695201270408974,0.13391873770787832,-0.015651552577101935,0.46930918240077246,-0.97465798553420346,0.41963353634921408,-0.88314116827770728,-0.66186938612650437,-0.444130753979183,-0.18479920070906242
767,0.44771293998212047,-0.99772994835775908,0.78217469933884032,0.56811699955142969,0.24311686504397279,-0.050319966698937346,0.42337332048758691,0.88486682187856713,-0.7400974167726122,-0.92729201224164792,0.088695201270408974,0.13391873770787832,-0.015651552577101935,0.46930918240077246,-0.97465798553420346,0.41963353634921408,-0.88314116827770728,-0.66186938612650437,-0.444130753979183,-0.18479920070906242
768,0.44771293998212047,-0.99772994835775908,0.78217469933884032,0.56811699955142969,0.24311686504397279,-0.050319966698937346,0.42337332048758691,0.88486682187856713,-0.7400974167726122,-0.92729201224164792,0.088695201270408974,0.13391873770787832,-0.015651552577101935,0.46930918240077246,-0.97465798553420346,0.41963353634921408,-0.88314116827770728,-0.66186938612650437,-0.444130753979183,-0.18479920070906242
769,0.44771293998212047,-0.99772994835775908,0.78217469933884032,0.56811699955142969,0.24311686504397279,-0.050319966698937346,0.42337332048758691,0.88486682187856713,-0.7400974167726122,-0.92729201224164792,0.088695201270408974,0.13391873770787832,-0.015651552577101935,0.46930918240077246,-0.97465798553420346,0.41963353634921408,-0.88314116827770728,-0.66186938612650437,-0.444130753979183,-0.18479920070906242
770,0.44771293998212047,-0.99772994835775908,0.78217469933884032,0.56811699955142969,0.24311686504397279,-0.050319966698937346,0.42337332048758691,0.88486682187856713,-0.7400974167726122,-0.92729201224164792,0.088695201270408974,0.13391873770787832,-0.015651552577101935,0.46930918240077246,-0.97465798553420346,0.41963353634921408,-0.88314116827770728,-0.66186938612650437,-0.444130753979183,-0.18479920070906242
771,0.44771293998212047,-0.99772994835775908,0.78217469933884032,0.56811699955142969,0.24311686504397279,-0.050319966698937346,0.42337332048758691,0.88486682187856713,-0.7400974167726122,-0.92729201224164792,0.088695201270408974,0.13391873770787832,-0.015651552577101935,0.46930918240077246,-0.97465798553420346,0.41963353634921408,-0.88314116827770728,-0.66186938612650437,-0.444130753979183,-0.18479920070906242
772,0.44771293998212047,-0.99772994835775908,0.78217469933884032,0.56811699955142969,0.24311686504397279,-0.050319966698937346,0.42337332048758691,0.88486682187856713,-0.7400974167726122,-0.92729201224164792,0.088695201270408974,0.13391873770787832,-0.015651552577101935,0.46930918240077246,-0.97465798553420346,0.41963353634921408,-0.88314116827770728,-0.66186938612650437,-0.444130753979183,-0.18479920070906242
773,0.44771293998212047,-0.99772994835775908,0.78217469933884032,0.56811699955142969,0.24311686504397279,-0.050319966698937346,0.42337332048758691,0.88486682187856713,-0.7400974167726122,-0.92729201224164792,0.088695201270408974,0.13391873770787832,-0.015651552577101935,0.46930918240077246,-0.97465798553420346,0.41963353634921408,-0.88314116827770728,-0.66186938612650437,-0.444130753979183,-0.18479920070906242
774,0.44771293998212047,-0.99772994835775908,0.78217469933884032,0.56811699955142969,0.24311686504397279,-0.050319966698937346,0.42337332048758691,0.88486682187856713,-0.7400974167726122,-0.92729201224164792,0.088695201270408974,0.13391873770787832,-0.015651552577101935,0.46930918240077246,-0.97465798553420346,0.41963353634921408,-0.88314116827770728,-0.66186938612650437,-0.444130753979183,-0.18479920070906242
775,0.44771293998212047,-0.99772994835775908,0.78217469933884032,0.56811699955142969,0.24311686504397279,-0.050319966698937346,0.42337332048758691,0.88486682187856713,-0.7400974167726122,-0.92729201224164792,0.088695201270408974,0.13391873770787832,-0.015651552577101935,0.46930918240077246,-0.97465798553420346,0.41963353634921408,-0.88314116827770728,-0.66186938612650437,-0.444130753979183,-0.18479920070906242
776,0.44771293998212047,-0.99772994835775908,0.78217469933884032,0.56811699955142969,0.24311686504397279,-0.050319966698937346,0.42337332048758691,0.88486682187856713,-0.7400974167726122,-0.92729201224164792,0.088695201270408974,0.13391873770787832,-0.015651552577101935,0.46930918240077246,-0.97465798553420346,0.41963353634921408,-0.88314116827770728,-0.66186938612650437,-0.444130753979183,-0.18479920070906242
777,0.44771293998212047,-0.99772994835775908,0.78217469933884032,0.56811699955142969,0.24311686504397279,-0.050319966698937346,0.42337332048758691,0.88486682187856713,-0.7400974167726122,-0.92729201224164792,0.088695201270408974,0.13391873770787832,-0.015651552577101935,0.46930918240077246,-0.97465798553420346,0.41963353634921408,-0.88314116827770728,-0.66186938612650437,-0.444130753979183,-0.18479920070906242
778,0.44771293998212047,-0.99772994835775908,0.78217469933884032,0.56811699955142969,0.24311686504397279,-0.050319966698937346,0.42337332048758691,0.88486682187856713,-0.7400974167726122,-0.92729201224164792,0.088695201270408974,0.13391873770787832,-0.015651552577101935,0.46930918240077246,-0.97465798553420346,0.41963353634921408,-0.88314116827770728,-0.66186938612650437,-0.444130753979183,-0.18479920070906242
779,0.44771293998212047,-0.99772994835775908,0.78217469933884032,0.56811699955142969,0.24311686504397279,-0.050319966698937346,0.42337332048758691,0.88486682187856713,-0.7400974167726122,-0.92729201224164792,0.088695201270408974,0.13391873770787832,-0.015651552577101935,0.46930918240077246,-0.97465798553420346,0.41963353634921408,-0.88314116827770728,-0.66186938612650437,-0.444130753979183,-0.18479920070906242
780,0.44771293998212047,-0.99772994835775908,0.78217469933884032,0.56811699955142969,0.24311686504397279,-0.050319966698937346,0.42337332048758691,0.88486682187856713,-0.7400974167726122,-0.92729201224164792,0.088695201270408974,0.13391873770787832,-0.015651552577101935,0.46930918240077246,-0.97465798553420346,0.41963353634921408,-0.88314116827770728,-0.66186938612650437,-0.444130753979183,-0.18479920070906242
781,0.44771293998212047,-0.99772994835775908,0.78217469933884032,0.56811699955142969,0.24311686504397279,-0.050319966698937346,0.42337332048758691,0.88486682187856713,-0.7400974167726122,-0.92729201224164792,0.088695201270408974,0.13391873770787832,-0.015651552577101935,0.46930918240077246,-0.97465798553420346,0.41963353634921408,-0.88314116827770728,-0.66186938612650437,-0.444130753979183,-0.18479920070906242
782,0.44771293998212047,-0.99772994835775908,0.78217469933884032,0.56811699955142969,0.24311686504397279,-0.050319966698937346,0.42337332048758691,0.88486682187856713,-0.7400974167726122,-0.92729201224164792,0.088695201270408974,0.13391873770787832,-0.015651552577101935,0.46930918240077246,-0.97465798553420346,0.41963353634921408,-0.88314116827770728,-0.66186938612650437,-0.444130753979183,-0.18479920070906242
783,0.44771293998212047,-0.99772994835775908,0.78217469933884032,0.56811699955142969,0.24311686504397279,-0.050319966698937346,0.42337332048758691,0.88486682187856713,-0.7400974167726122,-0.92729201224164792,0.088695201270408974,0.13391873770787832,-0.015651552577101935,0.46930918240077246,-0.97465798553420346,0.41963353634921408,-0.88314116827770728,-0.66186938612650437,-0.444130753979183,-0.18479920070906242
784,0.44771293998212047,-0.99772994835775908,0.78217469933884032,0.56811699955142969,0.24311686504397279,-0.050319966698937346,0.42337332048758691,0.88486682187856713,-0.7400974167726122,-0.92729201224164792,0.088695201270408974,0.13391873770787832,-0.015651552577101935,0.46930918240077246,-0.97465798553420346,0.41963353634921408,-0.88314116827770728,-0.66186938612650437,-0.444130753979183,-0.18479920070906242
785,0.44771293998212047,-0.99772994835775908,0.78217469933884032,0.56811699955142969,0.24311686504397279,-0.050319966698937346,0.42337332048758691,0.88486682187856713,-0.7400974167726122,-0.92729201224164792,0.088695201270408974,0.13391873770787832,-0.015651552577101935,0.46930918240077246,-0.97465798553420346,0.41963353634921408,-0.88314116827770728,-0.66186938612650437,-0.444130753979183,-0.18479920070906242
786,0.44771293998212047,-0.99772994835775908,0.78217469933884032,0.56811699955142969,0.24311686504397279,-0.050319966698937346,0.42337332048758691,0.88486682187856713,-0.7400974167726122,-0.92729201224164792,0.088695201270408974,0.13391873770787832,-0.015651552577101935,0.46930918240077246,-0.97465798553420346,0.41963353634921408,-0.88314116827770728,-0.66186938612650437,-0.444130753979183,-0.18479920070906242
787,0.44771293998212047,-0.99772994835775908,0.78217469933884032,0.56811699955142969,0.24311686504397279,-0.050319966698937346,0.42337332048758691,0.88486682187856713,-0.7400974167726122,-0.92729201224164792,0.088695201270408974,0.13391873770787832,-0.015651552577101935,0.46930918240077246,-0.97465798553420346,0.41963353634921408,-0.88314116827770728,-0.66186938612650437,-0.444130753979183,-0.18479920070906242
788,0.39281928034657732,-0.94292761505133016,0.72160658237091679,0.61017925702325759,0.26377815614197275,-0.93851946499800243,0.91472359921161273,0.5500315513561933,-0.12609287081024068,-0.34825738667965367,0.5434808766817345,-0.11004449746105194,-0.57430719161207633,0.94336316829775879,-0.64227936921836326,-0.6204736341919781,-0.50873715174177758,0.94854531738987591,0.68432949980237079,0.43903835415116998
789,0.44771293998212047,-0.99772994835775908,0.78217469933884032,0.56811699955142969,0.24311686504397279,-0.050319966698937346,0.42337332048758691,0.88486682187856713,-0.7400974167726122,-0.92729201224164792,0.088695201270408974,0.13391873770787832,-0.015651552577101935,0.46930918240077246,-0.97465798553420346,0.41963353634921408,-0.88314116827770728,-0.66186938612650437,-0.444130753979183,-0.18479920070906242
790,0.44771293998212047,-0.99772994835775908,0.78217469933884032,0.56811699955142969,0.24311686504397279,-0.050319966698937346,0.42337332048758691,0.88486682187856713,-0.7400974167726122,-0.92729201224164792,0.088695201270408974,0.13391873770787832,-0.015651552577101935,0.46930918240077246,-0.97465798553420346,0.41963353634921408,-0.88314116827770728,-0.66186938612650437,-0.444130753979183,-0.18479920070906242
791,0.44771293998212047,-0.99772994835775908,0.78217469933884032,0.56811699955142969,0.24311686504397279,-0.050319966698937346,0.42337332048758691,0.88486682187856713,-0.7400974167726122,-0.92729201224164792,0.088695201270408974,0.13391873770787832,-0.015651552577101935,0.46930918240077246,-0.97465798553420346,0.41963353634921408,-0.88314116827770728,-0.66186938612650437,-0.444130753979183,-0.18479920070906242
792,0.44771293998212047,-0.99772994835775908,0.78217469933884032,0.56811699955142969,0.24311686504397279,-0.050319966698937346,0.42337332048758691,0.88486682187856713,-0.7400974167726122,-0.92729201224164792,0.088695201270408974,0.13391873770787832,-0.015651552577101935,0.46930918240077246,-0.97465798553420346,0.41963353634921408,-0.88314116827770728,-0.66186938612650437,-0.444130753979183,-0.18479920070906242
793,0.44771293998212047,-0.99772994835775908,0.78217469933884032,0.56811699955142969,0.24311686504397279,-0.050319966698937346,0.42337332048758691,0.88486682187856713,-0.7400974167726122,-0.92729201224164792,0.088695201270408974,0.13391873770787832,-0.015651552577101935,0.46930918240077246,-0.97465798553420346,0.41963353634921408,-0.88314116827770728,-0.66186938612650437,-0.444130753979183,-0.18479920070906242
794,0.44771293998212047,-0.99772994835775908,0.78217469933884032,0.56811699955142969,0.24311686504397279,-0.050319966698937346,0.42337332048758691,0.88486682187856713,-0.7400974167726122,-0.92729201224164792,0.088695201270408974,0.13391873770787832,-0.015651552577101935,0.46930918240077246,-0.97465798553420346,0.41963353634921408,-0.88314116827770728,-0.66186938612650437,-0.444130753979183,-0.18479920070906242
795,0.44771293998212047,-0.99772994835775908,0.78217469933884032,0.56811699955142969,0.24311686504397279,-0.050319966698937346,0.42337332048758691,0.88486682187856713,-0.7400974167726122,-0.92729201224164792,0.088695201270408974,0.13391873770787832,-0.015651552577101935,0.46930918240077246,-0.97465798553420346,0.41963353634921408,-0.88314116827770728,-0.66186938612650437,-0.444130753979183,-0.18479920070906242
796,0.44771293998212047,-0.99772994835775908,0.78217469933884032,0.56811699955142969,0.24311686504397279,-0.050319966698937346,0.42337332048758691,0.88486682187856713,-0.7400974167726122,-0.92729201224164792,0.088695201270408974,0.13391873770787832,-0.015651552577101935,0.46930918240077246,-0.97465798553420346,0.41963353634921408,-0.88314116827770728,-0.66186938612650437,-0.444130753979183,-0.18479920070906242
797,0.44771293998212047,-0.99772994835775908,0.78217469933884032,0.56811699955142969,0.24311686504397279,-0.050319966698937346,0.42337332048758691,0.88486682187856713,-0.7400974167726122,-0.92729201224164792,0.088695201270408974,0.13391873770787832,-0.015651552577101935,0.46930918240077246,-0.97465798553420346,0.41963353634921408,-0.88314116827770728,-0.66186938612650437,-0.444130753979183,-0.18479920070906242
798,0.44771293998212047,-0.99772994835775908,0.78217469933884032,0.56811699955142969,0.24311686504397279,-0.050319966698937346,0.42337332048758691,0.88486682187856713,-0.7400974167726122,-0.92729201224164792,0.088695201270408974,0.13391873770787832,-0.015651552577101935,0.46930918240077246,-0.97465798553420346,0.41963353634921408,-0.88314116827770728,-0.66186938612650437,-0.444130753979183,-0.18479920070906242
799,0.44771293998212047,-0.99772994835775908,0.78217469933884032,0.56811699955142969,0.24311686504397279,-0.050319966698937346,0.42337332048758691,0.88486682187856713,-0.7400974167726122,-0.92729201224164792,0.088695201270408974,0.13391873770787832,-0.015651552577101935,0.46930918240077246,-0.97465798553420346,0.41963353634921408,-0.88314116827770728,-0.66186938612650437,-0.444130753979183,-0.18479920070906242
800,0.44771293998212047,-0.99772994835775908,0.78217469933884032,0.56811699955142969,0.24311686504397279,-0.050319966698937346,0.42337332048758691,0.88486682187856713,-0.7400974167726122,-0.92729201224164792,0.088695201270408974,0.13391873770787832,-0.015651552577101935,0.46930918240077246,-0.97465798553420346,0.41963353634921408,-0.88314116827770728,-0.66186938612650437,-0.444130753979183,-0.18479920070906242
801,0.44771293998212047,-0.99772994835775908,0.78217469933884032,0.56811699955142969,0.24311686504397279,-0.050319966698937346,0.42337332048758691,0.88486682187856713,-0.7400974167726122,-0.92729201224164792,0.088695201270408974,0.13391873770787832,-0.015651552577101935,0.46930918240077246,-0.97465798553420346,0.41963353634921408,-0.88314116827770728,-0.66186938612650437,-0.444130753979183,-0.18479920070906242
802,0.44771293998212047,-0.99772994835775908,0.78217469933884032,0.56811699955142969,0.24311686504397279,-0.050319966698937346,0.42337332048758691,0.88486682187856713,-0.7400974167726122,-0.92729201224164792,0.088695201270408974,0.13391873770787832,-0.015651552577101935,0.46930918240077246,-0.97465798553420346,0.41963353634921408,-0.88314116827770728,-0.66186938612650437,-0.444130753979183,-0.18479920070906242
803,0.44771293998212047,-0.99772994835775908,0.78217469933884032,0.56811699955142969,0.24311686504397279,-0.050319966698937346,0.42337332048758691,0.88486682187856713,-0.7400974167726122,-0.92729201224164792,0.088695201270408974,0.13391873770787832,-0.015651552577101935,0.46930918240077246,-0.97465798553420346,0.41963353634921408,-0.88314116827770728,-0.66186938612650437,-0.444130753979183,-0.18479920070906242
804,0.44771293998212047,-0.99772994835775908,0.78217469933884032,0.56811699955142969,0.24311686504397279,-0.050319966698937346,0.42337332048758691,0.88486682187856713,-0.7400974167726122,-0.92729201224164792,0.088695201270408974,0.13391873770787832,-0.015651552577101935,0.46930918240077246,-0.97465798553420346,0.41963353634921408,-0.88314116827770728,-0.66186938612650437,-0.444130753979183,-0.18479920070906242
805,0.44771293998212047,-0.99772994835775908,0.78217469933884032,0.56811699955142969,0.24311686504397279,-0.050319966698937346,0.42337332048758691,0.88486682187856713,-0.7400974167726122,-0.92729201224164792,0.088695201270408974,0.13391873770787832,-0.015651552577101935,0.46930918240077246,-0.97465798553420346,0.41963353634921408,-0.88314116827770728,-0.66186938612650437,-0.444130753979183,-0.18479920070906242
806,0.44771293998212047,-0.99772994835775908,0.78217469933884032,0.56811699955142969,0.24311686504397279,-0.050319966698937346,0.42337332048758691,0.88486682187856713,-0.7400974167726122,-0.92729201224164792,0.088695201270408974,0.13391873770787832,-0.015651552577101935,0.46930918240077246,-0.97465798553420346,0.41963353634921408,-0.88314116827770728,-0.66186938612650437,-0.444130753979183,-0.18479920070906242
807,0.44771293998212047,-0.99772994835775908,0.78217469933884032,0.56811699955142969,0.24311686504397279,-0.050319966698937346,0.42337332048758691,0.88486682187856713,-0.7400974167726122,-0.92729201224164792,0.088695201270408974,0.13391873770787832,-0.015651552577101935,0.46930918240077246,-0.97465798553420346,0.41963353634921408,-0.88314116827770728,-0.66186938612650437,-0.444130753979183,-0.18479920070906242
808,0.44771293998212047,-0.99772994835775908,0.78217469933884032,0.56811699955142969,0.24311686504397279,-0.050319966698937346,0.42337332048758691,0.88486682187856713,-0.7400974167726122,-0.92729201224164792,0.088695201270408974,0.13391873770787832,-0.015651552577101935,0.46930918240077246,-0.97465798553420346,0.41963353634921408,-0.88314116827770728,-0.66186938612650437,-0.444130753979183,-0.18479920070906242
809,0.44771293998212047,-0.99772994835775908,0.78217469933884032,0.56811699955142969,0.24311686504397279,-0.050319966698937346,0.42337332048758691,0.88486682187856713,-0.7400974167726122,-0.92729201224164792,0.088695201270408974,0.13391873770787832,-0.015651552577101935,0.46930918240077246,-0.97465798553420346,0.41963353634921408,-0.88314116827770728,-0.66186938612650437,-0.444130753979183,-0.18479920070906242
810,0.44771293998212047,-0.99772994835775908,0.78217469933884032,0.56811699955142969,0.24311686504397279,-0.050319966698937346,0.42337332048758691,0.88486682187856713,-0.7400974167726122,-0.92729201224164792,0.088695201270408974,0.13391873770787832,-0.015651552577101935,0.46930918240077246,-0.97465798553420346,0.41963353634921408,-0.88314116827770728,-0.66186938612650437,-0.444130753979183,-0.18479920070906242
811,0.44771293998212047,-0.99772994835775908,0.78217469933884032,0.56811699955142969,0.24311686504397279,-0.050319966698937346,0.42337332048758691,0.88486682187856713,-0.7400974167726122,-0.92729201224164792,0.088695201270408974,0.13391873770787832,-0.015651552577101935,0.46930918240077246,-0.97465798553420346,0.41963353634921408,-0.88314116827770728,-0.66186938612650437,-0.444130753979183,-0.18479920070906242
812,0.44771293998212047,-0.99772994835775908,0.78217469933884032,0.56811699955142969,0.24311686504397279,-0.050319966698937346,0.42337332048758691,0.88486682187856713,-0.7400974167726122,-0.92729201224164792,0.088695201270408974,0.13391873770787832,-0.015651552577101935,0.46930918240077246,-0.97465798553420346,0.41963353634921408,-0.88314116827770728,-0.66186938612650437,-0.444130753979183,-0.18479920070906242
813,0.44771293998212047,-0.99772994835775908,0.78217469933884032,0.56811699955142969,0.24311686504397279,-0.050319966698937346,0.42337332048758691,0.88486682187856713,-0.7400974167726122,-0.92729201224164792,0.088695201270408974,0.13391873770787832,-0.015651552577101935,0.46930918240077246,-0.97465798553420346,0.41963353634921408,-0.88314116827770728,-0.66186938612650437,-0.444130753979183,-0.18479920070906242
814,0.44771293998212047,-0.99772994835775908,0.78217469933884032,0.56811699955142969,0.24311686504397279,-0.050319966698937346,0.42337332048758691,0.88486682187856713,-0.7400974167726122,-0.92729201224164792,0.088695201270408974,0.13391873770787832,-0.015651552577101935,0.46930918240077246,-0.97465798553420346,0.41963353634921408,-0.88314116827770728,-0.66186938612650437,-0.444130753979183,-0.18479920070906242
815,0.44771293998212047,-0.99772994835775908,0.78217469933884032,0.56811699955142969,0.24311686504397279,-0.050319966698937346,0.42337332048758691,0.88486682187856713,-0.7400974167726122,-0.92729201224164792,0.088695201270408974,0.13391873770787832,-0.015651552577101935,0.46930918240077246,-0.97465798553420346,0.41963353634921408,-0.88314116827770728,-0.66186938612650437,-0.444130753979183,-0.18479920070906242
816,0.44771293998212047,-0.99772994835775908,0.78217469933884032,0.56811699955142969,0.24311686504397279,-0.050319966698937346,0.42337332048758691,0.88486682187856713,-0.7400974167726122,-0.92729201224164792,0.088695201270408974,0.13391873770787832,-0.015651552577101935,0.46930918240077246,-0.97465798553420346,0.41963353634921408,-0.88314116827770728,-0.66186938612650437,-0.444130753979183,-0.18479920070906242
817,0.44771293998212047,-0.99772994835775908,0.78217469933884032,0.56811699955142969,0.24311686504397279,-0.050319966698937346,0.42337332048758691,0.88486682187856713,-0.7400974167726122,-0.92729201224164792,0.088695201270408974,0.13391873770787832,-0.015651552577101935,0.46930918240077246,-0.97465798553420346,0.41963353634921408,-0.88314116827770728,-0.66186938612650437,-0.444130753979183,-0.18479920070906242
818,0.44771293998212047,-0.99772994835775908,0.78217469933884032,0.56811699955142969,0.24311686504397279,-0.050319966698937346,0.42337332048758691,0.88486682187856713,-0.7400974167726122,-0.92729201224164792,0.088695201270408974,0.13391873770787832,-0.015651552577101935,0.46930918240077246,-0.97465798553420346,0.41963353634921408,-0.88314116827770728,-0.66186938612650437,-0.444130753979183,-0.18479920070906242
819,0.44771293998212047,-0.99772994835775908,0.78217469933884032,0.56811699955142969,0.24311686504397279,-0.050319966698937346,0.42337332048758691,0.88486682187856713,-0.7400974167726122,-0.92729201224164792,0.088695201270408974,0.13391873770787832,-0.015651552577101935,0.46930918240077246,-0.97465798553420346,0.41963353634921408,-0.88314116827770728,-0.66186938612650437,-0.444130753979183,-0.18479920070906242
820,0.44771293998212047,-0.99772994835775908,0.78217469933884032,0.56811699955142969,0.24311686504397279,-0.050319966698937346,0.42337332048758691,0.88486682187856713,-0.7400974167726122,-0.92729201224164792,0.088695201270408974,0.13391873770787832,-0.015651552577101935,0.46930918240077246,-0.97465798553420346,0.41963353634921408,-0.88314116827770728,-0.66186938612650437,-0.444130753979183,-0.18479920070906242
821,0.44771293998212047,-0.99772994835775908,0.78217469933884032,0.56811699955142969,0.24311686504397279,-0.050319966698937346,0.42337332048758691,0.88486682187856713,-0.7400974167726122,-0.92729201224164792,0.088695201270408974,0.13391873770787832,-0.015651552577101935,0.46930918240077246,-0.97465798553420346,0.41963353634921408,-0.88314116827770728,-0.66186938612650437,-0.444130753979183,-0.18479920070906242
822,0.44771293998212047,-0.99772994835775908,0.78217469933884032,0.56811699955142969,0.24311686504397279,-0.050319966698937346,0.42337332048758691,0.88486682187856713,-0.7400974167726122,-0.92729201224164792,0.088695201270408974,0.13391873770787832,-0.015651552577101935,0.46930918240077246,-0.97465798553420346,0.41963353634921408,-0.88314116827770728,-0.66186938612650437,-0.444130753979183,-0.18479920070906242
823,0.44771293998212047,-0.99772994835775908,0.78217469933884032,0.56811699955142969,0.24311686504397279,-0.050319966698937346,0.42337332048758691,0.88486682187856713,-0.7400974167726122,-0.92729201224164792,0.088695201270408974,0.13391873770787832,-0.015651552577101935,0.46930918240077246,-0.97465798553420346,0.41963353634921408,-0.88314116827770728,-0.66186938612650437,-0.444130753979183,-0.18479920070906242
824,0.44771293998212047,-0.99772994835775908,0.78217469933884032,0.56811699955142969,0.24311686504397279,-0.050319966698937346,0.42337332048758691,0.88486682187856713,-0.7400974167726122,-0.92729201224164792,0.088695201270408974,0.13391873770787832,-0.015651552577101935,0.46930918240077246,-0.97465798553420346,0.41963353634921408,-0.88314116827770728,-0.66186938612650437,-0.444130753979183,-0.18479920070906242
825,0.44771293998212047,-0.99772994835775908,0.78217469933884032,0.56811699955142969,0.24311686504397279,-0.050319966698937346,0.42337332048758691,0.88486682187856713,-0.7400974167726122,-0.92729201224164792,0.088695201270408974,0.13391873770787832,-0.015651552577101935,0.46930918240077246,-0.97465798553420346,0.41963353634921408,-0.88314116827770728,-0.66186938612650437,-0.444130753979183,-0.18479920070906242
826,0.44771293998212047,-0.99772994835775908,0.78217469933884032,0.56811699955142969,0.24311686504397279,-0.050319966698937346,0.42337332048758691,0.88486682187856713,-0.7400974167726122,-0.92729201224164792,0.088695201270408974,0.13391873770787832,-0.015651552577101935,0.46930918240077246,-0.97465798553420346,0.41963353634921408,-0.88314116827770728,-0.66186938612650437,-0.444130753979183,-0.18479920070906242
827,0.44771293998212047,-0.99772994835775908,0.78217469933884032,0.56811699955142969,0.24311686504397279,-0.050319966698937346,0.42337332048758691,0.88486682187856713,-0.7400974167726122,-0.92729201224164792,0.088695201270408974,0.13391873770787832,-0.015651552577101935,0.46930918240077246,-0.97465798553420346,0.41963353634921408,-0.88314116827770728,-0.66186938612650437,-0.444130753979183,-0.18479920070906242
828,0.44771293998212047,-0.99772994835775908,0.78217469933884032,0.56811699955142969,0.24311686504397279,-0.050319966698937346,0.42337332048758691,0.88486682187856713,-0.7400974167726122,-0.92729201224164792,0.088695201270408974,0.13391873770787832,-0.015651552577101935,0.46930918240077246,-0.97465798553420346,0.41963353634921408,-0.88314116827770728,-0.66186938612650437,-0.444130753979183,-0.18479920070906242
829,0.44771293998212047,-0.99772994835775908,0.78217469933884032,0.56811699955142969,0.24311686504397279,-0.050319966698937346,0.42337332048758691,0.88486682187856713,-0.7400974167726122,-0.92729201224164792,0.088695201270408974,0.13391873770787832,-0.015651552577101935,0.46930918240077246,-0.97465798553420346,0.41963353634921408,-0.88314116827770728,-0.66186938612650437,-0.444130753979183,-0.18479920070906242
830,0.44771293998212047,-0.99772994835775908,0.78217469933884032,0.56811699955142969,0.24311686504397279,-0.050319966698937346,0.42337332048758691,0.88486682187856713,-0.7400974167726122,-0.92729201224164792,0.088695201270408974,0.13391873770787832,-0.015651552577101935,0.46930918240077246,-0.97465798553420346,0.41963353634921408,-0.88314116827770728,-0.66186938612650437,-0.444130753979183,-0.18479920070906242
831,0.44771293998212047,-0.99772994835775908,0.78217469933884032,0.56811699955142969,0.24311686504397279,-0.050319966698937346,0.42337332048758691,0.88486682187856713,-0.7400974167726122,-0.92729201224164792,0.088695201270408974,0.13391873770787832,-0.015651552577101935,0.46930918240077246,-0.97465798553420346,0.41963353634921408,-0.88314116827770728,-0.66186938612650437,-0.444130753979183,-0.18479920070906242
832,0.44771293998212047,-0.99772994835775908,0.78217469933884032,0.56811699955142969,0.24311686504397279,-0.050319966698937346,0.42337332048758691,0.88486682187856713,-0.7400974167726122,-0.92729201224164792,0.088695201270408974,0.13391873770787832,-0.015651552577101935,0.46930918240077246,-0.97465798553420346,0.41963353634921408,-0.88314116827770728,-0.66186938612650437,-0.444130753979183,-0.18479920070906242
833,0.44771293998212047,-0.99772994835775908,0.78217469933884032,0.56811699955142969,0.24311686504397279,-0.050319966698937346,0.42337332048758691,0.88486682187856713,-0.7400974167726122,-0.92729201224164792,0.088695201270408974,0.13391873770787832,-0.015651552577101935,0.46930918240077246,-0.97465798553420346,0.41963353634921408,-0.88314116827770728,-0.66186938612650437,-0.444130753979183,-0.18479920070906242
834,0.44771293998212047,-0.99772994835775908,0.78217469933884032,0.56811699955142969,0.24311686504397279,-0.050319966698937346,0.42337332048758691,0.88486682187856713,-0.7400974167726122,-0.92729201224164792,0.088695201270408974,0.13391873770787832,-0.015651552577101935,0.46930918240077246,-0.97465798553420346,0.41963353634921408,-0.88314116827770728,-0.66186938612650437,-0.444130753979183,-0.18479920070906242
835,0.44771293998212047,-0.99772994835775908,0.78217469933884032,0.56811699955142969,0.24311686504397279,-0.050319966698937346,0.42337332048758691,0.88486682187856713,-0.7400974167726122,-0.92729201224164792,0.088695201270408974,0.13391873770787832,-0.015651552577101935,0.46930918240077246,-0.97465798553420346,0.41963353634921408,-0.88314116827770728,-0.66186938612650437,-0.444130753979183,-0.18479920070906242
836,0.44771293998212047,-0.99772994835775908,0.78217469933884032,0.56811699955142969,0.24311686504397279,-0.050319966698937346,0.42337332048758691,0.88486682187856713,-0.7400974167726122,-0.92729201224164792,0.088695201270408974,0.13391873770787832,-0.015651552577101935,0.46930918240077246,-0.97465798553420346,0.41963353634921408,-0.88314116827770728,-0.66186938612650437,-0.444130753979183,-0.18479920070906242
837,0.44771293998212047,-0.99772994835775908,0.78217469933884032,0.56811699955142969,0.24311686504397279,-0.050319966698937346,0.42337332048758691,0.88486682187856713,-0.7400974167726122,-0.92729201224164792,0.088695201270408974,0.13391873770787832,-0.015651552577101935,0.46930918240077246,-0.97465798553420346,0.41963353634921408,-0.88314116827770728,-0.66186938612650437,-0.444130753979183,-0.18479920070906242
838,0.44771293998212047,-0.99772994835775908,0.78217469933884032,0.56811699955142969,0.24311686504397279,-0.050319966698937346,0.42337332048758691,0.88486682187856713,-0.7400974167726122,-0.92729201224164792,0.088695201270408974,0.13391873770787832,-0.015651552577101935,0.46930918240077246,-0.97465798553420346,0.41963353634921408,-0.88314116827770728,-0.66186938612650437,-0.444130753979183,-0.18479920070906242
839,0.44771293998212047,-0.99772994835775908,0.78217469933884032,0.56811699955142969,0.24311686504397279,-0.050319966698937346,0.42337332048758691,0.88486682187856713,-0.7400974167726122,-0.92729201224164792,0.088695201270408974,0.13391873770787832,-0.015651552577101935,0.46930918240077246,-0.97465798553420346,0.41963353634921408,-0.88314116827770728,-0.66186938612650437,-0.444130753979183,-0.18479920070906242
840,0.44771293998212047,-0.99772994835775908,0.78217469933884032,0.56811699955142969,0.24311686504397279,-0.050319966698937346,0.42337332048758691,0.88486682187856713,-0.7400974167726122,-0.92729201224164792,0.088695201270408974,0.13391873770787832,-0.015651552577101935,0.46930918240077246,-0.97465798553420346,0.41963353634921408,-0.88314116827770728,-0.66186938612650437,-0.444130753979183,-0.18479920070906242
841,0.44771293998212047,-0.99772994835775908,0.78217469933884032,0.56811699955142969,0.24311686504397279,-0.050319966698937346,0.42337332048758691,0.88486682187856713,-0.7400974167726122,-0.92729201224164792,0.088695201270408974,0.13391873770787832,-0.015651552577101935,0.46930918240077246,-0.97465798553420346,0.41963353634921408,-0.88314116827770728,-0.66186938612650437,-0.444130753979183,-0.18479920070906242
842,0.44771293998212047,-0.99772994835775908,0.78217469933884032,0.56811699955142969,0.24311686504397279,-0.050319966698937346,0.42337332048758691,0.88486682187856713,-0.7400974167726122,-0.92729201224164792,0.088695201270408974,0.13391873770787832,-0.015651552577101935,0.46930918240077246,-0.97465798553420346,0.41963353634921408,-0.88314116827770728,-0.66186938612650437,-0.444130753979183,-0.18479920070906242
843,0.44771293998212047,-0.99772994835775908,0.78217469933884032,0.56811699955142969,0.24311686504397279,-0.050319966698937346,0.42337332048758691,0.88486682187856713,-0.7400974167726122,-0.92729201224164792,0.088695201270408974,0.13391873770787832,-0.015651552577101935,0.46930918240077246,-0.97465798553420346,0.41963353634921408,-0.88314116827770728,-0.66186938612650437,-0.444130753979183,-0.18479920070906242
844,0.44771293998212047,-0.99772994835775908,0.78217469933884032,0.56811699955142969,0.24311686504397279,-0.050319966698937346,0.42337332048758691,0.88486682187856713,-0.7400974167726122,-0.92729201224164792,0.088695201270408974,0.13391873770787832,-0.015651552577101935,0.46930918240077246,-0.97465798553420346,0.41963353634921408,-0.88314116827770728,-0.66186938612650437,-0.444130753979183,-0.18479920070906242
845,0.44771293998212047,-0.99772994835775908,0.78217469933884032,0.56811699955142969,0.24311686504397279,-0.050319966698937346,0.42337332048758691,0.88486682187856713,-0.7400974167726122,-0.92729201224164792,0.088695201270408974,0.13391873770787832,-0.015651552577101935,0.46930918240077246,-0.97465798553420346,0.41963353634921408,-0.88314116827770728,-0.66186938612650437,-0.444130753979183,-0.18479920070906242
846,0.44771293998212047,-0.99772994835775908,0.78217469933884032,0.56811699955142969,0.24311686504397279,-0.050319966698937346,0.42337332048758691,0.88486682187856713,-0.7400974167726122,-0.92729201224164792,0.088695201270408974,0.13391873770787832,-0.015651552577101935,0.46930918240077246,-0.97465798553420346,0.41963353634921408,-0.88314116827770728,-0.66186938612650437,-0.444130753979183,-0.18479920070906242
847,0.44771293998212047,-0.99772994835775908,0.78217469933884032,0.56811699955142969,0.24311686504397279,-0.050319966698937346,0.42337332048758691,0.88486682187856713,-0.7400974167726122,-0.92729201224164792,0.088695201270408974,0.13391873770787832,-0.015651552577101935,0.46930918240077246,-0.97465798553420346,0.41963353634921408,-0.88314116827770728,-0.66186938612650437,-0.444130753979183,-0.18479920070906242
848,0.44771293998212047,-0.99772994835775908,0.78217469933884032,0.56811699955142969,0.24311686504397279,-0.050319966698937346,0.42337332048758691,0.88486682187856713,-0.7400974167726122,-0.92729201224164792,0.088695201270408974,0.13391873770787832,-0.015651552577101935,0.46930918240077246,-0.97465798553420346,0.41963353634921408,-0.88314116827770728,-0.66186938612650437,-0.444130753979183,-0.18479920070906242
849,0.44771293998212047,-0.99772994835775908,0.78217469933884032,0.56811699955142969,0.24311686504397279,-0.050319966698937346,0.42337332048758691,0.88486682187856713,-0.7400974167726122,-0.92729201224164792,0.088695201270408974,0.13391873770787832,-0.015651552577101935,0.46930918240077246,-0.97465798553420346,0.41963353634921408,-0.88314116827770728,-0.66186938612650437,-0.444130753979183,-0.18479920070906242
850,0.44771293998212047,-0.99772994835775908,0.78217469933884032,0.56811699955142969,0.24311686504397279,-0.050319966698937346,0.42337332048758691,0.88486682187856713,-0.7400974167726122,-0.92729201224164792,0.088695201270408974,0.13391873770787832,-0.015651552577101935,0.46930918240077246,-0.97465798553420346,0.41963353634921408,-0.88314116827770728,-0.66186938612650437,-0.444130753979183,-0.18479920070906242
851,0.44771293998212047,-0.99772994835775908,0.78217469933884032,0.56811699955142969,0.24311686504397279,-0.050319966698937346,0.42337332048758691,0.88486682187856713,-0.7400974167726122,-0.92729201224164792,0.088695201270408974,0.13391873770787832,-0.015651552577101935,0.46930918240077246,-0.97465798553420346,0.41963353634921408,-0.88314116827770728,-0.66186938612650437,-0.444130753979183,-0.18479920070906242
852,0.44771293998212047,-0.99772994835775908,0.78217469933884032,0.56811699955142969,0.24311686504397279,-0.050319966698937346,0.42337332048758691,0.88486682187856713,-0.7400974167726122,-0.92729201224164792,0.088695201270408974,0.13391873770787832,-0.015651552577101935,0.46930918240077246,-0.97465798553420346,0.41963353634921408,-0.88314116827770728,-0.66186938612650437,-0.444130753979183,-0.18479920070906242
853,0.44771293998212047,-0.99772994835775908,0.78217469933884032,0.56811699955142969,0.24311686504397279,-0.050319966698937346,0.42337332048758691,0.88486682187856713,-0.7400974167726122,-0.92729201224164792,0.088695201270408974,0.13391873770787832,-0.015651552577101935,0.46930918240077246,-0.97465798553420346,0.41963353634921408,-0.88314116827770728,-0.66186938612650437,-0.444130753979183,-0.18479920070906242
854,0.44771293998212047,-0.99772994835775908,0.78217469933884032,0.56811699955142969,0.24311686504397279,-0.050319966698937346,0.42337332048758691,0.88486682187856713,-0.7400974167726122,-0.92729201224164792,0.088695201270408974,0.13391873770787832,-0.015651552577101935,0.46930918240077246,-0.97465798553420346,0.41963353634921408,-0.88314116827770728,-0.66186938612650437,-0.444130753979183,-0.18479920070906242
855,0.44771293998212047,-0.99772994835775908,0.78217469933884032,0.56811699955142969,0.24311686504397279,-0.050319966698937346,0.42337332048758691,0.88486682187856713,-0.7400974167726122,-0.92729201224164792,0.088695201270408974,0.13391873770787832,-0.015651552577101935,0.46930918240077246,-0.97465798553420346,0.41963353634921408,-0.88314116827770728,-0.66186938612650437,-0.444130753979183,-0.18479920070906242
856,0.44771293998212047,-0.99772994835775908,0.78217469933884032,0.56811699955142969,0.24311686504397279,-0.050319966698937346,0.42337332048758691,0.88486682187856713,-0.7400974167726122,-0.92729201224164792,0.088695201270408974,0.13391873770787832,-0.015651552577101935,0.46930918240077246,-0.97465798553420346,0.41963353634921408,-0.88314116827770728,-0.66186938612650437,-0.444130753979183,-0.18479920070906242
857,0.44771293998212047,-0.99772994835775908,0.78217469933884032,0.56811699955142969,0.24311686504397279,-0.050319966698937346,0.42337332048758691,0.88486682187856713,-0.7400974167726122,-0.92729201224164792,0.088695201270408974,0.13391873770787832,-0.015651552577101935,0.46930918240077246,-0.97465798553420346,0.41963353634921408,-0.88314116827770728,-0.66186938612650437,-0.444130753979183,-0.18479920070906242
858,0.44771293998212047,-0.99772994835775908,0.78217469933884032,0.56811699955142969,0.24311686504397279,-0.050319966698937346,0.42337332048758691,0.88486682187856713,-0.7400974167726122,-0.92729201224164792,0.088695201270408974,0.13391873770787832,-0.015651552577101935,0.46930918240077246,-0.97465798553420346,0.41963353634921408,-0.88314116827770728,-0.66186938612650437,-0.444130753979183,-0.18479920070906242
859,0.44771293998212047,-0.99772994835775908,0.78217469933884032,0.56811699955142969,0.24311686504397279,-0.050319966698937346,0.42337332048758691,0.88486682187856713,-0.7400974167726122,-0.92729201224164792,0.088695201270408974,0.13391873770787832,-0.015651552577101935,0.46930918240077246,-0.97465798553420346,0.41963353634921408,-0.88314116827770728,-0.66186938612650437,-0.444130753979183,-0.18479920070906242
860,0.44771293998212047,-0.99772994835775908,0.78217469933884032,0.56811699955142969,0.24311686504397279,-0.050319966698937346,0.42337332048758691,0.88486682187856713,-0.7400974167726122,-0.92729201224164792,0.088695201270408974,0.13391873770787832,-0.015651552577101935,0.46930918240077246,-0.97465798553420346,0.41963353634921408,-0.88314116827770728,-0.66186938612650437,-0.444130753979183,-0.18479920070906242
861,0.44771293998212047,-0.99772994835775908,0.78217469933884032,0.56811699955142969,0.24311686504397279,-0.050319966698937346,0.42337332048758691,0.88486682187856713,-0.7400974167726122,-0.92729201224164792,0.088695201270408974,0.13391873770787832,-0.015651552577101935,0.46930918240077246,-0.97465798553420346,0.41963353634921408,-0.88314116827770728,-0.66186938612650437,-0.444130753979183,-0.18479920070906242
862,0.44771293998212047,-0.99772994835775908,0.78217469933884032,0.56811699955142969,0.24311686504397279,-0.050319966698937346,0.42337332048758691,0.88486682187856713,-0.7400974167726122,-0.92729201224164792,0.088695201270408974,0.13391873770787832,-0.015651552577101935,0.46930918240077246,-0.97465798553420346,0.41963353634921408,-0.88314116827770728,-0.66186938612650437,-0.444130753979183,-0.18479920070906242
863,0.44771293998212047,-0.99772994835775908,0.78217469933884032,0.56811699955142969,0.24311686504397279,-0.050319966698937346,0.42337332048758691,0.88486682187856713,-0.7400974167726122,-0.92729201224164792,0.088695201270408974,0.13391873770787832,-0.015651552577101935,0.46930918240077246,-0.97465798553420346,0.41963353634921408,-0.88314116827770728,-0.66186938612650437,-0.444130753979183,-0.18479920070906242
864,0.44771293998212047,-0.99772994835775908,0.78217469933884032,0.56811699955142969,0.24311686504397279,-0.050319966698937346,0.42337332048758691,0.88486682187856713,-0.7400974167726122,-0.92729201224164792,0.088695201270408974,0.13391873770787832,-0.015651552577101935,0.46930918240077246,-0.97465798553420346,0.41963353634921408,-0.88314116827770728,-0.66186938612650437,-0.444130753979183,-0.18479920070906242
865,0.44771293998212047,-0.99772994835775908,0.78217469933884032,0.56811699955142969,0.24311686504397279,-0.050319966698937346,0.42337332048758691,0.88486682187856713,-0.7400974167726122,-0.92729201224164792,0.088695201270408974,0.13391873770787832,-0.015651552577101935,0.46930918240077246,-0.97465798553420346,0.41963353634921408,-0.88314116827770728,-0.66186938612650437,-0.444130753979183,-0.18479920070906242
866,0.44771293998212047,-0.99772994835775908,0.78217469933884032,0.56811699955142969,0.24311686504397279,-0.050319966698937346,0.42337332048758691,0.88486682187856713,-0.7400974167726122,-0.92729201224164792,0.088695201270408974,0.13391873770787832,-0.015651552577101935,0.46930918240077246,-0.97465798553420346,0.41963353634921408,-0.88314116827770728,-0.66186938612650437,-0.444130753979183,-0.18479920070906242
867,0.44771293998212047,-0.99772994835775908,0.78217469933884032,0.56811699955142969,0.24311686504397279,-0.050319966698937346,0.42337332048758691,0.88486682187856713,-0.7400974167726122,-0.92729201224164792,0.088695201270408974,0.13391873770787832,-0.015651552577101935,0.46930918240077246,-0.97465798553420346,0.41963353634921408,-0.88314116827770728,-0.66186938612650437,-0.444130753979183,-0.18479920070906242
868,0.44771293998212047,-0.99772994835775908,0.78217469933884032,0.56811699955142969,0.24311686504397279,-0.050319966698937346,0.42337332048758691,0.88486682187856713,-0.7400974167726122,-0.92729201224164792,0.088695201270408974,0.13391873770787832,-0.015651552577101935,0.46930918240077246,-0.97465798553420346,0.41963353634921408,-0.88314116827770728,-0.66186938612650437,-0.444130753979183,-0.18479920070906242
869,0.44771293998212047,-0.99772994835775908,0.78217469933884032,0.56811699955142969,0.24311686504397279,-0.050319966698937346,0.42337332048758691,0.88486682187856713,-0.7400974167726122,-0.92729201224164792,0.088695201270408974,0.13391873770787832,-0.015651552577101935,0.46930918240077246,-0.97465798553420346,0.41963353634921408,-0.88314116827770728,-0.66186938612650437,-0.444130753979183,-0.18479920070906242
870,0.44771293998212047,-0.99772994835775908,0.78217469933884032,0.56811699955142969,0.24311686504397279,-0.050319966698937346,0.42337332048758691,0.88486682187856713,-0.7400974167726122,-0.92729201224164792,0.088695201270408974,0.13391873770787832,-0.015651552577101935,0.46930918240077246,-0.97465798553420346,0.41963353634921408,-0.88314116827770728,-0.66186938612650437,-0.444130753979183,-0.18479920070906242
871,0.44771293998212047,-0.99772994835775908,0.78217469933884032,0.56811699955142969,0.24311686504397279,-0.050319966698937346,0.42337332048758691,0.88486682187856713,-0.7400974167726122,-0.92729201224164792,0.088695201270408974,0.13391873770787832,-0.015651552577101935,0.46930918240077246,-0.97465798553420346,0.41963353634921408,-0.88314116827770728,-0.66186938612650437,-0.444130753979183,-0.18479920070906242
872,0.44771293998212047,-0.99772994835775908,0.78217469933884032,0.56811699955142969,0.24311686504397279,-0.050319966698937346,0.42337332048758691,0.88486682187856713,-0.7400974167726122,-0.92729201224164792,0.088695201270408974,0.13391873770787832,-0.015651552577101935,0.46930918240077246,-0.97465798553420346,0.41963353634921408,-0.88314116827770728,-0.66186938612650437,-0.444130753979183,-0.18479920070906242
873,0.44771293998212047,-0.99772994835775908,0.78217469933884032,0.56811699955142969,0.24311686504397279,-0.050319966698937346,0.42337332048758691,0.88486682187856713,-0.7400974167726122,-0.92729201224164792,0.088695201270408974,0.13391873770787832,-0.015651552577101935,0.46930918240077246,-0.97465798553420346,0.41963353634921408,-0.88314116827770728,-0.66186938612650437,-0.444130753979183,-0.18479920070906242
874,0.44771293998212047,-0.99772994835775908,0.78217469933884032,0.56811699955142969,0.24311686504397279,-0.050319966698937346,0.42337332048758691,0.88486682187856713,-0.7400974167726122,-0.92729201224164792,0.088695201270408974,0.13391873770787832,-0.015651552577101935,0.46930918240077246,-0.97465798553420346,0.41963353634921408,-0.88314116827770728,-0.66186938612650437,-0.444130753979183,-0.18479920070906242
875,0.44771293998212047,-0.99772994835775908,0.78217469933884032,0.56811699955142969,0.24311686504397279,-0.050319966698937346,0.42337332048758691,0.88486682187856713,-0.7400974167726122,-0.92729201224164792,0.088695201270408974,0.13391873770787832,-0.015651552577101935,0.46930918240077246,-0.97465798553420346,0.41963353634921408,-0.88314116827770728,-0.66186938612650437,-0.444130753979183,-0.18479920070906242
876,0.44771293998212047,-0.99772994835775908,0.78217469933884032,0.56811699955142969,0.24311686504397279,-0.050319966698937346,0.42337332048758691,0.88486682187856713,-0.7400974167726122,-0.92729201224164792,0.088695201270408974,0.13391873770787832,-0.015651552577101935,0.46930918240077246,-0.97465798553420346,0.41963353634921408,-0.88314116827770728,-0.66186938612650437,-0.444130753979183,-0.18479920070906242
877,0.44771293998212047,-0.99772994835775908,0.78217469933884032,0.56811699955142969,0.24311686504397279,-0.050319966698937346,0.42337332048758691,0.88486682187856713,-0.7400974167726122,-0.92729201224164792,0.088695201270408974,0.13391873770787832,-0.015651552577101935,0.46930918240077246,-0.97465798553420346,0.41963353634921408,-0.88314116827770728,-0.66186938612650437,-0.444130753979183,-0.18479920070906242
878,0.44771293998212047,-0.99772994835775908,0.78217469933884032,0.56811699955142969,0.24311686504397279,-0.050319966698937346,0.42337332048758691,0.88486682187856713,-0.7400974167726122,-0.92729201224164792,0.088695201270408974,0.13391873770787832,-0.015651552577101935,0.46930918240077246,-0.97465798553420346,0.41963353634921408,-0.88314116827770728,-0.66186938612650437,-0.444130753979183,-0.18479920070906242
879,0.44771293998212047,-0.99772994835775908,0.78217469933884032,0.56811699955142969,0.24311686504397279,-0.050319966698937346,0.42337332048758691,0.88486682187856713,-0.7400974167726122,-0.92729201224164792,0.088695201270408974,0.13391873770787832,-0.015651552577101935,0.46930918240077246,-0.97465798553420346,0.41963353634921408,-0.88314116827770728,-0.66186938612650437,-0.444130753979183,-0.18479920070906242
880,0.44771293998212047,-0.99772994835775908,0.78217469933884032,0.56811699955142969,0.24311686504397279,-0.050319966698937346,0.42337332048758691,0.88486682187856713,-0.7400974167726122,-0.92729201224164792,0.088695201270408974,0.13391873770787832,-0.015651552577101935,0.46930918240077246,-0.97465798553420346,0.41963353634921408,-0.88314116827770728,-0.66186938612650437,-0.444130753979183,-0.18479920070906242
881,0.44771293998212047,-0.99772994835775908,0.78217469933884032,0.56811699955142969,0.24311686504397279,-0.050319966698937346,0.42337332048758691,0.88486682187856713,-0.7400974167726122,-0.92729201224164792,0.088695201270408974,0.13391873770787832,-0.015651552577101935,0.46930918240077246,-0.97465798553420346,0.41963353634921408,-0.88314116827770728,-0.66186938612650437,-0.444130753979183,-0.18479920070906242
882,0.44771293998212047,-0.99772994835775908,0.78217469933884032,0.56811699955142969,0.24311686504397279,-0.050319966698937346,0.42337332048758691,0.88486682187856713,-0.7400974167726122,-0.92729201224164792,0.088695201270408974,0.13391873770787832,-0.015651552577101935,0.46930918240077246,-0.97465798553420346,0.41963353634921408,-0.88314116827770728,-0.66186938612650437,-0.444130753979183,-0.18479920070906242
883,0.44771293998212047,-0.99772994835775908,0.78217469933884032,0.56811699955142969,0.24311686504397279,-0.050319966698937346,0.42337332048758691,0.88486682187856713,-0.7400974167726122,-0.92729201224164792,0.088695201270408974,0.13391873770787832,-0.015651552577101935,0.46930918240077246,-0.97465798553420346,0.41963353634921408,-0.88314116827770728,-0.66186938612650437,-0.444130753979183,-0.18479920070906242
884,0.44771293998212047,-0.99772994835775908,0.78217469933884032,0.56811699955142969,0.24311686504397279,-0.050319966698937346,0.42337332048758691,0.88486682187856713,-0.7400974167726122,-0.92729201224164792,0.088695201270408974,0.13391873770787832,-0.015651552577101935,0.46930918240077246,-0.97465798553420346,0.41963353634921408,-0.88314116827770728,-0.66186938612650437,-0.444130753979183,-0.18479920070906242
885,0.44771293998212047,-0.99772994835775908,0.78217469933884032,0.56811699955142969,0.24311686504397279,-0.050319966698937346,0.42337332048758691,0.88486682187856713,-0.7400974167726122,-0.92729201224164792,0.088695201270408974,0.13391873770787832,-0.015651552577101935,0.46930918240077246,-0.97465798553420346,0.41963353634921408,-0.88314116827770728,-0.66186938612650437,-0.444130753979183,-0.18479920070906242
886,0.44771293998212047,-0.99772994835775908,0.78217469933884032,0.56811699955142969,0.24311686504397279,-0.050319966698937346,0.42337332048758691,0.88486682187856713,-0.7400974167726122,-0.92729201224164792,0.088695201270408974,0.13391873770787832,-0.015651552577101935,0.46930918240077246,-0.97465798553420346,0.41963353634921408,-0.88314116827770728,-0.66186938612650437,-0.444130753979183,-0.18479920070906242
887,0.44771293998212047,-0.99772994835775908,0.78217469933884032,0.56811699955142969,0.24311686504397279,-0.050319966698937346,0.42337332048758691,0.88486682187856713,-0.7400974167726122,-0.92729201224164792,0.088695201270408974,0.13391873770787832,-0.015651552577101935,0.46930918240077246,-0.97465798553420346,0.41963353634921408,-0.88314116827770728,-0.66186938612650437,-0.444130753979183,-0.18479920070906242
888,0.44771293998212047,-0.99772994835775908,0.78217469933884032,0.56811699955142969,0.24311686504397279,-0.050319966698937346,0.42337332048758691,0.88486682187856713,-0.7400974167726122,-0.92729201224164792,0.088695201270408974,0.13391873770787832,-0.015651552577101935,0.46930918240077246,-0.97465798553420346,0.41963353634921408,-0.88314116827770728,-0.66186938612650437,-0.444130753979183,-0.18479920070906242
889,0.44771293998212047,-0.99772994835775908,0.78217469933884032,0.56811699955142969,0.24311686504397279,-0.050319966698937346,0.42337332048758691,0.88486682187856713,-0.7400974167726122,-0.92729201224164792,0.088695201270408974,0.13391873770787832,-0.015651552577101935,0.46930918240077246,-0.97465798553420346,0.41963353634921408,-0.88314116827770728,-0.66186938612650437,-0.444130753979183,-0.18479920070906242
890,0.44771293998212047,-0.99772994835775908,0.78217469933884032,0.56811699955142969,0.24311686504397279,-0.050319966698937346,0.42337332048758691,0.88486682187856713,-0.7400974167726122,-0.92729201224164792,0.088695201270408974,0.13391873770787832,-0.015651552577101935,0.46930918240077246,-0.97465798553420346,0.41963353634921408,-0.88314116827770728,-0.66186938612650437,-0.444130753979183,-0.18479920070906242
891,0.44771293998212047,-0.99772994835775908,0.78217469933884032,0.56811699955142969,0.24311686504397279,-0.050319966698937346,0.42337332048758691,0.88486682187856713,-0.7400974167726122,-0.92729201224164792,0.088695201270408974,0.13391873770787832,-0.015651552577101935,0.46930918240077246,-0.97465798553420346,0.41963353634921408,-0.88314116827770728,-0.66186938612650437,-0.444130753979183,-0.18479920070906242
892,0.44771293998212047,-0.99772994835775908,0.78217469933884032,0.56811699955142969,0.24311686504397279,-0.050319966698937346,0.42337332048758691,0.88486682187856713,-0.7400974167726122,-0.92729201224164792,0.088695201270408974,0.13391873770787832,-0.015651552577101935,0.46930918240077246,-0.97465798553420346,0.41963353634921408,-0.88314116827770728,-0.66186938612650437,-0.444130753979183,-0.18479920070906242
893,0.44771293998212047,-0.99772994835775908,0.78217469933884032,0.56811699955142969,0.24311686504397279,-0.050319966698937346,0.42337332048758691,0.88486682187856713,-0.7400974167726122,-0.92729201224164792,0.088695201270408974,0.13391873770787832,-0.015651552577101935,0.46930918240077246,-0.97465798553420346,0.41963353634921408,-0.88314116827770728,-0.66186938612650437,-0.444130753979183,-0.18479920070906242
894,0.44771293998212047,-0.99772994835775908,0.78217469933884032,0.56811699955142969,0.24311686504397279,-0.050319966698937346,0.42337332048758691,0.88486682187856713,-0.7400974167726122,-0.92729201224164792,0.088695201270408974,0.13391873770787832,-0.015651552577101935,0.46930918240077246,-0.97465798553420346,0.41963353634921408,-0.88314116827770728,-0.66186938612650437,-0.444130753979183,-0.18479920070906242
895,0.44771293998212047,-0.99772994835775908,0.78217469933884032,0.56811699955142969,0.24311686504397279,-0.050319966698937346,0.42337332048758691,0.88486682187856713,-0.7400974167726122,-0.92729201224164792,0.088695201270408974,0.13391873770787832,-0.015651552577101935,0.46930918240077246,-0.97465798553420346,0.41963353634921408,-0.88314116827770728,-0.66186938612650437,-0.444130753979183,-0.18479920070906242
896,0.44771293998212047,-0.99772994835775908,0.78217469933884032,0.56811699955142969,0.24311686504397279,-0.050319966698937346,0.42337332048758691,0.88486682187856713,-0.7400974167726122,-0.92729201224164792,0.088695201270408974,0.13391873770787832,-0.015651552577101935,0.46930918240077246,-0.97465798553420346,0.41963353634921408,-0.88314116827770728,-0.66186938612650437,-0.444130753979183,-0.18479920070906242
897,0.44771293998212047,-0.99772994835775908,0.78217469933884032,0.56811699955142969,0.24311686504397279,-0.050319966698937346,0.42337332048758691,0.88486682187856713,-0.7400974167726122,-0.92729201224164792,0.088695201270408974,0.13391873770787832,-0.015651552577101935,0.46930918240077246,-0.97465798553420346,0.41963353634921408,-0.88314116827770728,-0.66186938612650437,-0.444130753979183,-0.18479920070906242
898,0.44771293998212047,-0.99772994835775908,0.78217469933884032,0.56811699955142969,0.24311686504397279,-0.050319966698937346,0.42337332048758691,0.88486682187856713,-0.7400974167726122,-0.92729201224164792,0.088695201270408974,0.13391873770787832,-0.015651552577101935,0.46930918240077246,-0.97465798553420346,0.41963353634921408,-0.88314116827770728,-0.66186938612650437,-0.444130753979183,-0.18479920070906242
899,0.44771293998212047,-0.99772994835775908,0.78217469933884032,0.56811699955142969,0.24311686504397279,-0.050319966698937346,0.42337332048758691,0.88486682187856713,-0.7400974167726122,-0.92729201224164792,0.088695201270408974,0.13391873770787832,-0.015651552577101935,0.46930918240077246,-0.97465798553420346,0.41963353634921408,-0.88314116827770728,-0.66186938612650437,-0.444130753979183,-0.18479920070906242
900,0.44771293998212047,-0.99772994835775908,0.78217469933884032,0.56811699955142969,0.24311686504397279,-0.050319966698937346,0.42337332048758691,0.88486682187856713,-0.7400974167726122,-0.92729201224164792,0.088695201270408974,0.13391873770787832,-0.015651552577101935,0.46930918240077246,-0.97465798553420346,0.41963353634921408,-0.88314116827770728,-0.66186938612650437,-0.444130753979183,-0.18479920070906242
901,0.44771293998212047,-0.99772994835775908,0.78217469933884032,0.56811699955142969,0.24311686504397279,-0.050319966698937346,0.42337332048758691,0.88486682187856713,-0.7400974167726122,-0.92729201224164792,0.088695201270408974,0.13391873770787832,-0.015651552577101935,0.46930918240077246,-0.97465798553420346,0.41963353634921408,-0.88314116827770728,-0.66186938612650437,-0.444130753979183,-0.18479920070906242
902,0.44771293998212047,-0.99772994835775908,0.78217469933884032,0.56811699955142969,0.24311686504397279,-0.050319966698937346,0.42337332048758691,0.88486682187856713,-0.7400974167726122,-0.92729201224164792,0.088695201270408974,0.13391873770787832,-0.015651552577101935,0.46930918240077246,-0.97465798553420346,0.41963353634921408,-0.88314116827770728,-0.66186938612650437,-0.444130753979183,-0.18479920070906242
903,0.44771293998212047,-0.99772994835775908,0.78217469933884032,0.56811699955142969,0.24311686504397279,-0.050319966698937346,0.42337332048758691,0.88486682187856713,-0.7400974167726122,-0.92729201224164792,0.088695201270408974,0.13391873770787832,-0.015651552577101935,0.46930918240077246,-0.97465798553420346,0.41963353634921408,-0.88314116827770728,-0.66186938612650437,-0.444130753979183,-0.18479920070906242
904,0.44771293998212047,-0.99772994835775908,0.78217469933884032,0.56811699955142969,0.24311686504397279,-0.050319966698937346,0.42337332048758691,0.88486682187856713,-0.7400974167726122,-0.92729201224164792,0.088695201270408974,0.13391873770787832,-0.015651552577101935,0.46930918240077246,-0.97465798553420346,0.41963353634921408,-0.88314116827770728,-0.66186938612650437,-0.444130753979183,-0.18479920070906242
905,0.44771293998212047,-0.99772994835775908,0.78217469933884032,0.56811699955142969,0.24311686504397279,-0.050319966698937346,0.42337332048758691,0.88486682187856713,-0.7400974167726122,-0.92729201224164792,0.088695201270408974,0.13391873770787832,-0.015651552577101935,0.46930918240077246,-0.97465798553420346,0.41963353634921408,-0.88314116827770728,-0.66186938612650437,-0.444130753979183,-0.18479920070906242
906,0.44771293998212047,-0.99772994835775908,0.78217469933884032,0.56811699955142969,0.24311686504397279,-0.050319966698937346,0.42337332048758691,0.88486682187856713,-0.7400974167726122,-0.92729201224164792,0.088695201270408974,0.13391873770787832,-0.015651552577101935,0.46930918240077246,-0.97465798553420346,0.41963353634921408,-0.88314116827770728,-0.66186938612650437,-0.444130753979183,-0.18479920070906242
907,0.44771293998212047,-0.99772994835775908,0.78217469933884032,0.56811699955142969,0.24311686504397279,-0.050319966698937346,0.42337332048758691,0.88486682187856713,-0.7400974167726122,-0.92729201224164792,0.088695201270408974,0.13391873770787832,-0.015651552577101935,0.46930918240077246,-0.97465798553420346,0.41963353634921408,-0.88314116827770728,-0.66186938612650437,-0.444130753979183,-0.18479920070906242
908,0.44771293998212047,-0.99772994835775908,0.78217469933884032,0.56811699955142969,0.24311686504397279,-0.050319966698937346,0.42337332048758691,0.88486682187856713,-0.7400974167726122,-0.92729201224164792,0.088695201270408974,0.13391873770787832,-0.015651552577101935,0.46930918240077246,-0.97465798553420346,0.41963353634921408,-0.88314116827770728,-0.66186938612650437,-0.444130753979183,-0.18479920070906242
909,0.44771293998212047,-0.99772994835775908,0.78217469933884032,0.56811699955142969,0.24311686504397279,-0.050319966698937346,0.42337332048758691,0.88486682187856713,-0.7400974167726122,-0.92729201224164792,0.088695201270408974,0.13391873770787832,-0.015651552577101935,0.46930918240077246,-0.97465798553420346,0.41963353634921408,-0.88314116827770728,-0.66186938612650437,-0.444130753979183,-0.18479920070906242
910,0.44771293998212047,-0.99772994835775908,0.78217469933884032,0.56811699955142969,0.24311686504397279,-0.050319966698937346,0.42337332048758691,0.88486682187856713,-0.7400974167726122,-0.92729201224164792,0.088695201270408974,0.13391873770787832,-0.015651552577101935,0.46930918240077246,-0.97465798553420346,0.41963353634921408,-0.88314116827770728,-0.66186938612650437,-0.444130753979183,-0.18479920070906242
911,0.44771293998212047,-0.99772994835775908,0.78217469933884032,0.56811699955142969,0.24311686504397279,-0.050319966698937346,0.42337332048758691,0.88486682187856713,-0.7400974167726122,-0.92729201224164792,0.088695201270408974,0.13391873770787832,-0.015651552577101935,0.46930918240077246,-0.97465798553420346,0.41963353634921408,-0.88314116827770728,-0.66186938612650437,-0.444130753979183,-0.18479920070906242
912,0.44771293998212047,-0.99772994835775908,0.78217469933884032,0.56811699955142969,0.24311686504397279,-0.050319966698937346,0.42337332048758691,0.88486682187856713,-0.7400974167726122,-0.92729201224164792,0.088695201270408974,0.13391873770787832,-0.015651552577101935,0.46930918240077246,-0.97465798553420346,0.41963353634921408,-0.88314116827770728,-0.66186938612650437,-0.444130753979183,-0.18479920070906242
913,0.44771293998212047,-0.99772994835775908,0.78217469933884032,0.56811699955142969,0.24311686504397279,-0.050319966698937346,0.42337332048758691,0.88486682187856713,-0.7400974167726122,-0.92729201224164792,0.088695201270408974,0.13391873770787832,-0.015651552577101935,0.46930918240077246,-0.97465798553420346,0.41963353634921408,-0.88314116827770728,-0.66186938612650437,-0.444130753979183,-0.18479920070906242
914,0.44771293998212047,-0.99772994835775908,0.78217469933884032,0.56811699955142969,0.24311686504397279,-0.050319966698937346,0.42337332048758691,0.88486682187856713,-0.7400974167726122,-0.92729201224164792,0.088695201270408974,0.13391873770787832,-0.015651552577101935,0.46930918240077246,-0.97465798553420346,0.41963353634921408,-0.88314116827770728,-0.66186938612650437,-0.444130753979183,-0.18479920070906242
915,0.44771293998212047,-0.99772994835775908,0.78217469933884032,0.56811699955142969,0.24311686504397279,-0.050319966698937346,0.42337332048758691,0.88486682187856713,-0.7400974167726122,-0.92729201224164792,0.088695201270408974,0.13391873770787832,-0.015651552577101935,0.46930918240077246,-0.97465798553420346,0.41963353634921408,-0.88314116827770728,-0.66186938612650437,-0.444130753979183,-0.18479920070906242
916,0.44771293998212047,-0.99772994835775908,0.78217469933884032,0.56811699955142969,0.24311686504397279,-0.050319966698937346,0.42337332048758691,0.88486682187856713,-0.7400974167726122,-0.92729201224164792,0.088695201270408974,0.13391873770787832,-0.015651552577101935,0.46930918240077246,-0.97465798553420346,0.41963353634921408,-0.88314116827770728,-0.66186938612650437,-0.444130753979183,-0.18479920070906242
917,0.44771293998212047,-0.99772994835775908,0.78217469933884032,0.56811699955142969,0.24311686504397279,-0.050319966698937346,0.42337332048758691,0.88486682187856713,-0.7400974167726122,-0.92729201224164792,0.088695201270408974,0.13391873770787832,-0.015651552577101935,0.46930918240077246,-0.97465798553420346,0.41963353634921408,-0.88314116827770728,-0.66186938612650437,-0.444130753979183,-0.18479920070906242
918,0.44771293998212047,-0.99772994835775908,0.78217469933884032,0.56811699955142969,0.24311686504397279,-0.050319966698937346,0.42337332048758691,0.88486682187856713,-0.7400974167726122,-0.92729201224164792,0.088695201270408974,0.13391873770787832,-0.015651552577101935,0.46930918240077246,-0.97465798553420346,0.41963353634921408,-0.88314116827770728,-0.66186938612650437,-0.444130753979183,-0.18479920070906242
919,0.44771293998212047,-0.99772994835775908,0.78217469933884032,0.56811699955142969,0.24311686504397279,-0.050319966698937346,0.42337332048758691,0.88486682187856713,-0.7400974167726122,-0.92729201224164792,0.088695201270408974,0.13391873770787832,-0.015651552577101935,0.46930918240077246,-0.97465798553420346,0.41963353634921408,-0.88314116827770728,-0.66186938612650437,-0.444130753979183,-0.18479920070906242
920,0.44771293998212047,-0.99772994835775908,0.78217469933884032,0.56811699955142969,0.24311686504397279,-0.050319966698937346,0.42337332048758691,0.88486682187856713,-0.7400974167726122,-0.92729201224164792,0.088695201270408974,0.13391873770787832,-0.015651552577101935,0.46930918240077246,-0.97465798553420346,0.41963353634921408,-0.88314116827770728,-0.66186938612650437,-0.444130753979183,-0.18479920070906242
921,0.44771293998212047,-0.99772994835775908,0.78217469933884032,0.56811699955142969,0.24311686504397279,-0.050319966698937346,0.42337332048758691,0.88486682187856713,-0.7400974167726122,-0.92729201224164792,0.088695201270408974,0.13391873770787832,-0.015651552577101935,0.46930918240077246,-0.97465798553420346,0.41963353634921408,-0.88314116827770728,-0.66186938612650437,-0.444130753979183,-0.18479920070906242
922,0.44771293998212047,-0.99772994835775908,0.78217469933884032,0.56811699955142969,0.24311686504397279,-0.050319966698937346,0.42337332048758691,0.88486682187856713,-0.7400974167726122,-0.92729201224164792,0.088695201270408974,0.13391873770787832,-0.015651552577101935,0.46930918240077246,-0.97465798553420346,0.41963353634921408,-0.88314116827770728,-0.66186938612650437,-0.444130753979183,-0.18479920070906242
923,0.44771293998212047,-0.99772994835775908,0.78217469933884032,0.56811699955142969,0.24311686504397279,-0.050319966698937346,0.42337332048758691,0.88486682187856713,-0.7400974167726122,-0.92729201224164792,0.088695201270408974,0.13391873770787832,-0.015651552577101935,0.46930918240077246,-0.97465798553420346,0.41963353634921408,-0.88314116827770728,-0.66186938612650437,-0.444130753979183,-0.18479920070906242
924,0.44771293998212047,-0.99772994835775908,0.78217469933884032,0.56811699955142969,0.24311686504397279,-0.050319966698937346,0.42337332048758691,0.88486682187856713,-0.7400974167726122,-0.92729201224164792,0.088695201270408974,0.13391873770787832,-0.015651552577101935,0.46930918240077246,-0.97465798553420346,0.41963353634921408,-0.88314116827770728,-0.66186938612650437,-0.444130753979183,-0.18479920070906242
925,0.44771293998212047,-0.99772994835775908,0.78217469933884032,0.56811699955142969,0.24311686504397279,-0.050319966698937346,0.42337332048758691,0.88486682187856713,-0.7400974167726122,-0.92729201224164792,0.088695201270408974,0.13391873770787832,-0.015651552577101935,0.46930918240077246,-0.97465798553420346,0.41963353634921408,-0.88314116827770728,-0.66186938612650437,-0.444130753979183,-0.18479920070906242
926,0.44771293998212047,-0.99772994835775908,0.78217469933884032,0.56811699955142969,0.24311686504397279,-0.050319966698937346,0.42337332048758691,0.88486682187856713,-0.7400974167726122,-0.92729201224164792,0.088695201270408974,0.13391873770787832,-0.015651552577101935,0.46930918240077246,-0.97465798553420346,0.41963353634921408,-0.88314116827770728,-0.66186938612650437,-0.444130753979183,-0.18479920070906242
927,0.44771293998212047,-0.99772994835775908,0.78217469933884032,0.56811699955142969,0.24311686504397279,-0.050319966698937346,0.42337332048758691,0.88486682187856713,-0.7400974167726122,-0.92729201224164792,0.088695201270408974,0.13391873770787832,-0.015651552577101935,0.46930918240077246,-0.97465798553420346,0.41963353634921408,-0.88314116827770728,-0.66186938612650437,-0.444130753979183,-0.18479920070906242
928,0.44771293998212047,-0.99772994835775908,0.78217469933884032,0.56811699955142969,0.24311686504397279,-0.050319966698937346,0.42337332048758691,0.88486682187856713,-0.7400974167726122,-0.92729201224164792,0.088695201270408974,0.13391873770787832,-0.015651552577101935,0.46930918240077246,-0.97465798553420346,0.41963353634921408,-0.88314116827770728,-0.66186938612650437,-0.444130753979183,-0.18479920070906242
929,0.44771293998212047,-0.99772994835775908,0.78217469933884032,0.56811699955142969,0.24311686504397279,-0.050319966698937346,0.42337332048758691,0.88486682187856713,-0.7400974167726122,-0.92729201224164792,0.088695201270408974,0.13391873770787832,-0.015651552577101935,0.46930918240077246,-0.97465798553420346,0.41963353634921408,-0.88314116827770728,-0.66186938612650437,-0.444130753979183,-0.18479920070906242
930,0.44771293998212047,-0.99772994835775908,0.78217469933884032,0.56811699955142969,0.24311686504397279,-0.050319966698937346,0.42337332048758691,0.88486682187856713,-0.7400974167726122,-0.92729201224164792,0.088695201270408974,0.13391873770787832,-0.015651552577101935,0.46930918240077246,-0.97465798553420346,0.41963353634921408,-0.88314116827770728,-0.66186938612650437,-0.444130753979183,-0.18479920070906242
931,0.44771293998212047,-0.99772994835775908,0.78217469933884032,0.56811699955142969,0.24311686504397279,-0.050319966698937346,0.42337332048758691,0.88486682187856713,-0.7400974167726122,-0.92729201224164792,0.088695201270408974,0.13391873770787832,-0.015651552577101935,0.46930918240077246,-0.97465798553420346,0.41963353634921408,-0.88314116827770728,-0.66186938612650437,-0.444130753979183,-0.18479920070906242
932,0.44771293998212047,-0.99772994835775908,0.78217469933884032,0.56811699955142969,0.24311686504397279,-0.050319966698937346,0.42337332048758691,0.88486682187856713,-0.7400974167726122,-0.92729201224164792,0.088695201270408974,0.13391873770787832,-0.015651552577101935,0.46930918240077246,-0.97465798553420346,0.41963353634921408,-0.88314116827770728,-0.66186938612650437,-0.444130753979183,-0.18479920070906242
933,0.44771293998212047,-0.99772994835775908,0.78217469933884032,0.56811699955142969,0.24311686504397279,-0.050319966698937346,0.42337332048758691,0.88486682187856713,-0.7400974167726122,-0.92729201224164792,0.088695201270408974,0.13391873770787832,-0.015651552577101935,0.46930918240077246,-0.97465798553420346,0.41963353634921408,-0.88314116827770728,-0.66186938612650437,-0.444130753979183,-0.18479920070906242
934,0.44771293998212047,-0.99772994835775908,0.78217469933884032,0.56811699955142969,0.24311686504397279,-0.050319966698937346,0.42337332048758691,0.88486682187856713,-0.7400974167726122,-0.92729201224164792,0.088695201270408974,0.13391873770787832,-0.015651552577101935,0.46930918240077246,-0.97465798553420346,0.41963353634921408,-0.88314116827770728,-0.66186938612650437,-0.444130753979183,-0.18479920070906242
935,0.44771293998212047,-0.99772994835775908,0.78217469933884032,0.56811699955142969,0.24311686504397279,-0.050319966698937346,0.42337332048758691,0.88486682187856713,-0.7400974167726122,-0.92729201224164792,0.088695201270408974,0.13391873770787832,-0.015651552577101935,0.46930918240077246,-0.97465798553420346,0.41963353634921408,-0.88314116827770728,-0.66186938612650437,-0.444130753979183,-0.18479920070906242
936,0.44771293998212047,-0.99772994835775908,0.78217469933884032,0.56811699955142969,0.24311686504397279,-0.050319966698937346,0.42337332048758691,0.88486682187856713,-0.7400974167726122,-0.92729201224164792,0.088695201270408974,0.13391873770787832,-0.015651552577101935,0.46930918240077246,-0.97465798553420346,0.41963353634921408,-0.88314116827770728,-0.66186938612650437,-0.444130753979183,-0.18479920070906242
937,0.44771293998212047,-0.99772994835775908,0.78217469933884032,0.56811699955142969,0.24311686504397279,-0.050319966698937346,0.42337332048758691,0.88486682187856713,-0.7400974167726122,-0.92729201224164792,0.088695201270408974,0.13391873770787832,-0.015651552577101935,0.46930918240077246,-0.97465798553420346,0.41963353634921408,-0.88314116827770728,-0.66186938612650437,-0.444130753979183,-0.18479920070906242
938,0.44771293998212047,-0.99772994835775908,0.78217469933884032,0.56811699955142969,0.24311686504397279,-0.050319966698937346,0.42337332048758691,0.88486682187856713,-0.7400974167726122,-0.92729201224164792,0.088695201270408974,0.13391873770787832,-0.015651552577101935,0.46930918240077246,-0.97465798553420346,0.41963353634921408,-0.88314116827770728,-0.66186938612650437,-0.444130753979183,-0.18479920070906242
939,0.44771293998212047,-0.99772994835775908,0.78217469933884032,0.56811699955142969,0.24311686504397279,-0.050319966698937346,0.42337332048758691,0.88486682187856713,-0.7400974167726122,-0.92729201224164792,0.088695201270408974,0.13391873770787832,-0.015651552577101935,0.46930918240077246,-0.97465798553420346,0.41963353634921408,-0.88314116827770728,-0.66186938612650437,-0.444130753979183,-0.18479920070906242
940,0.44771293998212047,-0.99772994835775908,0.78217469933884032,0.56811699955142969,0.24311686504397279,-0.050319966698937346,0.42337332048758691,0.88486682187856713,-0.7400974167726122,-0.92729201224164792,0.088695201270408974,0.13391873770787832,-0.015651552577101935,0.46930918240077246,-0.97465798553420346,0.41963353634921408,-0.88314116827770728,-0.66186938612650437,-0.444130753979183,-0.18479920070906242
941,0.44771293998212047,-0.99772994835775908,0.78217469933884032,0.56811699955142969,0.24311686504397279,-0.050319966698937346,0.42337332048758691,0.88486682187856713,-0.7400974167726122,-0.92729201224164792,0.088695201270408974,0.13391873770787832,-0.015651552577101935,0.46930918240077246,-0.97465798553420346,0.41963353634921408,-0.88314116827770728,-0.66186938612650437,-0.444130753979183,-0.18479920070906242
942,0.44771293998212047,-0.99772994835775908,0.78217469933884032,0.56811699955142969,0.24311686504397279,-0.050319966698937346,0.42337332048758691,0.88486682187856713,-0.7400974167726122,-0.92729201224164792,0.088695201270408974,0.13391873770787832,-0.015651552577101935,0.46930918240077246,-0.97465798553420346,0.41963353634921408,-0.88314116827770728,-0.66186938612650437,-0.444130753979183,-0.18479920070906242
943,0.44771293998212047,-0.99772994835775908,0.78217469933884032,0.56811699955142969,0.24311686504397279,-0.050319966698937346,0.42337332048758691,0.88486682187856713,-0.7400974167726122,-0.92729201224164792,0.088695201270408974,0.13391873770787832,-0.015651552577101935,0.46930918240077246,-0.97465798553420346,0.41963353634921408,-0.88314116827770728,-0.66186938612650437,-0.444130753979183,-0.18479920070906242
944,0.44771293998212047,-0.99772994835775908,0.78217469933884032,0.56811699955142969,0.24311686504397279,-0.050319966698937346,0.42337332048758691,0.88486682187856713,-0.7400974167726122,-0.92729201224164792,0.088695201270408974,0.13391873770787832,-0.015651552577101935,0.46930918240077246,-0.97465798553420346,0.41963353634921408,-0.88314116827770728,-0.66186938612650437,-0.444130753979183,-0.18479920070906242
945,0.44771293998212047,-0.99772994835775908,0.78217469933884032,0.56811699955142969,0.24311686504397279,-0.050319966698937346,0.42337332048758691,0.88486682187856713,-0.7400974167726122,-0.92729201224164792,0.088695201270408974,0.13391873770787832,-0.015651552577101935,0.46930918240077246,-0.97465798553420346,0.41963353634921408,-0.88314116827770728,-0.66186938612650437,-0.444130753979183,-0.18479920070906242
946,0.44771293998212047,-0.99772994835775908,0.78217469933884032,0.56811699955142969,0.24311686504397279,-0.050319966698937346,0.42337332048758691,0.88486682187856713,-0.7400974167726122,-0.92729201224164792,0.088695201270408974,0.13391873770787832,-0.015651552577101935,0.46930918240077246,-0.97465798553420346,0.41963353634921408,-0.88314116827770728,-0.66186938612650437,-0.444130753979183,-0.18479920070906242
947,0.44771293998212047,-0.99772994835775908,0.78217469933884032,0.56811699955142969,0.24311686504397279,-0.050319966698937346,0.42337332048758691,0.88486682187856713,-0.7400974167726122,-0.92729201224164792,0.088695201270408974,0.13391873770787832,-0.015651552577101935,0.46930918240077246,-0.97465798553420346,0.41963353634921408,-0.88314116827770728,-0.66186938612650437,-0.444130753979183,-0.18479920070906242
948,0.44771293998212047,-0.99772994835775908,0.78217469933884032,0.56811699955142969,0.24311686504397279,-0.050319966698937346,0.42337332048758691,0.88486682187856713,-0.7400974167726122,-0.92729201224164792,0.088695201270408974,0.13391873770787832,-0.015651552577101935,0.46930918240077246,-0.97465798553420346,0.41963353634921408,-0.88314116827770728,-0.66186938612650437,-0.444130753979183,-0.18479920070906242
949,0.44771293998212047,-0.99772994835775908,0.78217469933884032,0.56811699955142969,0.24311686504397279,-0.050319966698937346,0.42337332048758691,0.88486682187856713,-0.7400974167726122,-0.92729201224164792,0.088695201270408974,0.13391873770787832,-0.015651552577101935,0.46930918240077246,-0.97465798553420346,0.41963353634921408,-0.88314116827770728,-0.66186938612650437,-0.444130753979183,-0.18479920070906242
950,0.44771293998212047,-0.99772994835775908,0.78217469933884032,0.56811699955142969,0.24311686504397279,-0.050319966698937346,0.42337332048758691,0.88486682187856713,-0.7400974167726122,-0.92729201224164792,0.088695201270408974,0.13391873770787832,-0.015651552577101935,0.46930918240077246,-0.97465798553420346,0.41963353634921408,-0.88314116827770728,-0.66186938612650437,-0.444130753979183,-0.18479920070906242
951,0.44771293998212047,-0.99772994835775908,0.78217469933884032,0.56811699955142969,0.24311686504397279,-0.050319966698937346,0.42337332048758691,0.88486682187856713,-0.7400974167726122,-0.92729201224164792,0.088695201270408974,0.13391873770787832,-0.015651552577101935,0.46930918240077246,-0.97465798553420346,0.41963353634921408,-0.88314116827770728,-0.66186938612650437,-0.444130753979183,-0.18479920070906242
952,0.44771293998212047,-0.99772994835775908,0.78217469933884032,0.56811699955142969,0.24311686504397279,-0.050319966698937346,0.42337332048758691,0.88486682187856713,-0.7400974167726122,-0.92729201224164792,0.088695201270408974,0.13391873770787832,-0.015651552577101935,0.46930918240077246,-0.97465798553420346,0.41963353634921408,-0.88314116827770728,-0.66186938612650437,-0.444130753979183,-0.18479920070906242
953,0.44771293998212047,-0.99772994835775908,0.78217469933884032,0.56811699955142969,0.24311686504397279,-0.050319966698937346,0.42337332048758691,0.88486682187856713,-0.7400974167726122,-0.92729201224164792,0.088695201270408974,0.13391873770787832,-0.015651552577101935,0.46930918240077246,-0.97465798553420346,0.41963353634921408,-0.88314116827770728,-0.66186938612650437,-0.444130753979183,-0.18479920070906242
954,0.44771293998212047,-0.99772994835775908,0.78217469933884032,0.56811699955142969,0.24311686504397279,-0.050319966698937346,0.42337332048758691,0.88486682187856713,-0.7400974167726122,-0.92729201224164792,0.088695201270408974,0.13391873770787832,-0.015651552577101935,0.46930918240077246,-0.97465798553420346,0.41963353634921408,-0.88314116827770728,-0.66186938612650437,-0.444130753979183,-0.18479920070906242
955,0.44771293998212047,-0.99772994835775908,0.78217469933884032,0.56811699955142969,0.24311686504397279,-0.050319966698937346,0.42337332048758691,0.88486682187856713,-0.7400974167726122,-0.92729201224164792,0.088695201270408974,0.13391873770787832,-0.015651552577101935,0.46930918240077246,-0.97465798553420346,0.41963353634921408,-0.88314116827770728,-0.66186938612650437,-0.444130753979183,-0.18479920070906242
956,0.44771293998212047,-0.99772994835775908,0.78217469933884032,0.56811699955142969,0.24311686504397279,-0.050319966698937346,0.42337332048758691,0.88486682187856713,-0.7400974167726122,-0.92729201224164792,0.088695201270408974,0.13391873770787832,-0.015651552577101935,0.46930918240077246,-0.97465798553420346,0.41963353634921408,-0.88314116827770728,-0.66186938612650437,-0.444130753979183,-0.18479920070906242
957,0.44771293998212047,-0.99772994835775908,0.78217469933884032,0.56811699955142969,0.24311686504397279,-0.050319966698937346,0.42337332048758691,0.88486682187856713,-0.7400974167726122,-0.92729201224164792,0.088695201270408974,0.13391873770787832,-0.015651552577101935,0.46930918240077246,-0.97465798553420346,0.41963353634921408,-0.88314116827770728,-0.66186938612650437,-0.444130753979183,-0.18479920070906242
958,0.44771293998212047,-0.99772994835775908,0.78217469933884032,0.56811699955142969,0.24311686504397279,-0.050319966698937346,0.42337332048758691,0.88486682187856713,-0.7400974167726122,-0.92729201224164792,0.088695201270408974,0.13391873770787832,-0.015651552577101935,0.46930918240077246,-0.97465798553420346,0.41963353634921408,-0.88314116827770728,-0.66186938612650437,-0.444130753979183,-0.18479920070906242
959,0.44771293998212047,-0.99772994835775908,0.78217469933884032,0.56811699955142969,0.24311686504397279,-0.050319966698937346,0.42337332048758691,0.88486682187856713,-0.7400974167726122,-0.92729201224164792,0.088695201270408974,0.13391873770787832,-0.015651552577101935,0.46930918240077246,-0.97465798553420346,0.41963353634921408,-0.88314116827770728,-0.66186938612650437,-0.444130753979183,-0.18479920070906242
960,0.44771293998212047,-0.99772994835775908,0.78217469933884032,0.56811699955142969,0.24311686504397279,-0.050319966698937346,0.42337332048758691,0.88486682187856713,-0.7400974167726122,-0.92729201224164792,0.088695201270408974,0.13391873770787832,-0.015651552577101935,0.46930918240077246,-0.97465798553420346,0.41963353634921408,-0.88314116827770728,-0.66186938612650437,-0.444130753979183,-0.18479920070906242
961,0.44771293998212047,-0.99772994835775908,0.78217469933884032,0.56811699955142969,0.24311686504397279,-0.050319966698937346,0.42337332048758691,0.88486682187856713,-0.7400974167726122,-0.92729201224164792,0.088695201270408974,0.13391873770787832,-0.015651552577101935,0.46930918240077246,-0.97465798553420346,0.41963353634921408,-0.88314116827770728,-0.66186938612650437,-0.444130753979183,-0.18479920070906242
962,0.44771293998212047,-0.99772994835775908,0.78217469933884032,0.56811699955142969,0.24311686504397279,-0.050319966698937346,0.42337332048758691,0.88486682187856713,-0.7400974167726122,-0.92729201224164792,0.088695201270408974,0.13391873770787832,-0.015651552577101935,0.46930918240077246,-0.97465798553420346,0.41963353634921408,-0.88314116827770728,-0.66186938612650437,-0.444130753979183,-0.18479920070906242
963,0.44771293998212047,-0.99772994835775908,0.78217469933884032,0.56811699955142969,0.24311686504397279,-0.050319966698937346,0.42337332048758691,0.88486682187856713,-0.7400974167726122,-0.92729201224164792,0.088695201270408974,0.13391873770787832,-0.015651552577101935,0.46930918240077246,-0.97465798553420346,0.41963353634921408,-0.88314116827770728,-0.66186938612650437,-0.444130753979183,-0.18479920070906242
964,0.44771293998212047,-0.99772994835775908,0.78217469933884032,0.56811699955142969,0.24311686504397279,-0.050319966698937346,0.42337332048758691,0.88486682187856713,-0.7400974167726122,-0.92729201224164792,0.088695201270408974,0.13391873770787832,-0.015651552577101935,0.46930918240077246,-0.97465798553420346,0.41963353634921408,-0.88314116827770728,-0.66186938612650437,-0.444130753979183,-0.18479920070906242
965,0.44771293998212047,-0.99772994835775908,0.78217469933884032,0.56811699955142969,0.24311686504397279,-0.050319966698937346,0.42337332048758691,0.88486682187856713,-0.7400974167726122,-0.92729201224164792,0.088695201270408974,0.13391873770787832,-0.015651552577101935,0.46930918240077246,-0.97465798553420346,0.41963353634921408,-0.88314116827770728,-0.66186938612650437,-0.444130753979183,-0.18479920070906242
966,0.44771293998212047,-0.99772994835775908,0.78217469933884032,0.56811699955142969,0.24311686504397279,-0.050319966698937346,0.42337332048758691,0.88486682187856713,-0.7400974167726122,-0.92729201224164792,0.088695201270408974,0.13391873770787832,-0.015651552577101935,0.46930918240077246,-0.97465798553420346,0.41963353634921408,-0.88314116827770728,-0.66186938612650437,-0.444130753979183,-0.18479920070906242
967,0.44771293998212047,-0.99772994835775908,0.78217469933884032,0.56811699955142969,0.24311686504397279,-0.050319966698937346,0.42337332048758691,0.88486682187856713,-0.7400974167726122,-0.92729201224164792,0.088695201270408974,0.13391873770787832,-0.015651552577101935,0.46930918240077246,-0.97465798553420346,0.41963353634921408,-0.88314116827770728,-0.66186938612650437,-0.444130753979183,-0.18479920070906242
968,0.44771293998212047,-0.99772994835775908,0.78217469933884032,0.56811699955142969,0.24311686504397279,-0.050319966698937346,0.42337332048758691,0.88486682187856713,-0.7400974167726122,-0.92729201224164792,0.088695201270408974,0.13391873770787832,-0.015651552577101935,0.46930918240077246,-0.97465798553420346,0.41963353634921408,-0.88314116827770728,-0.66186938612650437,-0.444130753979183,-0.18479920070906242
969,0.44771293998212047,-0.99772994835775908,0.78217469933884032,0.56811699955142969,0.24311686504397279,-0.050319966698937346,0.42337332048758691,0.88486682187856713,-0.7400974167726122,-0.92729201224164792,0.088695201270408974,0.13391873770787832,-0.015651552577101935,0.46930918240077246,-0.97465798553420346,0.41963353634921408,-0.88314116827770728,-0.66186938612650437,-0.444130753979183,-0.18479920070906242
970,0.44771293998212047,-0.99772994835775908,0.78217469933884032,0.56811699955142969,0.24311686504397279,-0.050319966698937346,0.42337332048758691,0.88486682187856713,-0.7400974167726122,-0.92729201224164792,0.088695201270408974,0.13391873770787832,-0.015651552577101935,0.46930918240077246,-0.97465798553420346,0.41963353634921408,-0.88314116827770728,-0.66186938612650437,-0.444130753979183,-0.18479920070906242
971,0.44771293998212047,-0.99772994835775908,0.78217469933884032,0.56811699955142969,0.24311686504397279,-0.050319966698937346,0.42337332048758691,0.88486682187856713,-0.7400974167726122,-0.92729201224164792,0.088695201270408974,0.13391873770787832,-0.015651552577101935,0.46930918240077246,-0.97465798553420346,0.41963353634921408,-0.88314116827770728,-0.66186938612650437,-0.444130753979183,-0.18479920070906242
972,0.44771293998212047,-0.99772994835775908,0.78217469933884032,0.56811699955142969,0.24311686504397279,-0.050319966698937346,0.42337332048758691,0.88486682187856713,-0.7400974167726122,-0.92729201224164792,0.088695201270408974,0.13391873770787832,-0.015651552577101935,0.46930918240077246,-0.97465798553420346,0.41963353634921408,-0.88314116827770728,-0.66186938612650437,-0.444130753979183,-0.18479920070906242
973,0.44771293998212047,-0.99772994835775908,0.78217469933884032,0.56811699955142969,0.24311686504397279,-0.050319966698937346,0.42337332048758691,0.88486682187856713,-0.7400974167726122,-0.92729201224164792,0.088695201270408974,0.13391873770787832,-0.015651552577101935,0.46930918240077246,-0.97465798553420346,0.41963353634921408,-0.88314116827770728,-0.66186938612650437,-0.444130753979183,-0.18479920070906242
974,0.44771293998212047,-0.99772994835775908,0.78217469933884032,0.56811699955142969,0.24311686504397279,-0.050319966698937346,0.42337332048758691,0.88486682187856713,-0.7400974167726122,-0.92729201224164792,0.088695201270408974,0.13391873770787832,-0.015651552577101935,0.46930918240077246,-0.97465798553420346,0.41963353634921408,-0.88314116827770728,-0.66186938612650437,-0.444130753979183,-0.18479920070906242
975,0.44771293998212047,-0.99772994835775908,0.78217469933884032,0.56811699955142969,0.24311686504397279,-0.050319966698937346,0.42337332048758691,0.88486682187856713,-0.7400974167726122,-0.92729201224164792,0.088695201270408974,0.13391873770787832,-0.015651552577101935,0.46930918240077246,-0.97465798553420346,0.41963353634921408,-0.88314116827770728,-0.66186938612650437,-0.444130753979183,-0.18479920070906242
976,0.44771293998212047,-0.99772994835775908,0.78217469933884032,0.56811699955142969,0.24311686504397279,-0.050319966698937346,0.42337332048758691,0.88486682187856713,-0.7400974167726122,-0.92729201224164792,0.088695201270408974,0.13391873770787832,-0.015651552577101935,0.46930918240077246,-0.97465798553420346,0.41963353634921408,-0.88314116827770728,-0.66186938612650437,-0.444130753979183,-0.18479920070906242
977,0.44771293998212047,-0.99772994835775908,0.78217469933884032,0.56811699955142969,0.24311686504397279,-0.050319966698937346,0.42337332048758691,0.88486682187856713,-0.7400974167726122,-0.92729201224164792,0.088695201270408974,0.13391873770787832,-0.015651552577101935,0.46930918240077246,-0.97465798553420346,0.41963353634921408,-0.88314116827770728,-0.66186938612650437,-0.444130753979183,-0.18479920070906242
978,0.44771293998212047,-0.99772994835775908,0.78217469933884032,0.56811699955142969,0.24311686504397279,-0.050319966698937346,0.42337332048758691,0.88486682187856713,-0.7400974167726122,-0.92729201224164792,0.088695201270408974,0.13391873770787832,-0.015651552577101935,0.46930918240077246,-0.97465798553420346,0.41963353634921408,-0.88314116827770728,-0.66186938612650437,-0.444130753979183,-0.18479920070906242
979,0.44771293998212047,-0.99772994835775908,0.78217469933884032,0.56811699955142969,0.24311686504397279,-0.050319966698937346,0.42337332048758691,0.88486682187856713,-0.7400974167726122,-0.92729201224164792,0.088695201270408974,0.13391873770787832,-0.015651552577101935,0.46930918240077246,-0.97465798553420346,0.41963353634921408,-0.88314116827770728,-0.66186938612650437,-0.444130753979183,-0.18479920070906242
980,0.44771293998212047,-0.99772994835775908,0.78217469933884032,0.56811699955142969,0.24311686504397279,-0.050319966698937346,0.42337332048758691,0.88486682187856713,-0.7400974167726122,-0.92729201224164792,0.088695201270408974,0.13391873770787832,-0.015651552577101935,0.46930918240077246,-0.97465798553420346,0.41963353634921408,-0.88314116827770728,-0.66186938612650437,-0.444130753979183,-0.18479920070906242
981,0.44771293998212047,-0.99772994835775908,0.78217469933884032,0.56811699955142969,0.24311686504397279,-0.050319966698937346,0.42337332048758691,0.88486682187856713,-0.7400974167726122,-0.92729201224164792,0.088695201270408974,0.13391873770787832,-0.015651552577101935,0.46930918240077246,-0.97465798553420346,0.41963353634921408,-0.88314116827770728,-0.66186938612650437,-0.444130753979183,-0.18479920070906242
982,0.44771293998212047,-0.99772994835775908,0.78217469933884032,0.56811699955142969,0.24311686504397279,-0.050319966698937346,0.42337332048758691,0.88486682187856713,-0.7400974167726122,-0.92729201224164792,0.088695201270408974,0.13391873770787832,-0.015651552577101935,0.46930918240077246,-0.97465798553420346,0.41963353634921408,-0.88314116827770728,-0.66186938612650437,-0.444130753979183,-0.18479920070906242
983,0.44771293998212047,-0.99772994835775908,0.78217469933884032,0.56811699955142969,0.24311686504397279,-0.050319966698937346,0.42337332048758691,0.88486682187856713,-0.7400974167726122,-0.92729201224164792,0.088695201270408974,0.13391873770787832,-0.015651552577101935,0.46930918240077246,-0.97465798553420346,0.41963353634921408,-0.88314116827770728,-0.66186938612650437,-0.444130753979183,-0.18479920070906242
984,0.44771293998212047,-0.99772994835775908,0.78217469933884032,0.56811699955142969,0.24311686504397279,-0.050319966698937346,0.42337332048758691,0.88486682187856713,-0.7400974167726122,-0.92729201224164792,0.088695201270408974,0.13391873770787832,-0.015651552577101935,0.46930918240077246,-0.97465798553420346,0.41963353634921408,-0.88314116827770728,-0.66186938612650437,-0.444130753979183,-0.18479920070906242
985,0.44771293998212047,-0.99772994835775908,0.78217469933884032,0.56811699955142969,0.24311686504397279,-0.050319966698937346,0.42337332048758691,0.88486682187856713,-0.7400974167726122,-0.92729201224164792,0.088695201270408974,0.13391873770787832,-0.015651552577101935,0.46930918240077246,-0.97465798553420346,0.41963353634921408,-0.88314116827770728,-0.66186938612650437,-0.444130753979183,-0.18479920070906242
986,0.44771293998212047,-0.99772994835775908,0.78217469933884032,0.56811699955142969,0.24311686504397279,-0.050319966698937346,0.42337332048758691,0.88486682187856713,-0.7400974167726122,-0.92729201224164792,0.088695201270408974,0.13391873770787832,-0.015651552577101935,0.46930918240077246,-0.97465798553420346,0.41963353634921408,-0.88314116827770728,-0.66186938612650437,-0.444130753979183,-0.18479920070906242
987,0.44771293998212047,-0.99772994835775908,0.78217469933884032,0.56811699955142969,0.24311686504397279,-0.050319966698937346,0.42337332048758691,0.88486682187856713,-0.7400974167726122,-0.92729201224164792,0.088695201270408974,0.13391873770787832,-0.015651552577101935,0.46930918240077246,-0.97465798553420346,0.41963353634921408,-0.88314116827770728,-0.66186938612650437,-0.444130753979183,-0.18479920070906242
988,0.44771293998212047,-0.99772994835775908,0.78217469933884032,0.56811699955142969,0.24311686504397279,-0.050319966698937346,0.42337332048758691,0.88486682187856713,-0.7400974167726122,-0.92729201224164792,0.088695201270408974,0.13391873770787832,-0.015651552577101935,0.46930918240077246,-0.97465798553420346,0.41963353634921408,-0.88314116827770728,-0.66186938612650437,-0.444130753979183,-0.18479920070906242
989,0.44771293998212047,-0.99772994835775908,0.78217469933884032,0.56811699955142969,0.24311686504397279,-0.050319966698937346,0.42337332048758691,0.88486682187856713,-0.7400974167726122,-0.92729201224164792,0.088695201270408974,0.13391873770787832,-0.015651552577101935,0.46930918240077246,-0.97465798553420346,0.41963353634921408,-0.88314116827770728,-0.66186938612650437,-0.444130753979183,-0.18479920070906242
990,0.44771293998212047,-0.99772994835775908,0.78217469933884032,0.56811699955142969,0.24311686504397279,-0.050319966698937346,0.42337332048758691,0.88486682187856713,-0.7400974167726122,-0.92729201224164792,0.088695201270408974,0.13391873770787832,-0.015651552577101935,0.46930918240077246,-0.97465798553420346,0.41963353634921408,-0.88314116827770728,-0.66186938612650437,-0.444130753979183,-0.18479920070906242
991,0.44771293998212047,-0.99772994835775908,0.78217469933884032,0.56811699955142969,0.24311686504397279,-0.050319966698937346,0.42337332048758691,0.88486682187856713,-0.7400974167726122,-0.92729201224164792,0.088695201270408974,0.13391873770787832,-0.015651552577101935,0.46930918240077246,-0.97465798553420346,0.41963353634921408,-0.88314116827770728,-0.66186938612650437,-0.444130753979183,-0.18479920070906242
992,0.44771293998212047,-0.99772994835775908,0.78217469933884032,0.56811699955142969,0.24311686504397279,-0.050319966698937346,0.42337332048758691,0.88486682187856713,-0.7400974167726122,-0.92729201224164792,0.088695201270408974,0.13391873770787832,-0.015651552577101935,0.46930918240077246,-0.97465798553420346,0.41963353634921408,-0.88314116827770728,-0.66186938612650437,-0.444130753979183,-0.18479920070906242
993,0.44771293998212047,-0.99772994835775908,0.78217469933884032,0.56811699955142969,0.24311686504397279,-0.050319966698937346,0.42337332048758691,0.88486682187856713,-0.7400974167726122,-0.92729201224164792,0.088695201270408974,0.13391873770787832,-0.015651552577101935,0.46930918240077246,-0.97465798553420346,0.41963353634921408,-0.88314116827770728,-0.66186938612650437,-0.444130753979183,-0.18479920070906242
994,0.44771293998212047,-0.99772994835775908,0.78217469933884032,0.56811699955142969,0.24311686504397279,-0.050319966698937346,0.42337332048758691,0.88486682187856713,-0.7400974167726122,-0.92729201224164792,0.088695201270408974,0.13391873770787832,-0.015651552577101935,0.46930918240077246,-0.97465798553420346,0.41963353634921408,-0.88314116827770728,-0.66186938612650437,-0.444130753979183,-0.18479920070906242
995,0.44771293998212047,-0.99772994835775908,0.78217469933884032,0.56811699955142969,0.24311686504397279,-0.050319966698937346,0.42337332048758691,0.88486682187856713,-0.7400974167726122,-0.92729201224164792,0.088695201270408974,0.13391873770787832,-0.015651552577101935,0.46930918240077246,-0.97465798553420346,0.41963353634921408,-0.88314116827770728,-0.66186938612650437,-0.444130753979183,-0.18479920070906242
996,0.44771293998212047,-0.99772994835775908,0.78217469933884032,0.56811699955142969,0.24311686504397279,-0.050319966698937346,0.42337332048758691,0.88486682187856713,-0.7400974167726122,-0.92729201224164792,0.088695201270408974,0.13391873770787832,-0.015651552577101935,0.46930918240077246,-0.97465798553420346,0.41963353634921408,-0.88314116827770728,-0.66186938612650437,-0.444130753979183,-0.18479920070906242
997,0.44771293998212047,-0.99772994835775908,0.78217469933884032,0.56811699955142969,0.24311686504397279,-0.050319966698937346,0.42337332048758691,0.88486682187856713,-0.7400974167726122,-0.92729201224164792,0.088695201270408974,0.13391873770787832,-0.015651552577101935,0.46930918240077246,-0.97465798553420346,0.41963353634921408,-0.88314116827770728,-0.66186938612650437,-0.444130753979183,-0.18479920070906242
998,0.44771293998212047,-0.99772994835775908,0.78217469933884032,0.56811699955142969,0.24311686504397279,-0.050319966698937346,0.42337332048758691,0.88486682187856713,-0.7400974167726122,-0.92729201224164792,0.088695201270408974,0.13391873770787832,-0.015651552577101935,0.46930918240077246,-0.97465798553420346,0.41963353634921408,-0.88314116827770728,-0.66186938612650437,-0.444130753979183,-0.18479920070906242
999,0.44771293998212047,-0.99772994835775908,0.78217469933884032,0.56811699955142969,0.24311686504397279,-0.050319966698937346,0.42337332048758691,0.88486682187856713,-0.7400974167726122,-0.92729201224164792,0.088695201270408974,0.13391873770787832,-0.015651552577101935,0.46930918240077246,-0.97465798553420346,0.41963353634921408,-0.88314116827770728,-0.66186938612650437,-0.444130753979183,-0.18479920070906242
