dataset,param_i,param_j,hpd_level,corr,in_hpd50,in_hpd90,in_hpd95
linear_obserr_scale00,x0,x1,0.14323607427055704,-0.16947525244294487,True,True,True
linear_obserr_scale00,x0,x2,0.5543766578249337,-0.42822310789608137,False,True,True
linear_obserr_scale00,x0,x3,0.5517241379310345,-0.31953140138760533,False,True,True
linear_obserr_scale00,x0,x4,0.07957559681697612,-0.18803223619579926,True,True,True
linear_obserr_scale00,x0,x5,0.0,-0.07355421295044864,True,True,True
linear_obserr_scale00,x0,x6,0.005305039787798408,0.017640216204873698,True,True,True
linear_obserr_scale00,x0,x7,0.06631299734748011,-0.04491659267037215,True,True,True
linear_obserr_scale00,x0,x8,0.021220159151193633,-0.028251107178874246,True,True,True
linear_obserr_scale00,x0,x9,0.14323607427055704,-0.056007923496545556,True,True,True
linear_obserr_scale00,x0,x10,0.5702917771883289,-0.005459202459271125,False,True,True
linear_obserr_scale00,x0,x11,0.3978779840848806,0.01840143622048591,True,True,True
linear_obserr_scale00,x0,x12,0.1246684350132626,0.10125345500622111,True,True,True
linear_obserr_scale00,x0,x13,0.05305039787798409,-0.10674791150079102,True,True,True
linear_obserr_scale00,x0,x14,0.034482758620689655,0.005168014719158965,True,True,True
linear_obserr_scale00,x0,x15,0.07692307692307693,0.08584591971674188,True,True,True
linear_obserr_scale00,x0,x16,0.2546419098143236,-0.044993432736676414,True,True,True
linear_obserr_scale00,x0,x17,0.10344827586206896,0.02715107523943301,True,True,True
linear_obserr_scale00,x0,x18,0.0,-0.01792098358483441,True,True,True
linear_obserr_scale00,x0,x19,0.4323607427055703,-0.04237846038504385,True,True,True
linear_obserr_scale00,x1,x2,0.46949602122015915,0.11273486642978256,True,True,True
linear_obserr_scale00,x1,x3,0.5251989389920424,0.05312008158686442,False,True,True
linear_obserr_scale00,x1,x4,0.08753315649867374,0.054561393063563,True,True,True
linear_obserr_scale00,x1,x5,0.22811671087533156,0.018565695382504944,True,True,True
linear_obserr_scale00,x1,x6,0.20424403183023873,0.09636913681244834,True,True,True
linear_obserr_scale00,x1,x7,0.47214854111405835,-0.09772110473692908,True,True,True
linear_obserr_scale00,x1,x8,0.21750663129973474,0.006763570575183587,True,True,True
linear_obserr_scale00,x1,x9,0.3076923076923077,0.04234389414095535,True,True,True
linear_obserr_scale00,x1,x10,0.6206896551724138,-0.03285448233267113,False,True,True
linear_obserr_scale00,x1,x11,0.44297082228116713,0.036783345769210926,True,True,True
linear_obserr_scale00,x1,x12,0.3660477453580902,-0.04997328378042379,True,True,True
linear_obserr_scale00,x1,x13,0.03183023872679045,-0.006507565373122417,True,True,True
linear_obserr_scale00,x1,x14,0.01856763925729443,-0.0952867601953375,True,True,True
linear_obserr_scale00,x1,x15,0.1856763925729443,-0.06248188866146219,True,True,True
linear_obserr_scale00,x1,x16,0.4403183023872679,0.017785175607434787,True,True,True
linear_obserr_scale00,x1,x17,0.259946949602122,-0.017557933054037824,True,True,True
linear_obserr_scale00,x1,x18,0.13527851458885942,0.010073485572375349,True,True,True
linear_obserr_scale00,x1,x19,0.41909814323607425,-0.07792293918372284,True,True,True
linear_obserr_scale00,x2,x3,0.6949602122015915,0.737625275224151,False,True,True
linear_obserr_scale00,x2,x4,0.14854111405835543,0.49651915363451127,True,True,True
linear_obserr_scale00,x2,x5,0.3448275862068966,0.05627750094433748,True,True,True
linear_obserr_scale00,x2,x6,0.2864721485411141,-0.007114213337459698,True,True,True
linear_obserr_scale00,x2,x7,0.40318302387267907,0.033632780474322034,True,True,True
linear_obserr_scale00,x2,x8,0.17506631299734748,0.02850481870429135,True,True,True
linear_obserr_scale00,x2,x9,0.5384615384615384,0.020876553051145365,False,True,True
linear_obserr_scale00,x2,x10,0.6021220159151194,0.036893279639284626,False,True,True
linear_obserr_scale00,x2,x11,0.5729442970822282,-0.012202443476919695,False,True,True
linear_obserr_scale00,x2,x12,0.47745358090185674,0.041279087855332575,True,True,True
linear_obserr_scale00,x2,x13,0.27851458885941643,0.05108108978885646,True,True,True
linear_obserr_scale00,x2,x14,0.2413793103448276,-0.08257330332437679,True,True,True
linear_obserr_scale00,x2,x15,0.5570291777188329,0.005508592168325078,False,True,True
linear_obserr_scale00,x2,x16,0.2864721485411141,-0.019753686514521498,True,True,True
linear_obserr_scale00,x2,x17,0.16445623342175067,0.024015779570175724,True,True,True
linear_obserr_scale00,x2,x18,0.21485411140583555,0.06447214373388631,True,True,True
linear_obserr_scale00,x2,x19,0.2519893899204244,-0.01642754140743544,True,True,True
linear_obserr_scale00,x3,x4,0.0,0.7296599401659375,True,True,True
linear_obserr_scale00,x3,x5,0.4270557029177719,0.027537767049078954,True,True,True
linear_obserr_scale00,x3,x6,0.2625994694960212,-0.05586613609467522,True,True,True
linear_obserr_scale00,x3,x7,0.6445623342175066,0.04824362426639848,False,True,True
linear_obserr_scale00,x3,x8,0.22811671087533156,-0.04560496726798038,True,True,True
linear_obserr_scale00,x3,x9,0.4986737400530504,0.011409577383893268,True,True,True
linear_obserr_scale00,x3,x10,0.6843501326259946,0.02371817896793816,False,True,True
linear_obserr_scale00,x3,x11,0.6206896551724138,-0.008836700098069932,False,True,True
linear_obserr_scale00,x3,x12,0.35543766578249336,0.05719205182688626,True,True,True
linear_obserr_scale00,x3,x13,0.38461538461538464,0.05851325774363034,True,True,True
linear_obserr_scale00,x3,x14,0.20159151193633953,-0.047952113464496064,True,True,True
linear_obserr_scale00,x3,x15,0.4350132625994695,0.0345389126708719,True,True,True
linear_obserr_scale00,x3,x16,0.46153846153846156,-0.032856413231549746,True,True,True
linear_obserr_scale00,x3,x17,0.33156498673740054,0.01383353358502921,True,True,True
linear_obserr_scale00,x3,x18,0.16180371352785147,0.04880409935688818,True,True,True
linear_obserr_scale00,x3,x19,0.35013262599469497,-0.011996066048804023,True,True,True
linear_obserr_scale00,x4,x5,0.0,0.019222745986488522,True,True,True
linear_obserr_scale00,x4,x6,0.034482758620689655,-0.09002750379891594,True,True,True
linear_obserr_scale00,x4,x7,0.33687002652519893,0.00281864080836042,True,True,True
linear_obserr_scale00,x4,x8,0.0,-0.06254163218304733,True,True,True
linear_obserr_scale00,x4,x9,0.026525198938992044,-0.006915773116138048,True,True,True
linear_obserr_scale00,x4,x10,0.4482758620689655,-0.002377379931821122,True,True,True
linear_obserr_scale00,x4,x11,0.3129973474801061,0.01090071586171159,True,True,True
linear_obserr_scale00,x4,x12,0.1220159151193634,0.008952161931130935,True,True,True
linear_obserr_scale00,x4,x13,0.08753315649867374,0.07928446708682677,True,True,True
linear_obserr_scale00,x4,x14,0.0,-0.009085503737586376,True,True,True
linear_obserr_scale00,x4,x15,0.08222811671087533,-0.007348312179623004,True,True,True
linear_obserr_scale00,x4,x16,0.22015915119363394,-0.01709157494416703,True,True,True
linear_obserr_scale00,x4,x17,0.002652519893899204,0.09110813413013463,True,True,True
linear_obserr_scale00,x4,x18,0.0,0.08376078503507657,True,True,True
linear_obserr_scale00,x4,x19,0.0,-0.018432307975041206,True,True,True
linear_obserr_scale00,x5,x6,0.1883289124668435,-0.0077364046725987195,True,True,True
linear_obserr_scale00,x5,x7,0.21220159151193635,0.05396677267309778,True,True,True
linear_obserr_scale00,x5,x8,0.050397877984084884,-0.04516893688359982,True,True,True
linear_obserr_scale00,x5,x9,0.129973474801061,-0.0046666157599277525,True,True,True
linear_obserr_scale00,x5,x10,0.649867374005305,-0.07685747662098151,False,True,True
linear_obserr_scale00,x5,x11,0.41909814323607425,0.015534834972528984,True,True,True
linear_obserr_scale00,x5,x12,0.1724137931034483,-0.022719943548927028,True,True,True
linear_obserr_scale00,x5,x13,0.0610079575596817,-0.006676567131972762,True,True,True
linear_obserr_scale00,x5,x14,0.2519893899204244,-0.37428571223875945,True,True,True
linear_obserr_scale00,x5,x15,0.10344827586206896,0.004629799779210859,True,True,True
linear_obserr_scale00,x5,x16,0.3156498673740053,0.01757429292438361,True,True,True
linear_obserr_scale00,x5,x17,0.11140583554376658,-0.08463241266305253,True,True,True
linear_obserr_scale00,x5,x18,0.0,0.059666059236520914,True,True,True
linear_obserr_scale00,x5,x19,0.21750663129973474,-0.07672534295558482,True,True,True
linear_obserr_scale00,x6,x7,0.11405835543766578,-0.08250113938218696,True,True,True
linear_obserr_scale00,x6,x8,0.05305039787798409,-0.030344226330021054,True,True,True
linear_obserr_scale00,x6,x9,0.22015915119363394,-0.044326269696420055,True,True,True
linear_obserr_scale00,x6,x10,0.7559681697612732,0.04171410634318699,False,True,True
linear_obserr_scale00,x6,x11,0.3129973474801061,0.01772280632701596,True,True,True
linear_obserr_scale00,x6,x12,0.3129973474801061,-0.047379570617555745,True,True,True
linear_obserr_scale00,x6,x13,0.005305039787798408,0.020036107850117918,True,True,True
linear_obserr_scale00,x6,x14,0.010610079575596816,-0.06369723044516011,True,True,True
linear_obserr_scale00,x6,x15,0.21750663129973474,0.030154255520716607,True,True,True
linear_obserr_scale00,x6,x16,0.0610079575596817,0.006900972556675191,True,True,True
linear_obserr_scale00,x6,x17,0.08222811671087533,0.035737392176565824,True,True,True
linear_obserr_scale00,x6,x18,0.0,-0.0006440750932501369,True,True,True
linear_obserr_scale00,x6,x19,0.08753315649867374,-0.10041508604437044,True,True,True
linear_obserr_scale00,x7,x8,0.4986737400530504,-0.0224795723477415,True,True,True
linear_obserr_scale00,x7,x9,0.46684350132625996,0.07966268451768044,True,True,True
linear_obserr_scale00,x7,x10,0.7877984084880637,0.05807363006125619,False,True,True
linear_obserr_scale00,x7,x11,0.7904509283819628,0.03407062728879813,False,True,True
linear_obserr_scale00,x7,x12,0.20954907161803712,0.0860577352226405,True,True,True
linear_obserr_scale00,x7,x13,0.03713527851458886,0.021230437793744363,True,True,True
linear_obserr_scale00,x7,x14,0.1883289124668435,-0.0006143616637696827,True,True,True
linear_obserr_scale00,x7,x15,0.34748010610079577,0.12536707071556288,True,True,True
linear_obserr_scale00,x7,x16,0.5411140583554377,-0.008767587748230683,False,True,True
linear_obserr_scale00,x7,x17,0.246684350132626,-0.059061205094804,True,True,True
linear_obserr_scale00,x7,x18,0.22281167108753316,-0.010458879722141335,True,True,True
linear_obserr_scale00,x7,x19,0.07427055702917772,-0.07321076693670461,True,True,True
linear_obserr_scale00,x8,x9,0.11140583554376658,0.015346349500450067,True,True,True
linear_obserr_scale00,x8,x10,0.6259946949602122,-0.0510928050132431,False,True,True
linear_obserr_scale00,x8,x11,0.46949602122015915,-0.061565794110851356,True,True,True
linear_obserr_scale00,x8,x12,0.246684350132626,0.034343394843690804,True,True,True
linear_obserr_scale00,x8,x13,0.10344827586206896,0.00232792519888008,True,True,True
linear_obserr_scale00,x8,x14,0.0,-0.009682694558843612,True,True,True
linear_obserr_scale00,x8,x15,0.10875331564986737,0.02600744507067797,True,True,True
linear_obserr_scale00,x8,x16,0.29442970822281167,0.03722213674319312,True,True,True
linear_obserr_scale00,x8,x17,0.04509283819628647,-0.025552385874731902,True,True,True
linear_obserr_scale00,x8,x18,0.03183023872679045,-0.34856092378910286,True,True,True
linear_obserr_scale00,x8,x19,0.13527851458885942,-0.041316751241740814,True,True,True
linear_obserr_scale00,x9,x10,0.7188328912466844,-0.051726068209949884,False,True,True
linear_obserr_scale00,x9,x11,0.6790450928381963,-0.038458393622255484,False,True,True
linear_obserr_scale00,x9,x12,0.4986737400530504,0.008147024132647987,True,True,True
linear_obserr_scale00,x9,x13,0.20954907161803712,-0.03842391803773275,True,True,True
linear_obserr_scale00,x9,x14,0.16710875331564987,-0.01908225124871271,True,True,True
linear_obserr_scale00,x9,x15,0.40583554376657827,0.032537787414888476,True,True,True
linear_obserr_scale00,x9,x16,0.6392572944297082,-0.12936487813474704,False,True,True
linear_obserr_scale00,x9,x17,0.1220159151193634,0.05777450928589926,True,True,True
linear_obserr_scale00,x9,x18,0.04509283819628647,0.01965701656494547,True,True,True
linear_obserr_scale00,x9,x19,0.11405835543766578,-0.02666140059590366,True,True,True
linear_obserr_scale00,x10,x11,0.6604774535809018,0.07690425000529541,False,True,True
linear_obserr_scale00,x10,x12,0.6949602122015915,-0.03149806661078581,False,True,True
linear_obserr_scale00,x10,x13,0.5941644562334217,-0.020945868210437125,False,True,True
linear_obserr_scale00,x10,x14,0.05305039787798409,0.31058375574568886,True,True,True
linear_obserr_scale00,x10,x15,0.7771883289124668,0.045199331222835426,False,True,True
linear_obserr_scale00,x10,x16,0.6684350132625995,0.04913918043078322,False,True,True
linear_obserr_scale00,x10,x17,0.6259946949602122,-0.08140845834320336,False,True,True
linear_obserr_scale00,x10,x18,0.4880636604774536,0.05391054431400213,True,True,True
linear_obserr_scale00,x10,x19,0.7082228116710876,0.06800457080000602,False,True,True
linear_obserr_scale00,x11,x12,0.6976127320954907,0.04538505414492041,False,True,True
linear_obserr_scale00,x11,x13,0.48010610079575594,-0.0083634888280629,True,True,True
linear_obserr_scale00,x11,x14,0.11671087533156499,0.014183287548186468,True,True,True
linear_obserr_scale00,x11,x15,0.46419098143236076,0.13767946012524082,True,True,True
linear_obserr_scale00,x11,x16,0.610079575596817,0.02610787299700783,False,True,True
linear_obserr_scale00,x11,x17,0.4827586206896552,0.06376890703811415,True,True,True
linear_obserr_scale00,x11,x18,0.5092838196286472,-0.020752253962884003,False,True,True
linear_obserr_scale00,x11,x19,0.6604774535809018,-0.10153499540206057,False,True,True
linear_obserr_scale00,x12,x13,0.3156498673740053,-0.029164165491246084,True,True,True
linear_obserr_scale00,x12,x14,0.10079575596816977,-0.03966730884023581,True,True,True
linear_obserr_scale00,x12,x15,0.2413793103448276,0.18057037205092913,True,True,True
linear_obserr_scale00,x12,x16,0.2625994694960212,-0.007349734771584377,True,True,True
linear_obserr_scale00,x12,x17,0.026525198938992044,-0.0340634437541503,True,True,True
linear_obserr_scale00,x12,x18,0.11936339522546419,-0.07266665345382062,True,True,True
linear_obserr_scale00,x12,x19,0.3713527851458886,0.0022715184092171286,True,True,True
linear_obserr_scale00,x13,x14,0.2838196286472148,0.08623413540311059,True,True,True
linear_obserr_scale00,x13,x15,0.13793103448275862,0.03105158152636542,True,True,True
linear_obserr_scale00,x13,x16,0.5755968169761273,0.3714879577626086,False,True,True
linear_obserr_scale00,x13,x17,0.2625994694960212,-0.09941948328501057,True,True,True
linear_obserr_scale00,x13,x18,0.023872679045092837,-0.06551230684963527,True,True,True
linear_obserr_scale00,x13,x19,0.10875331564986737,-0.10572981977529439,True,True,True
linear_obserr_scale00,x14,x15,0.2440318302387268,0.03276985195424891,True,True,True
linear_obserr_scale00,x14,x16,0.3129973474801061,0.036303570643091664,True,True,True
linear_obserr_scale00,x14,x17,0.0,-0.054317274122128334,True,True,True
linear_obserr_scale00,x14,x18,0.0,-0.015049466823876369,True,True,True
linear_obserr_scale00,x14,x19,0.04509283819628647,0.010451095138818685,True,True,True
linear_obserr_scale00,x15,x16,0.519893899204244,-0.009861091287316975,False,True,True
linear_obserr_scale00,x15,x17,0.2546419098143236,-0.04146235759689441,True,True,True
linear_obserr_scale00,x15,x18,0.27586206896551724,-0.12126230437834253,True,True,True
linear_obserr_scale00,x15,x19,0.5384615384615384,-0.0638103007256464,False,True,True
linear_obserr_scale00,x16,x17,0.27320954907161804,-0.12592911881976965,True,True,True
linear_obserr_scale00,x16,x18,0.18037135278514588,-0.1202660194257983,True,True,True
linear_obserr_scale00,x16,x19,0.5305039787798409,-0.032773200751394484,False,True,True
linear_obserr_scale00,x17,x18,0.07427055702917772,0.05803496482014094,True,True,True
linear_obserr_scale00,x17,x19,0.05570291777188329,-0.019796786811444804,True,True,True
linear_obserr_scale00,x18,x19,0.18037135278514588,0.07451345419684818,True,True,True
linear_obserr_scale00_strerr_y1_y3,x0,x1,0.7366946778711485,-0.6354165336249258,False,True,True
linear_obserr_scale00_strerr_y1_y3,x0,x2,0.25210084033613445,-0.5813898077964901,True,True,True
linear_obserr_scale00_strerr_y1_y3,x0,x3,0.3473389355742297,0.08909539087387579,True,True,True
linear_obserr_scale00_strerr_y1_y3,x0,x4,0.33613445378151263,0.05488863473350919,True,True,True
linear_obserr_scale00_strerr_y1_y3,x0,x5,0.4425770308123249,-0.06966828142222561,True,True,True
linear_obserr_scale00_strerr_y1_y3,x0,x6,0.17647058823529413,0.04495201147404694,True,True,True
linear_obserr_scale00_strerr_y1_y3,x0,x7,0.5630252100840336,0.021039777538014438,False,True,True
linear_obserr_scale00_strerr_y1_y3,x0,x8,0.5210084033613446,-0.08545470737972839,False,True,True
linear_obserr_scale00_strerr_y1_y3,x0,x9,0.1568627450980392,-0.05981209295570996,True,True,True
linear_obserr_scale00_strerr_y1_y3,x0,x10,0.20728291316526612,0.07073042148507054,True,True,True
linear_obserr_scale00_strerr_y1_y3,x0,x11,0.23249299719887956,0.015464365947816179,True,True,True
linear_obserr_scale00_strerr_y1_y3,x0,x12,0.06162464985994398,0.051623612151480015,True,True,True
linear_obserr_scale00_strerr_y1_y3,x0,x13,0.47619047619047616,0.05658240289900366,True,True,True
linear_obserr_scale00_strerr_y1_y3,x0,x14,0.4369747899159664,0.007119175501490718,True,True,True
linear_obserr_scale00_strerr_y1_y3,x0,x15,0.5322128851540616,0.07051421852501692,False,True,True
linear_obserr_scale00_strerr_y1_y3,x0,x16,0.8375350140056023,0.03372914888134223,False,True,True
linear_obserr_scale00_strerr_y1_y3,x0,x17,0.484593837535014,-0.009829485250228509,True,True,True
linear_obserr_scale00_strerr_y1_y3,x0,x18,0.6610644257703081,-0.012093842769719533,False,True,True
linear_obserr_scale00_strerr_y1_y3,x0,x19,0.4565826330532213,-0.020771674104896318,True,True,True
linear_obserr_scale00_strerr_y1_y3,x1,x2,0.48179271708683474,0.4765790937655498,True,True,True
linear_obserr_scale00_strerr_y1_y3,x1,x3,0.7338935574229691,-0.17595913992247722,False,True,True
linear_obserr_scale00_strerr_y1_y3,x1,x4,0.6722689075630253,-0.15433858470567327,False,True,True
linear_obserr_scale00_strerr_y1_y3,x1,x5,0.7899159663865546,0.012555147468755587,False,True,True
linear_obserr_scale00_strerr_y1_y3,x1,x6,0.8263305322128851,-0.014964059881518466,False,True,True
linear_obserr_scale00_strerr_y1_y3,x1,x7,0.7759103641456583,-0.05343607992750731,False,True,True
linear_obserr_scale00_strerr_y1_y3,x1,x8,0.8515406162464986,0.06888110658230472,False,True,True
linear_obserr_scale00_strerr_y1_y3,x1,x9,0.6554621848739496,0.059216745316133225,False,True,True
linear_obserr_scale00_strerr_y1_y3,x1,x10,0.6218487394957983,-0.0031800294799835017,False,True,True
linear_obserr_scale00_strerr_y1_y3,x1,x11,0.8599439775910365,-0.04649859130720459,False,True,True
linear_obserr_scale00_strerr_y1_y3,x1,x12,0.5770308123249299,-0.037114771287873695,False,True,True
linear_obserr_scale00_strerr_y1_y3,x1,x13,0.8543417366946778,-0.08512051811262299,False,True,True
linear_obserr_scale00_strerr_y1_y3,x1,x14,0.7478991596638656,0.031306361816330085,False,True,True
linear_obserr_scale00_strerr_y1_y3,x1,x15,0.84593837535014,-0.011181210707745304,False,True,True
linear_obserr_scale00_strerr_y1_y3,x1,x16,0.9971988795518207,-0.011627009721450058,False,False,False
linear_obserr_scale00_strerr_y1_y3,x1,x17,0.8291316526610645,-0.023722735420830258,False,True,True
linear_obserr_scale00_strerr_y1_y3,x1,x18,0.876750700280112,-0.06355138718676331,False,True,True
linear_obserr_scale00_strerr_y1_y3,x1,x19,0.8207282913165266,0.026366149905543073,False,True,True
linear_obserr_scale00_strerr_y1_y3,x2,x3,0.01680672268907563,-0.13894573091845241,True,True,True
linear_obserr_scale00_strerr_y1_y3,x2,x4,0.08123249299719888,-0.15862073867852158,True,True,True
linear_obserr_scale00_strerr_y1_y3,x2,x5,0.028011204481792718,0.10644234088149945,True,True,True
linear_obserr_scale00_strerr_y1_y3,x2,x6,0.20448179271708683,-0.015051919308430188,True,True,True
linear_obserr_scale00_strerr_y1_y3,x2,x7,0.15406162464985995,-0.045509917110173215,True,True,True
linear_obserr_scale00_strerr_y1_y3,x2,x8,0.22969187675070027,0.0793749550353953,True,True,True
linear_obserr_scale00_strerr_y1_y3,x2,x9,0.03081232492997199,0.03916972258057182,True,True,True
linear_obserr_scale00_strerr_y1_y3,x2,x10,0.0392156862745098,0.0012084630148575851,True,True,True
linear_obserr_scale00_strerr_y1_y3,x2,x11,0.19327731092436976,-0.04102961277525336,True,True,True
linear_obserr_scale00_strerr_y1_y3,x2,x12,0.08123249299719888,0.035651445638517645,True,True,True
linear_obserr_scale00_strerr_y1_y3,x2,x13,0.37815126050420167,-0.013325748443534497,True,True,True
linear_obserr_scale00_strerr_y1_y3,x2,x14,0.1568627450980392,-0.03327074282832249,True,True,True
linear_obserr_scale00_strerr_y1_y3,x2,x15,0.48179271708683474,-0.07193889967298046,True,True,True
linear_obserr_scale00_strerr_y1_y3,x2,x16,0.6778711484593838,0.04213924820201014,False,True,True
linear_obserr_scale00_strerr_y1_y3,x2,x17,0.226890756302521,-0.00434105013341719,True,True,True
linear_obserr_scale00_strerr_y1_y3,x2,x18,0.4649859943977591,-0.0281305361214962,True,True,True
linear_obserr_scale00_strerr_y1_y3,x2,x19,0.3585434173669468,-0.007599072906027219,True,True,True
linear_obserr_scale00_strerr_y1_y3,x3,x4,0.10364145658263306,0.43302564140988453,True,True,True
linear_obserr_scale00_strerr_y1_y3,x3,x5,0.3473389355742297,-0.032094199148687816,True,True,True
linear_obserr_scale00_strerr_y1_y3,x3,x6,0.16806722689075632,-0.029661068014661788,True,True,True
linear_obserr_scale00_strerr_y1_y3,x3,x7,0.29411764705882354,-0.11834933615174653,True,True,True
linear_obserr_scale00_strerr_y1_y3,x3,x8,0.19607843137254902,-0.09570051715731812,True,True,True
linear_obserr_scale00_strerr_y1_y3,x3,x9,0.06162464985994398,0.04015563963845962,True,True,True
linear_obserr_scale00_strerr_y1_y3,x3,x10,0.19607843137254902,-0.1080276453509985,True,True,True
linear_obserr_scale00_strerr_y1_y3,x3,x11,0.21008403361344538,0.06717854430387553,True,True,True
linear_obserr_scale00_strerr_y1_y3,x3,x12,0.04201680672268908,-0.02372894887857896,True,True,True
linear_obserr_scale00_strerr_y1_y3,x3,x13,0.3697478991596639,0.06696687859577025,True,True,True
linear_obserr_scale00_strerr_y1_y3,x3,x14,0.11204481792717087,-0.054015721126430216,True,True,True
linear_obserr_scale00_strerr_y1_y3,x3,x15,0.5630252100840336,-0.022936963358194177,False,True,True
linear_obserr_scale00_strerr_y1_y3,x3,x16,0.6050420168067226,0.03736533264337498,False,True,True
linear_obserr_scale00_strerr_y1_y3,x3,x17,0.24369747899159663,0.005638176279143909,True,True,True
linear_obserr_scale00_strerr_y1_y3,x3,x18,0.5434173669467787,0.04103657765492115,False,True,True
linear_obserr_scale00_strerr_y1_y3,x3,x19,0.2689075630252101,-0.007868442752899857,True,True,True
linear_obserr_scale00_strerr_y1_y3,x4,x5,0.14285714285714285,-0.0025634206418940473,True,True,True
linear_obserr_scale00_strerr_y1_y3,x4,x6,0.20728291316526612,0.014456258728988949,True,True,True
linear_obserr_scale00_strerr_y1_y3,x4,x7,0.22969187675070027,-0.13800068141229857,True,True,True
linear_obserr_scale00_strerr_y1_y3,x4,x8,0.41456582633053224,0.08621694278330277,True,True,True
linear_obserr_scale00_strerr_y1_y3,x4,x9,0.11484593837535013,-0.01711846368522237,True,True,True
linear_obserr_scale00_strerr_y1_y3,x4,x10,0.17366946778711484,-0.019471615435402292,True,True,True
linear_obserr_scale00_strerr_y1_y3,x4,x11,0.19887955182072828,-0.08142819503381529,True,True,True
linear_obserr_scale00_strerr_y1_y3,x4,x12,0.11204481792717087,0.007419880054738917,True,True,True
linear_obserr_scale00_strerr_y1_y3,x4,x13,0.47619047619047616,0.008663992728492814,True,True,True
linear_obserr_scale00_strerr_y1_y3,x4,x14,0.07563025210084033,-0.034141899120128195,True,True,True
linear_obserr_scale00_strerr_y1_y3,x4,x15,0.36134453781512604,0.050430948821335544,True,True,True
linear_obserr_scale00_strerr_y1_y3,x4,x16,0.8627450980392157,-0.009753001030882969,False,True,True
linear_obserr_scale00_strerr_y1_y3,x4,x17,0.5490196078431373,-0.044975007335957044,False,True,True
linear_obserr_scale00_strerr_y1_y3,x4,x18,0.7086834733893558,0.1359716882310368,False,True,True
linear_obserr_scale00_strerr_y1_y3,x4,x19,0.2801120448179272,-0.06070734641227639,True,True,True
linear_obserr_scale00_strerr_y1_y3,x5,x6,0.058823529411764705,-0.038561350775248,True,True,True
linear_obserr_scale00_strerr_y1_y3,x5,x7,0.4005602240896359,-0.06529445097910175,True,True,True
linear_obserr_scale00_strerr_y1_y3,x5,x8,0.23249299719887956,0.007394767936719412,True,True,True
linear_obserr_scale00_strerr_y1_y3,x5,x9,0.2969187675070028,-0.05937270325687444,True,True,True
linear_obserr_scale00_strerr_y1_y3,x5,x10,0.07563025210084033,0.059201301580845175,True,True,True
linear_obserr_scale00_strerr_y1_y3,x5,x11,0.13445378151260504,-0.039758489425711085,True,True,True
linear_obserr_scale00_strerr_y1_y3,x5,x12,0.10644257703081232,-0.05534055039725696,True,True,True
linear_obserr_scale00_strerr_y1_y3,x5,x13,0.6274509803921569,-0.004273764049176485,False,True,True
linear_obserr_scale00_strerr_y1_y3,x5,x14,0.21568627450980393,0.042083968761299835,True,True,True
linear_obserr_scale00_strerr_y1_y3,x5,x15,0.6022408963585434,-0.04389134230869637,False,True,True
linear_obserr_scale00_strerr_y1_y3,x5,x16,0.9103641456582633,0.06607792132328037,False,False,True
linear_obserr_scale00_strerr_y1_y3,x5,x17,0.5938375350140056,0.04513276058871449,False,True,True
linear_obserr_scale00_strerr_y1_y3,x5,x18,0.6638655462184874,0.08675968325982153,False,True,True
linear_obserr_scale00_strerr_y1_y3,x5,x19,0.27170868347338933,0.04975436787041406,True,True,True
linear_obserr_scale00_strerr_y1_y3,x6,x7,0.34173669467787116,-0.011264685100579316,True,True,True
linear_obserr_scale00_strerr_y1_y3,x6,x8,0.3641456582633053,0.00012738419555149733,True,True,True
linear_obserr_scale00_strerr_y1_y3,x6,x9,0.10364145658263306,0.05896289387384493,True,True,True
linear_obserr_scale00_strerr_y1_y3,x6,x10,0.11764705882352941,-0.02679927441664938,True,True,True
linear_obserr_scale00_strerr_y1_y3,x6,x11,0.17366946778711484,0.10129450857213129,True,True,True
linear_obserr_scale00_strerr_y1_y3,x6,x12,0.13445378151260504,-0.03071116962267815,True,True,True
linear_obserr_scale00_strerr_y1_y3,x6,x13,0.35014005602240894,-0.0658523512844284,True,True,True
linear_obserr_scale00_strerr_y1_y3,x6,x14,0.19607843137254902,-0.003195504584098136,True,True,True
linear_obserr_scale00_strerr_y1_y3,x6,x15,0.6554621848739496,0.016857039965661826,False,True,True
linear_obserr_scale00_strerr_y1_y3,x6,x16,0.6442577030812325,-0.054319314057339835,False,True,True
linear_obserr_scale00_strerr_y1_y3,x6,x17,0.3865546218487395,-0.10566585347807393,True,True,True
linear_obserr_scale00_strerr_y1_y3,x6,x18,0.5826330532212886,-0.017792538984885125,False,True,True
linear_obserr_scale00_strerr_y1_y3,x6,x19,0.26330532212885155,0.020958102200497968,True,True,True
linear_obserr_scale00_strerr_y1_y3,x7,x8,0.10084033613445378,-0.018223379644713357,True,True,True
linear_obserr_scale00_strerr_y1_y3,x7,x9,0.1092436974789916,0.04404512213388726,True,True,True
linear_obserr_scale00_strerr_y1_y3,x7,x10,0.2661064425770308,-0.018490348840398088,True,True,True
linear_obserr_scale00_strerr_y1_y3,x7,x11,0.33613445378151263,0.06537011561344412,True,True,True
linear_obserr_scale00_strerr_y1_y3,x7,x12,0.11204481792717087,-0.03549725332140337,True,True,True
linear_obserr_scale00_strerr_y1_y3,x7,x13,0.5686274509803921,0.04118706716526339,False,True,True
linear_obserr_scale00_strerr_y1_y3,x7,x14,0.022408963585434174,0.05777832709068548,True,True,True
linear_obserr_scale00_strerr_y1_y3,x7,x15,0.5742296918767507,-0.08408819298353254,False,True,True
linear_obserr_scale00_strerr_y1_y3,x7,x16,0.8823529411764706,-0.06906811995696134,False,True,True
linear_obserr_scale00_strerr_y1_y3,x7,x17,0.3865546218487395,0.07651783124867456,True,True,True
linear_obserr_scale00_strerr_y1_y3,x7,x18,0.9467787114845938,-0.342872801432144,False,False,True
linear_obserr_scale00_strerr_y1_y3,x7,x19,0.4061624649859944,0.035911827755293446,True,True,True
linear_obserr_scale00_strerr_y1_y3,x8,x9,0.058823529411764705,0.05797161023497237,True,True,True
linear_obserr_scale00_strerr_y1_y3,x8,x10,0.14285714285714285,-0.04584382824786165,True,True,True
linear_obserr_scale00_strerr_y1_y3,x8,x11,0.23249299719887956,-0.046662587996426946,True,True,True
linear_obserr_scale00_strerr_y1_y3,x8,x12,0.08403361344537816,0.022917163423953654,True,True,True
linear_obserr_scale00_strerr_y1_y3,x8,x13,0.6386554621848739,0.009532280475720774,False,True,True
linear_obserr_scale00_strerr_y1_y3,x8,x14,0.07563025210084033,-0.05110797930075407,True,True,True
linear_obserr_scale00_strerr_y1_y3,x8,x15,0.4481792717086835,-0.03608841135077153,True,True,True
linear_obserr_scale00_strerr_y1_y3,x8,x16,0.8879551820728291,-0.037240087490301284,False,True,True
linear_obserr_scale00_strerr_y1_y3,x8,x17,0.27170868347338933,-0.06231679429850063,True,True,True
linear_obserr_scale00_strerr_y1_y3,x8,x18,0.6610644257703081,-0.020169916091666906,False,True,True
linear_obserr_scale00_strerr_y1_y3,x8,x19,0.1568627450980392,0.03704796317096222,True,True,True
linear_obserr_scale00_strerr_y1_y3,x9,x10,0.014005602240896359,-0.07010317944627116,True,True,True
linear_obserr_scale00_strerr_y1_y3,x9,x11,0.22408963585434175,0.07989987102565499,True,True,True
linear_obserr_scale00_strerr_y1_y3,x9,x12,0.047619047619047616,0.214166050851925,True,True,True
linear_obserr_scale00_strerr_y1_y3,x9,x13,0.036414565826330535,0.41957037793686325,True,True,True
linear_obserr_scale00_strerr_y1_y3,x9,x14,0.0056022408963585435,-0.0886747344199052,True,True,True
linear_obserr_scale00_strerr_y1_y3,x9,x15,0.38935574229691877,-0.08300716681905498,True,True,True
linear_obserr_scale00_strerr_y1_y3,x9,x16,0.7563025210084033,0.04620302469607121,False,True,True
linear_obserr_scale00_strerr_y1_y3,x9,x17,0.23249299719887956,-0.016242803915998152,True,True,True
linear_obserr_scale00_strerr_y1_y3,x9,x18,0.3137254901960784,0.06119398025963118,True,True,True
linear_obserr_scale00_strerr_y1_y3,x9,x19,0.22128851540616246,-0.005821614020022377,True,True,True
linear_obserr_scale00_strerr_y1_y3,x10,x11,0.05322128851540616,0.05679957935783837,True,True,True
linear_obserr_scale00_strerr_y1_y3,x10,x12,0.047619047619047616,-0.02183231498769296,True,True,True
linear_obserr_scale00_strerr_y1_y3,x10,x13,0.23249299719887956,-0.012752477487955242,True,True,True
linear_obserr_scale00_strerr_y1_y3,x10,x14,0.008403361344537815,0.2092581968332283,True,True,True
linear_obserr_scale00_strerr_y1_y3,x10,x15,0.8795518207282913,0.45356253010041403,False,True,True
linear_obserr_scale00_strerr_y1_y3,x10,x16,0.6722689075630253,0.023519783346792382,False,True,True
linear_obserr_scale00_strerr_y1_y3,x10,x17,0.20728291316526612,0.06914357259346897,True,True,True
linear_obserr_scale00_strerr_y1_y3,x10,x18,0.47058823529411764,-0.04877593212804165,True,True,True
linear_obserr_scale00_strerr_y1_y3,x10,x19,0.25210084033613445,0.047334067838090264,True,True,True
linear_obserr_scale00_strerr_y1_y3,x11,x12,0.047619047619047616,0.01967863991868128,True,True,True
linear_obserr_scale00_strerr_y1_y3,x11,x13,0.4117647058823529,0.03511666533686686,True,True,True
linear_obserr_scale00_strerr_y1_y3,x11,x14,0.06442577030812324,-0.02276256493667413,True,True,True
linear_obserr_scale00_strerr_y1_y3,x11,x15,0.7086834733893558,-0.038624884426521136,False,True,True
linear_obserr_scale00_strerr_y1_y3,x11,x16,0.938375350140056,0.05481322576702378,False,False,True
linear_obserr_scale00_strerr_y1_y3,x11,x17,0.13725490196078433,-0.0034904909874379324,True,True,True
linear_obserr_scale00_strerr_y1_y3,x11,x18,0.6694677871148459,-0.09833843251114456,False,True,True
linear_obserr_scale00_strerr_y1_y3,x11,x19,0.3025210084033613,0.001348857831339246,True,True,True
linear_obserr_scale00_strerr_y1_y3,x12,x13,0.8991596638655462,0.5831058727410633,False,True,True
linear_obserr_scale00_strerr_y1_y3,x12,x14,0.0196078431372549,-0.05542217283980872,True,True,True
linear_obserr_scale00_strerr_y1_y3,x12,x15,0.4733893557422969,-0.08867534401307295,True,True,True
linear_obserr_scale00_strerr_y1_y3,x12,x16,0.7198879551820728,0.002608149639749941,False,True,True
linear_obserr_scale00_strerr_y1_y3,x12,x17,0.0896358543417367,-0.0639543716537776,True,True,True
linear_obserr_scale00_strerr_y1_y3,x12,x18,0.45938375350140054,0.024637533182940496,True,True,True
linear_obserr_scale00_strerr_y1_y3,x12,x19,0.2184873949579832,0.010626629695596567,True,True,True
linear_obserr_scale00_strerr_y1_y3,x13,x14,0.6022408963585434,-0.03852089841144663,False,True,True
linear_obserr_scale00_strerr_y1_y3,x13,x15,0.5070028011204482,-0.08641387487251853,False,True,True
linear_obserr_scale00_strerr_y1_y3,x13,x16,0.8627450980392157,0.0766803811882612,False,True,True
linear_obserr_scale00_strerr_y1_y3,x13,x17,0.6050420168067226,-0.11475395740134005,False,True,True
linear_obserr_scale00_strerr_y1_y3,x13,x18,0.6190476190476191,0.08986472411495082,False,True,True
linear_obserr_scale00_strerr_y1_y3,x13,x19,0.5770308123249299,0.00185154886551286,False,True,True
linear_obserr_scale00_strerr_y1_y3,x14,x15,0.680672268907563,0.12564509144579555,False,True,True
linear_obserr_scale00_strerr_y1_y3,x14,x16,0.865546218487395,-0.03272947779644387,False,True,True
linear_obserr_scale00_strerr_y1_y3,x14,x17,0.2689075630252101,-0.03344395945790474,True,True,True
linear_obserr_scale00_strerr_y1_y3,x14,x18,0.5854341736694678,-0.014820493687609737,False,True,True
linear_obserr_scale00_strerr_y1_y3,x14,x19,0.11484593837535013,-0.06557507647363668,True,True,True
linear_obserr_scale00_strerr_y1_y3,x15,x16,0.8375350140056023,-0.023052177306894888,False,True,True
linear_obserr_scale00_strerr_y1_y3,x15,x17,0.5798319327731093,0.09426110715552082,False,True,True
linear_obserr_scale00_strerr_y1_y3,x15,x18,0.6974789915966386,0.018401074984989503,False,True,True
linear_obserr_scale00_strerr_y1_y3,x15,x19,0.7647058823529411,-0.11847963551406777,False,True,True
linear_obserr_scale00_strerr_y1_y3,x16,x17,0.9719887955182073,0.01249262113958034,False,False,False
linear_obserr_scale00_strerr_y1_y3,x16,x18,0.9103641456582633,-0.013465593749619078,False,False,True
linear_obserr_scale00_strerr_y1_y3,x16,x19,0.7955182072829131,0.015687067332283474,False,True,True
linear_obserr_scale00_strerr_y1_y3,x17,x18,0.5546218487394958,-0.057110516912870286,False,True,True
linear_obserr_scale00_strerr_y1_y3,x17,x19,0.49019607843137253,-0.02290977493218572,True,True,True
linear_obserr_scale00_strerr_y1_y3,x18,x19,0.7254901960784313,-0.05340885825216196,False,True,True
linear_obserr_scale00_strerr_y20_y25_y29,x0,x1,0.6461988304093568,-0.6221215182434425,False,True,True
linear_obserr_scale00_strerr_y20_y25_y29,x0,x2,0.35964912280701755,-0.40363992501786805,True,True,True
linear_obserr_scale00_strerr_y20_y25_y29,x0,x3,0.5116959064327485,0.029365023772108603,False,True,True
linear_obserr_scale00_strerr_y20_y25_y29,x0,x4,0.6842105263157895,0.05575163906422318,False,True,True
linear_obserr_scale00_strerr_y20_y25_y29,x0,x5,0.6666666666666666,-0.06807073876340512,False,True,True
linear_obserr_scale00_strerr_y20_y25_y29,x0,x6,0.7017543859649122,0.029115929139812275,False,True,True
linear_obserr_scale00_strerr_y20_y25_y29,x0,x7,0.4590643274853801,-0.02367004956707246,True,True,True
linear_obserr_scale00_strerr_y20_y25_y29,x0,x8,0.652046783625731,0.009699591349173114,False,True,True
linear_obserr_scale00_strerr_y20_y25_y29,x0,x9,0.4444444444444444,-0.0031096790455821836,True,True,True
linear_obserr_scale00_strerr_y20_y25_y29,x0,x10,0.3654970760233918,0.02135257186445885,True,True,True
linear_obserr_scale00_strerr_y20_y25_y29,x0,x11,0.8304093567251462,-0.04228421201698947,False,True,True
linear_obserr_scale00_strerr_y20_y25_y29,x0,x12,0.40350877192982454,0.015871037324582,True,True,True
linear_obserr_scale00_strerr_y20_y25_y29,x0,x13,1.0,0.089341474317197,False,False,False
linear_obserr_scale00_strerr_y20_y25_y29,x0,x14,0.6257309941520468,0.019411311542768202,False,True,True
linear_obserr_scale00_strerr_y20_y25_y29,x0,x15,0.7748538011695907,-0.11640322389502497,False,True,True
linear_obserr_scale00_strerr_y20_y25_y29,x0,x16,0.827485380116959,-0.013975504831539018,False,True,True
linear_obserr_scale00_strerr_y20_y25_y29,x0,x17,0.6198830409356725,-0.060218599984236,False,True,True
linear_obserr_scale00_strerr_y20_y25_y29,x0,x18,0.9210526315789473,0.031094909213204895,False,False,True
linear_obserr_scale00_strerr_y20_y25_y29,x0,x19,0.543859649122807,0.10924537915075598,False,True,True
linear_obserr_scale00_strerr_y20_y25_y29,x1,x2,0.5146198830409356,0.21918863565043614,False,True,True
linear_obserr_scale00_strerr_y20_y25_y29,x1,x3,0.6871345029239766,-0.05170506807396737,False,True,True
linear_obserr_scale00_strerr_y20_y25_y29,x1,x4,0.6783625730994152,-0.0039466671865291,False,True,True
linear_obserr_scale00_strerr_y20_y25_y29,x1,x5,0.5877192982456141,0.14522150181083895,False,True,True
linear_obserr_scale00_strerr_y20_y25_y29,x1,x6,0.8508771929824561,0.06572904219009128,False,True,True
linear_obserr_scale00_strerr_y20_y25_y29,x1,x7,0.5380116959064327,0.02585902769953931,False,True,True
linear_obserr_scale00_strerr_y20_y25_y29,x1,x8,0.7573099415204678,0.08144054546172479,False,True,True
linear_obserr_scale00_strerr_y20_y25_y29,x1,x9,0.49415204678362573,-0.0641942007370114,True,True,True
linear_obserr_scale00_strerr_y20_y25_y29,x1,x10,0.631578947368421,-0.01906653573277254,False,True,True
linear_obserr_scale00_strerr_y20_y25_y29,x1,x11,0.9181286549707602,0.0015085666877064868,False,False,True
linear_obserr_scale00_strerr_y20_y25_y29,x1,x12,0.6111111111111112,-0.05235540393231422,False,True,True
linear_obserr_scale00_strerr_y20_y25_y29,x1,x13,1.0,-0.13166297494042592,False,False,False
linear_obserr_scale00_strerr_y20_y25_y29,x1,x14,0.7456140350877193,-0.01232254818841936,False,True,True
linear_obserr_scale00_strerr_y20_y25_y29,x1,x15,0.8333333333333334,0.03688814772082554,False,True,True
linear_obserr_scale00_strerr_y20_y25_y29,x1,x16,0.9473684210526315,0.05913971107240884,False,False,True
linear_obserr_scale00_strerr_y20_y25_y29,x1,x17,0.6403508771929824,0.005132442931790981,False,True,True
linear_obserr_scale00_strerr_y20_y25_y29,x1,x18,0.9444444444444444,-0.026332287076296618,False,False,True
linear_obserr_scale00_strerr_y20_y25_y29,x1,x19,0.7690058479532164,-0.033368922285496136,False,True,True
linear_obserr_scale00_strerr_y20_y25_y29,x2,x3,0.13742690058479531,-0.011009813110013741,True,True,True
linear_obserr_scale00_strerr_y20_y25_y29,x2,x4,0.23976608187134502,-0.052905829436990605,True,True,True
linear_obserr_scale00_strerr_y20_y25_y29,x2,x5,0.18421052631578946,-0.002533217972902024,True,True,True
linear_obserr_scale00_strerr_y20_y25_y29,x2,x6,0.5730994152046783,-0.06142810322146837,False,True,True
linear_obserr_scale00_strerr_y20_y25_y29,x2,x7,0.08187134502923976,0.13519942928050027,True,True,True
linear_obserr_scale00_strerr_y20_y25_y29,x2,x8,0.2953216374269006,-0.017324865577870777,True,True,True
linear_obserr_scale00_strerr_y20_y25_y29,x2,x9,0.005847953216374269,0.04529933958746566,True,True,True
linear_obserr_scale00_strerr_y20_y25_y29,x2,x10,0.0,0.01780002099827492,True,True,True
linear_obserr_scale00_strerr_y20_y25_y29,x2,x11,0.3304093567251462,0.009624904544977622,True,True,True
linear_obserr_scale00_strerr_y20_y25_y29,x2,x12,0.008771929824561403,-0.02556940020662111,True,True,True
linear_obserr_scale00_strerr_y20_y25_y29,x2,x13,0.9970760233918129,-0.0027825695949864203,False,False,False
linear_obserr_scale00_strerr_y20_y25_y29,x2,x14,0.3362573099415205,-0.09762684341195996,True,True,True
linear_obserr_scale00_strerr_y20_y25_y29,x2,x15,0.45614035087719296,0.05121198461861065,True,True,True
linear_obserr_scale00_strerr_y20_y25_y29,x2,x16,0.652046783625731,0.009285726371477305,False,True,True
linear_obserr_scale00_strerr_y20_y25_y29,x2,x17,0.029239766081871343,0.01930206261166207,True,True,True
linear_obserr_scale00_strerr_y20_y25_y29,x2,x18,0.6198830409356725,0.023102286867771604,False,True,True
linear_obserr_scale00_strerr_y20_y25_y29,x2,x19,0.0029239766081871343,-0.05800321123263611,True,True,True
linear_obserr_scale00_strerr_y20_y25_y29,x3,x4,0.2894736842105263,0.36117352414767584,True,True,True
linear_obserr_scale00_strerr_y20_y25_y29,x3,x5,0.19005847953216373,-0.07508066510382337,True,True,True
linear_obserr_scale00_strerr_y20_y25_y29,x3,x6,0.6228070175438597,0.03706151927507591,False,True,True
linear_obserr_scale00_strerr_y20_y25_y29,x3,x7,0.28362573099415206,-0.017453663494825557,True,True,True
linear_obserr_scale00_strerr_y20_y25_y29,x3,x8,0.43567251461988304,-0.037956796503672896,True,True,True
linear_obserr_scale00_strerr_y20_y25_y29,x3,x9,0.2046783625730994,0.0642523832110635,True,True,True
linear_obserr_scale00_strerr_y20_y25_y29,x3,x10,0.15789473684210525,0.01369272390140868,True,True,True
linear_obserr_scale00_strerr_y20_y25_y29,x3,x11,0.5087719298245614,-0.016510038025993996,False,True,True
linear_obserr_scale00_strerr_y20_y25_y29,x3,x12,0.029239766081871343,-0.04861239576539719,True,True,True
linear_obserr_scale00_strerr_y20_y25_y29,x3,x13,1.0,0.08362244642729363,False,False,False
linear_obserr_scale00_strerr_y20_y25_y29,x3,x14,0.16666666666666666,-0.022964118655176027,True,True,True
linear_obserr_scale00_strerr_y20_y25_y29,x3,x15,0.3333333333333333,-0.01618692175155654,True,True,True
linear_obserr_scale00_strerr_y20_y25_y29,x3,x16,0.7485380116959064,0.05642041591210748,False,True,True
linear_obserr_scale00_strerr_y20_y25_y29,x3,x17,0.13157894736842105,-0.0599335774053257,True,True,True
linear_obserr_scale00_strerr_y20_y25_y29,x3,x18,0.672514619883041,0.0446288778496182,False,True,True
linear_obserr_scale00_strerr_y20_y25_y29,x3,x19,0.18421052631578946,-0.05588252928649831,True,True,True
linear_obserr_scale00_strerr_y20_y25_y29,x4,x5,0.09649122807017543,-0.09032580319327524,True,True,True
linear_obserr_scale00_strerr_y20_y25_y29,x4,x6,0.6637426900584795,0.08721018916352376,False,True,True
linear_obserr_scale00_strerr_y20_y25_y29,x4,x7,0.09941520467836257,-0.02002685692305057,True,True,True
linear_obserr_scale00_strerr_y20_y25_y29,x4,x8,0.6140350877192983,0.02778658011256757,False,True,True
linear_obserr_scale00_strerr_y20_y25_y29,x4,x9,0.24269005847953215,0.09552609724129588,True,True,True
linear_obserr_scale00_strerr_y20_y25_y29,x4,x10,0.24269005847953215,0.00017617027165190086,True,True,True
linear_obserr_scale00_strerr_y20_y25_y29,x4,x11,0.23391812865497075,0.055399062184582085,True,True,True
linear_obserr_scale00_strerr_y20_y25_y29,x4,x12,0.20760233918128654,0.009516175260767055,True,True,True
linear_obserr_scale00_strerr_y20_y25_y29,x4,x13,1.0,0.11747191438460464,False,False,False
linear_obserr_scale00_strerr_y20_y25_y29,x4,x14,0.5584795321637427,-0.07851740592372655,False,True,True
linear_obserr_scale00_strerr_y20_y25_y29,x4,x15,0.5029239766081871,0.05341072500023434,False,True,True
linear_obserr_scale00_strerr_y20_y25_y29,x4,x16,0.9152046783625731,0.03808607681660906,False,False,True
linear_obserr_scale00_strerr_y20_y25_y29,x4,x17,0.19883040935672514,0.0020239746902405505,True,True,True
linear_obserr_scale00_strerr_y20_y25_y29,x4,x18,0.8771929824561403,0.09355803113488718,False,True,True
linear_obserr_scale00_strerr_y20_y25_y29,x4,x19,0.2777777777777778,-0.057807259819944376,True,True,True
linear_obserr_scale00_strerr_y20_y25_y29,x5,x6,0.7573099415204678,0.004995599284988943,False,True,True
linear_obserr_scale00_strerr_y20_y25_y29,x5,x7,0.19883040935672514,-0.004892745684197038,True,True,True
linear_obserr_scale00_strerr_y20_y25_y29,x5,x8,0.5467836257309941,0.004172645031671087,False,True,True
linear_obserr_scale00_strerr_y20_y25_y29,x5,x9,0.09649122807017543,0.020962641225520943,True,True,True
linear_obserr_scale00_strerr_y20_y25_y29,x5,x10,0.3508771929824561,-0.005205569204100175,True,True,True
linear_obserr_scale00_strerr_y20_y25_y29,x5,x11,0.2543859649122807,-0.07105864947652993,True,True,True
linear_obserr_scale00_strerr_y20_y25_y29,x5,x12,0.0029239766081871343,-0.010312380441915568,True,True,True
linear_obserr_scale00_strerr_y20_y25_y29,x5,x13,1.0,-0.043339729885597415,False,False,False
linear_obserr_scale00_strerr_y20_y25_y29,x5,x14,0.4269005847953216,0.03357439770676307,True,True,True
linear_obserr_scale00_strerr_y20_y25_y29,x5,x15,0.4590643274853801,-0.0946561327849346,True,True,True
linear_obserr_scale00_strerr_y20_y25_y29,x5,x16,0.9152046783625731,-0.06906084648528704,False,False,True
linear_obserr_scale00_strerr_y20_y25_y29,x5,x17,0.15204678362573099,0.007692898134897242,True,True,True
linear_obserr_scale00_strerr_y20_y25_y29,x5,x18,0.8742690058479532,-0.015529857034657603,False,True,True
linear_obserr_scale00_strerr_y20_y25_y29,x5,x19,0.0,-0.08377392307286398,True,True,True
linear_obserr_scale00_strerr_y20_y25_y29,x6,x7,0.6812865497076024,-0.025005563750356508,False,True,True
linear_obserr_scale00_strerr_y20_y25_y29,x6,x8,0.9035087719298246,0.46944244534924096,False,False,True
linear_obserr_scale00_strerr_y20_y25_y29,x6,x9,0.5292397660818714,-0.05599238507987358,False,True,True
linear_obserr_scale00_strerr_y20_y25_y29,x6,x10,0.52046783625731,-0.043433376029865745,False,True,True
linear_obserr_scale00_strerr_y20_y25_y29,x6,x11,0.8128654970760234,-0.025216775537643014,False,True,True
linear_obserr_scale00_strerr_y20_y25_y29,x6,x12,0.4502923976608187,0.05960940846317973,True,True,True
linear_obserr_scale00_strerr_y20_y25_y29,x6,x13,1.0,0.0291523121795296,False,False,False
linear_obserr_scale00_strerr_y20_y25_y29,x6,x14,0.6081871345029239,-0.04299095341684904,False,True,True
linear_obserr_scale00_strerr_y20_y25_y29,x6,x15,0.8304093567251462,-0.05964426342358638,False,True,True
linear_obserr_scale00_strerr_y20_y25_y29,x6,x16,0.9093567251461988,0.0712241327108303,False,False,True
linear_obserr_scale00_strerr_y20_y25_y29,x6,x17,0.6842105263157895,-0.04682696653717212,False,True,True
linear_obserr_scale00_strerr_y20_y25_y29,x6,x18,0.8187134502923976,-0.018836828701969118,False,True,True
linear_obserr_scale00_strerr_y20_y25_y29,x6,x19,0.7368421052631579,0.0018089971976122817,False,True,True
linear_obserr_scale00_strerr_y20_y25_y29,x7,x8,0.0935672514619883,0.016011498733682007,True,True,True
linear_obserr_scale00_strerr_y20_y25_y29,x7,x9,0.0,-0.06058248285596202,True,True,True
linear_obserr_scale00_strerr_y20_y25_y29,x7,x10,0.0847953216374269,0.05029435291597894,True,True,True
linear_obserr_scale00_strerr_y20_y25_y29,x7,x11,0.3391812865497076,-0.01630205710351024,True,True,True
linear_obserr_scale00_strerr_y20_y25_y29,x7,x12,0.0,0.032631478450789266,True,True,True
linear_obserr_scale00_strerr_y20_y25_y29,x7,x13,1.0,0.014288580198045445,False,False,False
linear_obserr_scale00_strerr_y20_y25_y29,x7,x14,0.06432748538011696,0.08345705324836185,True,True,True
linear_obserr_scale00_strerr_y20_y25_y29,x7,x15,0.5058479532163743,0.00691841138447896,False,True,True
linear_obserr_scale00_strerr_y20_y25_y29,x7,x16,0.7894736842105263,-0.02837426016604512,False,True,True
linear_obserr_scale00_strerr_y20_y25_y29,x7,x17,0.05847953216374269,0.016083952899071115,True,True,True
linear_obserr_scale00_strerr_y20_y25_y29,x7,x18,0.9853801169590644,-0.4143217625620835,False,False,False
linear_obserr_scale00_strerr_y20_y25_y29,x7,x19,0.11695906432748537,-0.10286069198238619,True,True,True
linear_obserr_scale00_strerr_y20_y25_y29,x8,x9,0.20760233918128654,-0.09623907766290438,True,True,True
linear_obserr_scale00_strerr_y20_y25_y29,x8,x10,0.32748538011695905,-0.046511257920166284,True,True,True
linear_obserr_scale00_strerr_y20_y25_y29,x8,x11,0.6228070175438597,0.0070443578393452316,False,True,True
linear_obserr_scale00_strerr_y20_y25_y29,x8,x12,0.23976608187134502,0.015849484365101398,True,True,True
linear_obserr_scale00_strerr_y20_y25_y29,x8,x13,1.0,-0.06954306909647197,False,False,False
linear_obserr_scale00_strerr_y20_y25_y29,x8,x14,0.24853801169590642,0.06682876038983378,True,True,True
linear_obserr_scale00_strerr_y20_y25_y29,x8,x15,0.6637426900584795,-0.09667294162713909,False,True,True
linear_obserr_scale00_strerr_y20_y25_y29,x8,x16,0.8713450292397661,-0.010270059851688815,False,True,True
linear_obserr_scale00_strerr_y20_y25_y29,x8,x17,0.25146198830409355,-0.007080477499350141,True,True,True
linear_obserr_scale00_strerr_y20_y25_y29,x8,x18,0.8801169590643275,-0.00011195614219187887,False,True,True
linear_obserr_scale00_strerr_y20_y25_y29,x8,x19,0.3538011695906433,0.01258179652466107,True,True,True
linear_obserr_scale00_strerr_y20_y25_y29,x9,x10,0.0,-0.06692510350141373,True,True,True
linear_obserr_scale00_strerr_y20_y25_y29,x9,x11,0.0847953216374269,-0.02853118046569334,True,True,True
linear_obserr_scale00_strerr_y20_y25_y29,x9,x12,0.005847953216374269,0.2380792349926427,True,True,True
linear_obserr_scale00_strerr_y20_y25_y29,x9,x13,1.0,0.47851650391373246,False,False,False
linear_obserr_scale00_strerr_y20_y25_y29,x9,x14,0.2222222222222222,-0.1092295001023568,True,True,True
linear_obserr_scale00_strerr_y20_y25_y29,x9,x15,0.2719298245614035,-0.030737897888860954,True,True,True
linear_obserr_scale00_strerr_y20_y25_y29,x9,x16,0.6228070175438597,-0.03236117894818108,False,True,True
linear_obserr_scale00_strerr_y20_y25_y29,x9,x17,0.04093567251461988,-0.04124312734026248,True,True,True
linear_obserr_scale00_strerr_y20_y25_y29,x9,x18,0.5730994152046783,-0.03057509010215156,False,True,True
linear_obserr_scale00_strerr_y20_y25_y29,x9,x19,0.1111111111111111,0.03235665110611915,True,True,True
linear_obserr_scale00_strerr_y20_y25_y29,x10,x11,0.3508771929824561,-0.03509368402582116,True,True,True
linear_obserr_scale00_strerr_y20_y25_y29,x10,x12,0.06725146198830409,-0.08121594330139012,True,True,True
linear_obserr_scale00_strerr_y20_y25_y29,x10,x13,1.0,-0.07445274345416106,False,False,False
linear_obserr_scale00_strerr_y20_y25_y29,x10,x14,0.1608187134502924,0.18634802588021546,True,True,True
linear_obserr_scale00_strerr_y20_y25_y29,x10,x15,0.7046783625730995,0.430344084233094,False,True,True
linear_obserr_scale00_strerr_y20_y25_y29,x10,x16,0.8157894736842105,-0.0659832610762185,False,True,True
linear_obserr_scale00_strerr_y20_y25_y29,x10,x17,0.0847953216374269,-0.06553887791799622,True,True,True
linear_obserr_scale00_strerr_y20_y25_y29,x10,x18,0.7339181286549707,-0.10995908799823245,False,True,True
linear_obserr_scale00_strerr_y20_y25_y29,x10,x19,0.10526315789473684,0.03575958931720364,True,True,True
linear_obserr_scale00_strerr_y20_y25_y29,x11,x12,0.014619883040935672,0.07807301071699464,True,True,True
linear_obserr_scale00_strerr_y20_y25_y29,x11,x13,1.0,0.040368859558330174,False,False,False
linear_obserr_scale00_strerr_y20_y25_y29,x11,x14,0.6228070175438597,-0.0010354210887619582,False,True,True
linear_obserr_scale00_strerr_y20_y25_y29,x11,x15,0.6432748538011696,0.01010034942369635,False,True,True
linear_obserr_scale00_strerr_y20_y25_y29,x11,x16,0.8713450292397661,-0.030711896121915928,False,True,True
linear_obserr_scale00_strerr_y20_y25_y29,x11,x17,0.18421052631578946,0.01796128623157051,True,True,True
linear_obserr_scale00_strerr_y20_y25_y29,x11,x18,0.7456140350877193,-0.07351868510285003,False,True,True
linear_obserr_scale00_strerr_y20_y25_y29,x11,x19,0.2982456140350877,-0.004623424447099054,True,True,True
linear_obserr_scale00_strerr_y20_y25_y29,x12,x13,0.9970760233918129,0.5192320363608607,False,False,False
linear_obserr_scale00_strerr_y20_y25_y29,x12,x14,0.12573099415204678,0.0022594699653148307,True,True,True
linear_obserr_scale00_strerr_y20_y25_y29,x12,x15,0.14912280701754385,0.0366927088817982,True,True,True
linear_obserr_scale00_strerr_y20_y25_y29,x12,x16,0.6374269005847953,0.03771457843694734,False,True,True
linear_obserr_scale00_strerr_y20_y25_y29,x12,x17,0.06725146198830409,0.06699189665724978,True,True,True
linear_obserr_scale00_strerr_y20_y25_y29,x12,x18,0.5497076023391813,-0.0402097294330024,False,True,True
linear_obserr_scale00_strerr_y20_y25_y29,x12,x19,0.029239766081871343,0.09635383033544215,True,True,True
linear_obserr_scale00_strerr_y20_y25_y29,x13,x14,1.0,-0.044097146372077324,False,False,False
linear_obserr_scale00_strerr_y20_y25_y29,x13,x15,1.0,-0.0028607212344504973,False,False,False
linear_obserr_scale00_strerr_y20_y25_y29,x13,x16,1.0,0.07841474896521834,False,False,False
linear_obserr_scale00_strerr_y20_y25_y29,x13,x17,1.0,0.0016217887527425752,False,False,False
linear_obserr_scale00_strerr_y20_y25_y29,x13,x18,1.0,0.02685695279439653,False,False,False
linear_obserr_scale00_strerr_y20_y25_y29,x13,x19,1.0,0.08480133073795683,False,False,False
linear_obserr_scale00_strerr_y20_y25_y29,x14,x15,0.6637426900584795,0.12445843848532828,False,True,True
linear_obserr_scale00_strerr_y20_y25_y29,x14,x16,0.8567251461988304,-0.0012245973574320172,False,True,True
linear_obserr_scale00_strerr_y20_y25_y29,x14,x17,0.07602339181286549,0.06218994497379871,True,True,True
linear_obserr_scale00_strerr_y20_y25_y29,x14,x18,0.8888888888888888,-0.1753972818245237,False,True,True
linear_obserr_scale00_strerr_y20_y25_y29,x14,x19,0.4853801169590643,-0.018571534581309956,True,True,True
linear_obserr_scale00_strerr_y20_y25_y29,x15,x16,0.8450292397660819,-0.0027501873313869455,False,True,True
linear_obserr_scale00_strerr_y20_y25_y29,x15,x17,0.5263157894736842,-0.02656848889998307,False,True,True
linear_obserr_scale00_strerr_y20_y25_y29,x15,x18,0.804093567251462,-0.05901300147360209,False,True,True
linear_obserr_scale00_strerr_y20_y25_y29,x15,x19,0.3830409356725146,0.036073305344696625,True,True,True
linear_obserr_scale00_strerr_y20_y25_y29,x16,x17,0.7894736842105263,-0.0826163687259141,False,True,True
linear_obserr_scale00_strerr_y20_y25_y29,x16,x18,0.9385964912280702,0.04170636954912409,False,False,True
linear_obserr_scale00_strerr_y20_y25_y29,x16,x19,0.8947368421052632,0.09709935177110587,False,True,True
linear_obserr_scale00_strerr_y20_y25_y29,x17,x18,0.8654970760233918,0.04816307056620804,False,True,True
linear_obserr_scale00_strerr_y20_y25_y29,x17,x19,0.22514619883040934,-0.07843908783360277,True,True,True
linear_obserr_scale00_strerr_y20_y25_y29,x18,x19,0.7543859649122807,0.0696187887794855,False,True,True
linear_obserr_scale02,x0,x1,0.414,0.5757338571134812,True,True,True
linear_obserr_scale02,x0,x2,0.286,-0.2170353648927201,True,True,True
linear_obserr_scale02,x0,x3,0.396,-0.009253122661944304,True,True,True
linear_obserr_scale02,x0,x4,0.062,0.07600157408692727,True,True,True
linear_obserr_scale02,x0,x5,0.221,-0.07013098219464732,True,True,True
linear_obserr_scale02,x0,x6,0.164,0.02850380680143239,True,True,True
linear_obserr_scale02,x0,x7,0.275,0.012935909401159589,True,True,True
linear_obserr_scale02,x0,x8,0.204,0.010504233767243382,True,True,True
linear_obserr_scale02,x0,x9,0.328,-0.015209895693866214,True,True,True
linear_obserr_scale02,x0,x10,0.09,-0.02708481301815504,True,True,True
linear_obserr_scale02,x0,x11,0.16,0.09711924347989827,True,True,True
linear_obserr_scale02,x0,x12,0.062,0.024747473929202353,True,True,True
linear_obserr_scale02,x0,x13,0.403,0.02281842479661082,True,True,True
linear_obserr_scale02,x0,x14,0.211,0.0069029772177827955,True,True,True
linear_obserr_scale02,x0,x15,0.135,-0.02855091150191141,True,True,True
linear_obserr_scale02,x0,x16,0.109,-0.026436868875589575,True,True,True
linear_obserr_scale02,x0,x17,0.09,0.02721620230761389,True,True,True
linear_obserr_scale02,x0,x18,0.353,0.007744734382856548,True,True,True
linear_obserr_scale02,x0,x19,0.0,0.022501915110951214,True,True,True
linear_obserr_scale02,x1,x2,0.554,-0.19490308808698267,False,True,True
linear_obserr_scale02,x1,x3,0.666,0.01854319907518009,False,True,True
linear_obserr_scale02,x1,x4,0.282,0.06144065657963479,True,True,True
linear_obserr_scale02,x1,x5,0.466,-0.06560580140920508,True,True,True
linear_obserr_scale02,x1,x6,0.531,-0.012622636833643107,False,True,True
linear_obserr_scale02,x1,x7,0.393,-0.010443655817508762,True,True,True
linear_obserr_scale02,x1,x8,0.45,0.03915993317544457,True,True,True
linear_obserr_scale02,x1,x9,0.505,-0.010370863089749096,False,True,True
linear_obserr_scale02,x1,x10,0.354,-0.032011159742560684,True,True,True
linear_obserr_scale02,x1,x11,0.446,0.07860194489747876,True,True,True
linear_obserr_scale02,x1,x12,0.473,0.020073941422266924,True,True,True
linear_obserr_scale02,x1,x13,0.416,0.0322190176818743,True,True,True
linear_obserr_scale02,x1,x14,0.614,-0.01521598968663187,False,True,True
linear_obserr_scale02,x1,x15,0.467,-0.015979014686684678,True,True,True
linear_obserr_scale02,x1,x16,0.478,-0.03194457526802559,True,True,True
linear_obserr_scale02,x1,x17,0.338,0.02022413440403722,True,True,True
linear_obserr_scale02,x1,x18,0.513,0.022552266179346563,False,True,True
linear_obserr_scale02,x1,x19,0.432,0.0356417183330676,True,True,True
linear_obserr_scale02,x2,x3,0.675,-0.15662615159109877,False,True,True
linear_obserr_scale02,x2,x4,0.425,-0.4224343011578592,True,True,True
linear_obserr_scale02,x2,x5,0.294,0.002191479707462806,True,True,True
linear_obserr_scale02,x2,x6,0.473,-0.05099856252542639,True,True,True
linear_obserr_scale02,x2,x7,0.35,-0.0024166622171542455,True,True,True
linear_obserr_scale02,x2,x8,0.292,-0.036566175146556586,True,True,True
linear_obserr_scale02,x2,x9,0.248,0.017955117298593427,True,True,True
linear_obserr_scale02,x2,x10,0.126,-0.005119416150908018,True,True,True
linear_obserr_scale02,x2,x11,0.195,-0.009824658996462182,True,True,True
linear_obserr_scale02,x2,x12,0.389,-0.027339494207530467,True,True,True
linear_obserr_scale02,x2,x13,0.337,-0.016090421355983917,True,True,True
linear_obserr_scale02,x2,x14,0.258,-0.06042198624263423,True,True,True
linear_obserr_scale02,x2,x15,0.241,0.01086151003399478,True,True,True
linear_obserr_scale02,x2,x16,0.175,0.032893707209770404,True,True,True
linear_obserr_scale02,x2,x17,0.161,-0.01140271117603565,True,True,True
linear_obserr_scale02,x2,x18,0.477,-0.012375035448018096,True,True,True
linear_obserr_scale02,x2,x19,0.264,-0.13813505279935745,True,True,True
linear_obserr_scale02,x3,x4,0.558,0.087871758665073,False,True,True
linear_obserr_scale02,x3,x5,0.69,0.006880325175595124,False,True,True
linear_obserr_scale02,x3,x6,0.784,-0.038736109683073804,False,True,True
linear_obserr_scale02,x3,x7,0.791,-0.03207452207270054,False,True,True
linear_obserr_scale02,x3,x8,0.49,0.018495438964801193,True,True,True
linear_obserr_scale02,x3,x9,0.618,-0.01380213046325774,False,True,True
linear_obserr_scale02,x3,x10,0.549,-0.009949672388221576,False,True,True
linear_obserr_scale02,x3,x11,0.521,0.0050194698191784225,False,True,True
linear_obserr_scale02,x3,x12,0.551,0.013431915098451038,False,True,True
linear_obserr_scale02,x3,x13,0.68,0.07675982703419997,False,True,True
linear_obserr_scale02,x3,x14,0.597,-0.030935599639829153,False,True,True
linear_obserr_scale02,x3,x15,0.713,0.0092984567532651,False,True,True
linear_obserr_scale02,x3,x16,0.66,0.030942276347046122,False,True,True
linear_obserr_scale02,x3,x17,0.68,-0.021982210672406858,False,True,True
linear_obserr_scale02,x3,x18,0.687,-0.02748808276332522,False,True,True
linear_obserr_scale02,x3,x19,0.43,0.051150360934462694,True,True,True
linear_obserr_scale02,x4,x5,0.249,0.023324758025640876,True,True,True
linear_obserr_scale02,x4,x6,0.396,0.03771785202640935,True,True,True
linear_obserr_scale02,x4,x7,0.123,-0.035828058069192245,True,True,True
linear_obserr_scale02,x4,x8,0.329,0.014632431438234337,True,True,True
linear_obserr_scale02,x4,x9,0.174,0.011583123816994244,True,True,True
linear_obserr_scale02,x4,x10,0.008,0.03436478795549268,True,True,True
linear_obserr_scale02,x4,x11,0.212,-0.03793422432229222,True,True,True
linear_obserr_scale02,x4,x12,0.385,0.045324598507401476,True,True,True
linear_obserr_scale02,x4,x13,0.298,0.026216275469598926,True,True,True
linear_obserr_scale02,x4,x14,0.231,0.008583342718396647,True,True,True
linear_obserr_scale02,x4,x15,0.04,0.025484354849094965,True,True,True
linear_obserr_scale02,x4,x16,0.028,-0.020523041287744025,True,True,True
linear_obserr_scale02,x4,x17,0.034,0.0013189544654567823,True,True,True
linear_obserr_scale02,x4,x18,0.542,-0.026077227867198207,False,True,True
linear_obserr_scale02,x4,x19,0.455,0.3440087095053505,True,True,True
linear_obserr_scale02,x5,x6,0.322,0.03135721245667098,True,True,True
linear_obserr_scale02,x5,x7,0.465,-0.056252846921015835,True,True,True
linear_obserr_scale02,x5,x8,0.42,0.05911815307404928,True,True,True
linear_obserr_scale02,x5,x9,0.582,-0.005900720325954833,False,True,True
linear_obserr_scale02,x5,x10,0.258,0.012292569343714699,True,True,True
linear_obserr_scale02,x5,x11,0.298,0.03599462523790241,True,True,True
linear_obserr_scale02,x5,x12,0.496,0.004538170375854095,True,True,True
linear_obserr_scale02,x5,x13,0.589,0.00878807825138821,False,True,True
linear_obserr_scale02,x5,x14,0.486,-0.042797739752552084,True,True,True
linear_obserr_scale02,x5,x15,0.272,0.00587185957378434,True,True,True
linear_obserr_scale02,x5,x16,0.257,0.006670157312241649,True,True,True
linear_obserr_scale02,x5,x17,0.255,0.0014543082647684284,True,True,True
linear_obserr_scale02,x5,x18,0.519,-0.08257042306887813,False,True,True
linear_obserr_scale02,x5,x19,0.03,0.04061726934455943,True,True,True
linear_obserr_scale02,x6,x7,0.517,-0.06388142005273008,False,True,True
linear_obserr_scale02,x6,x8,0.519,-0.01005155337478155,False,True,True
linear_obserr_scale02,x6,x9,0.601,0.002740548059360483,False,True,True
linear_obserr_scale02,x6,x10,0.332,0.018503239025724472,True,True,True
linear_obserr_scale02,x6,x11,0.357,0.04958476489559322,True,True,True
linear_obserr_scale02,x6,x12,0.474,-0.013178299861931397,True,True,True
linear_obserr_scale02,x6,x13,0.55,-0.02056103637349856,False,True,True
linear_obserr_scale02,x6,x14,0.406,-0.018029507245086774,True,True,True
linear_obserr_scale02,x6,x15,0.311,-0.04658018499888843,True,True,True
linear_obserr_scale02,x6,x16,0.431,-0.05053378082643278,True,True,True
linear_obserr_scale02,x6,x17,0.166,0.03914647838634578,True,True,True
linear_obserr_scale02,x6,x18,0.588,-0.014608548066463669,False,True,True
linear_obserr_scale02,x6,x19,0.258,-0.027826536492487394,True,True,True
linear_obserr_scale02,x7,x8,0.453,-0.04802998884866932,True,True,True
linear_obserr_scale02,x7,x9,0.649,-0.008404778329356002,False,True,True
linear_obserr_scale02,x7,x10,0.145,0.04472962084095278,True,True,True
linear_obserr_scale02,x7,x11,0.261,-0.02115194160405582,True,True,True
linear_obserr_scale02,x7,x12,0.548,0.05280492834798186,False,True,True
linear_obserr_scale02,x7,x13,0.435,0.024281328947300305,True,True,True
linear_obserr_scale02,x7,x14,0.434,-0.0040622795182343845,True,True,True
linear_obserr_scale02,x7,x15,0.357,-0.01280340236542052,True,True,True
linear_obserr_scale02,x7,x16,0.096,-0.006886375879851125,True,True,True
linear_obserr_scale02,x7,x17,0.126,-0.05215598923216364,True,True,True
linear_obserr_scale02,x7,x18,0.592,-0.0381790969263957,False,True,True
linear_obserr_scale02,x7,x19,0.532,0.011045413363745012,False,True,True
linear_obserr_scale02,x8,x9,0.429,0.00920319715673566,True,True,True
linear_obserr_scale02,x8,x10,0.276,-0.03339113701249652,True,True,True
linear_obserr_scale02,x8,x11,0.386,0.11301486915764672,True,True,True
linear_obserr_scale02,x8,x12,0.438,-0.058203884280659486,True,True,True
linear_obserr_scale02,x8,x13,0.477,-0.016849242807899994,True,True,True
linear_obserr_scale02,x8,x14,0.365,0.018881134393806686,True,True,True
linear_obserr_scale02,x8,x15,0.429,0.010364545282920162,True,True,True
linear_obserr_scale02,x8,x16,0.274,0.06098257642791685,True,True,True
linear_obserr_scale02,x8,x17,0.47,-0.04324134861794365,True,True,True
linear_obserr_scale02,x8,x18,0.237,-0.454610765301014,True,True,True
linear_obserr_scale02,x8,x19,0.209,0.03262830195414465,True,True,True
linear_obserr_scale02,x9,x10,0.152,0.018992949954445153,True,True,True
linear_obserr_scale02,x9,x11,0.374,0.011973230125077828,True,True,True
linear_obserr_scale02,x9,x12,0.374,0.012851657288323468,True,True,True
linear_obserr_scale02,x9,x13,0.486,0.03265584977939676,True,True,True
linear_obserr_scale02,x9,x14,0.403,0.02804210334042934,True,True,True
linear_obserr_scale02,x9,x15,0.369,-0.0039035960674161777,True,True,True
linear_obserr_scale02,x9,x16,0.172,0.009107860301095417,True,True,True
linear_obserr_scale02,x9,x17,0.123,0.007642153291673201,True,True,True
linear_obserr_scale02,x9,x18,0.747,0.01733981178891938,False,True,True
linear_obserr_scale02,x9,x19,0.342,0.0050667098995114375,True,True,True
linear_obserr_scale02,x10,x11,0.09,-0.004138649697642636,True,True,True
linear_obserr_scale02,x10,x12,0.138,0.07585868874845043,True,True,True
linear_obserr_scale02,x10,x13,0.171,-0.014782454661161128,True,True,True
linear_obserr_scale02,x10,x14,0.484,0.282994091346706,True,True,True
linear_obserr_scale02,x10,x15,0.366,-0.0037669747840472652,True,True,True
linear_obserr_scale02,x10,x16,0.128,-0.00019524056021244166,True,True,True
linear_obserr_scale02,x10,x17,0.128,-0.013839307562847203,True,True,True
linear_obserr_scale02,x10,x18,0.347,0.021293653490262583,True,True,True
linear_obserr_scale02,x10,x19,0.078,0.011297563713024957,True,True,True
linear_obserr_scale02,x11,x12,0.218,-0.02544736691494111,True,True,True
linear_obserr_scale02,x11,x13,0.41,-0.02866549095716126,True,True,True
linear_obserr_scale02,x11,x14,0.368,0.009245979371504646,True,True,True
linear_obserr_scale02,x11,x15,0.153,-0.006150343236894909,True,True,True
linear_obserr_scale02,x11,x16,0.279,-0.04071995691843196,True,True,True
linear_obserr_scale02,x11,x17,0.059,0.07526459918271915,True,True,True
linear_obserr_scale02,x11,x18,0.444,-0.03898716078502008,True,True,True
linear_obserr_scale02,x11,x19,0.33,0.005215773453994956,True,True,True
linear_obserr_scale02,x12,x13,0.579,0.021690752405361426,False,True,True
linear_obserr_scale02,x12,x14,0.412,0.03172955625190753,True,True,True
linear_obserr_scale02,x12,x15,0.174,-0.05084447616271481,True,True,True
linear_obserr_scale02,x12,x16,0.329,0.030123829667439265,True,True,True
linear_obserr_scale02,x12,x17,0.312,0.031458352197865025,True,True,True
linear_obserr_scale02,x12,x18,0.552,-0.029234335980526972,False,True,True
linear_obserr_scale02,x12,x19,0.121,0.004707856968280371,True,True,True
linear_obserr_scale02,x13,x14,0.413,0.014883171210641036,True,True,True
linear_obserr_scale02,x13,x15,0.501,0.018096774448499973,False,True,True
linear_obserr_scale02,x13,x16,0.395,-0.018353526242738286,True,True,True
linear_obserr_scale02,x13,x17,0.075,-0.16677932593754297,True,True,True
linear_obserr_scale02,x13,x18,0.547,0.027602734279581802,False,True,True
linear_obserr_scale02,x13,x19,0.455,0.012395722386679929,True,True,True
linear_obserr_scale02,x14,x15,0.334,-0.021004197892319765,True,True,True
linear_obserr_scale02,x14,x16,0.399,-0.014411121388464999,True,True,True
linear_obserr_scale02,x14,x17,0.421,0.0027594895499595206,True,True,True
linear_obserr_scale02,x14,x18,0.543,-0.05323273785194488,False,True,True
linear_obserr_scale02,x14,x19,0.23,-0.05872943629225294,True,True,True
linear_obserr_scale02,x15,x16,0.206,0.048000283579138533,True,True,True
linear_obserr_scale02,x15,x17,0.254,0.010440073393387499,True,True,True
linear_obserr_scale02,x15,x18,0.623,-0.033734757631731574,False,True,True
linear_obserr_scale02,x15,x19,0.614,0.04051719074460675,False,True,True
linear_obserr_scale02,x16,x17,0.0,0.0047959070129034035,True,True,True
linear_obserr_scale02,x16,x18,0.519,-0.035928837305636833,False,True,True
linear_obserr_scale02,x16,x19,0.023,-0.021809936341561392,True,True,True
linear_obserr_scale02,x17,x18,0.511,0.012605350825756523,False,True,True
linear_obserr_scale02,x17,x19,0.008,-0.03516098771131346,True,True,True
linear_obserr_scale02,x18,x19,0.426,-0.024758677294665448,True,True,True
linear_obserr_scale02_strerr_y1_y3,x0,x1,0.351,-0.0519874690234367,True,True,True
linear_obserr_scale02_strerr_y1_y3,x0,x2,0.329,-0.449176523021796,True,True,True
linear_obserr_scale02_strerr_y1_y3,x0,x3,0.335,0.230792818941558,True,True,True
linear_obserr_scale02_strerr_y1_y3,x0,x4,0.404,0.061205424367828686,True,True,True
linear_obserr_scale02_strerr_y1_y3,x0,x5,0.422,0.002751609632853037,True,True,True
linear_obserr_scale02_strerr_y1_y3,x0,x6,0.723,0.02610184735258991,False,True,True
linear_obserr_scale02_strerr_y1_y3,x0,x7,0.394,0.047701448221358196,True,True,True
linear_obserr_scale02_strerr_y1_y3,x0,x8,0.374,-0.01621281923084517,True,True,True
linear_obserr_scale02_strerr_y1_y3,x0,x9,0.34,0.0070714576211278754,True,True,True
linear_obserr_scale02_strerr_y1_y3,x0,x10,0.673,0.027889222479764338,False,True,True
linear_obserr_scale02_strerr_y1_y3,x0,x11,0.784,0.0682912509283329,False,True,True
linear_obserr_scale02_strerr_y1_y3,x0,x12,0.488,-0.0036414562584508215,True,True,True
linear_obserr_scale02_strerr_y1_y3,x0,x13,0.163,0.030703956590177422,True,True,True
linear_obserr_scale02_strerr_y1_y3,x0,x14,0.376,0.0027229824566259407,True,True,True
linear_obserr_scale02_strerr_y1_y3,x0,x15,0.441,0.009135939193052089,True,True,True
linear_obserr_scale02_strerr_y1_y3,x0,x16,0.465,0.03846178520976784,True,True,True
linear_obserr_scale02_strerr_y1_y3,x0,x17,0.481,0.007482852640006003,True,True,True
linear_obserr_scale02_strerr_y1_y3,x0,x18,0.322,0.0015342491032171552,True,True,True
linear_obserr_scale02_strerr_y1_y3,x0,x19,0.562,0.05383921901859914,False,True,True
linear_obserr_scale02_strerr_y1_y3,x1,x2,0.116,-0.4691591360385379,True,True,True
linear_obserr_scale02_strerr_y1_y3,x1,x3,0.336,0.2252634974151415,True,True,True
linear_obserr_scale02_strerr_y1_y3,x1,x4,0.414,0.09303095077732207,True,True,True
linear_obserr_scale02_strerr_y1_y3,x1,x5,0.264,-0.02062744911355593,True,True,True
linear_obserr_scale02_strerr_y1_y3,x1,x6,0.688,0.004558708875397609,False,True,True
linear_obserr_scale02_strerr_y1_y3,x1,x7,0.373,-0.027412649257796164,True,True,True
linear_obserr_scale02_strerr_y1_y3,x1,x8,0.213,-0.005004465697107946,True,True,True
linear_obserr_scale02_strerr_y1_y3,x1,x9,0.41,-0.011314281937802751,True,True,True
linear_obserr_scale02_strerr_y1_y3,x1,x10,0.657,0.029435612512837675,False,True,True
linear_obserr_scale02_strerr_y1_y3,x1,x11,0.676,-0.017930738767877544,False,True,True
linear_obserr_scale02_strerr_y1_y3,x1,x12,0.377,0.054899761028410723,True,True,True
linear_obserr_scale02_strerr_y1_y3,x1,x13,0.286,0.017889132227814297,True,True,True
linear_obserr_scale02_strerr_y1_y3,x1,x14,0.367,0.019214304805893125,True,True,True
linear_obserr_scale02_strerr_y1_y3,x1,x15,0.36,0.036121361810070265,True,True,True
linear_obserr_scale02_strerr_y1_y3,x1,x16,0.396,-0.05210047281731819,True,True,True
linear_obserr_scale02_strerr_y1_y3,x1,x17,0.311,-0.055727736347890286,True,True,True
linear_obserr_scale02_strerr_y1_y3,x1,x18,0.212,-0.007669842990163551,True,True,True
linear_obserr_scale02_strerr_y1_y3,x1,x19,0.331,0.02505357051681468,True,True,True
linear_obserr_scale02_strerr_y1_y3,x2,x3,0.159,-0.45590322613063256,True,True,True
linear_obserr_scale02_strerr_y1_y3,x2,x4,0.03,-0.19953111767366308,True,True,True
linear_obserr_scale02_strerr_y1_y3,x2,x5,0.224,0.039240987593054756,True,True,True
linear_obserr_scale02_strerr_y1_y3,x2,x6,0.557,-0.055854604293739,False,True,True
linear_obserr_scale02_strerr_y1_y3,x2,x7,0.167,0.005058339393264125,True,True,True
linear_obserr_scale02_strerr_y1_y3,x2,x8,0.117,-0.0031101005546586287,True,True,True
linear_obserr_scale02_strerr_y1_y3,x2,x9,0.185,-0.013959322434969041,True,True,True
linear_obserr_scale02_strerr_y1_y3,x2,x10,0.544,-0.006902637049433906,False,True,True
linear_obserr_scale02_strerr_y1_y3,x2,x11,0.53,-0.06565589233733563,False,True,True
linear_obserr_scale02_strerr_y1_y3,x2,x12,0.402,-0.04942480875590786,True,True,True
linear_obserr_scale02_strerr_y1_y3,x2,x13,0.055,0.0049830050718921515,True,True,True
linear_obserr_scale02_strerr_y1_y3,x2,x14,0.13,-0.057226899196302805,True,True,True
linear_obserr_scale02_strerr_y1_y3,x2,x15,0.05,-0.04828898175563757,True,True,True
linear_obserr_scale02_strerr_y1_y3,x2,x16,0.186,-0.02760167734523571,True,True,True
linear_obserr_scale02_strerr_y1_y3,x2,x17,0.314,-0.00667363522522865,True,True,True
linear_obserr_scale02_strerr_y1_y3,x2,x18,0.036,-0.048450041648899295,True,True,True
linear_obserr_scale02_strerr_y1_y3,x2,x19,0.347,-0.039395384908971036,True,True,True
linear_obserr_scale02_strerr_y1_y3,x3,x4,0.173,0.030715749341575654,True,True,True
linear_obserr_scale02_strerr_y1_y3,x3,x5,0.353,-0.007996534500685798,True,True,True
linear_obserr_scale02_strerr_y1_y3,x3,x6,0.74,0.03807845040501636,False,True,True
linear_obserr_scale02_strerr_y1_y3,x3,x7,0.309,-0.001027069505466369,True,True,True
linear_obserr_scale02_strerr_y1_y3,x3,x8,0.278,-0.027564512217455987,True,True,True
linear_obserr_scale02_strerr_y1_y3,x3,x9,0.365,-0.011892134544218877,True,True,True
linear_obserr_scale02_strerr_y1_y3,x3,x10,0.59,-0.01920105674230868,False,True,True
linear_obserr_scale02_strerr_y1_y3,x3,x11,0.631,-0.0016961837190485152,False,True,True
linear_obserr_scale02_strerr_y1_y3,x3,x12,0.303,-0.029398578277843108,True,True,True
linear_obserr_scale02_strerr_y1_y3,x3,x13,0.11,0.01574614791760025,True,True,True
linear_obserr_scale02_strerr_y1_y3,x3,x14,0.209,0.013058439307927421,True,True,True
linear_obserr_scale02_strerr_y1_y3,x3,x15,0.148,-0.010884211571839561,True,True,True
linear_obserr_scale02_strerr_y1_y3,x3,x16,0.251,0.0074593138943123355,True,True,True
linear_obserr_scale02_strerr_y1_y3,x3,x17,0.116,0.03764746239245731,True,True,True
linear_obserr_scale02_strerr_y1_y3,x3,x18,0.084,0.03440061515253309,True,True,True
linear_obserr_scale02_strerr_y1_y3,x3,x19,0.253,-0.02730437876030982,True,True,True
linear_obserr_scale02_strerr_y1_y3,x4,x5,0.232,-0.016655311980176404,True,True,True
linear_obserr_scale02_strerr_y1_y3,x4,x6,0.818,0.07403408606899639,False,True,True
linear_obserr_scale02_strerr_y1_y3,x4,x7,0.065,-0.001805526370957437,True,True,True
linear_obserr_scale02_strerr_y1_y3,x4,x8,0.458,0.08012461086937606,True,True,True
linear_obserr_scale02_strerr_y1_y3,x4,x9,0.544,-0.021458536682234942,False,True,True
linear_obserr_scale02_strerr_y1_y3,x4,x10,0.655,0.03418982354040249,False,True,True
linear_obserr_scale02_strerr_y1_y3,x4,x11,0.713,0.05843229500023825,False,True,True
linear_obserr_scale02_strerr_y1_y3,x4,x12,0.4,0.04547722018493976,True,True,True
linear_obserr_scale02_strerr_y1_y3,x4,x13,0.172,0.03362710244211726,True,True,True
linear_obserr_scale02_strerr_y1_y3,x4,x14,0.447,0.02240717734255782,True,True,True
linear_obserr_scale02_strerr_y1_y3,x4,x15,0.148,-0.0006383013893978795,True,True,True
linear_obserr_scale02_strerr_y1_y3,x4,x16,0.518,-0.015434891820507921,False,True,True
linear_obserr_scale02_strerr_y1_y3,x4,x17,0.424,-0.012671018863620554,True,True,True
linear_obserr_scale02_strerr_y1_y3,x4,x18,0.072,0.04281190511311495,True,True,True
linear_obserr_scale02_strerr_y1_y3,x4,x19,0.555,0.057861946025589014,False,True,True
linear_obserr_scale02_strerr_y1_y3,x5,x6,0.822,0.028111716408736206,False,True,True
linear_obserr_scale02_strerr_y1_y3,x5,x7,0.137,-0.02571031377974142,True,True,True
linear_obserr_scale02_strerr_y1_y3,x5,x8,0.018,-0.013683418531057694,True,True,True
linear_obserr_scale02_strerr_y1_y3,x5,x9,0.219,0.03865718757883688,True,True,True
linear_obserr_scale02_strerr_y1_y3,x5,x10,0.745,-0.006072698171693324,False,True,True
linear_obserr_scale02_strerr_y1_y3,x5,x11,0.784,-0.012172270594899661,False,True,True
linear_obserr_scale02_strerr_y1_y3,x5,x12,0.505,-0.018065659684496773,False,True,True
linear_obserr_scale02_strerr_y1_y3,x5,x13,0.079,-0.04601145657741844,True,True,True
linear_obserr_scale02_strerr_y1_y3,x5,x14,0.334,0.013564081329159344,True,True,True
linear_obserr_scale02_strerr_y1_y3,x5,x15,0.115,-0.019853368165189896,True,True,True
linear_obserr_scale02_strerr_y1_y3,x5,x16,0.116,-0.007008179096973464,True,True,True
linear_obserr_scale02_strerr_y1_y3,x5,x17,0.49,0.011538853562446503,True,True,True
linear_obserr_scale02_strerr_y1_y3,x5,x18,0.282,0.04246554560141021,True,True,True
linear_obserr_scale02_strerr_y1_y3,x5,x19,0.221,-0.021872275870653674,True,True,True
linear_obserr_scale02_strerr_y1_y3,x6,x7,0.728,-0.03370832073150644,False,True,True
linear_obserr_scale02_strerr_y1_y3,x6,x8,0.763,0.026000882368022647,False,True,True
linear_obserr_scale02_strerr_y1_y3,x6,x9,0.773,0.03272095333513892,False,True,True
linear_obserr_scale02_strerr_y1_y3,x6,x10,0.874,0.0500320886409271,False,True,True
linear_obserr_scale02_strerr_y1_y3,x6,x11,0.949,0.002361814737918864,False,False,True
linear_obserr_scale02_strerr_y1_y3,x6,x12,0.884,0.019396826572725602,False,True,True
linear_obserr_scale02_strerr_y1_y3,x6,x13,0.678,0.08866213715025685,False,True,True
linear_obserr_scale02_strerr_y1_y3,x6,x14,0.73,0.027824320298006966,False,True,True
linear_obserr_scale02_strerr_y1_y3,x6,x15,0.746,0.010402160694031312,False,True,True
linear_obserr_scale02_strerr_y1_y3,x6,x16,0.841,-0.017142020007308523,False,True,True
linear_obserr_scale02_strerr_y1_y3,x6,x17,0.755,0.0114709054495195,False,True,True
linear_obserr_scale02_strerr_y1_y3,x6,x18,0.52,0.0231665792732263,False,True,True
linear_obserr_scale02_strerr_y1_y3,x6,x19,0.797,0.005596824023148189,False,True,True
linear_obserr_scale02_strerr_y1_y3,x7,x8,0.334,-0.02676604049917444,True,True,True
linear_obserr_scale02_strerr_y1_y3,x7,x9,0.47,0.019244705223784974,True,True,True
linear_obserr_scale02_strerr_y1_y3,x7,x10,0.634,-0.02259943659565938,False,True,True
linear_obserr_scale02_strerr_y1_y3,x7,x11,0.602,0.010015863589364878,False,True,True
linear_obserr_scale02_strerr_y1_y3,x7,x12,0.568,-0.12500068469702688,False,True,True
linear_obserr_scale02_strerr_y1_y3,x7,x13,0.059,0.03339478334813295,True,True,True
linear_obserr_scale02_strerr_y1_y3,x7,x14,0.525,0.1797025711114469,False,True,True
linear_obserr_scale02_strerr_y1_y3,x7,x15,0.316,-0.03331055266450172,True,True,True
linear_obserr_scale02_strerr_y1_y3,x7,x16,0.212,-0.013115485633935126,True,True,True
linear_obserr_scale02_strerr_y1_y3,x7,x17,0.278,-0.014850593688382022,True,True,True
linear_obserr_scale02_strerr_y1_y3,x7,x18,0.097,0.019468560851642384,True,True,True
linear_obserr_scale02_strerr_y1_y3,x7,x19,0.49,0.04143836723920042,True,True,True
linear_obserr_scale02_strerr_y1_y3,x8,x9,0.198,0.0274718323708994,True,True,True
linear_obserr_scale02_strerr_y1_y3,x8,x10,0.668,-0.009509788576480322,False,True,True
linear_obserr_scale02_strerr_y1_y3,x8,x11,0.706,-0.003661586779998465,False,True,True
linear_obserr_scale02_strerr_y1_y3,x8,x12,0.52,-0.014097444408006848,False,True,True
linear_obserr_scale02_strerr_y1_y3,x8,x13,0.143,-0.005392285411572783,True,True,True
linear_obserr_scale02_strerr_y1_y3,x8,x14,0.202,-0.026646176205477237,True,True,True
linear_obserr_scale02_strerr_y1_y3,x8,x15,0.187,0.034187070024222076,True,True,True
linear_obserr_scale02_strerr_y1_y3,x8,x16,0.27,0.040521654408749275,True,True,True
linear_obserr_scale02_strerr_y1_y3,x8,x17,0.593,0.2459252983018926,False,True,True
linear_obserr_scale02_strerr_y1_y3,x8,x18,0.12,0.03181198876034353,True,True,True
linear_obserr_scale02_strerr_y1_y3,x8,x19,0.226,0.03503374423691694,True,True,True
linear_obserr_scale02_strerr_y1_y3,x9,x10,0.786,-0.005770317126720248,False,True,True
linear_obserr_scale02_strerr_y1_y3,x9,x11,0.856,0.006288658156011276,False,True,True
linear_obserr_scale02_strerr_y1_y3,x9,x12,0.546,-0.02916575384129927,False,True,True
linear_obserr_scale02_strerr_y1_y3,x9,x13,0.155,-0.05786175867912536,True,True,True
linear_obserr_scale02_strerr_y1_y3,x9,x14,0.011,0.023801496268295703,True,True,True
linear_obserr_scale02_strerr_y1_y3,x9,x15,0.246,0.00220245994917399,True,True,True
linear_obserr_scale02_strerr_y1_y3,x9,x16,0.372,-0.007650342588472702,True,True,True
linear_obserr_scale02_strerr_y1_y3,x9,x17,0.576,0.0011554230481302498,False,True,True
linear_obserr_scale02_strerr_y1_y3,x9,x18,0.253,-0.023799300980129206,True,True,True
linear_obserr_scale02_strerr_y1_y3,x9,x19,0.381,-0.023407619147750733,True,True,True
linear_obserr_scale02_strerr_y1_y3,x10,x11,0.858,-0.03493079425451147,False,True,True
linear_obserr_scale02_strerr_y1_y3,x10,x12,0.75,-0.012115138861381278,False,True,True
linear_obserr_scale02_strerr_y1_y3,x10,x13,0.502,0.4226540549308995,False,True,True
linear_obserr_scale02_strerr_y1_y3,x10,x14,0.731,-0.00977622626616845,False,True,True
linear_obserr_scale02_strerr_y1_y3,x10,x15,0.703,0.007675978654986985,False,True,True
linear_obserr_scale02_strerr_y1_y3,x10,x16,0.759,-0.006388953549358732,False,True,True
linear_obserr_scale02_strerr_y1_y3,x10,x17,0.73,0.0019554497128014825,False,True,True
linear_obserr_scale02_strerr_y1_y3,x10,x18,0.611,0.359707014723784,False,True,True
linear_obserr_scale02_strerr_y1_y3,x10,x19,0.775,0.0008376664159753159,False,True,True
linear_obserr_scale02_strerr_y1_y3,x11,x12,0.786,-0.008099363085189777,False,True,True
linear_obserr_scale02_strerr_y1_y3,x11,x13,0.63,0.027451855687892355,False,True,True
linear_obserr_scale02_strerr_y1_y3,x11,x14,0.714,-0.03246746850590508,False,True,True
linear_obserr_scale02_strerr_y1_y3,x11,x15,0.619,-0.038674763059288735,False,True,True
linear_obserr_scale02_strerr_y1_y3,x11,x16,0.76,0.02463763184792442,False,True,True
linear_obserr_scale02_strerr_y1_y3,x11,x17,0.779,0.020274031844477666,False,True,True
linear_obserr_scale02_strerr_y1_y3,x11,x18,0.543,0.03095353412324794,False,True,True
linear_obserr_scale02_strerr_y1_y3,x11,x19,0.82,0.029090914954483703,False,True,True
linear_obserr_scale02_strerr_y1_y3,x12,x13,0.228,-0.06351409523407271,True,True,True
linear_obserr_scale02_strerr_y1_y3,x12,x14,0.611,0.05632024847626275,False,True,True
linear_obserr_scale02_strerr_y1_y3,x12,x15,0.393,0.0005202481154871787,True,True,True
linear_obserr_scale02_strerr_y1_y3,x12,x16,0.431,-0.002605812452253573,True,True,True
linear_obserr_scale02_strerr_y1_y3,x12,x17,0.58,-0.038052114608599266,False,True,True
linear_obserr_scale02_strerr_y1_y3,x12,x18,0.359,-0.05620932244147528,True,True,True
linear_obserr_scale02_strerr_y1_y3,x12,x19,0.678,-0.016524279291846047,False,True,True
linear_obserr_scale02_strerr_y1_y3,x13,x14,0.275,-0.05642717455684933,True,True,True
linear_obserr_scale02_strerr_y1_y3,x13,x15,0.15,0.003195867414982711,True,True,True
linear_obserr_scale02_strerr_y1_y3,x13,x16,0.214,-0.013766070015442954,True,True,True
linear_obserr_scale02_strerr_y1_y3,x13,x17,0.328,0.000725086891420056,True,True,True
linear_obserr_scale02_strerr_y1_y3,x13,x18,0.067,0.12122405888529728,True,True,True
linear_obserr_scale02_strerr_y1_y3,x13,x19,0.407,0.023838857690491447,True,True,True
linear_obserr_scale02_strerr_y1_y3,x14,x15,0.31,0.003253835548893333,True,True,True
linear_obserr_scale02_strerr_y1_y3,x14,x16,0.41,0.03337742628764297,True,True,True
linear_obserr_scale02_strerr_y1_y3,x14,x17,0.517,0.010619541389552203,False,True,True
linear_obserr_scale02_strerr_y1_y3,x14,x18,0.259,-0.01643516321377527,True,True,True
linear_obserr_scale02_strerr_y1_y3,x14,x19,0.429,-0.02537574763867401,True,True,True
linear_obserr_scale02_strerr_y1_y3,x15,x16,0.556,-0.17908415108888726,False,True,True
linear_obserr_scale02_strerr_y1_y3,x15,x17,0.555,0.05054539477805153,False,True,True
linear_obserr_scale02_strerr_y1_y3,x15,x18,0.062,0.023661506200122463,True,True,True
linear_obserr_scale02_strerr_y1_y3,x15,x19,0.116,-0.021684173044360894,True,True,True
linear_obserr_scale02_strerr_y1_y3,x16,x17,0.119,-0.0499719698269098,True,True,True
linear_obserr_scale02_strerr_y1_y3,x16,x18,0.144,0.06759661025395487,True,True,True
linear_obserr_scale02_strerr_y1_y3,x16,x19,0.304,-0.012166763553394487,True,True,True
linear_obserr_scale02_strerr_y1_y3,x17,x18,0.221,-0.001988442052071573,True,True,True
linear_obserr_scale02_strerr_y1_y3,x17,x19,0.471,0.002345284324073378,True,True,True
linear_obserr_scale02_strerr_y1_y3,x18,x19,0.372,-0.015169340799365817,True,True,True
linear_obserr_scale02_strerr_y20_y25_y29,x0,x1,0.536,-0.06268083446993403,False,True,True
linear_obserr_scale02_strerr_y20_y25_y29,x0,x2,0.027,-0.4161408206166074,True,True,True
linear_obserr_scale02_strerr_y20_y25_y29,x0,x3,0.136,0.1768800893679203,True,True,True
linear_obserr_scale02_strerr_y20_y25_y29,x0,x4,0.248,0.06704524315696149,True,True,True
linear_obserr_scale02_strerr_y20_y25_y29,x0,x5,0.252,0.014378366645832912,True,True,True
linear_obserr_scale02_strerr_y20_y25_y29,x0,x6,0.744,-0.039891665058294036,False,True,True
linear_obserr_scale02_strerr_y20_y25_y29,x0,x7,0.458,-0.030730369175693092,True,True,True
linear_obserr_scale02_strerr_y20_y25_y29,x0,x8,0.107,0.0004989694941434163,True,True,True
linear_obserr_scale02_strerr_y20_y25_y29,x0,x9,0.327,-0.0037808547435977218,True,True,True
linear_obserr_scale02_strerr_y20_y25_y29,x0,x10,0.604,0.03646743863291901,False,True,True
linear_obserr_scale02_strerr_y20_y25_y29,x0,x11,0.535,0.012765785758736452,False,True,True
linear_obserr_scale02_strerr_y20_y25_y29,x0,x12,0.452,-0.03201435781934437,True,True,True
linear_obserr_scale02_strerr_y20_y25_y29,x0,x13,0.142,0.002926763131996208,True,True,True
linear_obserr_scale02_strerr_y20_y25_y29,x0,x14,0.183,-0.01649258448873946,True,True,True
linear_obserr_scale02_strerr_y20_y25_y29,x0,x15,0.3,0.028044589500275025,True,True,True
linear_obserr_scale02_strerr_y20_y25_y29,x0,x16,0.388,0.07493218358304318,True,True,True
linear_obserr_scale02_strerr_y20_y25_y29,x0,x17,0.197,0.04796182388388774,True,True,True
linear_obserr_scale02_strerr_y20_y25_y29,x0,x18,0.037,-0.013245327115398527,True,True,True
linear_obserr_scale02_strerr_y20_y25_y29,x0,x19,0.192,-0.034029397152018415,True,True,True
linear_obserr_scale02_strerr_y20_y25_y29,x1,x2,0.144,-0.4965033494374984,True,True,True
linear_obserr_scale02_strerr_y20_y25_y29,x1,x3,0.053,0.22629069851173073,True,True,True
linear_obserr_scale02_strerr_y20_y25_y29,x1,x4,0.342,0.0987579724973581,True,True,True
linear_obserr_scale02_strerr_y20_y25_y29,x1,x5,0.426,-0.010735452375169655,True,True,True
linear_obserr_scale02_strerr_y20_y25_y29,x1,x6,0.733,0.046747113468717835,False,True,True
linear_obserr_scale02_strerr_y20_y25_y29,x1,x7,0.589,0.008666304309948476,False,True,True
linear_obserr_scale02_strerr_y20_y25_y29,x1,x8,0.343,-0.036704044243104084,True,True,True
linear_obserr_scale02_strerr_y20_y25_y29,x1,x9,0.531,-0.039335908126739955,False,True,True
linear_obserr_scale02_strerr_y20_y25_y29,x1,x10,0.584,-0.009287070310318692,False,True,True
linear_obserr_scale02_strerr_y20_y25_y29,x1,x11,0.631,0.08816604629192669,False,True,True
linear_obserr_scale02_strerr_y20_y25_y29,x1,x12,0.518,0.01502702460152984,False,True,True
linear_obserr_scale02_strerr_y20_y25_y29,x1,x13,0.206,-0.02531151040876764,True,True,True
linear_obserr_scale02_strerr_y20_y25_y29,x1,x14,0.253,0.005598158470942532,True,True,True
linear_obserr_scale02_strerr_y20_y25_y29,x1,x15,0.457,-0.02388054021833709,True,True,True
linear_obserr_scale02_strerr_y20_y25_y29,x1,x16,0.258,-0.07719628913165705,True,True,True
linear_obserr_scale02_strerr_y20_y25_y29,x1,x17,0.421,0.016678476482820278,True,True,True
linear_obserr_scale02_strerr_y20_y25_y29,x1,x18,0.196,-0.017594527279259746,True,True,True
linear_obserr_scale02_strerr_y20_y25_y29,x1,x19,0.456,-0.04449684698803546,True,True,True
linear_obserr_scale02_strerr_y20_y25_y29,x2,x3,0.06,-0.44749151073325266,True,True,True
linear_obserr_scale02_strerr_y20_y25_y29,x2,x4,0.124,-0.22195448190910635,True,True,True
linear_obserr_scale02_strerr_y20_y25_y29,x2,x5,0.239,-0.004756219043610777,True,True,True
linear_obserr_scale02_strerr_y20_y25_y29,x2,x6,0.525,0.010876218356226906,False,True,True
linear_obserr_scale02_strerr_y20_y25_y29,x2,x7,0.292,0.06206062207094654,True,True,True
linear_obserr_scale02_strerr_y20_y25_y29,x2,x8,0.029,0.02647078451320048,True,True,True
linear_obserr_scale02_strerr_y20_y25_y29,x2,x9,0.272,0.021182483951394635,True,True,True
linear_obserr_scale02_strerr_y20_y25_y29,x2,x10,0.502,-0.03603233469280868,False,True,True
linear_obserr_scale02_strerr_y20_y25_y29,x2,x11,0.534,-0.06401764671819457,False,True,True
linear_obserr_scale02_strerr_y20_y25_y29,x2,x12,0.221,-0.04329601235904576,True,True,True
linear_obserr_scale02_strerr_y20_y25_y29,x2,x13,0.035,0.0059691442830325375,True,True,True
linear_obserr_scale02_strerr_y20_y25_y29,x2,x14,0.014,-0.021378966925892057,True,True,True
linear_obserr_scale02_strerr_y20_y25_y29,x2,x15,0.229,0.007514490505338146,True,True,True
linear_obserr_scale02_strerr_y20_y25_y29,x2,x16,0.048,-0.011436732213207566,True,True,True
linear_obserr_scale02_strerr_y20_y25_y29,x2,x17,0.166,-0.015683044188950553,True,True,True
linear_obserr_scale02_strerr_y20_y25_y29,x2,x18,0.0,0.013508905413418917,True,True,True
linear_obserr_scale02_strerr_y20_y25_y29,x2,x19,0.212,0.03968925637878029,True,True,True
linear_obserr_scale02_strerr_y20_y25_y29,x3,x4,0.221,0.03245093959220776,True,True,True
linear_obserr_scale02_strerr_y20_y25_y29,x3,x5,0.148,-0.014064001196936175,True,True,True
linear_obserr_scale02_strerr_y20_y25_y29,x3,x6,0.666,-0.021380578098619363,False,True,True
linear_obserr_scale02_strerr_y20_y25_y29,x3,x7,0.473,-0.06848789912309533,True,True,True
linear_obserr_scale02_strerr_y20_y25_y29,x3,x8,0.125,0.02116547584283899,True,True,True
linear_obserr_scale02_strerr_y20_y25_y29,x3,x9,0.138,0.053849257939701925,True,True,True
linear_obserr_scale02_strerr_y20_y25_y29,x3,x10,0.575,-0.022102241458392964,False,True,True
linear_obserr_scale02_strerr_y20_y25_y29,x3,x11,0.617,0.001944396647286134,False,True,True
linear_obserr_scale02_strerr_y20_y25_y29,x3,x12,0.429,0.05166351898175842,True,True,True
linear_obserr_scale02_strerr_y20_y25_y29,x3,x13,0.103,-0.0066286377549945215,True,True,True
linear_obserr_scale02_strerr_y20_y25_y29,x3,x14,0.148,-0.010638638014929005,True,True,True
linear_obserr_scale02_strerr_y20_y25_y29,x3,x15,0.237,-0.06183843672950774,True,True,True
linear_obserr_scale02_strerr_y20_y25_y29,x3,x16,0.256,0.026307233698711747,True,True,True
linear_obserr_scale02_strerr_y20_y25_y29,x3,x17,0.129,-0.026291831483318425,True,True,True
linear_obserr_scale02_strerr_y20_y25_y29,x3,x18,0.039,-0.002039164523607069,True,True,True
linear_obserr_scale02_strerr_y20_y25_y29,x3,x19,0.098,-0.009159016083243566,True,True,True
linear_obserr_scale02_strerr_y20_y25_y29,x4,x5,0.487,-0.005518901562231988,True,True,True
linear_obserr_scale02_strerr_y20_y25_y29,x4,x6,0.835,-0.029872390311618327,False,True,True
linear_obserr_scale02_strerr_y20_y25_y29,x4,x7,0.577,-0.017185182254574456,False,True,True
linear_obserr_scale02_strerr_y20_y25_y29,x4,x8,0.298,-0.02760195109730538,True,True,True
linear_obserr_scale02_strerr_y20_y25_y29,x4,x9,0.585,-0.015585030460108932,False,True,True
linear_obserr_scale02_strerr_y20_y25_y29,x4,x10,0.718,0.010305485740088976,False,True,True
linear_obserr_scale02_strerr_y20_y25_y29,x4,x11,0.863,-0.05311986180388966,False,True,True
linear_obserr_scale02_strerr_y20_y25_y29,x4,x12,0.628,0.0013293750989237078,False,True,True
linear_obserr_scale02_strerr_y20_y25_y29,x4,x13,0.255,-0.027628993264255088,True,True,True
linear_obserr_scale02_strerr_y20_y25_y29,x4,x14,0.166,-0.014747911091304954,True,True,True
linear_obserr_scale02_strerr_y20_y25_y29,x4,x15,0.564,-0.012200937285850118,False,True,True
linear_obserr_scale02_strerr_y20_y25_y29,x4,x16,0.326,0.005809148726638448,True,True,True
linear_obserr_scale02_strerr_y20_y25_y29,x4,x17,0.446,-0.03824411576216491,True,True,True
linear_obserr_scale02_strerr_y20_y25_y29,x4,x18,0.031,0.0668602510663434,True,True,True
linear_obserr_scale02_strerr_y20_y25_y29,x4,x19,0.249,-0.006958326676677427,True,True,True
linear_obserr_scale02_strerr_y20_y25_y29,x5,x6,0.844,-0.002588287779382217,False,True,True
linear_obserr_scale02_strerr_y20_y25_y29,x5,x7,0.588,0.02938088537800516,False,True,True
linear_obserr_scale02_strerr_y20_y25_y29,x5,x8,0.225,0.037200589614282104,True,True,True
linear_obserr_scale02_strerr_y20_y25_y29,x5,x9,0.603,-0.014307014829081635,False,True,True
linear_obserr_scale02_strerr_y20_y25_y29,x5,x10,0.742,0.02726627153782786,False,True,True
linear_obserr_scale02_strerr_y20_y25_y29,x5,x11,0.693,0.003938286265116829,False,True,True
linear_obserr_scale02_strerr_y20_y25_y29,x5,x12,0.574,0.015000156802331242,False,True,True
linear_obserr_scale02_strerr_y20_y25_y29,x5,x13,0.27,0.012300457970651374,True,True,True
linear_obserr_scale02_strerr_y20_y25_y29,x5,x14,0.158,-0.01509679950727201,True,True,True
linear_obserr_scale02_strerr_y20_y25_y29,x5,x15,0.556,0.0020874872794284993,False,True,True
linear_obserr_scale02_strerr_y20_y25_y29,x5,x16,0.41,-0.029207779220641612,True,True,True
linear_obserr_scale02_strerr_y20_y25_y29,x5,x17,0.476,-0.002058555052960985,True,True,True
linear_obserr_scale02_strerr_y20_y25_y29,x5,x18,0.222,0.02887489741184952,True,True,True
linear_obserr_scale02_strerr_y20_y25_y29,x5,x19,0.653,0.034261652582814967,False,True,True
linear_obserr_scale02_strerr_y20_y25_y29,x6,x7,0.874,0.004060384322897598,False,True,True
linear_obserr_scale02_strerr_y20_y25_y29,x6,x8,0.751,-0.01949411196730897,False,True,True
linear_obserr_scale02_strerr_y20_y25_y29,x6,x9,0.828,-0.06709939527730836,False,True,True
linear_obserr_scale02_strerr_y20_y25_y29,x6,x10,0.84,-0.025971529023356987,False,True,True
linear_obserr_scale02_strerr_y20_y25_y29,x6,x11,0.969,0.03557472158311916,False,False,False
linear_obserr_scale02_strerr_y20_y25_y29,x6,x12,0.939,0.023405245001563057,False,False,True
linear_obserr_scale02_strerr_y20_y25_y29,x6,x13,0.682,-0.041900448363364415,False,True,True
linear_obserr_scale02_strerr_y20_y25_y29,x6,x14,0.598,-0.033776715883059076,False,True,True
linear_obserr_scale02_strerr_y20_y25_y29,x6,x15,0.829,-0.021518305116379276,False,True,True
linear_obserr_scale02_strerr_y20_y25_y29,x6,x16,0.768,-0.01628521368657297,False,True,True
linear_obserr_scale02_strerr_y20_y25_y29,x6,x17,0.753,-0.03683131603606929,False,True,True
linear_obserr_scale02_strerr_y20_y25_y29,x6,x18,0.656,0.008978479122838993,False,True,True
linear_obserr_scale02_strerr_y20_y25_y29,x6,x19,0.859,0.01518154543309086,False,True,True
linear_obserr_scale02_strerr_y20_y25_y29,x7,x8,0.62,0.04550167600281893,False,True,True
linear_obserr_scale02_strerr_y20_y25_y29,x7,x9,0.68,-0.0016286218916367794,False,True,True
linear_obserr_scale02_strerr_y20_y25_y29,x7,x10,0.792,0.00600495614413231,False,True,True
linear_obserr_scale02_strerr_y20_y25_y29,x7,x11,0.858,0.004403984874804068,False,True,True
linear_obserr_scale02_strerr_y20_y25_y29,x7,x12,0.805,0.020765007089871838,False,True,True
linear_obserr_scale02_strerr_y20_y25_y29,x7,x13,0.36,0.030869818594632416,True,True,True
linear_obserr_scale02_strerr_y20_y25_y29,x7,x14,0.124,0.3663611559237746,True,True,True
linear_obserr_scale02_strerr_y20_y25_y29,x7,x15,0.717,-0.01088883975309273,False,True,True
linear_obserr_scale02_strerr_y20_y25_y29,x7,x16,0.572,-0.031514436708505844,False,True,True
linear_obserr_scale02_strerr_y20_y25_y29,x7,x17,0.651,0.04573267012054508,False,True,True
linear_obserr_scale02_strerr_y20_y25_y29,x7,x18,0.375,0.044455477695520655,True,True,True
linear_obserr_scale02_strerr_y20_y25_y29,x7,x19,0.541,-0.042707423310598715,False,True,True
linear_obserr_scale02_strerr_y20_y25_y29,x8,x9,0.431,-0.001805027686754016,True,True,True
linear_obserr_scale02_strerr_y20_y25_y29,x8,x10,0.604,0.05228349575617656,False,True,True
linear_obserr_scale02_strerr_y20_y25_y29,x8,x11,0.599,0.02041750357061856,False,True,True
linear_obserr_scale02_strerr_y20_y25_y29,x8,x12,0.558,-0.028101242997623233,False,True,True
linear_obserr_scale02_strerr_y20_y25_y29,x8,x13,0.109,0.09048802523020773,True,True,True
linear_obserr_scale02_strerr_y20_y25_y29,x8,x14,0.117,0.05009735558036639,True,True,True
linear_obserr_scale02_strerr_y20_y25_y29,x8,x15,0.206,-0.03261090285198451,True,True,True
linear_obserr_scale02_strerr_y20_y25_y29,x8,x16,0.325,0.04903518041886276,True,True,True
linear_obserr_scale02_strerr_y20_y25_y29,x8,x17,0.418,0.3116024729000798,True,True,True
linear_obserr_scale02_strerr_y20_y25_y29,x8,x18,0.061,-0.010376341686292088,True,True,True
linear_obserr_scale02_strerr_y20_y25_y29,x8,x19,0.114,-0.013595892620549404,True,True,True
linear_obserr_scale02_strerr_y20_y25_y29,x9,x10,0.701,0.025661663403525572,False,True,True
linear_obserr_scale02_strerr_y20_y25_y29,x9,x11,0.779,-0.0424658319286284,False,True,True
linear_obserr_scale02_strerr_y20_y25_y29,x9,x12,0.699,0.02046633014713435,False,True,True
linear_obserr_scale02_strerr_y20_y25_y29,x9,x13,0.363,-0.005274451220913024,True,True,True
linear_obserr_scale02_strerr_y20_y25_y29,x9,x14,0.202,0.05830750818118106,True,True,True
linear_obserr_scale02_strerr_y20_y25_y29,x9,x15,0.555,-0.017057603114489835,False,True,True
linear_obserr_scale02_strerr_y20_y25_y29,x9,x16,0.366,-0.03310730154301827,True,True,True
linear_obserr_scale02_strerr_y20_y25_y29,x9,x17,0.509,-0.04280015267316932,False,True,True
linear_obserr_scale02_strerr_y20_y25_y29,x9,x18,0.234,0.028034323644491363,True,True,True
linear_obserr_scale02_strerr_y20_y25_y29,x9,x19,0.669,-0.0050196323482129285,False,True,True
linear_obserr_scale02_strerr_y20_y25_y29,x10,x11,0.824,-0.016471426259038777,False,True,True
linear_obserr_scale02_strerr_y20_y25_y29,x10,x12,0.767,-0.012473090819675998,False,True,True
linear_obserr_scale02_strerr_y20_y25_y29,x10,x13,0.497,0.42516979731560134,True,True,True
linear_obserr_scale02_strerr_y20_y25_y29,x10,x14,0.536,0.0027162692353268096,False,True,True
linear_obserr_scale02_strerr_y20_y25_y29,x10,x15,0.731,-0.009878160491171567,False,True,True
linear_obserr_scale02_strerr_y20_y25_y29,x10,x16,0.673,0.04857818263842785,False,True,True
linear_obserr_scale02_strerr_y20_y25_y29,x10,x17,0.722,0.0054010397667271955,False,True,True
linear_obserr_scale02_strerr_y20_y25_y29,x10,x18,0.653,0.34197630843504273,False,True,True
linear_obserr_scale02_strerr_y20_y25_y29,x10,x19,0.748,0.014598812805220863,False,True,True
linear_obserr_scale02_strerr_y20_y25_y29,x11,x12,0.828,-0.03874678079518398,False,True,True
linear_obserr_scale02_strerr_y20_y25_y29,x11,x13,0.537,-0.04116762433134214,False,True,True
linear_obserr_scale02_strerr_y20_y25_y29,x11,x14,0.472,-0.0021511748536485508,True,True,True
linear_obserr_scale02_strerr_y20_y25_y29,x11,x15,0.756,-0.027820591441333215,False,True,True
linear_obserr_scale02_strerr_y20_y25_y29,x11,x16,0.736,0.013141989270432784,False,True,True
linear_obserr_scale02_strerr_y20_y25_y29,x11,x17,0.718,0.02127121850214435,False,True,True
linear_obserr_scale02_strerr_y20_y25_y29,x11,x18,0.551,-0.03812299667097074,False,True,True
linear_obserr_scale02_strerr_y20_y25_y29,x11,x19,0.775,-0.025731810972613817,False,True,True
linear_obserr_scale02_strerr_y20_y25_y29,x12,x13,0.35,-0.029966460388474413,True,True,True
linear_obserr_scale02_strerr_y20_y25_y29,x12,x14,0.687,0.12633227586950938,False,True,True
linear_obserr_scale02_strerr_y20_y25_y29,x12,x15,0.53,-0.0193656298033712,False,True,True
linear_obserr_scale02_strerr_y20_y25_y29,x12,x16,0.422,-0.018810422271726347,True,True,True
linear_obserr_scale02_strerr_y20_y25_y29,x12,x17,0.733,-0.044785868077205304,False,True,True
linear_obserr_scale02_strerr_y20_y25_y29,x12,x18,0.393,-0.000964213678354074,True,True,True
linear_obserr_scale02_strerr_y20_y25_y29,x12,x19,0.676,-0.0013835928913608717,False,True,True
linear_obserr_scale02_strerr_y20_y25_y29,x13,x14,0.187,0.055308198247881434,True,True,True
linear_obserr_scale02_strerr_y20_y25_y29,x13,x15,0.295,-0.004860855782212471,True,True,True
linear_obserr_scale02_strerr_y20_y25_y29,x13,x16,0.241,0.05137466492429023,True,True,True
linear_obserr_scale02_strerr_y20_y25_y29,x13,x17,0.216,0.00033268062436873956,True,True,True
linear_obserr_scale02_strerr_y20_y25_y29,x13,x18,0.033,0.1138542767497277,True,True,True
linear_obserr_scale02_strerr_y20_y25_y29,x13,x19,0.134,-0.008013440152956148,True,True,True
linear_obserr_scale02_strerr_y20_y25_y29,x14,x15,0.229,-0.01943422645867638,True,True,True
linear_obserr_scale02_strerr_y20_y25_y29,x14,x16,0.136,0.019284229380056486,True,True,True
linear_obserr_scale02_strerr_y20_y25_y29,x14,x17,0.241,0.013460415337156811,True,True,True
linear_obserr_scale02_strerr_y20_y25_y29,x14,x18,0.107,0.004830302783238868,True,True,True
linear_obserr_scale02_strerr_y20_y25_y29,x14,x19,0.266,-0.015063476974260984,True,True,True
linear_obserr_scale02_strerr_y20_y25_y29,x15,x16,0.211,-0.28306223725991086,True,True,True
linear_obserr_scale02_strerr_y20_y25_y29,x15,x17,0.482,-0.041185544853044626,True,True,True
linear_obserr_scale02_strerr_y20_y25_y29,x15,x18,0.198,-0.004533627836153012,True,True,True
linear_obserr_scale02_strerr_y20_y25_y29,x15,x19,0.449,-0.006119924563635,True,True,True
linear_obserr_scale02_strerr_y20_y25_y29,x16,x17,0.405,0.038366736909216825,True,True,True
linear_obserr_scale02_strerr_y20_y25_y29,x16,x18,0.248,0.002715116784232961,True,True,True
linear_obserr_scale02_strerr_y20_y25_y29,x16,x19,0.29,-0.011723229882840658,True,True,True
linear_obserr_scale02_strerr_y20_y25_y29,x17,x18,0.263,0.05267393517455448,True,True,True
linear_obserr_scale02_strerr_y20_y25_y29,x17,x19,0.536,-0.05081298429843967,False,True,True
linear_obserr_scale02_strerr_y20_y25_y29,x18,x19,0.293,-0.0007898429268117197,True,True,True
