,x0,x1,x2,x3,x4,x5,x6,x7,x8,x9,x10,x11,x12,x13,x14,x15,x16,x17,x18,x19
0,0.36994421149257006,-0.9112002821775316,0.8872337230663423,0.6829016230708379,0.2369694135418453,-0.46249357094161225,0.14759987567600308,-0.5816139671566458,-0.6833095787920165,0.34568697406171445,-0.37050096494681806,0.30650912059221413,-0.20882311323565395,0.36579277893207196,-0.7740988132322504,-0.17797266055743377,-0.4123795265943304,-0.5941327031297079,0.43007240079477693,0.8256825053451387
1,0.13595707240179522,-0.5935599413191304,0.7620414745633608,0.5901935774264638,0.5100951366913674,-0.40231671939989055,0.4847387026861423,0.16946489214503935,-0.37311320241778123,-0.7828956758285848,-0.8603962965987271,0.7667714292994658,-0.19714736848894387,0.3382111617532967,-0.6802953416079608,-0.42765245582026756,-0.6440503696506804,0.38771460968938787,0.21803622168647618,-0.9153465193815555
2,0.3260150333909436,-0.7527010598964435,0.2420504218844337,0.3118198322370681,-0.41509463325673657,-0.8861060847026672,0.3734585508226156,-0.1441517187002752,-0.5696834498485683,-0.037112315666894435,0.419083228477267,0.10387399118730611,-0.05985431090291293,0.7593509285473466,-0.4706927211815469,0.5664858788094134,0.14558348422473177,-0.20849214858288234,0.1339341752892993,0.4969821485354269
3,0.26395941603306616,-0.6617515809746033,0.5427172223495511,0.37061514302232823,-0.2616808760005397,-0.9538813448035435,0.13280399953450162,0.6224900553032112,0.8193394376464341,0.16367404416896358,0.7046782712279449,-0.30676742884576935,0.7600257151639489,0.5619468812922893,-0.940915713542729,0.3068480678032064,0.04237475514292799,-0.16986339476873158,-0.38939527080202263,0.8588370974546546
4,0.3161334089552311,-0.6495009222552341,0.3739391283436071,0.18650495150443736,-0.4690683795701397,-0.7274337142426321,0.28226190836590015,-0.00486788535023952,0.34873736543768563,0.1841376544541996,0.15696185618435488,0.17253596741783594,0.3863986739661047,0.5723359520676757,-0.8739311543053375,0.5789984998530968,0.18930086731612217,0.07696233259515572,-0.29633763085670284,-0.9463359261300897
5,0.3148980164580938,-0.8519078167211218,0.2570232637878702,0.40347293981558197,-0.2861822856782672,-0.9317011069271631,0.16895872879138985,-0.6748558158175101,-0.02337844658378041,0.7629532428214613,-0.5104437134453568,0.7286015937609374,0.6174987839163675,0.5839008932648403,-0.8337722574225745,0.7788404433651561,-0.09504351159380642,-0.484506170461536,-0.8372352369451592,0.9184482135558587
6,0.3313403095958577,-0.7186914507327706,0.8698211543395915,0.66054365982888,0.23960777275495337,-0.8250018965643521,0.9516882854423321,0.4444924012236625,-0.7462509887625928,-0.5254264607113355,0.7365043657682961,-0.3934166681349194,-0.7425519662242759,0.5397208863437001,-0.5595467891612829,-0.6972579001313575,-0.29380072571722105,-0.1674475594315531,-0.04324591614105622,0.08742944255438023
7,-0.006615070440753601,-0.889926820754052,0.7984960670256993,0.7340428790806816,0.41160556815922555,-0.549176651537647,-0.055620187244194375,-0.5835865063519502,-0.2661946831727079,0.3082062186077684,0.6997730415004533,-0.027957501471586377,-0.3619613932604898,0.9612395237864645,-0.5210720219437742,0.7260304897756822,0.7152987279804556,-0.6777686244883241,-0.6388208554479002,-0.9091824625323427
8,-0.09861588069391825,-0.5617526407194263,0.7775228733748247,0.6368879022877635,0.2247623738934289,-0.6120734289017543,0.5503598338864026,-0.29746046079654087,-0.598054693055708,0.8735366464430078,-0.7985248246700326,-0.4573814212845474,-0.7928504428652289,0.9209457883069528,-0.9586168018110883,-0.9692720601945466,-0.7874551917929166,-0.7940060646059269,-0.8155202131561201,-0.7675371922303222
9,-0.04407539337794186,-0.8561584839796299,0.6852874252219636,0.5560506357864522,0.39294243251599126,-0.6841520809298725,-0.06477808628499937,-0.5379557901840888,0.07998334702767707,-0.06812651547089421,-0.5214209122600331,0.10755964184958655,-0.25482636599338016,0.9002640002517536,-0.8185509745037519,-0.7824803009207688,-0.8448487277520286,-0.16750685749541694,0.06814011482072191,-0.6839947405024707
10,0.1009016760120599,-0.9694328998597775,0.5044810029027209,0.4000121607995367,0.0568366795876315,-0.9338944257974068,0.07883415194520249,-0.2520667054660646,0.947996265251995,-0.19643350576300944,0.5626387511657533,0.7363309684184911,-0.9099943116695607,0.8952651404805848,-0.5571223137795605,-0.6655289806885933,0.3801537392404154,-0.20019214503438476,-0.8298710802071676,0.42970135672029897
11,0.33994506546120185,-0.8039562714901133,0.28835232088265417,0.20835006621602237,-0.0572384563240087,-0.8418197743360359,0.8774556954518571,0.21434808110730585,-0.8529987224060491,-0.3949863064204614,0.238057212092184,0.340936753812648,0.8204860440617894,0.7709466597048479,-0.33022491653543806,-0.17399390211269505,0.2688186343035389,-0.2580651671814458,-0.8265804788792803,-0.31274169746767777
12,0.24431351333629625,-0.6653427737752586,0.43775128087317294,0.3400214911973739,-0.4362279446570152,-0.5647074654061173,0.8695240286179371,0.9314255436246165,-0.9298548711391507,0.36897826345663287,-0.5702598706047022,0.5786947844065251,0.8933346839777576,0.9704004752557939,-0.683699760000203,0.8727580160964443,0.5656224267343656,-0.6026901393982418,-0.7898965267073979,-0.9042096041512865
13,0.34096479796899926,-0.8210628883857332,0.4147310615139317,0.38152952599844026,-0.1061708834470394,-0.9503798562150783,0.572776975591671,-0.8714103403544909,-0.521630868655069,0.9647638127866368,0.6124004945217933,-0.8435100711106714,-0.7453478222793383,0.7155208836094099,-0.1630030675427031,0.07270355805167839,0.035128972785871126,0.16942360147654767,0.4706734051943018,0.08664902271208175
14,0.25706713762115474,-0.89952873780317,0.5000316252621679,0.2813260242955594,-0.17943536209647393,-0.4031282233343526,0.22576268632695862,-0.3400817377189056,-0.017440900147505767,0.5366655194616367,-0.4980420654438333,-0.9879219581709937,-0.27629844902640666,0.7238481162837688,-0.7657129474913276,-0.8435787862970399,-0.7472843983590527,0.713156871814345,0.28717461399111577,0.8015549256671219
15,0.3870191774676016,-0.8371288157926375,0.3698789291353439,0.49214595394419003,0.3541090558722383,-0.7358521974936316,-0.09581663011558839,-0.9249503581866508,-0.4839436819694919,-0.6598263620915457,0.7425212320194061,0.8000834250551272,-0.6086719429731648,0.42576114678626353,-0.412152211241824,-0.07722989685338655,-0.6652704973225017,0.204794925668634,0.46311266802562323,0.23161817428626952
16,-0.03451313704683401,-0.8137874929083055,0.6717041614448138,0.6780778459190439,0.4525776304587451,-0.8814713053954228,-0.9924672659624725,0.8265320660356626,0.9410276667432808,0.33476125189794603,0.46820054804054645,-0.5992366896498429,0.41701355700471265,0.5039484674892002,-0.26516052620989095,0.8751313620710732,-0.06282093308434122,-0.30348808335832167,-0.2334267930381283,0.6068815277922441
17,0.23930312026882306,-0.6260522280208362,0.34238057289779866,0.3958688699706262,-0.5934070677831473,-0.928720545893702,0.19113060920098857,-0.4329371677980939,0.7652862441439628,0.4528172191440899,-0.8296162122042867,0.6808275217794177,0.1972498182279958,0.6679217865198911,-0.6683577080518369,-0.8323078967703976,0.12346457119332321,-0.24256668795737535,-0.35069664154253766,-0.5312389694274491
18,0.13592927730758098,-0.8659195128072221,0.5433223674112473,0.3743371233331455,-0.5694665028700073,-0.8227498410872685,0.035227850550596074,-0.43044688534738473,-0.5083124242986319,-0.7524535232098948,-0.020787252011105317,-0.07007747416307342,-0.3396921973497119,0.7679525604160012,-0.606308795431558,0.2460828640891839,-0.894920070340449,-0.8047249817593325,-0.16240614906574624,0.48122137132672793
19,0.3873229110735067,-0.6927799418590015,0.4236122816630683,0.18225780531960944,-0.2943151475561755,-0.6960255814888413,0.913153711362011,-0.16143896788474044,0.21359738138078177,0.7602396468054756,-0.21927463102522604,0.08973000171639067,0.252936178300714,0.3575841264800147,-0.7193488353833221,-0.128933736225194,-0.5439483167125296,0.291548317519026,-0.8640062181074601,0.1312718100044905
20,0.28045741001749624,-0.831660227393462,0.7600264646906005,0.5897498607468149,0.27056889865647615,-0.9780136735540751,-0.8485628789742875,0.2712956213109371,-0.737858228496433,-0.4955374048045679,0.6568010010733831,0.9054927959982424,-0.5853437483146446,0.3930414310021818,-0.13430380447454526,0.420611123837356,-0.2455108013486509,-0.6471382478732117,0.02609600068051443,0.9781668712750695
21,0.05291952387201959,-0.6877260693734114,0.6825426106999835,0.43114373620810176,-0.04977183216668091,-0.21270578428797604,-0.07580642307193897,-0.07198910461441255,-0.3167276276362532,0.6490682591790299,-0.03138624571308268,-0.4086980165879712,-0.1221933594971556,0.7713506539134999,-0.9738565849807401,-0.9431863409126181,-0.04382431353097682,0.3105172879281165,0.6443730451875358,0.12120617280910029
22,0.3891821216240966,-0.799106696790846,0.7749502061411966,0.5943491684840388,0.37625307783532314,-0.5146946768029831,-0.5134737674590661,-0.16476926467730457,0.251090597693684,-0.8151130759819367,0.8602749955163538,-0.008912175386520782,0.15414255404509514,0.7650312394544644,-0.6666347511988889,-0.6301751791738582,-0.787338233118418,0.334825489885357,-0.5684089950176389,-0.7299351265431362
23,0.40908685128847855,-0.9327236731444727,0.6123125606574973,0.5810133820605295,0.4017113595522165,-0.45697927119555815,0.7922168299434484,-0.5268204798285776,-0.5447373062339506,-0.07344996647656665,0.46425276966475915,-0.1989896085186551,0.20610829690317956,0.607885947584543,-0.7255110257498949,-0.6319874369287428,-0.2072623773398441,-0.04417303554295937,0.3939533848584036,0.8119083485295047
24,0.2307322331966567,-0.9005053713666009,0.3683065001340833,0.3886217341391768,-0.5058525522356555,-0.45495421639978073,0.32383578624716836,-0.36228289048577167,-0.3835329986028485,-0.23312394731536135,0.6056667892228549,-0.8606492894968625,0.9469808513312366,0.6250849542689901,-0.6284399533897502,-0.1617081511874009,-0.01039358787150435,0.0280447247020984,-0.9090786610334562,0.893070554347265
25,0.3932104938401809,-0.8601461671501806,0.3561198088700326,0.38193301933421153,0.19613438635605485,-0.45439395633262714,-0.6582993570797186,-0.9126854186808402,-0.5313436927937664,-0.9400644780625818,-0.2672695359458084,0.31884728280754704,-0.712126868391151,0.7517609343428479,-0.6157530533695292,-0.21923470512476761,-0.21745255360614135,-0.5383927830747162,0.6293381923679229,0.009183413678514274
26,0.29859029458015784,-0.9659204365218247,0.6364412328601219,0.47476356220610894,0.2257505873452731,-0.8761311775222226,-0.9826439945736244,0.575254359117623,-0.550035807721664,-0.3851745417566126,-0.4919068559011638,0.7997084425485916,0.8828121081454237,0.3890400718340573,-0.7142067220551194,0.6053621333610855,-0.22229650688968805,0.17510367463083465,-0.700714759232611,0.38500212947902734
27,0.3471947606934983,-0.7602636857641484,0.41073399517141285,0.4683193562996205,-0.09036871886371245,-0.5914720868352354,0.26067931925618604,-0.9613182605171826,-0.30003991237228966,0.6925455487545386,-0.014365315070306028,0.0426348257980238,0.7769192850416939,0.733832938714888,-0.38634990645926603,0.39209529067052507,-0.6246387181624043,-0.29199271867456433,-0.5145929126549346,-0.9799396954407625
28,0.3428597274522466,-0.9173786229992288,0.5648212791656577,0.4318599598550056,-0.05649314952193463,-0.9076869284250186,0.969274256679276,0.7887934807485578,-0.36936282492829264,-0.2957656394418876,0.23949881593761035,0.4112528129119748,0.9434382983242591,0.9119667322345121,-0.9497220324395681,0.38838314781832217,-0.41721001849490624,-0.47429890964388033,0.022002324265421258,-0.02971181316492688
29,0.21732355072913678,-0.7849183481712502,0.8047292284957017,0.6434420329998002,0.43869128079498776,-0.7800472857339262,-0.08381525941204726,0.23568352314511543,0.20696240344666517,-0.8119494649437049,0.8285929257248126,-0.8431568295483274,0.19220516430500312,0.9368744915669377,-0.6881584592571008,-0.9395368669593663,0.3150984862491807,-0.4567732526527917,-0.13668228356546142,-0.355068405904563
30,0.035996482211558045,-0.6435438546553928,0.5793659894378285,0.3886091795084129,-0.022190078473861674,-0.43448745788586307,0.9743204663761567,-0.030140497289859347,0.22077591313897071,-0.8559376973742495,0.5493517913273092,0.572162998619522,-0.07094671234061056,0.9462816509692072,-0.8604196613630415,-0.4413754925589245,0.757765285676811,-0.46187905039574895,-0.32260624356690404,0.01875356238666237
31,0.0980851795037937,-0.7107932998526034,0.8493055663853655,0.5832750539920061,0.09643858936832073,-0.6248937105060943,-0.031208931506675808,0.7973959544878367,0.7354881155796503,0.9019820977909635,-0.5284071628196538,-0.7177654585879818,0.19627473724814304,0.7195976616781584,-0.8373367286543769,0.6253278506619402,0.3802951897440031,-0.9117074986909306,-0.6932252267403949,0.5675523812217877
32,0.33530049032693154,-0.8739919888070748,0.7891448265182299,0.6053196908732087,0.2615278037079526,-0.8114217175802587,0.5486190131367403,-0.2942284030729184,0.4380249766413159,-0.0002538713839442819,-0.12468551341553402,0.9391820627505507,0.9538229974015819,0.8789068408218937,-0.8208803162250684,-0.04628443955741912,-0.35933262345351114,-0.030125895193462426,0.10648772269781226,0.9083542489619401
33,0.07669576960794078,-0.6391772094840928,0.6253095653229239,0.5928004084789152,-0.027860200390352086,-0.524507294042539,-0.7179166110325357,-0.6701935650186097,-0.8425912470005795,-0.3454456764074887,-0.7102973530056723,0.8929675189785737,-0.8104404183214335,0.911073946572667,-0.8615352763709063,-0.47709782142412316,-0.4738300625149897,-0.8673337322776254,0.1949099329737185,-0.49236884815756077
34,0.16156365573758025,-0.5824806514726,0.6392237373271337,0.4348322156266847,-0.40340435669112007,-0.4754405605406836,-0.7139860261684697,0.9674006889130596,0.6872644080551299,0.416385976885704,-0.8114941131887861,-0.09522388169823093,0.7145714820670104,0.8102911720768305,-0.7406393245477889,0.37332103850480003,-0.7659956029428658,-0.9022482129262399,-0.2663612211834121,0.3492997841038066
35,0.37682698248918645,-0.9514636367765286,0.5202069427910008,0.32929916221025335,-0.24418555615643656,-0.5356371173132966,0.28769640703566246,0.29763922897024264,-0.4605292515168211,0.9903034061654822,0.8818849224735266,-0.47151438131369894,-0.9572235728457188,0.49630609676282866,-0.5934835884829865,0.8230691927857512,-0.7238084120329056,-0.18655276217334082,-0.4039693014292032,0.9372871005890409
36,0.27821379674211355,-0.769781760795306,0.2637004767064808,0.3885815987383884,-0.3938460036985372,-0.901127371199649,0.5256718559116351,-0.6391585209811335,0.43225032636464433,-0.8638667901849284,0.7429605025379433,-0.8354180858103436,-0.959211617230397,0.8117451594067023,-0.08609988701912352,0.4353423460885981,-0.8059588410801536,-0.135287695846106,0.15866835554412706,-0.03245332805872392
37,0.3441966656594134,-0.8470825447964673,0.3905339354281083,0.33117740071932233,-0.1504520071301424,-0.7038488722585895,0.6336122516758949,-0.36485679280683614,-0.1874109658056199,-0.7105897141428381,-0.44189368094455506,-0.976234411492237,0.3648761453862124,0.9601368356392749,-0.7428703316880698,0.02122508984395921,0.34567108717288464,-0.9514569326389966,-0.11977830568161574,-0.8950674603274085
38,0.12131669614128227,-0.8658647448702654,0.4830390088361589,0.5016271921088465,-0.07052953832144249,-0.7032816481164768,0.35209195721137454,0.40446513311162813,-0.17292739153352477,0.8018243964554567,0.7807249079115106,0.7814039189066699,0.19348624044209406,0.9288105316827969,-0.5998432138130809,-0.10688454949435466,0.553616484391453,-0.294560891294546,0.02632794166042296,-0.7598019660947737
39,0.22126781485089475,-0.732693967637599,0.4281843045804803,0.21822303620483063,-0.037579648685542755,-0.6357483494641287,-0.41545559759546247,0.7624235104588654,-0.8923931044012542,-0.9718046767062654,0.4128129206012885,0.39975337923819376,-0.532648363479749,0.8638774974693374,-0.534892236514549,0.29505042452547214,-0.39421955937043274,-0.6760823774411119,0.04129448430486238,-0.961030446709107
40,0.08391850037702409,-0.7135519796465756,0.605679555507014,0.4805512688397314,0.2739065753980624,-0.3158140606740548,0.10122288711003957,-0.8254463384945282,-0.5741919867358354,0.639953276692342,-0.8324996532534334,-0.6946949493561982,0.13579276580884203,0.6624029840571827,-0.8902304556371461,0.28498875701227067,-0.569046668238197,0.8773276022635254,0.39593779427554443,0.9713532333688861
41,0.2153390574168833,-0.8151819993673136,0.3563227654637655,0.440044317798702,-0.0936077559438,-0.47051018310572323,-0.7573451505518477,-0.9741804822451956,0.806539286979748,-0.1435684732919087,-0.9626387873577481,0.2457518405987804,-0.8394282876963228,0.43656965777274526,-0.6814889152416823,0.19342676552410354,-0.36936616321297133,0.5474229993031782,-0.0035752234484816015,-0.33207935383222376
42,0.20210604570955015,-0.6982868433420231,0.38876955204329966,0.1657893956326234,-0.40190175308866194,-0.693676603831467,-0.8323776995830202,-0.7125966285895763,-0.011046373239463003,-0.9429996738989566,0.27192000250271664,-0.023872714730978628,0.837363547992785,0.9680816382745737,-0.32510858175801405,0.3640758341832131,0.032448205144835485,-0.48815602280158,-0.09561014406937651,0.5958909559454035
43,0.270135442778216,-0.8649219717358335,0.4243745262930818,0.33734630685721745,-0.48737734407737565,-0.9113609207045411,-0.20449266476213301,0.3922143739763583,-0.43017087424458034,0.48485656578649594,0.695060677225741,-0.7060789336867319,-0.14842788091621928,0.829064210659734,-0.01804232594790267,0.38904339425036016,-0.38668622507362094,-0.7213123971539559,0.5621276222307818,-0.7174139015055627
44,0.28034963424099113,-0.7861167312659526,0.4592434265038323,0.3190827049327244,-0.49717903743889436,-0.6109953238345645,-0.5654125227079898,-0.1898322620492301,-0.11338626169834498,0.5291075230752612,0.3196771061090997,0.49836046127186995,0.3128910935057121,0.8492046937173799,-0.37203513885370676,-0.18560009620732032,0.5474942064137972,-0.24386047347413609,-0.34646373950966947,-0.9979220063058747
45,0.2946719567367341,-0.8014391308884276,0.532589705279837,0.6480346381924321,0.4334288924962332,-0.6167714582835511,-0.27243361592390647,0.2098240808602173,-0.6286881973666478,0.9554850499661985,-0.18163864859528633,-0.9927812373415612,0.6018437311659068,0.37490579101146626,-0.7935286082084984,0.7886499636082898,-0.513094356174566,-0.9133067644456074,0.044689671410546916,-0.19466465920876885
46,0.38472691488818855,-0.8937517872187376,0.4339070647553267,0.378519276558137,-0.495835682856723,-0.641097225305183,0.6304424826496791,-0.11045925039235227,-0.8614823970537888,0.9368066360568147,-0.00875683550440709,0.2998379408724767,0.483064976134302,0.8550134493933178,-0.42894562867000996,0.6649926139845195,-0.752768165977989,-0.09517960475079912,0.23000970297146583,0.369083801488274
47,0.3694781816430849,-0.9166407818822654,0.2548129547790754,0.23924697230198066,-0.05989839821782805,-0.7231925390218756,-0.7625061254048823,-0.7291167767532951,-0.7914593779072355,0.3811381337009986,0.24663453840723792,0.47449435095102754,0.013793979921526311,0.7452267538633931,-0.9276769217174208,-0.931682063082858,0.3903382410166797,-0.05905401103300101,0.4354005478055101,0.3484022654484622
48,0.2820506186240971,-0.9280975706041523,0.49849006060938805,0.4479282916878554,-0.060404629211077254,-0.5056749435628465,0.5264326158093668,0.7585996031184333,-0.9114941059054891,0.758373029013372,-0.44097360107983885,-0.563831693677721,0.007065010390499449,0.6572013453324729,-0.8609732486067011,0.41341339153967427,-0.7267188181136734,-0.20446127718932527,-0.7387197359649409,-0.34106801646552765
49,0.3362401298387424,-0.6635215561294789,0.5164514849738402,0.5000729872421253,0.1131169294519131,-0.34458436654745783,0.4733765016683644,-0.8404697769411854,-0.5742829362179,0.7352300260212888,-0.12217715638185067,0.1884370649831466,0.4386556913259232,0.5215942103463388,-0.9781181293381592,-0.0810258038729017,-0.14756411346809495,0.19475727055180136,0.5095922859738062,0.9154651837616128
50,0.16626784925782723,-0.6574609245981573,0.4906289000334123,0.5477994885624281,0.11297756973344553,-0.4656592918027892,-0.7630339381143447,0.26365490735104646,-0.343313215617187,-0.5579277283603578,-0.4807571269949916,-0.9219919053945851,0.24965389136023775,0.3900089531426626,-0.6224789616721343,0.4723084083618272,-0.34626362173480785,-0.4369673228357802,-0.5062067606877045,0.024112861570809496
51,0.14984469438396475,-0.6563298167140188,0.4292037467675387,0.21251337278930083,-0.22096029476047496,-0.7018012538616614,0.973156232129613,-0.8029674405459972,-0.6335858516987916,0.5513276111867206,0.9077732657696262,0.7384598916491749,-0.33218131125072203,0.3057070046135638,-0.20041172129264762,0.7917593664666567,-0.8220908671425646,-0.2760508642930293,-0.025538840932682882,0.10044317584289342
52,0.17985837670884652,-0.9871579845570623,0.5447496805686993,0.4609253268583159,-0.010555808787979681,-0.5400660964117843,-0.8640656251930984,0.5367650139844097,0.811338196650378,-0.1225202718139835,0.06284261311542316,0.04139235676596331,-0.3607752147905441,0.9522491744765552,-0.570741853380939,-0.8267626708636443,0.23662052128593103,-0.3131264296466032,-0.038908376447752246,0.8070403150403915
53,0.18248637001260926,-0.8294003244134016,0.4431658681129027,0.3857930667784991,-0.3653577145296716,-0.34035105281042166,-0.5592683397960996,-0.13760072257152478,0.8611698363650552,0.2603063857670659,0.25203927296199335,0.9150384608122999,0.8546287335217482,0.7157796587845823,-0.8004125892572906,-0.2604366761696729,-0.3505900417822506,0.3088388650344006,-0.7707245225524102,-0.2242081362743591
54,0.3504395202327485,-0.6666638463721808,0.450230924101251,0.43989136116217453,0.07167369562768966,-0.9736645658556534,-0.8255911454048639,-0.8836795196019445,-0.8802478634542339,0.5519305830926932,-0.8299651496127134,0.612833319092859,0.8445376089709629,0.7823734707785109,-0.7492026873204122,-0.2519532123861027,0.47281141833949525,-0.10820924507534901,-0.7947272052907809,0.4999334220674383
55,0.0970204248986849,-0.7645611210709433,0.5654435179377091,0.5187926856434512,0.033429501935587136,-0.6783305671058351,-0.18647065972222499,0.7343792790213121,-0.4107981368613829,0.9012497104480858,0.6571702245727751,-0.46713719967944856,-0.6117378723848588,0.9322655231863671,-0.4999911559621826,-0.2028129424942433,-0.6337535120768379,-0.42428230038551695,-0.7196552289555435,-0.29678731511767986
56,0.29164867569164643,-0.7826214836640556,0.6009834421687639,0.4146036791388782,-0.19915672546132435,-0.3617769985915913,-0.42408307003109047,-0.31614342369328186,-0.4113316384578698,0.15118757086569234,-0.8900840383614567,-0.3514915803783081,0.04464571750600732,0.5698541149637254,-0.9492697087107249,0.29561710574308875,-0.3082879335575388,-0.7451554497940047,-0.31969775536271205,-0.6585211620161326
57,0.10968610404620727,-0.7632452502673557,0.6246325786875806,0.7144751629640201,0.4757550846002051,-0.8413741958198915,0.7404859521479483,0.06650542987814168,-0.1798879224859148,0.7887819559990757,0.8525821152561819,0.08242938052445425,0.18463686182859806,0.4536460748928227,-0.27564785308573503,0.37712623837617176,-0.9445200564327283,-0.4242033264671604,-0.21782712006332727,-0.05726589749917432
58,0.2781925971915379,-0.9522070611988518,0.6205969841774857,0.4395466004363552,-0.36837582565995997,-0.5431676116954058,0.30881359807490716,-0.4280587995132169,0.427889225259832,0.644851080662377,0.7761489978714151,-0.46517292410518696,-0.39622897687603464,0.46773854091783795,-0.9316860861862425,-0.7667153356034974,-0.4678150643376259,-0.9635210510139877,-0.190928824524092,-0.04207080738298419
59,0.19603410394876064,-0.6346349489688228,0.40834033990082186,0.20826815359202222,-0.3838722574962111,-0.6505925068143128,-0.5625480838740962,-0.41916011497521666,0.1797280572315031,-0.3720242820892541,-0.8100843620437099,-0.5235878597267026,-0.6337598314926206,0.8770200606573596,-0.9577191821340381,-0.32822737592742945,-0.637401856430003,-0.829042427855441,-0.7395120753077931,0.03436036235922457
60,0.06071412628698958,-0.6435717189928698,0.7399567310776156,0.5781224516129119,0.331954689878292,-0.8622305747761958,0.4328834150997414,-0.9822540791321864,-0.5091153449200458,-0.9357834745296929,0.15626695923429224,-0.9589852191785382,-0.4076907566262057,0.5423768770195277,-0.3959638372143882,-0.10814052288386966,-0.206405252416766,0.23510750961964566,0.6575678417297084,0.46398091408179654
61,0.16532300808461342,-0.6201078582405531,0.44747387416096696,0.2986420017774306,-0.5154330878066035,-0.6095729308982505,0.4076570497620029,-0.02171498168482766,-0.8974846469057614,-0.7654731470929574,0.23431522675084526,0.8254051751510971,0.09069171219219285,0.8348665010995909,-0.6287039927003222,0.901408491709023,0.4382302151482461,-0.896349099230193,-0.032507570352142134,0.9468542246373177
62,0.08945869883493429,-0.770914030918728,0.6578126748990363,0.5280475975177498,-0.12117698099997665,-0.4773379101405424,-0.5496324719615602,0.7791261149798537,-0.07990858929578071,-0.28006476343123765,-0.4061924964269664,-0.8118396734083619,-0.9468146530065975,0.8904855779893815,-0.6740608490063171,0.3086926018170322,-0.47262796819982855,0.16285015693562632,-0.9744235265576812,0.9360637561659748
63,0.37754718817479127,-0.6840829937862853,0.6031308076687227,0.5093463836389042,0.2153343009906311,-0.7115368425237526,0.33803182797181863,-0.6045730649053854,0.6200485904382288,0.30638389501299035,-0.1824541976346079,0.760533460896778,0.06567529402586225,0.5691472176534312,-0.8166240396917077,-0.5697242273224966,0.009132686337557927,-0.01768757345836547,-0.6870879448462253,-0.17955640410907914
64,0.2826969231075048,-0.851799683218685,0.8013424581806294,0.5815988333057168,0.480035845852106,-0.906070386225686,0.8412261180657081,0.49961465083679835,-0.5879677942018015,0.09357636088802768,0.37197505187313973,-0.24314411570363248,0.32309745555343294,0.8824974196840744,-0.46743977652642665,-0.42138591926049274,-0.8585290718441098,-0.32945346251159524,-0.14644788230379546,0.8647101563052388
65,0.40167434420160475,-0.8855398843657762,0.3115965641954497,0.36695699161271056,0.11086918378136967,-0.8088090213115573,-0.029280716225748904,-0.9711451301412356,-0.6492704500199865,-0.08454972311778675,-0.30783715947642243,0.699240225875795,0.24898924234528086,0.7807139172857464,-0.9469876637739734,-0.01938811816422148,-0.5078839238166588,-0.07206437104042818,-0.9240372596963818,0.3260927458533549
66,0.29396994335079907,-0.6840597851780087,0.4182197735267996,0.36494313140671963,0.08371985656589265,-0.880588490624544,-0.7864999541597919,0.6126070601865351,-0.6447834516533115,0.3338041090989933,0.7488914369312105,-0.1163676662825126,-0.9497755095500996,0.7737667807140555,-0.4036243726207639,0.3242537128522971,-0.9632872726363384,-0.870228035863326,0.30948234701935995,0.9377751745396861
67,0.18601355515659523,-0.7656636476221027,0.4797150511958419,0.3293046057338235,0.12535986358034068,-0.9606484055674712,0.7139553567287962,-0.04423465683684713,0.3412036697471702,0.3141366694445479,0.109329578776028,-0.1777538947627374,-0.3415442427143067,0.7955905902765742,-0.59704096461012,0.9121703540566091,-0.40561968021180506,-0.07654842466470002,-0.46830414586384184,-0.3131333901316685
68,-0.15872646178966465,-0.5554538943309837,0.8682187251678879,0.6454013412887097,0.3183402493198241,-0.8356893239931272,0.20148541460787284,0.7894962869473124,-0.9637821380332667,0.5334155948397042,0.9381334266179546,0.009703756847711409,0.347719964217146,0.7815456980826382,-0.7031170031097715,-0.714700993018873,0.025155115307926246,-0.11574349566075937,0.8013203844157235,-0.40285053158430284
69,0.28054610777763556,-0.8893794605260148,0.4310009656335936,0.5043945883102082,0.11829729917183107,-0.7918547266575497,-0.6392307906225583,0.25355213307067304,-0.537603819542562,-0.21507237402207624,0.8242011209337963,0.039592470326880624,0.11423376314027411,0.7170241311474214,-0.5425830516981436,0.2756095060114152,-0.4533440572500931,-0.8931072798078292,0.027629568142638172,-0.07585784281763253
70,0.32869622395678133,-0.7472004991236385,0.6398614532398543,0.5033376289480288,-0.14701093990817504,-0.958461811060731,-0.6708560825009775,0.04799754253901167,-0.7551180265392446,0.34156015701071907,0.6210799393047448,-0.1636247344765971,-0.9924178227559719,0.5812545822146852,-0.837931914285792,0.9296455405254171,-0.015015313660435847,0.17811693433873865,0.1274399336750871,0.011080500161849693
71,0.27081164083269604,-0.8933881241115834,0.35260059794213805,0.4495137861204893,-0.026859987391756435,-0.34911356814574235,-0.22381121625601952,0.8982213225005847,0.14705180098829673,0.9850534845542446,0.84857649213478,-0.07414058335735207,-0.43866471333549184,0.4393350277074316,-0.8512006801289608,0.5191551307742908,-0.9837701360060213,-0.6460000668615373,0.11832640557499907,0.05934498848217151
72,0.22574916541544476,-0.9484401662834132,0.4225868532042971,0.4304122458558667,-0.2956833605792073,-0.5686272370734942,0.1494990468873203,-0.27522841944100707,0.6283203606079834,-0.025681237673141122,-0.06572996595491265,-0.02008407056589101,-0.4598563937348884,0.6747512515922937,-0.5310112781213732,0.8607805378665394,0.23983877958210675,-0.2613104818622868,-0.43649999566886555,0.27816633075828867
73,0.42373524698793485,-0.9077633708718433,0.6420571238764099,0.5627065679301263,0.39527846652366805,-0.9036871379802309,0.6787977122833702,-0.100113584698168,-0.26133913703347145,0.28914451784932804,0.6629894210683196,0.4851576555642676,-0.9760997845671117,0.8166529321083938,-0.6131288826950945,0.7609451909002889,-0.979093862372571,-0.08056621146129272,-0.3854777061873501,-0.6883771291079201
74,0.32391685446087337,-0.6832306865889393,0.7341946578946825,0.4820678429201014,0.17188576607593642,-0.46761532896602687,0.8063540030238676,0.4339078373453059,-0.015228343117398069,0.6406469986405666,0.36806835458418474,-0.13260395582766893,-0.5756091950002638,0.7679271808043714,-0.6113384743725125,0.7695808983196184,-0.1898011739472335,-0.15393262474442326,0.11868973941484451,-0.8795438572736979
75,0.24236543552592738,-0.6783409405940535,0.7960520417806234,0.566506759380703,0.39357092344781097,-0.4998039616551171,-0.08912304192075471,-0.4918046107568286,-0.1589543311521875,-0.46575853449267435,-0.6077107235880665,0.3565400211508216,-0.17355706619966038,0.5036458781699055,-0.7376473844136961,0.5741572050486681,-0.6571278418563307,-0.5573198438387084,0.5526170034808928,-0.04349829149057971
76,0.38101700603031696,-0.7675991400817717,0.6264040282128731,0.6208487462790834,0.2905869334341328,-0.5113495193850761,0.8389422924801799,0.2398581383337256,-0.37222967298790055,-0.47609711833784685,0.43419055874476387,0.8806576803473316,0.5595038216565993,0.8589783955460063,-0.598538877480723,0.6723535236992424,-0.24078371662103848,0.11565014679389496,0.6074177795232805,-0.3499862827195509
77,0.11768763135992477,-0.9785509296981943,0.8068859332311209,0.537319930286856,-0.168104695514098,-0.9154813488411684,-0.21341395484938486,0.2843344587832698,0.43443501428932196,-0.4376185665253829,-0.1713316132833098,0.8161242110942308,0.5522564950484334,0.29611909746899745,-0.9127635592979473,0.3307680858844544,-0.7589832330057912,0.16271356333487474,0.12392186781211989,0.2690880059168774
78,0.282017116902079,-0.9604552735106971,0.5375128034199499,0.6615246990046791,0.37201113308554146,-0.4873071499254922,0.2374249992692552,0.7051744886018511,-0.8453865057329795,-0.8451649269123345,-0.8726243176760475,0.29234957681738183,-0.5616717656280348,0.7158922903607304,-0.6636321881692919,0.2272410157923992,-0.8140100514095234,0.7758623463136324,-0.1131720432442812,-0.8334936770007477
79,0.3693822812416442,-0.9461807758531005,0.852588349807287,0.6243236718716313,0.2460704411805993,-0.29313814409841976,0.0682274083677028,-0.2144511024072292,0.6331642488909118,0.029638094682294835,-0.8615017058837813,0.16675945878750653,0.3896712946933356,0.9678982238621566,-0.8768526739141983,-0.08715483068639085,0.7339889370494052,-0.688240266003109,-0.9033737695525147,-0.7917730306215792
80,0.20024959939071307,-0.7076905913036482,0.6477979122868007,0.48950555010593877,-0.1624781300708843,-0.8381136360469459,0.4217361391462673,-0.3076794733500131,0.8661843146832425,0.04190841097449749,0.13274888251036132,-0.39575540506736717,0.8528709804553889,0.3786050390503616,-0.5442940917460442,-0.06721684921216609,-0.4913190491218179,-0.3947451472509512,-0.7310057146919233,-0.051180020147699734
81,0.13230331939946638,-0.9271301664755237,0.44495459166824425,0.5329307444846195,0.13097487948768183,-0.7592045245220009,0.12717196977243717,0.743135255153644,0.2840197434365245,0.7854202415490962,0.6739171126716825,-0.007374810299565104,-0.9597328110957849,0.690227751308578,-0.5983222224258951,0.8720442922875677,-0.22860881289562363,-0.05529292873749991,-0.4628323439223876,0.7843169044379834
82,0.29252763570117823,-0.6865202004863802,0.48033337025783784,0.5067143628815188,0.11696446915287717,-0.3942933496021942,0.9765154105094673,0.6412167944337609,-0.8636734177482417,0.10821518526259821,0.302074479182594,-0.3679034582445083,0.7056990289808625,0.22114709383605413,-0.8716916429573285,0.4714479363893884,-0.7943267877336921,0.49413208274203846,0.7947550594662116,0.5835554951592334
83,0.06930948925953617,-0.5616664202977202,0.7574767344354034,0.5186508866378093,-0.07601998755689832,-0.4504150427110333,-0.949359782547051,-0.4049607069641593,-0.2722530960798072,-0.38112328322515243,0.9032277402165152,0.9605627259312501,-0.25693233689842265,0.641551543234241,-0.9473910667443166,0.4462565299422325,-0.5314069137550076,-0.9474617755415988,0.1441568051294415,-0.081395795174385
84,0.1289098311241631,-0.96544658803753,0.4385284290682887,0.25356963099736485,-0.5207246626646472,-0.643905362529342,-0.4619963057170414,-0.9751976452359968,0.7011492475968445,0.7566381853899787,-0.3316219773143225,-0.7433535135902115,-0.5121610368929274,0.45972079039498703,-0.6559037550762604,-0.20140668869019995,-0.5869355428092335,-0.20177853001547819,-0.10957320819029592,0.3880769608190271
85,0.24323768645913246,-0.7835424523854234,0.3090632298863172,0.41366337283354826,0.2438170113429371,-0.7439113415531412,-0.22091802912175784,-0.645324385225339,-0.15090858102582583,0.9914965884463897,0.6692356129837054,0.0301245693695269,0.04248707852030975,0.5396699011988187,-0.2889167398649506,0.33404361926401194,-0.6073108073501163,-0.4383316952014894,-0.3109324384085572,0.6576140945696274
86,0.35892175746839683,-0.695868390259232,0.5006471585269876,0.49784983166050256,0.161077278309795,-0.3686057964391777,0.3794849482705782,-0.27678153532366134,-0.9558607099771969,-0.12849490541947794,-0.043296896419633746,0.5813755993906466,0.2966369213771958,0.9398437710547328,-0.7945155910851411,-0.520925058941073,-0.5978480485581718,-0.42119540414475065,0.9488786367550059,-0.5269615045996701
87,0.20967795632898933,-0.8738456387468324,0.5268642886252513,0.5695195306339241,0.38237627392779394,-0.7979404104228234,0.05573398738178481,0.88334564433134,-0.8080155443307189,-0.10060732042775478,0.29961422986879516,0.012142680812387896,0.5323846582163076,0.8955060142814332,-0.6542354122610664,0.23492239534515713,-0.6905965901293397,-0.8564200961730026,0.5705433231017953,-0.2138295537252366
88,0.4221228313487514,-0.760427898411618,0.3784604085395715,0.32566311251219326,-0.30380369627237824,-0.9689042708788179,-0.051357861605199506,-0.671748827500793,-0.7724000588286548,0.07818418757834256,0.2581536787624519,-0.1916468639324792,0.2742416907060905,0.5313472679957737,-0.405718720518082,-0.7633417110358269,-0.4678787639475782,0.0028775423111362386,-0.06604512929713402,0.5835562886612597
89,0.2726000536966381,-0.7496184151840264,0.44693527656385434,0.44181318504969636,-0.22960785897421898,-0.5440395533929352,-0.07327951595251603,0.284221124641321,-0.9764287181494358,-0.4340457917455316,0.3328947654688905,0.4565873575479438,0.7151049057296228,0.624058429751604,-0.8280041430446926,0.7662463002573221,-0.8781356414060696,0.051391701598094364,-0.26535806560188324,0.4462954098374847
90,0.17254690775278536,-0.9676089111711678,0.47134443253823455,0.46957015383181433,-0.25828116265182055,-0.8400601227933616,0.16542849050363762,0.42697941416501706,0.06860000616484985,-0.14755251665301994,-0.3804071163938093,-0.15809334500816452,-0.36746415079181405,0.37535070585491626,-0.9908035020894779,-0.9075737411148508,-0.7131470176882524,-0.3583583822920283,-0.922869336512685,-0.5582832898469252
91,0.3667558042747324,-0.6943871851940997,0.3958891088313663,0.3286128647577303,-0.42648462807050824,-0.365401929886809,0.7577856705991601,-0.7429320984774708,0.6522017494893374,-0.4467412804044536,0.22238494766483985,0.2821376015198298,0.6958656917409283,0.3831115061437623,-0.7062929752845921,0.31976259053491307,-0.6392362732218289,-0.5470270951826708,-0.6301370735249224,-0.24256315183948685
92,0.25928459106201707,-0.8142779383926058,0.5787491720559577,0.46588263588262324,-0.32864556948179013,-0.36121468025888537,-0.6531729942362043,0.0701859341693939,-0.5580216985406767,-0.1758128098272016,0.3174565686826827,0.45893071063373236,0.002681602181860865,0.633274185582167,-0.8466064057049615,0.31418258125390097,0.05807940433349967,-0.6680908162671568,-0.17257822986706695,0.8938063011630601
93,0.27012422793550417,-0.8737784950686117,0.6789958846393462,0.5386640128201111,-0.17520846308022353,-0.6226631301823666,0.9807170199769124,0.5833876394695924,-0.22292550449099824,0.4634690890492791,0.2166123848005792,0.7363376567988149,0.5513943154870888,0.3881166420731509,-0.3743325895097296,0.5628218030251628,-0.5902348709591871,0.140818607179655,-0.9086241441664235,-0.607994977676299
94,-0.0318783111388633,-0.7301099217555372,0.762528854804406,0.634826471547881,0.12240971705821535,-0.7687775070528711,0.35056795535468144,-0.4967294855798796,0.24553454131692332,-0.6617614499870796,0.6850052115165517,0.9066810635325524,-0.19868326564246663,0.7119704322931216,-0.8104945521056288,0.7534188896031246,-0.7968173769940817,0.038712245635925124,-0.18737917823137507,-0.0881946731539417
95,-0.005557932411098698,-0.5204588272108864,0.7962446142521684,0.5828662005544313,0.26824582906770933,-0.35800946558836455,0.542980479540184,-0.7187451074277618,-0.4679808314267476,0.6890819455868756,-0.07871822399268347,-0.21518582778383788,-0.12082165846823267,0.9245034865615661,-0.8756876044735998,-0.3956640029555455,-0.4777670524390075,0.5111776017469961,0.5135965443222497,0.4575197243872111
96,0.28711656870633895,-0.6628706918873086,0.24420484420923727,0.39312080664715443,-0.29461566762931746,-0.3716118599060656,-0.7483501166207864,-0.2741690975807426,-0.200778439820691,0.323602787938719,0.8226553778500663,0.2404867186951205,0.026336777980794812,0.6559272906950325,-0.9102291543558768,0.5140736740932577,-0.37564830972032526,-0.964752569719722,0.19825077300691496,0.8957430707807292
97,0.2267983862789883,-0.9652778817990774,0.6135790479421444,0.6024526656547416,0.5192566221882177,-0.4826990024819594,-0.08058106927787234,0.977071065976339,-0.9633074526308577,-0.4524016320716795,-0.9628795209944079,0.604917676201318,0.7930900702185273,0.8335525908189633,-0.8951420045237357,0.923272817956432,-0.1329706669005808,-0.29113522243998957,-0.2715323393171982,-0.03313010368992475
98,-0.15104988811510978,-0.6823995671062999,0.834939628825734,0.6476912962591198,0.37231604784766537,-0.4066036929541218,0.1768205729909642,-0.5564514018417639,-0.8773377286480138,-0.17481719340411983,-0.1974362478868923,0.1713006745062282,-0.6142700540367512,0.8611849936853472,-0.929951241038837,-0.21732986873286408,0.08933518227523607,-0.442120277692577,0.6990741982336874,-0.6113634343269914
99,0.3258527450251937,-0.9949752787094642,0.8684102666703089,0.6100080232243853,0.32669495534012694,-0.40597528318503895,-0.96387719855686,-0.7032124997059845,0.7996257439325393,0.6254914588948478,0.6268965898720764,-0.740208458275963,0.8822872156654686,0.9588631304869036,-0.6404481074384316,0.6935667940931118,-0.826279443475034,-0.017822284366616037,-0.030623475806304867,-0.7290201355099934
100,0.23992757183107505,-0.6528831012578233,0.3171322716081595,0.15864668952549954,-0.30931382732821355,-0.43236604134166323,0.2088712287324599,-0.9782326938909591,-0.8035117300499571,-0.4181916934257658,0.4971984284903872,0.8203109187190127,-0.6035040878477981,0.956032210762033,-0.7607541167876035,0.4338809293827628,-0.07482517033146407,-0.3616691726024758,0.5359726413983503,-0.511097760777568
101,0.15051276812775327,-0.99022669633577,0.6880384161646538,0.4337553636504009,-0.04070691895093037,-0.7574648674176754,-0.35784468079954423,0.21528303357915946,-0.7278852320668968,0.04610444545305625,0.1930919317074844,-0.5708797706900647,-0.0014702725796729155,0.9371181994278522,-0.2191885728365046,0.4108304157775198,-0.21595745193750504,0.2838599314575171,-0.4595317856459513,-0.3587528495610496
102,0.35564336962116194,-0.9860497242670946,0.5185211678483488,0.5350454088945097,-0.09412115990811609,-0.7562422669791135,-0.8193522955477844,0.7172613273048863,-0.9244181185018617,0.9628854719080114,0.9257612853532837,-0.3931767208908441,-0.13972721322280912,0.37698270431705916,-0.6895508094564199,-0.047254848473713196,-0.5074487123065401,-0.33210262595684903,-0.43106614933637044,0.3802679245301186
103,0.07521150444429059,-0.6438620453505133,0.5410135199545663,0.44404775024860743,-0.03878761076478532,-0.9469356875407265,0.8445623075940023,0.01797238193249251,-0.12255040268461681,-0.3040276419863598,-0.013714701474003776,0.3953974037672894,-0.9288869539565706,0.728208283001733,-0.46162696767481537,0.8655759832675562,-0.5725374215353054,0.10105303018300205,-0.2355202738247265,0.16560562003259593
104,0.3418757365805921,-0.7951444508346981,0.4519476175406776,0.49940657254449616,0.319915715461741,-0.38207015403338973,-0.30578440962629316,-0.39239072919523155,-0.7761713091814182,0.32889835276915746,0.8175918912537041,-0.8433478734655083,0.7355121948086507,0.8076244402470544,-0.7533575349083839,-0.27401840302484426,-0.6009220457243767,-0.8842433857021554,0.9420903262553466,0.6318975166494976
105,0.12738285000217708,-0.8479621431151957,0.49231488293121095,0.27207359634096295,-0.36007710243538116,-0.8589686152069089,-0.3857673672684311,0.7629413517378211,-0.010713521770033818,0.08637508466182753,-0.016767890366747862,0.41374619894435694,-0.2600355309385105,0.9371513576890368,-0.798356134588864,0.5846522438384605,-0.5932383936958083,0.35378861693584296,-0.10574890501111034,0.9598692396834683
106,-0.0204591840202335,-0.8754690241142573,0.656966069234654,0.6440762800967618,0.3325414000136012,-0.48467004286377546,0.621731781070819,0.8084306256046855,-0.2381767622440839,-0.5439974709906158,0.5874088226383831,-0.5239189842706182,-0.3726635490756346,0.9620955535435115,-0.960641270061832,-0.28121335238353584,-0.15686448599926073,-0.21474545828856417,-0.08780650567157466,0.040313159508034824
107,0.35142356349289317,-0.8261572336373372,0.6672548346359151,0.5642944674794393,0.42122983641310385,-0.635259851758524,-0.42953478622012387,-0.09832865910624933,0.474574158570792,0.3954787894447803,-0.9107066465909012,-0.6813202640606537,0.3911264288130756,0.8411631441766915,-0.6775238949686453,-0.6431272261231267,-0.14642527452707244,-0.525908802074673,-0.4756785543428247,0.5388295329672217
108,0.29972525989051657,-0.9065315457601474,0.43125630080404664,0.41238416610985495,-0.2286345151856175,-0.48494946460768584,0.7332823351690945,0.7480107633463918,-0.13837371647500352,0.02347383571467454,-0.27793341831216234,-0.8898450247328508,0.034665214139708134,0.776714830806659,-0.7792357977178217,-0.3755775264382898,-0.3648925086236935,-0.6353498783509812,-0.08303171544276022,0.1540429132436123
109,0.3512912483307499,-0.7445168300773752,0.6664596711104533,0.4629227308410778,-0.25053232639928547,-0.5597932367279178,-0.46868883861908717,0.9144212836166928,0.31457670422659556,0.5119004921415925,0.34286077547573224,0.7788466450657068,0.04471456465641599,0.9624602204590363,-0.5800382858499115,0.8923552557777732,-0.8773457576694437,-0.6836462612898049,-0.7165707376855197,0.1765572067864314
110,0.16741638509238788,-0.6214638974699349,0.7901486726019167,0.5610022685949777,0.2858762788629087,-0.8383995594699075,0.9537759089087268,-0.6573710279200681,-0.37802944788156645,-0.7822328774842882,0.7463862086024975,-0.3002112344262544,0.09705827288473023,0.5136487241234927,-0.7921174561388021,0.19946140209546637,-0.49992808977652514,-0.9113100798451085,-0.4798833208858424,-0.35026889209430767
111,0.14135214218714764,-0.6939512444354672,0.6651064339013513,0.548819858114825,0.386007604630373,-0.7679547236672397,-0.11752804717154897,-0.0440154208164355,-0.2642201400824352,0.9698352567342127,0.6571044093516898,0.22511640007138545,-0.7571885139058758,0.6484589968427611,-0.3238885427252073,0.5184357830758477,-0.022054517148163533,-0.2214347670164839,0.26889969687558923,-0.3867531228042975
112,0.14446629786034093,-0.8936154347955312,0.4498704431905771,0.45051992584979283,-0.05449882605552114,-0.8772986648915984,-0.16536580484333074,-0.9966143941503973,0.17513983499571129,0.2467555672046663,0.1695558924902547,-0.5713185653892259,0.8243115453141512,0.5706650230478029,-0.5633827065980406,-0.23959093528222364,-0.6263571555823635,0.2893401116085622,0.20835361306781142,-0.03953130286969131
113,0.06779191168207122,-0.7450279135236146,0.5963777419756731,0.48060184848116105,0.3386556560521866,-0.5935059344432674,-0.19867036271266802,-0.4921798403838118,-0.8625655637409908,0.44810701881321,0.8664444104370597,0.42142233398173423,-0.5758054248709399,0.9396948626861227,-0.9842815503070018,-0.6106952796736388,0.014564782562053957,0.17500906007857864,-0.6732533125339573,0.34395107558067517
114,0.18752396476829747,-0.7474121620361892,0.7319544221036713,0.623064481225455,0.2563760079793872,-0.4691790966276068,-0.94650422218872,0.5688987780518725,-0.6462488643726352,0.30196982742684064,0.4151852689071145,-0.6042196255218684,-0.620016983000456,0.4002368794607537,-0.9829517381330057,-0.1146288650717383,-0.977748515540377,-0.6707633157952696,0.65293798866223,-0.7580996547022617
115,0.30678718100770885,-0.6934788056542456,0.441593944789231,0.5203808816258019,0.23982298250535805,-0.7659246595769326,-0.33426429137752456,0.6240817915184552,-0.8452638823540572,0.42899103246640535,-0.3984484264467413,-0.7454749377799921,0.48404553387273475,0.8822089394520504,-0.904866245102396,0.6531247988186606,-0.2203757349212795,-0.46316209630933214,-0.6063208410540748,-0.94778269092274
116,0.17195306814393685,-0.7074271761595022,0.4180467584278347,0.3903233595957788,0.10076979212857051,-0.5326626684383747,-0.40278143488665097,0.05526737726532527,-0.2694241560560341,0.051664925145017526,0.5859823014404533,0.19898222378247077,-0.7386371700054151,0.7819908431906214,-0.549515841040227,0.9455762064348068,0.4163290655317574,-0.27387405559335587,-0.7912803784670506,-0.14837371333130045
117,0.28213969080325463,-0.9816243000784358,0.6076331766926011,0.4283654854383573,0.18359212836776584,-0.726216905607777,-0.2811795334311714,-0.11989003383450114,0.5262874123286375,-0.8885914166769866,-0.9067523074283013,-0.6881865398227442,-0.8387508687991193,0.9394699832708525,-0.743972307579397,-0.2748155573760164,0.2734393915191019,-0.6666761672449649,-0.8436545060638543,-0.12020220582657948
118,0.3053976501893173,-0.8103981325682631,0.3138254524310269,0.20746166338465566,-0.36269539526553074,-0.6265598118250066,-0.034045271900194796,0.08809740054452975,-0.7524579286118332,-0.6312428950329232,0.8652424916883243,0.4035299410959956,-0.6625990874914054,0.5382307364134774,-0.48157907462782223,-0.28483855582055373,-0.431586694345096,0.22169906396744976,-0.7547538438765935,0.3982520104381473
119,0.25848360656057634,-0.7302069992552269,0.4632304808239516,0.37405344989391487,-0.06615518531049824,-0.7628684159117787,-0.31436826318107025,-0.8094108473816597,0.17726887185196338,0.12396014832477709,0.7891385822630423,-0.8259194604084962,0.11633293399675737,0.9462526281630176,-0.2602085801321802,0.9588924289893341,-0.9802082894484484,-0.8330786697659609,-0.5164963989759619,0.6618733673266217
120,0.0881934083062671,-0.6697899130329099,0.818611417751467,0.6387640576059043,0.4247437857152544,-0.8885077224554161,0.26178510973681735,-0.6870949288706121,0.8721932876484816,0.778093561438748,-0.29554214364653664,-0.4951269865505987,-0.3651250747546857,0.6819475147082462,-0.8673886497197772,-0.042839805866157876,0.2970248850526701,-0.8922765775965323,-0.38365411454485987,-0.03199883641337786
121,0.33886749588686194,-0.7562786096747691,0.5338319825160567,0.38560368968745695,-0.21027833394286277,-0.3980392134243651,0.5504828101729708,-0.05391308987994292,-0.5763829570330656,0.9558218948981613,0.47531090991978386,0.49718385932806286,-0.22967613766742712,0.26976639090910914,-0.9721236848059801,-0.2634777665137835,-0.6175938204733025,0.41777631428643314,0.8730769148271718,0.7590835421824653
122,0.34319707052496506,-0.7449337729335315,0.28260082951981214,0.410699546620093,-0.049588417883789315,-0.7088573357245372,-0.6978819475564901,0.0027412171265920326,-0.17366758446811947,0.5890112284407475,0.39512157449050367,0.06404968696280822,-0.08028666957593,0.5501305420053214,-0.7895534120158723,-0.8696071916621702,-0.2528517265664243,-0.45647092950932233,0.2989113236093708,-0.6373636186233949
123,0.3818752849945465,-0.7381263676056511,0.5704064387482304,0.3640637487681241,-0.4085490737041997,-0.8414946862956245,-0.14327397669954467,-0.894646029664724,0.07363621869648462,-0.4612274872360118,0.4879347343820799,0.8607528404441291,-0.8646058901122592,0.7572086753267236,-0.75161320967915,-0.010386571099066044,-0.5469887187990834,0.481467274413509,-0.019064337300066403,-0.614391213166521
124,0.27536310208918413,-0.8039522150236339,0.8503988262087099,0.5924729357579902,0.3587626876120643,-0.9399529203271562,0.18335805531328697,-0.9208887703476376,0.6099622077335601,0.8057407156624908,-0.04920829405036298,-0.13014544012807838,-0.1653225195757101,0.893175604911954,-0.39856713229393903,0.026244700545486443,-0.6477652478934226,-0.06241337913542233,-0.3162893517961751,0.40304844948696195
125,0.08189479771883146,-0.9738832144817188,0.6525324470155496,0.6592402834621566,0.2857145585115245,-0.8814445774405376,0.2721015220503411,0.641914045916164,-0.6683022275448097,-0.5412201997555041,0.4133772488555072,0.8685205898820132,-0.6744291782954781,0.871091696748234,-0.11202609253295026,0.3794965204388878,0.5059136756443076,-0.3163206291179569,-0.6016316484089288,0.4106552892998343
126,0.1966994302731705,-0.7234165800859526,0.3876811691280102,0.2621930853473461,-0.10324915294127368,-0.48927947496542684,-0.6209367349793495,-0.2730610136209194,0.21267141892560926,-0.22699804759857622,-0.3586424873360037,-0.4344957968192803,-0.1222425265898488,0.6599877854452626,-0.8891435991107199,-0.7089902262028727,-0.25796265354422354,0.3309640783504072,0.30994184260499713,-0.05221708744321518
127,0.406202947622858,-0.8760478132025036,0.5340658889497845,0.5190715484446037,0.12279852761561372,-0.643813788393905,-0.4647695570983861,-0.7513343542490369,0.9557109236056681,-0.6565403589218446,-0.05999698236796758,0.30617700221279365,0.1628205894232826,0.8513407139330792,-0.9381272546862696,0.6519345939333976,0.5287715247522048,-0.06744844248740822,-0.23319325442899552,-0.8874878199136157
128,0.09847434279852074,-0.8205691879310243,0.5056839769025541,0.5597862259274288,0.08043844912939846,-0.8129007042516684,0.28191090929726403,-0.5573727123847537,0.05619782257456907,-0.7670892693209141,-0.14382642275939295,-0.8597510377137282,-0.044927020645506244,0.6315128563939628,-0.9277101537176644,-0.9299420312773732,-0.9201305901514323,-0.6902493424308724,0.11763484956045644,-0.06195362909778446
129,0.16661162331387758,-0.9365588072029436,0.4731242311127217,0.2872663281952669,-0.45940307993664076,-0.9185337710200868,-0.010671513409282851,0.8598669167514407,0.8074071701178293,0.21990242604123378,-0.98822348744725,0.014952942169283112,0.3056056852256206,0.5180530678563359,-0.9822487195627216,-0.21015285495530733,-0.4450709859492681,0.059165891550002736,-0.7186213541348011,0.032704098588602015
130,0.051276019154339214,-0.7342662498998941,0.6766298019116737,0.6977055759645422,0.43680805947423995,-0.7051087780006914,0.46860856273228624,-0.4545223787767312,-0.4865989974110948,0.7829099081171952,-0.5613187961750266,-0.45730326629033746,-0.5168939694215184,0.5250998810838,-0.6873957088737512,0.49133665092145185,-0.8680360818421723,-0.040274876814319405,-0.398104675501857,0.8562753410865647
131,0.3599657361825893,-0.9470411520666402,0.5155972505826425,0.5519905770931227,0.4355022005302701,-0.7658278441725968,0.6313712227247485,-0.23010520359979425,-0.4004077075909468,0.03574073787762744,0.28646544261513807,0.4993849664637229,-0.03453280007095705,0.8252451765855292,-0.654179905797678,0.06463739832426074,-0.2580489321891787,0.053168368842649305,-0.06364832954325916,0.3802739651558491
132,0.2137566245498269,-0.7761784761622005,0.42923676994403936,0.358630200711631,-0.28018261497768226,-0.8958160349084436,0.7007893894936386,0.9637909719090926,-0.615390247027181,0.9171379246964401,0.20128127862951506,0.7056702172700215,-0.15751816003463215,0.5268820244725961,-0.7882393423699499,0.9044757998304418,-0.750720954723222,0.06379803926036376,0.7361301535140008,0.20822792666210366
133,0.386043714063225,-0.9585749382163724,0.6178590433851749,0.5210714927583039,-0.06190814033088021,-0.5601693166148491,0.3476684402196921,0.06917863722286743,-0.6984855827720642,0.4108459368882976,0.10389327818022265,-0.8991741414837726,0.7076879935626148,0.9352807244934297,-0.7302855878887361,0.7213134647669672,-0.8381862246602269,0.09004481429205169,0.5344568974832702,0.42435496031517084
134,0.08197811176735026,-0.72439471503205,0.5116902530510576,0.5474003600226346,-0.07705231660217104,-0.6600969153163468,0.3213475256834071,-0.8408398026780995,-0.4250731233243611,-0.9393639835311093,0.6929608352999554,0.7264674774437851,-0.2238033015932891,0.45220171211114535,-0.7462613934050917,-0.29423637181797035,-0.967673382974999,-0.9597374982700445,-0.8980297466588502,0.10439666847338747
135,0.12067693199574492,-0.7716942086226621,0.5182680439208969,0.6099649026047641,0.18056031647695325,-0.45880862056887795,0.4465828877217075,0.5740787273194942,-0.7857022348673068,-0.9790990719485018,0.3237213050997829,0.571860530153798,-0.7139821141265681,0.6607516992797117,-0.8021434425011594,-0.44834466797627615,-0.09881124478970527,-0.6947956325687458,0.03687609355424448,0.6433523692182117
136,0.25583909396535554,-0.8298591811589137,0.6524464809687587,0.4458230428069142,0.2285728540166313,-0.3201791525578839,0.8915042754241986,-0.9006692648422581,0.20224534186978904,-0.10371424406418117,0.6809080985387683,-0.27367701719011095,-0.33423114782903407,0.8965671752710186,-0.9554216409483692,-0.431797490707445,0.49261015701358846,-0.5163437721725747,-0.9576281460704121,0.15706198656718762
137,0.31236979462178727,-0.9409207756224558,0.47554809195834324,0.5534791515865479,0.04982260393835969,-0.6116247218885633,-0.45547656167625783,0.13036787819869533,-0.2557246574235639,-0.8473929992014689,0.1613149898190409,0.5857416827867084,-0.5896106708961628,0.8664996870605123,-0.5236850475511268,-0.6910069912537525,0.2448344668522785,0.08789394117776939,-0.8806019793906669,-0.2537533626435874
138,0.16987813241005878,-0.6228020501183271,0.5639939180192393,0.33285097600962266,-0.14062268397802802,-0.4318700186754766,0.9042029972522441,-0.10454382474733492,0.3170606157742345,0.4145551792433412,-0.21579403158720867,0.178462526633951,-0.11863035611756412,0.907742564486408,-0.7050866490892964,0.8464089255640881,0.18927284172712444,-0.5332177373598188,-0.8724656375077483,-0.04132568635767797
139,0.27593393224422547,-0.7770918973853048,0.6343751873541355,0.520397646427096,0.20577570444475624,-0.9372672169454048,0.2896565516461229,-0.7849799320291863,-0.5299212090662011,-0.8584583874663793,0.4105466177842938,0.689788549908861,0.3416385863207283,0.5202829037415805,-0.6982869787286878,0.03763119103249335,-0.6231052471671727,0.12516614588462238,0.5628538270305778,-0.2080680649164568
140,0.28187647553013917,-0.6535534689031903,0.7012758830974561,0.4457591217176816,-0.4254211402614435,-0.5511717532442804,0.9913251013127149,0.44751111994082404,0.49567628917932527,0.18422238996571771,0.9411926678861986,-0.7529517344938461,-0.31359944467566414,0.8513320082473667,-0.8668720151855499,0.8098280764999344,-0.5635403209683768,-0.5348085866448193,0.010183860841564418,-0.6561315952033293
141,0.06599584549621318,-0.9760472287368589,0.6091433230105405,0.553681404784275,-0.05829062765786175,-0.6322450991385576,-0.3500059194268432,0.14621961913544002,0.25859094811469097,0.9364463577885981,-0.06825667652044909,-0.6050231526899571,0.004949274593233799,0.6587092077020668,-0.5659322031433809,0.19825169886173377,0.3463301674249667,0.02280412616062477,-0.5710297023600631,0.9267613163421806
142,0.3431189206075368,-0.9597212347491115,0.5094838487104154,0.5258762188988396,0.30163828662087655,-0.4917688793972678,-0.8237770216027293,-0.40939161816119374,0.41850352027500815,-0.14793846437086533,-0.493993958625741,-0.08281369716881659,0.6810526173667713,0.8362372412190645,-0.5647643085674472,0.5086940630437378,-0.11249882402812439,-0.7536333421938688,-0.318897114110989,0.22542119389451631
143,0.30598967120666687,-0.9863365644768711,0.31765198100240455,0.15728559610601833,-0.17827870592375772,-0.2876252802751553,-0.42713035163850854,0.1293417312271702,-0.8258999805267575,-0.29335449323342644,0.4332075373601456,0.5312518895408103,0.224588841590752,0.6953197301848678,-0.9384111155579149,0.23270891588299447,0.3348238381688119,-0.2564753870687321,-0.006347875166024974,-0.26886116375899904
144,-0.05135496202464285,-0.7934570824008413,0.7565790954787273,0.5810490918507781,0.12809426740623409,-0.5792932747045387,-0.891042199005698,0.5758770757114074,-0.8753526972461474,-0.7589909379047627,0.5170881735320767,0.014944306892944015,-0.07703743505299876,0.9312990576369818,-0.5837821555729334,0.7061147969552393,0.10911736028956043,0.19291379170421552,-0.01712472402462384,-0.5507444486220903
145,0.26818265506019034,-0.776011070854719,0.5634845587466346,0.5461269724337382,0.09809376910414025,-0.6828979609036891,0.8968491479354359,-0.6022999355461394,-0.6307160537031065,0.33187844155854773,-0.3264468813610163,0.8988178348816998,-0.5001440158092951,0.4320560188757848,-0.5731958886888875,-0.41427053143917103,-0.6293760871909941,0.670776927200213,0.035682805344931845,0.5285981160182298
146,0.16619215714725477,-0.5897252611686371,0.6678674114791714,0.46765401093380243,-0.3230643556975915,-0.7138588931257099,0.15531007704255906,-0.8263458091158112,-0.023860243862459884,-0.24620959814843502,-0.8597557412635235,-0.7299002027027206,-0.32684355163260104,0.702899999781441,-0.9254213036114549,-0.3361288413562682,0.015573927400136856,-0.762293933688127,0.28905913357711754,0.9347486801403246
147,0.3168852797942229,-0.9325778561799962,0.6282679086675182,0.3866816343512508,-0.2942181739288491,-0.8107620790287628,0.5576016831860158,-0.04540713042906197,-0.2634320581954639,-0.6921055549750388,0.6812361090626953,0.12764061434169438,-0.5764300175893866,0.6693489010916968,-0.24036173652126436,0.8349050655475077,-0.6919209991425967,-0.5150677850361889,0.5748957082287616,-0.10264861918021106
148,0.3504159330815567,-0.8474031334950483,0.7097568771384559,0.6094936576639779,0.4029884969667158,-0.9426325277647983,-0.6630988629747622,-0.37454530490099136,-0.6902341550921788,0.09920738705695642,0.7479427562660588,0.6417468165670244,-0.40748997686736876,0.8550694408863532,-0.6927839662858399,0.16100094549764155,0.07353396210537155,-0.15415085980571475,-0.1859487146356843,-0.2382003024686995
149,0.33608243202279187,-0.7872041118692455,0.17795724998063922,0.21983285323545265,-0.3531767169840131,-0.7344195918137536,-0.8614344912777184,0.06642764854889027,0.7543458028724813,-0.08139465383649136,-0.6216078895485383,0.06055083990847532,0.664968793935069,0.2540096429391182,-0.7663110109592969,0.045329985689119834,-0.8004167243432564,-0.3618701954286184,-0.9382335480532902,-0.22327777551768013
150,0.11465123931008703,-0.6779806883971897,0.6501562976150974,0.4330188043062243,0.005574409272020797,-0.5122929881678195,-0.14024581547798542,-0.7371323926854167,0.04706491202964058,0.4203469861057584,0.22759095617312441,-0.10864928091487791,0.042911127955349126,0.4886554666335635,-0.9864601456036005,0.8716224800713759,-0.10010381226048337,-0.9344587865226464,-0.6859205888967719,-0.5881061115395284
151,0.10054013975288811,-0.570635239159248,0.6476229907447784,0.38948054180988956,0.09278263057856428,-0.8652156096776921,0.36842657098176,0.8237093650820645,0.6896832761967792,-0.2656226468217918,0.8779948876566057,-0.44064830015996814,-0.005805124848539678,0.952220422545815,-0.3836553317211365,-0.6827490926510238,-0.35406119340159303,-0.965651346371754,-0.15676071382247714,0.39527725612921594
152,-0.005503250812915361,-0.5791174679509141,0.6682506821442518,0.4707850045703136,0.28759741121914917,-0.5240319869655365,0.9348231269042355,0.4976574160644839,-0.34963714098910925,-0.13457707799363305,0.07986700368579958,0.6792483923862394,0.3956144594648099,0.8979194972723487,-0.9673685937748154,0.43539109840023316,-0.7519756614479138,0.0015708541405236032,-0.8373096282229693,-0.1399863628479321
153,0.07471280585841755,-0.8230472438985379,0.8507717235053778,0.6089789207173254,0.16023542351434938,-0.585521759633069,-0.5797609804818719,0.6442536170554821,0.057549923484065624,0.06743991773110392,0.8649909990904041,-0.399609599384535,0.19304127419265926,0.3416025342893231,-0.5658763106797212,-0.19850139346752238,-0.6923550787482193,-0.3553144397916683,-0.09597223248773334,0.7464909975479634
154,0.2714609117350829,-0.9616001168470194,0.5357880301218059,0.35066846561895126,0.15794146205073545,-0.8667012545000385,-0.3725468332297259,0.04392194118836279,0.498641307841699,-0.1933728028514028,0.6340412578315762,0.3071247079487527,-0.09096712882649549,0.6846356339698484,-0.03106716855373748,-0.5170589925713907,0.3041730410873261,-0.029915673942605192,-0.3948052610781764,-0.20618028002216648
155,0.16822836383998385,-0.6043117799480595,0.4111706977593341,0.5451344933818328,0.19465678356375815,-0.8829695266764609,-0.5660213263410638,0.8930214852369792,-0.9123390184831877,0.1147327219880091,-0.5920687941372924,0.8420165504832613,0.6682153908296213,0.5480087062715003,-0.8666916646254352,-0.21881897194888855,-0.33943929486765145,0.4422498878365423,-0.6106646983810067,-0.18622888556807926
156,0.37433847302375367,-0.8535980643569518,0.5955498790742613,0.4271044022261533,-0.4910009212522496,-0.8336951458475519,0.46650823586571066,0.3524534369121649,-0.8325409263550514,-0.5941742496799547,-0.43761153509607265,-0.44836965405353546,-0.0069811430807040775,0.5852765023618635,-0.8513564126328967,0.4230373621314254,-0.14001888309888477,0.4114233848273404,-0.25905651070267366,0.11764704620282451
157,0.14792140849388546,-0.8535057220737302,0.7987814823717712,0.5780295838463095,-0.06863504316409175,-0.5497079450941225,-0.1951537836006354,0.47528749248047786,0.32876908683644823,0.34941151241057244,-0.09673888780195172,0.1395876547316406,0.3755308860738631,0.6685307543095301,-0.7629711139941556,0.6845078878937587,-0.9659110298171585,-0.9643055051209374,-0.12284408880789555,0.4373695941968583
158,0.34424697422716355,-0.8571931122278988,0.7176407826675211,0.4801387346724103,-0.2213251737259665,-0.3514876258155304,0.36857962315857984,-0.9258020312054202,-0.6308971592784723,-0.9282391488393726,0.4167434231660325,0.9670095150375717,-0.9130143280955706,0.435942380034814,-0.8792956747563602,0.8891846471067519,-0.44583817726863295,0.2945655217417372,-0.2382525433256395,-0.6364351857021349
159,0.11160462126554538,-0.9391503384738505,0.5110895356646283,0.4317472899826139,-0.4463490623171613,-0.8836096918636176,-0.22833401146440935,0.10159616138398742,-0.4573443946184461,-0.16621309041795762,-0.018497938297971528,0.08072002117103261,0.5318917681223274,0.573325021164396,-0.8714556220383943,-0.270629710173656,0.062287408638879715,-0.5351933768394603,-0.038815155250484956,0.4557517210775126
160,0.34814586612850473,-0.8422248928454124,0.22052438636268912,0.11417847085432642,-0.2308372874907797,-0.3901198770710479,0.46091931508677564,-0.6288443003661996,-0.8634060174348757,-0.6016389130708941,-0.9448681023998642,-0.8221553865378746,-0.7237586050759015,0.6085457632564771,-0.8889701025689978,-0.7987733358532957,-0.13987927970158176,-0.7792388672726352,0.6927668299635787,0.6453163846284744
161,0.27818691230646453,-0.6440859315672469,0.3176170592385479,0.43264903273901545,0.13006916706169502,-0.5777860858068058,-0.7236968429980074,-0.8504062082957575,0.49791114780693946,-0.5490909756253699,-0.7774315071683616,-0.6374735291098119,-0.39422503125602104,0.5511627282426507,-0.9112568770698375,0.6044352644893038,-0.3597204898761722,-0.27965528707282505,-0.7248336582151111,0.5681489818401122
162,0.19291947733750614,-0.7834388830004455,0.6668120542951461,0.7017071169180592,0.36051425001129755,-0.36036365447927066,-0.10563792933890825,0.5129736180638199,-0.7817778958527337,0.0020636888435607847,0.31263141407815165,0.8494902306446857,-0.5480537215278413,0.44271318787097436,-0.710631692910768,0.9280278599450076,-0.2830131433611076,-0.2329601507941247,-0.19299818425886084,-0.7056010529360041
163,0.2046656442577085,-0.6295167507281169,0.5647579331570345,0.473889867478848,0.29566652723314546,-0.6325804455623659,-0.5950683150481846,-0.38667092056239094,0.4260809177228818,-0.33118666155144616,0.33995207356345847,-0.36318839356677535,-0.707718947445587,0.5976334107994131,-0.31392609637374647,0.2602007145434664,-0.8601702360501684,-0.028038029276451493,-0.6609617237788641,-0.5381178358736324
164,0.21637695798940537,-0.7541906637042897,0.7515745275378223,0.558527513736527,0.06219100741891459,-0.843069660508748,0.11436355941768683,0.9370717223301633,-0.91402629434905,-0.6044326257535225,0.8180352943825906,0.7146411971737054,0.8692774387242796,0.8718519371858843,-0.2562708934411325,0.9244123208224986,0.7080032542813929,-0.9478766200022337,0.09804442413132164,0.8140384903433853
165,0.18120802695381621,-0.6032767918342543,0.747642450529497,0.6620048570188485,0.18598783738144886,-0.9084455290784685,-0.8014337405077565,-0.07883348252797917,-0.9470611604827478,0.5685137140412236,-0.39576892403832886,-0.17071375300420277,0.1339803565224298,0.3250445024963412,-0.8971693033413307,0.5799330473855544,-0.790210483875065,-0.3589283966950477,-0.7649574365902276,0.7213428599437679
166,0.23456027478959995,-0.6164628892011368,0.48705605538814867,0.5090252235064293,0.22994341912676985,-0.795599492688472,-0.5109936419396547,-0.46033717024397125,0.8725130893751861,-0.6945472164649508,0.6705404268991695,-0.04573387243104077,0.09305431642480166,0.7090291513827099,-0.6500694461515124,-0.31172352154711,-0.18158518802750478,0.19641765313100235,-0.4336016873689297,0.5367655360092418
167,0.3728449731407456,-0.9039138415984602,0.34756211804776305,0.29042317154024067,-0.45100579015594466,-0.7315900424954308,0.7318082309422111,0.3162139780636096,0.41738277888909703,-0.8456642966668455,-0.9816974802998829,-0.5853168078413735,-0.48612134666899,0.6282806498896997,-0.8004059554835863,0.9035536531885597,-0.3062736322588612,-0.17562539071897776,-0.7157739797712606,-0.43377409956426694
168,0.20660451843711003,-0.6662285051052523,0.41189321356813546,0.32919300206073665,-0.3821542899420697,-0.9393982330631353,-0.36140544664054686,-0.03278891337373113,-0.2888275629806558,0.2093152599330078,0.33695571882407904,0.511582030744232,-0.3756638494699347,0.7626378046300731,-0.976180762089449,0.2869069002609068,0.3247854995917302,0.018655607530208784,0.11869065073190854,0.6593072049529882
169,0.04858120165929669,-0.7363337836749885,0.5812522426024105,0.4285155479152626,0.1643423419728952,-0.6687676443857618,0.08649339924558297,-0.4337048324998929,0.04527045709204691,-0.5804923391644485,-0.5669069553634327,-0.8670380736087858,-0.9493939656737539,0.5390595351654169,-0.7610657097191201,0.6785206161082982,-0.23878822712043613,0.45176603934547843,-0.03278057768807596,-0.4212330009650168
170,0.31211694873595086,-0.851534872722015,0.4023084743003573,0.4204884052024841,0.07624137802184927,-0.6677354184934972,0.26089833497544035,-0.17743365071063288,0.2690212750077431,0.6099304756150704,-0.20324658119592742,0.781242812797164,0.43770523377879034,0.32030992013049053,-0.5869876771209659,0.5748984364295529,-0.908102882983809,0.37471833327539483,-0.7964773893668509,-0.26620874018243257
171,0.34166357678161396,-0.6548159196387149,0.3922235117284798,0.36078426838394917,-0.12484780947527907,-0.4971458623375417,-0.8451560364309587,0.39337744813403874,-0.9083823333545638,-0.4622318652056945,-0.3839369969882611,0.6786401221323173,0.41079327395616816,0.6162057664973218,-0.7175229875037739,-0.36764642928265723,-0.016351520509397255,-0.5200536098801081,-0.07998827700793287,0.618312598910965
172,0.31365440648964815,-0.7309892364635611,0.6370089130403973,0.43397482354842654,-0.4329866880908626,-0.6797560642912422,0.7607782135889025,-0.4987854055620484,-0.007657577110551372,-0.42450902296667126,0.30870452980211605,-0.2378298453265234,-0.7447510887626851,0.584484555686328,-0.5508966119521603,-0.20073894259470826,-0.7270431324034807,-0.8529490303398178,-0.6753875231271479,0.2769951547112772
173,0.2795817004002882,-0.9694385994138693,0.47699270761998136,0.39681320232146555,0.06302035534974448,-0.8323737932222364,-0.6235557215325493,-0.7537165400597677,-0.23333012615003224,-0.13218261578911772,-0.06610528490998435,-0.22343037524526677,-0.8733378586486977,0.8186962595331752,-0.7010567796797638,0.8039749477810438,-0.7709092710448029,-0.6060669567593819,-0.9594042473121461,0.7041661453833241
174,0.22161834806842073,-0.7742512417861445,0.7305756916000781,0.6478705380041275,0.22028499980687732,-0.9569854250022506,0.43340759245582383,-0.4242762851535483,0.37803484258430375,-0.5190457320459493,0.6695589302650797,0.2936749021121847,0.6822362392286294,0.6961559282502746,-0.6498584715401645,-0.4311471644667938,-0.7558077668533112,-0.1660246043529049,-0.002438469694764356,0.4244496113691387
175,0.15185376160251696,-0.9880870037060777,0.591481680262546,0.34167295953146615,-0.5888020087846637,-0.8053757787858818,0.2057449828427662,-0.029210488904105603,0.17135360286725698,0.09894723123006088,-0.091776182575108,0.7431761398991972,0.7569610146598915,0.6553180170307374,-0.40885924372628357,0.30298868815770863,0.24635248907985574,-0.6915758614462457,-0.4540732442246821,-0.316579942139011
176,0.22392695028695064,-0.8435683007932602,0.5417326828933118,0.578904208526296,0.11822662473869194,-0.5047234333763306,0.45007355390910986,-0.10170132156546396,-0.5817898783960184,0.870183378369921,-0.1585829195484204,0.23340739822929835,0.36911271096175624,0.5426992211844416,-0.5360839041378265,0.684814487150698,0.04227742132240875,-0.6018288749180356,-0.34315929895114794,-0.7786768500762152
177,0.21515726587951545,-0.8862212411791466,0.797837563224985,0.6478425183264463,0.2120029524959598,-0.8817363455331935,0.22481543417289052,-0.6253189916175417,-0.9545160581216342,0.8248750516039672,-0.0551427187107838,-0.8598818947796809,-0.35516548796245817,0.6536257975646965,-0.4496909123493844,0.2075770052628656,-0.491071848080436,-0.46982716744209363,0.9592850320416522,-0.5230404276419686
178,0.32640095892087195,-0.9063327524784182,0.4658806774590849,0.2625110758100301,-0.17951731092554735,-0.8048941950700242,-0.05196983641039732,0.1410722217900603,0.3707125906192331,-0.03639426321288841,-0.3738029494890315,-0.11869516034473804,0.31560967755472835,0.8224157431224318,-0.533222918162239,0.47331436022664364,-0.4782051378864203,0.037726704010225265,-0.22790575267768387,0.16791521793631636
179,-0.11391309810560335,-0.8517179773349365,0.9378551300399105,0.6653719272386432,0.2748490320902165,-0.454152176251839,0.1490861283654481,0.6558381058626933,-0.8399725157517661,0.7622923444388631,0.9497804834383112,0.3774905708968803,-0.4392984869193328,0.5819562791767084,-0.8975159122084514,0.40132459820392397,-0.6254610482481185,-0.5267847097158866,0.20508592196422515,0.7314687454041853
180,0.3862832378997577,-0.9782021596592264,0.24726815303423377,0.0694989990037983,-0.37043119860629525,-0.7846361474065995,-0.3924624862157233,-0.32862799322091474,-0.6315792560546242,0.19324346773311374,0.41132269494115903,0.640948767006803,-0.8292611056786205,0.3198190362123866,-0.385588528397411,0.42722657201850045,-0.4843109433001479,0.5089044032896813,-0.041605691169653625,0.004848784625366198
181,0.23056920143732207,-0.9836640128638389,0.3926053432250185,0.46922330996149186,0.25411569126979605,-0.43979141032003577,0.7307037683026152,-0.2663553315266812,0.11042724573896645,0.43925331717492344,0.10723751142879911,-0.7237988357467631,0.5582277724248799,0.3891475716295386,-0.9366848157152461,-0.15010646568656638,-0.8727607851052956,-0.6260929798318875,0.14972959557782728,0.7525712302905139
182,0.32670965621228254,-0.846395692957774,0.6187016749873835,0.5009793706643503,0.061119302788741225,-0.9698326247253695,0.9611368807168958,-0.6276702165690913,-0.630431025263325,-0.7201062349135794,0.5414876529154806,-0.2421129883975197,-0.030059281084352518,0.49039224037396834,-0.5516205702539887,-0.0671182410913378,-0.4965208123922471,-0.9850968010997981,-0.47339294920878927,-0.90400448633203
183,0.14554659869434128,-0.6379946417636315,0.5087511570332104,0.5162770687733808,-0.1213282926305912,-0.7296571352404924,0.9362523871350041,0.13445776965762446,-0.9344773681940106,-0.33843492076519843,0.4417389987078868,0.49462310914095875,-0.12687538802557985,0.7714036704554622,-0.96327087815199,0.3003067200315883,-0.27347540689913685,0.037627900300949535,0.21395887883780795,-0.14453435763621336
184,0.2754141710803816,-0.8712445495089678,0.6934421311218981,0.4372690788443895,-0.26783503642227413,-0.6374746330609382,-0.876454088171825,0.7067165672914107,0.8636180238896455,-0.04412636312020701,0.5669367259356342,-0.3182269419033039,-0.7198416839690694,0.5486334051073326,-0.5206722396500318,-0.18953941603476754,-0.48517297618690536,-0.48412776237675703,-0.5970840466379433,-0.19692908297612666
185,0.19961811963141274,-0.6512677121568318,0.5415185829822762,0.5248492103512271,0.0059214748368731085,-0.7565212450571557,-0.2486855018881896,-0.627136780446955,-0.39385152007211,0.5412739305908364,-0.2342184199823506,-0.4990331600990658,-0.9836720325644783,0.39864342149999465,-0.5583337287904016,-0.9572279710403818,-0.3629631957264321,-0.8218963323416454,-0.6699162200525715,-0.849928442117363
186,0.30762606348693067,-0.6622793246170753,0.7879115050832648,0.5514019113484258,0.18501273760763282,-0.9369876261471498,0.006059500376869531,0.0597949828121197,0.8688033936323044,0.45655618813574417,0.2758247419371307,-0.7844630350706034,-0.960496062810668,0.2535978844834176,-0.735842560559336,-0.36782036068444024,-0.8229957608500729,0.5302627214831216,-0.2947753855493249,0.7576297352055346
187,0.18265120484762953,-0.9741536787118662,0.376645326462957,0.20514623831381174,-0.04592673143397885,-0.9553607580928221,0.4808494872639024,0.3700710350123285,-0.7868164193251876,0.9531743715447768,-0.45903494141486634,-0.6963648456143349,0.11256649992416223,0.6714916002918084,-0.8027215396915848,-0.5265026081952,-0.6435236301056262,-0.6728402400114757,0.34376970207822066,0.3033267307679939
188,0.19029891285547718,-0.891727903719821,0.4223093563256439,0.40024534448088567,0.10439681318300786,-0.5599167157006797,0.10994584564507393,0.33641777462244427,-0.9041383426178999,0.10429273487260049,-0.8585493801042152,-0.1469678470888114,-0.04083139490906573,0.3568156601332956,-0.7754054430125795,0.5641443214847159,-0.4639967694569125,-0.7995678104381005,-0.9288272812724085,-0.20876793790753012
189,0.11790932390048281,-0.9267170496640215,0.6829479064981745,0.5764957465756558,0.4207418346461932,-0.9611781882309334,-0.7137179027687741,0.9947950145622738,-0.014414223132346526,0.7085839741217724,0.5626779776811599,-0.5237404349227328,0.5003469785412025,0.7231808964852101,-0.013290558100248484,0.7002535544069775,-0.7997484691964848,-0.27173272283215444,0.35666858746419816,-0.38129587166202394
190,0.19956064523406736,-0.9441888459604929,0.5567096347932801,0.4450020701427132,-0.13923847912296794,-0.45733272813209813,0.16735586838144978,0.6850210647461509,0.24415798038518266,-0.38771004076308413,-0.5101064012888219,0.7106064527680465,-0.8647295209684897,0.7748812743726899,-0.7774746659500411,0.9051680268050488,-0.5232016206648729,0.3946885097863987,-0.5022937392357403,-0.834134915554714
191,0.30009383539869117,-0.7338312075991673,0.70842942271129,0.550092965644411,0.14586242530563187,-0.9619685211762644,-0.659999593894645,0.5270240193543679,0.4783991444737069,0.5274087724943907,-0.7372340139601214,0.6669569426488748,-0.29910787539381556,0.6959719834279999,-0.643301288424972,-0.9317703850254626,-0.6656069526430489,-0.050667264547041624,-0.006502017749720479,-0.7724727215047827
192,0.37697876401894537,-0.7733010159696625,0.5155905965697374,0.26350440794014307,-0.22031965272521836,-0.5812745289857596,0.3798473410161587,-0.9174530733519755,-0.052411117172295296,-0.08506075658052392,0.5168680010845934,0.7835521583715792,0.6415905457966478,0.5575334895208964,-0.738550087989956,-0.1516011271557115,-0.8066669287394806,-0.04937026344609052,-0.17779477482106676,0.37429292056995545
193,0.37806664003202706,-0.675920622671448,0.7518247721754654,0.5693100937892964,0.061929949098292636,-0.7572727276114422,0.035280397542999165,0.8546114050702288,-0.6980276007103501,0.617943371357398,-0.06948373420665677,-0.1529763774760109,0.9650530399066246,0.5674240032172216,-0.6640524675235588,0.6355075308329887,-0.39812941282535896,0.301885045905785,-0.020185606126884803,-0.8178268624077127
194,0.3827107143493115,-0.8632685221665006,0.7539984155577533,0.5374095495340104,0.20674320918861377,-0.7050502156877143,-0.6912065043875351,0.28008724974426846,0.1944948352403889,-0.4081325704365474,0.2914519217157019,0.8855867110890119,0.06866990665380568,0.37325270401165833,-0.9690453821442166,0.3537644846002095,-0.6642607696817249,0.3811582871895153,-0.3854782769975472,0.4492198686275075
195,0.31258797437891095,-0.7514795375464622,0.48671083277693805,0.5082998754605293,0.018220584008167617,-0.8037071480929041,-0.913536254972064,0.5664556233986603,-0.32370686679858385,-0.011670914093349083,0.5147017101533284,0.07208764601930318,-0.06045230790474432,0.7734777075668259,-0.055383348361336404,0.6483216314427902,0.10399536137121246,-0.9031744921859785,-0.7838680138028458,0.28576227398278875
196,0.377341403902442,-0.7331722708476671,0.8428194473026716,0.646247975110343,0.188789773733132,-0.6207438589300158,-0.6040214475972339,-0.6650714118240282,-0.5283605970456801,-0.25500072001970886,-0.0624136438250249,-0.8261881529248487,-0.7332640732356718,0.7380321708390559,-0.6702894980116942,-0.2276186280986714,0.0018956757012550396,0.09619654918215181,0.7252340500108425,-0.3793036717102388
197,0.1124431114560801,-0.8501909278769992,0.5579279752032527,0.6439132709794352,0.13845274924531836,-0.5948269377639451,0.73883700861006,-0.8002682107899168,-0.9564364607255069,0.493005980707626,-0.3423889109458299,-0.7650796235530928,-0.6164356496519622,0.6161756097014607,-0.715485458604123,0.7125885099676494,0.08508913732482537,-0.3151252922275811,-0.6311478084483628,0.6955215597714479
198,0.18026608442994296,-0.9361999155668733,0.5583135609133612,0.4014394358844938,0.18168650354460614,-0.48864170019075387,-0.10124770383696868,-0.4582009968557724,0.6179843476760162,0.8121576709239496,-0.37328405874401793,0.2799553109933841,0.39417736867309916,0.6601262839642698,-0.8005367183164968,0.4798398773549577,-0.3525216734136615,0.2644633149258514,-0.3783892167710309,-0.7413837357152044
199,0.3638962644286513,-0.9495887761241091,0.4357288278733935,0.339985260408744,-0.3681104844089903,-0.48468398672745705,0.5792817342905108,-0.021059169845289105,-0.07490863810938597,0.8973278163742914,0.39931223090970636,-0.9350715003239516,-0.5465563368435433,0.3691017402561648,-0.8135676412199393,-0.7878329855383003,-0.5148786950646596,0.1004412144322181,-0.0604056649637591,-0.8644231549025908
200,0.15429654703959905,-0.9384433702224639,0.4990312029155639,0.2974086109379329,-0.3417476700165222,-0.8060473283931585,0.25925569743500154,-0.5850806276412764,-0.8440922998123865,-0.926933432160511,0.9401813620305717,-0.6416636300759155,-0.02134476776909011,0.725772867816585,-0.40640984870768426,-0.04291908281168555,-0.42043577342515837,-0.8241674219680312,-0.03758617265673514,0.6356711076481665
201,0.20098329303817952,-0.7528172286783239,0.6809504834604814,0.4314529558833421,-0.1635582542264855,-0.9579930644548854,-0.4142984065507286,-0.4940277335284974,-0.22364859579262697,0.6231438959966661,0.7808717051807472,0.05045981695732005,0.9126118226797406,0.5933989288848641,-0.7063219268061824,0.6312305637874533,-0.5745562441353746,-0.7053170265134147,0.12732320936509622,-0.9290670518955044
202,0.15688722150959078,-0.8972969068958786,0.40351223642375866,0.4434202590805366,0.29209427653187203,-0.6485885193182168,-0.9535351322495076,0.8109791743400004,-0.2073347863162145,-0.30609925940124394,-0.13877101317066076,-0.7284072966232191,-0.031261671010961334,0.5928021423512649,-0.7337028862727862,-0.8673142066430802,-0.38896168150101373,-0.7080043399240108,0.12282553103047555,-0.5055753758405592
203,0.26307612008895964,-0.9757030599383429,0.5615844363968052,0.42396385270479475,0.27397682513603694,-0.7231028482919096,-0.10673292480780705,0.8816631871250858,-0.5501435106564431,0.9659616814450943,0.12412689397879584,0.27897670966038257,-0.8616666918488702,0.4815803438395788,-0.8460550190943383,0.5356146554822134,-0.9081465808084942,0.6051672336872468,0.19321737464366562,0.7155688168649013
204,0.3671585530463283,-0.8713938623937587,0.43861001846338543,0.2149665469793699,-0.37749489553436644,-0.6177545127049078,0.8970199403672265,0.9138036116740668,0.14458718618962096,0.970378681413271,0.7610241496687533,0.16608829862514374,0.8493079998715078,0.6285310131093683,-0.7404849586522908,0.4098333571067434,-0.3699116433424442,0.31905079515497625,0.3695125803461472,0.08073347066747938
205,0.22370302427393007,-0.9413824166075239,0.39487529113117104,0.5017379877628713,0.31427738578239117,-0.9001753385028953,0.4200054212668869,-0.4358640100852855,-0.3952859284602128,-0.3568254990800659,0.49736591733715496,0.558132775924955,-0.4303910837759318,0.5824397943154876,-0.11269895879714109,-0.3132802301065859,0.20793716298033005,-0.9508505488893039,0.4518021223746571,0.9854723682234496
206,0.2820128860200576,-0.813146156818706,0.5675685841455624,0.3394231549574179,-0.4925817447761942,-0.46387498107856895,-0.23975140750687263,0.10786206210729621,-0.09736436989479269,-0.06723700793778264,-0.8472974308970387,-0.14176892122980023,0.6418468198686065,0.3664396298013314,-0.9697255363229074,0.4438413774700394,-0.3464867337795351,0.1466383154915657,-0.9560214510748575,-0.870556431767408
207,0.2643264353867464,-0.8853426806278653,0.3378632307105507,0.4042028144884954,-0.18242778080745237,-0.8532244890245854,-0.9899491378537938,0.27276352056168507,-0.9001118688332211,-0.19443569824064577,-0.6581172611824706,-0.8686937014136893,-0.34177576076498495,0.6165386529440998,-0.9762219121224867,0.501724174913458,-0.3248178475507639,0.04212756801912987,-0.7677636291782545,0.44768146620118143
208,0.40782450462241215,-0.94011277573448,0.7104384204044876,0.6949220210059458,0.2531101341848935,-0.450931148222393,-0.3703243313922081,-0.1574934745245894,0.7214938294451853,0.6894976860650422,0.5294566448436409,0.9739563448200923,0.6583274012445928,0.8897646187353442,-0.7206927116188685,0.8631323014046051,-0.2993073096459816,-0.5486660550622338,-0.5197589175102886,-0.5467228152703208
209,-0.12844628844350336,-0.8468544919681706,0.8885914691747145,0.6381733433394455,0.2853186519671914,-0.9395324447954487,0.33769156594022665,-0.9469813290970249,-0.18940789740310082,0.7387810496732713,-0.7828890850937036,-0.5864883751278778,-0.7836672357823606,0.8785841449411945,-0.9783163862321037,0.037460779320013904,-0.00222886141586498,0.11937890370691961,-0.7642647579548245,0.34677347640234535
210,0.31238592184903025,-0.7635307666373397,0.6371963174916215,0.45650175081526345,0.12693167169851105,-0.7397968602744205,-0.9773806250378457,0.7128527465458846,0.08196301631966907,0.91916914720251,0.7654366156386658,-0.11966052067830635,0.32640682731434456,0.36811548319293996,-0.8861845436252193,-0.366980369852994,-0.5834996822011502,-0.6728621287478941,-0.325841591129276,0.41721141304166154
211,0.19957839334118643,-0.817852471826118,0.5782481670768385,0.6066400268818252,0.08413992090273104,-0.9487467733729361,-0.43252807641277236,0.7607320691081613,-0.9038952719173787,-0.08205791360577519,0.29470501646512726,-0.38678941706144143,-0.59701136000922,0.8842660527874612,-0.19617651094657562,-0.502093788102995,0.23999929554667732,0.02002169565695755,0.9128660686431969,-0.545848939364352
212,0.3685443834598482,-0.6572807564276798,0.3567019903684432,0.2672456265402182,-0.46468399160411744,-0.7183320283580774,-0.2894167771329146,-0.5194075426660532,0.6808054804581906,0.34099644653171823,0.2647730412695184,-0.888549435764735,-0.4653508157772198,0.46263392042494955,-0.7483913493784069,0.2337960129616461,-0.5788976846709131,-0.7461038982824787,-0.08096127415578025,-0.2574559250641433
213,0.10619536941820995,-0.6791211833066044,0.7168293334198819,0.6672787238062486,0.23333896890392658,-0.9213864916153791,0.612411320410889,0.8261133690104666,0.0731510200337756,-0.3171195539961009,0.821010444108552,-0.48097672027127925,-0.6395213299074183,0.7330669430245537,-0.4174319100713991,0.6875292545336156,-0.26994876086732145,-0.5932426819644545,-0.7032284899700169,0.3083617253005766
214,0.1490669877051286,-0.9512746392053902,0.7917120398374708,0.6197967330877391,0.4714924888130695,-0.4557137302946357,0.773997152184245,-0.5418022601541798,0.17032940508825567,0.5282166063246977,-0.6440306049001199,-0.10225399834607718,-0.08723745843359165,0.7534382773780374,-0.8489092959872391,0.48371971216844356,-0.3122564537561854,-0.1349364367185334,0.061204075147364145,-0.7021149451724706
215,0.21614175828451299,-0.9360524054032493,0.4231444443360344,0.5561389291066409,0.07544569370508192,-0.9342758598036595,-0.5915735535468606,-0.8188216461291882,0.02105384040948255,-0.009902659281829984,0.22930080445018142,-0.008318117284586979,0.5743991245522213,0.21113052427360024,-0.6269872555599747,0.7163489594546191,-0.8650159758283867,-0.715559728648181,-0.489414982399467,0.975047032425552
216,0.19530965197762884,-0.6216761737394425,0.8111025075294982,0.6423134032478152,0.30332512368281483,-0.7374048631655784,0.4795736935336883,-0.40029102305754727,0.10486321087641193,-0.31806402208455975,-0.972531689148744,-0.675814747433374,-0.4141473666630755,0.47306554902401465,-0.7970136797112481,0.9616370860499706,-0.304788121635453,-0.891094340487086,0.2451775469436659,-0.629707863507061
217,0.16664843267049012,-0.9305502121294686,0.6425276271032669,0.6324931564535236,0.14119809477759493,-0.4665065595864518,-0.1450086910546743,0.7427098609314479,-0.410786231835096,0.20664471211628854,-0.49027628599146245,0.6219779239471475,0.05732486395908665,0.8108249100967714,-0.8036006350528795,0.012327387077906815,-0.17919381623041353,-0.371927884052201,-0.31612460980968127,-0.3541770491512768
218,0.27059973835607554,-0.7781121006698315,0.3590839424028125,0.4241813028198437,0.047675194570822144,-0.8902367239814413,-0.7842994109705514,0.7249130423541085,-0.390673721774939,0.9395018236264009,0.08438415078300965,-0.6040117027627709,-0.2798657472730558,0.7948177612048196,-0.29087876672203405,-0.8134044849661843,-0.06876986630819426,0.2443980569353289,-0.8730197086997565,-0.7329661911843356
219,0.409795926375763,-0.7742165132977521,0.3076727094951506,0.07147564496231851,-0.40734990938915805,-0.8206751545620723,0.47451247952964826,-0.2157425325340433,-0.037918153785072795,-0.8301792272016499,0.25670668837865396,0.7416204013408167,-0.9071197231945717,0.5051975775851941,-0.9272833845842052,0.35817537222122975,-0.2994570382497145,-0.5359228790951702,0.0048015692342735505,0.09778072886991551
220,0.3513233528503469,-0.9190469340961445,0.3484689237183849,0.4226602028400296,0.1323306553058573,-0.6644561204399941,0.07652634821038662,0.3743402635786507,-0.5749549625326822,-0.8369634512247555,-0.5176813289664725,-0.6301540218464423,-0.1084799228361516,0.8714466451477666,-0.681072443254882,0.1716255208322255,0.49945849026685896,-0.889188634012568,0.3678855873961715,0.7582769372172671
221,0.20687269166269873,-0.9585156105522145,0.7576445782497758,0.5816826883476122,-0.03268793438507567,-0.704482928111916,-0.5248957016556035,0.0007198086309773144,0.03244431037828044,-0.5797931774567182,-0.4341288542303151,0.7249062581372494,0.6110296914938695,0.7573856735708137,-0.5408595313692306,0.3932906751503775,-0.6853533403012065,-0.030961694979985355,-0.15217036728753142,-0.3566337489953919
222,0.33890836478171493,-0.9146888919188174,0.39953924645477423,0.3822812703795714,0.19787868035782863,-0.8393216018052895,-0.45214248826408565,-0.8682364356278531,0.48051868247022267,-0.4897242916635087,-0.12950200914232346,-0.18971947533211098,0.5915298843944226,0.3425063722141911,-0.4369732342442303,0.5960730511267269,-0.865409897646367,-0.24552183166904318,-0.2450262319775628,0.5343368365395293
223,0.3957382422012602,-0.6989672704735606,0.7099672025043768,0.7165072077572915,0.3845222471289683,-0.7683376545118442,0.9406009651208089,0.45605641313462375,-0.7954260633732202,-0.4419231025854561,-0.5393189047631592,0.01418479166118125,0.7565092992649995,0.6221610028348542,-0.7841396068098421,0.9065146195179303,-0.041503114846135,-0.6386197029616612,0.3718897607220779,-0.545995708477572
224,0.2699689441825516,-0.6592200870092738,0.7212841035154558,0.6004421122670952,0.5213294904070543,-0.47566421241870815,0.47629286339793553,0.804122017007275,-0.7129050256407699,0.01227550014998846,0.6075795800484387,0.3736511892411032,-0.31292758199467674,0.7543495302259765,-0.6901889818766735,0.6198878841498954,-0.6409939562114126,0.17625238115690267,-0.6869590890958147,-0.9703275741368568
225,0.3419325748316798,-0.9337663725592147,0.28987994629809144,0.24008938884548947,-0.30156571682650346,-0.9575131673339177,-0.8067408458717229,-0.6340831975693704,0.09746639802823542,-0.5434039743322896,0.6496215313082587,-0.9320939123247041,0.1632065048893998,0.6186710003154564,-0.6409818167108625,-0.3114051526139717,-0.21406749508073752,-0.7665876374960803,-0.7430011148125817,0.9654894560590239
226,0.2668128463887648,-0.9514193979307369,0.5846832570599729,0.34366953703158043,-0.5742884442009626,-0.957014845319733,0.35212159279091004,0.7664637286854993,-0.3636947287679956,0.43871442702826957,-0.41246991054273074,0.27014982945856403,-0.2555889074728791,0.8127822391687255,-0.9703089832810775,0.9511983950707636,-0.24734504454878325,0.01389084688430342,0.3551733230206069,0.6750738407610588
227,0.15854505128702467,-0.5737326483252143,0.5712495743248411,0.3698276725985873,0.1778674664659866,-0.9703161066746012,-0.21833168590389218,-0.13473214739118677,-0.8856217127429397,0.7548570898231689,0.2625196427499532,-0.2248119851311745,0.2956877489817107,0.8165938118591448,-0.5402133980266026,0.23690191259763038,0.5196772328581999,-0.11961944045662165,-0.3215500642664315,-0.5324015331363225
228,-0.019834251847584472,-0.8740744761497825,0.7531577605135213,0.7566412187729575,0.46434360888227155,-0.5823013176362556,-0.9192323258083269,0.6931567390294625,-0.1564364533715843,0.9076208335465447,-0.13982385465012448,-0.7130571640986276,-0.17182578447972086,0.9457479878695977,-0.5012732689583728,-0.7995324178395055,-0.25637976555868836,-0.2975768005501903,0.42964679944908,-0.024535961319986255
229,0.2295762780294789,-0.6322695096778999,0.4408956796447421,0.5176122870108556,0.1681029469751424,-0.5899714039498669,0.023085568365239117,-0.6906921450365984,-0.05536559236495453,0.7277294698668023,0.16580710465085868,0.3464553375449593,-0.9150063929544653,0.6768613198624976,-0.6467632109972888,-0.24733592290002293,-0.14746726625336204,0.3460825822390231,0.4975232068616813,-0.26197727654808844
230,-0.00266753235054884,-0.5611508273814583,0.7528320216577578,0.6197808540922204,0.17659022009725633,-0.7319289786364646,0.02129669504645393,-0.7876546494442965,0.0014806296774660943,0.3729454466374035,0.44170672014823054,0.5161320589703058,-0.747500075408997,0.9335203080885451,-0.8069144204206499,0.8686767390604084,0.005137774930228045,0.03486503335704072,-0.1844054375211186,0.67410906549849
231,0.20177812425065766,-0.9831666118450244,0.4142127633669892,0.5056346113661864,0.08033834024786934,-0.4198710925430519,0.6762863767540241,0.21637105502650023,0.9502400095891489,0.0015141950291702733,0.6107240743902029,0.8209094586115282,-0.6340996947792156,0.4554575906466357,-0.7704717749812232,0.6231148942951446,-0.7711421737638742,-0.1240543207774657,-0.6812392130112189,0.6167114094858637
232,0.37208321777280695,-0.6767757623562418,0.342149901007363,0.2890698985884731,0.05738822950881628,-0.8468059756932907,0.9899476036953139,-0.2695043065510837,0.9284982465905981,0.1698711943326522,0.05733864620373197,0.7599257084603583,0.17732382105371336,0.28248402866663536,-0.9224258843018689,0.9742943281902272,-0.7140070090135822,-0.06755876065438815,-0.21302701813057345,-0.9332150044398929
233,-0.04157207428324117,-0.9927675908814824,0.7493226870442946,0.7298599722205031,0.4392910760860834,-0.3773127840592887,-0.3992808233638474,0.9170374832771732,-0.5173997230393825,-0.1473576057591126,0.5651668607190607,-0.8925293803453245,-0.549742723444416,0.9367590063922503,-0.8828372850755918,0.8557745900698366,0.7325866814846437,-0.8836189829087497,0.6500598555962818,0.8193544894109837
234,0.28278487542468234,-0.9896290049584192,0.5177848679961596,0.5470024357893074,0.3045006410545369,-0.8514328257323771,-0.08615426529409131,-0.618503178290017,-0.28367629392284877,-0.5379222349410582,0.5148631409573765,-0.4068396514162703,-0.002294439900141443,0.5067240446133637,-0.4691913553019116,0.3701652430853073,-0.3807445113804223,-0.41177566139777644,0.5975024044460695,0.893800050268656
235,0.3130096485283814,-0.7261643631476636,0.5977792728465503,0.6107696342357735,0.22484774562045107,-0.7244315033530015,-0.3417947687017501,0.3063456177731635,-0.07752880728810185,-0.8026558563977465,-0.36682605354301645,0.7018602728376717,0.002935224616547938,0.7896736153688183,-0.8000750088722269,0.08159374241712358,-0.5606521505176296,-0.8238768737591949,-0.04215660212633088,-0.96787754329265
236,0.38691365404299016,-0.9384683753820346,0.12565518741552362,0.2227786187578079,-0.15309193448969582,-0.7555284160290425,-0.41779238701938237,-0.448012315851663,0.20804722742639903,0.3683345289903154,-0.5887741054520446,0.7925282160843505,-0.7824187113634041,0.5291235374134321,-0.7423547769798998,0.02500638102520769,-0.2737464524143235,-0.853230476641458,-0.003410089555028528,0.05422812804135502
237,0.19446613473268093,-0.9758688448815879,0.6840678555061996,0.4738431229194281,-0.08419916274057782,-0.9130737782550966,0.5977045551567728,0.270896410153984,-0.505495704250366,0.5052592429909123,-0.0778807828220418,-0.08147190377585667,0.5899455488213035,0.49570229983487957,-0.5206167047741836,-0.4345037564720017,-0.26192327552416905,0.14908662564187602,0.2758530278337803,0.7335696324867493
238,0.0019276368544842715,-0.8449785974435061,0.8260023917223931,0.5578741213696704,0.3418917302807095,-0.9739664568204243,0.4792121452685323,-0.7355081063317959,-0.6010543909668782,-0.7618037973677947,0.6256599058773735,0.9846025352154386,-0.9898424385185179,0.8322323253127518,-0.39340345754273176,-0.6611957456399445,0.6566425969597299,-0.378912326837482,0.03790879281731496,0.3972857842866937
239,0.31540231431814536,-0.7737740870840969,0.2571298003432092,0.33501498821709397,-0.2846737429573619,-0.7602477238133136,0.4537281178582182,-0.48308367920232165,-0.48929541249165587,0.2954115107828049,0.22907421284038398,0.07191444064441521,-0.05370471375992647,0.8477167248993812,-0.6211939162379765,0.9685325015918513,-0.6363888613805906,-0.6761142234856437,0.1611764326068872,-0.8918961346213653
240,0.2140426143550761,-0.7059146229124533,0.3859434145996179,0.37308372948765334,0.04047909449958598,-0.24906020845746313,0.5119553579558263,-0.8779844751564837,0.24636628969451702,0.2863343502602004,0.05249026683733704,-0.3185415846459949,0.12132269313763944,0.6192320467076075,-0.9387340344564988,0.45950606788376547,0.3259581687807619,-0.8417573547579085,-0.6544622714929883,0.11838391429053319
241,0.33064103204829653,-0.7722421297779725,0.6251362576343467,0.5736579950356625,0.3236193651003668,-0.9095875450469904,0.5335565084641758,-0.7818383943562872,-0.8356240528910028,-0.9420246359952312,0.527751646820986,0.7609168096340937,0.7936090467912249,0.9590818002171672,-0.6999249866795825,0.9545425603610511,0.4247705246397989,-0.19020436184854939,-0.830389207997966,-0.82577511276423
242,0.164594350592414,-0.7785769219010541,0.7982489580548264,0.7402189824541164,0.41638462657425734,-0.5563477592541257,0.8051385734958809,-0.39596111477900064,-0.49813399620111376,-0.8509469134253278,0.8707515856566495,-0.9702836812912534,0.265602504648889,0.401083404639213,-0.7425097630233879,-0.12065692602032063,-0.6998078947260595,-0.5878768792082951,0.1709318898112413,0.9842862502506027
243,0.11583179252841302,-0.6262976052378606,0.46554652974635147,0.26917939455514983,-0.22205188998650227,-0.976806168446903,0.4975629169716511,0.25383546612663166,0.1250645446584554,0.3096668437792144,0.4770807446666159,-0.7257949337238356,-0.8649262964552218,0.7662036043338735,-0.6160228940743381,-0.09138499833429103,-0.8927661458193511,0.4606144555651298,-0.5527860264585875,-0.9499601682662435
244,0.42835991976446774,-0.9665695096442736,0.40313543499347415,0.4477010533884126,-0.3621514858049053,-0.8558688596609172,0.8236911461721068,-0.03510703098110812,0.4542230710854839,-0.5968133619316451,0.38300795531126175,-0.7490880769954391,0.5804289070174142,0.889440658450431,-0.9656836145347583,0.07389133603265585,-0.5581075726053796,-0.29126476140459046,0.10683355019205831,-0.620557382180859
245,0.2930761920985071,-0.6465784803170822,0.7613568857501756,0.5227779102694873,0.04574104500735243,-0.9330253100001575,0.6532788905842342,-0.5595362331682288,0.2171844576081251,0.1871481265334859,-0.09357385303606702,-0.2972560437460907,0.92819987013423,0.2717607395959264,-0.7605452358230835,0.6365098485648726,-0.9366587836141784,0.4055350889696526,-0.5556306526358079,0.4839715325189127
246,0.35577979748200794,-0.8304883216818839,0.6462121433498467,0.42368086985016207,-0.3154986237690628,-0.4054122204931605,0.40824526028190244,0.5902075321931189,-0.625137171718859,0.7102855724941753,-0.6796851610074146,-0.543379497222058,0.612583218915278,0.4828098271158269,-0.9523405026693132,0.6597649966411214,-0.6892969950974455,-0.7568188431072275,0.19311853029336334,-0.18458740877610158
247,0.19211692901583366,-0.9834528585707156,0.4395338452672053,0.4230166188834864,-0.19740696845393202,-0.3038573047773735,-0.286604728449528,0.3024409623520429,0.8515361030015253,0.20589215850827502,0.01930761046553675,0.6728132549379109,-0.16611317485142718,0.5106192844327909,-0.8909266128988708,-0.22979062459540056,-0.8896570471681954,-0.839946513390126,-0.8064645505341325,-0.4839879205124392
248,-0.10994971001502563,-0.7650958496540832,0.8298321049255915,0.6480210912362826,0.33696547493709106,-0.5242294404536845,-0.8652753115184638,0.1442517474305992,-0.019765141072459302,0.18582290944149726,-0.07787841317935973,0.8177788740939291,0.7381501335687057,0.46397956787745975,-0.44657808628616136,-0.2543681954653777,-0.45298390659048793,-0.41357295129281546,-0.28940014382012,-0.24177089241518634
249,0.31165774997948026,-0.7850206956398227,0.3115395876600957,0.25671240031971687,-0.26382038599232305,-0.43412047186904335,0.5174675057547551,-0.524123298214435,-0.8890719316326579,-0.4407920957912821,0.7713721942321212,0.8941127341022621,-0.7195460821230775,0.5750203883710735,-0.8133808133246893,-0.9847959706875914,-0.7873694571691854,-0.2042524341253571,0.8710214980219888,0.979296671257716
250,0.05821674458618464,-0.9305131131950806,0.7349673022431322,0.6395606431150015,0.09421117481328334,-0.9131769832751785,-0.5535530170404321,-0.21006407211920053,0.15085849291860154,0.023017859896435344,0.08742766875532171,0.024137652829524736,0.7817411379232557,0.7387910856983194,-0.5416099112266747,-0.015990196119091138,-0.3336758791285712,0.45436807418958913,-0.5748301847620559,0.5053946733189494
251,0.08757301961967123,-0.8459731383128476,0.8464453452575746,0.6037481575761855,0.3581844749007269,-0.33855217037804397,0.5602276857760395,0.512405907812498,0.8920853000013887,-0.4916610320663183,0.8620034008622794,0.9160986122316825,-0.8735691092015975,0.407544691735381,-0.9905091198689058,0.5437355338892289,-0.24729228511023804,-0.9753934424873342,-0.032794485584368926,-0.24266776453232974
252,0.0035520502054370295,-0.6874165377954322,0.8334436176507964,0.5774045138818668,0.3538701544278936,-0.5457791396319978,-0.9647799739725401,-0.12972810765375575,0.29164924248537016,-0.7026930000207998,0.9538550315835939,-0.6942162567247523,0.3339509581633615,0.4195611540856482,-0.6114868911706193,-0.13792343886221992,-0.6827871243629635,0.2811899540345736,-0.3249827351393937,-0.8439191416089176
253,0.33859751550782413,-0.8329211814807544,0.2772085540236273,0.2107643456392877,-0.4435900669095838,-0.4835100590613369,0.8834011747947712,0.8578609468570711,-0.30395286722852455,-0.7304304086450657,-0.05912217093340422,-0.462619988111445,-0.7687837476316249,0.8605852617204607,-0.572956211279572,0.9345691414705566,-0.10650823515020169,-0.4508236129758735,-0.050982879731369946,-0.8056887588367498
254,0.3776742749099061,-0.7297266672089471,0.15409822735519252,0.14232972781750297,-0.39491379399354043,-0.35116502439358355,0.2733543657771931,0.9742157527277012,0.28803375100489215,0.44091683664561565,0.06187120457995521,-0.18360130684928988,-0.4087700754332222,0.8623501167081676,-0.7063384729641072,-0.8152001949257783,-0.07689121250244824,-0.8940418292782769,-0.8164731918369373,0.4159656104030667
255,0.30493968744627387,-0.889623152682545,0.8261193462419025,0.697867171172393,0.2609400843232784,-0.9601728238078622,0.1523250596703256,-0.02972700487772384,0.9490296842427485,-0.7820391984726617,-0.45087269793169116,-0.0011753376794205739,0.9771515456037387,0.8605604150040272,-0.8260593106458948,0.6804369174542841,-0.18529196074435317,0.299227801413816,-0.34612422943002863,0.6579994910205444
256,0.1079056731815694,-0.6009768979019039,0.7008687169639454,0.44894918992443456,-0.34100386842833363,-0.4350869686058809,0.4343014157159104,0.03333583137269358,-0.36892491157383756,-0.011277232503762336,-0.916760606705536,-0.7723108347138308,-0.6186567660489419,0.7408331243786729,-0.701324732130554,-0.939030575873139,-0.8769351856410141,-0.777661032298317,0.17658942752376738,-0.3318292104143016
257,0.21703231395878053,-0.7619517652500969,0.6591625521534052,0.5114226269141738,0.11281645355413461,-0.24117743932897973,0.9372115021423535,0.6029802976342252,-0.8084703933589964,0.7939673988483832,0.9473404541832355,0.8321107207022778,-0.532778853087247,0.5091830517152783,-0.9605575017827971,-0.34631248911123547,-0.5923144340943267,-0.47687991075515956,0.7520306591017276,-0.5448705769409876
258,0.39916108972476094,-0.93947151484779,0.3848985175653594,0.4706726923822465,-0.12077817816301939,-0.8864297330784053,-0.23876844915825002,-0.8559771963296122,-0.5335148139569976,0.6674871061934023,0.3533618914741674,0.5650403972696503,-0.8787840402980365,0.5773888106149127,-0.5244120730601971,-0.7609541606464585,0.07536026799395301,-0.8484061722254338,-0.6704472933619043,0.8152626610593072
259,0.4029848866175382,-0.7619103931407257,0.47920783826966296,0.5024975113412805,0.22360105983311096,-0.8300053358445559,-0.7036464151460196,0.42694297958519145,0.33352301311770083,0.7707804633281977,-0.4352585000812469,0.07293149820272715,0.00689760431183517,0.6017075876199997,-0.9363851291747117,0.9494118068580775,-0.4315569295156264,-0.3883403105110744,-0.0568584782428283,-0.5671590709599751
260,0.16100335590729642,-0.8241840505612774,0.7338422658321786,0.5989990079249327,0.5271638909785875,-0.9219591737164159,-0.5722112268934968,0.5030928487043024,0.547711499095127,0.06242606322792599,-0.9389286852158627,-0.15405906027664606,0.3197066033363307,0.615139948617594,-0.9883790344337327,0.20153664885936085,-0.4245531140715689,0.13641059003418043,-0.4392461984299437,0.05634048228486166
261,0.33952422095059365,-0.905972873958313,0.3406941710225755,0.43854195611922975,0.1084644622174945,-0.7054071893350002,0.22075085880870993,0.011177135305109442,-0.9654491295824653,-0.32455393777601604,0.1939158349373178,0.1183394432425211,0.06871008739256101,0.9325409566354462,-0.6797777136760108,0.09909860960428052,-0.5709065172349876,0.0826804054561131,-0.82528912417357,-0.8444388629993105
262,0.3498800704627526,-0.9667830348823909,0.36974988857627444,0.4944341643415401,0.31878279619201366,-0.8955314148313968,-0.7242946519302633,0.49499019597592053,-0.7495158672242731,-0.8693154526566631,0.07464084982205899,0.16277123705894292,0.6369566876794455,0.3983776646899345,-0.6120260096725441,-0.4524816171617252,-0.7392496641049544,-0.26120202761335265,0.0685641832715389,0.5619065577183346
263,0.14070778301117903,-0.8927308226649802,0.8093322819259783,0.5497273416950724,0.14613277836215588,-0.9326278356024339,-0.26597649611911023,0.5596263394949091,0.3818605559593181,0.9034734080725461,0.6609165170843401,-0.4524906638874524,0.4565682311885808,0.609710822922711,-0.9720697210439039,-0.08365706788151739,-0.14497799986900795,-0.009303863380293764,0.18368205075698896,0.06014145609701793
264,0.05482917883091354,-0.5621801962691698,0.5718111793316025,0.492330338926498,0.05596344136944775,-0.9025345322205793,0.5207485572521815,-0.47996309887589217,0.9334015430441293,0.6759525441070945,0.8186088594291732,-0.642713077063159,-0.4428189549829531,0.8467595608458337,-0.3902595268112139,-0.7707893095534186,0.22549380273608566,-0.5931074291135086,-0.26176280386214357,0.23494882092447633
265,0.37075956819411104,-0.7184113441834585,0.3252931416930118,0.33039442899761984,-0.0911652211116486,-0.780827795372521,-0.2612195291450976,-0.9668941181337257,-0.5870135262726579,-0.1801820489600804,-0.8863283942014998,-0.28469121595672764,0.3622568590267605,0.5813630701376894,-0.9089381661729632,-0.386536555684444,-0.560258614097976,0.27972664190623664,0.014947253778903935,-0.22381945272919612
266,0.12402758360684485,-0.5843031867409302,0.45997848971946564,0.5030768007782048,-0.09368196108551541,-0.8411104395772389,0.2283836783504456,0.4142017804281076,-0.9275026886150839,-0.5584307644765066,0.2658141691279967,-0.8459369980615266,0.337309740783855,0.665837566644142,-0.9251637344265358,0.3535809207786298,0.36539198943512197,-0.2493394762807869,-0.3096702129499366,0.24703173606382212
267,0.00941534553155543,-0.9664710537715395,0.8104198469929564,0.6780644185530978,0.4210972314591842,-0.6190712251752613,0.40233115708695344,0.07172689316090664,-0.9623879842259041,0.04487448769968194,0.6331840267880307,-0.04632689320622163,-0.47864004836311536,0.3116185417165932,-0.6612171495666879,-0.7035185349446775,-0.9871823982789898,-0.32415528717458575,-0.3887641428392278,-0.42659528669657143
268,0.35142882848472323,-0.7094321177683136,0.6941938723765231,0.6484535091269791,0.18182576125729188,-0.9017984784382517,-0.6484130441474716,-0.45705116980137583,-0.6419974757648775,0.7913313114396928,0.010177436940910667,0.6230693222544945,-0.8510649791081779,0.9228849215701634,-0.3358745641259281,-0.646975365495567,-0.9128813759488119,-0.49055037423797443,0.31974443692719956,-0.6761729746274248
269,0.3886330338452225,-0.7746736171632035,0.17328954008481245,0.0768236514353221,-0.323919795127808,-0.8671575912340477,0.7832522951008039,0.2223073665769829,0.042708996915665653,-0.7635816480880869,-0.03741721836342782,0.06948086442784507,-0.9311670219872458,0.3556557384832034,-0.40397844087401014,-0.19924442026338962,-0.48314567022241073,-0.8667741082841125,0.39062309460364464,0.42490031629513325
270,0.1621450990766734,-0.6950748351139951,0.5336796007201641,0.5000629214893698,0.28949795435798,-0.7334083910066165,-0.7910407839466844,-0.5061425587582593,0.09293289092206514,0.34725659248198537,-0.6241315055160948,0.3813241381748229,-0.09664853024607167,0.9473388629494609,-0.6499619375996941,0.505495793194173,-0.7649296464112412,-0.4761726949557954,-0.5953978547187095,0.6287426390270812
271,0.27727427495211965,-0.7778676044092898,0.27305681632464807,0.15405574814246747,-0.4048300190717329,-0.7052850897964918,-0.10686906977650645,-0.7939604213664896,0.22335592932852733,-0.816453506002832,0.41149143288559165,-0.8238562296705537,-0.5362783781538603,0.5159186856313768,-0.9008448835792837,-0.48989054787377784,-0.39736205505696953,0.45766440323187274,-0.024942708217367993,0.45950296547556757
272,0.18266023017105304,-0.7681607049153911,0.45479128099427424,0.2967071326368972,-0.30101315449248345,-0.7833671721054094,-0.6606914213214452,0.5762894469423158,-0.485661884090994,0.6850075625292343,0.28625752970352436,0.4046760885706091,0.8464431959686809,0.8683847889074071,-0.5038947816798311,-0.0880779426585665,-0.22593141042714515,-0.8144957773942725,-0.15375294948726537,0.22216465285956155
273,0.27447132712883493,-0.8243590545816223,0.27312054755495674,0.35701602498735696,-0.37088133152234337,-0.8007142915014078,-0.30089306429782814,0.49441774308976927,0.9855398901002382,0.4798179918439208,0.3059101722215263,-0.5008174347283533,-0.886363800426932,0.7631567216044516,-0.6031338204926662,-0.6035556635286344,-0.35496409242714855,-0.43777523245123395,-0.5311921548867815,0.7000108481897249
274,0.22338719977293342,-0.6607697327930915,0.32503905536141153,0.3575772198268995,0.10139047764273357,-0.5391735008144185,0.84931638961107,-0.14979524325733784,-0.7612360384968118,0.7700379055077916,0.5522652797097252,-0.6019062926824765,-0.07191925217615247,0.7105166595960882,-0.6568269033789733,0.8221567805359757,-0.27599296414788876,-0.4308239503388236,0.06275651606031962,-0.15127401934207207
275,0.37946913942694727,-0.721752283526147,0.5323607483410144,0.2923252964131645,-0.04837218947126143,-0.6348432206774963,-0.47470358011929437,0.09811394177378185,-0.8707617760820292,0.42965065732558017,-0.698475814210649,0.5252950645655896,-0.4979849621851204,0.37570479533446177,-0.6995947607300743,-0.48324436627207135,-0.4357549373621762,0.3059842432189005,-0.03475918722353011,0.22427146463352132
276,0.09760095382754808,-0.5702333185352773,0.828529960267081,0.5896512070395853,0.21828082463816367,-0.7248800196610595,-0.6865029055897871,-0.40874600497872127,0.0706225956454013,0.4992030240348787,-0.41416602249336365,-0.6066627920896623,-0.9448464347899169,0.6288478748913783,-0.6862970176258905,-0.5413444945632041,0.052288554911855134,-0.014190597268592842,0.09237583024732654,0.21682018611258425
277,0.110558777032986,-0.8935066102293295,0.5365672187110466,0.4908550547583551,0.2703643517479303,-0.6214416146201251,-0.40359017397881325,0.48138119603178253,-0.7876270859182236,0.03271791211013253,-0.9821555246137909,-0.43304653688794226,-0.5547172006418706,0.8791503105862623,-0.9315568451337221,-0.9371715694066626,-0.9318220673922556,-0.35784733725289475,0.8461792507185755,-0.5883678539506378
278,0.3705953076309393,-0.7312750675908106,0.6878385037679038,0.4703987395510053,0.3473241600582092,-0.9292998421787413,0.9564088639656172,-0.2618084087514363,-0.1743625330043811,-0.9926230934508352,0.6288432030153694,-0.029203058926343783,-0.260957197515992,0.7795365456365707,-0.31037910811093683,-0.03648733956631123,0.575808451343976,-0.27737999522451595,0.26576601502523434,0.6417515612635241
279,0.32709720997739045,-0.7577844107509977,0.5815180862533544,0.4939494666997807,-0.06739380481336399,-0.7798146748150316,-0.42701675503410286,0.15803385848635643,0.5964504244759786,0.4133095776064065,0.7438855023263329,-0.40479113164702885,0.040780137279544215,0.5921919879486247,-0.6967435267111353,0.14827533831045359,-0.08457874116171982,-0.770486322886043,-0.7804026674630156,0.5758625764619794
280,0.18565935540751666,-0.6170460884027489,0.815739459400497,0.6432126173310683,0.2334596467064215,-0.6275466536547625,0.4882571672856564,-0.6046552868392263,0.5496491334608001,-0.20091964413566332,-0.3742923738344881,0.5710796469332684,0.524637983566203,0.47006085232647854,-0.8107523466530052,0.34281786088738,-0.3820180662896795,-0.3370564634149922,-0.059746551748423804,-0.7207653145874319
281,0.2387811294581842,-0.7439863715516901,0.6665397441150775,0.47139980066858456,0.1367953066533919,-0.6292388333872115,-0.28730147187791144,-0.3387379683546523,-0.9709637181235565,0.18624958869706243,-0.292728519022766,0.06394984972983497,-0.3919054084777882,0.8375643511969676,-0.5643466497202957,-0.6442488490599324,-0.8200622522409055,-0.20419313901091463,0.014287057843102469,0.26052480637236153
282,0.35041862970461535,-0.6650062004793896,0.19093560793467867,0.23845931610200932,-0.013588086727556958,-0.7699101276559346,0.6361891599131491,-0.37103908755099224,0.5338229566700535,0.1224808241821641,-0.026202681819691764,0.8922297416684519,0.348036186827571,0.8675085802004084,-0.548534905366447,0.5765583926820277,-0.07057962632954895,-0.6348735862588696,-0.14856420145082505,-0.6548715126514617
283,0.3494008754367014,-0.8806791902222104,0.3518558336351514,0.4652715573094136,0.3367891195042979,-0.7235456607607844,0.974150353549087,-0.3871706866244601,-0.6013100400598287,0.7604965763282293,-0.579417104476805,-0.8619841123128966,-0.26592655024343625,0.9171726402209645,-0.7971676397698566,0.06405501894805243,-0.800194574641481,0.28384976611681545,-0.8756267368933602,0.7852362202439269
284,0.42992892590627696,-0.8867473677415927,0.4762066034011636,0.5887310760675858,0.4306834123978932,-0.39204533803850183,-0.6353596088330542,0.9673840261617842,-0.3731293197383918,-0.1326171441507018,0.8529485410377751,-0.06191986766633195,0.335408388214133,0.522160540864257,-0.8488941224482472,0.5575768716096765,-0.2902298525314745,-0.4486086369568204,-0.08932903725294272,0.03031487118795817
285,-0.12458929253403628,-0.7274693695886172,0.9303639007493476,0.6627673122158037,0.23958905269445985,-0.6560533815440239,-0.008876021271393864,0.45102434621709275,0.44510318721358144,-0.7029066612393344,0.7619758600196525,-0.18593626027220966,0.2729411443041885,0.5250308157403599,-0.3927275982297128,-0.11702991145954944,-0.01101476924329492,-0.6769742840713158,-0.5757089485560354,0.2610457969925484
286,0.11468661040344552,-0.8448241213087714,0.6916501509395403,0.5436678315645121,0.007472887613428125,-0.3772945415840784,-0.11009682853212166,-0.7836477066015362,0.40223235683355096,0.25072248940555075,-0.7227850459135953,-0.4916639940555019,0.3486067505548742,0.4148023798894497,-0.879006982625288,0.6494822343827358,-0.8807150629048499,-0.5561500874871881,-0.1863454155266142,0.14658902069206659
287,0.22027705976694711,-0.9296357282618244,0.4823718684513014,0.4620756228134596,0.26698578222992986,-0.5866547424620813,0.958255840884134,0.9183023591296028,-0.8226717116373685,0.5317742138986324,0.5318811933496488,0.5201410867115888,-0.16444980378434704,0.9655817078012704,-0.6204463331690118,0.8730816798810008,-0.7256795640391727,0.3286739967019322,-0.5022137421383945,-0.2045165947697165
288,0.23690170517992526,-0.7011037006726306,0.49076307656774,0.5890960879838957,-0.022152032910976893,-0.7195043568950688,0.8400126656083484,0.5640045072943795,-0.8594705512834858,-0.07465562079303345,-0.005726276204095604,0.5559120459103639,0.3928145675812116,0.8530200972224079,-0.9049089864409925,-0.4508263629649949,-0.04196444990242165,-0.9697764118548214,-0.20691668597107038,0.312572136885648
289,0.38071346628578506,-0.7205484082875262,0.5051407968628243,0.6316789428541173,0.45415842648241267,-0.7464051303566424,-0.3022637763892462,-0.7126389715684316,-0.9228593193165547,-0.3783048124721389,-0.16420006918514884,0.6248751601205922,-0.1314026274683573,0.9468351079055061,-0.6116210461353955,0.9667138642257769,-0.7862488432391522,0.6562801153316585,-0.08615288695831091,-0.20859931879922444
290,0.30848653608340537,-0.8185519375506838,0.45552351615347075,0.5339411019160304,-0.10644568556498235,-0.9640069818611665,0.6893386615439148,-0.7014109696263686,-0.5158809310467057,-0.3837765073487426,0.005778438276244691,0.22935163543503,-0.6201730330034332,0.7470693944243995,-0.909011594870258,-0.013723840180601354,-0.379897858171258,0.7031679538309507,0.5926675772760979,-0.34586603037658403
291,0.2368423470825548,-0.723135856544505,0.5501326879719033,0.4597516127872535,-0.0031664312671784156,-0.897126601813691,0.2791338528847265,0.8045943170511723,-0.27262786773274383,0.0933618367446497,0.6860439571228496,0.5886302771439667,0.3328354753560212,0.8431813697616507,-0.2657631541971187,0.2331406644070233,-0.5524841981279281,-0.39918240444944075,-0.9088267780343103,0.766414378862553
292,0.3070797777398583,-0.8839574711152892,0.5801654720585894,0.42107936372856625,0.003114982260604582,-0.5513938519230942,-0.7294740537205255,-0.5726376809678462,-0.346060388427076,-0.8087833949224611,-0.18086013783506072,-0.77438340446284,-0.27073193621369884,0.5064153487358493,-0.7527686221624784,-0.9532126026188137,-0.4377520680478729,0.43589734049329365,-0.43917577509038397,0.6529291907649988
293,0.3641510115610166,-0.7289677606852845,0.8184669296359803,0.5676666217924063,0.014676159916664155,-0.6957559008765932,0.2888872912539635,-0.4277205501183011,-0.3455060648752749,0.42480948600369783,-0.22408714015157238,-0.5655658465475819,-0.3254720174306194,0.8126866218441969,-0.5791124246598928,0.16382465247268696,0.0725556142683822,0.10024541050678148,-0.39801494838405505,-0.830929274612633
294,0.07621862785725864,-0.8864622632710387,0.5609967138646634,0.565523354151139,0.2803987136394209,-0.737895363380335,-0.5581897193558787,-0.5396115658502134,-0.0923726242160765,-0.9025593587200502,0.7018689598959775,0.10652606069994075,0.6546047464719633,0.9734754522420964,-0.33952587515549104,0.46382491471132314,-0.21269122443363375,-0.6833903154966057,-0.00909653729179316,0.30525068013962176
295,0.35833034635832617,-0.9571304320321293,0.8180221684162436,0.6265589124622352,0.09386569507318165,-0.4548824564653502,0.15348683972760058,0.9541084790743023,0.15461844990259477,-0.6488813211167509,-0.1757024948149296,-0.9045710151771229,-0.09512194433783261,0.7955337170742584,-0.8864842696455533,-0.13933704624913523,-0.05497585843884312,-0.9310118593337579,0.2758291810089133,0.913533446641017
296,0.3065021988175992,-0.8085727851018921,0.5517263452965737,0.6599878236289604,0.3848866521929001,-0.8643080729274388,0.408608164872581,-0.4401884253089696,0.6417591683323284,-0.08463093664895638,-0.07787123898879456,0.5838821403730492,0.5203765611950801,0.24621857579435036,-0.4050304383256931,0.7521310883782701,-0.8168402545545339,-0.33680196277205776,-0.7630909053753085,0.4249670491798059
297,0.3482705634046438,-0.6760350225899339,0.7400348543701274,0.6777513172195143,0.4952772123766903,-0.8461650264940944,0.6586508185916469,-0.6473100833942959,0.6642249304690079,0.3283669061511555,0.07837549268257238,-0.1648662515196596,-0.15792791525299532,0.8613083753559142,-0.48624808242985595,-0.38656294034607763,-0.23652425439474734,0.4506762568623667,-0.174438652865901,0.5314372548126136
298,0.28126484249990324,-0.7704256724003669,0.3872306959008698,0.3653188352199218,-0.1178703822310675,-0.23015477664200357,0.2717433941203742,0.12684571372960518,0.4720594524387526,-0.5130731750893727,-0.29781340076898233,-0.7454135717382308,-0.38358413505490974,0.675912245666448,-0.9597387019674293,0.4552950717864719,0.25770929116539076,-0.5252082600631042,-0.7390243870539119,-0.7214284168151851
299,0.012503686063682129,-0.882468810910097,0.6212666486364251,0.49585763511214787,-0.18914275470409314,-0.2589241021668027,-0.1296957689482371,-0.16488945357570284,-0.5020123706311451,-0.25741884304918516,0.46206225317653793,-0.4026607775035824,-0.4773267697779989,0.8509797245103871,-0.8899494935123297,-0.28249921318033455,-0.08574626174975708,-0.8535321733078134,-0.4197754340656843,0.8048654249983944
300,0.377081052588922,-0.8991462392155842,0.25312089540617255,0.31251508169432596,-0.020657635986763845,-0.8561780687577589,0.20561026584183417,0.2576788345810067,0.17479864601352768,-0.4043237966748138,-0.16199471361657924,-0.4819478079016717,-0.7728287957835814,0.4316066405306439,-0.9222168316780165,-0.6007307004485863,-0.2768242021884305,0.4455753475345975,0.26647729586168545,0.37978320104870256
301,0.420468132832693,-0.8974159295013173,0.595979172339439,0.5538352896232109,0.3889882260895582,-0.882456848159704,0.22818791868201904,-0.7348836578216089,0.027051174844194725,0.06168644359845088,-0.8459180689874827,-0.8584608182435534,0.767234477581507,0.7170773962726292,-0.8026065789799508,-0.3538301326857056,-0.9247078877890915,-0.29227661599812116,-0.3161809625003219,-0.9609328297053197
302,0.1073316786164965,-0.6274756960834824,0.7093608295853857,0.4597755136459786,0.24739890145324284,-0.7923067269863946,-0.08358186165639137,0.643203719353307,0.5728862601738359,0.9351896841212411,-0.7032199007391577,-0.3416714934829348,-0.8693011078293388,0.6193204565702916,-0.9795572497443151,-0.6271762471404044,-0.31881984475201774,0.24387070422385426,-0.16357273556880136,-0.3719890403107795
303,0.3734815638121386,-0.8750808993909298,0.6114702284741977,0.43679502104075973,-0.06842202978341294,-0.3508498379909397,0.38170655916369967,0.5859210372025606,-0.9136698700794381,-0.8708326617145975,0.3673296574709328,-0.6554975738943903,-0.2343748665555121,0.3590065670404424,-0.7797032853229262,0.18492404856315425,-0.8801334884703477,-0.3256897246815469,-0.934850285275983,0.7835455364473372
304,0.3300563818472039,-0.8909667520490866,0.5025277401514738,0.5668825741961173,0.18654023202021308,-0.5385950023068813,0.35767873778737247,0.034312763876643726,-0.04391958997928558,0.27502720234287314,0.7557121057256653,0.6152289206586914,-0.8025891970332724,0.9449504637755718,-0.5455678767795362,-0.07267735811056952,-0.7513460807926923,0.24746934940695342,-0.7293211884131161,-0.9972718084355238
305,0.12451729977896775,-0.741216011222829,0.6200607565752132,0.6410431871811825,0.1707307139689388,-0.6766137635461118,0.7822927791345269,-0.6164463715786414,-0.8246375722172145,-0.8696242970556747,0.5893411496264573,-0.9106685608319016,-0.9499864785712026,0.4544843501021386,-0.8408337850195298,0.26047531552500014,-0.41162200837026863,0.14199146754247616,0.5020703838770075,-0.4507299462928084
306,0.26718850901308555,-0.9608320733705851,0.4766952161659088,0.3315333526508234,-0.355400188682372,-0.4069383916386724,0.45473054967464743,-0.9801251537424397,-0.17175078092243556,-0.05208060702054873,0.2996212840375634,0.04574637129776504,0.7939908850276249,0.5101500731194742,-0.92921842444424,0.9027779939192819,-0.8065345993310867,-0.4684165819713507,0.2158450387884978,-0.2439540367703419
307,0.2729737698252811,-0.7561171156746885,0.6071659434222114,0.5057075552474167,0.3000449863102247,-0.41472820574192937,0.9554097230309528,-0.09731326055056133,0.2936681366270205,0.22026544632706513,-0.5269617932536232,-0.6845999290937417,0.3402427049866936,0.89734219915921,-0.6300052227796751,0.8933139877656873,0.21836971630261515,-0.32823919240520416,-0.35198812806001023,-0.15329036361421466
308,0.07291594523347789,-0.8452963696279031,0.8053051010576864,0.5562363372451194,-0.020794407359284395,-0.8326469220026758,0.025027634379688912,-0.9764004952435383,-0.8330831487141837,0.0793920566700036,-0.31006727189784866,-0.05484371527476217,-0.1576299973401638,0.3545898383406355,-0.5348494525125299,0.35989248228027226,-0.7051975365433638,0.2655020396519593,0.7658147462011871,0.3261201196171837
309,0.12073053514183651,-0.6814328158865216,0.7917261572063294,0.5432769434183359,-0.06140832360957349,-0.49970620791021314,0.8509251629998313,0.28623435251837803,0.7988002777364752,-0.743990112052276,0.44453669768920423,0.5490620506828425,0.048106183985246576,0.6490324470046961,-0.6912625620079549,-0.6907174449249831,0.014093579006946855,0.2639714801094718,-0.43020286998253543,-0.1074484564248529
310,0.1167844487712234,-0.7390924818729188,0.6380708791770209,0.4279287985258805,-0.05460852421189877,-0.3989618414855033,-0.49376734483571705,-0.8110953992393127,-0.9654777101359034,0.6163033709620575,0.8286478954155667,-0.030947256356386288,-0.44873741171256065,0.4610990289013007,-0.6662805267368079,0.062140495961809705,-0.7385142360240879,-0.17296910040727542,-0.15225448242778417,0.4151302972105131
311,0.15631160737721272,-0.762657817950226,0.7568898732616731,0.6441823267626255,0.4411025546068118,-0.4777517410704485,0.21991276724203046,-0.011779396421958244,-0.37888335149969044,0.4601474808859617,-0.43001327335439765,0.47303147629406506,-0.26894867168194625,0.6786038473382231,-0.9055116554130024,0.3139952692338983,-0.04641658029487905,-0.9554569278512486,0.46733393336479745,0.4051456209764315
312,0.3548308737112934,-0.7440622081451647,0.5696770541467973,0.594268611003636,-0.030842532566479508,-0.7576020468120253,-0.11685154230978978,0.738982010730794,-0.13209013660310376,0.8651225947489417,0.21240958642840835,-0.543619261923253,0.24363143164393053,0.29098687021005654,-0.5253508950867466,0.3444444893815679,-0.7948774554924285,0.5297552119853085,-0.07891859086111874,0.9747716439617846
313,0.2922622299814409,-0.7167308626518722,0.7214845859999417,0.5891581302998731,0.4702848893427022,-0.5085039749920557,-0.7763280680618991,-0.4742594367787768,-0.4978294608287423,-0.003171840566579154,0.028860986703382663,0.5930491949782373,-0.6853524245835183,0.6148268424716993,-0.9365416014453991,-0.02267697014231107,-0.7799931959781146,-0.6576745753034925,0.6581069297632047,0.4389541418586036
314,-0.09176239735248404,-0.618809482941753,0.7902042091689077,0.5195804955551772,-0.1728397795565988,-0.44680753644036153,0.8367051846523552,0.18583352038339596,-0.257792343779797,-0.8762485362405663,-0.921734951533898,0.5469283634825524,0.6203782692995556,0.4818598133231996,-0.7509536659298355,-0.4613601136306531,-0.1688111519713108,0.2106561401489927,0.11723814610939387,0.5663165785764808
315,0.34947573728030157,-0.7158340129714398,0.6022876167923432,0.6508643210506683,0.35489039565099356,-0.9058560976785175,0.8158077546083449,-0.4135983961933192,0.22234664693825368,-0.8966294198288169,-0.6288191880096297,-0.8702594940761693,0.32462616693725543,0.9351721527274744,-0.804540758070211,0.15474583891159832,0.06207091026881961,-0.8578430747553464,-0.8635133790310647,-0.6293047776945201
316,0.19541520173865712,-0.8570032877692533,0.6311260057936636,0.39970388089148845,-0.043804910568514766,-0.9174630614289895,0.691667496606718,0.38959733754695114,-0.27241925906674513,0.06489256551144484,0.047816919823425286,-0.6877399611115103,-0.9436935589312336,0.8509746015536231,-0.6527408757350989,0.435486654142039,-0.14026564063856628,-0.5190457257320396,0.3113727109997966,0.1857802894292655
317,0.20239116742734764,-0.9721811654771522,0.44882728368456504,0.2804590117011755,-0.38989267672874806,-0.9192621873486,0.25859873772526654,0.3243029202583404,-0.736761374994488,-0.23146534183861678,0.6604540150849052,0.0004458028721961993,0.7506741300303992,0.5218524161665811,0.0783630518012336,-0.2529368597971211,-0.22037923354076783,-0.26309624827484734,0.4408522467215461,-0.953537591319314
318,0.3871772615179393,-0.8363376580159121,0.7733202650203359,0.557686206562955,0.4372606929839401,-0.7596524702450258,-0.6139011630354116,0.801886294430093,0.4525305031449557,-0.7836362497052102,0.7716745777931464,-0.8511728128962399,0.8979595148903794,0.557653017031683,-0.9376868897420573,0.533122079363678,-0.21051168728824288,0.08060978564898236,-0.8048505113632407,-0.10786040976306643
319,0.23224674461053751,-0.8919819769463613,0.44421879528927954,0.3833798513684886,-0.19142459059782313,-0.8672647499951538,0.009745990442333596,0.029600043609446236,0.1873150540611287,-0.6057123248121911,-0.5480234298186559,0.6409931982526831,0.2578592597127285,0.8685514290303497,-0.5929534906196123,0.968854098328559,-0.7471005240113121,0.13149589684742635,-0.1329912904717495,-0.2131959733609401
320,0.16334650395785733,-0.6273087830654226,0.6013225192930105,0.5853288345192992,0.28013471545178714,-0.25390841367851547,-0.41000766280123435,-0.34097191095711954,-0.8366634795816243,-0.46550783369457305,-0.05895748687172109,0.296147403407123,-0.14565420550515118,0.5795335551427591,-0.9099217200963706,-0.8310983458325686,-0.020236280944056606,-0.5006744010079418,0.8369414279351348,-0.3208502484761604
321,0.3344087669711634,-0.8385609400347738,0.3953437016737327,0.4584551342453821,0.25755663179549326,-0.5066915990794154,-0.19003326607730797,0.8147882053127106,0.8214043001239012,-0.24433495923433712,0.12121464880869426,-0.7566099073297197,0.12453264297628963,0.3628825603509819,-0.7282798442621577,0.37505882889305475,-0.6758533151693842,0.48097555336875597,-0.48269775466255993,-0.24352584640939767
322,0.09251111555732605,-0.8672695436986576,0.5345964702061254,0.48750439257858325,0.06930340001946267,-0.6805446835398545,0.27096221656275365,-0.006125735283793232,0.7301642782851906,0.7965828614269007,-0.7876186180752217,-0.3175225553515737,-0.7157696066954868,0.9164177954472376,-0.7693783604815738,-0.35261892423340546,-0.4917743268669329,0.3399850847103997,-0.3311309520905582,0.5015130720256817
323,0.2541161397806443,-0.6485434139893167,0.3619500440229959,0.3472713444160006,0.09606269780774934,-0.5396109282344197,0.7553842592676356,0.6121082477195398,0.086022542077269,-0.4182420518108292,-0.21685933351133757,-0.13368777064132942,0.6700746241802296,0.7093193554768465,-0.5443240193222847,-0.44158549995284757,-0.829440792817879,-0.7770271886661428,-0.18716744921434136,-0.4389837295088368
324,0.22863702329163804,-0.9563882376478583,0.3726150513843578,0.34752522206475767,-0.46980676745050387,-0.8504431937529717,0.42512578130881873,-0.905798110361584,-0.8706849293552555,-0.4863554722168365,0.0393787634019207,-0.19057291067932858,0.5615373087361395,0.7446129031813563,-0.8052492886099212,-0.2958355333779834,-0.03358063173942427,-0.28732965677635625,0.073078921610082,0.6711795112477892
325,0.007312172716510967,-0.8852175178649119,0.704187043269062,0.6129946935571239,0.03727183148290758,-0.5466273678316064,-0.10745285709424424,0.24024346343942204,-0.18538724549979013,0.8003350066173948,-0.8817026092847758,0.6174873311874591,-0.5980623133390334,0.6855427225456358,-0.7938916799083676,-0.36343971351304827,-0.8378011321933823,-0.2181357519686169,0.008750812808927422,-0.331449790804798
326,0.3612620708188138,-0.7869772151695198,0.8690549841416799,0.62379587263781,0.15493218456491908,-0.6460686442207042,0.6363442322411117,-0.5095750325889468,-0.5669355744150124,-0.4292069306559818,0.5308432583513887,-0.29375697360699415,-0.23748545883624528,0.472558839075503,-0.8209695117601413,0.3728526871374178,-0.050601217028360956,-0.5089749069396554,-0.712850486478802,0.29892688019974445
327,0.19886437452404737,-0.6400661080123208,0.46719071047492844,0.5611992902564137,0.30329893179734657,-0.747586118752641,0.6323378501900301,0.8526959277553247,0.050934819419745536,0.7784049943866717,0.5182331151209476,-0.48937786538388983,-0.22320155142208775,0.41799378511830054,-0.7974910475810165,-0.8938734985072104,-0.2587301688293545,0.4445645685196803,0.17069617625266997,-0.26371614973801427
328,0.3895678676512818,-0.7516805341163599,0.8634255193390947,0.6717558055110543,0.3783191367468869,-0.32883560702091263,-0.7472876383910598,0.5664253150407602,0.1821625247983959,-0.056277624563317974,0.2062446161043172,0.7014154216448354,0.31612073071099545,0.95308358012645,-0.8111073857839736,0.34568378289289026,-0.6722546112696155,-0.4641979106974955,-0.23781849664825327,0.8238031792569795
329,0.11372597727341838,-0.9650394370869676,0.6037772348866977,0.4656938306397599,0.034018795490363796,-0.7505796978381378,0.7602688037276946,-0.9678346702535496,0.9548649104582935,-0.9392112755544784,0.7253166484862905,-0.4512075381439138,0.007542005898161008,0.7071313507811133,-0.12236015821389334,-0.5606561197939174,0.420497830915303,-0.27956259790234483,-0.6101792419929977,0.326598857693682
330,0.09509174451383273,-0.7050587718249859,0.8388837174890218,0.5867973115776245,-0.013621540632794527,-0.5825803723416156,-0.32097964904580933,-0.42548830524481807,-0.7010730462665464,-0.09282631337236436,0.17208585224755035,-0.14822888175370574,0.42752103284127263,0.789323086252209,-0.8965026034075884,-0.19530010690559185,-0.04650738465721149,-0.053133569327702634,-0.5754135240472449,0.17498606026091323
331,-0.09566041132832126,-0.9195068792696773,0.7636592279098862,0.6281305295538689,0.3828226905630435,-0.8188571350316279,0.7580173873999219,0.0977436781130373,0.5802429311536254,-0.8163586458244532,0.5003496962767673,0.3984828413099559,0.33930330514704354,0.6536691278432539,-0.9229058687530574,0.6761796058297711,-0.4582363699541816,-0.20156178708912675,-0.40519851792068673,0.6673274312580608
332,0.0744666108422426,-0.7183883942802998,0.5614771930363183,0.652256389767682,0.4871065253871135,-0.7969210333848824,-0.58945327537595,-0.6571390838568452,0.3167281406989645,0.6985966481445508,-0.24185289619972017,0.3118736240880602,0.9112200184681161,0.9628623120571344,-0.7043935838002091,0.9561360087654327,-0.3150683957168563,0.42109875759740933,-0.6833220207818351,-0.2658129711438876
333,-0.05717997117835216,-0.7827685279996339,0.8330692895227747,0.6736517419675899,0.26808075941746956,-0.8681927371219381,0.31116436314592977,-0.7884259587550895,0.5413942738778789,0.5672298839980084,0.951286660936193,0.4380903675883243,0.6800836370859242,0.8662816433718853,-0.8384582850028633,0.6675806875619479,-0.5879909151776144,-0.0023483020733028326,-0.49939266526536247,-0.32308466201157093
334,0.2603127357098095,-0.6608818137952759,0.32487697824527184,0.4015025928044288,-0.27436860840028354,-0.8712409007005211,0.04958915247934481,0.6069216180116711,0.07529306045915674,-0.6215036911473195,0.30096347549113145,0.5876165308904227,0.7590573526636961,0.3245932016660965,-0.14202913387361216,0.6283328345578449,-0.9031728033342473,-0.5571881372720766,0.3032830025289084,0.9976405950826994
335,0.22520545908866796,-0.6427580931211454,0.5105388535588158,0.4855299374477323,0.01484800337616543,-0.6298729852964837,-0.9570066450108764,0.9275986085318267,0.881372938291325,-0.38966324291539867,0.4760627567854512,-0.49428289700298184,0.8062593647175391,0.6558447417002812,-0.5007386397273708,0.48810997015674196,-0.07269402460202212,0.09695767340081274,-0.06463657752552121,-0.5962205162645922
336,0.30117542445153933,-0.9656479044560842,0.3464300801175719,0.28735236525339614,-0.37981558811212524,-0.8103238259078145,-0.21350975421575635,0.7458058333081247,-0.6065562593081572,0.6998698422533071,0.03485574237409583,0.28643110033327557,0.5179756132137512,0.3697577089611891,-0.37584855186142685,-0.13450194366205737,-0.9660666066422577,-0.35489748435453217,0.49786230201927606,-0.9882696059378717
337,-0.10850208039178733,-0.5180036805470072,0.767637948619112,0.5954949102167421,0.356867923703062,-0.4945599694078505,0.6018065110742592,0.21255415067288286,0.33014524467026407,0.8054605990749236,-0.5565032931906146,0.7086754158390656,-0.8316208172331365,0.3483199621191412,-0.8563667611730572,-0.6280451103742735,-0.5531345783399664,-0.6930930552603745,-0.3225254086932484,0.38050097684969075
338,0.08451553548306323,-0.7605609900601943,0.6320987618678102,0.5413395286956472,0.08070460246582678,-0.824868127480828,0.577811710923271,0.3565440604540301,-0.44780504742656335,-0.8735235221339835,-0.315273635545783,0.6745334842988131,0.2867139211519081,0.44809452588587606,-0.8768698128222778,0.2831917550903451,-0.9036987391793256,-0.4469278959399827,-0.7505790978502901,-0.738130752768248
339,0.30026892156079554,-0.753868756609044,0.6744907801445381,0.5304957290243401,0.05996732478789635,-0.9622221238744965,0.9018681879053427,-0.9570399481514913,-0.6300726461007036,0.5854541033910347,-0.543456088703824,0.7035279671826795,-0.40227437078528094,0.48258173646788693,-0.5822959384751887,-0.1420943308320286,-0.7464922537933842,-0.22712462878419948,0.028184443170406803,0.02433211089036802
340,0.1449500129255058,-0.9639414076811461,0.7432415136956836,0.586513114993303,0.23787418311333497,-0.5954726534505135,-0.8341673245714555,0.7782699277932515,-0.8428507647443486,-0.9927724061110379,0.15549622219791526,-0.8360934912448517,0.7063431101566047,0.4833589833156685,-0.7823092128418305,0.1856792825725646,0.032366147607700735,-0.4118289744228232,0.5845303589811708,0.9901643453876001
341,0.028539710406931706,-0.7058679227005528,0.6040132014288224,0.5618739909552318,0.0620736080918175,-0.615624990543973,0.702236759512193,-0.22801357222716534,-0.5319632505084673,0.6927423377676215,-0.36788388244488834,-0.8033242971456195,0.41071456550727503,0.8745696193691389,-0.8395105754201649,-0.5703418231654498,-0.890259163413011,0.6770205472610885,0.17327680035732085,-0.24137533261948663
342,0.2361352637249169,-0.8189576799653318,0.40923470830108233,0.39046392680267716,-0.5462051952934506,-0.9379242905794879,0.7276994935999737,0.06113108245304144,0.23157623901562163,-0.11706815789042313,0.6810323795565512,-0.44734745855660885,-0.1578745923419591,0.6503252760192356,-0.3157150779691612,-0.5967057034502359,-0.6281354313134588,-0.8299660124307605,-0.6096682083940104,-0.38186638801194905
343,0.16848067572186232,-0.9186770189038795,0.6180508873434032,0.5253368919708293,-0.157842229977201,-0.6073014309358715,0.8843683245839189,0.4512151246728574,0.40674201754714956,-0.3020001403347016,-0.38875923163183335,0.510254391522249,-0.3420859793392421,0.7972447035953568,-0.6295710879207679,0.34741063167658703,-0.8071810610003132,-0.9605232886459244,-0.34765604876397527,-0.6918042987127769
344,0.2544682482452941,-0.86148492509659,0.4837587558377019,0.4324733404805493,0.2698563234108037,-0.5841344940854953,-0.7048217097229369,0.7269647119039307,-0.14125115673430244,-0.5917701039951551,-0.4515510462262714,0.5912063272284114,-0.4577884621049362,0.5212205649211551,-0.7132390113244627,-0.6585257863976077,-0.021777776941440008,0.2085958220357097,0.5737252521305485,0.3601080464548194
345,0.2759129560372441,-0.731186428632434,0.5675728222144436,0.5561612658574121,0.000628416304864321,-0.8052852628793454,0.21367390865849334,-0.7624920816214558,0.8567457198466065,-0.40408933896121835,0.8563538603238414,-0.898260339049896,-0.41251292502833947,0.8954898283601559,-0.17910894066515048,-0.46626787864754804,0.6214718858611842,-0.5564354254944051,-0.8484087316699933,-0.8851073725393571
346,0.14184313497085166,-0.874306999440231,0.6603788033170548,0.5477000566911626,0.058207330042164274,-0.25853119397250224,-0.9441235437384465,0.5044972394344039,-0.31593894755116203,-0.9757550290528026,0.9204477354915783,0.5083892641847219,0.13550184662248466,0.40251744124921995,-0.868277226020948,-0.37222275977846075,-0.2857356075655466,-0.1313664397986949,-0.14877005836245616,-0.6481244959057437
347,0.18755201602192406,-0.8103186539356971,0.758584875591817,0.6658961804802962,0.2796650226205514,-0.6747070754385065,0.741689324490052,0.05735256520066556,0.6530006785612775,-0.9734009726067698,-0.05533812453805231,0.6439830070411885,-0.9293302494033644,0.8126545579089032,-0.9884626143940944,0.8874666862501539,0.023238470652825582,-0.13743771865659693,-0.66668432857016,-0.5448247944012178
348,0.16997224759276552,-0.641361471841852,0.5704047710131734,0.41276094215260095,-0.35228842956374096,-0.5988685966371959,0.9557431104443193,0.13840696444759437,-0.365608767692301,0.49105121239871374,0.5460432017490562,0.7906570360067728,0.533536355033104,0.46034859623392965,-0.7332864153156742,-0.2322743274324388,-0.19415582082859884,-0.7543376166521704,-0.7468130552377157,-0.45008758691315376
349,0.043229025948815836,-0.7617049442836087,0.866271524090495,0.5967463414478781,0.08465900250002367,-0.344540410062827,-0.9533344824211256,0.6871973170662097,-0.05931846511875283,0.46744330098817477,0.40356442928295344,0.6226089906856469,0.6892986133492387,0.3418087882990314,-0.7916796950605908,0.7579603171797846,-0.7568421798746495,-0.7269080133161467,0.21641528041533142,-0.9578482704123648
350,0.29713917095073505,-0.8909637377330856,0.3171560047211135,0.4579203098175241,-0.37321147094727636,-0.94733415314632,-0.8896683288664522,0.6148807214996858,-0.5410529250420311,0.8623310646725492,0.696806093251876,0.5550649292514331,-0.8840926212418472,0.5532433022840576,-0.5980832085872463,0.7119472618119302,-0.16379853892029972,0.021965188869912056,0.4402854263876874,-0.32019323787823306
351,0.024796344019511474,-0.9377376370888912,0.5850182603950096,0.5015915860078263,0.3902375282840055,-0.8399870422646611,-0.07328054225449065,0.44638080197431285,-0.5887502797760615,0.08276310500189743,0.3552771400498287,0.9392044522109053,0.07685184845489856,0.8053034735231884,-0.22218679056244783,-0.0798232756540066,-0.33320909663585396,-0.18393283882732725,0.45522550272432594,-0.9633832308419372
352,-0.057175041654839776,-0.6136296505209773,0.7353902281879792,0.5226956731740734,-0.2123552393203666,-0.8367202730495125,0.5557094720156794,-0.6718360244807602,0.9138258966316314,0.1605330248132143,-0.5884940958416182,-0.09066146908821338,-0.9032772722256648,0.8180515888957468,-0.7167611640553817,-0.896182535734634,-0.8553026835555476,-0.9311808784838208,-0.35511852076090744,0.784899591548887
353,0.23474767160604937,-0.8866943734703644,0.4899369804811238,0.4095627564048042,0.2748821427460896,-0.5669068834678352,0.2341728589173726,-0.4696652163657272,-0.36345216366494304,0.4414947798315204,-0.7483011724840922,0.4276488393512421,-0.04264649331298276,0.9091017623615171,-0.7146404432983193,-0.3281768816662599,0.42585865538473977,-0.18102077856049392,-0.6793029310938947,-0.8646951660827217
354,0.3881154816841571,-0.6935789737022339,0.5801852913939611,0.6551075479879943,0.3787460148239631,-0.685280760409394,-0.8682516607914639,0.16523625665699482,-0.3965449376536645,0.6945410988540021,-0.3822915909298006,-0.3641413692682114,0.4979161882515788,0.93720946199959,-0.9775839565077125,0.7046102721635485,0.2442710494000936,-0.7500809259702738,0.22252863959374403,0.22332251519894197
355,0.348190805337948,-0.7455635467122859,0.4194648441948503,0.5440729190502257,0.39736331319539164,-0.7112201855511615,0.9781963497513602,-0.7633433343504208,-0.972873807976003,-0.0034422405209285634,0.8902287712627519,0.2625685108427509,-0.1386196057493847,0.47652688758521056,-0.956153085603567,-0.6612782935565666,-0.47169643597295685,0.0899669032951026,0.165013176165409,0.22916743961462438
356,0.24563777603277026,-0.6138997937751312,0.7042924387572009,0.481129532422797,0.24283346809544015,-0.7740024831884604,-0.3320789229709179,-0.027900168246728474,-0.38549173943611703,-0.21459184177911628,0.2162189894253057,0.3200300728284644,0.05539164022873644,0.3635695104882185,-0.9445584704497318,-0.5788102280791242,-0.6549049969680264,0.601113479015365,-0.024549477429355204,0.20516804204858663
357,0.13263630925263004,-0.972503345594845,0.7653853165407329,0.5117452914588695,0.1688921810033709,-0.675980585135727,-0.8534252314769037,-0.8781006345841929,-0.8318601337136347,0.45098182311576374,-0.054207584586119295,-0.8019410529035021,0.550823032318881,0.3814445424344485,-0.5630020459112297,0.3629847369566057,-0.8608449976033963,-0.8853033004428632,0.37534878041080977,0.6941295811334633
358,0.14354931304948415,-0.8895690590097767,0.4665412757565943,0.2947824075595916,-0.2839740358029905,-0.3877646336767365,0.5983537451103351,-0.6543876138907787,0.9926955743285683,0.2681245298718916,0.32029057072746747,-0.04242194083263473,-0.12020141326819633,0.7523030947369816,-0.8982598150827333,0.6279269358604553,0.17984646650956237,-0.12373389633975129,-0.3979207389342113,-0.3264120956560712
359,0.34104541282818956,-0.8292475431654552,0.92400274879362,0.6894818779924142,0.2799877301272945,-0.8271940097863885,0.4235921163098244,-0.612154480753641,-0.6066488890207775,0.9214728146343031,0.930832804087891,0.7358601045185929,0.19055262217311864,0.6261667822557181,-0.9535514313253175,-0.23029459048238454,0.2988188496431602,-0.19926089963910731,-0.08039827547385558,-0.5694992603257523
360,0.36826940800923025,-0.6920605450703898,0.4075654761873275,0.538442995747228,0.39103075251404895,-0.5310535998200288,-0.4802110077974504,0.5669157546089899,-0.03293090843674307,0.07129851096640494,-0.4392326575733113,0.8709430564740852,-0.2683376192748199,0.3384100373189288,-0.6672285553080878,0.48758347947705016,-0.6456001899945472,-0.21645146223157918,0.2016458113697026,-0.09595451888079298
361,0.11636342296683633,-0.5732478846638884,0.5125197240058759,0.26915537324480077,-0.22703621878230185,-0.6966516182597213,0.3777788360105905,0.08668812771874557,0.2157734051101502,0.9891860672148237,0.3090771890749089,0.5626299898625471,-0.43820604530778673,0.6977391604063513,-0.4389741313738176,-0.08411742267197397,0.08050422319228179,-0.9033995470353959,-0.8682509054115929,-0.2934816578796028
362,-0.07782023525285242,-0.9740417997974788,0.7239547559302195,0.4695239469408191,0.3312444019252364,-0.6595193699908728,-0.4034047314611626,0.7278752845321205,-0.24057150386581438,0.9630275165388898,-0.3903784510211522,0.026763968416760875,0.37087795702737125,0.8180335877276855,-0.6956566179455947,0.7691852743288754,-0.9737008610240901,-0.18291191892306924,0.6231054163679233,0.23060990981058205
363,0.3277547249323308,-0.7751215796184816,0.30870638162837283,0.40690917714082586,-0.2944343777326518,-0.7527193552164468,0.5127977197262186,0.47449813312586075,0.5810006103577007,0.31995714753459403,-0.21095896666920688,-0.40276771505569897,-0.48150921970365645,0.3526174836019894,-0.9524465674311337,-0.7215625622718822,-0.9194746349015039,-0.7301525468360961,-0.13357283953306331,-0.03356042148331784
364,-0.06609203381802609,-0.6713488955191607,0.7581316160369651,0.7080631845264437,0.4191990335295338,-0.6813109795391189,-0.6829760286335069,-0.47217624617563747,-0.5318338280535566,0.8089032112217559,0.33120001787831366,0.33851309443817734,0.6593660798105065,0.6105286151966464,-0.37662954619699807,-0.20001203909696608,-0.7787711857132054,0.3350361366076645,-0.05867951253124393,0.8193304052220947
365,0.28981814665837635,-0.8550339162264718,0.5407813781977759,0.360101114780747,-0.016749557045005137,-0.7643909226980882,-0.24635371881877122,0.7707766676612547,0.6695939844697573,0.5127052802721573,-0.26080809697304674,0.5625894789982464,-0.6152736354533219,0.8846848844855205,-0.4781111442465201,0.7592565768104054,0.6009305256908842,-0.9193033830368185,-0.7667536764626686,-0.9640271927639746
366,0.3139001206193025,-0.9501896193392709,0.4227434319189023,0.5298655100232433,-0.10969987012648774,-0.31745526552903225,0.8557707647666637,0.5946213362863967,-0.36964299029402925,-0.39779947055118225,0.6223157843776224,-0.5596176789827068,0.3831708261621032,0.7680409814361736,-0.8599388832498224,0.22177250186491992,0.11004049826417017,-0.6515250059231301,-0.5457596749581803,-0.9084941453805471
367,0.18672167455434863,-0.7271956366583482,0.4104407888534791,0.32218690703167085,-0.2136636035166889,-0.7667889934394545,0.9766375948070567,-0.877586856958019,-0.6394527417536388,-0.8747069929555246,-0.3943922486315872,-0.8149199051200726,0.3013813576462667,0.6113451397338189,-0.8259846736917782,-0.2568009463230463,0.16696672134875323,0.007895899620416702,0.02389586923667686,-0.03728052937524817
368,0.27680200171095415,-0.7749784597932116,0.4037484344452045,0.4799203591177291,0.1509874631800271,-0.9013490040826587,-0.31625302153136137,-0.2868442669124094,-0.23583204308712546,-0.030897805588428806,0.8017211986675192,-0.48351069142003156,-0.9487643395927586,0.3264444563899226,-0.26743559436265996,-0.0765538762120409,-0.5844126276105741,-0.3690809619462988,-0.6693493301249717,-0.5905002776736601
369,0.38223187575921747,-0.7782681275140706,0.5209695435276174,0.291776560063829,-0.3643558551595517,-0.9537893604650244,0.8685448707775025,0.6490410766770615,-0.07415863244711463,0.9252484592811027,0.7724500659312725,0.33035461960994295,0.92510920604292,0.36836433521177125,-0.8868237993563473,0.6157774210467817,-0.8130065902047082,-0.88828685170699,-0.05927648068222735,-0.829212783178122
370,0.32947107539808307,-0.9350828107015393,0.43421010290314044,0.4140347925437845,-0.0320116079080357,-0.8544945371666204,-0.44204045052954355,-0.14198903912948424,0.15634684645965014,-0.4760714067989469,0.7532024254206435,0.2809137428939388,-0.07233554228679229,0.6388123316813025,-0.5535785053472548,-0.09317908933373154,-0.13446117415674008,-0.5005794951294451,-0.8541503083888196,0.7077706358600837
371,0.13693931076240584,-0.9628265032453145,0.4608381886859323,0.2897855190017441,-0.5151167146578992,-0.3574982168351465,-0.680557089239799,-0.3327305402065598,-0.1807690157922882,0.4023868647973129,0.7732494152888791,0.20422615586325876,0.4774331919626855,0.8966226469510424,-0.7037037892530988,0.7589719878891694,0.46500726129652825,-0.8913969159784185,-0.6252890487526639,0.47834287181273116
372,0.2855152505189439,-0.633622594573231,0.37108058747378103,0.4754986484373197,0.20735100494134995,-0.42481395820315093,0.5541197929659303,0.9922268044747956,0.7745608253807278,-0.2401916633434672,0.204295145748294,0.5588698974316721,0.5041989892862175,0.8579665062415803,-0.9499860434702195,0.8827005838461155,0.5863598944032976,-0.3485615464181582,-0.6601385272346343,-0.3577705652948272
373,0.2770734774775613,-0.7679123150520422,0.7548031206618104,0.5644533869766314,0.2199820285210522,-0.6965784950157168,-0.9160018814434352,-0.39411934549753447,-0.5176325202096002,-0.809093747166562,0.6600363448685094,-0.5898668230549655,0.08691134770188835,0.7955029719944057,-0.6999487000515634,-0.7218608414639149,-0.605819068847668,-0.7421174843932012,-0.010488188954783317,0.8917346415990197
374,0.17402452243688604,-0.7458584822803572,0.420903195715554,0.34622827513523824,-0.273493417591379,-0.7107683783299505,-0.17563132470557696,0.4196539668431082,-0.11732341943814062,0.21014737343410872,-0.14040545717858588,0.7830937904948174,-0.6479986669264923,0.731261025334906,-0.7991867014121035,0.6129192205640881,0.26365404417853966,-0.1515493975621124,0.38278631203356905,0.05985923745207211
375,0.33569969784056075,-0.7406127440074688,0.5360773155186798,0.559829475799238,0.38996245276376806,-0.961926207688412,-0.5189610715050406,0.2415759434602479,0.7474014533025605,-0.25132158160977947,0.35112273224238244,0.5158285295289737,0.8067841836957403,0.8843947130500024,-0.5852677339046708,0.8100826976466324,-0.24430465941028023,-0.8316585318799201,-0.7777400450104719,0.6058179388909342
376,0.08430224853889634,-0.9880065745071632,0.5097013537856991,0.3814209070645428,-0.1173297223743982,-0.772286312346075,0.5950726259523931,0.33537918983808146,0.498585668767212,-0.2076317785359404,0.5343187609662929,0.5589145922670988,-0.5047959370170513,0.678864461513062,-0.5147650696482038,-0.009077877911983001,0.16633548992130065,0.18619863274866966,-0.5333390292846414,-0.7171312078482582
