,x0,x1,x2,x3,x4,x5,x6,x7,x8,x9,x10,x11,x12,x13,x14,x15,x16,x17,x18,x19
0,-0.556360010535659,0.5168282636545714,-0.1524786727640217,0.04797763444994654,-0.5309505166040901,0.9545899818495752,0.9017347038724435,0.9082452923669755,0.7260034662157572,-0.9100951737059102,0.9387075205474641,0.9394064036906753,-0.5748619505536717,-0.8552642824934075,-0.4751830576380602,-0.655927998063102,0.9086042675223058,-0.2746734812875439,-0.9845422568056102,-0.34362946775177683
1,-0.556360010535659,0.5168282636545714,-0.1524786727640217,0.04797763444994654,-0.5309505166040901,0.9545899818495752,0.9017347038724435,0.9082452923669755,0.7260034662157572,-0.9100951737059102,0.9387075205474641,0.9394064036906753,-0.5748619505536717,-0.8552642824934075,-0.4751830576380602,-0.655927998063102,0.9086042675223058,-0.2746734812875439,-0.9845422568056102,-0.34362946775177683
2,-0.5411786587469994,0.4981118672500339,-0.15296442101673507,0.0433270034058959,-0.5232468329926807,0.9504738158271008,0.9817879050764223,0.8976611788101582,0.6658566355668696,-0.8723906075492484,0.8696542842329742,0.8611042411248049,-0.5722042063344507,-0.7946369573749977,-0.4812079480007537,-0.672982777763992,0.9900657498169702,-0.37570220329775267,-0.9992662195539945,-0.2659734811167665
3,-0.5455605692571206,0.5017571692521942,-0.15129707781973262,0.039291714841805214,-0.5270143801635677,0.9558850669440535,0.9884724625226909,0.9765145757878949,0.6825211282833182,-0.8702394933067176,0.9500567403824197,0.8422463614625385,-0.728555840763141,-0.758997273440231,-0.36799420391113713,-0.6445587595936839,0.9500324144003017,-0.3881789055330005,-0.9788732846829209,-0.3327277247165793
4,-0.555724920879016,0.5081981075994577,-0.14380829926525412,0.04060024133440952,-0.502722444036804,0.9557441610301326,0.9719656256330174,0.9062253204436047,0.7733935224215802,-0.8642162182900308,0.8874568279652703,0.867220909320967,-0.757090275710007,-0.6440072011800346,-0.40807975963788784,-0.6594479336074087,0.9408529852632594,-0.39610105071279367,-0.9938544679649661,-0.2476055699778869
5,-0.5374600121127339,0.47082168294773313,-0.1378823718771755,0.03429877273800902,-0.49692222674908715,0.9237602194019364,0.9641461224876866,0.9498827955016269,0.6699335403789382,-0.8569947626685709,0.9266486165300252,0.8567161126202695,-0.7949365685856296,-0.5680131921470696,-0.4165702539779353,-0.70034970058616,0.9799226644570315,-0.5204709932355404,-0.9655003720225156,-0.22313423515815373
6,-0.5374551501463192,0.4778281575492804,-0.14443684291803105,0.030098277442007527,-0.5026632034959607,0.9633381999140869,0.9707847014712715,0.9488855750413455,0.6223188179228936,-0.8924420144093226,0.9434282729249015,0.9427595464321906,-0.9385746669534982,-0.5433396884148814,-0.44237486700346385,-0.703796760453254,0.9412532708384391,-0.5684656370467389,-0.9801079058966049,-0.34853438327862896
7,-0.5374551501463192,0.4778281575492804,-0.14443684291803105,0.030098277442007527,-0.5026632034959607,0.9633381999140869,0.9707847014712715,0.9488855750413455,0.6223188179228936,-0.8924420144093226,0.9434282729249015,0.9427595464321906,-0.9385746669534982,-0.5433396884148814,-0.44237486700346385,-0.703796760453254,0.9412532708384391,-0.5684656370467389,-0.9801079058966049,-0.34853438327862896
8,-0.5374551501463192,0.4778281575492804,-0.14443684291803105,0.030098277442007527,-0.5026632034959607,0.9633381999140869,0.9707847014712715,0.9488855750413455,0.6223188179228936,-0.8924420144093226,0.9434282729249015,0.9427595464321906,-0.9385746669534982,-0.5433396884148814,-0.44237486700346385,-0.703796760453254,0.9412532708384391,-0.5684656370467389,-0.9801079058966049,-0.34853438327862896
9,-0.5374551501463192,0.4778281575492804,-0.14443684291803105,0.030098277442007527,-0.5026632034959607,0.9633381999140869,0.9707847014712715,0.9488855750413455,0.6223188179228936,-0.8924420144093226,0.9434282729249015,0.9427595464321906,-0.9385746669534982,-0.5433396884148814,-0.44237486700346385,-0.703796760453254,0.9412532708384391,-0.5684656370467389,-0.9801079058966049,-0.34853438327862896
10,-0.5374551501463192,0.4778281575492804,-0.14443684291803105,0.030098277442007527,-0.5026632034959607,0.9633381999140869,0.9707847014712715,0.9488855750413455,0.6223188179228936,-0.8924420144093226,0.9434282729249015,0.9427595464321906,-0.9385746669534982,-0.5433396884148814,-0.44237486700346385,-0.703796760453254,0.9412532708384391,-0.5684656370467389,-0.9801079058966049,-0.34853438327862896
11,-0.5374551501463192,0.4778281575492804,-0.14443684291803105,0.030098277442007527,-0.5026632034959607,0.9633381999140869,0.9707847014712715,0.9488855750413455,0.6223188179228936,-0.8924420144093226,0.9434282729249015,0.9427595464321906,-0.9385746669534982,-0.5433396884148814,-0.44237486700346385,-0.703796760453254,0.9412532708384391,-0.5684656370467389,-0.9801079058966049,-0.34853438327862896
12,-0.5568513291432841,0.4958154145118958,-0.1411192348935459,0.02577245715922708,-0.4959292006209301,0.920840396436422,0.9744338830768062,0.9429423719429987,0.5592804651109463,-0.7730998889616321,0.9968075115028551,0.9257561516065893,-0.9322290119514877,-0.48281207577176044,-0.4269869122042034,-0.7438770937512739,0.9685410894380312,-0.6427478073033812,-0.8801538568738773,-0.3199557282063617
13,-0.5432673304845583,0.47893931286109337,-0.14163443411049353,0.031062882439450705,-0.492727886893927,0.9669964605582048,0.9949802087056865,0.814543998033052,0.5962740180176817,-0.9234949905031112,0.9462727947704243,0.8438730463035946,-0.9316593079872663,-0.47496478626240285,-0.4852364125091528,-0.6928020115796001,0.9744907856797124,-0.6169848241074718,-0.9948617536788814,-0.35515323990555653
14,-0.5568516880758679,0.48869098870077793,-0.13417669976589292,0.0241623910953988,-0.48089159328351955,0.9134705735083802,0.9923434783303305,0.8867727109869188,0.5269443120568993,-0.8839934582839198,0.8797783563710685,0.8609464042237992,-0.9999716144991784,-0.49399384969712634,-0.41769567072719066,-0.665671197221121,0.8564542718781399,-0.5234802743861142,-0.9465849783571404,-0.38708495738777327
15,-0.555103947958163,0.486382069209138,-0.1334733581571604,0.021800432456702656,-0.47524733857879853,0.9086078864994586,0.9878676389418121,0.8414310981368076,0.6363657153968462,-0.787874037312294,0.8900488511982813,0.957953399941238,-0.9747106922225511,-0.5171604957492428,-0.4351089756123224,-0.705998675989602,0.8907457806702337,-0.5283810432491043,-0.9615245390865498,-0.4058811286611155
16,-0.552469062276159,0.4944106165534318,-0.13491427912790077,0.03123748579754178,-0.4863626124651684,0.9062661803932957,0.9841603738304572,0.8871567587277348,0.7701540235760602,-0.7500270699082829,0.9273476868415663,0.9355945673305722,-0.8689733148461297,-0.49284537203510637,-0.45419925446265946,-0.6793396226897663,0.8157177750814575,-0.4402655625539146,-0.972960495387956,-0.36989062475401197
17,-0.5426517609752795,0.470425861442398,-0.14445202465537726,0.031625674391418085,-0.501784297727769,0.9705272901951577,0.9949223079063194,0.8428836948954029,0.6468575497510474,-0.7498238461379813,0.8312739723340546,0.9649536030392136,-0.9331826767017098,-0.644104368706149,-0.3879489563053072,-0.6960569054691261,0.8412798379406083,-0.47301153911190597,-0.9774311581325958,-0.41846789668893164
18,-0.563207719593499,0.5052447776196763,-0.15093965484410382,0.030610778432363647,-0.5019986785603032,0.9557667455041814,0.983219427824,0.8962782735290948,0.6796359616575921,-0.8670016245446908,0.847669460454084,0.9712065935830795,-0.8824134970626423,-0.6507962301016073,-0.47516437103405484,-0.6891756610285763,0.8294520383004799,-0.4214065471004037,-0.9732201735107789,-0.36966262893417673
19,-0.5649758411606827,0.4914004137992719,-0.1464031674116075,0.03387833229523194,-0.499522656568553,0.9312721776243814,0.9874470353340051,0.8113833451115912,0.6098000024709663,-0.9442666308912355,0.8716259173726159,0.9514602167279755,-0.9259428540932911,-0.6748863735283613,-0.4408108106597271,-0.6560857006302195,0.8055819864547272,-0.39397514905062925,-0.9843305792145345,-0.4858593532185855
20,-0.5727041544165616,0.5006354088143715,-0.1393520148421983,0.023726856501783324,-0.4757121307645561,0.9878482973797507,0.9783571110655535,0.7395778423256901,0.5276694887121532,-0.9934352648714201,0.8908210983129364,0.9134161456508183,-0.8902259069895638,-0.5095883000487211,-0.4865014558211821,-0.7395624591706959,0.8330857464953889,-0.36731340144455604,-0.9764308764540564,-0.45051761566378107
21,-0.547357029266089,0.4843120595985295,-0.13988785740876414,0.03578791196947047,-0.4998379133691621,0.975433600622641,0.9620067861032736,0.6898642483147354,0.6141627207974685,-0.971466880992829,0.9731724380157039,0.9798375290027053,-0.9485513560365785,-0.4125351457908497,-0.5137671869929505,-0.6956012072065771,0.8708326645114592,-0.45851788746452665,-0.9687039732592619,-0.4466823550715592
22,-0.530070572972349,0.47284059913081056,-0.14015592298262558,0.02866021115547731,-0.491555998423851,0.9332556238010596,0.9901016455588821,0.7508434521062084,0.5908947215309118,-0.9288451360013944,0.9334612968937442,0.9168952061224268,-0.9738062381554434,-0.48419806830463064,-0.4207013316445839,-0.6800145561069642,0.8277930548030838,-0.3985990476137441,-0.9526450377083612,-0.4850162749483064
23,-0.530070572972349,0.47284059913081056,-0.14015592298262558,0.02866021115547731,-0.491555998423851,0.9332556238010596,0.9901016455588821,0.7508434521062084,0.5908947215309118,-0.9288451360013944,0.9334612968937442,0.9168952061224268,-0.9738062381554434,-0.48419806830463064,-0.4207013316445839,-0.6800145561069642,0.8277930548030838,-0.3985990476137441,-0.9526450377083612,-0.4850162749483064
24,-0.5423656681645194,0.4800030894256249,-0.1399551073107231,0.03295865057369925,-0.49583556889109837,0.9903040085813913,0.946549956973079,0.8217287905539455,0.6794059513748786,-0.9132853892601718,0.9908479509738857,0.7974041910014672,-0.9617601591797694,-0.48343195328415994,-0.3987869228020292,-0.6427823504401166,0.8237794096707486,-0.404192393116749,-0.9154433086526438,-0.4385872516768941
25,-0.5681598642613129,0.4979293867430733,-0.13263292680514246,0.014446252075036078,-0.47184605969673993,0.9860553778933244,0.9541873817793662,0.793330730282198,0.6275267819569287,-0.8678658143297634,0.9303645267605846,0.6501250447966801,-0.8718765315245377,-0.5198503205002982,-0.4299657674343339,-0.5939103669324446,0.840297530689578,-0.5022482018800715,-0.8973984846989768,-0.41179782244030433
26,-0.567059450543794,0.49117126728722793,-0.13212139837034761,0.02545076258461089,-0.4851771731299045,0.988803336941271,0.9781833318243245,0.8559098235589901,0.6862371274060531,-0.9178347742191905,0.8725594116151053,0.7065821149554685,-0.772253702947766,-0.5092035817052829,-0.3792756736087826,-0.5214635306536647,0.8672137953733103,-0.46958388198458245,-0.9624467984779749,-0.2752580411956432
27,-0.5766154098447648,0.5280601033218113,-0.14523226593711314,0.020940974090547296,-0.49767861319182594,0.972907127273238,0.9698708476743961,0.9935228762622712,0.661497463783882,-0.9147127167503489,0.854499478409008,0.6493806289826028,-0.8999556173983704,-0.5934793745928039,-0.3420615121399196,-0.5300235370040807,0.8810111835847529,-0.5696551908777538,-0.974520301897406,-0.24167995142262497
28,-0.5545615740395435,0.5118420382042354,-0.14985010158672454,0.03642616892802209,-0.5107767742273243,0.9216988788175839,0.9632991316606236,0.9249544921744469,0.5432260595189402,-0.9826342956199963,0.8445767343835019,0.6871661011114495,-0.7405615995070479,-0.6638378238955207,-0.41844633418570343,-0.572113705787028,0.9752209945018385,-0.560401493841116,-0.9867133831553861,-0.1947441698716892
29,-0.5806631706288762,0.5204888730501579,-0.1393539063188315,0.028470811829150185,-0.4867782475261342,0.9181192707222571,0.9374657074442267,0.9666878112576265,0.6994744213579785,-0.9206075139598363,0.8257399200914887,0.6774362998013365,-0.7893049246757374,-0.7680333951895479,-0.47067543110892374,-0.5648683982374939,0.9011502908782542,-0.5571341464106043,-0.932375023447608,-0.16016174102389794
30,-0.5806631706288762,0.5204888730501579,-0.1393539063188315,0.028470811829150185,-0.4867782475261342,0.9181192707222571,0.9374657074442267,0.9666878112576265,0.6994744213579785,-0.9206075139598363,0.8257399200914887,0.6774362998013365,-0.7893049246757374,-0.7680333951895479,-0.47067543110892374,-0.5648683982374939,0.9011502908782542,-0.5571341464106043,-0.932375023447608,-0.16016174102389794
31,-0.5556288200402312,0.4965233765761477,-0.1443958804413466,0.03550862741109369,-0.500425635208215,0.916666889217421,0.9057362397004918,0.9836788114978208,0.6326637182414696,-0.9384950182824535,0.7439201601205654,0.7445432580749166,-0.6559728379969906,-0.6969086183243,-0.36433809167811393,-0.49058676244000443,0.9195943186679697,-0.5029891197419225,-0.9950554808489624,-0.2406914232888373
32,-0.5556288200402312,0.4965233765761477,-0.1443958804413466,0.03550862741109369,-0.500425635208215,0.916666889217421,0.9057362397004918,0.9836788114978208,0.6326637182414696,-0.9384950182824535,0.7439201601205654,0.7445432580749166,-0.6559728379969906,-0.6969086183243,-0.36433809167811393,-0.49058676244000443,0.9195943186679697,-0.5029891197419225,-0.9950554808489624,-0.2406914232888373
33,-0.5556288200402312,0.4965233765761477,-0.1443958804413466,0.03550862741109369,-0.500425635208215,0.916666889217421,0.9057362397004918,0.9836788114978208,0.6326637182414696,-0.9384950182824535,0.7439201601205654,0.7445432580749166,-0.6559728379969906,-0.6969086183243,-0.36433809167811393,-0.49058676244000443,0.9195943186679697,-0.5029891197419225,-0.9950554808489624,-0.2406914232888373
34,-0.5556288200402312,0.4965233765761477,-0.1443958804413466,0.03550862741109369,-0.500425635208215,0.916666889217421,0.9057362397004918,0.9836788114978208,0.6326637182414696,-0.9384950182824535,0.7439201601205654,0.7445432580749166,-0.6559728379969906,-0.6969086183243,-0.36433809167811393,-0.49058676244000443,0.9195943186679697,-0.5029891197419225,-0.9950554808489624,-0.2406914232888373
35,-0.5653858618721571,0.502239716336312,-0.14409017523112058,0.0408241135724748,-0.5004394232213809,0.9497640729501111,0.9978415944765615,0.9416091822172385,0.5650354685230707,-0.9186868290166528,0.8300493412500906,0.7135362686758896,-0.5613177671227152,-0.6017920141118984,-0.44608564841388443,-0.6231418484785671,0.9171160860666876,-0.44466313464296126,-0.9619338741643036,-0.274217205298116
36,-0.5653858618721571,0.502239716336312,-0.14409017523112058,0.0408241135724748,-0.5004394232213809,0.9497640729501111,0.9978415944765615,0.9416091822172385,0.5650354685230707,-0.9186868290166528,0.8300493412500906,0.7135362686758896,-0.5613177671227152,-0.6017920141118984,-0.44608564841388443,-0.6231418484785671,0.9171160860666876,-0.44466313464296126,-0.9619338741643036,-0.274217205298116
37,-0.5653858618721571,0.502239716336312,-0.14409017523112058,0.0408241135724748,-0.5004394232213809,0.9497640729501111,0.9978415944765615,0.9416091822172385,0.5650354685230707,-0.9186868290166528,0.8300493412500906,0.7135362686758896,-0.5613177671227152,-0.6017920141118984,-0.44608564841388443,-0.6231418484785671,0.9171160860666876,-0.44466313464296126,-0.9619338741643036,-0.274217205298116
38,-0.5462114634707794,0.4967364515038864,-0.1526995523088616,0.04088171893853929,-0.5145539851215897,0.9518417148302964,0.9926334144528769,0.8898199177394732,0.49315538642869333,-0.9847794179032306,0.7679234825035347,0.7017370724115563,-0.7147713722448399,-0.6093471882453971,-0.3682635091610439,-0.5454560975165036,0.9199359528390102,-0.47071906523860957,-0.9644068084984287,-0.3063225419897333
39,-0.5458095041447911,0.49718237354076894,-0.15465522359310688,0.043774443170658595,-0.5171029265263355,0.9559704930225588,0.9840386245199186,0.8531639577305691,0.48740761252501247,-0.9663445188496974,0.736556324403949,0.6854177280707469,-0.7412960943467883,-0.6781496904936334,-0.425468205871242,-0.6266252373819483,0.9057482585467851,-0.48667882446489474,-0.9687046564678714,-0.32172484913534904
40,-0.5674029734370402,0.513386348690824,-0.14348586707647834,0.0330295650530739,-0.4890365194967976,0.9832141971741744,0.9460868715229098,0.7947455423657706,0.5727905301814525,-0.9654440649018298,0.818819476578503,0.6537620483619384,-0.7239905744175981,-0.6299730287049385,-0.42761086807138116,-0.5721407589194372,0.9162894838320266,-0.5654912953100545,-0.9595522431512438,-0.2404460728738031
41,-0.5359655747341313,0.4784137732247472,-0.149310916977645,0.04712788017051673,-0.515126949237576,0.9877198920293336,0.9525230910785426,0.8926103125734772,0.5986556615448207,-0.963614448439385,0.8147491079087671,0.7063623443046065,-0.7387598024897829,-0.6575443156112486,-0.43524208735551717,-0.6107554982282207,0.8922716019730689,-0.540376309092806,-0.9705017918764917,-0.24151221913501314
42,-0.5653017035515852,0.5189468854581949,-0.1452553325303954,0.03629437020705183,-0.49910070830167785,0.9712407288520829,0.9605984263126058,0.9661374636449102,0.6376394355000491,-0.9506179495264422,0.7430437366459242,0.7154896148954202,-0.8314494014178541,-0.6656151168540186,-0.3754502832411164,-0.4894572128130558,0.8398284869550804,-0.5720998830733397,-0.9509372344910726,-0.22163772871253204
43,-0.5573380257619783,0.4889173356289348,-0.14068542355022567,0.037656836802968205,-0.5018899425414409,0.9669871286308075,0.9593614454426063,0.8752756853107306,0.613337690602877,-0.8122929789034358,0.6754458001201562,0.6885870376670065,-0.7551140852267267,-0.7114957212618656,-0.39865940874546707,-0.5920434861340066,0.8632296421948631,-0.5851847742398607,-0.9745415345120969,-0.22624234454281505
44,-0.5536183950171542,0.4999431423840426,-0.14644744964145592,0.0294535211941041,-0.4914627639370622,0.9815338690535479,0.9585303760204146,0.8844262693153755,0.6498652723136962,-0.772558601213544,0.7020681904726749,0.6446343322559653,-0.7653320422374558,-0.685059782728218,-0.3150992426417783,-0.6906763819488373,0.9932163334843158,-0.5106580260315637,-0.9256125461329429,-0.11325849136558212
45,-0.5595401823235747,0.5052457612068236,-0.14945169203573502,0.035346875504010736,-0.5109720339826856,0.9620369837733601,0.9702410429611763,0.9167234150882876,0.6052468370212292,-0.797205366490371,0.6640212968624709,0.5979125974322421,-0.8168017785533082,-0.7399876087161843,-0.2978437311807162,-0.6467206282710628,0.9766872663042596,-0.5752242927411418,-0.9192607905451324,-0.06339992175329001
46,-0.5498932336571739,0.5128752274703707,-0.1596720335161492,0.03450059404704557,-0.5175629814857441,0.9450834603308296,0.9555213756153237,0.9753170928549366,0.6733270260850642,-0.8023064868259199,0.6434438948624577,0.6869034062612422,-0.87479808076553,-0.6960969772098987,-0.3737979590471659,-0.6696619686173017,0.9580851681700002,-0.6503389741313711,-0.9824979227028179,-0.0279042048802128
47,-0.5360243223077327,0.4826250036945764,-0.1597469023258587,0.030092413517599278,-0.5081388376919281,0.8733098817502363,0.9534755048434747,0.9257072085943894,0.6153020261077076,-0.840134746454881,0.7254121897538035,0.7056710465224716,-0.8845550363143059,-0.673232086338546,-0.3109040000546204,-0.6700515619280422,0.9083628502811748,-0.6483891309167751,-0.9949792106424337,-0.048977580101930894
48,-0.5360243223077327,0.4826250036945764,-0.1597469023258587,0.030092413517599278,-0.5081388376919281,0.8733098817502363,0.9534755048434747,0.9257072085943894,0.6153020261077076,-0.840134746454881,0.7254121897538035,0.7056710465224716,-0.8845550363143059,-0.673232086338546,-0.3109040000546204,-0.6700515619280422,0.9083628502811748,-0.6483891309167751,-0.9949792106424337,-0.048977580101930894
49,-0.5589184467935949,0.5066363075711094,-0.1552183413751452,0.029262902231205132,-0.5135009296119332,0.897240384945245,0.9183457888541976,0.9089598700193912,0.5936817972899587,-0.9655490507593056,0.6290504922288298,0.6854945764137211,-0.9040740828390316,-0.5685593606338709,-0.39818482109737025,-0.619226365964666,0.9867234981869457,-0.5533553723264704,-0.9997131451157609,-0.13181430690565782
50,-0.569507963100255,0.49906044968750685,-0.1535083675030227,0.03593311775606929,-0.5032648944012365,0.9711714608388881,0.987502357095562,0.927666555758707,0.6375465998929504,-0.965334634322776,0.7337676726457909,0.7603452850153329,-0.8047922748853087,-0.6857185765239073,-0.3428325830397095,-0.6130278392457154,0.9013603041115005,-0.462974519954782,-0.9918207097077418,-0.036826525911600703
51,-0.5661134713621098,0.4991316443920328,-0.15577054895724762,0.030447414183787228,-0.5008510803231656,0.8936128526007451,0.9781209582708439,0.916433571819497,0.6564267855667131,-0.9215205954091751,0.6854679822606575,0.6936627672291581,-0.9386811685085018,-0.6898891059247757,-0.3534514006514102,-0.7456619154759917,0.9422849400460814,-0.46988376780185387,-0.9945988566440371,-0.0722181815649922
52,-0.5559533788828859,0.4858493643872896,-0.14694123252157917,0.025276513929933894,-0.4844504717912178,0.9002427583258769,0.9905288757415053,0.8464005124676994,0.5843442575222416,-0.9661015797771558,0.6843076221717042,0.705534995432736,-0.9519156470063409,-0.7146554611695018,-0.3408780049265696,-0.6648771863192644,0.9067701060101041,-0.4306557630140812,-0.9308732950571771,-0.1523014728691681
53,-0.560375039976222,0.4941416425366136,-0.1485706913037771,0.034332177246319144,-0.5002199247052189,0.8672274704413112,0.9799016076573133,0.9933142921889758,0.6329685032669109,-0.9822758552902726,0.8150024592432414,0.743549347087541,-0.866452387614861,-0.7822181778599573,-0.4401937864708659,-0.6840533196518687,0.9534625365727966,-0.4330801428804624,-0.9120358521278971,-0.16476708664066733
54,-0.560375039976222,0.4941416425366136,-0.1485706913037771,0.034332177246319144,-0.5002199247052189,0.8672274704413112,0.9799016076573133,0.9933142921889758,0.6329685032669109,-0.9822758552902726,0.8150024592432414,0.743549347087541,-0.866452387614861,-0.7822181778599573,-0.4401937864708659,-0.6840533196518687,0.9534625365727966,-0.4330801428804624,-0.9120358521278971,-0.16476708664066733
55,-0.5681866522595401,0.51328477738157,-0.1527927816845739,0.02850228709661779,-0.505514011876014,0.8854914931417254,0.9970574224784132,0.9057778572162709,0.5718597354552102,-0.9809037267228079,0.8297821442645377,0.8047936486272746,-0.8735851535548894,-0.7452366792637201,-0.42851137201300704,-0.656152443244615,0.9670364385992627,-0.5410568957139538,-0.9591833449688829,-0.23990824103374955
56,-0.5583240195277438,0.49082356881448985,-0.1471141910885097,0.027611302675644753,-0.5084242363569029,0.9315278597425123,0.999274162405267,0.9884854745568347,0.6022132106139864,-0.9499281802673467,0.8352025608826212,0.742808949524632,-0.9106391814097224,-0.6788295978940762,-0.33437936591215794,-0.67985312071583,0.9206119599387942,-0.5453066751067152,-0.9863302970232706,-0.23450951894793812
57,-0.5583240195277438,0.49082356881448985,-0.1471141910885097,0.027611302675644753,-0.5084242363569029,0.9315278597425123,0.999274162405267,0.9884854745568347,0.6022132106139864,-0.9499281802673467,0.8352025608826212,0.742808949524632,-0.9106391814097224,-0.6788295978940762,-0.33437936591215794,-0.67985312071583,0.9206119599387942,-0.5453066751067152,-0.9863302970232706,-0.23450951894793812
58,-0.5657085859133256,0.5001739358409067,-0.14444605982797976,0.02055125709427453,-0.4893559817402046,0.9481769334905368,0.988902752883188,0.8705509860538763,0.46537893705339156,-0.9775181103699093,0.7864445056478311,0.63478891514547,-0.8909702550210835,-0.6600254221546751,-0.338247143007646,-0.6055889788723084,0.9220882663992935,-0.5751564952694319,-0.9767632631688795,-0.26653998318788097
59,-0.5657085859133256,0.5001739358409067,-0.14444605982797976,0.02055125709427453,-0.4893559817402046,0.9481769334905368,0.988902752883188,0.8705509860538763,0.46537893705339156,-0.9775181103699093,0.7864445056478311,0.63478891514547,-0.8909702550210835,-0.6600254221546751,-0.338247143007646,-0.6055889788723084,0.9220882663992935,-0.5751564952694319,-0.9767632631688795,-0.26653998318788097
60,-0.5455763670383463,0.4717463858302688,-0.14494449927810324,0.02791024149289935,-0.49791312554159056,0.9105648365469483,0.9983728663397344,0.8892888034991383,0.4447297416911382,-0.968315240737682,0.6887514409995513,0.6153788048542884,-0.8764134097242015,-0.6588956062079832,-0.33141500106988836,-0.5921559856979232,0.8791183034145211,-0.5203698272227767,-0.9759823285110848,-0.26510474525724725
61,-0.5604400417688266,0.49947938214724596,-0.14462601263508887,0.010291373228549455,-0.4803266657348233,0.8017627310212044,0.9922469764410212,0.943526780218,0.6179704561590619,-0.8307784142074919,0.6005813332988988,0.8002312414817914,-0.9899167896524287,-0.749123558060804,-0.4775725842257739,-0.5075412022933485,0.8494891632593452,-0.6571540948623593,-0.968763171210006,-0.203623024527461
62,-0.5433587341125555,0.45396856125315466,-0.14330917600847615,0.02078696401461669,-0.4954415158647573,0.9947617074741582,0.9727606163467535,0.986768959075185,0.536012712945607,-0.8115232399645891,0.6012698807214606,0.7251976591973595,-0.8866092669554683,-0.756128327597993,-0.4765095588341569,-0.5734156032308184,0.854804928770939,-0.7791713455756292,-0.9814812295031203,-0.10021117033538797
63,-0.5778034888070304,0.4963234256911717,-0.13683222344611273,0.0059327751752402515,-0.48546175203080666,0.9455791385197857,0.9784639887249711,0.9345353118293046,0.7210014297819053,-0.7522876253029445,0.6435950148780095,0.8103414635013703,-0.9535085131557214,-0.6923439844684548,-0.478313824948781,-0.5257800181846581,0.8773988461459721,-0.7767307787022173,-0.9989192122871777,-0.11975322390443408
64,-0.5596978253567504,0.4827079965901671,-0.13649977648982786,0.012333536425947754,-0.468523007737727,0.9746729887982892,0.9768827537348845,0.9921120948883116,0.800463432612185,-0.7691309904243221,0.7004420880754828,0.84315551386398,-0.9043056524301217,-0.6939028754352083,-0.5116213533095232,-0.4973320156826494,0.7461570045733211,-0.6682666866179363,-0.9870466281445421,-0.12005216054873914
65,-0.5681603893488332,0.4843934489930251,-0.1383768542140209,0.014789937019118283,-0.4643739398664791,0.9475360400340976,0.9994584286714995,0.9989104725053684,0.8143320262662287,-0.7898892065389971,0.6783163740562344,0.7312019357831586,-0.9628077603674445,-0.7190005473482001,-0.4167563684505595,-0.41798582161361275,0.7193781752932764,-0.641973573038342,-0.9792916738436744,-0.19577250877171687
66,-0.5454259180029019,0.4659450492754809,-0.14432487684142692,0.012676785414776827,-0.47444592373453326,0.9829281687636487,0.9973433681742314,0.9993917293094849,0.7095708109085256,-0.7993231056555773,0.6986867972644174,0.7233925753965628,-0.9580496631077775,-0.7441527438469846,-0.39170658903686023,-0.4496847732934429,0.7458990184436186,-0.7133743725989848,-0.9863443498193564,-0.2207990401983171
67,-0.5788272665730173,0.48793833422381794,-0.13291633636920344,0.024582284874936383,-0.47865195111436276,0.9771349303218182,0.9312439555028492,0.9233147062453012,0.6560373930494225,-0.8940361064831251,0.5600900926569021,0.7354273925744249,-0.9539125455387514,-0.7044899460998748,-0.5485652415052021,-0.42845813173188796,0.6848487047564676,-0.7093032320045951,-0.9765841262064577,-0.16050159018773164
68,-0.5788272665730173,0.48793833422381794,-0.13291633636920344,0.024582284874936383,-0.47865195111436276,0.9771349303218182,0.9312439555028492,0.9233147062453012,0.6560373930494225,-0.8940361064831251,0.5600900926569021,0.7354273925744249,-0.9539125455387514,-0.7044899460998748,-0.5485652415052021,-0.42845813173188796,0.6848487047564676,-0.7093032320045951,-0.9765841262064577,-0.16050159018773164
69,-0.5584330310540163,0.49602899924785315,-0.1445531690218143,0.008205884734270983,-0.46516687826139486,0.9669448740426329,0.8353034195582028,0.8533937780326836,0.5776019754826464,-0.9340040315808533,0.5394869335628723,0.680858722632339,-0.9978112655045499,-0.6541880094950444,-0.5144970904036197,-0.3870173445563274,0.66537479109725,-0.7496732617485187,-0.9930633507620357,-0.26673758036992634
70,-0.5691779703660932,0.48720760885693287,-0.13368315166204134,0.029737589836142636,-0.48778246998665437,0.9852868361299183,0.822169142365209,0.8591551134977569,0.5648463748830184,-0.9476130546207999,0.5470018291081374,0.7177974189388334,-0.9724471565336759,-0.6848820417809387,-0.5713698184333236,-0.4280947819903768,0.6294324877251449,-0.6755153778789184,-0.9892150766936477,-0.2577241716430107
71,-0.5359517744604331,0.4820942518053974,-0.1454426731922759,0.008529967806299173,-0.4749719572927861,0.9349108690077995,0.8310455398054553,0.9363714900061644,0.5693392960022917,-0.8815652675117351,0.6257240789995695,0.6335710289020814,-0.9120312554450862,-0.726721094681742,-0.510415656188275,-0.36423574669275854,0.6686783066225273,-0.7335947055580676,-0.9614583791715382,-0.29578426806917246
72,-0.5712226937502513,0.4944041756610996,-0.128328415999277,0.03580567690545635,-0.500139382400419,0.9702798110304143,0.9533341825026029,0.9876223645247468,0.594687467234067,-0.8900822545791925,0.6210406949391424,0.7661078182283209,-0.887556372367136,-0.683927339201353,-0.5588133857958383,-0.34237569808198554,0.6710453909907513,-0.7298582814119084,-0.9511965021554567,-0.2650574821101968
73,-0.5598061992856568,0.5264535089840486,-0.14427283136429747,0.00741504324209003,-0.4874516837479684,0.9603432484182376,0.9720587455791949,0.9917445329687425,0.6824179061984441,-0.7339822547449866,0.5534297146583222,0.8204712859411735,-0.9277159567201796,-0.6758856754663533,-0.4739400155972655,-0.2581931249279711,0.5955824668609095,-0.7405258921772485,-0.9729312512816312,-0.3109509922980636
74,-0.5630929687958899,0.47680560966386526,-0.13332395381759393,0.024124043565153595,-0.49533938189606896,0.8403704955343875,0.9433094431368239,0.9985466593571843,0.5104108613321533,-0.7534982767541025,0.5236831834093973,0.7467871076248389,-0.8684591742756912,-0.7200743969999739,-0.4762356866716842,-0.2582418874183505,0.6213698427457789,-0.7547058042740761,-0.9801467863622989,-0.42546283923928924
75,-0.5515225351950774,0.5137178358853277,-0.14898148121044225,0.01889241190792191,-0.4911227174068249,0.909934311863727,0.9761260586866821,0.9965082082647224,0.4855952754237937,-0.7593651992546002,0.5884069996040602,0.661179201518897,-0.6840108077928958,-0.7239525675599281,-0.49063420897781135,-0.2813552385733125,0.6505333125703734,-0.6178059411707013,-0.9654188516542594,-0.501287491695904
76,-0.5718835767343822,0.5044102574526137,-0.14076413645495844,0.03427811346775081,-0.51338488607691,0.9885149636839305,0.9181951046819201,0.8251605512053188,0.5297708399744985,-0.7734830645400977,0.6197075961953665,0.5538740334411624,-0.6579823296424754,-0.7187977967988419,-0.3751079899585978,-0.35009659093115175,0.6519411014779333,-0.5075395023404274,-0.988471454033898,-0.49237038034522435
77,-0.5718835767343822,0.5044102574526137,-0.14076413645495844,0.03427811346775081,-0.51338488607691,0.9885149636839305,0.9181951046819201,0.8251605512053188,0.5297708399744985,-0.7734830645400977,0.6197075961953665,0.5538740334411624,-0.6579823296424754,-0.7187977967988419,-0.3751079899585978,-0.35009659093115175,0.6519411014779333,-0.5075395023404274,-0.988471454033898,-0.49237038034522435
78,-0.5718835767343822,0.5044102574526137,-0.14076413645495844,0.03427811346775081,-0.51338488607691,0.9885149636839305,0.9181951046819201,0.8251605512053188,0.5297708399744985,-0.7734830645400977,0.6197075961953665,0.5538740334411624,-0.6579823296424754,-0.7187977967988419,-0.3751079899585978,-0.35009659093115175,0.6519411014779333,-0.5075395023404274,-0.988471454033898,-0.49237038034522435
79,-0.5718835767343822,0.5044102574526137,-0.14076413645495844,0.03427811346775081,-0.51338488607691,0.9885149636839305,0.9181951046819201,0.8251605512053188,0.5297708399744985,-0.7734830645400977,0.6197075961953665,0.5538740334411624,-0.6579823296424754,-0.7187977967988419,-0.3751079899585978,-0.35009659093115175,0.6519411014779333,-0.5075395023404274,-0.988471454033898,-0.49237038034522435
80,-0.5484448650827853,0.5170120184424298,-0.14946115256729395,0.01887630621474038,-0.48145625257799785,0.934779219777021,0.9625757482479591,0.7814635133826092,0.4797159358530685,-0.7745322538796728,0.4327283778531023,0.4991733855315667,-0.6533626334631137,-0.7029912187730141,-0.40348823761860264,-0.41218000567468216,0.6211464590128575,-0.3995748602550626,-0.9604389082806345,-0.48251784851205226
81,-0.5675733126440123,0.4902921011647563,-0.1316529695419741,0.038539959208902845,-0.49990359391925415,0.9870589419277441,0.9376640825539737,0.7122707536710884,0.48206673059325456,-0.8288456320828799,0.5511336203194942,0.5844819433196851,-0.7768617007441215,-0.7222899313549753,-0.4621302675962183,-0.40266050330086584,0.6148708063793015,-0.5209451261721723,-0.9600178769821527,-0.509456822384766
82,-0.550065152754482,0.4901844205805617,-0.14364882624820483,0.023449592130388087,-0.4730501110327193,0.9879027910791737,0.8632478960564939,0.5762655601908409,0.5028726418530218,-0.7268788628509985,0.5221485920454816,0.5631740277532123,-0.7255307493379282,-0.6136493201135805,-0.4677395020788077,-0.4983846760891759,0.5943179527726054,-0.39219883736717426,-0.9643830121562497,-0.6127400072602617
83,-0.550065152754482,0.4901844205805617,-0.14364882624820483,0.023449592130388087,-0.4730501110327193,0.9879027910791737,0.8632478960564939,0.5762655601908409,0.5028726418530218,-0.7268788628509985,0.5221485920454816,0.5631740277532123,-0.7255307493379282,-0.6136493201135805,-0.4677395020788077,-0.4983846760891759,0.5943179527726054,-0.39219883736717426,-0.9643830121562497,-0.6127400072602617
84,-0.5560197110004651,0.47834817986409117,-0.1337258498194006,0.02657159408187955,-0.4797293735851099,0.97108041758152,0.9764347390613696,0.5417386142019068,0.4402959761308045,-0.7544290276399716,0.4773006780076884,0.7025546801054466,-0.7672815560708597,-0.5508740620703109,-0.49930362942434303,-0.442083421073104,0.5998237977862947,-0.47907477055740677,-0.9947847627338791,-0.5824865451963102
85,-0.5560197110004651,0.47834817986409117,-0.1337258498194006,0.02657159408187955,-0.4797293735851099,0.97108041758152,0.9764347390613696,0.5417386142019068,0.4402959761308045,-0.7544290276399716,0.4773006780076884,0.7025546801054466,-0.7672815560708597,-0.5508740620703109,-0.49930362942434303,-0.442083421073104,0.5998237977862947,-0.47907477055740677,-0.9947847627338791,-0.5824865451963102
86,-0.5669375147481722,0.48118548860232896,-0.12385493343322072,0.02192276213730769,-0.4715005252039427,0.9774163540408987,0.9377369402656127,0.49955730427929423,0.4611088589948763,-0.7657747870830713,0.6007424611721668,0.6710247859286987,-0.7941664933282845,-0.5274549480380482,-0.574927906284848,-0.55230082400348,0.6655275723512074,-0.5702015385287446,-0.9808619983547063,-0.542105133749984
87,-0.5472952269930484,0.47393978825299415,-0.14391847047137277,0.02600596551191973,-0.4664659558259718,0.9896541352095838,0.9658318296204274,0.5245513150667456,0.39883900430449554,-0.7510344485234186,0.5644125578716783,0.8046045511678594,-0.8472986315097287,-0.5936133306252593,-0.5363595295147985,-0.5989916338530047,0.7670398964418852,-0.47090586577626004,-0.9772189957533761,-0.5117658070881997
88,-0.5603988161147998,0.490593368293646,-0.14691034428115166,0.033436986609871364,-0.48920775515250164,0.9105900923921385,0.9106660283039075,0.6315711404409169,0.4512932450048032,-0.7248535946161678,0.6838394731449821,0.8662673873573882,-0.9015723844828696,-0.6563847673768809,-0.5470252813677328,-0.7140479041001974,0.8256670951499214,-0.5131793904299752,-0.9795463249273281,-0.49950122414696413
89,-0.5405846605445249,0.47411003743197955,-0.14852588396694957,0.030288571752735884,-0.483287652543767,0.8851045543041799,0.9498293241241356,0.6822609993837631,0.473027780002559,-0.7878465501646872,0.7101196125525725,0.9278734702437816,-0.9642262510195417,-0.7344230928572322,-0.6067743354490721,-0.6351216832666142,0.8026912536398625,-0.6223162361136132,-0.9919313109509933,-0.5238952607799378
90,-0.5405846605445249,0.47411003743197955,-0.14852588396694957,0.030288571752735884,-0.483287652543767,0.8851045543041799,0.9498293241241356,0.6822609993837631,0.473027780002559,-0.7878465501646872,0.7101196125525725,0.9278734702437816,-0.9642262510195417,-0.7344230928572322,-0.6067743354490721,-0.6351216832666142,0.8026912536398625,-0.6223162361136132,-0.9919313109509933,-0.5238952607799378
91,-0.5405846605445249,0.47411003743197955,-0.14852588396694957,0.030288571752735884,-0.483287652543767,0.8851045543041799,0.9498293241241356,0.6822609993837631,0.473027780002559,-0.7878465501646872,0.7101196125525725,0.9278734702437816,-0.9642262510195417,-0.7344230928572322,-0.6067743354490721,-0.6351216832666142,0.8026912536398625,-0.6223162361136132,-0.9919313109509933,-0.5238952607799378
92,-0.5404991453892961,0.4648156738129556,-0.15369469354974036,0.030061639341854136,-0.4928963559617912,0.9296327261118157,0.9783415446277904,0.6229185445194804,0.3782297391852992,-0.835709711471906,0.7218585260837843,0.8512941924864407,-0.9667009982002315,-0.7290676613065751,-0.6101199786209269,-0.6059323878690988,0.7127235201573436,-0.5967498673697463,-0.9538832380687711,-0.5664511312518116
93,-0.5358485590469617,0.48460753132265266,-0.14610325554185302,0.04405255507534639,-0.5022440156467395,0.9976087171866026,0.9997510942255401,0.6434223046854113,0.3596237461590202,-0.934060413393507,0.7577655543179299,0.9876265286318421,-0.9010217527771756,-0.6936705813992783,-0.6973751848172345,-0.7332396744643117,0.8280968050864905,-0.6263944672617543,-0.9962474324205369,-0.5843834015654185
94,-0.5436088302859137,0.47555325377093155,-0.13991758942250784,0.041024817799160694,-0.48943662673156685,0.8905032417960009,0.9922872762812708,0.5997720343128132,0.30460255690723165,-0.8443318546735475,0.8054568997708983,0.9655292351175744,-0.9526456288287279,-0.6673974958310402,-0.6392654471108296,-0.7386993689666995,0.8779428939775741,-0.5653790467630845,-0.8986845498361165,-0.5904943539519254
95,-0.5293715920212523,0.4856049121737828,-0.15357437129849077,0.0427693084440352,-0.4993153164133491,0.8836889687795874,0.9928415731217131,0.5423481537745036,0.2707494492879208,-0.9167245678511509,0.8483618324941324,0.8952465594406135,-0.9731877553418622,-0.8332607176472663,-0.7057071575284268,-0.7928273141859734,0.9171316109286217,-0.647606401078975,-0.990092232674984,-0.6625714940500633
96,-0.5293715920212523,0.4856049121737828,-0.15357437129849077,0.0427693084440352,-0.4993153164133491,0.8836889687795874,0.9928415731217131,0.5423481537745036,0.2707494492879208,-0.9167245678511509,0.8483618324941324,0.8952465594406135,-0.9731877553418622,-0.8332607176472663,-0.7057071575284268,-0.7928273141859734,0.9171316109286217,-0.647606401078975,-0.990092232674984,-0.6625714940500633
97,-0.5180403951255658,0.44842858266442626,-0.15150019448510543,0.03890432598148605,-0.4938621477744674,0.8315238252977788,0.9926694747100961,0.47472796833302505,0.24305417310111865,-0.88289642006373,0.7139432346929114,0.9583035719087669,-0.9964157976070614,-0.8201855133684597,-0.6617169626890652,-0.8331976744270583,0.9538593565899146,-0.59475774459934,-0.9891645520175572,-0.5803992011192898
98,-0.5180403951255658,0.44842858266442626,-0.15150019448510543,0.03890432598148605,-0.4938621477744674,0.8315238252977788,0.9926694747100961,0.47472796833302505,0.24305417310111865,-0.88289642006373,0.7139432346929114,0.9583035719087669,-0.9964157976070614,-0.8201855133684597,-0.6617169626890652,-0.8331976744270583,0.9538593565899146,-0.59475774459934,-0.9891645520175572,-0.5803992011192898
99,-0.5454746036876915,0.4774659894891797,-0.15197105082554385,0.039020924887022315,-0.5010042833153187,0.8301334970277796,0.9498262526679234,0.5882963007961539,0.28147723134562247,-0.9049582716589064,0.8108005858055343,0.936632508872814,-0.9807864595568616,-0.9046000851610889,-0.6870907412150236,-0.8235183693080813,0.9263585085565723,-0.5709917462054671,-0.9511259958105681,-0.6382669013018105
100,-0.5318264867063842,0.47336689852867864,-0.15571784261392246,0.03771729929739936,-0.5117206455414733,0.8299554508652606,0.9896803726351648,0.5907498515239231,0.305099038375987,-0.9527674558799236,0.8341300988493806,0.9355950316608865,-0.9848970657843591,-0.9162117994477333,-0.5857787599391822,-0.8766379632701355,0.9791713682263723,-0.48074386029435806,-0.9876760625382948,-0.5552561933196372
101,-0.5548031160907404,0.5029602716407017,-0.15048014981727426,0.03865706375266119,-0.4921628439770125,0.8532558604978475,0.9897470872345888,0.6330179541707991,0.24865873301465793,-0.9680784883215684,0.6979468622483675,0.9734207871145273,-0.9400543012640566,-0.867951423789895,-0.6512115654538538,-0.7872982736047982,0.9171624565211919,-0.4767690673563503,-0.9857875604880398,-0.5491000378161038
102,-0.5250106681325118,0.4822731936921742,-0.14880703432151593,0.04516131386373818,-0.5132678749124324,0.7778397169408942,0.9871433591060053,0.6339014764490669,0.22115583719141188,-0.8752219274433554,0.790389261658378,0.8719112367303437,-0.9440187969524291,-0.8569736425651874,-0.6757393676208477,-0.7857597871416583,0.9460480932947285,-0.5665716435734774,-0.9075007999636514,-0.6127297063992789
103,-0.5412641447616253,0.48699183892178805,-0.1491209162246138,0.034822186397018104,-0.4971896889232764,0.9072992902459207,0.9796044649462058,0.643181265038587,0.23261359887634236,-0.8705887932536767,0.7900324039673516,0.8633091293474766,-0.9860195186949614,-0.7724822925090206,-0.5966956535908167,-0.8145718400168889,0.9305494693491857,-0.5426899396854596,-0.8736586403895661,-0.5777998627940198
104,-0.5286620893196312,0.4591794066742,-0.1469746587668657,0.03908283608293313,-0.49087461204453753,0.8558855246577034,0.9848113332621744,0.5134622365905643,0.20626491145842335,-0.9351237235059854,0.7441605672231777,0.9115852889779165,-0.9611322419590743,-0.8065291986956327,-0.6692874419106827,-0.7441458315772674,0.9358611409380994,-0.5723851942542286,-0.9431523040777929,-0.6226709503910214
105,-0.5286620893196312,0.4591794066742,-0.1469746587668657,0.03908283608293313,-0.49087461204453753,0.8558855246577034,0.9848113332621744,0.5134622365905643,0.20626491145842335,-0.9351237235059854,0.7441605672231777,0.9115852889779165,-0.9611322419590743,-0.8065291986956327,-0.6692874419106827,-0.7441458315772674,0.9358611409380994,-0.5723851942542286,-0.9431523040777929,-0.6226709503910214
106,-0.5286620893196312,0.4591794066742,-0.1469746587668657,0.03908283608293313,-0.49087461204453753,0.8558855246577034,0.9848113332621744,0.5134622365905643,0.20626491145842335,-0.9351237235059854,0.7441605672231777,0.9115852889779165,-0.9611322419590743,-0.8065291986956327,-0.6692874419106827,-0.7441458315772674,0.9358611409380994,-0.5723851942542286,-0.9431523040777929,-0.6226709503910214
107,-0.5502581213005084,0.5090558168537387,-0.1553479700811209,0.023958009057691142,-0.5112890905551477,0.862913029729758,0.9685193794449908,0.6243232230160121,0.28215036644601305,-0.9835470249578316,0.8666128204050635,0.7420094078232319,-0.9535268536791937,-0.7230782870300527,-0.5247625971263964,-0.8447533115759761,0.9467533743886665,-0.48581280911336927,-0.9509270807219199,-0.549072505180121
108,-0.5502581213005084,0.5090558168537387,-0.1553479700811209,0.023958009057691142,-0.5112890905551477,0.862913029729758,0.9685193794449908,0.6243232230160121,0.28215036644601305,-0.9835470249578316,0.8666128204050635,0.7420094078232319,-0.9535268536791937,-0.7230782870300527,-0.5247625971263964,-0.8447533115759761,0.9467533743886665,-0.48581280911336927,-0.9509270807219199,-0.549072505180121
109,-0.5438934483937475,0.4758515227195153,-0.14354165485107584,0.027467928042111133,-0.4891326385324439,0.9108729912031763,0.980136603424748,0.5785810892452181,0.331915808060585,-0.8836960879025221,0.8429597572228217,0.7491607656045984,-0.8755251255073255,-0.7592924215242942,-0.5739065700507643,-0.6860718891654723,0.9620181670874057,-0.6136370265287657,-0.9004349527331086,-0.5722040331255076
110,-0.5576484823499802,0.49277198259836025,-0.14455930225250915,0.02937050170224017,-0.49742296062277513,0.913837804857407,0.9549670398977834,0.644772581703231,0.2650719807745726,-0.9001913083146105,0.8249653586894747,0.7361933809863243,-0.8670808130017228,-0.89186467831953,-0.5858741291625645,-0.7502751971846188,0.925341102964155,-0.621807278290357,-0.968119753148792,-0.5928592822694941
111,-0.5534907148406846,0.5077555617887547,-0.14707203314102982,0.037818967700873826,-0.5039105018986562,0.9169651789555743,0.9694039665357977,0.6016595094701845,0.338834257968774,-0.8720426746566645,0.8185867877234406,0.7884861424460486,-0.7457235963878829,-0.82060158157034,-0.5877418015584361,-0.7477566870012253,0.9545504295571078,-0.5406385574930763,-0.9506013574073809,-0.4983167072085377
112,-0.5534907148406846,0.5077555617887547,-0.14707203314102982,0.037818967700873826,-0.5039105018986562,0.9169651789555743,0.9694039665357977,0.6016595094701845,0.338834257968774,-0.8720426746566645,0.8185867877234406,0.7884861424460486,-0.7457235963878829,-0.82060158157034,-0.5877418015584361,-0.7477566870012253,0.9545504295571078,-0.5406385574930763,-0.9506013574073809,-0.4983167072085377
113,-0.5534907148406846,0.5077555617887547,-0.14707203314102982,0.037818967700873826,-0.5039105018986562,0.9169651789555743,0.9694039665357977,0.6016595094701845,0.338834257968774,-0.8720426746566645,0.8185867877234406,0.7884861424460486,-0.7457235963878829,-0.82060158157034,-0.5877418015584361,-0.7477566870012253,0.9545504295571078,-0.5406385574930763,-0.9506013574073809,-0.4983167072085377
114,-0.5471338143803289,0.48527343115087257,-0.14168815245768265,0.03519610272204006,-0.49668986244228985,0.849820070446,0.9892153988722701,0.7880308443890082,0.4042567184629576,-0.845056110985923,0.8763811673104878,0.8397169441867627,-0.8432543726211175,-0.7906802278359489,-0.5941058442011676,-0.7160328589455851,0.9516520119604529,-0.580833137474675,-0.9368673153148017,-0.4938938548090891
115,-0.5480342442355969,0.4885550993753622,-0.13566416075547033,0.03811549851011608,-0.4835832539788367,0.7740216990027734,0.980402813710477,0.7565687519069954,0.3703063256728309,-0.8656546101347673,0.837237268747375,0.9834255366428449,-0.7744427217206974,-0.8115390530533596,-0.6276744389873711,-0.7150551896877039,0.9252124362502474,-0.4796005548201342,-0.9765591345086433,-0.5470951952205259
116,-0.5480342442355969,0.4885550993753622,-0.13566416075547033,0.03811549851011608,-0.4835832539788367,0.7740216990027734,0.980402813710477,0.7565687519069954,0.3703063256728309,-0.8656546101347673,0.837237268747375,0.9834255366428449,-0.7744427217206974,-0.8115390530533596,-0.6276744389873711,-0.7150551896877039,0.9252124362502474,-0.4796005548201342,-0.9765591345086433,-0.5470951952205259
117,-0.5480342442355969,0.4885550993753622,-0.13566416075547033,0.03811549851011608,-0.4835832539788367,0.7740216990027734,0.980402813710477,0.7565687519069954,0.3703063256728309,-0.8656546101347673,0.837237268747375,0.9834255366428449,-0.7744427217206974,-0.8115390530533596,-0.6276744389873711,-0.7150551896877039,0.9252124362502474,-0.4796005548201342,-0.9765591345086433,-0.5470951952205259
118,-0.5396329062925488,0.49416127773566376,-0.15111553062756414,0.043212744856245926,-0.5062694242258833,0.7537299634635012,0.9910131182923783,0.7493138622074915,0.3690201289902424,-0.9658273979650206,0.8532857620664751,0.9358726128075586,-0.871940906935264,-0.8552466917028111,-0.6596259571417588,-0.6889319946074292,0.9505892817441255,-0.5217435416947385,-0.9862900994432708,-0.5607397524327876
119,-0.5426868085745498,0.4763853667734223,-0.14787858835895376,0.03182467619433038,-0.4974454873846012,0.7815489929907308,0.922248002445546,0.8128271782527735,0.3127226333122881,-0.8965315390152891,0.759670279751905,0.7859445782751615,-0.800383296800502,-0.8813316577583812,-0.4917238469584171,-0.6977646422083151,0.9465324881403975,-0.4853341736464517,-0.9842809621680879,-0.48974456355285007
120,-0.5422894084291262,0.49998858171845856,-0.15504999780437884,0.05123668501555797,-0.5220758884020487,0.8070679558634334,0.9904113210800206,0.845464322416289,0.39570588713615923,-0.9913139241000506,0.7433947732666881,0.8528782223864234,-0.7612069071480045,-0.9281132176690639,-0.5627430009583694,-0.6651777483715868,0.9942980762108101,-0.41261141225547165,-0.9953833320839821,-0.41399606171151077
121,-0.5303205781745886,0.4756458711268454,-0.14751991319072078,0.04729416485973284,-0.4997740915100296,0.8256749816042355,0.9841714062402667,0.7617601028183588,0.37785298312196014,-0.9640179969172726,0.7378090730563538,0.8022911295832724,-0.707091637956143,-0.7093504402083673,-0.39860946354662186,-0.6952818707286248,0.9481868150668278,-0.3754552025666691,-0.9632018195710487,-0.4289310821508894
122,-0.5380646568853424,0.4874303633895592,-0.14960230256016416,0.04375377312155538,-0.5034820734219154,0.8092343061688008,0.9750468555806516,0.8072277695987218,0.38429616024263824,-0.9556590425507129,0.7527681969330915,0.7326652000001503,-0.7185205194422917,-0.7217862605158695,-0.4479541574658733,-0.7086577074860178,0.9576549474704699,-0.4203600921418343,-0.9567669444542418,-0.4721125945021166
123,-0.5517992224841397,0.5028159374576471,-0.15017587440840777,0.04802393690294177,-0.5079543300406811,0.9142333025988673,0.9647675100789659,0.71882617063847,0.346335070580159,-0.9675623046675402,0.7931218268760223,0.6605191593723033,-0.6005906538389459,-0.8149793049685212,-0.4649467087114997,-0.6503050591727825,0.9692542376236958,-0.48527306637087153,-0.9826669758929946,-0.40857528594321424
124,-0.5559812935221787,0.5046096926552622,-0.15226377924325124,0.04773245303210691,-0.5016352493342044,0.9262627034101955,0.9739858017015397,0.7560521227351746,0.35237680412120853,-0.9738180675100281,0.6575258228603986,0.6771660823684139,-0.6323532839079095,-0.7998377247525885,-0.5236962144967175,-0.6561978771811108,0.9577042191526031,-0.514211985677298,-0.994416582611667,-0.39692111592604434
125,-0.5587481424734865,0.4950963984624488,-0.14679860311417306,0.043268364570996413,-0.4952435216901816,0.9412821426970857,0.9750127349197776,0.6971750589284149,0.3309446865381239,-0.9818702356737615,0.773215670632596,0.7175918624450458,-0.6335839664257226,-0.7953855377544142,-0.5304245190197063,-0.6325830683228081,0.9762758118317313,-0.5201919229876375,-0.9855173608476511,-0.4303520639690631
126,-0.5370247598005018,0.4831858443501592,-0.15059043055463658,0.05105780876924212,-0.5017427606191985,0.9509634401152898,0.9799778945020516,0.7443323455980424,0.37205005070772845,-0.9035294984791596,0.69157786500467,0.7771114905993751,-0.6271907307867837,-0.7686497091229268,-0.549013951678383,-0.6874639281990879,0.935057937848261,-0.4895650578755803,-0.9894902884510337,-0.37578421905806597
127,-0.5456747965293381,0.49125456234546844,-0.14936941385727,0.05514531479502583,-0.5008002172352279,0.9892860352228472,0.991873422144665,0.6874741169109676,0.3720428354330734,-0.9818503562369088,0.6966263736338638,0.7415070553044911,-0.6663341349176399,-0.7398808798845034,-0.5266209540645979,-0.622964627079783,0.9263965583740306,-0.48869003625131197,-0.9962497365885743,-0.4021414051405063
128,-0.5789806429384727,0.5117265043115,-0.13779208441470192,0.04521384600855331,-0.47682137764191607,0.962290002487881,0.9963882803674263,0.7966692337775066,0.3380387425228776,-0.9815172546079665,0.7624066790457128,0.7442560372988168,-0.6842177900929691,-0.766845320806534,-0.5574118858131724,-0.6328334446899357,0.8282956974028064,-0.49172548646613673,-0.9362980128892642,-0.45582820363847504
129,-0.553717851962704,0.48458674007456526,-0.14396022549108697,0.0377180469494362,-0.4819406047005832,0.8468757543273758,0.9928467857727714,0.7743105412411477,0.390239803226445,-0.992160723977866,0.7172160628070471,0.7303580333192277,-0.7714192410204805,-0.824293886459431,-0.4741080797903474,-0.507763929877572,0.8634503830343946,-0.5489478027493195,-0.9961864014191855,-0.5607819793057912
130,-0.559323238482933,0.4875510499023988,-0.12984119698508118,0.03371267681268271,-0.46565854923480343,0.9043765670421593,0.9731504891086176,0.8004093951299535,0.3471271573999058,-0.9760383239242473,0.7355621521368657,0.6487674884681376,-0.7736175207474982,-0.8188265863345594,-0.484042663928789,-0.5657781785657565,0.7921154996603592,-0.45707168883756955,-0.9217121024386945,-0.5372119798920223
131,-0.555425106632094,0.49697328299313465,-0.13351894225348784,0.04196325377701446,-0.4788579946533893,0.8922124674479172,0.9750725586773068,0.7758105003858939,0.35501852000690903,-0.97619899250938,0.7077644114612246,0.7747649216953928,-0.821676908365008,-0.7756449631498087,-0.5608131705145687,-0.495750596735269,0.7918275573840315,-0.5717031403433772,-0.9895111236578732,-0.5910433923882318
132,-0.5372452820777388,0.48786774233896085,-0.1546002045386208,0.0538952157491821,-0.5051520724313644,0.8838190645729844,0.9561322523930051,0.798632501524412,0.30165059362841057,-0.9942640892174256,0.6738891576504232,0.7536463271499115,-0.7717193403583038,-0.9075564047416805,-0.557019721686941,-0.49458066960686653,0.7016167469524841,-0.48310034791535034,-0.9676938744507223,-0.6467601229233918
133,-0.5728440375434417,0.5179512417799739,-0.1509276790886999,0.026130914502251374,-0.4997915811749819,0.8016874376184686,0.9644312583147181,0.8903863467632817,0.3863223192339613,-0.9543685688851845,0.7104017847774681,0.676921583325238,-0.7294893056030235,-0.9879791488683034,-0.511533713602984,-0.3841931645898355,0.6902331648673854,-0.451080756477666,-0.9233379012028907,-0.6537889784033754
134,-0.5473911456598286,0.4916169624504624,-0.15263478663613364,0.0404063453828361,-0.510162023413072,0.8915267343707651,0.9976139562185221,0.8955926822926334,0.30266223639452566,-0.9836416123765236,0.7259716012926593,0.6781366653383905,-0.6878693568736555,-0.9650012989644816,-0.5360052940210556,-0.45706205048620724,0.7608495666589145,-0.5019282434073394,-0.9516039818443531,-0.6068093184138003
135,-0.5731984092190534,0.5161717110582547,-0.14865719681312223,0.018035970927871105,-0.4949154438457177,0.8296549016691351,0.9895541858666209,0.9186012966822275,0.4057698930203654,-0.8758058882114246,0.7917403649702587,0.7154952755108809,-0.691912913254325,-0.8406112620624788,-0.4966536129182929,-0.45446737316416297,0.8025248737149675,-0.541259936078961,-0.9774995144573707,-0.6345585177940835
136,-0.5556871912311333,0.4947395752220135,-0.14758551527126365,0.03904704692288344,-0.5026359177227875,0.8852505416177535,0.9986605628718033,0.9604518016722949,0.34970684910922895,-0.9723570728633912,0.7804339783073568,0.7707116875391273,-0.6559912597990732,-0.8139872571669194,-0.457962965140199,-0.4617228737376636,0.853230978331685,-0.4922237633700749,-0.9822554989249419,-0.5657698282776867
137,-0.5658604270625377,0.5106238274661428,-0.14399486273985823,0.0404352164866555,-0.495175641455559,0.8057720414561776,0.9993663613854041,0.9168931581678083,0.3703719685572715,-0.9606138362781693,0.7386293581287127,0.7138716989171618,-0.6423594152654604,-0.9446487913058362,-0.5034153210217969,-0.5138877786085351,0.8535876427086914,-0.46503103363904114,-0.990839603263515,-0.5500203424984811
138,-0.5526231696325381,0.49697826607057843,-0.14711753715199824,0.04437384233802247,-0.5069107594355304,0.8076717027727388,0.9865309259886846,0.8812357220436154,0.29677053944647663,-0.9690163149508239,0.6972584941671115,0.6975234186390061,-0.5231455208418783,-0.9456421506778796,-0.4553772966973432,-0.4800893001145869,0.8382371770027228,-0.3400147423547671,-0.9993511824659249,-0.6204711541702839
139,-0.5579130534374478,0.5138254376650919,-0.15093435192615365,0.042013650926602364,-0.5167364900508593,0.8419729090043321,0.9973406831034426,0.9651893428112428,0.287842469720313,-0.9523120222815579,0.6747066880333665,0.6416510899032405,-0.3864105621766013,-0.9629774210743786,-0.4600718545478008,-0.39974831151836354,0.7954477261766718,-0.36796850525380287,-0.9859022270031209,-0.5875972574788512
140,-0.5579130534374478,0.5138254376650919,-0.15093435192615365,0.042013650926602364,-0.5167364900508593,0.8419729090043321,0.9973406831034426,0.9651893428112428,0.287842469720313,-0.9523120222815579,0.6747066880333665,0.6416510899032405,-0.3864105621766013,-0.9629774210743786,-0.4600718545478008,-0.39974831151836354,0.7954477261766718,-0.36796850525380287,-0.9859022270031209,-0.5875972574788512
141,-0.5579130534374478,0.5138254376650919,-0.15093435192615365,0.042013650926602364,-0.5167364900508593,0.8419729090043321,0.9973406831034426,0.9651893428112428,0.287842469720313,-0.9523120222815579,0.6747066880333665,0.6416510899032405,-0.3864105621766013,-0.9629774210743786,-0.4600718545478008,-0.39974831151836354,0.7954477261766718,-0.36796850525380287,-0.9859022270031209,-0.5875972574788512
142,-0.5393632774304818,0.49419049260511483,-0.15346133277820329,0.04903963010537299,-0.5184092162168069,0.8615424225172507,0.9951588724369785,0.9340036072960939,0.37004704713463693,-0.9959555431731966,0.6544414318100547,0.6091262840178675,-0.4205566461802638,-0.9815746716537679,-0.4348571240821319,-0.38010842549263124,0.797121055679046,-0.2831718195055752,-0.9854945270008953,-0.6056504279713775
143,-0.5393632774304818,0.49419049260511483,-0.15346133277820329,0.04903963010537299,-0.5184092162168069,0.8615424225172507,0.9951588724369785,0.9340036072960939,0.37004704713463693,-0.9959555431731966,0.6544414318100547,0.6091262840178675,-0.4205566461802638,-0.9815746716537679,-0.4348571240821319,-0.38010842549263124,0.797121055679046,-0.2831718195055752,-0.9854945270008953,-0.6056504279713775
144,-0.5744844459346543,0.5235319699019078,-0.15319343648306163,0.03623323456580701,-0.5124461829411213,0.8265223633996276,0.9977588850043474,0.8767409266664107,0.3392662040045619,-0.9475184767778878,0.6653517036140573,0.5858252808498746,-0.39219512746679214,-0.9695611874858006,-0.3803889546457924,-0.35233045870935564,0.7551084672142666,-0.3967331200790439,-0.9913173770970726,-0.5600189032116718
145,-0.5563219739921504,0.4972540518779059,-0.14641434079681956,0.0338594108702741,-0.511795252718667,0.9344118533645815,0.9944971232769582,0.9736549737898986,0.24769613936450896,-0.9832123043487476,0.7252076010213296,0.6269838480800932,-0.45044298544021383,-0.9199357888282225,-0.44445008415421655,-0.3946350625941526,0.8222491650070394,-0.4125617746924837,-0.98591659714191,-0.6645552955313302
146,-0.5375428657967152,0.4955150611581121,-0.15266215145014933,0.030654841351343266,-0.5074777233115692,0.7652878178996881,0.9961374684764606,0.90693218704571,0.2633255444845338,-0.9373520274041897,0.713874598910245,0.6624763385425154,-0.5579929938794082,-0.8803249998346715,-0.4899537134868397,-0.33601585952614316,0.7121103291105179,-0.4565246869189748,-0.9933488423705636,-0.7869134561007811
147,-0.5375428657967152,0.4955150611581121,-0.15266215145014933,0.030654841351343266,-0.5074777233115692,0.7652878178996881,0.9961374684764606,0.90693218704571,0.2633255444845338,-0.9373520274041897,0.713874598910245,0.6624763385425154,-0.5579929938794082,-0.8803249998346715,-0.4899537134868397,-0.33601585952614316,0.7121103291105179,-0.4565246869189748,-0.9933488423705636,-0.7869134561007811
148,-0.5646011735915673,0.5265664786567295,-0.15165402254395008,0.0507319863733588,-0.5173224768501063,0.8349573309741243,0.9921278667413008,0.9208474614613895,0.24573252060981157,-0.9979656168627334,0.7332645037223355,0.7596496746247294,-0.5273060970548166,-0.9686094596061707,-0.5784690005895913,-0.400428594416602,0.7449427203054421,-0.43006095545455847,-0.9635336721089831,-0.754532835625252
149,-0.5348568080352553,0.47388211587869156,-0.15562909381038373,0.04173428883190614,-0.5155425138481056,0.840143138376045,0.9884672755782667,0.9414777707424327,0.29077250963603274,-0.984020580226722,0.8810091914706396,0.7407080457605636,-0.4928455619527416,-0.9239412974680462,-0.6254986429060525,-0.35998192197317425,0.7260568899317545,-0.47341711539951975,-0.9250704686677935,-0.8206672850364045
150,-0.538653222692676,0.49655217035809274,-0.1517663977958057,0.03520906137627985,-0.5079257181555425,0.8777758443974546,0.9973260206971788,0.7922730324631533,0.293399288511129,-0.9224670200768834,0.9062886704776298,0.7149408679624134,-0.4966989997924174,-0.9647007995155854,-0.6876944063475918,-0.42531453328557645,0.7897252043505589,-0.4971951456100912,-0.8647172268733571,-0.8265789486428403
151,-0.538653222692676,0.49655217035809274,-0.1517663977958057,0.03520906137627985,-0.5079257181555425,0.8777758443974546,0.9973260206971788,0.7922730324631533,0.293399288511129,-0.9224670200768834,0.9062886704776298,0.7149408679624134,-0.4966989997924174,-0.9647007995155854,-0.6876944063475918,-0.42531453328557645,0.7897252043505589,-0.4971951456100912,-0.8647172268733571,-0.8265789486428403
152,-0.5503949798902494,0.5001072224541223,-0.1373157472683749,0.03238321672898851,-0.5012141453835227,0.8504815435598395,0.9917520185312866,0.6135764785865032,0.30863160857290384,-0.8538328636994945,0.7780124423698899,0.6258319566113105,-0.4643196520989919,-0.9065787370760408,-0.7147246242595273,-0.4422084967490689,0.7782638491161336,-0.5431453384779672,-0.9382346305406905,-0.7949889774440505
153,-0.5463408012503415,0.519741956160412,-0.1482751032335668,0.03202078906501925,-0.5070807372183724,0.9144401422962286,0.9624873756042477,0.6820070313551624,0.2617614861325205,-0.9597507642699756,0.8882100592450358,0.5885906613727261,-0.4970108818935276,-0.8272227492021239,-0.5919066862968151,-0.4742090594760929,0.8348934228459924,-0.49213451382545426,-0.9302554687852814,-0.8142872179639403
154,-0.5463408012503415,0.519741956160412,-0.1482751032335668,0.03202078906501925,-0.5070807372183724,0.9144401422962286,0.9624873756042477,0.6820070313551624,0.2617614861325205,-0.9597507642699756,0.8882100592450358,0.5885906613727261,-0.4970108818935276,-0.8272227492021239,-0.5919066862968151,-0.4742090594760929,0.8348934228459924,-0.49213451382545426,-0.9302554687852814,-0.8142872179639403
155,-0.553497224295484,0.5020331436745435,-0.13634196690980274,0.047749110785805765,-0.5025200365529733,0.8088925438323226,0.9293114540581555,0.6568650735028151,0.20275503557501318,-0.9689576309830608,0.8716599996412521,0.6909831468620798,-0.5255125816495866,-0.7877943335700505,-0.6520249229690999,-0.44832270806719804,0.8056986427037898,-0.56521127559368,-0.9726787534057422,-0.9129200080780256
156,-0.5538661493780249,0.5190647124544872,-0.14744507138144522,0.024177530953066087,-0.4902117789708502,0.8306403215573567,0.8568305296570975,0.5975838958648647,0.15580362345476786,-0.9833572018480647,0.8641476714638618,0.630866949884408,-0.5573501447183117,-0.7162869395042789,-0.5901589824298434,-0.4530639775409458,0.7341496747547943,-0.42415353351865603,-0.9447424397272347,-0.9927703195293089
157,-0.5494707734650309,0.4954504070359939,-0.140283044488721,0.037239551963005754,-0.5098896296442603,0.8054281502738969,0.9315747005556149,0.6515374708006321,0.2797705765662883,-0.9525543670416463,0.9271357274166014,0.6277811364936638,-0.5356174631911292,-0.5795079925252856,-0.6122008964196033,-0.45988026520249553,0.8786744954150236,-0.5994232745284173,-0.9846454546665333,-0.8483010872791745
158,-0.554608502495333,0.5171131289478538,-0.14154738406896447,0.016929876577251996,-0.4954338024210588,0.946662542005703,0.9584897638496098,0.6250648459148649,0.20176968615357307,-0.9271270335173334,0.9145039297418213,0.6123747346896221,-0.43992116638344153,-0.567035864312204,-0.5895639192378715,-0.46091361507500733,0.8356511197880437,-0.5789184925854519,-0.992909239884872,-0.8961044637708981
159,-0.554608502495333,0.5171131289478538,-0.14154738406896447,0.016929876577251996,-0.4954338024210588,0.946662542005703,0.9584897638496098,0.6250648459148649,0.20176968615357307,-0.9271270335173334,0.9145039297418213,0.6123747346896221,-0.43992116638344153,-0.567035864312204,-0.5895639192378715,-0.46091361507500733,0.8356511197880437,-0.5789184925854519,-0.992909239884872,-0.8961044637708981
160,-0.5525662269351302,0.4868170614881592,-0.13202748288063945,0.021682500228777157,-0.505131200731921,0.9341999547093733,0.972162053810913,0.6362906177982188,0.16249368354260937,-0.9996983077276407,0.942469868413872,0.6174787600763711,-0.4311695988884741,-0.5642597381325252,-0.6007318477932396,-0.4230697178023167,0.8036515428074099,-0.522487617002652,-0.9789799637689979,-0.8855244862509877
161,-0.5525662269351302,0.4868170614881592,-0.13202748288063945,0.021682500228777157,-0.505131200731921,0.9341999547093733,0.972162053810913,0.6362906177982188,0.16249368354260937,-0.9996983077276407,0.942469868413872,0.6174787600763711,-0.4311695988884741,-0.5642597381325252,-0.6007318477932396,-0.4230697178023167,0.8036515428074099,-0.522487617002652,-0.9789799637689979,-0.8855244862509877
162,-0.5525662269351302,0.4868170614881592,-0.13202748288063945,0.021682500228777157,-0.505131200731921,0.9341999547093733,0.972162053810913,0.6362906177982188,0.16249368354260937,-0.9996983077276407,0.942469868413872,0.6174787600763711,-0.4311695988884741,-0.5642597381325252,-0.6007318477932396,-0.4230697178023167,0.8036515428074099,-0.522487617002652,-0.9789799637689979,-0.8855244862509877
163,-0.558909374532421,0.5301428123923827,-0.1425540982215845,0.019465612822757432,-0.4986583984042246,0.8776875207760586,0.9641511123515629,0.728167725053216,0.18661102424414416,-0.9774698995760892,0.8970095670345605,0.7066267668972199,-0.4816821759394396,-0.4861860020558847,-0.5811868769111067,-0.4295729220124858,0.8039319165889144,-0.5442043466322644,-0.9987212870755332,-0.9211863412367715
164,-0.5554826677348828,0.48157204051587904,-0.12504577886509946,0.02393475167924352,-0.4922817164693502,0.7905303563569309,0.9826533009553612,0.6334497620441577,0.19099862041127036,-0.9328778239019325,0.9144213055483441,0.7187349840140292,-0.552686366395562,-0.5051315354721988,-0.542587691978313,-0.4576238570233052,0.7787133664515844,-0.4011569050028775,-0.9720610323630521,-0.9953640938772794
165,-0.5554826677348828,0.48157204051587904,-0.12504577886509946,0.02393475167924352,-0.4922817164693502,0.7905303563569309,0.9826533009553612,0.6334497620441577,0.19099862041127036,-0.9328778239019325,0.9144213055483441,0.7187349840140292,-0.552686366395562,-0.5051315354721988,-0.542587691978313,-0.4576238570233052,0.7787133664515844,-0.4011569050028775,-0.9720610323630521,-0.9953640938772794
166,-0.532458962193782,0.48569409964018206,-0.14358025334274624,0.015486880084282702,-0.4964391373238964,0.8347530668826783,0.9605572276718619,0.6593205638660675,0.22041233016322886,-0.9189951727099793,0.9331391335718846,0.6847040637048271,-0.5576708740316705,-0.46458739449681075,-0.49974321563875845,-0.492818496386046,0.8039166278871451,-0.3866119470467947,-0.9697521620927091,-0.9663361426577873
167,-0.532458962193782,0.48569409964018206,-0.14358025334274624,0.015486880084282702,-0.4964391373238964,0.8347530668826783,0.9605572276718619,0.6593205638660675,0.22041233016322886,-0.9189951727099793,0.9331391335718846,0.6847040637048271,-0.5576708740316705,-0.46458739449681075,-0.49974321563875845,-0.492818496386046,0.8039166278871451,-0.3866119470467947,-0.9697521620927091,-0.9663361426577873
168,-0.5575461506858647,0.4957214925735349,-0.13168446640893156,0.026908112036274585,-0.5024272021620179,0.8866112521332628,0.9848380005469907,0.6613445599335402,0.29442934550958677,-0.9914140729497396,0.958618180913799,0.644737330256636,-0.49461113487731817,-0.43995557630826065,-0.44104966393008244,-0.4823736358418388,0.816613523198357,-0.26145584848421793,-0.9849164326166883,-0.9065103528821724
169,-0.5569333388549593,0.5172613014994439,-0.14561731550749432,0.023176841522546343,-0.5017045134405758,0.9717680536063982,0.9990433310005968,0.7127643559495578,0.26311025433493346,-0.9583075432695413,0.9624631243479959,0.6507303878199769,-0.47431686065437073,-0.559834698884562,-0.47654163206993533,-0.5053844214996903,0.7608302384374808,-0.37141592545565555,-0.9898593873619428,-0.8750518160976954
170,-0.5550982165639343,0.4943085689293267,-0.1357143921093858,0.04385915257142647,-0.5046345940384734,0.9141693987578856,0.9911787184817147,0.6397501071958189,0.26809030594404304,-0.9863146297919374,0.9016700514367406,0.7632229073478874,-0.5765819794477859,-0.5530561323589847,-0.49716796888957393,-0.4945358687640342,0.7714946940914134,-0.3434327391046616,-0.9894644738128734,-0.9003289908867322
171,-0.5456054974125257,0.5161409892430106,-0.14246303728293075,0.036613810837140603,-0.5044314614412974,0.9176840652363717,0.9886449577689134,0.7041410624593827,0.2689211946813919,-0.9848317302842008,0.9249834569561453,0.8576998086379664,-0.6394495349996518,-0.5022731046708923,-0.5097000847721385,-0.5370897008177895,0.7110593849595357,-0.3065724931691972,-0.9828677304551143,-0.9145399939060912
172,-0.5456054974125257,0.5161409892430106,-0.14246303728293075,0.036613810837140603,-0.5044314614412974,0.9176840652363717,0.9886449577689134,0.7041410624593827,0.2689211946813919,-0.9848317302842008,0.9249834569561453,0.8576998086379664,-0.6394495349996518,-0.5022731046708923,-0.5097000847721385,-0.5370897008177895,0.7110593849595357,-0.3065724931691972,-0.9828677304551143,-0.9145399939060912
173,-0.5313662334949778,0.47400013483141656,-0.13773958900297384,0.038182426688099916,-0.5072619175946188,0.8724278509250069,0.9885666465485526,0.6593287319097737,0.22843664139501837,-0.982351086624596,0.8743940530511246,0.7789957166725856,-0.6834696302104089,-0.535850345478211,-0.5902391026556191,-0.446695166837882,0.6915099794856839,-0.4262139509442082,-0.9793671092620356,-0.9398188763284545
174,-0.5401499160653915,0.4993654795427383,-0.1446408602169164,0.01956971532244313,-0.49846490033500707,0.9058169250945465,0.9701016294345136,0.6439530211916247,0.2562785580080959,-0.9976479008879348,0.9072844956382046,0.7042611488771,-0.6501513280335968,-0.5236331575850649,-0.5372833899273286,-0.4415723105272073,0.6869127158632357,-0.41142989062193547,-0.9937019866455348,-0.9913925003744917
175,-0.5401499160653915,0.4993654795427383,-0.1446408602169164,0.01956971532244313,-0.49846490033500707,0.9058169250945465,0.9701016294345136,0.6439530211916247,0.2562785580080959,-0.9976479008879348,0.9072844956382046,0.7042611488771,-0.6501513280335968,-0.5236331575850649,-0.5372833899273286,-0.4415723105272073,0.6869127158632357,-0.41142989062193547,-0.9937019866455348,-0.9913925003744917
176,-0.5401499160653915,0.4993654795427383,-0.1446408602169164,0.01956971532244313,-0.49846490033500707,0.9058169250945465,0.9701016294345136,0.6439530211916247,0.2562785580080959,-0.9976479008879348,0.9072844956382046,0.7042611488771,-0.6501513280335968,-0.5236331575850649,-0.5372833899273286,-0.4415723105272073,0.6869127158632357,-0.41142989062193547,-0.9937019866455348,-0.9913925003744917
177,-0.5401499160653915,0.4993654795427383,-0.1446408602169164,0.01956971532244313,-0.49846490033500707,0.9058169250945465,0.9701016294345136,0.6439530211916247,0.2562785580080959,-0.9976479008879348,0.9072844956382046,0.7042611488771,-0.6501513280335968,-0.5236331575850649,-0.5372833899273286,-0.4415723105272073,0.6869127158632357,-0.41142989062193547,-0.9937019866455348,-0.9913925003744917
178,-0.55921494339178,0.4881212258926941,-0.13928860248795305,0.03450303258714937,-0.5013340725919004,0.9719918175223518,0.89981468620588,0.5838961349954155,0.26763392879490144,-0.9510368743347363,0.8503397828348598,0.7885601273519132,-0.6786932690490176,-0.5740539773821366,-0.5842499400174018,-0.5347649712156535,0.6932312562626094,-0.472264827565178,-0.9973976582803366,-0.8516672186682736
179,-0.55921494339178,0.4881212258926941,-0.13928860248795305,0.03450303258714937,-0.5013340725919004,0.9719918175223518,0.89981468620588,0.5838961349954155,0.26763392879490144,-0.9510368743347363,0.8503397828348598,0.7885601273519132,-0.6786932690490176,-0.5740539773821366,-0.5842499400174018,-0.5347649712156535,0.6932312562626094,-0.472264827565178,-0.9973976582803366,-0.8516672186682736
180,-0.55921494339178,0.4881212258926941,-0.13928860248795305,0.03450303258714937,-0.5013340725919004,0.9719918175223518,0.89981468620588,0.5838961349954155,0.26763392879490144,-0.9510368743347363,0.8503397828348598,0.7885601273519132,-0.6786932690490176,-0.5740539773821366,-0.5842499400174018,-0.5347649712156535,0.6932312562626094,-0.472264827565178,-0.9973976582803366,-0.8516672186682736
181,-0.5383465053501822,0.4840077355099795,-0.14830442396611515,0.026031330521969015,-0.4789651009485237,0.9325817571829724,0.9634801411687328,0.4803625255651395,0.20862892474243125,-0.9733317184641858,0.9033429284226607,0.7146701921846692,-0.7558489906562936,-0.5243007067157588,-0.5694626862399778,-0.5780330649183357,0.7821498673176044,-0.553400366505348,-0.9983157553571276,-0.8539668313371748
182,-0.5600320822935617,0.5083341815942878,-0.1381996150263292,0.026510669326345073,-0.4921606172331202,0.888087487784704,0.978712402628405,0.613793203344488,0.19145937132293087,-0.999256551913857,0.9595528317735484,0.8036257041856191,-0.825346545693128,-0.48929539729024846,-0.6098576534652638,-0.5742434823845357,0.7670433254064611,-0.5590269176730449,-0.9665066846905205,-0.9479173580701407
183,-0.5586456042543178,0.49977007559368125,-0.1361849177890926,0.022979298536091437,-0.48348983126310136,0.8761972869056401,0.9716380082182088,0.510730568339357,0.15335461167990258,-0.959425527142389,0.855943809937971,0.7550378857086519,-0.7668910868606977,-0.593776582648654,-0.6099230036001214,-0.5701954630589674,0.7712891097708897,-0.5286147224954755,-0.9734864383343884,-0.8996815435868337
184,-0.5586456042543178,0.49977007559368125,-0.1361849177890926,0.022979298536091437,-0.48348983126310136,0.8761972869056401,0.9716380082182088,0.510730568339357,0.15335461167990258,-0.959425527142389,0.855943809937971,0.7550378857086519,-0.7668910868606977,-0.593776582648654,-0.6099230036001214,-0.5701954630589674,0.7712891097708897,-0.5286147224954755,-0.9734864383343884,-0.8996815435868337
185,-0.53856355541896,0.46554003587069037,-0.13767285679264454,0.03134211152444552,-0.4907456750493797,0.9564625584566495,0.9941175646992303,0.5712557063447478,0.17092702224176745,-0.9476156410563668,0.8998414490848026,0.755399760933216,-0.7930689835632024,-0.6639235840760661,-0.6218727840219475,-0.636978734228178,0.8394481474363709,-0.5500668485590247,-0.9746088290251292,-0.8430790455855032
186,-0.53856355541896,0.46554003587069037,-0.13767285679264454,0.03134211152444552,-0.4907456750493797,0.9564625584566495,0.9941175646992303,0.5712557063447478,0.17092702224176745,-0.9476156410563668,0.8998414490848026,0.755399760933216,-0.7930689835632024,-0.6639235840760661,-0.6218727840219475,-0.636978734228178,0.8394481474363709,-0.5500668485590247,-0.9746088290251292,-0.8430790455855032
187,-0.53856355541896,0.46554003587069037,-0.13767285679264454,0.03134211152444552,-0.4907456750493797,0.9564625584566495,0.9941175646992303,0.5712557063447478,0.17092702224176745,-0.9476156410563668,0.8998414490848026,0.755399760933216,-0.7930689835632024,-0.6639235840760661,-0.6218727840219475,-0.636978734228178,0.8394481474363709,-0.5500668485590247,-0.9746088290251292,-0.8430790455855032
188,-0.53856355541896,0.46554003587069037,-0.13767285679264454,0.03134211152444552,-0.4907456750493797,0.9564625584566495,0.9941175646992303,0.5712557063447478,0.17092702224176745,-0.9476156410563668,0.8998414490848026,0.755399760933216,-0.7930689835632024,-0.6639235840760661,-0.6218727840219475,-0.636978734228178,0.8394481474363709,-0.5500668485590247,-0.9746088290251292,-0.8430790455855032
189,-0.5294089568050517,0.4748029260318195,-0.1391750212445198,0.03381532844725761,-0.4806573696522308,0.8777769558902474,0.9998753611768988,0.5382335406452972,0.23452199962170736,-0.9729385296397369,0.9335113885296124,0.8416965089475023,-0.7724965694112633,-0.6154403991410572,-0.7379743002266834,-0.6378274236593936,0.928205506195982,-0.6251562681045166,-0.9829366824179568,-0.7645476030729981
190,-0.5294089568050517,0.4748029260318195,-0.1391750212445198,0.03381532844725761,-0.4806573696522308,0.8777769558902474,0.9998753611768988,0.5382335406452972,0.23452199962170736,-0.9729385296397369,0.9335113885296124,0.8416965089475023,-0.7724965694112633,-0.6154403991410572,-0.7379743002266834,-0.6378274236593936,0.928205506195982,-0.6251562681045166,-0.9829366824179568,-0.7645476030729981
191,-0.5294089568050517,0.4748029260318195,-0.1391750212445198,0.03381532844725761,-0.4806573696522308,0.8777769558902474,0.9998753611768988,0.5382335406452972,0.23452199962170736,-0.9729385296397369,0.9335113885296124,0.8416965089475023,-0.7724965694112633,-0.6154403991410572,-0.7379743002266834,-0.6378274236593936,0.928205506195982,-0.6251562681045166,-0.9829366824179568,-0.7645476030729981
192,-0.549402107187434,0.48072482805978195,-0.14039403534470646,0.043095406608765215,-0.4925747343302483,0.8768505340894456,0.9503575479885951,0.609181868752222,0.1662010824237095,-0.9615887277434442,0.8311286515619674,0.7870040347853864,-0.7673387138915777,-0.6760284319258432,-0.6406538682239552,-0.6004505792302581,0.8723846283848522,-0.6064252786623732,-0.9912509139459477,-0.7671241913565957
193,-0.5380650406704437,0.48638776761314256,-0.1510132965284262,0.030169726943602152,-0.5005326530380637,0.8697813212679624,0.8999909413020932,0.6389592083232856,0.23753875423897766,-0.95984754404446,0.8117075166414659,0.8034762129913121,-0.7519349672057466,-0.8443169225375668,-0.6330237457731275,-0.6174343693057242,0.8729960588971036,-0.581746011257847,-0.9910267094469115,-0.6933951247233228
194,-0.5380650406704437,0.48638776761314256,-0.1510132965284262,0.030169726943602152,-0.5005326530380637,0.8697813212679624,0.8999909413020932,0.6389592083232856,0.23753875423897766,-0.95984754404446,0.8117075166414659,0.8034762129913121,-0.7519349672057466,-0.8443169225375668,-0.6330237457731275,-0.6174343693057242,0.8729960588971036,-0.581746011257847,-0.9910267094469115,-0.6933951247233228
195,-0.5624249129730089,0.5033464613025782,-0.1409057497668551,0.04490820605046598,-0.4832764232310346,0.9495646464938857,0.9917526679977622,0.4989388392816602,0.2658944891510451,-0.9480076354655591,0.6927326174462992,0.8098826082173465,-0.885929666663156,-0.8866265390977914,-0.6802117002831439,-0.7188761294221094,0.8623665957243949,-0.5417478233242773,-0.9919082649033916,-0.6172073607097067
196,-0.5349120173233963,0.47717885819070427,-0.14955382086348748,0.04393188595361485,-0.487287925493711,0.9072989280221094,0.922193509200396,0.47784551951773,0.17999368358068096,-0.983461398709266,0.6943813714334744,0.8501305770339174,-0.9321720240195049,-0.8246420620604965,-0.6221403999176323,-0.7838075732152257,0.9026094419042007,-0.5404157453254148,-0.9863335137850426,-0.5957845479454701
197,-0.5313566242116918,0.4542134291903541,-0.15093814395911004,0.037422297948541766,-0.4980202817274801,0.9567740905987707,0.9729697226047783,0.42432909599587676,0.1657958633402923,-0.9893550372020028,0.6893498119700884,0.7550194016482147,-0.9970489064788296,-0.786572631432406,-0.6510961114709082,-0.8155633467598697,0.9178671704603317,-0.5928466010290484,-0.9813021994654828,-0.5932670684911752
198,-0.5534771767424268,0.5024125485076604,-0.15275326345368256,0.0347968704424772,-0.4859304868478098,0.9148285184743371,0.9879897664228846,0.4382671512100168,0.28209743653720104,-0.9587139354030154,0.6807329775604972,0.8049057141398952,-0.9962031808289018,-0.9132976227096139,-0.6917684507641562,-0.7711560808343896,0.9260255312279455,-0.6269243090752264,-0.9497500347246204,-0.5044900986163816
199,-0.5534771767424268,0.5024125485076604,-0.15275326345368256,0.0347968704424772,-0.4859304868478098,0.9148285184743371,0.9879897664228846,0.4382671512100168,0.28209743653720104,-0.9587139354030154,0.6807329775604972,0.8049057141398952,-0.9962031808289018,-0.9132976227096139,-0.6917684507641562,-0.7711560808343896,0.9260255312279455,-0.6269243090752264,-0.9497500347246204,-0.5044900986163816
200,-0.5312788502721485,0.4726843451280223,-0.15440685693157447,0.05674688668191348,-0.5072965132331969,0.9818126052441153,0.8948934113369101,0.4825938347389984,0.2950930325868596,-0.9752071330365486,0.7437325237595598,0.8626249310138098,-0.9061211402977555,-0.8598502376025942,-0.6527362241866848,-0.8486615433680309,0.9770668555912834,-0.5764386390040279,-0.9902281168552671,-0.48431779859120005
201,-0.5491651179765452,0.5054694822282008,-0.1580323436543067,0.042633803979981975,-0.5012314396099441,0.8704750118747638,0.9490390481748305,0.5962529655850204,0.3341909734869776,-0.9819883919697538,0.7507362101289001,0.892654961610708,-0.9712219334494782,-0.8847528232520322,-0.6817589207128063,-0.8096835704841178,0.932090491180527,-0.5493488634743106,-0.9203396655930242,-0.4698680998259921
202,-0.5393637433556131,0.4602477926333058,-0.15571447473850925,0.04286454287360864,-0.5041756644615562,0.9266397850392671,0.9926736593341423,0.6484836386480853,0.34341744445667,-0.9349752753162377,0.6934586035489853,0.8452563642426191,-0.9095436823313798,-0.8632105672272339,-0.5716766971251491,-0.7715934596809731,0.940156630363751,-0.5700949597579466,-0.9764549053230236,-0.414204213318845
203,-0.5519501465870378,0.48478969544441974,-0.1503324613390461,0.028974803804895224,-0.47916087677559516,0.9200019525649972,0.9894620295040746,0.5556870683252964,0.3636861228168356,-0.9392201211441339,0.7187882294640507,0.7665107970752488,-0.9018047470072356,-0.6642822532022227,-0.5261344461225681,-0.820493234779868,0.9890794177718577,-0.5117492076580443,-0.9577889634596825,-0.34128441937244935
204,-0.543607406910482,0.4547883260044119,-0.1455977006329949,0.033419785927307114,-0.47857714187112993,0.9856524345345012,0.9895051598466891,0.4782967292745625,0.3457455145549761,-0.9963160837368464,0.6778997189939052,0.7303589397647283,-0.9760167327432262,-0.6317839274247641,-0.6155371041192984,-0.8146464761180042,0.9596010207306643,-0.5589632886953299,-0.940964079183022,-0.32825258206060637
205,-0.5641772537357531,0.5037075788727972,-0.14840425849090327,0.030036360520505415,-0.47597227339896336,0.9786924514583937,0.968780909129864,0.46804469690871253,0.35000494858712944,-0.9996284677156833,0.6665421371594951,0.689406051513052,-0.9409929688723768,-0.7276664910205752,-0.5621086179182457,-0.8277678830368729,0.9824511717578114,-0.5759631884704536,-0.9697464769813812,-0.3055839169444006
206,-0.5355241887501846,0.461077480929029,-0.15391750344172375,0.04000335156876263,-0.4973538077741497,0.9623153618289252,0.9782098388119332,0.4683166589024173,0.2969342681733262,-0.9895802025596481,0.6565268750319309,0.6429170879375652,-0.9325842192258272,-0.8498079594732341,-0.5932231018253883,-0.827627926130419,0.9814114527347477,-0.590895586893396,-0.9412994688863665,-0.32207775402863886
207,-0.540990666357435,0.48920724156555556,-0.15752227241987482,0.03156566202249746,-0.4856511669428012,0.9948803639235646,0.9284591467478597,0.37748760274847815,0.3356508969262577,-0.975554046843923,0.6416921163273934,0.7114792094701782,-0.9508926521793479,-0.749127874247166,-0.574777549893331,-0.826019663448549,0.9875987911276206,-0.6234732955932051,-0.999484565390152,-0.3588456936195267
208,-0.561598001579097,0.4831421092149495,-0.13994202685534168,0.03464355876951684,-0.47624256006110266,0.9935586916213731,0.9314754850445364,0.2783522100944655,0.2604777305316392,-0.9806435321755738,0.6796062647487934,0.6805376775601473,-0.9608902003516141,-0.7071621000853404,-0.637998735081489,-0.8663008702099346,0.9992322319182533,-0.6221297636171957,-0.9969248286457231,-0.42440649275107856
209,-0.561598001579097,0.4831421092149495,-0.13994202685534168,0.03464355876951684,-0.47624256006110266,0.9935586916213731,0.9314754850445364,0.2783522100944655,0.2604777305316392,-0.9806435321755738,0.6796062647487934,0.6805376775601473,-0.9608902003516141,-0.7071621000853404,-0.637998735081489,-0.8663008702099346,0.9992322319182533,-0.6221297636171957,-0.9969248286457231,-0.42440649275107856
210,-0.5319950082196785,0.46496793693147465,-0.1459828148735149,0.027138527962485323,-0.4796653736323767,0.9954407599856271,0.9825860895582372,0.3691013516252806,0.25915257169073935,-0.9160784688338133,0.7719073360588296,0.7404924672198039,-0.9141308225011814,-0.6055214401522351,-0.6019126544374254,-0.8810882439477259,0.9966324351205675,-0.6733682784806831,-0.9859599631367403,-0.4080918868208707
211,-0.5448593938325077,0.4740395341634202,-0.14188685009896207,0.034770563293060296,-0.49217049971895604,0.9899860688379227,0.9732946492026786,0.38232293742964657,0.2873641474642754,-0.9190585280889721,0.7555693145175414,0.8276534481124611,-0.9124385937138257,-0.6402273755468731,-0.6722554345989642,-0.8476601672714253,0.994975693051743,-0.6091205516091577,-0.9928418344914596,-0.5232936167356915
212,-0.5482267818153661,0.48609292186148856,-0.14532842853545633,0.024488986787994257,-0.48456385288464043,0.9460099111596943,0.9172927236145545,0.4579618721244225,0.3073829813631707,-0.9477947407237013,0.8265893084889474,0.8159309917649393,-0.9538767276348553,-0.533041868445484,-0.5303413668657554,-0.8728510304105025,0.9508411768042735,-0.5090515152463891,-0.9985968240204658,-0.4810637226157787
213,-0.547020361084638,0.4792608297035304,-0.14438349613771692,0.03378753097531552,-0.499066813882734,0.9599524142969663,0.8929356100672241,0.4915868344168923,0.39764222190892046,-0.9493749836604269,0.8478567946053951,0.8615626686103365,-0.9652518228346005,-0.5930726922380479,-0.6098577566960687,-0.8043875804630377,0.9560765996699045,-0.5352950189900048,-0.9994668151083896,-0.5298166303820696
214,-0.5324346416235681,0.4790995432902196,-0.14137161935227466,0.030095149735926145,-0.4970531864819592,0.8726895140611632,0.9682868024763058,0.6079714356053404,0.49559244000723385,-0.869606750799304,0.9169478400553231,0.9447609739776388,-0.9747303317808921,-0.6983791008064775,-0.6228368839752495,-0.8083149654099461,0.9845549873781895,-0.5499050218896866,-0.8958957239522425,-0.4361036133874445
215,-0.532475643642684,0.473097045230399,-0.14771213941585887,0.043408960799387664,-0.513155470102737,0.9893810360068787,0.9977555549867737,0.7400202793062058,0.5700172446098537,-0.8327552520672773,0.8541184467689286,0.9784218485598538,-0.9992295456524437,-0.7108830980809951,-0.5072699572581573,-0.8916610919589587,0.9876182708084017,-0.5239388774053941,-0.9665326687784724,-0.38628772111859394
216,-0.5429566995626262,0.4811126143023591,-0.14953566320469944,0.040701488243323605,-0.4835743123772903,0.9060684954676825,0.9159502477904594,0.5977945383200184,0.5479536046053213,-0.8861052537264847,0.8801477002156798,0.9887674316844317,-0.964123759758183,-0.8604697967921973,-0.5495427039315373,-0.9130515145382577,0.9997393071777387,-0.40608696481857787,-0.9559991397814639,-0.2911611393242305
217,-0.5390589390036031,0.47440574629195004,-0.14929968764903118,0.048597761456257764,-0.5050170348370979,0.9554873386153222,0.8826918791730393,0.6221781278872323,0.5888014856603019,-0.8710951074294117,0.8307081533046811,0.98623609552347,-0.9667283721508992,-0.8672648246857729,-0.6279221527110609,-0.9078270880208225,0.9908976288311774,-0.49101152513877605,-0.9669063660199797,-0.2427517702716259
218,-0.5564922430781895,0.5071643939707946,-0.15050366411824986,0.04631369017740515,-0.4912648990820985,0.9666408591739232,0.9648969678626316,0.5926743985078581,0.5441667456729011,-0.8922184098473301,0.7453589830379428,0.892083026651772,-0.9709559406688566,-0.9196725713244348,-0.5819897095266872,-0.8596671810247501,0.9794640661455168,-0.5444260593801141,-0.986770446342657,-0.23897313021629085
219,-0.5455480915618518,0.4875798547490229,-0.15149914257841918,0.04925950267371586,-0.5135235854726985,0.98751401956291,0.9888560762461481,0.652804254652275,0.48239234830446914,-0.988067880260374,0.7829787577426482,0.8531150242616999,-0.9442773897949069,-0.8501074519500526,-0.5364010226558442,-0.8286966347049973,0.9683355069903499,-0.4275533984698668,-0.953524586433234,-0.2717978259421227
220,-0.5268251952173812,0.49188215547041114,-0.1636991894829896,0.05507857214820282,-0.5102445339605873,0.9852838126196964,0.8730615693144176,0.7472053397687616,0.6640938626814598,-0.9277168381726297,0.8312869258421373,0.9519219540239491,-0.9273570416777324,-0.9407782303690708,-0.618608775402255,-0.7829921552549763,0.9898218305967733,-0.5644874432558089,-0.9630391277822236,-0.18333534978606558
221,-0.5584343328153083,0.5008551823492312,-0.15005885294981663,0.05953455391996911,-0.5017268853716856,0.9112597950167179,0.8965855620070332,0.7521510851594688,0.6426744094123942,-0.8301246245655821,0.7075624192934669,0.96527558444214,-0.9570589295017683,-0.9827005107611512,-0.6109697843713644,-0.87964792231365,0.9899377188806018,-0.5390832378734514,-0.9340445390675045,-0.06610857945311896
222,-0.5264154951444008,0.478081393354638,-0.1525691564170654,0.04534059027292028,-0.49550952763853034,0.9213342354169075,0.9674515921518404,0.7571589570857638,0.6882364543720002,-0.8340924167008478,0.7784543206374426,0.987048489863745,-0.9846147494788599,-0.9302136736647874,-0.502018769199493,-0.8562364447491951,0.9948911029581177,-0.4773318899443721,-0.9760885455370872,-0.18310689033869806
223,-0.5300424728313892,0.464845009652145,-0.14642651061041292,0.0547826709050027,-0.5038951282682804,0.9546414330296705,0.8891141720829309,0.6495380041305864,0.6036319348571041,-0.9128952469640775,0.7240634025041353,0.9104146293106928,-0.9350122441080283,-0.8785523254790962,-0.5389579372903456,-0.9197070669102583,0.9912697209306454,-0.348824843339882,-0.9700543919556606,-0.1826944375766036
224,-0.5300424728313892,0.464845009652145,-0.14642651061041292,0.0547826709050027,-0.5038951282682804,0.9546414330296705,0.8891141720829309,0.6495380041305864,0.6036319348571041,-0.9128952469640775,0.7240634025041353,0.9104146293106928,-0.9350122441080283,-0.8785523254790962,-0.5389579372903456,-0.9197070669102583,0.9912697209306454,-0.348824843339882,-0.9700543919556606,-0.1826944375766036
225,-0.5300424728313892,0.464845009652145,-0.14642651061041292,0.0547826709050027,-0.5038951282682804,0.9546414330296705,0.8891141720829309,0.6495380041305864,0.6036319348571041,-0.9128952469640775,0.7240634025041353,0.9104146293106928,-0.9350122441080283,-0.8785523254790962,-0.5389579372903456,-0.9197070669102583,0.9912697209306454,-0.348824843339882,-0.9700543919556606,-0.1826944375766036
226,-0.5586207169023689,0.501297610707601,-0.1414351414809633,0.04182229845527614,-0.47625537703420295,0.9845281877983624,0.8633281049496729,0.674328017576478,0.5832911937176326,-0.9771325055822511,0.653591285583404,0.8660237838556979,-0.8758769553365415,-0.9020129898510982,-0.5145696919937102,-0.8045709460977544,0.9916413367958632,-0.5058325249562393,-0.998034549732041,-0.02339522310257511
227,-0.5416581913888519,0.4707359056341034,-0.14964730718955435,0.05381874411581135,-0.5074576495086675,0.9955744195898008,0.9355092388089308,0.7000337715210215,0.6167027097210666,-0.9563538263655227,0.7397940593567922,0.7689554625922074,-0.8601287777417996,-0.8286100438721968,-0.490118203615148,-0.8168875209951795,0.9805998510766019,-0.41995870000492297,-0.9994960657099728,-0.21210944304831233
228,-0.5357249242668823,0.4960464057450198,-0.15100743692676502,0.04247529172976545,-0.48611832575914593,0.9971806191924187,0.9982202325258791,0.6307153408914477,0.574033039324194,-0.9844420834036963,0.7743755671563921,0.7409433533611931,-0.8946478409133982,-0.7861071954883239,-0.48095205224020693,-0.7082166708934604,0.9398924625336423,-0.43753016201087547,-0.9501287858600667,-0.2099908028507582
229,-0.5607115766199752,0.5009576902290853,-0.14300489929725987,0.043174027943517004,-0.5043552750533001,0.9791582668872916,0.982434421762217,0.7586037083505561,0.6096597780296699,-0.919043200866571,0.7773173635371907,0.7734074116693492,-0.9505073125183727,-0.6493754564640248,-0.5408102863361528,-0.7109425197904753,0.9172449937496636,-0.5098834018116087,-0.9415397012498543,-0.18477152106701777
230,-0.5527527035123063,0.4935659410952115,-0.14336427464246362,0.029067741522842198,-0.4688722965364516,0.9913307342373973,0.9479745652237248,0.821885766585163,0.5999837485596006,-0.9752086681507696,0.7451468346716875,0.8277745188531337,-0.9689988840232981,-0.6103293481611608,-0.46164637195841474,-0.6361386783405008,0.8789311239777992,-0.5891394450905831,-0.9821129703340308,-0.13525174443430285
231,-0.5527527035123063,0.4935659410952115,-0.14336427464246362,0.029067741522842198,-0.4688722965364516,0.9913307342373973,0.9479745652237248,0.821885766585163,0.5999837485596006,-0.9752086681507696,0.7451468346716875,0.8277745188531337,-0.9689988840232981,-0.6103293481611608,-0.46164637195841474,-0.6361386783405008,0.8789311239777992,-0.5891394450905831,-0.9821129703340308,-0.13525174443430285
232,-0.5573234945595337,0.4910128326265452,-0.13996288808981236,0.04417867177459435,-0.4957584012973569,0.9206416695654456,0.9590409684389898,0.9136599992866246,0.4876057909857983,-0.9637662908426932,0.7002205655005762,0.800007802361398,-0.9377355246803178,-0.6576728911722471,-0.5127838238730268,-0.7167883206750094,0.9991634650249017,-0.6308473404611825,-0.9695780911322757,-0.11300288330941154
233,-0.5375993220858355,0.49276263247083846,-0.148317979453431,0.03538932983864745,-0.48852018447114276,0.9141453339291729,0.9713722901470506,0.9539544107810358,0.6371391717389134,-0.9442346489982983,0.792653120990949,0.8289647501759068,-0.8905617932082573,-0.6783890883610314,-0.4876547248601865,-0.624824720704908,0.9702211358456785,-0.5856618319686928,-0.957980610728459,-0.15245079375399667
234,-0.5375993220858355,0.49276263247083846,-0.148317979453431,0.03538932983864745,-0.48852018447114276,0.9141453339291729,0.9713722901470506,0.9539544107810358,0.6371391717389134,-0.9442346489982983,0.792653120990949,0.8289647501759068,-0.8905617932082573,-0.6783890883610314,-0.4876547248601865,-0.624824720704908,0.9702211358456785,-0.5856618319686928,-0.957980610728459,-0.15245079375399667
235,-0.5704894535296511,0.4992879893573748,-0.1336743809162402,0.04347053911868684,-0.48533644616328364,0.9354519054270138,0.9483169513635147,0.8844732859700376,0.5904878403263096,-0.9157549664237875,0.747287947811071,0.8307228646466959,-0.9543827166347748,-0.5528935798170387,-0.4454153376881502,-0.7657528159668889,0.9868959445932826,-0.5846471599585573,-0.963102793554308,-0.05771416565219963
236,-0.5391354597867372,0.4742108413325865,-0.13871018621250383,0.029271843175049234,-0.4595963113146155,0.946804488332062,0.9071846750620748,0.7273509399622978,0.6603889227638241,-0.996555986719188,0.6902832711507965,0.7510305485128241,-0.999884552277329,-0.6288090882645965,-0.4221197985411169,-0.7153474417097692,0.932166365594093,-0.501323994130733,-0.9784201308888599,-0.07069534673689096
237,-0.5391354597867372,0.4742108413325865,-0.13871018621250383,0.029271843175049234,-0.4595963113146155,0.946804488332062,0.9071846750620748,0.7273509399622978,0.6603889227638241,-0.996555986719188,0.6902832711507965,0.7510305485128241,-0.999884552277329,-0.6288090882645965,-0.4221197985411169,-0.7153474417097692,0.932166365594093,-0.501323994130733,-0.9784201308888599,-0.07069534673689096
238,-0.5706788106259235,0.5017128077562013,-0.13134397173868181,0.04781593769824011,-0.4878634345501764,0.9528110903758552,0.9797672983137352,0.7871329551130326,0.5865781443935667,-0.9773087736206962,0.7006265524308555,0.7845070450343162,-0.9581713194014106,-0.7296350331779924,-0.46638904679587706,-0.8018775197322868,0.9811184961386384,-0.4980097228997447,-0.9790231154988485,-0.05419864508492509
239,-0.5512106870229055,0.5073615303008359,-0.14805553665608118,0.04278476596860496,-0.4846901635070244,0.9949674095186636,0.9934388134872937,0.8157378817391796,0.645499648199346,-0.9929473412361807,0.7039476752081564,0.7960007126994796,-0.9997291198648564,-0.7661198786789701,-0.38125656687311477,-0.7369669597468954,0.9733750898664798,-0.44894004525882186,-0.9916325471090084,-0.08886468203634416
240,-0.5611412334256771,0.5001308220967098,-0.14767430995632924,0.05822392494982568,-0.49913263571105326,0.9504088068605835,0.9577295170802381,0.8102840354989158,0.6282303037529586,-0.963671379886254,0.7335352119195687,0.7532032533046349,-0.8723092264135254,-0.7953245153395112,-0.3844962607433436,-0.7966347080041911,0.9558344520950249,-0.31609838578914184,-0.9774789915831464,-0.14335646353257678
241,-0.5489263545804921,0.4899594044201587,-0.14377089785096034,0.0443295195627283,-0.47206397373712317,0.9744282010008145,0.9652146710779393,0.788086754168945,0.5947065969246855,-0.9624013889883831,0.7393890010485931,0.7704077232256359,-0.8892235282708971,-0.8555789535844718,-0.3539515467726433,-0.7698768128226853,0.9536479625448385,-0.3740971063176447,-0.9653844570867932,-0.11354153814856796
242,-0.5795096270083933,0.5040785537760022,-0.13697902015402472,0.04146634985723814,-0.4758712317965878,0.9702517528937891,0.9639951402719581,0.7453609943767893,0.6136073600844754,-0.9428363508866403,0.5746872777508667,0.7846756995469636,-0.967639021949011,-0.8180507652533361,-0.43845002453998055,-0.7725875135564179,0.9416191021025876,-0.4590580859862779,-0.9785833423613227,-0.052393815486799666
243,-0.5270370182169172,0.46049016470226833,-0.1437346614120793,0.028982414596919553,-0.4730875755276538,0.9784299535860956,0.9810691793354331,0.7335076274934977,0.5739819747721726,-0.8397804361189142,0.6307711662258217,0.8033942496540087,-0.9655291517706955,-0.8299769772214233,-0.5080975354741105,-0.7278133142324142,0.9051533729323655,-0.5915622885674858,-0.9866636579966694,-0.18499882151128144
244,-0.5747838320042109,0.4989173905154321,-0.12721969466774322,0.041781668476065154,-0.48844238676184354,0.9741683152427587,0.9424948461923451,0.7873290211883446,0.5941820170838323,-0.9144117603143516,0.608023453581564,0.8351083868121895,-0.980954389888252,-0.8060048731195991,-0.48444572804084185,-0.7272130770844314,0.9063154099074756,-0.544569199421464,-0.9710963240274125,-0.10247671448812307
245,-0.5304489134540791,0.4812226852263157,-0.13883455727413543,0.022353026722991304,-0.4765227692663003,0.9799258379956607,0.9707001879903445,0.722051878486512,0.5682730304108027,-0.926194315295988,0.6381418499553444,0.7754352909309526,-0.9653388920839396,-0.7317152956224825,-0.47507386938385554,-0.7015673179643787,0.9319077064344873,-0.5460329982214716,-0.9862582326039605,-0.16015560730628134
246,-0.557722205431989,0.482579018695731,-0.12639604459492254,0.03544986349993247,-0.49697262489359745,0.9885577707249248,0.9901096225883095,0.89883817206044,0.5110475929525395,-0.9800735447330032,0.7355305295969116,0.7525693700923397,-0.9068061350282615,-0.8141227213560464,-0.5641415743707432,-0.5804554557029592,0.9078054837150579,-0.6835628287694518,-0.9643633008551981,-0.19762857959596472
247,-0.557722205431989,0.482579018695731,-0.12639604459492254,0.03544986349993247,-0.49697262489359745,0.9885577707249248,0.9901096225883095,0.89883817206044,0.5110475929525395,-0.9800735447330032,0.7355305295969116,0.7525693700923397,-0.9068061350282615,-0.8141227213560464,-0.5641415743707432,-0.5804554557029592,0.9078054837150579,-0.6835628287694518,-0.9643633008551981,-0.19762857959596472
248,-0.557722205431989,0.482579018695731,-0.12639604459492254,0.03544986349993247,-0.49697262489359745,0.9885577707249248,0.9901096225883095,0.89883817206044,0.5110475929525395,-0.9800735447330032,0.7355305295969116,0.7525693700923397,-0.9068061350282615,-0.8141227213560464,-0.5641415743707432,-0.5804554557029592,0.9078054837150579,-0.6835628287694518,-0.9643633008551981,-0.19762857959596472
249,-0.5388999130959137,0.5049030363335865,-0.14337766203051758,0.02905586000205272,-0.49103688282417896,0.943983251640275,0.9795993443846365,0.8170735419784323,0.4998968157547302,-0.9448553989928012,0.6585003709045774,0.7299695061352484,-0.9180641377358311,-0.7424839559073073,-0.4508812033393999,-0.6315183206174,0.9153777326662418,-0.5848275359541899,-0.9844879485628985,-0.2233978764375317
250,-0.5579531958312908,0.48732061554335804,-0.12566163333286576,0.04142875702773086,-0.5007187284738938,0.9377499852551191,0.9819665296528093,0.8119462246406361,0.4169954522255302,-0.9904384473665285,0.8647779814952921,0.7284701890644348,-0.8976505260757177,-0.5992437167448584,-0.44919240658639875,-0.6733947478586036,0.9819786719088277,-0.5494830113703257,-0.9598871224241511,-0.31440491773563106
251,-0.5558812568122683,0.5168588268891023,-0.145571937650492,0.021822012507984583,-0.48725359710280625,0.8967915588335338,0.9878472420374097,0.8140459269343718,0.508269437512576,-0.9419223529787578,0.851944726908577,0.7501563981323806,-0.9244272625111836,-0.6621790802439111,-0.48485394218462285,-0.6809080437286259,0.9878418785495806,-0.5880471116019255,-0.9229806344988504,-0.2975436762495086
252,-0.5546035867381842,0.4819870944954137,-0.13431819735395267,0.036126359968249505,-0.5025152062566911,0.8681570251944665,0.903737819743973,0.7188277851284242,0.5702198551164663,-0.8475167801602675,0.795634137533438,0.8591124957925768,-0.9713705917753309,-0.6289468201242638,-0.48217332098248156,-0.7558641680926523,0.9270741508443961,-0.52306328086725,-0.9560239175383444,-0.3660739365691721
253,-0.5546035867381842,0.4819870944954137,-0.13431819735395267,0.036126359968249505,-0.5025152062566911,0.8681570251944665,0.903737819743973,0.7188277851284242,0.5702198551164663,-0.8475167801602675,0.795634137533438,0.8591124957925768,-0.9713705917753309,-0.6289468201242638,-0.48217332098248156,-0.7558641680926523,0.9270741508443961,-0.52306328086725,-0.9560239175383444,-0.3660739365691721
254,-0.5355526001726532,0.48310842139343296,-0.14291524406944608,0.020057384884394902,-0.48973645168778324,0.9970752282782669,0.9520616774717788,0.7199592596740346,0.5641625551121079,-0.8933686841436675,0.9240424123354871,0.8388023268865216,-0.8977354197336088,-0.537073041578617,-0.41821914975960456,-0.7395285175391295,0.899421118662457,-0.4515090596208212,-0.9510215350019001,-0.41921686882719306
255,-0.5355526001726532,0.48310842139343296,-0.14291524406944608,0.020057384884394902,-0.48973645168778324,0.9970752282782669,0.9520616774717788,0.7199592596740346,0.5641625551121079,-0.8933686841436675,0.9240424123354871,0.8388023268865216,-0.8977354197336088,-0.537073041578617,-0.41821914975960456,-0.7395285175391295,0.899421118662457,-0.4515090596208212,-0.9510215350019001,-0.41921686882719306
256,-0.5502422552269384,0.47659403995460475,-0.131223001437921,0.033969744492649896,-0.4994389215861073,0.9325606890578961,0.9785139734020103,0.7939235416125794,0.49993170153610883,-0.9528476753558824,0.9077940509626757,0.8555994754750865,-0.9744998250850941,-0.5536899921389996,-0.4650152608961774,-0.7249363649929342,0.9364382124127254,-0.4448467928835339,-0.9185282329968713,-0.34770716296629
257,-0.5390527091209122,0.4952109817432771,-0.13819847596917584,0.019206002942203263,-0.4953445857993293,0.9507936390096056,0.9814419998204511,0.7626255416601745,0.4136063910235542,-0.9069203038476277,0.9091372628451677,0.8428961115190118,-0.9898453606528242,-0.5194195696409019,-0.5170039874676718,-0.7627066694273446,0.9227575836150144,-0.5571797331177546,-0.8973465131135202,-0.4620867925100283
258,-0.544745362148785,0.48245760938033433,-0.12787167720884968,0.04630071038386168,-0.5087221949802034,0.9448764036037733,0.9471438977705964,0.7704009973781842,0.435365856165829,-0.883578568821762,0.9751833083419569,0.9945702570667714,-0.9306920316015488,-0.6266095045531054,-0.49777497740799825,-0.8367156072175129,0.9956412562042614,-0.533043480539472,-0.9514109534071719,-0.43426780422365746
259,-0.5303727794258498,0.48543824363161125,-0.1424893097073231,0.02495196789188586,-0.4791203946000567,0.971189199589309,0.9684692100501356,0.7826929251733048,0.49956745560342997,-0.9417317773470899,0.9508829900666195,0.9569359770980729,-0.8393561269792938,-0.48680676163785697,-0.45510683911469185,-0.7450296826825924,0.9890765552602837,-0.46633300393438004,-0.9893043405117312,-0.4777758749162254
260,-0.5685037635858097,0.4984380406939984,-0.12686846505294522,0.04716816905285428,-0.5028528337633152,0.9669964483777331,0.9907393371647775,0.8060021883597771,0.45571733618967886,-0.9148021400400497,0.9738939886265708,0.8936998218751262,-0.9146894696075812,-0.48633215530192225,-0.4683677312540091,-0.7192554377233743,0.9235902228587828,-0.5478801266597005,-0.9544147306392864,-0.5098976113847835
261,-0.5685037635858097,0.4984380406939984,-0.12686846505294522,0.04716816905285428,-0.5028528337633152,0.9669964483777331,0.9907393371647775,0.8060021883597771,0.45571733618967886,-0.9148021400400497,0.9738939886265708,0.8936998218751262,-0.9146894696075812,-0.48633215530192225,-0.4683677312540091,-0.7192554377233743,0.9235902228587828,-0.5478801266597005,-0.9544147306392864,-0.5098976113847835
262,-0.5458095023578835,0.5039474317275655,-0.13542698691012306,0.019533005679313452,-0.4853421578687271,0.9867415049868553,0.994882269319687,0.7692547448908005,0.5144964768776994,-0.991279788862788,0.9511821751395704,0.9002682799016685,-0.9456170477410077,-0.34998767884057397,-0.5354367544982552,-0.631871834802619,0.8731554490373657,-0.5465282813043144,-0.9535255022875728,-0.4205793078101855
263,-0.5605316353311339,0.4931789295813735,-0.1258744362383274,0.01636636119556239,-0.4982190626413953,0.9128171946967308,0.9877001338346059,0.8448617074131698,0.5215783375972372,-0.9357937584342643,0.9917619029409561,0.8160508480059866,-0.9212751165634753,-0.2989983780235704,-0.3895740022156776,-0.6387221917622485,0.951515125593012,-0.5509407095445604,-0.975069677264487,-0.4219477616841834
264,-0.5433849619984301,0.4984281690953314,-0.1411178295637304,0.0181382514885765,-0.5009806963258702,0.9350975325568129,0.9793695138898384,0.9992271365422848,0.5640039546829125,-0.953428122353872,0.9793113212872898,0.9781554013534163,-0.9676975022566738,-0.4181398876847169,-0.39737594127798026,-0.6688595226203221,0.920550759233533,-0.5004836801036124,-0.992623669265439,-0.35913533525592944
265,-0.5493803622040088,0.4769658927636153,-0.1361069791574465,0.017008034575289918,-0.47458329535187604,0.8607412337493471,0.9585329004486375,0.9586463380840416,0.6658933308693212,-0.9163809897498298,0.9791963427806399,0.9011058694010645,-0.9822216529384873,-0.4025485522118288,-0.36609271497738377,-0.6342931908632834,0.8806075580258864,-0.4709875098582033,-0.976110381835659,-0.4053404597251075
266,-0.5527007024857985,0.4935301941826541,-0.13302539429446944,0.0251263107635003,-0.49064134691850786,0.9494631570637551,0.9794133309394322,0.8832873805020384,0.651788814153795,-0.8518598685982113,0.9965297519420091,0.9544550139159075,-0.9224173382451939,-0.36604587176316034,-0.40050281510011376,-0.6651639001307428,0.8644842364210072,-0.4701711605074611,-0.9791247548439074,-0.44066144495307097
267,-0.5537270896149973,0.5073517051734802,-0.14453077002737902,0.02346644097086106,-0.4951883532061987,0.9869829564270856,0.9886838800652705,0.9033011629965355,0.6975768461611793,-0.9697814403589863,0.9811664637172652,0.9388504332088901,-0.925956211076901,-0.2859480184488547,-0.4565783392792535,-0.5574751756418667,0.7474655088145231,-0.42122329825951577,-0.9657655537962688,-0.41697783862918397
268,-0.5832983403364989,0.5082401593443668,-0.1349334304719254,0.02273407585838725,-0.4925186372645964,0.9628553985803312,0.9711152611567209,0.9981545146328207,0.669766872456755,-0.9937501983844098,0.9679081552080793,0.9426091551470014,-0.8860280838900236,-0.3467983488646615,-0.3843253681455862,-0.5578789414621335,0.7871086199229468,-0.40415858148868633,-0.9650271213522903,-0.38173833755853104
269,-0.5398818176410477,0.4909405975424848,-0.15529495745731545,0.026729563402402977,-0.4992058769612802,0.9427332919101726,0.949718633125931,0.977107063249406,0.7384676769688103,-0.9871689893478812,0.9523816090481522,0.9563312139555818,-0.9268398544994481,-0.45030179952650357,-0.5205017780806375,-0.5349807422575815,0.7310179721154157,-0.44459414586315654,-0.944917472372176,-0.38469387519013404
270,-0.5398818176410477,0.4909405975424848,-0.15529495745731545,0.026729563402402977,-0.4992058769612802,0.9427332919101726,0.949718633125931,0.977107063249406,0.7384676769688103,-0.9871689893478812,0.9523816090481522,0.9563312139555818,-0.9268398544994481,-0.45030179952650357,-0.5205017780806375,-0.5349807422575815,0.7310179721154157,-0.44459414586315654,-0.944917472372176,-0.38469387519013404
271,-0.5551343336613488,0.48784399143689466,-0.1448022509173591,0.028285862246170038,-0.5034804449585426,0.9257834608528956,0.992442807175661,0.9198952612895736,0.6382091586403092,-0.8593629275886315,0.9397880046607291,0.977127124743459,-0.8424040312265281,-0.48485761004967737,-0.4102888550242596,-0.5366582017017509,0.7746453094633168,-0.4000875403549846,-0.9715041953868685,-0.5288334153775709
272,-0.5349665675769035,0.48102411894052965,-0.15009479371061377,0.02339396214185121,-0.5111736673602669,0.9234479416927636,0.9847149887158876,0.9151437023782356,0.5953577913562168,-0.8428986871391978,0.8866510696873504,0.9487484899836027,-0.7773212878790399,-0.47294577295546814,-0.49914845638416705,-0.5755257924669466,0.7599866400274662,-0.4408940991828134,-0.9669535409972055,-0.5159121690533379
273,-0.5631496666775918,0.5014333359048901,-0.14319342830422313,0.02643638636114444,-0.5121718432939034,0.9284548784352312,0.9909508575665373,0.9656717708448994,0.6128416295993987,-0.7768248484829384,0.8694847423497786,0.9444113805167172,-0.6788339892229676,-0.5900590904322314,-0.5590660915713708,-0.5116422402729502,0.7472984588967485,-0.45772256655332316,-0.9270092706085808,-0.543365912602288
274,-0.5567411910689658,0.5004641713043503,-0.14701838811546358,0.026155917606945613,-0.5118577509252408,0.9645688295170001,0.9866745248070046,0.956245180124999,0.6953289200270442,-0.8256588312924746,0.960334071010085,0.9096969556233149,-0.6355085532715553,-0.6104631529812862,-0.48492826651062876,-0.49621051701055974,0.802591701871768,-0.4096396116481013,-0.9332641664028205,-0.5373429162937045
275,-0.5559906739076984,0.4903592833859126,-0.13956659245956196,0.02753433547072393,-0.5048032025337937,0.9742105022376408,0.8833559835104321,0.8696810706767572,0.7837971860603566,-0.7778886672069567,0.9584174759980695,0.915232196353003,-0.6434580024387258,-0.5972107328393969,-0.5064295374176772,-0.5548563615119567,0.7150770464118718,-0.3298526556214738,-0.9627062876856481,-0.4953158046641251
276,-0.5658076044872415,0.5062839502553077,-0.14609479829696503,0.025513654892786803,-0.5103170390503833,0.9329494365555794,0.8990779761342463,0.940570944187932,0.6308695094675283,-0.8891552871883011,0.9730804479521886,0.8254510204269242,-0.6137332607100059,-0.7168569385785312,-0.4807078895818964,-0.5595815639185727,0.8369891021831696,-0.32244631962756787,-0.896568924461659,-0.494095045338036
277,-0.5658076044872415,0.5062839502553077,-0.14609479829696503,0.025513654892786803,-0.5103170390503833,0.9329494365555794,0.8990779761342463,0.940570944187932,0.6308695094675283,-0.8891552871883011,0.9730804479521886,0.8254510204269242,-0.6137332607100059,-0.7168569385785312,-0.4807078895818964,-0.5595815639185727,0.8369891021831696,-0.32244631962756787,-0.896568924461659,-0.494095045338036
278,-0.5628539500018509,0.4957978347630815,-0.14530819798976063,0.02376257038470026,-0.5152692065953446,0.9238210392215754,0.9212007317206191,0.9094769051149957,0.6469758853975784,-0.9870062035178605,0.9953382406957187,0.7941190372759253,-0.705744097937325,-0.5997641897542055,-0.41673632919373965,-0.5500723683114302,0.8392684463639393,-0.3333685824316171,-0.9834736252696488,-0.484682399163981
279,-0.5628539500018509,0.4957978347630815,-0.14530819798976063,0.02376257038470026,-0.5152692065953446,0.9238210392215754,0.9212007317206191,0.9094769051149957,0.6469758853975784,-0.9870062035178605,0.9953382406957187,0.7941190372759253,-0.705744097937325,-0.5997641897542055,-0.41673632919373965,-0.5500723683114302,0.8392684463639393,-0.3333685824316171,-0.9834736252696488,-0.484682399163981
280,-0.5628539500018509,0.4957978347630815,-0.14530819798976063,0.02376257038470026,-0.5152692065953446,0.9238210392215754,0.9212007317206191,0.9094769051149957,0.6469758853975784,-0.9870062035178605,0.9953382406957187,0.7941190372759253,-0.705744097937325,-0.5997641897542055,-0.41673632919373965,-0.5500723683114302,0.8392684463639393,-0.3333685824316171,-0.9834736252696488,-0.484682399163981
281,-0.5410208910479192,0.4971883889225461,-0.15601632178807182,0.018920977822410576,-0.5212190979812833,0.9249063492933798,0.9754590209876869,0.8861371849733931,0.5800802318671977,-0.9312287428870326,0.9187592254359364,0.8755057341510704,-0.7699973106362414,-0.5743321088032141,-0.38069469763618763,-0.6352375962389776,0.8961972648348852,-0.31253910658316514,-0.9992415938867962,-0.5062630787262619
282,-0.5703920522403119,0.4988872232978166,-0.14495303718498065,0.028492199012501957,-0.5170622143737004,0.8954367604899701,0.9890159039540483,0.9381264595639303,0.41620883164463296,-0.9917821373947582,0.9357790737225391,0.8110313422433592,-0.7845531865589058,-0.6854349639996201,-0.33577776659533587,-0.6512745332006128,0.8385753505305977,-0.37955821225914643,-0.9883488532205965,-0.5159934175428215
283,-0.5542103534564452,0.4968238260363962,-0.15472577349055736,0.02272813523403955,-0.5053895225273793,0.9229786338001834,0.9808049897715434,0.9003474315224439,0.5774972352971253,-0.9523313587349567,0.9617804527089633,0.841137806175011,-0.7012268312552576,-0.7021747624820553,-0.47402345146721697,-0.5966939073429919,0.9049217957048916,-0.4040374786375305,-0.9740173468086994,-0.5110525748509821
284,-0.5487758557155247,0.47323862172466824,-0.1503058132188732,0.036674489966093814,-0.5177326866769414,0.9609295698259492,0.988931179431604,0.8739283933780553,0.5386245751931017,-0.9279024802771314,0.8674216332774722,0.8524688342017571,-0.6740832226392102,-0.6501460412513435,-0.45792736727375866,-0.5951820050961305,0.8655628043650875,-0.4108766288743957,-0.9902475224801832,-0.46591349196410936
285,-0.554482075745542,0.513666144606577,-0.15685102436902962,0.03618141803501675,-0.5140807664719952,0.968878972773251,0.9867529073543178,0.8519135741118271,0.5663473622025629,-0.9927856581759713,0.8555871818513088,0.9241259237179329,-0.7087459843922719,-0.6075087285038853,-0.48760279674722823,-0.5543077879161049,0.7590111084964686,-0.32113153784957094,-0.9976238155880407,-0.5348533192184303
286,-0.5459664284715919,0.479444562058728,-0.1466464739550139,0.03777155933984259,-0.5175454173118655,0.9763374289516813,0.9945787548003975,0.9637847930338547,0.5316298548745872,-0.9795815274335055,0.8533751818420697,0.8954889549591937,-0.6085978103505085,-0.48539304259376265,-0.5149612915477544,-0.46105638145067096,0.7399284153304239,-0.3994733218176206,-0.9674636508713605,-0.5036309726864387
287,-0.5723425013724782,0.5142027313743538,-0.14706007235254775,0.02123392588359569,-0.4923890218256586,0.9737645631215759,0.9940050626256335,0.8577044158225646,0.556504229693331,-0.9779098651464609,0.8504598872753419,0.7871067405407572,-0.726278765484623,-0.5042386163011653,-0.4578367219433728,-0.42631618582430464,0.7152416664259147,-0.40317210703560263,-0.9701060741457062,-0.580088279169705
288,-0.5717618063892345,0.498934234329585,-0.13750481479943757,0.025177534088266527,-0.4911591261052607,0.9800379977485257,0.9773591975951995,0.9156018575119993,0.6089620291510326,-0.9585633359343865,0.8805639417300396,0.8161258344655031,-0.7628315045922371,-0.40442851605897423,-0.4689293152113896,-0.3949106034246052,0.6303153984737934,-0.43522143001860863,-0.9750983504306295,-0.590241355736376
289,-0.579636425408545,0.5122586890557412,-0.14329967634877336,0.020171042660149397,-0.4857575736126565,0.963292231879798,0.9125256539184833,0.848173132067538,0.6542860126457636,-0.9294528621303163,0.8246579066023412,0.8500511134651092,-0.7601658689807221,-0.4686324320680606,-0.431955190154805,-0.4008930014035865,0.6654026702719708,-0.4241101614077595,-0.9825464303639021,-0.5632504706442126
290,-0.579636425408545,0.5122586890557412,-0.14329967634877336,0.020171042660149397,-0.4857575736126565,0.963292231879798,0.9125256539184833,0.848173132067538,0.6542860126457636,-0.9294528621303163,0.8246579066023412,0.8500511134651092,-0.7601658689807221,-0.4686324320680606,-0.431955190154805,-0.4008930014035865,0.6654026702719708,-0.4241101614077595,-0.9825464303639021,-0.5632504706442126
291,-0.5472200327181644,0.46376243379377924,-0.1449389456097875,0.029610766529106547,-0.4961719900430311,0.9596405447242551,0.935845225125403,0.8723968279538662,0.522055637525649,-0.9324733220512715,0.8777901003241935,0.8329084688906241,-0.8210565091848046,-0.4953421033565027,-0.5252140445021867,-0.5031318756733641,0.6440403872972553,-0.467115163774091,-0.9327520785974107,-0.5564113733512756
292,-0.5779211260346643,0.5147852973929116,-0.15028252911623177,0.017510358414620644,-0.4950069549166486,0.8966614273877205,0.9879965103135645,0.9567518614958345,0.6038804144544851,-0.9420993068783172,0.9156960540637407,0.8635572354120841,-0.8283103742900806,-0.5944028933468589,-0.4965757632987016,-0.48456522777099303,0.7727304244388881,-0.4196761824844891,-0.9081001533986173,-0.5187300909572959
293,-0.5513521890150453,0.46769177958066127,-0.14661139342696852,0.024942112002654167,-0.5047144756936096,0.9540039988148864,0.9846088063024678,0.9695477627284024,0.5035278463011087,-0.9706821771539015,0.8742394794511625,0.783308608416856,-0.8335612717815593,-0.5759436926493964,-0.4320939020154536,-0.5218431459856714,0.8403305066943444,-0.5358764372985505,-0.9947951729013571,-0.4450942608919701
294,-0.5694530865220055,0.5076305438493399,-0.145127717339265,0.01598241005979214,-0.4918686989146086,0.9612116768736666,0.9925662379200232,0.974803446601959,0.5160919850606229,-0.9578167136484531,0.7674195638557089,0.7602236995407111,-0.8690943976682289,-0.4189874852340976,-0.3606771103438028,-0.48396356885584224,0.7635917642662373,-0.4989209940564473,-0.9521417718205284,-0.36585183283124373
295,-0.5482639993436983,0.4689326157637006,-0.14222365860362168,0.02581659926911294,-0.49718173007550814,0.9930212355864276,0.9198217762692364,0.9695311892717733,0.6374356572741152,-0.950377981486305,0.8165733949301058,0.7807989817116431,-0.9271155241293647,-0.46302654208183847,-0.4262863559651532,-0.49498106447999873,0.7368840361551737,-0.5810846069783757,-0.9923046167552427,-0.37437212456000235
296,-0.5601777477837594,0.5068693441217419,-0.14159616137719505,0.02976065090252117,-0.48956911715655954,0.9903070386548609,0.9920422374431634,0.8729072934973527,0.59043582028084,-0.9586569620588433,0.8150566356493146,0.8762060613599459,-0.9194002035243699,-0.4996257368498118,-0.4723031441822807,-0.49575037405484584,0.729081593982313,-0.5546410303257938,-0.998467559916119,-0.4623690090713621
297,-0.5728323454672715,0.5144648558915735,-0.14340028047798198,0.03215584634881497,-0.4936614450554606,0.9067338692067822,0.999757032793748,0.9606781560610307,0.5759530415897984,-0.9664183287513928,0.7694444689549838,0.8718120504396814,-0.9374972745353739,-0.5549127658140233,-0.5025295807438752,-0.44242104248772135,0.652006081815182,-0.48204290778446335,-0.8806384985839142,-0.4400961575637672
298,-0.5528944041177541,0.48669627633540385,-0.13909825542919108,0.025661042192953724,-0.4983394787888037,0.9803842678459869,0.9540100275902972,0.9383645399725511,0.6655439678555423,-0.9814686776929242,0.9138852727456348,0.9529376481273734,-0.9343879495621101,-0.4921370560705245,-0.5059165283103175,-0.5111555863673182,0.7163747907735714,-0.4816926248653931,-0.930092143828425,-0.4178973409541867
299,-0.5528944041177541,0.48669627633540385,-0.13909825542919108,0.025661042192953724,-0.4983394787888037,0.9803842678459869,0.9540100275902972,0.9383645399725511,0.6655439678555423,-0.9814686776929242,0.9138852727456348,0.9529376481273734,-0.9343879495621101,-0.4921370560705245,-0.5059165283103175,-0.5111555863673182,0.7163747907735714,-0.4816926248653931,-0.930092143828425,-0.4178973409541867
300,-0.5574073298474399,0.49145257559804406,-0.12976577556998808,0.02611909296203932,-0.48613871273861237,0.9872920298150374,0.9147356099089862,0.9755835602195024,0.7001024409424383,-0.9861253786490416,0.8452335363163432,0.9651348829231262,-0.9900872528968617,-0.559820662869664,-0.5426681716537649,-0.5136201736292655,0.64790681469101,-0.4952725542207981,-0.9195758677163356,-0.3686758808563212
301,-0.5708419340288277,0.530259160053558,-0.14126114989234853,0.027988023863205577,-0.5051085659134044,0.9734080001915693,0.9862149835793307,0.9765384472961631,0.7240577150142742,-0.9715969430824637,0.8750397349057629,0.9896100339696272,-0.8679836745807685,-0.39902755169225657,-0.4640872271526922,-0.43307046193874915,0.6698990377093779,-0.3997563145791558,-0.9774974177972108,-0.4786845200851382
302,-0.5438654614397137,0.48741711399838744,-0.14361958028746452,0.02633028522287606,-0.514245252854879,0.9920914424737641,0.9040962427952745,0.9998828073096053,0.7091633447578906,-0.9808304188820712,0.892831885523367,0.8406717612044754,-0.7591494151093462,-0.4372566624258581,-0.42340886986586546,-0.39127187888315523,0.6129174959725353,-0.37609737654247277,-0.9934743929185975,-0.496666062789647
303,-0.5781578229188871,0.5257157566154009,-0.137754223015707,0.021213352390431456,-0.49422485580900455,0.9837347027580909,0.9647820866117794,0.9851884310891476,0.7488013897976451,-0.8564907749279819,0.9279801428239782,0.8792587259031467,-0.7088297553055151,-0.3948285524174481,-0.4097694075940677,-0.39896330483320314,0.7110438233938915,-0.4633113572174111,-0.9860980439511661,-0.4917403089977548
304,-0.5781578229188871,0.5257157566154009,-0.137754223015707,0.021213352390431456,-0.49422485580900455,0.9837347027580909,0.9647820866117794,0.9851884310891476,0.7488013897976451,-0.8564907749279819,0.9279801428239782,0.8792587259031467,-0.7088297553055151,-0.3948285524174481,-0.4097694075940677,-0.39896330483320314,0.7110438233938915,-0.4633113572174111,-0.9860980439511661,-0.4917403089977548
305,-0.5781578229188871,0.5257157566154009,-0.137754223015707,0.021213352390431456,-0.49422485580900455,0.9837347027580909,0.9647820866117794,0.9851884310891476,0.7488013897976451,-0.8564907749279819,0.9279801428239782,0.8792587259031467,-0.7088297553055151,-0.3948285524174481,-0.4097694075940677,-0.39896330483320314,0.7110438233938915,-0.4633113572174111,-0.9860980439511661,-0.4917403089977548
306,-0.5781578229188871,0.5257157566154009,-0.137754223015707,0.021213352390431456,-0.49422485580900455,0.9837347027580909,0.9647820866117794,0.9851884310891476,0.7488013897976451,-0.8564907749279819,0.9279801428239782,0.8792587259031467,-0.7088297553055151,-0.3948285524174481,-0.4097694075940677,-0.39896330483320314,0.7110438233938915,-0.4633113572174111,-0.9860980439511661,-0.4917403089977548
307,-0.5358071485346084,0.47105256929514994,-0.14308264824761863,0.02554901869298945,-0.5102809501624009,0.958042169897181,0.9766529256564506,0.9956647444469028,0.6500162617335313,-0.8678551421683339,0.8145372345172895,0.8795195304223503,-0.7293445774020725,-0.3718258431103052,-0.42055825102763633,-0.43071905958062223,0.7555339973835461,-0.5221927981282548,-0.98850488584024,-0.39814872470553403
308,-0.5570275171989597,0.5089424563739552,-0.14323271975128662,0.022236573254207064,-0.5050802458812491,0.9765061901023981,0.9663633154652927,0.9780644102973752,0.7435276130085827,-0.7745486292829471,0.770453677489583,0.8545175166953983,-0.6722883857661178,-0.4203099662204985,-0.455910464286604,-0.4503474275424521,0.7069614440222941,-0.48457709308469177,-0.9746523057406021,-0.35801074329942656
309,-0.5570275171989597,0.5089424563739552,-0.14323271975128662,0.022236573254207064,-0.5050802458812491,0.9765061901023981,0.9663633154652927,0.9780644102973752,0.7435276130085827,-0.7745486292829471,0.770453677489583,0.8545175166953983,-0.6722883857661178,-0.4203099662204985,-0.455910464286604,-0.4503474275424521,0.7069614440222941,-0.48457709308469177,-0.9746523057406021,-0.35801074329942656
310,-0.5570275171989597,0.5089424563739552,-0.14323271975128662,0.022236573254207064,-0.5050802458812491,0.9765061901023981,0.9663633154652927,0.9780644102973752,0.7435276130085827,-0.7745486292829471,0.770453677489583,0.8545175166953983,-0.6722883857661178,-0.4203099662204985,-0.455910464286604,-0.4503474275424521,0.7069614440222941,-0.48457709308469177,-0.9746523057406021,-0.35801074329942656
311,-0.5570275171989597,0.5089424563739552,-0.14323271975128662,0.022236573254207064,-0.5050802458812491,0.9765061901023981,0.9663633154652927,0.9780644102973752,0.7435276130085827,-0.7745486292829471,0.770453677489583,0.8545175166953983,-0.6722883857661178,-0.4203099662204985,-0.455910464286604,-0.4503474275424521,0.7069614440222941,-0.48457709308469177,-0.9746523057406021,-0.35801074329942656
312,-0.5576718280315732,0.4866688455701444,-0.13813802265771208,0.026987454230859714,-0.5062031241305551,0.8884645094826561,0.8971612039245244,0.9993716191836444,0.7209838447696536,-0.7978037823811124,0.8025446547305946,0.8887599118243901,-0.7550547849076785,-0.3981856588400711,-0.3938260949817844,-0.49283732975140787,0.8042610466136385,-0.5014856918388351,-0.9892899947431445,-0.36599879106170863
313,-0.5601905021424721,0.5035280714808018,-0.14020581904614643,0.014392190379749568,-0.48455041285946615,0.9205047068257664,0.9162363748072133,0.9117167319906041,0.6438666003393178,-0.807260540351492,0.8399013656180921,0.8305957129875536,-0.7748428142400436,-0.45080811390783093,-0.3721818325712089,-0.559544996449846,0.7449929393035393,-0.5159104874064511,-0.9947800601176091,-0.38777708718847714
314,-0.5622128697928138,0.4868223002414623,-0.13546779126074046,0.030385117853669878,-0.5047904094422365,0.9927726995623233,0.8964717935405854,0.9486255740086367,0.6759224595123086,-0.8711006016082915,0.7929484021914387,0.8475553046637299,-0.8473712976348929,-0.5262169842475041,-0.35516838254936295,-0.48133236240659005,0.7538942113141908,-0.5715725980006469,-0.9921355857185385,-0.2736650398863189
315,-0.5631113161489216,0.5098924660003901,-0.14428258832028656,0.016677562064903034,-0.48904123483016654,0.9861571712045745,0.9334725224554513,0.9593318258281354,0.6568867361645564,-0.8036012105222515,0.6922938336393201,0.6802956931861593,-0.8215444408657542,-0.6188311477113165,-0.3606221693680854,-0.5224759449670962,0.8137431977687823,-0.5402084855996527,-0.9735935228329989,-0.2561216500842043
316,-0.5637281111981186,0.47968395956558496,-0.1387523626654434,0.033527012369247836,-0.5052186273701335,0.9598924948805907,0.9901956428064409,0.9813854992113162,0.7046116470999931,-0.7803620856137993,0.659065967639869,0.68096116634704,-0.7348578243097587,-0.6902626881986401,-0.2992080427862343,-0.48832741970717874,0.7415049135053379,-0.3661941125438127,-0.9733670295773097,-0.28229591017746747
317,-0.5614190143997886,0.5152576997946863,-0.15114430449400634,0.02707493672113273,-0.5009684269298414,0.979697157876206,0.9914809626498619,0.9712079192576104,0.6930683788708024,-0.8410267800643237,0.6927663897763768,0.742593504204026,-0.679973506811608,-0.6941367712306435,-0.3847129641233615,-0.46115513030534205,0.744940779884814,-0.38097959511361523,-0.9329081493853095,-0.26875204815456105
318,-0.5730607004087253,0.509791511253457,-0.13684627112631095,0.03663885525454329,-0.5201763924863864,0.9538605167088838,0.9945278145011165,0.9398733890249643,0.6697058104103112,-0.7896585345102037,0.729346914164322,0.7375861495455117,-0.6515429414702062,-0.7378009943483781,-0.3395599381982009,-0.512345795368961,0.8257504062910582,-0.4142874648152538,-0.9571159918004382,-0.3458871034241545
319,-0.5503178683501931,0.5348611984107705,-0.1551646443107505,0.03104478507592677,-0.5238156631188483,0.9990957050926457,0.9944824943463508,0.9279734162740811,0.6545096247096219,-0.7999332356559541,0.8046952588368373,0.8580841970493106,-0.6026804685898409,-0.792646691885835,-0.40495966394321253,-0.5007479292117517,0.7308393629270321,-0.3605682056994362,-0.9623727723907208,-0.3764050200723054
320,-0.5569429193755305,0.5007299918725078,-0.15053812531750438,0.04547607778642371,-0.5243657579795556,0.9628340114197185,0.9943508348386827,0.9745604065658948,0.6728760968215979,-0.8497274040569363,0.8570726270256726,0.8715198690962387,-0.6299686582080634,-0.704770352784741,-0.46538118838491127,-0.5628191774659078,0.824385875985417,-0.3106582156505951,-0.9344236697716347,-0.3578480513049641
321,-0.553883463622362,0.5055595829702656,-0.15675388933659393,0.03441634422135091,-0.5085547587524621,0.9848671042777926,0.9880003706284541,0.9664517787409992,0.7153845748260432,-0.8322960427516625,0.8444753918333731,0.8752344730995328,-0.8163661856268428,-0.8122886976089466,-0.4088130010151952,-0.5372734679497655,0.7513751053575595,-0.3853718754925721,-0.9677642454922624,-0.4223201201511746
322,-0.5464281109813945,0.487562462987474,-0.147764614410407,0.051143706051071366,-0.5179784634011604,0.9965890914974124,0.992531016519541,0.9709620774779513,0.7000975339516238,-0.7853642353541875,0.8430080286328666,0.9537978219702352,-0.7627167946915978,-0.8285343225437696,-0.587966810438152,-0.5601644558524961,0.7817477307231091,-0.49323117646535547,-0.9669829431100061,-0.38510092928750406
323,-0.5464281109813945,0.487562462987474,-0.147764614410407,0.051143706051071366,-0.5179784634011604,0.9965890914974124,0.992531016519541,0.9709620774779513,0.7000975339516238,-0.7853642353541875,0.8430080286328666,0.9537978219702352,-0.7627167946915978,-0.8285343225437696,-0.587966810438152,-0.5601644558524961,0.7817477307231091,-0.49323117646535547,-0.9669829431100061,-0.38510092928750406
324,-0.5542609730901121,0.515385024587597,-0.14948707270875194,0.0343792933587506,-0.5075345876159952,0.9463252855897996,0.9569270531042476,0.9445073209652892,0.6958007090271805,-0.7773578200996534,0.8600646899292718,0.9565637700488496,-0.6924076936898061,-0.8199375814249374,-0.4939497686936784,-0.5394629588046611,0.8163852754877352,-0.44795313749045657,-0.9965117180979491,-0.42578912048438233
325,-0.5542609730901121,0.515385024587597,-0.14948707270875194,0.0343792933587506,-0.5075345876159952,0.9463252855897996,0.9569270531042476,0.9445073209652892,0.6958007090271805,-0.7773578200996534,0.8600646899292718,0.9565637700488496,-0.6924076936898061,-0.8199375814249374,-0.4939497686936784,-0.5394629588046611,0.8163852754877352,-0.44795313749045657,-0.9965117180979491,-0.42578912048438233
326,-0.5542609730901121,0.515385024587597,-0.14948707270875194,0.0343792933587506,-0.5075345876159952,0.9463252855897996,0.9569270531042476,0.9445073209652892,0.6958007090271805,-0.7773578200996534,0.8600646899292718,0.9565637700488496,-0.6924076936898061,-0.8199375814249374,-0.4939497686936784,-0.5394629588046611,0.8163852754877352,-0.44795313749045657,-0.9965117180979491,-0.42578912048438233
327,-0.5587519689722078,0.4787575598784445,-0.1454264642344238,0.041057963426166605,-0.5119469537723286,0.9773797787776091,0.9213706441104903,0.8119336999168897,0.6260493741584686,-0.9155568178778235,0.8846948027475702,0.790850747487915,-0.6914647996215306,-0.7912347161630561,-0.4982239201011146,-0.5827354397779969,0.8555790439888967,-0.46161688036147,-0.9969596763121191,-0.3655752340176498
328,-0.5587519689722078,0.4787575598784445,-0.1454264642344238,0.041057963426166605,-0.5119469537723286,0.9773797787776091,0.9213706441104903,0.8119336999168897,0.6260493741584686,-0.9155568178778235,0.8846948027475702,0.790850747487915,-0.6914647996215306,-0.7912347161630561,-0.4982239201011146,-0.5827354397779969,0.8555790439888967,-0.46161688036147,-0.9969596763121191,-0.3655752340176498
329,-0.5587519689722078,0.4787575598784445,-0.1454264642344238,0.041057963426166605,-0.5119469537723286,0.9773797787776091,0.9213706441104903,0.8119336999168897,0.6260493741584686,-0.9155568178778235,0.8846948027475702,0.790850747487915,-0.6914647996215306,-0.7912347161630561,-0.4982239201011146,-0.5827354397779969,0.8555790439888967,-0.46161688036147,-0.9969596763121191,-0.3655752340176498
330,-0.537054331767794,0.49718770538523377,-0.16276415337955755,0.04449309950995797,-0.5137291396476882,0.9801645265362854,0.9456615202644395,0.9140040507556585,0.6133021900112815,-0.9659068927123252,0.8721907033805252,0.8353442930396081,-0.5357599087070908,-0.7886482540134478,-0.4876700280096687,-0.6143884027316513,0.902838256736099,-0.26617259533431137,-0.9685080057872193,-0.3584864664500879
331,-0.537054331767794,0.49718770538523377,-0.16276415337955755,0.04449309950995797,-0.5137291396476882,0.9801645265362854,0.9456615202644395,0.9140040507556585,0.6133021900112815,-0.9659068927123252,0.8721907033805252,0.8353442930396081,-0.5357599087070908,-0.7886482540134478,-0.4876700280096687,-0.6143884027316513,0.902838256736099,-0.26617259533431137,-0.9685080057872193,-0.3584864664500879
332,-0.5818110792206793,0.5130686430141844,-0.1459764341597744,0.05033977046483452,-0.5220685824828946,0.9932506913391819,0.9590000427165886,0.9155088025142564,0.6657376231163643,-0.9495940026552185,0.9758255718093136,0.7730897901606261,-0.5127151891510328,-0.8531191746307631,-0.40058244972172863,-0.5603221482412277,0.8600557767939675,-0.16845350561535546,-0.919125853149906,-0.4024822517636127
333,-0.5518307029282152,0.5041175253556659,-0.15577105925056062,0.042785239968265165,-0.5102143035791319,0.9730219796536215,0.9107138881399115,0.9572796175544986,0.7200408848709349,-0.9764528159082243,0.9467883359278663,0.7747799488548651,-0.454135096968281,-0.778104497494013,-0.46333688346893953,-0.6153640403230206,0.9046136299825353,-0.14875983717402527,-0.909587040581205,-0.3280676376557167
334,-0.5758505997376092,0.5082166194935607,-0.14068347057986827,0.0513790991337563,-0.5195145333371713,0.9784585007938801,0.9815576406003439,0.9574834553123669,0.7689052093144246,-0.9502203975982072,0.9844131352421893,0.7834680457871317,-0.5547126436056756,-0.7493704258594212,-0.3482868575877163,-0.6247623824413193,0.901758339863986,-0.12776034987508564,-0.9041124698308515,-0.3001592441033295
335,-0.5604443859970215,0.5237531637860274,-0.1519452036214036,0.04314557984434566,-0.5177333042579004,0.9998603684381111,0.9458258718433189,0.9444758511819872,0.7634654876676686,-0.9272356758639008,0.9938699731336943,0.7718985640284831,-0.3671918204827316,-0.8852885269634165,-0.42787652453345265,-0.5698122294804695,0.8584349859393597,-0.17242337204427033,-0.9900127321665578,-0.405783714796322
336,-0.5603928937464248,0.5167154577693603,-0.1483605295923079,0.05625454917855055,-0.539473658730998,0.9907638064377102,0.9877575240141162,0.9809307323337529,0.7217156056022241,-0.9072589564749427,0.9997228125105428,0.8385904339335003,-0.3525761424266732,-0.8485213080051887,-0.4726941098632441,-0.5497340601937528,0.9415975604372049,-0.221518103401944,-0.9328647869463029,-0.37354167777526653
337,-0.5603928937464248,0.5167154577693603,-0.1483605295923079,0.05625454917855055,-0.539473658730998,0.9907638064377102,0.9877575240141162,0.9809307323337529,0.7217156056022241,-0.9072589564749427,0.9997228125105428,0.8385904339335003,-0.3525761424266732,-0.8485213080051887,-0.4726941098632441,-0.5497340601937528,0.9415975604372049,-0.221518103401944,-0.9328647869463029,-0.37354167777526653
338,-0.5603928937464248,0.5167154577693603,-0.1483605295923079,0.05625454917855055,-0.539473658730998,0.9907638064377102,0.9877575240141162,0.9809307323337529,0.7217156056022241,-0.9072589564749427,0.9997228125105428,0.8385904339335003,-0.3525761424266732,-0.8485213080051887,-0.4726941098632441,-0.5497340601937528,0.9415975604372049,-0.221518103401944,-0.9328647869463029,-0.37354167777526653
339,-0.5387531490678609,0.5128076507239624,-0.1608490508262687,0.05372974717412124,-0.5298959140849787,0.9983066038290638,0.9886396514290758,0.9059680536276852,0.7728172094891349,-0.8592676568335409,0.9496359803076933,0.7788566155297598,-0.38280528803534697,-0.9355092094822172,-0.4019782571257752,-0.624076218256387,0.9738613966499444,-0.17779071615539105,-0.9886994504406262,-0.3435842916163148
340,-0.5526880133967638,0.4932742813568144,-0.1472608643842551,0.055991748492452045,-0.5314252933377265,0.9764620974963139,0.994004642069632,0.9652205939785515,0.6839018057950311,-0.8599399208685797,0.9135805807664226,0.8052288054840582,-0.41115216255079456,-0.9895714323032896,-0.43905423533654164,-0.6407516676814214,0.9707024196504723,-0.28551839268354323,-0.98164806590921,-0.280860616208241
341,-0.5594848107201685,0.5139095143595731,-0.14614050242466559,0.039259647985053735,-0.5097590205519386,0.9817177939505468,0.9910620567030393,0.9646200171464199,0.7134812545796837,-0.8855340782747358,0.9335082467288265,0.8317332831005654,-0.5053395736217307,-0.8792999300056955,-0.45930588365697084,-0.6175626009601232,0.9512443707497504,-0.2870649778172451,-0.9488003179487954,-0.29700524636775233
342,-0.5749943173600051,0.5265671939091378,-0.1466217650573745,0.04326553065792056,-0.5246872521191184,0.9929716489197447,0.9996160341069196,0.9683657191352788,0.7121808293760921,-0.9609031442642635,0.8964174373358047,0.709088770663464,-0.46592565319952917,-0.8689964233308446,-0.4471645838099783,-0.5106959063873004,0.929771593844874,-0.34362854408824073,-0.998674442598786,-0.2844336299036466
343,-0.5476995517881645,0.4966210920915923,-0.1445199491635202,0.03684452840675038,-0.5118931132432674,0.9842994301408656,0.9925636151491394,0.9320560524977752,0.6053053062282854,-0.9331251616265738,0.9900038756543257,0.6588521993350768,-0.5032347615323782,-0.8853914296794881,-0.4046226352195812,-0.5714885775484954,0.9064655292094276,-0.2689250147000797,-0.9023998238717673,-0.42899398492611696
344,-0.5670029384873874,0.5174038171806516,-0.14465799318211064,0.03860916133721211,-0.5248185163478573,0.9565364544986232,0.9974147473861671,0.9144300455308702,0.574859244113075,-0.9358858691646615,0.8593343478923324,0.6378719397213575,-0.4267867795145512,-0.8287815270318599,-0.424551501348176,-0.5049532829766136,0.9092134849201013,-0.3263742950852893,-0.9701630830060552,-0.4019384807329132
345,-0.544377450442849,0.494164591746477,-0.14969680567593138,0.03859671368574616,-0.5203829130059917,0.9864055952045058,0.9926992893599319,0.8223652375903517,0.5764579258426114,-0.8949411588883388,0.7931363684404308,0.640364388484977,-0.22291754213164017,-0.8759120036080582,-0.4058958996894502,-0.5120744148943345,0.9350669096389175,-0.2809846267896132,-0.9988620353815009,-0.44696214845435767
346,-0.5476959846089183,0.4886890904464592,-0.1506830957227362,0.03930444605799657,-0.523055223613646,0.9078520211598751,0.9812690110782982,0.7325255364289719,0.509823221233082,-0.92794269592188,0.7739932204726528,0.5804220048430383,-0.19493279921286105,-0.8472650572978663,-0.5109881409818254,-0.5034051919924957,0.8475325306362078,-0.2025859932998396,-0.9368793300005821,-0.5224571278517666
347,-0.5476959846089183,0.4886890904464592,-0.1506830957227362,0.03930444605799657,-0.523055223613646,0.9078520211598751,0.9812690110782982,0.7325255364289719,0.509823221233082,-0.92794269592188,0.7739932204726528,0.5804220048430383,-0.19493279921286105,-0.8472650572978663,-0.5109881409818254,-0.5034051919924957,0.8475325306362078,-0.2025859932998396,-0.9368793300005821,-0.5224571278517666
348,-0.566057273111062,0.5134272039267338,-0.15361890670002612,0.030724467084815774,-0.514728225070296,0.9240253707521427,0.9792282875856996,0.7488318062415169,0.459843288580943,-0.9804807215179293,0.8617319510178159,0.5627293386411676,-0.16218778167407238,-0.8103734890324548,-0.4823005531644997,-0.4309342483124145,0.9598904691297508,-0.3539308713837719,-0.9343285832274429,-0.4908162829351448
349,-0.566057273111062,0.5134272039267338,-0.15361890670002612,0.030724467084815774,-0.514728225070296,0.9240253707521427,0.9792282875856996,0.7488318062415169,0.459843288580943,-0.9804807215179293,0.8617319510178159,0.5627293386411676,-0.16218778167407238,-0.8103734890324548,-0.4823005531644997,-0.4309342483124145,0.9598904691297508,-0.3539308713837719,-0.9343285832274429,-0.4908162829351448
350,-0.5581005078929857,0.49971414499903766,-0.15510361956622443,0.03818673776399129,-0.5240982721537845,0.9495066727919211,0.931949899699779,0.8715457874330886,0.5009062164581171,-0.992953506591743,0.8846029269145451,0.4275798043954567,-0.22948158162378668,-0.9316143709783992,-0.448932993087889,-0.40258804939955917,0.8953483549563438,-0.30819344802145976,-0.9910964164531755,-0.5448635898543338
351,-0.5411762283606399,0.5060819916771534,-0.15836014086321512,0.05380704465742974,-0.5449599865516683,0.9939627145383294,0.9407706072873009,0.9070869200179302,0.5041811897881048,-0.984861915974848,0.8352953172323678,0.666394568413433,-0.12972959743041573,-0.8733956960413163,-0.4267451618483821,-0.3599768103428087,0.8186094774908435,-0.21492388514847938,-0.9913908809284288,-0.4985041487034689
352,-0.5618800688464943,0.5150199691911083,-0.1483685148903644,0.04056901920444627,-0.5276797158330638,0.9571224182697445,0.9432493492875792,0.8783781884375572,0.42473374931309466,-0.9891298833632846,0.7031714763998934,0.5782835705970969,-0.2891894391293872,-0.7864351222796263,-0.472114563367294,-0.38067594071347005,0.7397222836559035,-0.22087458027728848,-0.9933081784818512,-0.5707479079710754
353,-0.5618800688464943,0.5150199691911083,-0.1483685148903644,0.04056901920444627,-0.5276797158330638,0.9571224182697445,0.9432493492875792,0.8783781884375572,0.42473374931309466,-0.9891298833632846,0.7031714763998934,0.5782835705970969,-0.2891894391293872,-0.7864351222796263,-0.472114563367294,-0.38067594071347005,0.7397222836559035,-0.22087458027728848,-0.9933081784818512,-0.5707479079710754
354,-0.5430428785907513,0.4867649412554979,-0.1458013753776293,0.03251380577074189,-0.5067223122044068,0.9510063594208406,0.9118955876870608,0.8325334486211466,0.4580474873429373,-0.9451734586910979,0.9113286987115792,0.5509498044513352,-0.36054889612361923,-0.7612281898297072,-0.3570236828001354,-0.44244130292673245,0.7593480356037898,-0.24336816396852343,-0.9423677733342912,-0.6465854990323788
355,-0.5677896261073955,0.518865351688103,-0.1487615373693941,0.04598288697906039,-0.5238276489113566,0.9574487059871893,0.9107913376573498,0.9126504426571133,0.5172161230729501,-0.98243195122706,0.8170256867123649,0.6128094716323639,-0.3795646351752229,-0.869665472821702,-0.388279324836892,-0.4197182403547141,0.7229222224618214,-0.21774071619237956,-0.9814969556358163,-0.5975070899111877
356,-0.5475660822258182,0.4995196256952982,-0.14905737420634976,0.04390521216836154,-0.5117563500691219,0.9349809211391037,0.9403124313473016,0.8478950508632954,0.5061019373463054,-0.9516715176374233,0.7788106923025356,0.6267542262049925,-0.4020220684061568,-0.8807664657704859,-0.3575451934848303,-0.5159427309145916,0.8774182534210669,-0.24216774062849844,-0.9930099604986249,-0.48012040992885996
357,-0.5639933930187818,0.5132649150825849,-0.15188804752458357,0.04643769213044703,-0.5138445872849977,0.9580020119033099,0.9746712104717236,0.8710209858225524,0.6428874747758788,-0.9639785284151723,0.8025201651156836,0.7243403725381485,-0.28662115944404803,-0.7744369445586269,-0.4655805533037249,-0.3636274590335177,0.8153125693747729,-0.2792919420257259,-0.9882928699723091,-0.42841230967445604
358,-0.5740653500978105,0.5146886194442615,-0.14527241798503476,0.042309062521432766,-0.5045976672982045,0.9814432630427306,0.9838875282885774,0.9337118214173995,0.6149680178749689,-0.8963186514988775,0.7401156355123842,0.6981113590072737,-0.4178925322764758,-0.7024519611706014,-0.39353792954446615,-0.44877332452276636,0.7906842675616406,-0.2890551171223933,-0.993801406190773,-0.38075816560148046
359,-0.550670714218141,0.4891794833140926,-0.13694135216324696,0.041106303349953396,-0.5025758039332764,0.9697524743343617,0.99807656848081,0.9673691708757617,0.5017635225848991,-0.9686494837953387,0.7295767958593122,0.734888598338566,-0.44341020996860614,-0.616500791738404,-0.4128981042573337,-0.43422918737855015,0.8354641062561408,-0.29230937439171717,-0.9879814165657556,-0.4075385279217057
360,-0.5871892112796148,0.4998325080580205,-0.1380118032582484,0.03381180658788908,-0.4898111572580442,0.9272173220755028,0.9990671856718598,0.9343620781056886,0.4027713793165189,-0.9968338288415091,0.714907756722493,0.5690758052866604,-0.4372249755515296,-0.6057897473808028,-0.32471650302314536,-0.34129450899022884,0.7137502660633052,-0.30488135732797517,-0.9874295913038447,-0.5028037722298709
361,-0.5555502807742191,0.5002644509030099,-0.14763279482478917,0.023804532846740195,-0.48986863753380316,0.9841477378881488,0.9991574102784717,0.9036742258885098,0.4998520081720442,-0.9731065009376152,0.7006037896510323,0.5358114986321474,-0.374302355882093,-0.5890177497114091,-0.40918026786966094,-0.2955806212614368,0.7375335264632047,-0.30683423567783313,-0.9877361421016498,-0.543189206135802
362,-0.5700084353990188,0.4892636662689841,-0.14391892451472368,0.04029416542655013,-0.507689830443469,0.9579266322794774,0.9956946761203735,0.9661632158936958,0.44218256902972786,-0.9784186718339423,0.7515103816527314,0.5161242191831905,-0.3374595478862053,-0.7081240005793114,-0.30633351979365125,-0.3935993541352256,0.7938216426990081,-0.32852831870026195,-0.958254245718915,-0.4315564595921361
363,-0.5543821913789682,0.5146373539898096,-0.1439111843001702,0.027495836243482497,-0.4995483487712693,0.9567927612091608,0.9952006811096733,0.954253264582137,0.5350424716870293,-0.9643975482478818,0.7466889147735024,0.4370508906402258,-0.427100916398654,-0.7237508662637451,-0.30887632781514224,-0.31836503336233607,0.8089710209767703,-0.3541374480542259,-0.9431999304825617,-0.46057725346105705
364,-0.560919072327194,0.4859340013512178,-0.14000097145403198,0.044236577397948014,-0.516168454602964,0.9945648911543006,0.9951200295544592,0.9761192404648085,0.49895057009999294,-0.9835629507261179,0.8028463535665445,0.4067255478385578,-0.29353198013821896,-0.7731218348231211,-0.3003413762116788,-0.314641088048039,0.7790473120624657,-0.34461222308328276,-0.9550415868095052,-0.44480742116948385
365,-0.5754789657942496,0.5293859248148245,-0.15749188151940677,0.030550674655110084,-0.505282493339505,0.9440341834516088,0.9741106463263925,0.9011057798028868,0.5377606756802742,-0.9968372962772573,0.7104337281271885,0.3635746579894396,-0.34319676666773796,-0.7834382707306334,-0.36070578153896155,-0.31100885411446766,0.818199917756751,-0.4011154831091078,-0.9805737706454091,-0.44238087560883865
366,-0.5754789657942496,0.5293859248148245,-0.15749188151940677,0.030550674655110084,-0.505282493339505,0.9440341834516088,0.9741106463263925,0.9011057798028868,0.5377606756802742,-0.9968372962772573,0.7104337281271885,0.3635746579894396,-0.34319676666773796,-0.7834382707306334,-0.36070578153896155,-0.31100885411446766,0.818199917756751,-0.4011154831091078,-0.9805737706454091,-0.44238087560883865
367,-0.5388465455298449,0.4798636809533174,-0.15453202317738537,0.04557500016404127,-0.5245108369684166,0.9957283624618325,0.9747830779499838,0.88530205886437,0.44729564735774124,-0.9907327437731746,0.8348593300234873,0.45029516179122375,-0.2812783862777798,-0.7694674756375399,-0.37067989214223074,-0.39945606166644765,0.8665762469140053,-0.3709353239268143,-0.9936227366178145,-0.46270445189816706
368,-0.5675825255308742,0.5305039028636003,-0.15422470090250998,0.032951306403414975,-0.5158939972825597,0.9440010644210649,0.97934992702671,0.9262976608707506,0.42776968476834953,-0.9790591978935624,0.8695434398735985,0.5822450245638366,-0.29351567735058576,-0.7226719262454993,-0.3948615227963005,-0.37715191308856855,0.8706354513671444,-0.3460380723657194,-0.9902340488678646,-0.5600400092934861
369,-0.5485058937303667,0.4727751712780433,-0.14699811868866203,0.045512453000192715,-0.5183109838998965,0.9914260781207804,0.9796000592607527,0.9529232874516907,0.43684825785207504,-0.9619684201577771,0.7684330594632611,0.6170179210246877,-0.2506077951267993,-0.8574158219202341,-0.49401632369998444,-0.38875207586063476,0.8258148870761209,-0.3491287561152797,-0.979009809726446,-0.508257353523483
370,-0.5626537077715177,0.5203708900629606,-0.15238967945560228,0.03658910455537425,-0.5081380846301778,0.9274808174770027,0.996799792463078,0.9211121866390407,0.562600833202848,-0.8971895371665164,0.801413117878617,0.7751212240760864,-0.4326805170355285,-0.8514302613129305,-0.5001817585084422,-0.393936217865788,0.7932552918168371,-0.3970272760136696,-0.9611098004102095,-0.49286290451282966
371,-0.5669549239657258,0.5084402055638948,-0.14512371928715453,0.052015350458998834,-0.5180012337586712,0.9600476506931421,0.9985474542072756,0.9377209104811274,0.6399189012304723,-0.9190877036059729,0.842234196987148,0.8281986474622003,-0.5564511412216273,-0.7816139314146827,-0.5265325139927606,-0.5332074625516161,0.7727561618145615,-0.2956838755200654,-0.9448180804804188,-0.45401348902945365
372,-0.5506147365925408,0.5074647313494992,-0.15170008578229932,0.04302292028726586,-0.521987574814721,0.9627751476153815,0.9923969129689275,0.8859597132690069,0.6167630072565438,-0.9156203328502225,0.816202961638231,0.8852543173753414,-0.5865378620335688,-0.8576741667017351,-0.4357458726792991,-0.5262847218691132,0.8181392712054975,-0.332509551236891,-0.9927300822789914,-0.4882524855324086
373,-0.5573111358634879,0.5093585892369057,-0.14751345909231664,0.04652587895963366,-0.5205888598311088,0.9758917057570737,0.9926136445193815,0.8787896389310491,0.7020120248962769,-0.9011269130413597,0.9288939380521096,0.8304615303571584,-0.5834095067447557,-0.8419258018948855,-0.4914136439290536,-0.6208011454328594,0.8090226069386712,-0.26914634781770586,-0.9346245807088505,-0.467984278987893
374,-0.5548090130143902,0.5186084514297434,-0.1554379717661943,0.05081582163694294,-0.5182889698983869,0.85467483127839,0.8749165122230447,0.9091967387509629,0.6841048003369952,-0.9810869104159395,0.8510718348449842,0.8898797276154745,-0.571448909200235,-0.9020694172903954,-0.5292992500426577,-0.5724067047009772,0.8150266914839361,-0.2272003021355176,-0.8793958366768453,-0.3796858076856165
375,-0.5518663786499689,0.494158766624038,-0.1423664852939424,0.04665017570478699,-0.5128326421220994,0.9975852626891235,0.8880372213883729,0.8705486633769977,0.5569129661016191,-0.9924647897298118,0.910148332005853,0.8485795657886122,-0.6770890119284722,-0.7624797567152901,-0.4787165863524132,-0.5991420612535984,0.883658607419677,-0.4057365116312687,-0.9836508156094812,-0.47923295100022206
376,-0.5825881833846004,0.5371191671457207,-0.14232123414433415,0.03436593629666834,-0.4901401855972544,0.9644621294067378,0.9661523038135772,0.7937202774379267,0.540570203879364,-0.9411008298242002,0.9026495834968947,0.8535850483113098,-0.7945508453040857,-0.6571224245190646,-0.5677151526404278,-0.6392402109696148,0.8687792270227562,-0.4996546173072555,-0.9307397777769459,-0.4488826628948236
377,-0.5346372270699213,0.46350494830175015,-0.1402191627188685,0.03886938798912271,-0.5021314097063014,0.9587222175428197,0.9682960530523153,0.9202469147731138,0.6851541066461785,-0.9597801608768587,0.9291219052450974,0.9190239830770985,-0.8715133654541741,-0.4903616140558615,-0.5227327261912824,-0.5843570332923707,0.7525301962323884,-0.3873282734777462,-0.907198031705432,-0.3533392925138533
378,-0.5408413476371366,0.490850189757969,-0.14559708167433275,0.030823444797802815,-0.48315360276132124,0.9262081739061236,0.9885015038945101,0.9332571987126533,0.6214591209335334,-0.9609702933905627,0.9409932462403345,0.9528527683382644,-0.9675542310779119,-0.4542353631940629,-0.43068225765475304,-0.6079019058605659,0.806238177692682,-0.4064968223520112,-0.9406732217734457,-0.42090938416417845
379,-0.5739529650241002,0.5110914122451596,-0.13905858905519883,0.03513289648923707,-0.5046643694529934,0.864030413144978,0.9850906956121392,0.8995276267864261,0.5663264107781947,-0.8265358547691125,0.9555980419462997,0.9977086701909746,-0.9819586200407412,-0.585175645990637,-0.47178238343985884,-0.7045240085427343,0.8706756643091901,-0.4900860638778673,-0.9712628044562064,-0.5301572108587461
380,-0.5739529650241002,0.5110914122451596,-0.13905858905519883,0.03513289648923707,-0.5046643694529934,0.864030413144978,0.9850906956121392,0.8995276267864261,0.5663264107781947,-0.8265358547691125,0.9555980419462997,0.9977086701909746,-0.9819586200407412,-0.585175645990637,-0.47178238343985884,-0.7045240085427343,0.8706756643091901,-0.4900860638778673,-0.9712628044562064,-0.5301572108587461
381,-0.5739529650241002,0.5110914122451596,-0.13905858905519883,0.03513289648923707,-0.5046643694529934,0.864030413144978,0.9850906956121392,0.8995276267864261,0.5663264107781947,-0.8265358547691125,0.9555980419462997,0.9977086701909746,-0.9819586200407412,-0.585175645990637,-0.47178238343985884,-0.7045240085427343,0.8706756643091901,-0.4900860638778673,-0.9712628044562064,-0.5301572108587461
382,-0.5739529650241002,0.5110914122451596,-0.13905858905519883,0.03513289648923707,-0.5046643694529934,0.864030413144978,0.9850906956121392,0.8995276267864261,0.5663264107781947,-0.8265358547691125,0.9555980419462997,0.9977086701909746,-0.9819586200407412,-0.585175645990637,-0.47178238343985884,-0.7045240085427343,0.8706756643091901,-0.4900860638778673,-0.9712628044562064,-0.5301572108587461
383,-0.5739529650241002,0.5110914122451596,-0.13905858905519883,0.03513289648923707,-0.5046643694529934,0.864030413144978,0.9850906956121392,0.8995276267864261,0.5663264107781947,-0.8265358547691125,0.9555980419462997,0.9977086701909746,-0.9819586200407412,-0.585175645990637,-0.47178238343985884,-0.7045240085427343,0.8706756643091901,-0.4900860638778673,-0.9712628044562064,-0.5301572108587461
384,-0.5237800138587689,0.4535466575636766,-0.14522206829816334,0.021025424754517165,-0.4876379378046468,0.8466413173053783,0.9698570181513628,0.9193317514336261,0.6049498780652024,-0.8447232842743031,0.9585082603506193,0.9948051285694044,-0.8405148446535109,-0.5420193707694156,-0.5240991949362017,-0.6358427203806554,0.8894485838861548,-0.4637810271490004,-0.949623031477689,-0.4719467078446016
385,-0.5643791940571099,0.4874195393436645,-0.13623751742011908,0.033557206010989944,-0.4941044899974873,0.8903630426266061,0.9444317725964534,0.9660565520233686,0.6093956654078179,-0.9047617954530685,0.8871102059316155,0.9942062240436754,-0.8693102940528155,-0.5511146732241252,-0.42777851839102154,-0.6544169116667343,0.7953612243032903,-0.3569894175951913,-0.9694185633472661,-0.47128480036307446
386,-0.5269443780376005,0.48830185458028863,-0.1624278284439604,0.0356983489316875,-0.5130540468434978,0.8488081443572673,0.9704404981425482,0.9113175391191762,0.6074533850453628,-0.9169483031555564,0.9821848161070599,0.9778836431754563,-0.8417466853100615,-0.664278320869901,-0.4402984763680273,-0.6440389810522121,0.8674795369192321,-0.36799211697644457,-0.9688835573648232,-0.5171460246252038
387,-0.5652897984652513,0.5037153424667065,-0.1405054936997098,0.038063829731590774,-0.507389044530734,0.7938406371338304,0.9918872461513828,0.9582261936724024,0.577125094666426,-0.8435585248309522,0.9508843256432408,0.9954993841515261,-0.8298783902357479,-0.6686617500814258,-0.5315676959488365,-0.6957396393218532,0.8865597864400951,-0.37283786998312146,-0.9225059148692086,-0.5418136304454981
388,-0.5451672081393403,0.5055601600210545,-0.15157069415486457,0.031769122012625994,-0.501029603348788,0.8389841523441038,0.9899674311967909,0.9101212483570766,0.6150946909766387,-0.7590535067790178,0.993407213721095,0.950258113964642,-0.8339336682999569,-0.6319788844564314,-0.44348603503893874,-0.7303966763626385,0.9609568476491405,-0.4046917224395406,-0.8595797595796519,-0.4300586029819698
389,-0.5487576417466008,0.4930656604564405,-0.15165551190307205,0.04808831807035603,-0.522464920690844,0.8802198646153154,0.9912052980399585,0.929918515536233,0.6319930529334149,-0.7499969086033642,0.9376054531683076,0.9154373777519721,-0.8073899017589916,-0.6673432511722532,-0.42073552984646595,-0.7438107419046976,0.9989729743542999,-0.4982669233192283,-0.9744662696450103,-0.3993026476984638
390,-0.5371792788664761,0.4960169377918713,-0.1559822792594224,0.037733874416071594,-0.5074830767338949,0.7670268820970104,0.9544133645860013,0.9838017532394274,0.7083615426640048,-0.8092666149294766,0.8646641466532354,0.9962518204532994,-0.7524215559299033,-0.683920258753185,-0.4324170525660648,-0.6326001199791198,0.9585034563135106,-0.45832498621789725,-0.99598847961324,-0.3419568359416037
391,-0.5371792788664761,0.4960169377918713,-0.1559822792594224,0.037733874416071594,-0.5074830767338949,0.7670268820970104,0.9544133645860013,0.9838017532394274,0.7083615426640048,-0.8092666149294766,0.8646641466532354,0.9962518204532994,-0.7524215559299033,-0.683920258753185,-0.4324170525660648,-0.6326001199791198,0.9585034563135106,-0.45832498621789725,-0.99598847961324,-0.3419568359416037
392,-0.5711650614300695,0.5074044209556285,-0.13812753434823133,0.04247859440716127,-0.4992738382805272,0.8937497258153743,0.9671387022305877,0.9832092813985095,0.7254463468280176,-0.7275359067240657,0.7834547479850602,0.9447747533554239,-0.7910618125669263,-0.6644799646907181,-0.4605869037367514,-0.6278609638409705,0.846357367435967,-0.4383500050980915,-0.9304636767110307,-0.30196128362667746
393,-0.5711650614300695,0.5074044209556285,-0.13812753434823133,0.04247859440716127,-0.4992738382805272,0.8937497258153743,0.9671387022305877,0.9832092813985095,0.7254463468280176,-0.7275359067240657,0.7834547479850602,0.9447747533554239,-0.7910618125669263,-0.6644799646907181,-0.4605869037367514,-0.6278609638409705,0.846357367435967,-0.4383500050980915,-0.9304636767110307,-0.30196128362667746
394,-0.5711650614300695,0.5074044209556285,-0.13812753434823133,0.04247859440716127,-0.4992738382805272,0.8937497258153743,0.9671387022305877,0.9832092813985095,0.7254463468280176,-0.7275359067240657,0.7834547479850602,0.9447747533554239,-0.7910618125669263,-0.6644799646907181,-0.4605869037367514,-0.6278609638409705,0.846357367435967,-0.4383500050980915,-0.9304636767110307,-0.30196128362667746
395,-0.5553355480618546,0.4933775110122031,-0.14027105895366632,0.030397480946177308,-0.4811661507062048,0.9907824171911612,0.9792217534261881,0.9642825404924339,0.6716839496240972,-0.7298943263388821,0.7606805451311769,0.8780632506581264,-0.7977976317654931,-0.7275626183553254,-0.33775025664489544,-0.6353463327834097,0.8059125263704235,-0.46564984941920506,-0.9952724539086282,-0.3130197146577792
396,-0.5553355480618546,0.4933775110122031,-0.14027105895366632,0.030397480946177308,-0.4811661507062048,0.9907824171911612,0.9792217534261881,0.9642825404924339,0.6716839496240972,-0.7298943263388821,0.7606805451311769,0.8780632506581264,-0.7977976317654931,-0.7275626183553254,-0.33775025664489544,-0.6353463327834097,0.8059125263704235,-0.46564984941920506,-0.9952724539086282,-0.3130197146577792
397,-0.5427219214312098,0.4747665971388123,-0.14452623099162967,0.04804786186368472,-0.50715348193728,0.931352228574867,0.9763955748763338,0.9731316209823587,0.8054145734774503,-0.7467518015709839,0.857479126557138,0.9845827104130624,-0.7786900072580933,-0.8179501062791863,-0.4609315723222107,-0.599456295193762,0.8396860087713456,-0.43507351969791475,-0.9636759894756383,-0.33050858389990595
398,-0.5600084943833464,0.5054998056396791,-0.1430207023743291,0.036097070541985,-0.4897842115695259,0.883004731304252,0.9877615902323181,0.9813009004798763,0.776214788712321,-0.6537268520846756,0.8335011819062342,0.9775879049622556,-0.6778700741544967,-0.8582494777007836,-0.42802428579382606,-0.6295887478863681,0.9027661884315149,-0.39463900365846527,-0.9329439514789671,-0.30991919939144247
399,-0.544462812591614,0.463592666099103,-0.13905844795921005,0.032898194507913835,-0.49001115896683334,0.8252819985907979,0.8683045947681298,0.8304178676943708,0.7670421284753941,-0.6865582343453633,0.7933712873786003,0.8465818523494468,-0.6493679903885092,-0.9105828465188928,-0.46375582016705547,-0.6499533837860396,0.9376184924610542,-0.43582006005950924,-0.9242342182740115,-0.27362740907621536
400,-0.5804926460647483,0.519160732934773,-0.14326163133035985,0.038372643056831274,-0.47574529501186624,0.9155950261341059,0.8722455738942377,0.9656958639479442,0.6992596318518969,-0.7851751197744591,0.8157828612516922,0.9092611098795312,-0.7617176292865002,-0.8774071836826486,-0.4513384424037454,-0.6883405278488542,0.8826683046682944,-0.413138291407017,-0.9383823771757523,-0.27869056313657986
401,-0.5463926876254295,0.480894348269352,-0.14914867278165134,0.05545838968747325,-0.508245871803243,0.8904765724517614,0.9807421156217162,0.9351069377002268,0.6490213906207342,-0.765738694627446,0.8505298322833781,0.9841488575377422,-0.6306909902880742,-0.959771662590744,-0.5368652008605725,-0.7419039397369327,0.9753961601412965,-0.40418989387830806,-0.9835147737772514,-0.3231231069073271
402,-0.550783984677482,0.5056087711752055,-0.15362650928668406,0.04888756129643254,-0.5074687771634737,0.8961440059484961,0.9978011026028814,0.9487187732359161,0.628355724872438,-0.8440942853089278,0.8814701636697253,0.9091812222716875,-0.5925568956956032,-0.915149323840869,-0.5030658824671392,-0.6237044090317347,0.9567610237011818,-0.3463392078850843,-0.9487203160225193,-0.40204667812869066
403,-0.550783984677482,0.5056087711752055,-0.15362650928668406,0.04888756129643254,-0.5074687771634737,0.8961440059484961,0.9978011026028814,0.9487187732359161,0.628355724872438,-0.8440942853089278,0.8814701636697253,0.9091812222716875,-0.5925568956956032,-0.915149323840869,-0.5030658824671392,-0.6237044090317347,0.9567610237011818,-0.3463392078850843,-0.9487203160225193,-0.40204667812869066
404,-0.550783984677482,0.5056087711752055,-0.15362650928668406,0.04888756129643254,-0.5074687771634737,0.8961440059484961,0.9978011026028814,0.9487187732359161,0.628355724872438,-0.8440942853089278,0.8814701636697253,0.9091812222716875,-0.5925568956956032,-0.915149323840869,-0.5030658824671392,-0.6237044090317347,0.9567610237011818,-0.3463392078850843,-0.9487203160225193,-0.40204667812869066
405,-0.5493380084652779,0.5094468341234207,-0.15183732175391404,0.06141938744646841,-0.5284352615127111,0.9901989725180509,0.9991542372153223,0.9924805705957943,0.5570942499517489,-0.8515554440152652,0.8995662374812805,0.9008866977312902,-0.6112506757819492,-0.9861476177379253,-0.4811700566411293,-0.6230676029767562,0.926410005916343,-0.3829013422919565,-0.9511036314313344,-0.4318627818818049
406,-0.5493380084652779,0.5094468341234207,-0.15183732175391404,0.06141938744646841,-0.5284352615127111,0.9901989725180509,0.9991542372153223,0.9924805705957943,0.5570942499517489,-0.8515554440152652,0.8995662374812805,0.9008866977312902,-0.6112506757819492,-0.9861476177379253,-0.4811700566411293,-0.6230676029767562,0.926410005916343,-0.3829013422919565,-0.9511036314313344,-0.4318627818818049
407,-0.5493380084652779,0.5094468341234207,-0.15183732175391404,0.06141938744646841,-0.5284352615127111,0.9901989725180509,0.9991542372153223,0.9924805705957943,0.5570942499517489,-0.8515554440152652,0.8995662374812805,0.9008866977312902,-0.6112506757819492,-0.9861476177379253,-0.4811700566411293,-0.6230676029767562,0.926410005916343,-0.3829013422919565,-0.9511036314313344,-0.4318627818818049
408,-0.5493380084652779,0.5094468341234207,-0.15183732175391404,0.06141938744646841,-0.5284352615127111,0.9901989725180509,0.9991542372153223,0.9924805705957943,0.5570942499517489,-0.8515554440152652,0.8995662374812805,0.9008866977312902,-0.6112506757819492,-0.9861476177379253,-0.4811700566411293,-0.6230676029767562,0.926410005916343,-0.3829013422919565,-0.9511036314313344,-0.4318627818818049
409,-0.5742983365983372,0.5052569831450269,-0.142614729950701,0.039966426601718015,-0.4890235417093145,0.8892779857722645,0.987510806104118,0.8882601299714455,0.5480343755890288,-0.866395257418461,0.7869892213071237,0.8853647480257117,-0.6795201635660406,-0.9218757510079791,-0.5007317457211284,-0.6220044950161117,0.8284014528604735,-0.31261291996226953,-0.9538342677283037,-0.4308136209179003
410,-0.5701406554168724,0.5203077475560703,-0.15497737917381413,0.052638375363625714,-0.5101796385341619,0.9261756825013798,0.982060555555645,0.817213339047191,0.5512922167514919,-0.9730140981638955,0.7771442339031825,0.9142102162033795,-0.6899279436927253,-0.915850408744259,-0.5223615762132477,-0.6311040911848731,0.8382248873505387,-0.2745155795705727,-0.9621567507663826,-0.3845772979763332
411,-0.5458269876862293,0.47804606759991,-0.14824713551306665,0.04746534229950495,-0.4980055601290356,0.9259529571146445,0.985130827727095,0.7886428117641806,0.46518505073267963,-0.9265403165053417,0.7218759476316573,0.7875591073014149,-0.7229670159149537,-0.9616527563590473,-0.5168011409976155,-0.6827842711941862,0.9145774137022549,-0.3993233728133509,-0.9488265107354209,-0.32206758406801184
412,-0.5458269876862293,0.47804606759991,-0.14824713551306665,0.04746534229950495,-0.4980055601290356,0.9259529571146445,0.985130827727095,0.7886428117641806,0.46518505073267963,-0.9265403165053417,0.7218759476316573,0.7875591073014149,-0.7229670159149537,-0.9616527563590473,-0.5168011409976155,-0.6827842711941862,0.9145774137022549,-0.3993233728133509,-0.9488265107354209,-0.32206758406801184
413,-0.551234398268535,0.5018321005423136,-0.1543233861096827,0.05017287775225436,-0.5100553784525415,0.8996867938321501,0.9818027637764752,0.8315861455346829,0.4588190969815189,-0.8631592747473967,0.7189509076611342,0.9022568963609556,-0.7189913215275497,-0.9531102638095291,-0.5901256545418957,-0.6695495982271727,0.9378789284604544,-0.5289239299415472,-0.9745613770953347,-0.391184859315129
414,-0.5482064284457785,0.4958760102549224,-0.14916227976251478,0.04909649055119446,-0.5055737910231136,0.9501471714693908,0.9870278581752935,0.8135380786511944,0.4959036012814785,-0.8847647147819582,0.803104863669659,0.8130316437352388,-0.7712630833613839,-0.9797236408774624,-0.5376150997011779,-0.6738651856058265,0.9315596884117914,-0.5350283841322981,-0.9480028254221058,-0.3751355139795619
415,-0.5362187352803256,0.4809052250783216,-0.14690932391737194,0.03960768104889954,-0.5011210042143356,0.83985725339931,0.9366752634716854,0.6821862608408347,0.4802838152413573,-0.9193635650324637,0.7530980818422309,0.7524685498048974,-0.5681718290323621,-0.9089796958781499,-0.5262083332738283,-0.5865600381993726,0.9603845796836449,-0.48306134462883066,-0.995761659746009,-0.43212229527317403
416,-0.5640022524661842,0.5204071751693997,-0.15031630887834932,0.038025822817652453,-0.5160599888681169,0.8936517094981759,0.9806217385602065,0.7672541788258413,0.37245099170150814,-0.9353515209632085,0.8203488364080109,0.5919505717187158,-0.48140305690659446,-0.8450130996109714,-0.5124540424925347,-0.5911624979601423,0.9430897422223915,-0.45930525748134027,-0.975136714579027,-0.5216978785267151
417,-0.5376776519498737,0.5013783314815023,-0.15997217359619792,0.037169814503105164,-0.5247436206982788,0.8866584653526276,0.9467758088448248,0.7328672152015823,0.39632207175537987,-0.9715248295507511,0.8163983885123988,0.6516181798639414,-0.4928939694654327,-0.850557456786061,-0.4861614579356623,-0.5803712537461219,0.9373161021960088,-0.4402375741216403,-0.9676930070287135,-0.4644530862055711
418,-0.5347687764068264,0.48420064280957376,-0.1484767219937922,0.045830761614914894,-0.505985065483461,0.9378812667620459,0.9645354339060328,0.7726017288899717,0.42536822077067277,-0.9527890149048663,0.8177386816650468,0.6848121324342225,-0.6338866375804478,-0.8704483941654294,-0.4928766720023046,-0.651799034428187,0.9694405354919818,-0.487456329506061,-0.9880148345818303,-0.4524372050351303
419,-0.5825267561144942,0.5431608985605255,-0.1530778412579118,0.03586960827031664,-0.5136090642801014,0.8841937602722748,0.9788428917239029,0.8297175996621602,0.4512594929926294,-0.9911279164661441,0.799958419805474,0.6358913180098295,-0.6178016345517803,-0.8912800210062432,-0.5248822068271745,-0.5316415074872204,0.969947180920809,-0.5225989062681197,-0.9486427358296567,-0.4357648845924105
420,-0.518693476102236,0.4608372498220604,-0.15156114060494155,0.04695610912095385,-0.5168961837394241,0.9078502299233755,0.9568690310683319,0.8369639220856565,0.3875235959036325,-0.997367836920023,0.7744684958061981,0.5883947212125578,-0.5317313978080621,-0.8662339567407081,-0.48203153154217593,-0.5810051614315691,0.9982330480530678,-0.5672527401822861,-0.9823925988459387,-0.3579969260440568
421,-0.518693476102236,0.4608372498220604,-0.15156114060494155,0.04695610912095385,-0.5168961837394241,0.9078502299233755,0.9568690310683319,0.8369639220856565,0.3875235959036325,-0.997367836920023,0.7744684958061981,0.5883947212125578,-0.5317313978080621,-0.8662339567407081,-0.48203153154217593,-0.5810051614315691,0.9982330480530678,-0.5672527401822861,-0.9823925988459387,-0.3579969260440568
422,-0.518693476102236,0.4608372498220604,-0.15156114060494155,0.04695610912095385,-0.5168961837394241,0.9078502299233755,0.9568690310683319,0.8369639220856565,0.3875235959036325,-0.997367836920023,0.7744684958061981,0.5883947212125578,-0.5317313978080621,-0.8662339567407081,-0.48203153154217593,-0.5810051614315691,0.9982330480530678,-0.5672527401822861,-0.9823925988459387,-0.3579969260440568
423,-0.5788055711317892,0.5285043026368942,-0.15002959444291264,0.04509797010789449,-0.5113965515517452,0.964439165593484,0.9523136392053586,0.979963955946337,0.5053676954834597,-0.9748019875331516,0.8229944550825007,0.6710738684733367,-0.49941136904775885,-0.8450239977529663,-0.38044523256180823,-0.5278631843863848,0.9652685597709311,-0.47011901641224707,-0.9740619122793982,-0.351431917441493
424,-0.5439870606107984,0.49974668033957387,-0.15730290218967138,0.05362895713797653,-0.519434736675892,0.9402842733402049,0.9518729189952354,0.8912537650679038,0.5663818016149563,-0.9852662881976215,0.8703877453693156,0.7265299815278244,-0.45377162329425164,-0.8191072732214741,-0.4948773362478811,-0.59211854840272,0.9724207633284254,-0.34630208930984446,-0.9697314152279681,-0.3457418039075161
425,-0.5633673083001535,0.507702446579725,-0.143257677140146,0.05287287291951699,-0.5123210122377724,0.9815756260517337,0.9424945489393124,0.9164676819366192,0.6338498808811165,-0.9752192618241862,0.9262632659319575,0.7137260200532716,-0.4707690921709153,-0.7614542255259401,-0.3643678758455518,-0.6412780275812807,0.9741881126741772,-0.3257641433568807,-0.9906427235718163,-0.24240433734103584
426,-0.563976358452194,0.5173059134125919,-0.1490494451335612,0.043755945797360134,-0.5034978783786861,0.8912520566404026,0.9238530993238077,0.9119977460389229,0.612746698817979,-0.9682246104647684,0.8782939228754751,0.7236832004896158,-0.5628222812073009,-0.7555182829204354,-0.4482629771337575,-0.6251985508426534,0.939234625699409,-0.2700071075492678,-0.9209684082233379,-0.37692928174991075
427,-0.563976358452194,0.5173059134125919,-0.1490494451335612,0.043755945797360134,-0.5034978783786861,0.8912520566404026,0.9238530993238077,0.9119977460389229,0.612746698817979,-0.9682246104647684,0.8782939228754751,0.7236832004896158,-0.5628222812073009,-0.7555182829204354,-0.4482629771337575,-0.6251985508426534,0.939234625699409,-0.2700071075492678,-0.9209684082233379,-0.37692928174991075
428,-0.563976358452194,0.5173059134125919,-0.1490494451335612,0.043755945797360134,-0.5034978783786861,0.8912520566404026,0.9238530993238077,0.9119977460389229,0.612746698817979,-0.9682246104647684,0.8782939228754751,0.7236832004896158,-0.5628222812073009,-0.7555182829204354,-0.4482629771337575,-0.6251985508426534,0.939234625699409,-0.2700071075492678,-0.9209684082233379,-0.37692928174991075
429,-0.563976358452194,0.5173059134125919,-0.1490494451335612,0.043755945797360134,-0.5034978783786861,0.8912520566404026,0.9238530993238077,0.9119977460389229,0.612746698817979,-0.9682246104647684,0.8782939228754751,0.7236832004896158,-0.5628222812073009,-0.7555182829204354,-0.4482629771337575,-0.6251985508426534,0.939234625699409,-0.2700071075492678,-0.9209684082233379,-0.37692928174991075
430,-0.5547979201063216,0.49692413238110417,-0.1384877630578894,0.052216123340147406,-0.5103132128049139,0.9650630039456563,0.9635714564117811,0.8452797417102437,0.5824610399460679,-0.8838093090854897,0.8250478260032655,0.7546841115577493,-0.6146813603470508,-0.7969658283529428,-0.3634173159848159,-0.6723591070262426,0.9109865443876869,-0.31298225542156166,-0.9702341805972096,-0.33317242461678626
431,-0.5518220472180372,0.5160197873329133,-0.15203408053327122,0.03768571160234266,-0.5090291306962829,0.9009300526421246,0.9703314485423744,0.8209734773062685,0.5581919189431866,-0.964607551906778,0.9064575526395,0.7510761488010712,-0.7277401992885881,-0.9091103120463301,-0.4554902052382092,-0.6704145893100728,0.9268262431806832,-0.3458428832881389,-0.9393189886273099,-0.38400601564364645
432,-0.5713495766564848,0.5098317988116234,-0.13973821119606053,0.034262208913779194,-0.5008111229113459,0.8228154921174791,0.8986325907890823,0.8346973167170821,0.4675519194649124,-0.9715876153534257,0.8737064443570037,0.8282734185011352,-0.6858762217610493,-0.8830106629051747,-0.5430631315503982,-0.6925045278272798,0.9542117911515403,-0.388220193366055,-0.9445036609327366,-0.4428822702762927
433,-0.5519272115319374,0.5078756117254519,-0.14808552231803368,0.0427151182576266,-0.512966912240405,0.8063118386530551,0.9743903150261777,0.9127018196945774,0.48652035686725725,-0.9652656544193136,0.8560233756400027,0.839702754389884,-0.6957088115977142,-0.8697433723696435,-0.436109114212974,-0.6218657284406978,0.9048222525015619,-0.3395201546099769,-0.9593771823738368,-0.47869260630892035
434,-0.5517763941049357,0.5154292032960909,-0.15444388851226143,0.04720725966827195,-0.5158881531230174,0.8723075798569168,0.9661644226688225,0.8255185928749942,0.3665477802344287,-0.9920492876943013,0.8216640423856032,0.8262245703337582,-0.789836180118706,-0.8551345865703822,-0.4988493366047645,-0.6549308680856991,0.8794819973463875,-0.3976804226956629,-0.959514652248702,-0.5560189580362987
435,-0.5434235398976336,0.4808759595148317,-0.1472378665143159,0.03484613172656444,-0.4940216098888717,0.7962170400158873,0.9381879174448365,0.7488591888769441,0.37229468046306635,-0.9906635038126619,0.8352294662417893,0.7911661705919851,-0.7861877859560457,-0.8546707800467139,-0.5787109736728041,-0.6208120652216454,0.8973333533250474,-0.49387317811288994,-0.9490972281723111,-0.618101791625213
436,-0.5434235398976336,0.4808759595148317,-0.1472378665143159,0.03484613172656444,-0.4940216098888717,0.7962170400158873,0.9381879174448365,0.7488591888769441,0.37229468046306635,-0.9906635038126619,0.8352294662417893,0.7911661705919851,-0.7861877859560457,-0.8546707800467139,-0.5787109736728041,-0.6208120652216454,0.8973333533250474,-0.49387317811288994,-0.9490972281723111,-0.618101791625213
437,-0.5583481209608933,0.4918064266006742,-0.14647407485082867,0.03313957932925437,-0.493309499299655,0.9386827571448271,0.9701192111194719,0.8080250672626211,0.45482523428736754,-0.9950786643922386,0.9317730541343827,0.8054847980827284,-0.7444618178640828,-0.8096876526768957,-0.5439782668566658,-0.6480957593213851,0.9137468033714792,-0.4781247544791866,-0.9586958298843377,-0.5424754874642377
438,-0.5583481209608933,0.4918064266006742,-0.14647407485082867,0.03313957932925437,-0.493309499299655,0.9386827571448271,0.9701192111194719,0.8080250672626211,0.45482523428736754,-0.9950786643922386,0.9317730541343827,0.8054847980827284,-0.7444618178640828,-0.8096876526768957,-0.5439782668566658,-0.6480957593213851,0.9137468033714792,-0.4781247544791866,-0.9586958298843377,-0.5424754874642377
439,-0.5754727252928039,0.517275884492034,-0.14705766690492772,0.029852784851747985,-0.5010523618689906,0.9460617252623772,0.99299324841104,0.7454966799231957,0.47254422692346093,-0.9997023602610957,0.9136346279160333,0.8422248348856531,-0.7220112214374949,-0.7786302100851802,-0.5729033547441802,-0.6491694723430694,0.875287191612803,-0.4007719969336273,-0.9362964843732792,-0.5373797646220667
440,-0.5410129759400639,0.47525999329476215,-0.1460494061492522,0.043294514483668625,-0.5074523580849506,0.9389606860495177,0.9973389202473175,0.7001448862639466,0.42984074099269026,-0.9884351555058627,0.9925304018803894,0.8446156035153717,-0.702420688232471,-0.665607108116641,-0.5914420221416868,-0.7414102760655987,0.9576975695080859,-0.43386687889425973,-0.9488177717235591,-0.528075726281493
441,-0.5410129759400639,0.47525999329476215,-0.1460494061492522,0.043294514483668625,-0.5074523580849506,0.9389606860495177,0.9973389202473175,0.7001448862639466,0.42984074099269026,-0.9884351555058627,0.9925304018803894,0.8446156035153717,-0.702420688232471,-0.665607108116641,-0.5914420221416868,-0.7414102760655987,0.9576975695080859,-0.43386687889425973,-0.9488177717235591,-0.528075726281493
442,-0.5410129759400639,0.47525999329476215,-0.1460494061492522,0.043294514483668625,-0.5074523580849506,0.9389606860495177,0.9973389202473175,0.7001448862639466,0.42984074099269026,-0.9884351555058627,0.9925304018803894,0.8446156035153717,-0.702420688232471,-0.665607108116641,-0.5914420221416868,-0.7414102760655987,0.9576975695080859,-0.43386687889425973,-0.9488177717235591,-0.528075726281493
443,-0.5410129759400639,0.47525999329476215,-0.1460494061492522,0.043294514483668625,-0.5074523580849506,0.9389606860495177,0.9973389202473175,0.7001448862639466,0.42984074099269026,-0.9884351555058627,0.9925304018803894,0.8446156035153717,-0.702420688232471,-0.665607108116641,-0.5914420221416868,-0.7414102760655987,0.9576975695080859,-0.43386687889425973,-0.9488177717235591,-0.528075726281493
444,-0.5719569227247455,0.5261646909585759,-0.14797373890935814,0.040173924816214054,-0.5087293314090892,0.9677765732006546,0.9991230380569724,0.7034589348019014,0.4744081922032202,-0.9521669948395004,0.92006642777737,0.7369071093455911,-0.7206676195254523,-0.7897832327317885,-0.5316845182931387,-0.6973004357467435,0.9150734640480027,-0.42116243841948237,-0.9073324741063773,-0.4855564495909415
445,-0.5719569227247455,0.5261646909585759,-0.14797373890935814,0.040173924816214054,-0.5087293314090892,0.9677765732006546,0.9991230380569724,0.7034589348019014,0.4744081922032202,-0.9521669948395004,0.92006642777737,0.7369071093455911,-0.7206676195254523,-0.7897832327317885,-0.5316845182931387,-0.6973004357467435,0.9150734640480027,-0.42116243841948237,-0.9073324741063773,-0.4855564495909415
446,-0.5498007796934765,0.4979272302018278,-0.15342394492273517,0.035412625376502554,-0.5123166757511022,0.9770231962186681,0.9970150840429038,0.6474457713409778,0.4133692735259189,-0.9440848437870148,0.9067144297858241,0.6140045825254912,-0.6159919292136186,-0.9519104328793223,-0.5471650240788317,-0.6831984864628464,0.9936619973016112,-0.546198499615269,-0.9521943764996121,-0.48264744141452864
447,-0.5466126274094226,0.4869821510391495,-0.15237707063465458,0.029831059844855217,-0.5058815581003279,0.9618809469093516,0.9194554889048003,0.5842451317150623,0.42461672897046604,-0.9463221080261189,0.8097959210413102,0.5084944661560227,-0.5687911853228276,-0.9193946188333124,-0.5166582192173921,-0.6387200765573096,0.9930245302211446,-0.5120550694670477,-0.9235319222515314,-0.45721945850032486
448,-0.5471248122411828,0.4890871041962376,-0.14822109901901467,0.02966505441927059,-0.5007419773457275,0.9724695237034653,0.9975302944366295,0.4889019457724064,0.3726557058877209,-0.9581608783618383,0.8687543825845593,0.5602904470680343,-0.539379564939881,-0.7928608829959993,-0.6201138869675004,-0.6178181233888536,0.9722426907849403,-0.5251868360930363,-0.9235756123455443,-0.5780713477800503
449,-0.5554667037298299,0.49902008267975273,-0.14651427099821715,0.03792702255818048,-0.5013150850764007,0.9719723921845859,0.9789480658949857,0.5486016484910168,0.3428104701112958,-0.9839828258543549,0.8352748254016048,0.5946360612261379,-0.5091363411789871,-0.7384851436769582,-0.5376613658097124,-0.6867783671359388,0.9788613821340254,-0.37689190588055477,-0.9843965457250385,-0.5451089503618384
450,-0.5554667037298299,0.49902008267975273,-0.14651427099821715,0.03792702255818048,-0.5013150850764007,0.9719723921845859,0.9789480658949857,0.5486016484910168,0.3428104701112958,-0.9839828258543549,0.8352748254016048,0.5946360612261379,-0.5091363411789871,-0.7384851436769582,-0.5376613658097124,-0.6867783671359388,0.9788613821340254,-0.37689190588055477,-0.9843965457250385,-0.5451089503618384
451,-0.5454796764917925,0.4843145036584763,-0.15043116490589487,0.034588588479739626,-0.4981936619872411,0.9791073996269196,0.9813909248195354,0.5519816725941193,0.37004595099278786,-0.9676742228592751,0.8825228599614293,0.5699582699663679,-0.5224905676513681,-0.8756905220517196,-0.47711415272508856,-0.7153913828222482,0.9974931425458,-0.39656042546605047,-0.9596749399530214,-0.5305050168145303
452,-0.5677654118360721,0.5130685032254874,-0.14839520800791325,0.03738555618498512,-0.5108024584847263,0.893312057930338,0.9431333281946843,0.6760890352391471,0.36108281624262484,-0.9745894703994105,0.9797598602285661,0.5301509166400895,-0.5107783696807711,-0.8496414304044924,-0.4266243766646926,-0.6695918608234342,0.9933142643400936,-0.3468633182512148,-0.9347514983449156,-0.6127685560841393
453,-0.5247673359447131,0.4822307991970524,-0.15797546479801772,0.03840142873395595,-0.5136668861264053,0.8659327838798009,0.9842491676310913,0.7049530117024625,0.3216776289611864,-0.9698393194889807,0.8937488203029654,0.604504227962933,-0.4692842759253426,-0.8161387179836119,-0.5199677976922736,-0.6550674988840011,0.9706763015286873,-0.2876404333731927,-0.8772877931333718,-0.5947531131489434
454,-0.5693200162781901,0.5094626460242843,-0.14459910977822238,0.03304172262309463,-0.5110312095834011,0.8906646377724802,0.9822245275341409,0.6701357390324193,0.3073402081093092,-0.9643731045887518,0.8911712485083223,0.5484548404259588,-0.5680300231850542,-0.8835157562876023,-0.47257538257138143,-0.6665267634364084,0.917851891405654,-0.31817236230118173,-0.9040390401550581,-0.6383928072276203
455,-0.5335046603267085,0.4792413929654519,-0.1564689594613135,0.0351910905327131,-0.5054446149584433,0.8177568199916344,0.9924809663111849,0.751026561794449,0.2958887023834322,-0.9581357023216623,0.8277642263520455,0.7247315384760448,-0.6643851228427574,-0.8235159376156898,-0.5163884245532223,-0.5834028689905033,0.9076306669186209,-0.37971391412811056,-0.974012901341264,-0.6866295696977615
456,-0.5673181754581195,0.5153919294954883,-0.15329086318432739,0.03509076623930029,-0.5160302409906312,0.8031233793335338,0.9660372815192793,0.8120177689365675,0.3182561769876131,-0.9664798490209298,0.85257331178556,0.8037157052527009,-0.5964366393670512,-0.7991919731187777,-0.5003261372446951,-0.5996203712676306,0.9303782327526534,-0.38836566156979396,-0.9843726973088046,-0.6214071183493276
457,-0.5413307340341238,0.5009022253997373,-0.15925461945418423,0.044387722090420224,-0.5133930162050504,0.7663000876986013,0.9300341475530268,0.8279270225175277,0.3994419272136764,-0.9833347505839597,0.893130211845276,0.8214972264726909,-0.5797328807928566,-0.9534285325056778,-0.4763583637760629,-0.5650512149171669,0.814368193989097,-0.17898967508362618,-0.9996698884232339,-0.8139505643329816
458,-0.5562496187482107,0.5062098266885153,-0.15829623835728412,0.046991139635021814,-0.5305595071336707,0.9640386253310259,0.8928088992824739,0.7326741754621992,0.4679803933068479,-0.9985778130682639,0.8762899272521147,0.7784200762291437,-0.479312937471305,-0.9651407016276327,-0.49877163684299575,-0.5650409301531363,0.7973178317942639,-0.18716329200060727,-0.9973078010828542,-0.6688998409681427
459,-0.5520560423939006,0.5018477276665408,-0.1487078196208237,0.0465627845705631,-0.5058142257668221,0.8955723528531389,0.9367926009541907,0.7418085099293816,0.41387843112688677,-0.9607706329724923,0.8600458827769467,0.8745260266327769,-0.5516316851985382,-0.891357649735603,-0.5588968422319714,-0.5989967209029619,0.8262909520663788,-0.2362869629756149,-0.9817071677100268,-0.7050797569848224
460,-0.5571215628805214,0.4970476309652022,-0.1382085603871343,0.04470808044946937,-0.49996056682991524,0.8606754953109849,0.8901013853292775,0.7133758514583431,0.41975549488796543,-0.8727371623970273,0.8158536678342777,0.8413156253668871,-0.5943894598021776,-0.9280310852122757,-0.5893961598681074,-0.5893071793390084,0.7362243706799271,-0.3294508568109172,-0.9800976914322134,-0.7233174923570254
461,-0.5271659965142459,0.4758175370449405,-0.14719453397594076,0.0578887224812062,-0.5073617449216214,0.9156160462315044,0.9510284986616668,0.6921817538040427,0.3248563339180259,-0.9685626014616309,0.665663287794075,0.8835516556627666,-0.5250021895732923,-0.9616513289913003,-0.6093956390085712,-0.5098726513165551,0.694044177571088,-0.2956082816649789,-0.9885505225271498,-0.6576534624659653
462,-0.5271659965142459,0.4758175370449405,-0.14719453397594076,0.0578887224812062,-0.5073617449216214,0.9156160462315044,0.9510284986616668,0.6921817538040427,0.3248563339180259,-0.9685626014616309,0.665663287794075,0.8835516556627666,-0.5250021895732923,-0.9616513289913003,-0.6093956390085712,-0.5098726513165551,0.694044177571088,-0.2956082816649789,-0.9885505225271498,-0.6576534624659653
463,-0.5628649342702576,0.5179892349896635,-0.14823976448033743,0.042296722593626,-0.5211647020973817,0.8792676161373295,0.9888176390365857,0.8298868288898542,0.37160006182917116,-0.908950474210747,0.6466347118922886,0.9317887847102666,-0.6232597855787562,-0.9447716305595525,-0.6310546697094667,-0.5031140026420061,0.7108163858918325,-0.34461044135542135,-0.9865459827204595,-0.6580902762209676
464,-0.5328355644638737,0.49118965005447646,-0.14940866169466582,0.04511326055421108,-0.5135005479226108,0.9433840837849737,0.9344039247996481,0.729868612241001,0.45968666139653985,-0.9090562751188885,0.6924720943157044,0.8664618886810707,-0.6360522547305059,-0.9198705505826836,-0.6113052746728892,-0.5350131871614558,0.7063891403214856,-0.33465394731524445,-0.9757134279628255,-0.5977698004494882
465,-0.556053791492134,0.4971965386375534,-0.13805911683260752,0.04077675539962445,-0.5071407330010138,0.9845103231936789,0.9964923426443268,0.7042946822775674,0.5374743217351672,-0.9176332760634562,0.8186905112922548,0.8822047899145063,-0.761340756071221,-0.7999358284841899,-0.5361231806861562,-0.6188507900972159,0.7975709669376182,-0.37152123050122354,-0.9954022683037239,-0.5449814986348619
466,-0.5539627932228609,0.5136472108472957,-0.14635389516843478,0.04077734322125754,-0.5037352215234562,0.9495221887541354,0.9961813505806105,0.7465379511492299,0.5632739909807432,-0.8137785606242034,0.8419916303541891,0.8903745871778584,-0.6721300264343151,-0.8200565688840424,-0.5593013565415162,-0.6905537270325774,0.8530552080949242,-0.3151474943585514,-0.9288992421835711,-0.5257401553522048
467,-0.5437758152000752,0.4945268197903964,-0.1521640000436777,0.06824515162620509,-0.5254197761419681,0.8924262940779701,0.956628464544481,0.716497408643777,0.4704306872776174,-0.94306422651818,0.8038843726418181,0.9454063790758752,-0.6729029720605784,-0.9436560263992523,-0.5357530073670272,-0.71737875027284,0.9034297210192505,-0.2928431650974351,-0.9737079047145767,-0.49969137571934125
468,-0.5565220635311393,0.5174940782610201,-0.14891872159526728,0.04421522215419889,-0.4952991535288535,0.8582655934575114,0.8948874064410851,0.6769281626832538,0.4447593896742688,-0.9103947441653675,0.8335852428733611,0.9117495680181287,-0.7673085259899676,-0.8556713745205897,-0.5852544584446688,-0.7818261048959664,0.9335525206947989,-0.32840568712394486,-0.9252483941510383,-0.5467709286553608
469,-0.537312946124939,0.49056562601925563,-0.1524472889426422,0.0628437034540012,-0.5247413999495198,0.8472618642506644,0.9629767488302006,0.7018864439849202,0.3640078777851071,-0.9601449701486828,0.8449934544480527,0.984784933194758,-0.8176606176373066,-0.9373531177842063,-0.6149368381166916,-0.822187209958156,0.9982327559416635,-0.40398826084526485,-0.9922243626514984,-0.5591758068321987
470,-0.5423217999929051,0.512062927337354,-0.15449356773445094,0.050470796344145495,-0.5179804038603569,0.8491028302191411,0.9251821291639476,0.7341748042390507,0.3018246844478467,-0.9873254908584727,0.7686780429365654,0.955144663956179,-0.84794174178636,-0.9433112839703603,-0.5973991656568117,-0.7695934775694737,0.9254299443741988,-0.4248649828393379,-0.9867293999679926,-0.5854094982918675
471,-0.5423217999929051,0.512062927337354,-0.15449356773445094,0.050470796344145495,-0.5179804038603569,0.8491028302191411,0.9251821291639476,0.7341748042390507,0.3018246844478467,-0.9873254908584727,0.7686780429365654,0.955144663956179,-0.84794174178636,-0.9433112839703603,-0.5973991656568117,-0.7695934775694737,0.9254299443741988,-0.4248649828393379,-0.9867293999679926,-0.5854094982918675
472,-0.5423217999929051,0.512062927337354,-0.15449356773445094,0.050470796344145495,-0.5179804038603569,0.8491028302191411,0.9251821291639476,0.7341748042390507,0.3018246844478467,-0.9873254908584727,0.7686780429365654,0.955144663956179,-0.84794174178636,-0.9433112839703603,-0.5973991656568117,-0.7695934775694737,0.9254299443741988,-0.4248649828393379,-0.9867293999679926,-0.5854094982918675
473,-0.5423217999929051,0.512062927337354,-0.15449356773445094,0.050470796344145495,-0.5179804038603569,0.8491028302191411,0.9251821291639476,0.7341748042390507,0.3018246844478467,-0.9873254908584727,0.7686780429365654,0.955144663956179,-0.84794174178636,-0.9433112839703603,-0.5973991656568117,-0.7695934775694737,0.9254299443741988,-0.4248649828393379,-0.9867293999679926,-0.5854094982918675
474,-0.5354491487483722,0.4816404290935843,-0.15214458451099316,0.055388519082539174,-0.49855448056657875,0.8654510932928535,0.9368681266908105,0.6233270470665823,0.2858656106173509,-0.9938019703759768,0.7051740896874868,0.9930573878584257,-0.8927374677458394,-0.8945702134549433,-0.6361742819567718,-0.8198132518025847,0.9259898637032634,-0.39315676674502986,-0.975233776535394,-0.5293241030828063
475,-0.5428205166257591,0.48409299013025264,-0.1528663274609942,0.04702909506171209,-0.503856471930997,0.8453468198809914,0.9539832942181486,0.667726132206964,0.40258393598304726,-0.8920584350348223,0.9380336608764375,0.9871810289060359,-0.9516030703226585,-0.9256315295910019,-0.5912641879439499,-0.8507159176166434,0.9785871251810323,-0.4342733278953746,-0.9260542452629714,-0.5645606333834545
476,-0.5492134600873667,0.4979135383322848,-0.14845385159116656,0.047289409763078674,-0.510362300808514,0.7923853805458017,0.978560790752989,0.7397246327187451,0.40434572972142346,-0.9213370391489263,0.9620458101275267,0.9731999191197592,-0.9005624371787943,-0.909613713377409,-0.5691573201484239,-0.8654457150259641,0.992986277992141,-0.3378764044828011,-0.9270195903928357,-0.5771773532055089
477,-0.5492134600873667,0.4979135383322848,-0.14845385159116656,0.047289409763078674,-0.510362300808514,0.7923853805458017,0.978560790752989,0.7397246327187451,0.40434572972142346,-0.9213370391489263,0.9620458101275267,0.9731999191197592,-0.9005624371787943,-0.909613713377409,-0.5691573201484239,-0.8654457150259641,0.992986277992141,-0.3378764044828011,-0.9270195903928357,-0.5771773532055089
478,-0.5492134600873667,0.4979135383322848,-0.14845385159116656,0.047289409763078674,-0.510362300808514,0.7923853805458017,0.978560790752989,0.7397246327187451,0.40434572972142346,-0.9213370391489263,0.9620458101275267,0.9731999191197592,-0.9005624371787943,-0.909613713377409,-0.5691573201484239,-0.8654457150259641,0.992986277992141,-0.3378764044828011,-0.9270195903928357,-0.5771773532055089
479,-0.5471997204529498,0.48692934986869524,-0.14776382959104606,0.036114613837211595,-0.5003353105135011,0.8210196031004071,0.9794973467345881,0.6629675240088643,0.35880122691308175,-0.9161344684380874,0.9577928191121006,0.9982757433868813,-0.87926355389718,-0.9333628706378453,-0.6654388042936104,-0.8591614805690231,0.9895927608339219,-0.37925643314325924,-0.8929634297753505,-0.6198797330002769
480,-0.544518714470507,0.49795189606982865,-0.16230374268380948,0.04205841869283315,-0.5125529973665129,0.8669241401664517,0.9894785425472788,0.6096790998343002,0.3425773852688885,-0.913043767275953,0.9092510947337822,0.9910565671381886,-0.9709173360574407,-0.9646580769540952,-0.6631469238329383,-0.8581837669904703,0.936563668924568,-0.3894569758965683,-0.9098161338463884,-0.6866799100826336
481,-0.5417042434804514,0.4945091253069281,-0.15315460659375418,0.06324448585170311,-0.5122795114178673,0.888520689685632,0.957225480176756,0.4625279609758067,0.3232095906652367,-0.889616648878364,0.9225533032481329,0.9618812319885953,-0.8219373442141144,-0.9738588413034799,-0.6567650845050446,-0.9427494282298672,0.9871752066382782,-0.3912550683285555,-0.9675976322882716,-0.6471419007173318
482,-0.5333662606741438,0.47943095894999205,-0.14833366504663903,0.05258130694454077,-0.5008549719951607,0.9851422342530987,0.9936981169232064,0.4131092382023917,0.3805662373464972,-0.8405310673483967,0.860239319551336,0.9566687669314438,-0.7968711715439497,-0.860883407834834,-0.671317975492433,-0.9110669708279243,0.9232758834462593,-0.3854247865093583,-0.9553247403427545,-0.5803975272797821
483,-0.5333662606741438,0.47943095894999205,-0.14833366504663903,0.05258130694454077,-0.5008549719951607,0.9851422342530987,0.9936981169232064,0.4131092382023917,0.3805662373464972,-0.8405310673483967,0.860239319551336,0.9566687669314438,-0.7968711715439497,-0.860883407834834,-0.671317975492433,-0.9110669708279243,0.9232758834462593,-0.3854247865093583,-0.9553247403427545,-0.5803975272797821
484,-0.5498948143442876,0.4943236753756985,-0.14298270056104068,0.047549154113471125,-0.5009974346023954,0.9771853421914419,0.9929448135455264,0.4957366963260482,0.3296541256296678,-0.9387750636661684,0.8667427021776147,0.9623814417570216,-0.7847002556173613,-0.7153383543318604,-0.690737793593101,-0.8716773071017917,0.9869771832987168,-0.4649848332375964,-0.9688341864994294,-0.5151909130204545
485,-0.5103007916933867,0.4417936326477811,-0.15462531424959017,0.049899870700978066,-0.4972282506650778,0.9025766599124644,0.941330599388729,0.45906049864991644,0.3678954999364804,-0.906046351876576,0.7947718088842008,0.9715772390748023,-0.9144013469039132,-0.7715009955021498,-0.6940919058540571,-0.8300395270171121,0.923006407979458,-0.48538898852324025,-0.9737223889145731,-0.561225661283691
486,-0.5344624753743471,0.48869693042196327,-0.14849656032809577,0.0543562073977351,-0.5052328110654168,0.9545498845507848,0.942901024112134,0.5387654692236702,0.287820716162845,-0.8437599860894605,0.7699719892615233,0.9815265210763915,-0.9324206666704392,-0.8787616262225806,-0.635032164090963,-0.8138655922552281,0.9029714939786053,-0.5382748551999614,-0.9775435029700275,-0.6430457525756194
487,-0.5598922451635256,0.4982263188053748,-0.15124585879187574,0.046159633426957204,-0.49184750405234395,0.8816209598886556,0.9902383093861686,0.6346298456136121,0.32967902084906375,-0.9099238658762269,0.7693757926267896,0.9302953072124556,-0.972143154790457,-0.844924191808705,-0.666369366372232,-0.7179363861630114,0.8663810704929836,-0.5997258334976551,-0.9704098069541767,-0.5869482135286552
488,-0.5429729721433391,0.501442428694112,-0.14930730952447696,0.04767958621596056,-0.5132036600464452,0.8985738555959918,0.9909491508152266,0.7094166368883934,0.21758544192697155,-0.9028609201606864,0.7341813524426458,0.8781517356158235,-0.9775210605155941,-0.9947139772029889,-0.676686727560324,-0.6878677400324089,0.8077828713100504,-0.6411573122838246,-0.9366289964126628,-0.6627063859111323
489,-0.5429729721433391,0.501442428694112,-0.14930730952447696,0.04767958621596056,-0.5132036600464452,0.8985738555959918,0.9909491508152266,0.7094166368883934,0.21758544192697155,-0.9028609201606864,0.7341813524426458,0.8781517356158235,-0.9775210605155941,-0.9947139772029889,-0.676686727560324,-0.6878677400324089,0.8077828713100504,-0.6411573122838246,-0.9366289964126628,-0.6627063859111323
490,-0.5455525787530572,0.4745720709062398,-0.15727211525989282,0.024083555937954283,-0.4909052117012856,0.7594959600078663,0.9994874115713809,0.7352276650030908,0.23758552802883917,-0.9667637247120987,0.68704641154555,0.8771893763362959,-0.9471892120128124,-0.9127873249446327,-0.6565306865642431,-0.5949748073313555,0.8291814896639219,-0.5799950402622077,-0.9546964495874898,-0.5931182213143009
491,-0.5496938361161997,0.503566899600362,-0.15437219580024736,0.04001705924772159,-0.5175466403002138,0.8496012120899373,0.994557625238173,0.755578134610286,0.23059520401287034,-0.9380374735903549,0.6704512631443386,0.8264080957433946,-0.9491143264699169,-0.9650604588477695,-0.5530575005445304,-0.6302511857378393,0.8368773359827492,-0.6064413745641053,-0.9966513039137548,-0.5765235840798996
492,-0.5461410985495171,0.480846281418381,-0.15537264748168272,0.035661448646732846,-0.48194037105916215,0.7860927298045962,0.9993578302519297,0.7481393340616962,0.1934784680867967,-0.9668283813292681,0.5964072998005312,0.874196520519454,-0.9589442839773903,-0.8616881485819395,-0.6129859354831418,-0.6601937676251598,0.8768712609228071,-0.6032599349523944,-0.9920783746872988,-0.5125579113937734
493,-0.5435513057613093,0.488853165162779,-0.15897804681070377,0.04279323771379522,-0.5081338220504958,0.8719187751691583,0.9994730287370555,0.767843642308737,0.2518394617922648,-0.9230098237477841,0.579178760766534,0.808330863288422,-0.9629238119375304,-0.948280640721185,-0.6045784378167905,-0.6269463492548512,0.8357216528985297,-0.6490406811346399,-0.9899856063269362,-0.4877776376043746
494,-0.5409023025478458,0.48527839910684617,-0.15801130404442656,0.032233152843105496,-0.49802845399192835,0.7713701554456551,0.9952333659528366,0.7924591194992292,0.2450449782713078,-0.9932132425134451,0.6143520071942619,0.776637522285121,-0.9587081073724688,-0.9569857807470815,-0.5633572533265295,-0.5714362711480665,0.8400739140103158,-0.5751899808056629,-0.974060470594889,-0.5465058042278027
495,-0.5422017059358765,0.48739220123398075,-0.15630729475559899,0.047194348718937754,-0.5108229959731377,0.7659074153277459,0.9339203608138609,0.7801381515779657,0.2226719196928687,-0.9785815654364225,0.6395133509370772,0.9013781751359744,-0.9625555084958521,-0.9746529370664925,-0.5801607527098895,-0.6694500292001194,0.8692182630248223,-0.5266231169927315,-0.9993267691300642,-0.6251993888167023
496,-0.5489666593380331,0.49433267387466745,-0.15535742483966763,0.024172846074613855,-0.4989458460750804,0.7343238415415616,0.9239618269636188,0.8090635339761827,0.17497689448415912,-0.9362246729886405,0.5991690524756578,0.82880545658984,-0.931445907841123,-0.9078256103238719,-0.5446431632997766,-0.6317706723296939,0.8723586910021776,-0.6081154253933466,-0.9945131951337869,-0.5975054583395897
497,-0.548022855388203,0.49189774523208263,-0.15164435012597982,0.04391339050136253,-0.5055254104322625,0.6642681019282819,0.9707128485620027,0.7131835577552835,0.20513741109308936,-0.9305508431279507,0.6754636805005312,0.8612978614549474,-0.918482324613066,-0.9820839710257463,-0.5773530162806304,-0.7130111665483234,0.9390781959912473,-0.5329701720676233,-0.9965464358974381,-0.6449735809829032
498,-0.5333848724835717,0.48187241294348426,-0.16380100768452321,0.035516464369882664,-0.4985325557453198,0.7146051428494463,0.9754145585008487,0.7611971203467055,0.18651375242089122,-0.9815257836603203,0.7449661902854887,0.8251172757467643,-0.9734538915251828,-0.9688542993706217,-0.491667107852381,-0.7915935279187841,0.9906305969287234,-0.5149992993169747,-0.9908095423163306,-0.5886221187928311
499,-0.5554040577142983,0.48423738684543055,-0.1398417748471987,0.03832216409110783,-0.49213101527458014,0.6714192758534966,0.9492567028525469,0.7553980832029583,0.2453547884967611,-0.9739581761149646,0.7302389161855087,0.8736608550894186,-0.9704538197009743,-0.8604683719335913,-0.5789461103808567,-0.6599018454734991,0.8754873931706114,-0.5666095146130314,-0.998447632943344,-0.6535903524412742
500,-0.5389303973823265,0.5064655991755441,-0.15427475804044916,0.027050224013432184,-0.5074030624674257,0.6949302385970064,0.9720635995556421,0.8008264919731474,0.14744224286342322,-0.9737016634894978,0.7009732917874,0.800758196684948,-0.8990322891391987,-0.839729712914161,-0.5818404739472717,-0.6510651054466597,0.9166342043713787,-0.5828497847515416,-0.9433580879143447,-0.627503324501486
501,-0.5389303973823265,0.5064655991755441,-0.15427475804044916,0.027050224013432184,-0.5074030624674257,0.6949302385970064,0.9720635995556421,0.8008264919731474,0.14744224286342322,-0.9737016634894978,0.7009732917874,0.800758196684948,-0.8990322891391987,-0.839729712914161,-0.5818404739472717,-0.6510651054466597,0.9166342043713787,-0.5828497847515416,-0.9433580879143447,-0.627503324501486
502,-0.5390762635887204,0.474995218827836,-0.14494021711284347,0.035059161758530764,-0.4982933139904257,0.6491980746891154,0.9980324879172817,0.7358566523607859,0.05711768338522092,-0.9806749030970087,0.6831885524713485,0.7439732227259542,-0.862482039590334,-0.8440464501823411,-0.5238661745720095,-0.6734605664055281,0.9674853525635488,-0.5582390010092572,-0.9801276915761559,-0.7045592962257394
503,-0.5390762635887204,0.474995218827836,-0.14494021711284347,0.035059161758530764,-0.4982933139904257,0.6491980746891154,0.9980324879172817,0.7358566523607859,0.05711768338522092,-0.9806749030970087,0.6831885524713485,0.7439732227259542,-0.862482039590334,-0.8440464501823411,-0.5238661745720095,-0.6734605664055281,0.9674853525635488,-0.5582390010092572,-0.9801276915761559,-0.7045592962257394
504,-0.5421275858876187,0.4999021136841657,-0.15358450069245533,0.033946089906900546,-0.495191362636078,0.7683968108254665,0.998201013044477,0.661380082717902,0.12914597833486358,-0.9965381019194646,0.7177132172164269,0.8053128537504807,-0.8590396911051733,-0.8320790997513429,-0.5840598423430661,-0.6899400071140248,0.9530641482502948,-0.5289962253162583,-0.9584972318109174,-0.6504748624561284
505,-0.559403008527577,0.505722430035406,-0.14342349031133578,0.031763136240377444,-0.49668412940869183,0.7969059587094426,0.999174966106534,0.6476415364617227,0.19493109027166064,-0.8943012874561705,0.7748929622302477,0.767680244721832,-0.9500289710114187,-0.7016899619073667,-0.5708269703128911,-0.6914254404409091,0.9521173167740735,-0.6633310419515476,-0.9631688956031454,-0.6750109246862476
506,-0.559403008527577,0.505722430035406,-0.14342349031133578,0.031763136240377444,-0.49668412940869183,0.7969059587094426,0.999174966106534,0.6476415364617227,0.19493109027166064,-0.8943012874561705,0.7748929622302477,0.767680244721832,-0.9500289710114187,-0.7016899619073667,-0.5708269703128911,-0.6914254404409091,0.9521173167740735,-0.6633310419515476,-0.9631688956031454,-0.6750109246862476
507,-0.559403008527577,0.505722430035406,-0.14342349031133578,0.031763136240377444,-0.49668412940869183,0.7969059587094426,0.999174966106534,0.6476415364617227,0.19493109027166064,-0.8943012874561705,0.7748929622302477,0.767680244721832,-0.9500289710114187,-0.7016899619073667,-0.5708269703128911,-0.6914254404409091,0.9521173167740735,-0.6633310419515476,-0.9631688956031454,-0.6750109246862476
508,-0.559403008527577,0.505722430035406,-0.14342349031133578,0.031763136240377444,-0.49668412940869183,0.7969059587094426,0.999174966106534,0.6476415364617227,0.19493109027166064,-0.8943012874561705,0.7748929622302477,0.767680244721832,-0.9500289710114187,-0.7016899619073667,-0.5708269703128911,-0.6914254404409091,0.9521173167740735,-0.6633310419515476,-0.9631688956031454,-0.6750109246862476
509,-0.5292335151677056,0.4653591804609844,-0.1465687257263651,0.025434337346202398,-0.4918756762493633,0.7858622465245104,0.9881205137376539,0.5217249192316278,0.16844138294390318,-0.9499539907559797,0.7818450869128292,0.7988820803302886,-0.8807359730593788,-0.6410460856854949,-0.6409923567483101,-0.6567828539430179,0.9019625752592199,-0.6546534121041655,-0.9970812931242521,-0.7414551322756796
510,-0.5292335151677056,0.4653591804609844,-0.1465687257263651,0.025434337346202398,-0.4918756762493633,0.7858622465245104,0.9881205137376539,0.5217249192316278,0.16844138294390318,-0.9499539907559797,0.7818450869128292,0.7988820803302886,-0.8807359730593788,-0.6410460856854949,-0.6409923567483101,-0.6567828539430179,0.9019625752592199,-0.6546534121041655,-0.9970812931242521,-0.7414551322756796
511,-0.5292335151677056,0.4653591804609844,-0.1465687257263651,0.025434337346202398,-0.4918756762493633,0.7858622465245104,0.9881205137376539,0.5217249192316278,0.16844138294390318,-0.9499539907559797,0.7818450869128292,0.7988820803302886,-0.8807359730593788,-0.6410460856854949,-0.6409923567483101,-0.6567828539430179,0.9019625752592199,-0.6546534121041655,-0.9970812931242521,-0.7414551322756796
512,-0.5502282750342214,0.4911008884613459,-0.1297952427612876,0.025372318330072023,-0.4944164631238217,0.8269475737631963,0.9705245015023294,0.6654769847717557,0.1665144724146724,-0.9588095367122005,0.77953458652411,0.8072613537926463,-0.9634485574367347,-0.5944635594491681,-0.6130571227670639,-0.6295160687664191,0.8624063997912396,-0.6932926707420097,-0.9791337944333691,-0.7194401900549007
513,-0.5502282750342214,0.4911008884613459,-0.1297952427612876,0.025372318330072023,-0.4944164631238217,0.8269475737631963,0.9705245015023294,0.6654769847717557,0.1665144724146724,-0.9588095367122005,0.77953458652411,0.8072613537926463,-0.9634485574367347,-0.5944635594491681,-0.6130571227670639,-0.6295160687664191,0.8624063997912396,-0.6932926707420097,-0.9791337944333691,-0.7194401900549007
514,-0.5566117769854301,0.5041573098562812,-0.14420130521592486,0.01712841201952996,-0.466488941233797,0.8647358069326515,0.9556937016228126,0.7243219223570577,0.25270538180102425,-0.9655550877480246,0.9291773416270793,0.8802243110932065,-0.9540875593815024,-0.6135264349629693,-0.653058388815398,-0.6450928038346456,0.8901688498856335,-0.655307694223194,-0.9281875398075504,-0.7481572490322155
515,-0.5455299592195456,0.48541253953722596,-0.12917609310095415,0.04891280092797311,-0.49874069400014975,0.8818317384288314,0.8370836316109829,0.7267136072168788,0.2845444773430611,-0.9731542264844653,0.9025641060018783,0.870177926403259,-0.9698538996532307,-0.5892549729260838,-0.5708350569876584,-0.7032220243730626,0.8124308612047959,-0.5351070168154317,-0.9061936798768551,-0.6342335449455173
516,-0.5229052077151778,0.49256743934791714,-0.15648145187043186,0.025036688652061857,-0.5040462261293557,0.8485666802849949,0.9951466527327217,0.7480548901675149,0.2374737036942636,-0.9940952776659313,0.9702575333158805,0.8467424996731345,-0.9806286175939098,-0.539043470258694,-0.5090178369856281,-0.7043215886490056,0.9508638214263637,-0.5455677961580635,-0.9297505869069703,-0.727899352510591
517,-0.5626624462854478,0.48285262322301853,-0.13805876710437687,0.026062366534032346,-0.49413747512745465,0.6795504516503938,0.993823892841279,0.7765802676511202,0.25182165743745427,-0.9469857571332725,0.8784634573509106,0.8340479183272661,-0.9557301336519882,-0.5665293491798965,-0.49693185448135113,-0.6499002290898017,0.9359399169595763,-0.5695536891542445,-0.9245132237893285,-0.6970276703211772
518,-0.5626624462854478,0.48285262322301853,-0.13805876710437687,0.026062366534032346,-0.49413747512745465,0.6795504516503938,0.993823892841279,0.7765802676511202,0.25182165743745427,-0.9469857571332725,0.8784634573509106,0.8340479183272661,-0.9557301336519882,-0.5665293491798965,-0.49693185448135113,-0.6499002290898017,0.9359399169595763,-0.5695536891542445,-0.9245132237893285,-0.6970276703211772
519,-0.5434918182614811,0.4988686466724345,-0.14843746516183004,0.018008904570603338,-0.4930275537608179,0.8661835232293893,0.9946759510242883,0.8349782406010731,0.31796041081538867,-0.9366102356731971,0.8963017547517775,0.7614368906441856,-0.9709846664919912,-0.5518399357604328,-0.46148579019151076,-0.6021708876878883,0.8757469928086564,-0.5815531522942405,-0.912966055794931,-0.620712047129949
520,-0.5434918182614811,0.4988686466724345,-0.14843746516183004,0.018008904570603338,-0.4930275537608179,0.8661835232293893,0.9946759510242883,0.8349782406010731,0.31796041081538867,-0.9366102356731971,0.8963017547517775,0.7614368906441856,-0.9709846664919912,-0.5518399357604328,-0.46148579019151076,-0.6021708876878883,0.8757469928086564,-0.5815531522942405,-0.912966055794931,-0.620712047129949
521,-0.5537426567061218,0.4873782462361173,-0.13995071141111665,0.02477715764578822,-0.5043640418293118,0.898627636765142,0.9938010902362763,0.8547224999218979,0.3774872641865791,-0.9854298877805815,0.9357444944744125,0.8749819230008002,-0.9512045652710023,-0.5069610850118893,-0.4165239840313563,-0.6075415449785272,0.8531545202867459,-0.5066797461345316,-0.9641792189458008,-0.6173646537992351
522,-0.5415032529133915,0.5015387149316197,-0.14892694148117766,0.03404950880074303,-0.5034489485630977,0.9639882893993709,0.984818178671189,0.751682590002389,0.4769956586936772,-0.9741200260459483,0.9403854398479741,0.7635614806544692,-0.9559585257867645,-0.47936798912118644,-0.4199808760797035,-0.6606059185360271,0.805235593388993,-0.4407450015493965,-0.9616157105355856,-0.5707290601016501
523,-0.5265737659792941,0.4555706750291971,-0.14688677336092387,0.037018480460922494,-0.4951061215168478,0.9272491425945208,0.9376741462632746,0.7088996636063631,0.42602524996518215,-0.9957669996232497,0.8150897538613814,0.8008593238937486,-0.9022426628177505,-0.6048917798233152,-0.5323761225169321,-0.5704978488075932,0.8309920683593635,-0.527021765851271,-0.9886467263911906,-0.4910653750489914
524,-0.5545716577676052,0.4862087011454918,-0.13191891201238803,0.03608026412432225,-0.46746356762222196,0.9363341949031537,0.9112176950336128,0.7400770805150757,0.3604836854926246,-0.9173531184366982,0.7339891125945429,0.8806181432245346,-0.8758956512940469,-0.649914433645274,-0.6259332981293688,-0.6232798547810877,0.823625654310456,-0.6086507537766859,-0.9673242384803827,-0.4831544020967155
525,-0.5389026809580515,0.4579654697917372,-0.13129600898375146,0.02839124888435093,-0.4568112727966991,0.8941447849662453,0.8240027649909702,0.5806667139883959,0.398745391152067,-0.9415146566836534,0.7350213867901713,0.8537630943284819,-0.9954610282815974,-0.6211690140470069,-0.6042049713035383,-0.6457786695249451,0.8176310539539973,-0.5992189497146584,-0.9796975026782619,-0.4833902302359759
526,-0.5690213588358435,0.5129306857056326,-0.13701779593246455,0.03370704383578126,-0.46693841868735225,0.9622472648714642,0.9307259466227671,0.5926629157371349,0.32140515599949077,-0.9969409289168343,0.7154225292408797,0.7902951364770433,-0.9651701370955379,-0.6015350929086594,-0.628935943761422,-0.6048942692086547,0.8136655710924026,-0.6538457439472681,-0.9770510190499448,-0.4883392939712438
527,-0.5357301247179652,0.46546003310285633,-0.138064054709636,0.03610609251663155,-0.4855185747794036,0.9701743173974579,0.9552826050520739,0.7269215972965448,0.3295443260296073,-0.965318274227783,0.6959815803593963,0.7003648707019609,-0.9729583457956167,-0.5867091843432597,-0.4829287822512338,-0.5484106653325337,0.7806404263404776,-0.5931516192087407,-0.9944839403850154,-0.5334048687655949
528,-0.5744091362912214,0.5154808345819881,-0.13738544832035407,0.022683933982469325,-0.4777660457522592,0.97826794392226,0.9323877195188622,0.6316861922007059,0.3831742246084296,-0.932606041266463,0.6885233608038667,0.7043225968631976,-0.8884926626232651,-0.6736903846811136,-0.5089220310623412,-0.5749660053485487,0.6972646769164148,-0.5792325959762769,-0.9980229206093418,-0.5091589800538304
529,-0.5744091362912214,0.5154808345819881,-0.13738544832035407,0.022683933982469325,-0.4777660457522592,0.97826794392226,0.9323877195188622,0.6316861922007059,0.3831742246084296,-0.932606041266463,0.6885233608038667,0.7043225968631976,-0.8884926626232651,-0.6736903846811136,-0.5089220310623412,-0.5749660053485487,0.6972646769164148,-0.5792325959762769,-0.9980229206093418,-0.5091589800538304
530,-0.5744091362912214,0.5154808345819881,-0.13738544832035407,0.022683933982469325,-0.4777660457522592,0.97826794392226,0.9323877195188622,0.6316861922007059,0.3831742246084296,-0.932606041266463,0.6885233608038667,0.7043225968631976,-0.8884926626232651,-0.6736903846811136,-0.5089220310623412,-0.5749660053485487,0.6972646769164148,-0.5792325959762769,-0.9980229206093418,-0.5091589800538304
531,-0.5488057981015172,0.4649758751564255,-0.13193808538046567,0.019933729626470616,-0.47992055710238224,0.9306405866515419,0.9675822719730057,0.6325825274925705,0.3639899910499017,-0.9226598750934298,0.6087921088638117,0.7445789368897495,-0.8677217227050043,-0.6018485127462818,-0.5532427147234114,-0.5980334638178935,0.821924065409006,-0.5389174391776244,-0.9711347869608165,-0.4674691653551225
532,-0.5656232718435512,0.5021811809991443,-0.145174755430162,0.01992935831320422,-0.48105412328564917,0.9922545045943179,0.9964689188331979,0.5090776775655621,0.2719327955579679,-0.9966052384543485,0.6462588107854739,0.6263674853298702,-0.7923672930730024,-0.5574282130496865,-0.5817855973507424,-0.6768572083658284,0.9199647773263828,-0.6343295032058565,-0.987917135833829,-0.3855319250101092
533,-0.5606521190666163,0.4812059390921229,-0.14209949919287568,0.025285824980605713,-0.49685451489438237,0.9681513560457918,0.9623920227845465,0.5996534096669984,0.2182727894795669,-0.9792438924267693,0.7457279961445079,0.6507637158472488,-0.9617752493759011,-0.7537138147132096,-0.4601964298867894,-0.7374150898476395,0.977556875964143,-0.6673846134266922,-0.9866982600962514,-0.4840781926953925
534,-0.5449362388788934,0.48853505912843026,-0.1529770969845635,0.015786659120370118,-0.49009830676341,0.8242098992988489,0.9649710313019622,0.6131003096313221,0.30650181063950355,-0.8805818820950754,0.6685472266957698,0.646029114444403,-0.8811296709784758,-0.5968148314064,-0.4066015391287597,-0.7119587380372825,0.9582225705785631,-0.503785645268737,-0.9884169989707143,-0.4656494915259298
535,-0.5510643487832991,0.4875200976143163,-0.15627236343022682,0.02500060608724257,-0.5075937201907508,0.8705716475852351,0.9769900306131543,0.724343305097118,0.31040897068235396,-0.9410473585281788,0.7307801904738933,0.5871621017605524,-0.9546506997359907,-0.7601284996286077,-0.4006077519145505,-0.7288143535119032,0.9526295781526725,-0.5101649534687936,-0.9501158296014233,-0.4543995366387055
536,-0.5681274296598993,0.5040106123702603,-0.15058363782155057,0.023130414920805253,-0.49904629625262203,0.8223850940867199,0.9348275170657103,0.7288041319866713,0.25878783355742246,-0.9692273472407138,0.641682118516048,0.6831938709413338,-0.7872805454164418,-0.6075099162594071,-0.37525541528446865,-0.6832273113125498,0.9999244083844794,-0.4459965446858989,-0.9583689465179662,-0.3887167500839043
537,-0.5494441684487981,0.48344405293063825,-0.1413236178565896,0.01931367702261564,-0.4966753454822399,0.7755986869659748,0.9711628557874374,0.6692047591065959,0.2708772879301788,-0.9369874163733586,0.72193090082181,0.6227835357309023,-0.9267722726689395,-0.7253740730692596,-0.43784648648625374,-0.697495244886523,0.9465220474012969,-0.5049682201851255,-0.968551406081164,-0.5532617916412018
538,-0.5494441684487981,0.48344405293063825,-0.1413236178565896,0.01931367702261564,-0.4966753454822399,0.7755986869659748,0.9711628557874374,0.6692047591065959,0.2708772879301788,-0.9369874163733586,0.72193090082181,0.6227835357309023,-0.9267722726689395,-0.7253740730692596,-0.43784648648625374,-0.697495244886523,0.9465220474012969,-0.5049682201851255,-0.968551406081164,-0.5532617916412018
539,-0.5494441684487981,0.48344405293063825,-0.1413236178565896,0.01931367702261564,-0.4966753454822399,0.7755986869659748,0.9711628557874374,0.6692047591065959,0.2708772879301788,-0.9369874163733586,0.72193090082181,0.6227835357309023,-0.9267722726689395,-0.7253740730692596,-0.43784648648625374,-0.697495244886523,0.9465220474012969,-0.5049682201851255,-0.968551406081164,-0.5532617916412018
540,-0.5384688592683207,0.48463022126266336,-0.1491775130278585,0.010566546075289427,-0.48539212327681525,0.6723864864699207,0.9943636128407585,0.6667310275922095,0.16209486844345428,-0.9514423566665144,0.578357009019303,0.6632062032985305,-0.9868632697745221,-0.7186837200787498,-0.4923774535408119,-0.7595703050884929,0.9798447806730214,-0.5379783401073033,-0.9284675832882201,-0.443422006233855
541,-0.5384688592683207,0.48463022126266336,-0.1491775130278585,0.010566546075289427,-0.48539212327681525,0.6723864864699207,0.9943636128407585,0.6667310275922095,0.16209486844345428,-0.9514423566665144,0.578357009019303,0.6632062032985305,-0.9868632697745221,-0.7186837200787498,-0.4923774535408119,-0.7595703050884929,0.9798447806730214,-0.5379783401073033,-0.9284675832882201,-0.443422006233855
542,-0.5384688592683207,0.48463022126266336,-0.1491775130278585,0.010566546075289427,-0.48539212327681525,0.6723864864699207,0.9943636128407585,0.6667310275922095,0.16209486844345428,-0.9514423566665144,0.578357009019303,0.6632062032985305,-0.9868632697745221,-0.7186837200787498,-0.4923774535408119,-0.7595703050884929,0.9798447806730214,-0.5379783401073033,-0.9284675832882201,-0.443422006233855
543,-0.5396005353303024,0.47026774491475937,-0.14502615613916914,0.013775222952321187,-0.49055649260200884,0.6325640294527409,0.9997185565428187,0.7995501356560616,0.1784667164030643,-0.8620886669456416,0.5620013616725268,0.7432296181013273,-0.9835323137425444,-0.7854854790345395,-0.46250061888220145,-0.6775353142344568,0.9889388658238369,-0.6169678536944436,-0.9915826957061334,-0.4933624752086549
544,-0.5396005353303024,0.47026774491475937,-0.14502615613916914,0.013775222952321187,-0.49055649260200884,0.6325640294527409,0.9997185565428187,0.7995501356560616,0.1784667164030643,-0.8620886669456416,0.5620013616725268,0.7432296181013273,-0.9835323137425444,-0.7854854790345395,-0.46250061888220145,-0.6775353142344568,0.9889388658238369,-0.6169678536944436,-0.9915826957061334,-0.4933624752086549
545,-0.5582508634646888,0.4983977635468075,-0.14654560627818128,0.015575214901137325,-0.49036715273676384,0.7124056471277572,0.9907254055785524,0.7385924852276023,0.20608757895446805,-0.8399383625269592,0.5871066042164286,0.7793341854954591,-0.9912278087271026,-0.8013376525913164,-0.5662515636323625,-0.746778774720608,0.9700074080623533,-0.6542459498509703,-0.9689143206784128,-0.44239159594525157
546,-0.5493649084277253,0.49488125807808886,-0.14938296966841133,0.022471293318022455,-0.49692574968229464,0.7560329731445063,0.9995426244364372,0.6872579619657951,0.17310440509652358,-0.9894750935899992,0.6713849466677002,0.7689343134773625,-0.997844954190817,-0.7997533600577555,-0.5606090759480997,-0.6569158310287955,0.9744999577794606,-0.7107750177944934,-0.9551790952203024,-0.47567352504865834
547,-0.5493649084277253,0.49488125807808886,-0.14938296966841133,0.022471293318022455,-0.49692574968229464,0.7560329731445063,0.9995426244364372,0.6872579619657951,0.17310440509652358,-0.9894750935899992,0.6713849466677002,0.7689343134773625,-0.997844954190817,-0.7997533600577555,-0.5606090759480997,-0.6569158310287955,0.9744999577794606,-0.7107750177944934,-0.9551790952203024,-0.47567352504865834
548,-0.5493649084277253,0.49488125807808886,-0.14938296966841133,0.022471293318022455,-0.49692574968229464,0.7560329731445063,0.9995426244364372,0.6872579619657951,0.17310440509652358,-0.9894750935899992,0.6713849466677002,0.7689343134773625,-0.997844954190817,-0.7997533600577555,-0.5606090759480997,-0.6569158310287955,0.9744999577794606,-0.7107750177944934,-0.9551790952203024,-0.47567352504865834
549,-0.5448286516869132,0.49339908927667875,-0.15045660329511534,0.031345041491242835,-0.5034932344465424,0.877519908564809,0.9375609722725737,0.6332025310935694,0.2786377854636811,-0.9607253932909041,0.5681915901474789,0.6604728185357603,-0.9339667472123707,-0.8046901527331364,-0.5829339919742524,-0.7166406133371792,0.9519783165163166,-0.6266617370981952,-0.9654788291670916,-0.3683257600004031
550,-0.5309730531629664,0.4845407059496306,-0.15189800208875506,0.031027766645200384,-0.49673182833381896,0.8445765797441213,0.9394845087785716,0.5177985146651686,0.1952869375353695,-0.9669556380440743,0.6057218254386021,0.6473903374223897,-0.8810844245848697,-0.8596245731121033,-0.5115475648043227,-0.7081777294089492,0.9664064942507689,-0.5934445233516527,-0.9593247037440593,-0.4058548372633532
551,-0.5528812837796128,0.5027765590371442,-0.14032498169972235,0.027116685388099183,-0.4909852118276209,0.7554641816464006,0.8371776504302153,0.6992287673151688,0.2498946299219843,-0.9532494354733123,0.6843290300301469,0.7254409220330106,-0.8820666548454993,-0.8144947642011227,-0.6139588227936685,-0.6799343887029122,0.8576447522582807,-0.6078815067146665,-0.9664193945315266,-0.6177712236765017
552,-0.5606974903012909,0.4883007976150841,-0.13533289570371002,0.018105638570189167,-0.4842838500023236,0.8097754222840742,0.9761739371562055,0.6352594614243827,0.16324898911484254,-0.9922096961528228,0.7027205906632279,0.6884605146253009,-0.8388402899460896,-0.7147541414820492,-0.5039592837843544,-0.5527193352843455,0.8928464241183912,-0.6290524722955347,-0.9689781267816678,-0.6343182465850862
553,-0.5431717326383827,0.48752570189819733,-0.13955386341517237,0.02207848878551076,-0.48291648829094547,0.8858638995015075,0.9862337823436624,0.631713215653718,0.12076629542806497,-0.9714233458281685,0.7324968326865537,0.6240138303465267,-0.8642137994290039,-0.6335681621796317,-0.5855399072430945,-0.5951617661455096,0.8410216206563704,-0.6664347907840948,-0.9593011822848433,-0.7255440358941497
554,-0.5496009568100149,0.48451327758808527,-0.13279585605264804,0.02848615304311209,-0.4794704306575579,0.8993730810332452,0.9631356785573797,0.5001363229234119,0.2238809524738852,-0.9395361630565797,0.7548529440900584,0.6034930149802739,-0.7396155263267588,-0.6063824814568856,-0.5469004400550073,-0.5274085932477143,0.8650618020412703,-0.7199718874432668,-0.9936144840518544,-0.6609489757193333
555,-0.54602845029781,0.5084554108341386,-0.14311967072204776,0.01937388148478196,-0.4910559787344978,0.7598791819291196,0.9468123224610621,0.642743763946009,0.3450724862479485,-0.8158081411597111,0.7875097618475708,0.5869976464261399,-0.7510469996059396,-0.5527093113018834,-0.5202653214243348,-0.5461852471074219,0.8437496729063637,-0.6275302699118356,-0.9897772406389199,-0.7269433522074472
556,-0.5506982584333014,0.4775436939039048,-0.12974492660136477,0.016023161539561154,-0.48263002718295256,0.8853931528002694,0.9801229012740638,0.6972056133986462,0.27865994412821643,-0.8223262030392283,0.7140281218544617,0.6086057582060641,-0.7796710016855994,-0.4287274290028153,-0.4514164711384278,-0.41483590634323847,0.7652729591162716,-0.7075164770858806,-0.9942219235205209,-0.6845141263966676
557,-0.55281650968797,0.4918315731502324,-0.12678426818375096,-0.0005421218528514314,-0.4743161763576942,0.8801575139808991,0.9843068556870052,0.7523670098833997,0.2072652725073496,-0.9616532782518485,0.7962839876499364,0.49998309802343366,-0.7202302091687265,-0.30635769773809957,-0.48088326136196063,-0.39736500151063936,0.7732796725907942,-0.7204925891128351,-0.9970189976876136,-0.6481559242953525
558,-0.563970306241948,0.49387566077106665,-0.1252214500380824,0.017641711682404915,-0.4941215449620593,0.9825748994508076,0.9960538562697115,0.7852134726843404,0.23648526236900708,-0.9389450288958479,0.6787721131148582,0.5580481101284908,-0.7803667787141619,-0.2512310073397659,-0.41233852388692016,-0.3776195211454251,0.7257067473054224,-0.7274417713708988,-0.9923926226887043,-0.573588502491755
559,-0.563970306241948,0.49387566077106665,-0.1252214500380824,0.017641711682404915,-0.4941215449620593,0.9825748994508076,0.9960538562697115,0.7852134726843404,0.23648526236900708,-0.9389450288958479,0.6787721131148582,0.5580481101284908,-0.7803667787141619,-0.2512310073397659,-0.41233852388692016,-0.3776195211454251,0.7257067473054224,-0.7274417713708988,-0.9923926226887043,-0.573588502491755
560,-0.5649268379933208,0.5091501024234325,-0.13410182729911857,-0.0002879931250787983,-0.47645887040597623,0.996529542904021,0.9963045835635564,0.7937182286572325,0.33365894659516016,-0.9637372612343322,0.6104392039098608,0.3756203049639649,-0.7244440618675434,-0.19374503795191877,-0.400537016479951,-0.3040316547543925,0.7533718199743668,-0.7419401666457346,-0.9982525573227239,-0.42989531580743984
561,-0.5767289782506353,0.48339125073070155,-0.13108198806092614,0.011926356299787784,-0.48028351322492474,0.9978383055601869,0.9625819125802627,0.8110804634508159,0.38220246299837446,-0.989539358349485,0.5986366311895043,0.3462585776448932,-0.7663801119109434,-0.3318991963158999,-0.3729933374140408,-0.253154402491274,0.7145245096851752,-0.7574415634196439,-0.9974700900803196,-0.38199098148421956
562,-0.5534384552575364,0.4868084768673807,-0.1435163999812692,0.0017132306126559369,-0.4752378019453749,0.9424579986203744,0.9605818516564436,0.8557408494120622,0.2751397003885697,-0.9955592285204764,0.48951585397514424,0.2541858111506277,-0.8051057782119402,-0.3545462221984704,-0.3709088418063447,-0.2743146924270918,0.7156068954291769,-0.7702206303039325,-0.9559294443494427,-0.3631455188152924
563,-0.580413904528859,0.5085558066619665,-0.1391123018487123,0.008509933610535945,-0.49565820789056775,0.9775332907968883,0.941082966269132,0.8105246979688483,0.3132457493891606,-0.9750004134826503,0.5004638916948178,0.3754874212783061,-0.8523281265235005,-0.35037935582511615,-0.3882568528362911,-0.33355381405697465,0.7398786134617548,-0.8053670441350606,-0.9889997881105345,-0.32017253144492636
564,-0.5501585752194098,0.4798946477387877,-0.1431853804940338,0.009718446381278736,-0.46692883841200905,0.9504037938517519,0.9921676761668996,0.7942833893137663,0.37284960512070336,-0.9797764788329794,0.44878506860551626,0.33580484116386167,-0.9462882352872156,-0.42803662451080954,-0.33650857887080243,-0.3448847018260897,0.6745062643667608,-0.7102124653757531,-0.9913769785445136,-0.2933471171161379
565,-0.5797719998726426,0.5108720491971238,-0.1429489636739355,0.021025618984292043,-0.4926093077143265,0.9663232504175845,0.9935500151403991,0.803460323929663,0.4281693611533935,-0.9893890106090739,0.4692941160065928,0.33092235742665455,-0.9671275917757557,-0.6110685372398473,-0.2932910554096442,-0.3902757043276305,0.7247906546867684,-0.6301813623612081,-0.9985856585435657,-0.2751866861571278
566,-0.5584688737111625,0.5014792120776765,-0.14323721364053094,0.01462897506053687,-0.480364766110324,0.9498176940937901,0.940244817548192,0.909855456570698,0.46717523051358456,-0.9644869327288439,0.5170934717183746,0.29461880215459285,-0.9058273595867466,-0.5949292418522695,-0.2657649551466292,-0.36671810103775243,0.7275767086099649,-0.6732304666176676,-0.9893281693088607,-0.25492088946234065
567,-0.5584688737111625,0.5014792120776765,-0.14323721364053094,0.01462897506053687,-0.480364766110324,0.9498176940937901,0.940244817548192,0.909855456570698,0.46717523051358456,-0.9644869327288439,0.5170934717183746,0.29461880215459285,-0.9058273595867466,-0.5949292418522695,-0.2657649551466292,-0.36671810103775243,0.7275767086099649,-0.6732304666176676,-0.9893281693088607,-0.25492088946234065
568,-0.5818754179688205,0.49617899608528376,-0.13082289910408204,0.021275605590577222,-0.47545245079062626,0.9993987419481617,0.9064038225250242,0.8641266790175055,0.5058218793519207,-0.9729747591151738,0.42457478296829476,0.31403530159212634,-0.8533119936525286,-0.5951076500315603,-0.2653665611901808,-0.3443643544767386,0.7283700812964665,-0.6662637593724865,-0.9897845596612093,-0.15409924666382374
569,-0.5635789108217777,0.48573386125093393,-0.14061379843566071,0.02043531040461498,-0.47034042973516943,0.9914642429192478,0.9713024782205536,0.9453981675119223,0.4702777654611461,-0.9892583441259998,0.4916357969889095,0.43506478200576204,-0.829158661534948,-0.5322176038236408,-0.3496494040122525,-0.3727842415185649,0.7479041834668291,-0.6098163032366699,-0.9742853049470493,-0.19381602819406943
570,-0.5782087856438658,0.5016299082290535,-0.13799984842814372,0.01209223701005592,-0.47544215582006055,0.8979433839598858,0.9661485404970076,0.9344420042742128,0.511155676660917,-0.9454234445745543,0.5320819843159245,0.46021368297750326,-0.8641748115359302,-0.4967388248924764,-0.35204176242522783,-0.2834620353244552,0.7016156919373496,-0.7003964491659587,-0.9770754806649626,-0.21243316214979335
571,-0.579015463068681,0.5105080317840102,-0.14173950405691474,0.011959113242026104,-0.4843427834979163,0.9415767942854768,0.9590761272130266,0.9782559437597328,0.5297106658936314,-0.8906852175621717,0.5076116604244111,0.3393147626511773,-0.8605328873421492,-0.5224603100847864,-0.3165831949224791,-0.28580950257813553,0.7174860259749346,-0.7987404197516075,-0.9967234376307477,-0.20370405553470106
572,-0.579015463068681,0.5105080317840102,-0.14173950405691474,0.011959113242026104,-0.4843427834979163,0.9415767942854768,0.9590761272130266,0.9782559437597328,0.5297106658936314,-0.8906852175621717,0.5076116604244111,0.3393147626511773,-0.8605328873421492,-0.5224603100847864,-0.3165831949224791,-0.28580950257813553,0.7174860259749346,-0.7987404197516075,-0.9967234376307477,-0.20370405553470106
573,-0.5594597019632677,0.49046053401314,-0.13925311037076538,0.015428913585642247,-0.47034910370973343,0.9592319734282362,0.9745063755558526,0.9287331119502386,0.5596419288032991,-0.8911082632326578,0.4701089029062319,0.3937526772992531,-0.807263537629228,-0.48138632490487476,-0.3321088240040258,-0.2959321997264625,0.7101797058914288,-0.7015517612664854,-0.9709944069600255,-0.1612854443818317
574,-0.5594597019632677,0.49046053401314,-0.13925311037076538,0.015428913585642247,-0.47034910370973343,0.9592319734282362,0.9745063755558526,0.9287331119502386,0.5596419288032991,-0.8911082632326578,0.4701089029062319,0.3937526772992531,-0.807263537629228,-0.48138632490487476,-0.3321088240040258,-0.2959321997264625,0.7101797058914288,-0.7015517612664854,-0.9709944069600255,-0.1612854443818317
575,-0.5704352615132302,0.48697688939762346,-0.13503055923549567,0.025498365910946206,-0.4845365664944367,0.9967713673711918,0.9866652515740909,0.9950461697170765,0.554062023271334,-0.974174086632418,0.5529076512298674,0.45457998770445823,-0.6772773054035404,-0.5589600415630653,-0.3510325767359417,-0.3294483250540747,0.7515501343471725,-0.6249154043326,-0.9886029304369125,-0.19262631298548386
576,-0.5576259733533752,0.4854435096614841,-0.13953759489800807,0.028028432668413476,-0.47475276791911936,0.9314306101185758,0.9361635852232469,0.9942252730634197,0.5174539881390019,-0.9690373170822351,0.523843482268617,0.515611033220652,-0.6664348911491415,-0.5606415571612995,-0.2696446916437715,-0.328875012343475,0.8047945602789403,-0.5520903069013449,-0.9706320035329807,-0.15001019713114055
577,-0.5831081181705384,0.5146896076520941,-0.1293444560100425,0.027330671062563417,-0.47996575344402326,0.9862100402818249,0.9440224683034336,0.9977404654900185,0.6061647356747295,-0.9054630983522699,0.5401511882855069,0.5150083012403301,-0.5696034300536786,-0.48200491087895503,-0.3057947938593206,-0.3134613938648084,0.7667396545026097,-0.5163935143952765,-0.9800917254476476,-0.14380632775263488
578,-0.5484850470360421,0.4628709881070709,-0.13845178854821066,0.029721692455958723,-0.46815660254998065,0.9839105678636823,0.9560226364155413,0.8968784656539317,0.5453744333779917,-0.9692429078484329,0.5427044686770545,0.4652322786147406,-0.6498073693722963,-0.41707480467827157,-0.3609659446943789,-0.3169378977592664,0.7038739347671185,-0.41199348961758103,-0.9728568252678212,-0.2832588679686705
579,-0.5964359417087619,0.5130267458017116,-0.13169415824958688,0.0226818426603647,-0.4670935046759552,0.9852952459172575,0.8685358236457604,0.879925651300449,0.5717229418765386,-0.930138458707948,0.5899545345509332,0.483798752175439,-0.7063666984786485,-0.3855464867228679,-0.3003417616984517,-0.3630174382168684,0.7179436225285623,-0.5167950253167445,-0.9986012206423975,-0.2584761945595478
580,-0.5522907072352775,0.46682463200186936,-0.1263359835536056,0.019062161812406442,-0.47194693308937147,0.9556641059608938,0.9947521678623761,0.8570731584741341,0.5662714736850775,-0.9141665495263126,0.6204876219668619,0.580683265883923,-0.6144794543362945,-0.31793921492643384,-0.3297433896386494,-0.3404303628060772,0.7751055667989619,-0.5479981338682413,-0.997853156766921,-0.2732392780425895
581,-0.5930043819110744,0.5240168644763981,-0.14195757466963257,0.020541115765801456,-0.4758361473528931,0.9634967317171304,0.9980543321470521,0.9610092411508112,0.5467143125908192,-0.812684472477582,0.624172934961925,0.4825643099976538,-0.6760513023700522,-0.42548271311069036,-0.3103022059082426,-0.3644233911685364,0.7204652592889486,-0.5881177764747734,-0.9948963669611672,-0.37426561733182984
582,-0.5421340359898954,0.4597519173879129,-0.12584635984243372,0.03414804726698858,-0.5024911239587904,0.9579436112431566,0.9901373733326405,0.8969076325565503,0.5429237087956668,-0.993014908661662,0.6287520048254857,0.4838319965422553,-0.7211604284761419,-0.42704647495465553,-0.3586583399632365,-0.25776445305471957,0.7088547039700659,-0.5989485007934683,-0.9829197525441993,-0.31455006342772085
583,-0.5929609299742241,0.5318385726563721,-0.14834575104370126,0.02741284539584623,-0.48092580869013685,0.9924059895587254,0.9968533876606509,0.8883516283507892,0.45298670591510515,-0.8755955840643859,0.631716741777545,0.4505443026768513,-0.6584512302711993,-0.4930345125833712,-0.2905113874063815,-0.40293974101252483,0.8268558816996162,-0.603307237107815,-0.9547151451350181,-0.2934145513674752
584,-0.5398576547429097,0.46578525188687164,-0.13638458450006827,0.04038671758992635,-0.49160723897125475,0.9737984745806918,0.9960818550463453,0.9337830083922793,0.48341407397859937,-0.961119122332704,0.6995580729730708,0.40454053995526884,-0.7569951226948815,-0.5806686798344417,-0.4117938237347296,-0.4349260557741456,0.823849520645729,-0.602862273080201,-0.8854852378174073,-0.2983440474118744
585,-0.5398576547429097,0.46578525188687164,-0.13638458450006827,0.04038671758992635,-0.49160723897125475,0.9737984745806918,0.9960818550463453,0.9337830083922793,0.48341407397859937,-0.961119122332704,0.6995580729730708,0.40454053995526884,-0.7569951226948815,-0.5806686798344417,-0.4117938237347296,-0.4349260557741456,0.823849520645729,-0.602862273080201,-0.8854852378174073,-0.2983440474118744
586,-0.597102922972965,0.5360730408071289,-0.13973832544703715,0.025471913375804216,-0.473754479340819,0.9065233289876343,0.9972755559141904,0.8368802969508871,0.5698383928692003,-0.9523609706208047,0.7648322435913403,0.41512185738445695,-0.7243291508815669,-0.5838344200904823,-0.49714533999585886,-0.4252969948509933,0.8868584858051066,-0.6256770762042442,-0.7776975600444099,-0.20606088369825626
587,-0.547809020417245,0.4655931940674691,-0.1367757810547447,0.025692670912243316,-0.46999925863889036,0.9924243115869786,0.9532539162700424,0.8895613798726799,0.576982899335627,-0.9656694984212194,0.8219078447331402,0.3414909336655296,-0.7246442423717956,-0.5131193443188126,-0.44179836744679235,-0.40862445750805193,0.8897837132016416,-0.6161001636743522,-0.8527210293405808,-0.23794652683652207
588,-0.5657204000564919,0.5006647624177338,-0.1307256999683252,0.029027878547490366,-0.4816088002582984,0.9505846231479974,0.8697580494477849,0.8914545871935918,0.5228019051096348,-0.9256707726074276,0.7900620472032651,0.5267300955579787,-0.573071183540562,-0.38981546730306116,-0.4479490060990551,-0.4064554252461643,0.8513529265747491,-0.6825233489887456,-0.9556776093988975,-0.3029577755977109
589,-0.5695725088004708,0.494877286031473,-0.12250224262996558,0.01414438131426264,-0.4732976570044271,0.9529827417828678,0.9796598939824077,0.8384099816831616,0.4820392207252188,-0.9857297632862076,0.7388004492472656,0.3979746300426167,-0.5890736924572417,-0.3833683536267348,-0.43246268426585627,-0.32598768856155874,0.9003757513317848,-0.6741879793606294,-0.9389067600159245,-0.28659125448914125
590,-0.5608738137542316,0.4835029187573208,-0.13661564761439846,0.012318890854988836,-0.4850739668916302,0.9720230526940611,0.9854141541894558,0.854161412157615,0.38125278689099174,-0.9313035405829306,0.6849244570608686,0.4260698608181123,-0.6193429453503962,-0.3539976666101553,-0.35393303194795905,-0.3790287205180396,0.7918125328122851,-0.6592400891092671,-0.9670669193622586,-0.35881296054752826
591,-0.5842682077489976,0.5077227398817744,-0.13451672140727788,0.013755039463182493,-0.48677648473920554,0.9817775792507811,0.995285343653904,0.8323773491753992,0.3823853970501663,-0.9890084037255199,0.6936641245204007,0.4637532843325279,-0.6719328286479006,-0.22937266412449467,-0.4030037827319999,-0.32071840182417155,0.7873748443551941,-0.5527948819082351,-0.96824033662599,-0.3801919195413024
592,-0.5749218889251455,0.48764866389339334,-0.12818762404874443,-0.004094974689112059,-0.46996466310359025,0.9999527038563976,0.9930553902174153,0.8848895759197778,0.41707612986908665,-0.9181819153895864,0.8006626391060313,0.35196445422268546,-0.7013950327622888,-0.07640913390870656,-0.29124465799131016,-0.23526365214950026,0.7693768389615391,-0.7674372431629861,-0.9828038096274361,-0.4701579394007125
593,-0.5836303999840561,0.5146336447347564,-0.13496366056179984,0.0012718529426070935,-0.48583691139323715,0.9849837839828665,0.9984784685554309,0.897234169045282,0.39173509595867395,-0.9995202451263105,0.7865754842358758,0.23032318170693863,-0.7021085691650694,-0.07845391968888654,-0.3280736641056238,-0.17935984118430937,0.7670149958881746,-0.7407712634820086,-0.9633571895414619,-0.4523864465211551
594,-0.5821213445415532,0.4928179822168395,-0.1216600067838852,-0.010474263658967638,-0.4701567478278369,0.8920510786235046,0.9854042408875784,0.936923025951853,0.2447244632964481,-0.9637441547981151,0.633890342542696,0.27428494498981704,-0.7716747329840921,-0.1381452550363483,-0.23342968334270542,-0.1893746209756304,0.7290081481828573,-0.8430771387952186,-0.9993096207946428,-0.5012303742039953
595,-0.5692146328676194,0.49371010302398677,-0.12795242197984225,-0.0014275798133050587,-0.4797238461410142,0.9795845109331107,0.9877709868615228,0.9037721508832716,0.322758688868019,-0.963089667554062,0.6437902525872564,0.2884266262002137,-0.8091273450979477,-0.16974734788757792,-0.26800081266188164,-0.2884541472362376,0.7877521524714965,-0.7659556960048122,-0.9836996719949116,-0.42944635145071974
596,-0.5563093886059127,0.4970589759916202,-0.13311103446143374,6.222353060978715e-05,-0.4735818085318784,0.9799761841210121,0.9844475389814079,0.8728468652461162,0.40587399569743854,-0.9869644981024565,0.7020999593502717,0.3930482513965937,-0.9196939917647083,-0.1798241854949146,-0.3138754409117219,-0.3040771993942756,0.7445837282962838,-0.7623505294240887,-0.9911204902094596,-0.33590699658421896
597,-0.5800391250081516,0.5002448868402699,-0.12285004118017756,0.009586174558054522,-0.4766029994481219,0.9500456413721448,0.9811217938528938,0.7774751098556948,0.3996414396311465,-0.9103600903542536,0.544224947619285,0.400258481298115,-0.972210453118302,-0.2674761996520603,-0.37671965518266076,-0.40126646265307775,0.7718993005993595,-0.7689262121892967,-0.9945988530284999,-0.32782961219758455
598,-0.5584815821699554,0.4986809369999141,-0.14896253397784573,0.0025842846441624517,-0.47231477424721696,0.9302680062187177,0.9899091745519165,0.8625255486535789,0.31028656558526546,-0.9846089241400405,0.5976268356457358,0.38869147146108984,-0.9369869971887707,-0.23310127593026386,-0.32572018257008656,-0.3103091655416445,0.7733358680640824,-0.7888877796780075,-0.9945223997534913,-0.3399111201979142
599,-0.5763692231772389,0.498235193732224,-0.1400407540602054,0.018188003806435406,-0.48783653953392214,0.9010005594504435,0.9878690785706679,0.860887717285005,0.3561145962010441,-0.9441942648965393,0.5789689731255261,0.4257629831779334,-0.8479358098133797,-0.314078562755368,-0.37050052436030556,-0.4270448165343165,0.8659891428525114,-0.717651252366159,-0.9803364626152519,-0.28136717345252105
600,-0.5704489904505892,0.48940993914607533,-0.1328870010680047,0.011857083921667257,-0.4718172735235829,0.9202881576827749,0.9920358385737332,0.892285600905507,0.31632262011055395,-0.9747626179308141,0.6426097344419213,0.49468764016564276,-0.7781049991051157,-0.24837364328084524,-0.3021455471414513,-0.4279386188518196,0.8907522726268665,-0.6606061108906084,-0.9987477437812369,-0.31356206162352906
601,-0.5638771306386124,0.509432268775189,-0.14039844777492147,0.013826917201586821,-0.48032695056706004,0.8708719121751493,0.9826832838913107,0.9102688796630162,0.5034600551789982,-0.9396856856690594,0.6654899575472414,0.37507924581594243,-0.7856169759763826,-0.3147758395168148,-0.2582719880613353,-0.4061397386981379,0.8273486845169769,-0.558340535960532,-0.990043878536238,-0.27686614492694367
602,-0.586729642413409,0.5098639861986318,-0.13992441951237053,0.020999684768484593,-0.47921012049669504,0.9547601459815144,0.9865953078798122,0.9015306969667755,0.43062352214355465,-0.9917125127388192,0.7882381759308709,0.34904669456485293,-0.7769639563977868,-0.28371959193171475,-0.23769084945264315,-0.41927154491775526,0.8943159718936101,-0.6167624804034602,-0.9564386919079025,-0.3319985675063436
603,-0.5520289264744107,0.4934462055807767,-0.14765295239672185,0.022332258572834444,-0.48281224431041225,0.9236873511873855,0.9798732169013908,0.8903321659693578,0.43457351032209357,-0.9527925392090252,0.8529010417959196,0.480261398784085,-0.7224961842684163,-0.22613418713415204,-0.23918691903197944,-0.4496498317218384,0.9157875859928806,-0.53892575497449,-0.9271969822801435,-0.3847587352481904
604,-0.574324828712881,0.5111654642849893,-0.14615453382688548,0.022884176559396185,-0.49154231798595316,0.9035320180028028,0.981591933201801,0.9636685139514147,0.4217517707335674,-0.949485759131165,0.8247094222213774,0.4165830580717147,-0.6506191710623814,-0.21261659733484622,-0.24694185363033594,-0.4451641919260215,0.868734631745462,-0.6028615240250453,-0.9864101578146145,-0.417876719668431
605,-0.5534464633610753,0.4809707472135655,-0.14008991663930026,0.020781221401752474,-0.48201145515225174,0.9535533651109106,0.982422176600213,0.9036230534552369,0.352164849539096,-0.9538103868577283,0.8117929125580157,0.47241429649637673,-0.7582888676606707,-0.15837027068964205,-0.22857281521104691,-0.38228059241476076,0.8818407597246493,-0.5578904714334251,-0.9531208568569243,-0.455883629855827
606,-0.5607893937155869,0.4818758166585954,-0.13171170346995964,0.014437061136037462,-0.4695284377872809,0.8252754910601637,0.9555254457111746,0.8551475571262245,0.3950273212795658,-0.88559967325779,0.7483468699921622,0.4162398938224156,-0.820972412961579,-0.26977492576013984,-0.27736648642418943,-0.44514901274562074,0.7741958602984396,-0.5374105937020337,-0.9510897039353479,-0.5200675770745059
607,-0.5616078730589072,0.5078002937084819,-0.13664899478981432,0.01627694232434195,-0.4885311686108508,0.8221553921677077,0.9871286833635242,0.9169658549351061,0.44985104300448997,-0.7931189524776165,0.7347967436297954,0.5502951428930576,-0.8064765106860334,-0.31515883827670493,-0.25282138532787674,-0.4789648412828869,0.8987915702995348,-0.5465605427167971,-0.9953475245091599,-0.4505077722631289
608,-0.5615598462729683,0.4918090677587196,-0.13436986115453717,0.02459082047790732,-0.48640457025542766,0.8961357528459155,0.9834741225053081,0.9586766006588797,0.46590522176203303,-0.8791663448659565,0.7878381712081758,0.5745596104647076,-0.6319586306424794,-0.30160982722264873,-0.2439357041152369,-0.40364777503551397,0.7979932810529898,-0.47425851504444577,-0.9952551756441592,-0.49600209656346517
609,-0.5621668611394791,0.5082041898715792,-0.1334572323079528,0.028729802445974933,-0.4920303599243206,0.9262386597173123,0.9825080774694512,0.9382403165542658,0.49708986831677704,-0.92327768718652,0.7918951699504319,0.6056412087704763,-0.6828837998456108,-0.42091301831929134,-0.30083022239503815,-0.4247178633515129,0.7686271426511535,-0.4147344237364748,-0.9657676563707966,-0.5360135541774912
610,-0.5629618686123659,0.5101192588270081,-0.14001701016721696,0.03385198943065633,-0.5044504945608116,0.9655230154836435,0.9896408118115938,0.9413088159358436,0.46939095669345676,-0.9530397081469651,0.9028661762849614,0.6573228908561084,-0.5649809226909362,-0.36978156105624255,-0.2894139589512982,-0.46682627027469425,0.8488812460652151,-0.4534950690601817,-0.9833600940354654,-0.5065067267782666
611,-0.5624797017815827,0.5158885398564581,-0.14371459887308266,0.025918912339209177,-0.5054492316412892,0.9649671336390399,0.9892646346197216,0.9437645067021794,0.5122016659816744,-0.8853625452011347,0.9028886457801335,0.6386357960897883,-0.6598869282619954,-0.4594756901990248,-0.32827604086853857,-0.46050311760820284,0.8346068819550939,-0.4449339220436786,-0.9763960152791662,-0.5157686533159378
612,-0.5467572349852541,0.48043436415284435,-0.14143762273178875,0.022323061288505253,-0.49944556254874783,0.9126755593357025,0.940154031052155,0.979955982441757,0.5205171285197447,-0.963518563375141,0.9156185704490385,0.6587260147452911,-0.7324678078096671,-0.3842926256971667,-0.3316066726918931,-0.43015744892484253,0.8206059060711821,-0.47897125465129997,-0.985358092193632,-0.46268971762185646
613,-0.5623768258084868,0.5043070533297341,-0.14027529440966544,0.021898651815904533,-0.49210307234621115,0.9626667456509932,0.9981177710050138,0.857032146754698,0.5770185380363625,-0.9785414359911655,0.8682256550515213,0.7247604320291221,-0.760883216810108,-0.3675238487496483,-0.40251313164343366,-0.42106779530960126,0.7309622986565014,-0.44126996380428385,-0.989789027111091,-0.4767223641921814
614,-0.5590326450850852,0.49434728503850733,-0.1399615086308808,0.02718123510345674,-0.4970722931937695,0.9555960383070484,0.9661993309688257,0.8448965361804186,0.5815282300011602,-0.9485994813337653,0.8781915692105751,0.7280876238993327,-0.7571786243007542,-0.4345143435923372,-0.38146888387768485,-0.5103613782229073,0.8001465312523659,-0.3689910608477105,-0.9918625454178108,-0.5144972590452668
615,-0.5590326450850852,0.49434728503850733,-0.1399615086308808,0.02718123510345674,-0.4970722931937695,0.9555960383070484,0.9661993309688257,0.8448965361804186,0.5815282300011602,-0.9485994813337653,0.8781915692105751,0.7280876238993327,-0.7571786243007542,-0.4345143435923372,-0.38146888387768485,-0.5103613782229073,0.8001465312523659,-0.3689910608477105,-0.9918625454178108,-0.5144972590452668
616,-0.5493707123773891,0.4867483404344891,-0.13845709859270627,0.02283383691898662,-0.48433230470467686,0.9507117163684056,0.9864838414214947,0.8070496794887825,0.5778099957140169,-0.890660587505884,0.9268688675235475,0.7784554438872394,-0.8100255006769229,-0.3243466410402008,-0.3908534122454513,-0.5485008769364509,0.8591571603822861,-0.47650496465821945,-0.976332236072549,-0.46414203281318006
617,-0.5466986205262255,0.4975319975763956,-0.14443696008689458,0.0215871666424813,-0.5048176727237123,0.9798537473808291,0.9989659790841354,0.8348942909024916,0.5235476370896164,-0.8328588193889305,0.9789109595523319,0.7046281670549466,-0.7459365537595375,-0.14433793686779484,-0.35125693640302874,-0.6199496677891512,0.8885990318147347,-0.4757424850985518,-0.9756596703267636,-0.5092767522377998
618,-0.5419423914614652,0.4810306806986923,-0.14428248490270895,0.025120653208379157,-0.49592282243559466,0.9809658358695366,0.9967284111362205,0.6256199374868758,0.5088866587169738,-0.8384776644453812,0.9688634210209878,0.6455891206784001,-0.6908627732385834,-0.21866548886755388,-0.2666474482847436,-0.6196621214305238,0.9822076094469735,-0.4083321499396265,-0.9926494272314634,-0.5248732314659827
619,-0.5605423442407008,0.49676214351075243,-0.13718342313638188,0.01478094343850298,-0.47345648662284384,0.9431613460344673,0.9868926239083468,0.629240273879741,0.4826516971337871,-0.8281223267996406,0.9794039719551939,0.5768726546013297,-0.6479663480165201,-0.2459626688907173,-0.43039710041406554,-0.6545707550153979,0.9587146583356951,-0.4592779907360013,-0.9804874179401706,-0.5540942629579683
620,-0.5617470695465362,0.47725726274453434,-0.14045238469721444,0.033205923168452445,-0.48532382095241056,0.9778101489670032,0.9342802344602323,0.5858561031683946,0.4127266648040307,-0.9733549280464386,0.9950790558201843,0.7046037147373944,-0.711921313641401,-0.15376373874448632,-0.4331876834588155,-0.6417166816016153,0.9400253398278396,-0.4541028916571978,-0.9843125083789837,-0.5263959582228045
621,-0.5371507270728773,0.4802376418410017,-0.14713861546230309,0.02104217602086433,-0.46833149863024753,0.9631725118792266,0.9977818452896798,0.5548746649923396,0.379930233444168,-0.9438235143133049,0.861011023014002,0.691613068060278,-0.7689066307343742,-0.24365054947424714,-0.5259333077017897,-0.6882622944469994,0.9377277096383086,-0.4928312305308223,-0.9626545260149564,-0.4796202635623354
622,-0.549482696633375,0.47182278187810023,-0.14615929668607022,0.03464729872979508,-0.4961829042770113,0.9837529544704122,0.9975953555741854,0.5844758811928832,0.3640803382630048,-0.9480837535056101,0.7770101435560606,0.7103404933769568,-0.8240115682719016,-0.28326784747750355,-0.4311302569662853,-0.6565037455299216,0.9007806739895261,-0.537582898211717,-0.9780288356264601,-0.4803429765852538
623,-0.5467991845615041,0.5018794046507695,-0.15638157233006664,0.02759677176895533,-0.4885345714566468,0.9966257378603433,0.9970722758280903,0.593419071348017,0.4672763895521503,-0.9596126000667331,0.8152755643284194,0.6250588464088697,-0.7991579745572988,-0.46873936402964794,-0.48605075395773933,-0.6210844499053978,0.8535878073471402,-0.4733980778481474,-0.9432543592129774,-0.4999956874903474
624,-0.5521652807463494,0.47239373242578325,-0.14705016143005203,0.04084212784253389,-0.49587954485108143,0.9971435489851747,0.9345769837520918,0.6163680036609757,0.4437965028121584,-0.970131711847072,0.8208278199753064,0.67488458295169,-0.7169278164321103,-0.5052479573396774,-0.4557997762344069,-0.6460286813063142,0.8892484319477449,-0.44245170381278826,-0.9927879726999357,-0.4821511013564173
625,-0.5456048220830755,0.4870149769907547,-0.15040630233464863,0.030795126889275545,-0.48249352220780245,0.9895119251703242,0.9321960466530591,0.6385496283900234,0.43759006027896763,-0.9456188531288602,0.8079462076634737,0.6558197924683523,-0.6350531927306875,-0.4387192095303545,-0.46396757197770705,-0.6641426489064564,0.9699400137722711,-0.486593924237434,-0.9898332584883719,-0.38382726050942306
626,-0.5542226846904843,0.4817515174041844,-0.14938298775195358,0.03721672059104467,-0.5006272513404302,0.9290155946559504,0.9894864586820384,0.6625662655411219,0.449280541867664,-0.8794938496627434,0.7805792085624741,0.6893414390760313,-0.7623866580085769,-0.4806666658200428,-0.41201772901424766,-0.6763814991942254,0.8821369167148675,-0.44478173963880285,-0.9663114277852174,-0.4521115662313533
627,-0.5542226846904843,0.4817515174041844,-0.14938298775195358,0.03721672059104467,-0.5006272513404302,0.9290155946559504,0.9894864586820384,0.6625662655411219,0.449280541867664,-0.8794938496627434,0.7805792085624741,0.6893414390760313,-0.7623866580085769,-0.4806666658200428,-0.41201772901424766,-0.6763814991942254,0.8821369167148675,-0.44478173963880285,-0.9663114277852174,-0.4521115662313533
628,-0.5567049332468779,0.5120400599413661,-0.13973621166907157,0.02410683129907556,-0.48504792462575785,0.9430199770008517,0.9964322619379441,0.6726529638205335,0.5082037883984273,-0.9337449779933699,0.8245828732334204,0.7749056916305472,-0.7618162427488012,-0.4199541348513587,-0.49248516103316486,-0.6283365817739153,0.882232864592392,-0.487483414236897,-0.9753662809841028,-0.4474856191514456
629,-0.555906476763521,0.4901764957978478,-0.14777576250677718,0.04412759668503688,-0.5095829266845738,0.9359257084979982,0.9991677464190709,0.7385102437857641,0.5420815520255492,-0.9045868132512697,0.8006482636370498,0.7841380918959591,-0.7835465387979411,-0.5534378903821251,-0.414595309590192,-0.6803847930117589,0.8651951257818806,-0.38408675257082947,-0.9973999257885506,-0.43438672390924327
630,-0.5470508683895285,0.4960253315070035,-0.15111928020790782,0.038656989854991296,-0.488460698327884,0.955644777844389,0.8987526370495842,0.7196808674103498,0.5214982829020113,-0.9491096253677145,0.8714169341809278,0.8440001493188037,-0.7673821833807852,-0.5436830022197305,-0.4583978414215575,-0.6936069051112005,0.9191942483999908,-0.43503249202929634,-0.9992658062368368,-0.45397257401359076
631,-0.5597218605919189,0.48777549334765724,-0.1434547293593294,0.05013200497924503,-0.5026550696681887,0.9516398171297558,0.906205615051212,0.6680408541486572,0.5443550702111046,-0.9203534239209092,0.8963852792015137,0.8974977610622432,-0.7867193243496602,-0.6575588710246596,-0.5246245381846378,-0.7742675992724123,0.8817531074552215,-0.40242203411654304,-0.9797866228361883,-0.43921648096571464
632,-0.5508556275812342,0.5148522126730252,-0.15654133611924712,0.036263846918150426,-0.49594830054993905,0.9450286483643018,0.9856723171545033,0.6469461240613038,0.5811128063360935,-0.9220115233893176,0.8131303891739334,0.8199489735407413,-0.8436324518268821,-0.6685328190611783,-0.48732134849706776,-0.7125009290745856,0.9144000556641082,-0.41209996794947285,-0.9950991158664673,-0.4144166228005494
633,-0.5533352686907981,0.4885399197117752,-0.1434249520948919,0.05427895759523295,-0.5197202349033998,0.9754467390156661,0.9283587329282182,0.6951042263305746,0.5411800463206752,-0.9893711670168539,0.8491260749616045,0.8681787433549784,-0.7581838219241321,-0.6174307002433439,-0.46509546573033067,-0.7284786925545982,0.8635269867781108,-0.32850522105099395,-0.9968895460157741,-0.4424748751650353
634,-0.5428493531858333,0.49620391420135235,-0.1481570674459608,0.040378822812626974,-0.4878756522141951,0.9983126299067715,0.8985342887269383,0.7359856678424151,0.6489988954963131,-0.9881542765081414,0.8665984202667714,0.8265718436033673,-0.67883492809225,-0.5654061151999171,-0.5230964218449369,-0.6391228545968706,0.8079281397690228,-0.3086528216643524,-0.9221347649390135,-0.36852101797813736
635,-0.5609170037580801,0.49844035037116585,-0.14080355622052687,0.052557943895197946,-0.5192026592935506,0.9616374845581164,0.943945323190331,0.8235016322416613,0.5423661866839117,-0.9319459999322222,0.985448431578843,0.822482317581179,-0.5484448286017432,-0.5901430766565411,-0.4256886812471708,-0.6413332533645489,0.9479856752609574,-0.28152223499114926,-0.9142533589614783,-0.47979630083173924
636,-0.5291572760478371,0.478399173947484,-0.15115695134607324,0.05057415377223449,-0.5032203029827232,0.9917732155310274,0.9785173818810557,0.8001051193894191,0.6375463018273796,-0.9963323906302854,0.9963516912583825,0.8155381547603865,-0.4540786134350127,-0.6972134408996375,-0.5126953550738385,-0.5923701701230513,0.8920919306241479,-0.2064261504895026,-0.9249637931441261,-0.5018423906595869
637,-0.5291572760478371,0.478399173947484,-0.15115695134607324,0.05057415377223449,-0.5032203029827232,0.9917732155310274,0.9785173818810557,0.8001051193894191,0.6375463018273796,-0.9963323906302854,0.9963516912583825,0.8155381547603865,-0.4540786134350127,-0.6972134408996375,-0.5126953550738385,-0.5923701701230513,0.8920919306241479,-0.2064261504895026,-0.9249637931441261,-0.5018423906595869
638,-0.5770811489472651,0.5104363725677923,-0.1406484915068117,0.04956919850885562,-0.510904954763714,0.9758615110361543,0.9923737874716222,0.8427181232087504,0.6593972341555928,-0.8408300006634175,0.9874708141718871,0.8422889828488083,-0.6020107292934676,-0.744636102433393,-0.36253281094587436,-0.6995990857823037,0.9497969582887592,-0.2765875643015084,-0.942632004629386,-0.46189363757827884
639,-0.5248437241170745,0.4918389743742613,-0.16015256249943888,0.04491328241986982,-0.5145558943270692,0.9450078958488926,0.9929319088070229,0.930798900596879,0.6863648962440645,-0.8554535289079417,0.8911570448116395,0.8472789454184732,-0.6099895055575356,-0.753335310233662,-0.35836214480209566,-0.7416555630659842,0.9923869804101751,-0.2297397654190858,-0.925841068061089,-0.2460652561852103
640,-0.5906094942128046,0.5292243516949517,-0.14697999827211147,0.05771314049444635,-0.5304011289147077,0.9870281884168374,0.9777122808405444,0.9783438962354728,0.7926353001565479,-0.9635536197523706,0.9840995078455748,0.971688641200836,-0.787820464115623,-0.7724075168336074,-0.48318031444064646,-0.7526991212552413,0.9772150366714026,-0.2888106008065319,-0.9401128352871088,-0.2379356358383701
641,-0.5906094942128046,0.5292243516949517,-0.14697999827211147,0.05771314049444635,-0.5304011289147077,0.9870281884168374,0.9777122808405444,0.9783438962354728,0.7926353001565479,-0.9635536197523706,0.9840995078455748,0.971688641200836,-0.787820464115623,-0.7724075168336074,-0.48318031444064646,-0.7526991212552413,0.9772150366714026,-0.2888106008065319,-0.9401128352871088,-0.2379356358383701
642,-0.5219047110136521,0.4696917364896774,-0.15628249869873884,0.03790284029300347,-0.5139968756688019,0.9888110245235567,0.9668215746334462,0.977465914739445,0.7435304896664554,-0.9167288608206574,0.9207855374183335,0.9686438403617929,-0.8419598197412992,-0.7370838280386063,-0.3979970897241761,-0.6871703169088547,0.9329871103363211,-0.3540659109306334,-0.9798656230130111,-0.242586324587642
643,-0.572230674695398,0.5030915412243794,-0.14047401958238137,0.03612493279119217,-0.5101050156891268,0.9604603354617725,0.985964183288151,0.9693279737372813,0.7503016583870867,-0.9353957890992527,0.872969231175386,0.852161758938082,-0.7864540947820227,-0.7712382289131308,-0.3847911273722268,-0.7097727571702562,0.9408027929286478,-0.30365768883241917,-0.9822657355527755,-0.19001652904228797
644,-0.5561724429294068,0.5028120827569119,-0.1512295724743538,0.03854635648007507,-0.5072303857761957,0.9974036005924268,0.9612101064422364,0.9506300798354951,0.7470488992826574,-0.9349196232153926,0.8588868462393078,0.9036659084074348,-0.6962048076204372,-0.7999523293185598,-0.3674926158156532,-0.726143666172041,0.9612465938026229,-0.2941758526664571,-0.9942011479078036,-0.09819249042974779
645,-0.5561724429294068,0.5028120827569119,-0.1512295724743538,0.03854635648007507,-0.5072303857761957,0.9974036005924268,0.9612101064422364,0.9506300798354951,0.7470488992826574,-0.9349196232153926,0.8588868462393078,0.9036659084074348,-0.6962048076204372,-0.7999523293185598,-0.3674926158156532,-0.726143666172041,0.9612465938026229,-0.2941758526664571,-0.9942011479078036,-0.09819249042974779
646,-0.5619714000110558,0.4977621279805773,-0.14826716893774944,0.039015170338003634,-0.5165270979831099,0.9377905951359964,0.9930203463721505,0.9560509656003623,0.8652811797361024,-0.8643095158648548,0.8827726211489395,0.8690817008908924,-0.7475440942038185,-0.8641833236941228,-0.4178203360186952,-0.6485787462660219,0.9516441084572785,-0.34749150688417746,-0.9534026179577667,-0.10773728174925282
647,-0.5619714000110558,0.4977621279805773,-0.14826716893774944,0.039015170338003634,-0.5165270979831099,0.9377905951359964,0.9930203463721505,0.9560509656003623,0.8652811797361024,-0.8643095158648548,0.8827726211489395,0.8690817008908924,-0.7475440942038185,-0.8641833236941228,-0.4178203360186952,-0.6485787462660219,0.9516441084572785,-0.34749150688417746,-0.9534026179577667,-0.10773728174925282
648,-0.5506440484930653,0.49757281451721974,-0.15411360806307675,0.034908842042268275,-0.5105120952117846,0.9360327725643389,0.9461031290710281,0.8874311951332294,0.7277579594527538,-0.7954374269082958,0.7829154406561322,0.8627521520964408,-0.7179929047624426,-0.8902859461047028,-0.4750188665124827,-0.7186206004930878,0.914390228838035,-0.37541283098064127,-0.9690286276491643,-0.17884868216820102
649,-0.5688699516894121,0.5013676932122845,-0.14098594179611773,0.029978980458539934,-0.5058645567345175,0.9199610887551891,0.8959072521969152,0.8172631303678726,0.7190803118440775,-0.8393952043947848,0.8271444412876333,0.737183663407367,-0.7234604578746783,-0.731103518833183,-0.3549408050567829,-0.7090542372784789,0.9621959035847832,-0.43230331900986757,-0.9762696351444157,-0.118633194282624
650,-0.5285836723515299,0.47015883924093954,-0.15376838308356996,0.03736504381028611,-0.5065741683971988,0.9715004145880609,0.8866980876735775,0.7275510298476878,0.6682695034485826,-0.8829701027323562,0.6998098781932198,0.7557100192887386,-0.7805660722625573,-0.7452218791952924,-0.4107249345650198,-0.8181444333862423,0.9600196158780309,-0.3495945709636305,-0.9842316495535279,-0.14145776559913906
651,-0.5675248957370196,0.5066278192617174,-0.14976095973545447,0.028365516003870318,-0.4937373868952541,0.9946117156753532,0.9691773498865153,0.7641626424147137,0.6530270938182171,-0.8222851260710138,0.7081899702351541,0.7011668068195042,-0.808689066744633,-0.7395158118000694,-0.4180192146874528,-0.7211468529277556,0.9703912420998356,-0.4926680446556433,-0.9599842000476102,-0.08120429791761836
652,-0.5423852881291689,0.46834524635239433,-0.14764415895264524,0.03472223175657956,-0.5015891389030886,0.934540022518447,0.9518383438774598,0.8418531453656529,0.6725263425388903,-0.8266937467547117,0.6954280973878323,0.8332657834352336,-0.8342950664964216,-0.7017289773577203,-0.4184102043730122,-0.7536146799331922,0.9682077528046159,-0.43339644699866553,-0.9767262665260962,-0.12380915338658073
653,-0.5568242524094699,0.5083496820082737,-0.14081031852159598,0.0344562218614256,-0.5080796538857979,0.9199600975867214,0.9487918492286175,0.8937400141620452,0.6542981084323617,-0.8944070011481684,0.7206577382534759,0.8845586545164464,-0.8648885282327857,-0.7803231923061493,-0.44100201658476784,-0.744920894009003,0.9892709786954745,-0.4967905879617384,-0.990949877006796,-0.08674973972976706
654,-0.5437329751359204,0.4893522740708865,-0.1403392332442554,0.0354340869917239,-0.5126476511658755,0.9909032888084172,0.9599766527400553,0.9433274984973881,0.6517291083759639,-0.9413255849815684,0.7510793037895459,0.7925160659012458,-0.8356276748455266,-0.8491722532304395,-0.3935098466601368,-0.6528727682027173,0.9041692849685521,-0.4539287270446808,-0.985225664930168,-0.1596051967091934
655,-0.568090493339351,0.5108825767847812,-0.1414474692853725,0.0316976948633788,-0.5099338341224011,0.9498140831809659,0.9960403974000671,0.9395007040423768,0.5947455058016952,-0.964644896576122,0.7402916667002766,0.8037721296613713,-0.780304574028953,-0.9129813663208983,-0.4474945247376621,-0.6531342829602004,0.9500957950378063,-0.4399082400691416,-0.9885060385392024,-0.20837784226251826
656,-0.568090493339351,0.5108825767847812,-0.1414474692853725,0.0316976948633788,-0.5099338341224011,0.9498140831809659,0.9960403974000671,0.9395007040423768,0.5947455058016952,-0.964644896576122,0.7402916667002766,0.8037721296613713,-0.780304574028953,-0.9129813663208983,-0.4474945247376621,-0.6531342829602004,0.9500957950378063,-0.4399082400691416,-0.9885060385392024,-0.20837784226251826
657,-0.5541504663349052,0.5066654052314707,-0.14729348098835077,0.046285810257979974,-0.5160129279328105,0.8900358981041392,0.9966201823294748,0.9657591595246225,0.5404599554861157,-0.9186054742534396,0.752976182535276,0.8196885376222054,-0.657309213524606,-0.9800331815640182,-0.4154124658994468,-0.6299332979833445,0.947350202895783,-0.4076441460129249,-0.9798935634057232,-0.23239413902943215
658,-0.5685387757830813,0.5095542230914732,-0.13999198181359518,0.03677443352617959,-0.5107610180055798,0.9937703001472022,0.9933966178892726,0.9215523658528381,0.5284812018810779,-0.8785539959159484,0.724472416619827,0.7365342832614405,-0.7663578654907863,-0.8602934535171101,-0.41662296047346686,-0.6095574703165891,0.9070080354349841,-0.5655838411889409,-0.9760526903219732,-0.2568220014761207
659,-0.547047877507672,0.48677036054656175,-0.14312454650236484,0.02942460975107381,-0.4978812296908935,0.9595152673944813,0.995909764655179,0.852960485802346,0.4639143952974945,-0.9234071283574132,0.6296514088461489,0.7348686349901055,-0.826329406757164,-0.8056245637603335,-0.4120116275571664,-0.6663125417599008,0.9050398849954907,-0.47261808231796637,-0.9772981677366265,-0.22897841848203565
660,-0.5608634902357209,0.4897270448344295,-0.1399987014449151,0.03282215836969651,-0.5011318339461801,0.9276980129623725,0.9861850393147485,0.893882994040101,0.5549590733950175,-0.9927556004839236,0.7679122354354575,0.7821334945345572,-0.8075613414844974,-0.787616249167578,-0.46134855010597936,-0.6146187085517549,0.9234831313181324,-0.4896117098936744,-0.979073609386067,-0.22037891952800182
661,-0.5681194377204422,0.5261488161814352,-0.1576520764465189,0.03454049434400368,-0.5103515336065182,0.9733771091886978,0.9775474153301232,0.9191975631253209,0.6563260139611483,-0.9719970739868353,0.7889505193559195,0.6757628663519198,-0.8380415415520442,-0.8907174480196772,-0.4283220810942906,-0.6548057290897762,0.9631825814462849,-0.5675639280784314,-0.9950919154712119,-0.10220928595856103
662,-0.5614695347675729,0.5019350128719297,-0.14630701292348378,0.027331384086685957,-0.5013642775952477,0.9487492497796569,0.9806210865378903,0.9252873908050375,0.5973319866564047,-0.9883019578174257,0.732514260539667,0.6544104212601967,-0.9221730149852959,-0.6272459975661457,-0.4278643210902352,-0.5399759648080048,0.9143345319742922,-0.6355748637867875,-0.9757764961277414,-0.15196069858503974
663,-0.5570104271358034,0.4861821860520845,-0.1401891707573697,0.022106322780009426,-0.47995935181035376,0.9869152611514327,0.9382121384895293,0.9420973800635696,0.6822831720009301,-0.9878155335177641,0.8501099038259164,0.7683115256518804,-0.9266387997379312,-0.49226252679292676,-0.4043157398227827,-0.5886801693645061,0.8656078449355258,-0.5559638595866279,-0.9801806061112197,-0.10615614756177441
664,-0.56400056313867,0.48766970152657313,-0.13740982615428457,0.017620321803724415,-0.4828796709937879,0.9604950905157066,0.9876848619998999,0.9801874617012715,0.7512417333559949,-0.9312941458466099,0.7561830451532224,0.8082102285570485,-0.9925836639647014,-0.4368460694706195,-0.32612741590176036,-0.6197762669929643,0.8778847618508586,-0.5318675703695801,-0.9964910008855679,-0.10309081571113518
665,-0.5591855074653214,0.4892083339334395,-0.1315010836764805,0.018960340764011686,-0.48577075672356224,0.9016748140221102,0.9636044902725875,0.9724876666412245,0.6988480252188655,-0.8595036108519917,0.6679361722164463,0.7513564925098466,-0.9641919980025915,-0.5709874431495912,-0.3228680314889609,-0.5981345826411018,0.8859537759439184,-0.571450117530834,-0.9994985089085386,-0.06354861511456569
666,-0.5591855074653214,0.4892083339334395,-0.1315010836764805,0.018960340764011686,-0.48577075672356224,0.9016748140221102,0.9636044902725875,0.9724876666412245,0.6988480252188655,-0.8595036108519917,0.6679361722164463,0.7513564925098466,-0.9641919980025915,-0.5709874431495912,-0.3228680314889609,-0.5981345826411018,0.8859537759439184,-0.571450117530834,-0.9994985089085386,-0.06354861511456569
667,-0.5622945618261521,0.4968907719947928,-0.13905080291559466,0.01762924212634094,-0.4786641398533702,0.9148757688745752,0.9850341178613169,0.9792857139982525,0.7646757094825631,-0.9397870557074396,0.604632435617578,0.734036833580926,-0.9192864080145207,-0.49656218705706795,-0.4779366628207335,-0.5486550666287185,0.8741273483431996,-0.6075141845989954,-0.9892599860470154,0.06642147276146236
668,-0.5801443479498347,0.5007651313552208,-0.1347068566507931,0.01600134128168227,-0.47966888438766747,0.9483549648477908,0.9748081728012875,0.9150782324583695,0.7243966971597705,-0.8962885228119069,0.7956764875877222,0.6886687816511718,-0.9978820146187006,-0.4518299234315076,-0.35312520669514413,-0.5691660983628486,0.9036931475158507,-0.6584046807320759,-0.9735009122583207,-0.013789697683538014
669,-0.5478832004344257,0.49315243039071927,-0.14630056767522184,0.019713803845149508,-0.49112963537667903,0.9497285578759158,0.9878095499107513,0.9839927472296955,0.6343303570806712,-0.905346169411517,0.8028460816111636,0.6843081378151455,-0.9264558260647504,-0.41555056219013725,-0.38847081466517186,-0.6435884696273051,0.9695639850530174,-0.663158284584116,-0.9659689390100697,-0.045347468170721
670,-0.5666090125765806,0.48432519591068035,-0.13436625912902236,0.020580523027966605,-0.47769349724551957,0.9656778467621274,0.9832116943573557,0.8610271055076657,0.6788501267323809,-0.8578247955318492,0.7600176697872767,0.7690041671330827,-0.9912060531312019,-0.3944126287636685,-0.35901343497707894,-0.6579550850627637,0.9647297010726507,-0.6536032558381218,-0.9853739340840687,-0.06959711454095426
671,-0.5580438779824147,0.4923461854638984,-0.1437693701071775,0.015612261765302674,-0.47531998786714486,0.9102110083832189,0.9131591353813062,0.9511260659018617,0.6187657848656269,-0.8441769726460168,0.7674013288787527,0.8403412397568018,-0.9906055847055365,-0.47688363571487974,-0.3346188046003882,-0.8041225909609175,0.9947225553516564,-0.5789211619988907,-0.9862868434800551,-0.14175830959599264
672,-0.5535845148898642,0.4694845464465051,-0.13556474746837463,0.030807768269946526,-0.48937910796093054,0.9338843288853115,0.9708593792443526,0.9474853194922452,0.6460420809314299,-0.8007137182118511,0.8026697262475294,0.8756759289981895,-0.9751478603055124,-0.5283168068448236,-0.3805711017241104,-0.6665586719278475,0.9667650841702163,-0.6057721685763028,-0.9839593074816048,-0.155355614712076
673,-0.5587561680155416,0.5129039568365238,-0.1482625346139303,0.017673346036422295,-0.4855688074500353,0.9481566789662798,0.9721672318925274,0.9380565941408793,0.7084395620924546,-0.6965099373269606,0.8569146636906936,0.8591280658860138,-0.9810678524556729,-0.6598023005492881,-0.4233274079249765,-0.7225365152216384,0.9800761477768004,-0.7147637580022925,-0.9644003926465189,-0.09660833659894086
674,-0.5513812119463263,0.48608191238658893,-0.14036426916250766,0.036625827165559496,-0.5091189626995054,0.9694958971772678,0.8827025810892876,0.9071625127250166,0.7233423409968972,-0.6555527254731446,0.7696213489392851,0.8411973685677417,-0.9761971886038301,-0.6160986351760249,-0.37701919062025446,-0.7391792863928107,0.9520209474600192,-0.6602731088408027,-0.9472934195121555,-0.11806520953251796
675,-0.5342289121261254,0.48656610132975847,-0.1508851769274913,0.032040193390432674,-0.49068471685559034,0.9941185437935475,0.9832153851053178,0.8396852941268728,0.7236162971954173,-0.8207844393999735,0.8013466281949699,0.7428983419561955,-0.9953385827549963,-0.6824386084035726,-0.42967065960955003,-0.7092575709093288,0.9715724451476128,-0.6620388716655999,-0.9258897401727307,-0.05526284556321364
676,-0.5515946492821068,0.47031600379699484,-0.13031902732705747,0.026895854788025076,-0.4733391479386039,0.9999131909330948,0.9803902764453516,0.7964515005908411,0.6676328501324957,-0.8011032296334202,0.7170891676083119,0.6796154820328195,-0.9975129599858755,-0.48987698603361374,-0.4334344366969757,-0.7655889667365208,0.9546609438599226,-0.6565942189084916,-0.9349112671953711,-0.025451623455614362
677,-0.5515946492821068,0.47031600379699484,-0.13031902732705747,0.026895854788025076,-0.4733391479386039,0.9999131909330948,0.9803902764453516,0.7964515005908411,0.6676328501324957,-0.8011032296334202,0.7170891676083119,0.6796154820328195,-0.9975129599858755,-0.48987698603361374,-0.4334344366969757,-0.7655889667365208,0.9546609438599226,-0.6565942189084916,-0.9349112671953711,-0.025451623455614362
678,-0.5705839791046178,0.5020812171840028,-0.1274122288261631,0.016303115535951433,-0.45724519097136607,0.9968213459110588,0.966537733614349,0.7485371540401894,0.6270411772071216,-0.8259213336206306,0.643177770553069,0.6471789338720488,-0.9070970733172159,-0.31235254844125593,-0.46253611872374206,-0.6791106574397265,0.8813013371189131,-0.5416426525954579,-0.8575298639168374,-0.027258572435130468
679,-0.5397795692755328,0.4623654120131088,-0.13698130947728054,0.021995789329532285,-0.4786123626662826,0.9981282840047453,0.9600368251340382,0.7526188443361016,0.765070100217668,-0.8287559025292289,0.5760005626171933,0.6313575897542525,-0.9795608716600477,-0.4356726146934864,-0.3942068250094292,-0.6815662950801195,0.8659662858261522,-0.534231843566439,-0.923692544848317,-0.012612003476369173
680,-0.5397795692755328,0.4623654120131088,-0.13698130947728054,0.021995789329532285,-0.4786123626662826,0.9981282840047453,0.9600368251340382,0.7526188443361016,0.765070100217668,-0.8287559025292289,0.5760005626171933,0.6313575897542525,-0.9795608716600477,-0.4356726146934864,-0.3942068250094292,-0.6815662950801195,0.8659662858261522,-0.534231843566439,-0.923692544848317,-0.012612003476369173
681,-0.5648731290251368,0.49438646683411075,-0.14119774294822326,0.032458194694599436,-0.480029702963974,0.990038132714907,0.9932974343277794,0.7243402556728262,0.6190250856452486,-0.762324977925786,0.5071654286451619,0.7272798952794591,-0.9524100517558103,-0.5391232682560382,-0.3882805317971462,-0.7459359671050388,0.971858271480624,-0.5856832737471127,-0.9884929332386154,0.04381109144470027
682,-0.5648731290251368,0.49438646683411075,-0.14119774294822326,0.032458194694599436,-0.480029702963974,0.990038132714907,0.9932974343277794,0.7243402556728262,0.6190250856452486,-0.762324977925786,0.5071654286451619,0.7272798952794591,-0.9524100517558103,-0.5391232682560382,-0.3882805317971462,-0.7459359671050388,0.971858271480624,-0.5856832737471127,-0.9884929332386154,0.04381109144470027
683,-0.5263526618257646,0.4612703920119252,-0.13492849987105426,0.019201925280225622,-0.47714004112767994,0.9818424242881318,0.9819132197877508,0.6732499234896937,0.600594694604413,-0.7247388407524071,0.5873785574062448,0.6727629762693218,-0.9742862383904908,-0.4212014110625563,-0.44533424404487887,-0.7755987858905862,0.9879160674970717,-0.7243407597601059,-0.9810139709953919,-0.0369125719056158
684,-0.5606159263989274,0.49151025008542815,-0.13286816347724156,0.025387748451331446,-0.4907912001699583,0.9827427127219127,0.972430539989155,0.7550941615703974,0.5287160589914643,-0.830488258158763,0.5093204939850895,0.6737211252688557,-0.8657964028716436,-0.43776240398460065,-0.4161329800463803,-0.6975559592016701,0.9801838965710026,-0.6390454843164274,-0.9853963142769984,-0.0017541603652175416
685,-0.5579161078706608,0.4912689630905099,-0.13891610398912485,0.01962441587337936,-0.48325226521400805,0.9776574166666148,0.9309507130756036,0.8099439068191198,0.5480981384571412,-0.8690549636366517,0.5718898531715007,0.7252927437586387,-0.9340725197714109,-0.40842278606017035,-0.4545955609467867,-0.7045972211675475,0.9727626746578891,-0.6639233139596821,-0.9563379240716705,0.016832094854185495
686,-0.549549319263235,0.4729741845301989,-0.13751144378118751,0.036413994320438944,-0.49871895760330825,0.9983337409123172,0.9090169833608202,0.8158650276008109,0.5647830478831743,-0.9334415138190553,0.6253984793593891,0.8568537482050812,-0.9313409223850388,-0.4714824608355545,-0.4990084795181962,-0.6861321470351279,0.8872627242432148,-0.614416889413737,-0.9620091473039062,-0.04238912753283207
687,-0.5294110225477439,0.49617799206574115,-0.15256554559454688,0.022500621031127085,-0.4952828986438543,0.9364884806587839,0.9975569801339264,0.8621657246325323,0.6320481178577753,-0.919019749277457,0.7085310921729981,0.8333530168402643,-0.9255850696093162,-0.526273191346959,-0.5130143489100534,-0.6583673036853193,0.9156545575358767,-0.5455671916854942,-0.9226492897588168,-0.1576301841044285
688,-0.5794022168881626,0.4958920812455674,-0.12988525118480213,0.04028596032618924,-0.5035636973758935,0.9661891883338827,0.9585421400610038,0.8419777504337276,0.6882019989441504,-0.9528840349739074,0.7919389178957088,0.9183453918671381,-0.9648312737382425,-0.6469829813641138,-0.4939917899489661,-0.700161853628726,0.8953305484336399,-0.5721045373772111,-0.9365582979809862,-0.0991271484498826
689,-0.5277146953471409,0.47508361983256986,-0.1506866020768454,0.038849120654769004,-0.49708281839818197,0.9059932289709067,0.9691833850899968,0.8719808506752945,0.5706400351339993,-0.9968293476248333,0.6836427820384731,0.9093108040685233,-0.9720804098554084,-0.6184878840493,-0.5545474235849758,-0.7317948897287283,0.9487276993446528,-0.5789464654377949,-0.9698663040899133,-0.1312985924189945
690,-0.54952397601505,0.49170242134212516,-0.14308473430150637,0.046029618863970174,-0.5064462799311532,0.9786911355618951,0.9104779274118762,0.8637080395401584,0.6325176665859561,-0.8873129576359152,0.7504805480819384,0.960850707595065,-0.8498210812711705,-0.5645078937703489,-0.5411833484343734,-0.6880323427436194,0.9390759455423443,-0.5767468440828922,-0.9474953339718204,-0.10230208070413523
691,-0.54952397601505,0.49170242134212516,-0.14308473430150637,0.046029618863970174,-0.5064462799311532,0.9786911355618951,0.9104779274118762,0.8637080395401584,0.6325176665859561,-0.8873129576359152,0.7504805480819384,0.960850707595065,-0.8498210812711705,-0.5645078937703489,-0.5411833484343734,-0.6880323427436194,0.9390759455423443,-0.5767468440828922,-0.9474953339718204,-0.10230208070413523
692,-0.5499161658105475,0.49225063349857245,-0.14511344210172172,0.036709729567363014,-0.4949927431399221,0.9904029239322611,0.931823593958222,0.938186457691006,0.6017936109048134,-0.980735793712252,0.792748984307706,0.8842192651519913,-0.8079605862825728,-0.5525767175503521,-0.5687058127715057,-0.6708218499259639,0.9201874662290228,-0.5330009244056971,-0.933730306480121,-0.15072072155444122
693,-0.5463288584474898,0.48124112013690784,-0.1437763204940088,0.03593836941929664,-0.5003615537999215,0.9075090090858512,0.8245406785191773,0.8584682881299472,0.6501867074034774,-0.9863965161174617,0.8335211371271587,0.8767891094671155,-0.8949751176586025,-0.5278423734985442,-0.4788633506184582,-0.618499205912165,0.9285698473366254,-0.5968473914614963,-0.96937255649701,-0.15988703793767783
694,-0.5525526321706897,0.5067631660605514,-0.14477181633791025,0.03404716405151543,-0.49913331063014044,0.9823551647175764,0.9205145099414003,0.9151981597379736,0.6942347039576041,-0.9328865770006048,0.8740618813774809,0.9346501550085617,-0.9456165504157243,-0.6600532659963839,-0.5380500412992771,-0.6538733970525245,0.8273905994826446,-0.5508964957642101,-0.9655870404021039,-0.2898357733882966
695,-0.5525526321706897,0.5067631660605514,-0.14477181633791025,0.03404716405151543,-0.49913331063014044,0.9823551647175764,0.9205145099414003,0.9151981597379736,0.6942347039576041,-0.9328865770006048,0.8740618813774809,0.9346501550085617,-0.9456165504157243,-0.6600532659963839,-0.5380500412992771,-0.6538733970525245,0.8273905994826446,-0.5508964957642101,-0.9655870404021039,-0.2898357733882966
696,-0.5525526321706897,0.5067631660605514,-0.14477181633791025,0.03404716405151543,-0.49913331063014044,0.9823551647175764,0.9205145099414003,0.9151981597379736,0.6942347039576041,-0.9328865770006048,0.8740618813774809,0.9346501550085617,-0.9456165504157243,-0.6600532659963839,-0.5380500412992771,-0.6538733970525245,0.8273905994826446,-0.5508964957642101,-0.9655870404021039,-0.2898357733882966
697,-0.5624307464304173,0.5014777018453511,-0.13974688750400252,0.03534392711619362,-0.49585363313977904,0.9726392716848355,0.9638955652305996,0.868377631128299,0.6944683654483707,-0.8869567495076444,0.786198111249556,0.8940007250011964,-0.9572114198051965,-0.6468315993707138,-0.4224465508787027,-0.6327027185797113,0.8476870646661679,-0.4929980393819405,-0.9866724553653046,-0.27412617181739735
698,-0.5624307464304173,0.5014777018453511,-0.13974688750400252,0.03534392711619362,-0.49585363313977904,0.9726392716848355,0.9638955652305996,0.868377631128299,0.6944683654483707,-0.8869567495076444,0.786198111249556,0.8940007250011964,-0.9572114198051965,-0.6468315993707138,-0.4224465508787027,-0.6327027185797113,0.8476870646661679,-0.4929980393819405,-0.9866724553653046,-0.27412617181739735
699,-0.5500039142782666,0.48952848571576474,-0.1418661323976954,0.034354076949668716,-0.49437251147176176,0.9640373785987014,0.9798812109701508,0.8671296775344983,0.5860291659115742,-0.7697116755485447,0.7423370860881715,0.9915124104532406,-0.9661256098884446,-0.692173813923527,-0.4590389223389706,-0.7801046686056263,0.8837645698814551,-0.49247292902679807,-0.9707615963875351,-0.29736588120670626
700,-0.5655726386749653,0.5124482697174068,-0.14783396208137012,0.030596184376568403,-0.49973646584339526,0.8817325784476369,0.9660408083323849,0.8781146195682054,0.761354196930451,-0.8159013553554851,0.6934417675912612,0.9522514827338256,-0.947243414423863,-0.7159424497139211,-0.43832272934422695,-0.6626255396070673,0.8421260140739828,-0.4423400717591103,-0.9849869855729346,-0.2051256668500136
701,-0.5385986772544379,0.48364741766621705,-0.14442120077154227,0.036311347433224596,-0.51201703280404,0.9458447115044809,0.9274638830733789,0.9698681953518709,0.7599792685789272,-0.8201553570500865,0.6670605125051219,0.9147499892287423,-0.9000630574379852,-0.7521546016941626,-0.4592701035266291,-0.5695373705458113,0.7520721498650624,-0.5331089851785634,-0.991330467723242,-0.1973335361732852
702,-0.5494470409993761,0.5082104643131626,-0.1442924371519288,0.033153900294120756,-0.5065837330634531,0.9827929782675987,0.958652616752845,0.8718718681115585,0.5718198520272106,-0.915737969151693,0.6551449591389488,0.90575307554639,-0.8741885475952018,-0.6990979272531113,-0.5829336713764537,-0.5460481811512079,0.7691918188054199,-0.5905848200452434,-0.9525991132016121,-0.2754025821693418
703,-0.5494470409993761,0.5082104643131626,-0.1442924371519288,0.033153900294120756,-0.5065837330634531,0.9827929782675987,0.958652616752845,0.8718718681115585,0.5718198520272106,-0.915737969151693,0.6551449591389488,0.90575307554639,-0.8741885475952018,-0.6990979272531113,-0.5829336713764537,-0.5460481811512079,0.7691918188054199,-0.5905848200452434,-0.9525991132016121,-0.2754025821693418
704,-0.5378121588352145,0.4754384060510938,-0.13943673328217035,0.029095784096449424,-0.5036112709548044,0.8957587669226987,0.9465026380278552,0.9515852493562815,0.5746614285795617,-0.8759988005538833,0.7647150017752259,0.8641160761412824,-0.8829144492278033,-0.6883877735512173,-0.5125436400902807,-0.5812922409306616,0.7959717959468923,-0.5754670003635465,-0.989546587541042,-0.3436103164182664
705,-0.5685163694052952,0.5032530030378655,-0.13679172550165355,0.023253294506399586,-0.49655683004086576,0.9481582643957702,0.9984849374827286,0.9723551262570481,0.5552672442797212,-0.952831776345079,0.8236417712146236,0.8085357032866787,-0.849932690217758,-0.7658058309475595,-0.3701873134897229,-0.5642904423780866,0.8935433606230714,-0.49740655053755584,-0.9875601890165772,-0.3425960169507868
706,-0.5685163694052952,0.5032530030378655,-0.13679172550165355,0.023253294506399586,-0.49655683004086576,0.9481582643957702,0.9984849374827286,0.9723551262570481,0.5552672442797212,-0.952831776345079,0.8236417712146236,0.8085357032866787,-0.849932690217758,-0.7658058309475595,-0.3701873134897229,-0.5642904423780866,0.8935433606230714,-0.49740655053755584,-0.9875601890165772,-0.3425960169507868
707,-0.5553190472505445,0.5016149301759452,-0.14348360827715115,0.03524444755159709,-0.500279683920264,0.9545435386437758,0.9395500070124129,0.9507656613796037,0.5936777746094013,-0.9869370110105847,0.7659005134414522,0.7363691603557033,-0.8076913671982501,-0.8244707196962386,-0.4953972221807035,-0.5856066339341366,0.8104076895438193,-0.4499671141077085,-0.9465949104094563,-0.2682039720573149
708,-0.5592257561062434,0.49376473661985587,-0.13761238862675992,0.025983513626190998,-0.49571619830347197,0.9641699470132071,0.9752585776549071,0.8810006993185227,0.632137192664009,-0.9754580272513895,0.7447713860818452,0.7105918425715186,-0.8612792494305762,-0.7382680283458961,-0.44399716222892605,-0.5009851284441046,0.8549106042403184,-0.5194164495920969,-0.9098474615800934,-0.2601011675341665
709,-0.5591992743024083,0.5137368085028807,-0.14688562534936725,0.025871403299549917,-0.5073066032839856,0.9390804263185139,0.9149824761343996,0.9638297947989031,0.5967908474948874,-0.9735576806659028,0.793010547438132,0.7351885968344124,-0.8694973845065693,-0.7787355575305523,-0.42000472171257375,-0.5828075914922795,0.7773022741634844,-0.48945062237346215,-0.9416150217153191,-0.3259051071042956
710,-0.5624184989789991,0.5001180723951951,-0.13927664551255156,0.0392472101615483,-0.5034032277284379,0.9917645223817924,0.8536175911117642,0.9447521624220787,0.7088758979722987,-0.9641562765532989,0.7530843671692754,0.7326244113784008,-0.7393266441002655,-0.845658253217142,-0.4579884694864897,-0.43208915419186383,0.7073084814640352,-0.5026255457846808,-0.9844637207913062,-0.3267555720400497
711,-0.5566414881390334,0.5017056749383243,-0.14531688865755843,0.024509416543056765,-0.4985146215461215,0.8839554101091589,0.882207482517005,0.964658148786612,0.6313060714620624,-0.9365507573925719,0.7559961349846762,0.7673038517192081,-0.7171661481371453,-0.8579532090609829,-0.44545905849176554,-0.47594263756918437,0.7538356884338685,-0.4445624766178546,-0.9475661176690973,-0.4206247046234104
712,-0.5566414881390334,0.5017056749383243,-0.14531688865755843,0.024509416543056765,-0.4985146215461215,0.8839554101091589,0.882207482517005,0.964658148786612,0.6313060714620624,-0.9365507573925719,0.7559961349846762,0.7673038517192081,-0.7171661481371453,-0.8579532090609829,-0.44545905849176554,-0.47594263756918437,0.7538356884338685,-0.4445624766178546,-0.9475661176690973,-0.4206247046234104
713,-0.559243058670194,0.4907893739095468,-0.13472093085072345,0.03488786293058788,-0.5063401011751864,0.882440524278849,0.8727296826923895,0.8925909524055379,0.5167924604921427,-0.958585972388369,0.8068373952244312,0.7888672943553061,-0.7285695401357035,-0.7883380326771079,-0.4863416408153057,-0.5782875600978024,0.8634861880777653,-0.43971645429299855,-0.9730463631189593,-0.3344462189335414
714,-0.5498762604259938,0.5210864668563826,-0.1538462163429525,0.03338903519159988,-0.5119661208061674,0.9038282605664754,0.9153411288621353,0.9475395884788653,0.5646168899654377,-0.9532403267399813,0.7809678213159673,0.8063925577292093,-0.7691006204501852,-0.8309612834855877,-0.4602119381071343,-0.5442984326996553,0.8638977542432802,-0.4789013468604129,-0.9558154637373806,-0.2888819883638779
715,-0.5465261928621284,0.4869560092965953,-0.1464660799929609,0.04633700685939359,-0.5154601368422945,0.9964695032745348,0.9176713426764437,0.9237763779403204,0.6206148220042371,-0.9688306520366473,0.7820221561449691,0.7810075824844599,-0.8784120720790567,-0.9086393549720359,-0.4658641488720382,-0.5785856638330782,0.7875269256296438,-0.4723658397740889,-0.9982927735953111,-0.32772818861280456
716,-0.5275288019129488,0.4775364047183133,-0.1560037813890271,0.03919020946135162,-0.4990614616713227,0.9275760129930705,0.8280273329228425,0.8385110147100062,0.6616563490850758,-0.9788565899620846,0.8961705194285156,0.7972318613018272,-0.7280107807105765,-0.7622448733478222,-0.4986525568392402,-0.5555906938623711,0.8657507710732327,-0.45593464709517834,-0.999407604716442,-0.36372980236003805
717,-0.5275288019129488,0.4775364047183133,-0.1560037813890271,0.03919020946135162,-0.4990614616713227,0.9275760129930705,0.8280273329228425,0.8385110147100062,0.6616563490850758,-0.9788565899620846,0.8961705194285156,0.7972318613018272,-0.7280107807105765,-0.7622448733478222,-0.4986525568392402,-0.5555906938623711,0.8657507710732327,-0.45593464709517834,-0.999407604716442,-0.36372980236003805
718,-0.5629313162318661,0.5092711195839863,-0.15298874461747022,0.045780871593238424,-0.5095780029478042,0.9098336548282968,0.8895711827605596,0.8938415697970479,0.6890051699274132,-0.8783753777342771,0.8482033675414357,0.8111611231364849,-0.7080730640501257,-0.7553481940905528,-0.4633288589624468,-0.6186940208494378,0.9443138037726009,-0.46154914463264274,-0.992033405785949,-0.3069977230894364
719,-0.5526674224814906,0.4993809482304607,-0.1538585346084517,0.04808922935384746,-0.5049027851416709,0.9906850054316654,0.9774828410060153,0.9910602075815955,0.635078854398861,-0.955788839205247,0.9512905458417079,0.7471237837747201,-0.6358556567778445,-0.8075158244526927,-0.44845442169514543,-0.6715981143088546,0.9844436438507242,-0.4165745330189437,-0.9167747216571024,-0.168910560790202
720,-0.5780533640781357,0.5161359807254637,-0.14240849894388316,0.038057043010098476,-0.4984714312162524,0.9010455404135486,0.9845544584067579,0.9605628029921955,0.6445806829371884,-0.9825434408394712,0.9392560504692339,0.7134854133395876,-0.6659259408538466,-0.8872993032454463,-0.41968402333058247,-0.5638923104196598,0.9714374942672356,-0.38162002219955116,-0.965821942537884,-0.35526966764365875
721,-0.5780533640781357,0.5161359807254637,-0.14240849894388316,0.038057043010098476,-0.4984714312162524,0.9010455404135486,0.9845544584067579,0.9605628029921955,0.6445806829371884,-0.9825434408394712,0.9392560504692339,0.7134854133395876,-0.6659259408538466,-0.8872993032454463,-0.41968402333058247,-0.5638923104196598,0.9714374942672356,-0.38162002219955116,-0.965821942537884,-0.35526966764365875
722,-0.545245991866594,0.48299638191241395,-0.1519031819395286,0.03920598687190465,-0.5069842703057488,0.9990653151274232,0.9928653421738775,0.9542256418762723,0.6445426276410146,-0.8869224541350751,0.9232395751578621,0.7242923083444284,-0.6016890704422254,-0.9420200942656769,-0.36114186431688566,-0.6325305870421026,0.9667544630451617,-0.45567507780192545,-0.9962278856846567,-0.32301915022599725
723,-0.5574327964756032,0.5003172225591143,-0.15156701123096797,0.04746967636498763,-0.5152375319737303,0.8785310440533375,0.9882823450386267,0.9580411364016279,0.6173169169467194,-0.8459503146413443,0.8535733576687786,0.7853466533694408,-0.6140457787800684,-0.9278439812905156,-0.3988907438503156,-0.6457418290271064,0.9642938104303305,-0.43934636355151446,-0.994357679066266,-0.370132209448775
724,-0.5574327964756032,0.5003172225591143,-0.15156701123096797,0.04746967636498763,-0.5152375319737303,0.8785310440533375,0.9882823450386267,0.9580411364016279,0.6173169169467194,-0.8459503146413443,0.8535733576687786,0.7853466533694408,-0.6140457787800684,-0.9278439812905156,-0.3988907438503156,-0.6457418290271064,0.9642938104303305,-0.43934636355151446,-0.994357679066266,-0.370132209448775
725,-0.5432592728230623,0.5054684771199188,-0.15754004258358884,0.045303621083121304,-0.5161643234058096,0.8555022655927624,0.9956808182566728,0.9954651115662816,0.6424010618374411,-0.781520407131181,0.8603752374395474,0.84511847983025,-0.6626303765540756,-0.8180746105396702,-0.3573031969310894,-0.6446370455608781,0.9840819676314408,-0.42498586713516223,-0.9804020652465194,-0.3875747250767342
726,-0.5566016165818654,0.4945437961492878,-0.14612299909419735,0.04754579528531457,-0.5081626960966164,0.8944172630142435,0.9979784463733636,0.9603235421355248,0.5476637303438652,-0.8380189777493429,0.8849062174380097,0.8637506286706034,-0.7017740878560559,-0.7997967720524294,-0.4409730695203198,-0.6715935272100438,0.9317533270424639,-0.472570076550996,-0.9621867130767786,-0.38825870454989625
727,-0.5629663420344915,0.5046352549829544,-0.14686240406953066,0.03381540948557094,-0.48313530037508207,0.8932070813940924,0.9914467473994049,0.9229331757655166,0.5819414648412851,-0.9288976240671232,0.9326360465471262,0.8712592551146399,-0.6806544212277412,-0.7780149833725819,-0.4418693042958781,-0.7104012253465571,0.9355434946745272,-0.37448305375021723,-0.9795582800332601,-0.4010067415872879
728,-0.5487027540989521,0.4726698862808897,-0.13957471603253568,0.04864139523846545,-0.4963995521653173,0.9216071908768945,0.9712418302385675,0.877171262830489,0.6488019789705812,-0.8334892056754991,0.8918545258771796,0.9622890724249267,-0.8417088145760371,-0.7853644446065076,-0.38752447039547233,-0.7237685691534707,0.8506781261298648,-0.3477377626236663,-0.9942055047445102,-0.45159343448151823
729,-0.5571514244254059,0.5049961923063636,-0.14664519056898973,0.037497700697215613,-0.4951158664430654,0.9693857768257496,0.9931512318287612,0.952592647644981,0.6589413215090517,-0.7455161869125227,0.913591177965314,0.955181830187589,-0.7139563900389397,-0.7244968595185871,-0.3744614572093734,-0.7227301721931783,0.8652634021122539,-0.3951797560833934,-0.9838394698467656,-0.371575149369397
730,-0.5453980891785661,0.48770003745684526,-0.14465639889418902,0.0501084955782266,-0.520152710504157,0.9467950142579091,0.9937835773418272,0.8800312683670689,0.6488181813086557,-0.8215138722983746,0.8716977428614812,0.9145995809008832,-0.7439504377451837,-0.6408516162572429,-0.4258226273352463,-0.6802086796446982,0.979329777782981,-0.42502656186630106,-0.9949228599862996,-0.3471440952545269
731,-0.5426520729154977,0.5000193801366482,-0.1501489754853486,0.03324722158040987,-0.4955805113141332,0.9774443977004874,0.9941249382281727,0.9609183699908391,0.6484433883321774,-0.8660050159336138,0.9379617037624187,0.844933395420885,-0.7699768267547841,-0.6484511251608785,-0.3483958683345545,-0.6435207154255607,0.8773170487875962,-0.4868426625527436,-0.9930189883330702,-0.3000245336607438
732,-0.5500020112828368,0.48409982627478326,-0.14619449028031345,0.04573456786518483,-0.5271816539718187,0.9590282900330356,0.9882004433952699,0.9733153628710286,0.6769992437782835,-0.8278346173498394,0.9477736618049409,0.8421989488713966,-0.8093192815601081,-0.6882108019896147,-0.43650237265716474,-0.6561222292121033,0.9576246357123366,-0.5001435641635279,-0.9578938795343311,-0.3536876097615083
733,-0.5529909270137576,0.512801279644417,-0.15334974912255098,0.021955924945191933,-0.5010684497054587,0.9904419363184999,0.989228911991603,0.9575509200468817,0.6256415928757351,-0.7796103922421441,0.8889709649292765,0.9006833384279453,-0.788506051290694,-0.5956239822621324,-0.3331047522900687,-0.6810859119613291,0.8701981935138638,-0.5090004616839501,-0.985393646282397,-0.2618751760342318
734,-0.5534217093039195,0.47281836215934436,-0.1396908683457672,0.03894774415493348,-0.5167787395475024,0.9778024086074623,0.9729968249694569,0.8972728727704635,0.7455242379209561,-0.7236144353584791,0.8719654579090161,0.9446075715152145,-0.7726004279862962,-0.655083895575688,-0.5171746284191102,-0.6625534942404064,0.8891089810174025,-0.4819902245126098,-0.9915766479688491,-0.3990103708974361
735,-0.5449394738084233,0.504899069843102,-0.14933779656256155,0.02639711987441248,-0.4938862025184637,0.9899798366062533,0.9390336230079215,0.8099894295522215,0.7210367019052859,-0.778364523821447,0.9398402335829343,0.9804265727857616,-0.7232191531222735,-0.6015105688053668,-0.38159839239955384,-0.7100230567609426,0.878825236786994,-0.35269352256877534,-0.9892644358214694,-0.30921975169827876
736,-0.5641095174643064,0.5027789381205338,-0.14612892660177584,0.0476619043072855,-0.5281294195146069,0.944661803867815,0.9572761099482995,0.7788330987004574,0.736822780985049,-0.7058775326201453,0.9519283913093608,0.9587639460242723,-0.6862128073275322,-0.6338303187852248,-0.5097767420444608,-0.7865942568111246,0.9595025331927727,-0.3456010879006331,-0.9874999728523557,-0.4095828923081212
737,-0.5275663304051468,0.49528740678748173,-0.15592702552276452,0.045730312758889315,-0.5067982328303214,0.9978154880599616,0.9475633151042282,0.719441428213834,0.8130902803270477,-0.6194927332565474,0.9895765410057469,0.9513738741591536,-0.5679901899160805,-0.6113750428004294,-0.3831476742414175,-0.7637907579419347,0.9499132916654157,-0.3498288837399819,-0.9883096362144378,-0.39414537142477996
738,-0.537092347826513,0.4730866551784286,-0.13960722249346547,0.06238791889906811,-0.5236035430791424,0.9635939198369546,0.9600521005519271,0.8437013467958473,0.7523075234583527,-0.7184454081460875,0.9637684815652932,0.9642508827966619,-0.5500200238713056,-0.5358544892312187,-0.4292623470878087,-0.7209047439032532,0.931493498012535,-0.2727291960142563,-0.9912516513050016,-0.4610519454583496
739,-0.5646797574660305,0.5173288351646679,-0.14406063160076263,0.04581486256672483,-0.48939184953356857,0.9829213280369145,0.9909900554850068,0.9132026040749759,0.744989835373102,-0.8490053357238277,0.9459892415649245,0.9523078406488794,-0.527333804960083,-0.6412601977561518,-0.46597374488399546,-0.6824420197837024,0.9832090928067548,-0.3532710543442888,-0.9808451554116463,-0.23325907678532665
740,-0.5559658389571197,0.49627048212621994,-0.14618024681772168,0.059920543648368726,-0.5063615344590611,0.9933503782759454,0.9336387827457966,0.924106807770541,0.7452578817639414,-0.8345955787994992,0.8513449969841821,0.9290487049079779,-0.523326045473738,-0.5458104922318001,-0.509936774815387,-0.6206843119557229,0.9016082815715342,-0.3223590650200325,-0.981956738025841,-0.25358563139383417
741,-0.546419311092841,0.4891469806065415,-0.14296563205603716,0.053656798657507665,-0.49864444592169127,0.9719865956648103,0.9110663934564486,0.8815944286310289,0.6953711906282964,-0.8791292477293493,0.9418993821924679,0.9105933745149528,-0.5349516328718014,-0.43834999561540133,-0.3230726765484876,-0.6945619018006176,0.9884284742464248,-0.2429521667793589,-0.9997684629171111,-0.3328275764172075
742,-0.5579186182305849,0.49008885601694946,-0.1305547291283058,0.04516067739453899,-0.4796703743875375,0.9748085718318219,0.916907952811856,0.7661423505737633,0.7559840388517273,-0.8203575628231562,0.9748108210988345,0.8842485182094911,-0.5711640214736622,-0.41639612407131,-0.43329444477633056,-0.679453148249845,0.8948660462907702,-0.2326768500954127,-0.9839421282811408,-0.46052804982882517
743,-0.5449876531597958,0.4850734127940192,-0.1342431136402989,0.044054633132012806,-0.4742635588139844,0.983700269531468,0.8958419191870742,0.7246393775356665,0.7538026297938132,-0.7908838364216652,0.9508796381721736,0.8965300487374405,-0.5788545903209419,-0.44020073114649205,-0.39848048005002157,-0.6963702677043747,0.9105379382631112,-0.25060081615895285,-0.9955976766636488,-0.4143437520013398
744,-0.5449876531597958,0.4850734127940192,-0.1342431136402989,0.044054633132012806,-0.4742635588139844,0.983700269531468,0.8958419191870742,0.7246393775356665,0.7538026297938132,-0.7908838364216652,0.9508796381721736,0.8965300487374405,-0.5788545903209419,-0.44020073114649205,-0.39848048005002157,-0.6963702677043747,0.9105379382631112,-0.25060081615895285,-0.9955976766636488,-0.4143437520013398
745,-0.5627338811930961,0.5131363165189377,-0.1456635665949026,0.058224570603366305,-0.49448338241560835,0.9891026786220529,0.9019154122708738,0.6764493472369715,0.7871467850506942,-0.7962701129398583,0.9705021955144146,0.8762860540008146,-0.5464808938109308,-0.4441466975042278,-0.43534454208848267,-0.7579246473603086,0.9210892081632119,-0.17778197998803724,-0.9878559325791034,-0.4354353973011602
746,-0.542679854281565,0.491418090751639,-0.14802065538586706,0.06099501452998417,-0.500180747252936,0.9779059186326771,0.8655939383281704,0.7337034087313716,0.7155683661888899,-0.9145359570883396,0.94877245208359,0.8622579248190319,-0.5231846818462004,-0.51086394601605,-0.4106351788702972,-0.5993405137853389,0.8535831481304968,-0.20113787520290902,-0.9871104292337164,-0.430581219234424
747,-0.5625363257353576,0.5104253083922722,-0.1389844842105723,0.049931777812142183,-0.4738205465584022,0.9826793549219652,0.9544092983255661,0.7838832793214368,0.6255098333001894,-0.9529932398351441,0.9690387333738555,0.7934487844424865,-0.5633981581351426,-0.5261371177378729,-0.4450266680363249,-0.6084966537093041,0.8309770760097547,-0.18880911978944984,-0.9739598170026462,-0.49837143013597857
748,-0.5480789914779273,0.48572136068527666,-0.1340380817099884,0.034425076906507146,-0.4908717912041791,0.9553859541601013,0.9943373825257128,0.8100207530508408,0.5970885675161067,-0.9741104103557303,0.9955743828747319,0.8003263593358362,-0.556068653718097,-0.4836146738807773,-0.3795623327671433,-0.6145451168013198,0.9421361425301021,-0.20337526149900456,-0.9939277009306049,-0.5044848884461054
749,-0.5625748378400891,0.5128951739810109,-0.13589477639673953,0.0319500008894949,-0.5070536505173378,0.9218771995957074,0.9491728917126687,0.9372372850701683,0.530872503438592,-0.9391750769264888,0.9954867460840925,0.832658644782673,-0.5355229065030518,-0.3905639792523914,-0.3984230530133723,-0.589687664445632,0.9078260334082934,-0.37469126675040293,-0.9963580759524254,-0.5020136760903127
750,-0.5407186089545872,0.4978923068122897,-0.14218461865415535,0.033216558613659415,-0.5157989838798934,0.8801889469037455,0.9497139535043267,0.9729028026525387,0.6543045630639774,-0.8343150577061325,0.9530940086632899,0.8199869035053232,-0.5385840896870883,-0.5569209944992468,-0.43568805508907776,-0.5110091282151633,0.9254499102589517,-0.4736258503565314,-0.9964261952849192,-0.4737631537579443
751,-0.5672220352823556,0.5016874870115958,-0.14259987382799547,0.038868229249021974,-0.5006210862939456,0.9477571639735781,0.966347501289363,0.9101543989236459,0.5532709893783778,-0.78480271139443,0.8082824070322898,0.9043987690922664,-0.5959045071364731,-0.6238987901782439,-0.42713784055321935,-0.6844535675755528,0.9459394815628662,-0.41800341318717277,-0.9967844737185373,-0.3762060062303742
752,-0.5442659042683348,0.4832691252105398,-0.15254137459872255,0.045831625941793235,-0.5077015791165732,0.9476917449927567,0.9675967346745284,0.9343266965031072,0.7033841130578917,-0.9026656955881298,0.8800298815473865,0.8250303650668628,-0.5966559685320653,-0.730282591899526,-0.43569773956709584,-0.6011767449311274,0.9276723810963358,-0.387159630479797,-0.9934601528138948,-0.2730767948423487
753,-0.5404431168563875,0.4853392014050071,-0.15064870845833772,0.03531204177677096,-0.5043573557063913,0.9641152446513532,0.9424267989441046,0.9269065692962,0.7437487536230725,-0.8762319551624475,0.9507276104961258,0.7617740756434961,-0.5859475904219714,-0.5953435760635702,-0.4109666070198501,-0.6028499130888341,0.9131618220523585,-0.3955577727603386,-0.9673371273330786,-0.3286146737712017
754,-0.5680108825246345,0.513387806610738,-0.1388703365662588,0.03901394669316598,-0.515320945801035,0.9943445365901171,0.9561966183904622,0.8787799277301129,0.7195891673254172,-0.9023464783028533,0.9760852683119998,0.7253099180569308,-0.5964207162623497,-0.5605258716925459,-0.3181468083825452,-0.5990781119926661,0.8978440370229771,-0.2630443564048115,-0.9288146250816711,-0.4339895407653719
755,-0.5593937987221097,0.5102064673210263,-0.15252330094616412,0.029277430399610366,-0.5157783624151563,0.9971144689311202,0.9984545304072202,0.8961665476985939,0.7294210233394527,-0.8518414436016405,0.9671469385178608,0.6924833039871077,-0.6110840266205277,-0.4755407910904929,-0.28806476495777744,-0.5649228241290717,0.8155577728494441,-0.28350271830343576,-0.9916359599063571,-0.4262358805931298
756,-0.5593937987221097,0.5102064673210263,-0.15252330094616412,0.029277430399610366,-0.5157783624151563,0.9971144689311202,0.9984545304072202,0.8961665476985939,0.7294210233394527,-0.8518414436016405,0.9671469385178608,0.6924833039871077,-0.6110840266205277,-0.4755407910904929,-0.28806476495777744,-0.5649228241290717,0.8155577728494441,-0.28350271830343576,-0.9916359599063571,-0.4262358805931298
757,-0.5700540143400141,0.4964039481325671,-0.1391871565313321,0.03079917827263398,-0.500680756432445,0.995148158256488,0.9898326653247911,0.8102805881088768,0.6462598906717748,-0.8875896098029916,0.9436210444413958,0.7538944879066963,-0.6216113363820018,-0.5050437945267258,-0.3653578939117694,-0.5440445932955142,0.9154494147899113,-0.4091775923454664,-0.9938274042772253,-0.4111060851250136
758,-0.5700540143400141,0.4964039481325671,-0.1391871565313321,0.03079917827263398,-0.500680756432445,0.995148158256488,0.9898326653247911,0.8102805881088768,0.6462598906717748,-0.8875896098029916,0.9436210444413958,0.7538944879066963,-0.6216113363820018,-0.5050437945267258,-0.3653578939117694,-0.5440445932955142,0.9154494147899113,-0.4091775923454664,-0.9938274042772253,-0.4111060851250136
759,-0.5573319245655673,0.5001931578257062,-0.14236301971718288,0.025695312766214243,-0.49440790497591686,0.9465740255984652,0.9977329085534165,0.8107822366335117,0.6224657917546506,-0.8889053999343685,0.8321086594565366,0.7572022391645593,-0.60330061516775,-0.46981678290810497,-0.37880822922250224,-0.48524689772695173,0.8457971973512585,-0.29155532273702833,-0.973811798473176,-0.3913247963089194
760,-0.5573319245655673,0.5001931578257062,-0.14236301971718288,0.025695312766214243,-0.49440790497591686,0.9465740255984652,0.9977329085534165,0.8107822366335117,0.6224657917546506,-0.8889053999343685,0.8321086594565366,0.7572022391645593,-0.60330061516775,-0.46981678290810497,-0.37880822922250224,-0.48524689772695173,0.8457971973512585,-0.29155532273702833,-0.973811798473176,-0.3913247963089194
761,-0.5771169120680348,0.5063374928008274,-0.14002088483634964,0.039472921582751445,-0.5144656004513737,0.9488778508650573,0.9669885785907791,0.7511945256215771,0.6476242231649124,-0.9436450888181716,0.8705576666096622,0.8094845431438505,-0.5773396531769852,-0.6428299444340037,-0.3649638095813172,-0.5678216760749172,0.8717285459279643,-0.29935737254482314,-0.9975102682961072,-0.37433942670764264
762,-0.5342327685712808,0.480495882167302,-0.15471608455324534,0.035203810174197214,-0.5008930663913723,0.9225862078388037,0.9704872610287859,0.7719526136303421,0.5563904881748969,-0.9705765636044307,0.7639695951984302,0.7529588974140596,-0.4687168635554995,-0.643979927003636,-0.5101490954013245,-0.5717098272663212,0.9347319885156665,-0.2967971004103162,-0.9964266739221801,-0.36304396835703723
763,-0.5342327685712808,0.480495882167302,-0.15471608455324534,0.035203810174197214,-0.5008930663913723,0.9225862078388037,0.9704872610287859,0.7719526136303421,0.5563904881748969,-0.9705765636044307,0.7639695951984302,0.7529588974140596,-0.4687168635554995,-0.643979927003636,-0.5101490954013245,-0.5717098272663212,0.9347319885156665,-0.2967971004103162,-0.9964266739221801,-0.36304396835703723
764,-0.5660106626125553,0.4990350015566417,-0.1472638804264581,0.04852557306957165,-0.5210783377421971,0.9433127101729061,0.967019978694324,0.7587405164241223,0.4865269019757985,-0.93066263562568,0.8344274623643658,0.6647844136478711,-0.48165505374051093,-0.8570901679833326,-0.3930673476751772,-0.6592513387154204,0.9389256641639337,-0.29450271620835455,-0.9876984460805122,-0.4088168711917613
765,-0.5660106626125553,0.4990350015566417,-0.1472638804264581,0.04852557306957165,-0.5210783377421971,0.9433127101729061,0.967019978694324,0.7587405164241223,0.4865269019757985,-0.93066263562568,0.8344274623643658,0.6647844136478711,-0.48165505374051093,-0.8570901679833326,-0.3930673476751772,-0.6592513387154204,0.9389256641639337,-0.29450271620835455,-0.9876984460805122,-0.4088168711917613
766,-0.5427427498013704,0.5087342924039191,-0.15953986428294503,0.040746100817695086,-0.5191986108201733,0.9809364953633071,0.9466525094612164,0.8707975369635326,0.5243302545974896,-0.938025276130427,0.8050237063491295,0.791239273080318,-0.5460847971119935,-0.9678321683363356,-0.46663399695684177,-0.592428916913453,0.8767464910532619,-0.28234444124106434,-0.9852820385695946,-0.47747096358467045
767,-0.5463285496558415,0.48203295607876784,-0.14815866916182263,0.05669030598292195,-0.5277246965285082,0.9071625547053637,0.9990629498677488,0.7780644686664113,0.5194065679158403,-0.9918106534759258,0.8818657742708155,0.7648657492978553,-0.5909787335786758,-0.9974722337151682,-0.4287937084121148,-0.7311473304293509,0.986133362487142,-0.23540315035179066,-0.9806983393213309,-0.415705517237478
768,-0.5515121697440614,0.513359504771842,-0.15017981993974874,0.03533263130428803,-0.5022753228064106,0.9304750229841924,0.9946507237477134,0.7431835712228592,0.488810583589324,-0.9705197115550089,0.8424054988930725,0.6690443859685782,-0.4771523561794994,-0.955865238809221,-0.42742477489959024,-0.6933107432612013,0.9767946710503237,-0.22015054049204635,-0.9635839952348261,-0.3861255930535088
769,-0.5373986853559127,0.47152414106790813,-0.14363159021263408,0.05361404258382324,-0.5294034349754667,0.9602945736158278,0.9975821458091009,0.7467868641028202,0.5065133475717933,-0.9288533527888014,0.7668096712250129,0.8295738125660153,-0.4754755144703311,-0.9573016437979882,-0.48507678292823,-0.7568209328096756,0.9597881575665052,-0.15372312792190074,-0.9820376389343046,-0.4240672827484827
770,-0.5649600162862106,0.5153525595433809,-0.1440552624732869,0.0422842853189872,-0.5076833215271249,0.9298136845290186,0.9865944271833226,0.7180137034617623,0.5310413620928226,-0.9168429751105628,0.7987456127394934,0.9126495865984366,-0.624524932505966,-0.9680737980346321,-0.5537567114009713,-0.7142332313076917,0.8636833221843416,-0.20840128861642057,-0.9257723849496688,-0.49455702795637846
771,-0.5394397767404127,0.4824868891286184,-0.14971252555054904,0.05929298615050215,-0.531769247109945,0.9926784742646353,0.9871282359252511,0.7256132653895618,0.4602768843088847,-0.9536385564049545,0.8866393848972471,0.9006908515432249,-0.6302034910364537,-0.9982514741862321,-0.5622533747822523,-0.7249433561978181,0.9087329697389274,-0.30667448714146145,-0.949946687421388,-0.5639010735675571
772,-0.5394397767404127,0.4824868891286184,-0.14971252555054904,0.05929298615050215,-0.531769247109945,0.9926784742646353,0.9871282359252511,0.7256132653895618,0.4602768843088847,-0.9536385564049545,0.8866393848972471,0.9006908515432249,-0.6302034910364537,-0.9982514741862321,-0.5622533747822523,-0.7249433561978181,0.9087329697389274,-0.30667448714146145,-0.949946687421388,-0.5639010735675571
773,-0.5369815031945016,0.49612640983629525,-0.15011404878410545,0.04548990709359569,-0.49691083320298113,0.9439073623748738,0.9903908698254094,0.77921939992628,0.45975363855378387,-0.9479852546008265,0.894220221245774,0.8224690567478475,-0.6195430039691798,-0.9364591118979664,-0.5341257511582306,-0.6765579518838241,0.9041517813868307,-0.3282113737567623,-0.9546257354778763,-0.5676267980319691
774,-0.5349591819340662,0.47335712558806664,-0.14246162738111706,0.0702579789090644,-0.5256149790300088,0.8018970679845057,0.9842829898538927,0.8226722436883315,0.41583869923561495,-0.9062170483095389,0.8924188382053391,0.8784016821258668,-0.494012832506358,-0.920308229681831,-0.3836019102054184,-0.7899752675307066,0.9956982738176351,-0.10123909596228764,-0.9750264933111014,-0.5823675161826891
775,-0.5349591819340662,0.47335712558806664,-0.14246162738111706,0.0702579789090644,-0.5256149790300088,0.8018970679845057,0.9842829898538927,0.8226722436883315,0.41583869923561495,-0.9062170483095389,0.8924188382053391,0.8784016821258668,-0.494012832506358,-0.920308229681831,-0.3836019102054184,-0.7899752675307066,0.9956982738176351,-0.10123909596228764,-0.9750264933111014,-0.5823675161826891
776,-0.5469671523861467,0.5188197330747677,-0.14220602237775898,0.056364775982092614,-0.5046945726816251,0.9092908224572377,0.9993652333807714,0.7845318660294937,0.509721008908277,-0.9842649621457777,0.9392887442448938,0.8949126217779351,-0.49508334850936786,-0.8329096438999583,-0.43733483628772823,-0.69925781194089,0.9229048253376191,-0.08528980403651532,-0.9824808709531151,-0.5670788297535315
777,-0.5597067389582048,0.5077809048287389,-0.13218895562184754,0.04589390065396817,-0.5121166907852476,0.8653774929548278,0.9931229749415946,0.7523464609057051,0.42939711040386846,-0.8415274497844071,0.7944293308832839,0.7380155279732009,-0.3723470082700624,-0.8874591644537604,-0.41148214496004465,-0.6231228842019421,0.8855445679003991,-0.1233339897645083,-0.9801849136418335,-0.720738712687052
778,-0.543700511218609,0.4918023782084207,-0.14798368108543575,0.0456896420066178,-0.5142877505586526,0.8929918214795645,0.9976673824354748,0.7281978951644364,0.4169311480469743,-0.7722275461307283,0.8722780308959789,0.7320397026310349,-0.30730017327739356,-0.9708162225119734,-0.4261211417425032,-0.6139493995900188,0.840779193208616,-0.16463965382380127,-0.9773494473645805,-0.8056225021534418
779,-0.543700511218609,0.4918023782084207,-0.14798368108543575,0.0456896420066178,-0.5142877505586526,0.8929918214795645,0.9976673824354748,0.7281978951644364,0.4169311480469743,-0.7722275461307283,0.8722780308959789,0.7320397026310349,-0.30730017327739356,-0.9708162225119734,-0.4261211417425032,-0.6139493995900188,0.840779193208616,-0.16463965382380127,-0.9773494473645805,-0.8056225021534418
780,-0.5480957046099499,0.4891296599177802,-0.14029297294066595,0.03428877835988516,-0.4999749399243794,0.7586238504981105,0.9176135730578041,0.6954009776951018,0.42553685624585236,-0.7148987282726337,0.6935368669769586,0.6774776781298623,-0.22011144521069062,-0.7994084638002169,-0.41022687732302,-0.5389983159233012,0.8317619436866563,-0.1287761830516742,-0.9849132143300654,-0.7973660928740126
781,-0.5480957046099499,0.4891296599177802,-0.14029297294066595,0.03428877835988516,-0.4999749399243794,0.7586238504981105,0.9176135730578041,0.6954009776951018,0.42553685624585236,-0.7148987282726337,0.6935368669769586,0.6774776781298623,-0.22011144521069062,-0.7994084638002169,-0.41022687732302,-0.5389983159233012,0.8317619436866563,-0.1287761830516742,-0.9849132143300654,-0.7973660928740126
782,-0.5291549828496814,0.46615917251912525,-0.14987554759110663,0.03456765218722696,-0.5023315684959815,0.7877260160724691,0.950309546791423,0.7311290192921863,0.428920675692725,-0.6517872888947919,0.7160465318109143,0.6618981977456998,-0.18804895929074167,-0.799007211582265,-0.41444278800447626,-0.634319510200332,0.9114343150312035,-0.1344925516337588,-0.9686256606226483,-0.7007719946127338
783,-0.5511940126682803,0.5083656580649846,-0.1485027891597088,0.049251368888495656,-0.5025165442110894,0.8409789082633086,0.8811579927255393,0.6910001174306851,0.4906284101689185,-0.6653573703779271,0.8232962198134942,0.7053273952712963,-0.18349887180474123,-0.8535557525824868,-0.37188281771863624,-0.6723681023946959,0.9145931377594189,-0.07315942222636586,-0.9700002870695555,-0.7206715500254723
784,-0.5142205724172918,0.4570744291563702,-0.1431134177864066,0.05029686244120837,-0.5133027028554833,0.7240366568512924,0.9963698809475896,0.7129234126801614,0.512292894253643,-0.6062693892951119,0.8828646875864589,0.758712557280898,-0.22326600369463132,-0.8907236748677932,-0.3851627102221532,-0.7029280914846842,0.9857500008230989,-0.03842659657754769,-0.9520121309133318,-0.8297998086388655
785,-0.5651261309164767,0.5136616205790482,-0.13898543104737576,0.04279231363718365,-0.5040549953264056,0.6617253250744003,0.9629027379993212,0.7782529332478462,0.37268623070059825,-0.641326744789026,0.9018615740499936,0.7409094483401357,-0.2645400160773124,-0.8069558340679407,-0.33859704484658004,-0.7141079129991936,0.9964604924685693,-0.09694799615553644,-0.9763985994477733,-0.8929813962769609
786,-0.5265999766273195,0.4910451653306255,-0.1365099879311124,0.038271648459629035,-0.5062107282444313,0.761118669757616,0.9494965286380157,0.6923593606640518,0.41474052103023645,-0.6652234932532298,0.9155281311165762,0.7231373228697974,-0.16152180863831808,-0.8592880441050018,-0.45698693545351476,-0.5529842246954051,0.8350211938474429,-0.15135036080668923,-0.9977207548352953,-0.9940579117033989
787,-0.5358485978793466,0.5016540829236127,-0.1412515469038522,0.05262607277759556,-0.5261378373895593,0.8413333570033376,0.9314500627572007,0.7224312996804613,0.40817991177447954,-0.6804330087464963,0.8059706874120466,0.6956671482807133,-0.10845394726266952,-0.9259315786765256,-0.42133733765842907,-0.5345856374609351,0.7906854116312803,-0.03314327744492345,-0.9821041425027581,-0.938022155751998
788,-0.5358485978793466,0.5016540829236127,-0.1412515469038522,0.05262607277759556,-0.5261378373895593,0.8413333570033376,0.9314500627572007,0.7224312996804613,0.40817991177447954,-0.6804330087464963,0.8059706874120466,0.6956671482807133,-0.10845394726266952,-0.9259315786765256,-0.42133733765842907,-0.5345856374609351,0.7906854116312803,-0.03314327744492345,-0.9821041425027581,-0.938022155751998
789,-0.5633235550175532,0.5255896695111199,-0.1431282464752772,0.038373496513057465,-0.5035105026865464,0.8195086531734878,0.9705966872181243,0.7705258850459692,0.41929196777026234,-0.667217768099872,0.7297647332294769,0.614381269867579,-0.19775169992033914,-0.9264523009711201,-0.42595910795175884,-0.423213560315744,0.69623563331382,-0.09873397711698349,-0.9465073989833139,-0.8986227754826415
790,-0.5633235550175532,0.5255896695111199,-0.1431282464752772,0.038373496513057465,-0.5035105026865464,0.8195086531734878,0.9705966872181243,0.7705258850459692,0.41929196777026234,-0.667217768099872,0.7297647332294769,0.614381269867579,-0.19775169992033914,-0.9264523009711201,-0.42595910795175884,-0.423213560315744,0.69623563331382,-0.09873397711698349,-0.9465073989833139,-0.8986227754826415
791,-0.5365302679019652,0.48260710670484364,-0.14016273400193935,0.04790277504708079,-0.5157380531063945,0.9767526050580935,0.9735784285974213,0.817115783050882,0.5681476831116881,-0.6345642305573442,0.7966944039387726,0.6257081656935254,-0.22256403479236764,-0.8377060885926442,-0.29856160944427285,-0.410588986388729,0.7055345868799872,-0.13473208119716432,-0.9800622840402241,-0.8130196318402806
792,-0.5481241553319737,0.49404013333062363,-0.13332875153039597,0.03545901126469206,-0.49042009350915283,0.9517358855751405,0.9368095466244423,0.8931935465094109,0.6076977882628589,-0.7013070728153141,0.8432393597968111,0.6806108868118277,-0.38418511613472733,-0.7288962790496859,-0.32474760283510057,-0.41887854289437304,0.6032723772606342,-0.10089969500235425,-0.9319030170920671,-0.7974767805474801
793,-0.540310291652331,0.49427282121136845,-0.1454900913934988,0.04533464182433149,-0.5133727618953547,0.9651055936435724,0.9668969186549992,0.7244869599993605,0.6117014069418452,-0.7645068611211259,0.885090502640075,0.7421060261640129,-0.3547617698059139,-0.7223954583813513,-0.4737883314341991,-0.45881643124248933,0.7299303964542307,-0.23655257671951735,-0.9764685708245724,-0.7556511843220166
794,-0.540310291652331,0.49427282121136845,-0.1454900913934988,0.04533464182433149,-0.5133727618953547,0.9651055936435724,0.9668969186549992,0.7244869599993605,0.6117014069418452,-0.7645068611211259,0.885090502640075,0.7421060261640129,-0.3547617698059139,-0.7223954583813513,-0.4737883314341991,-0.45881643124248933,0.7299303964542307,-0.23655257671951735,-0.9764685708245724,-0.7556511843220166
795,-0.5406467998582554,0.49717984504260726,-0.148234039253195,0.04210241199643649,-0.5179327959747014,0.9905991333024327,0.9906101346883196,0.8422117798702486,0.5887886604791395,-0.7809734706405793,0.9302113412437991,0.7786959173843352,-0.343094003820372,-0.7472264511193277,-0.5092405184006903,-0.46104235562144413,0.7830202417982126,-0.3313504582425505,-0.9395056154418259,-0.6275018229770303
796,-0.5713200938640506,0.5148744330414323,-0.14421123472329478,0.038974759848696965,-0.523796153605078,0.9921775502837887,0.9738896275391532,0.8955447853365492,0.5682411349204969,-0.8633489666850224,0.9191569467359769,0.8621749351198401,-0.42635491787669716,-0.7412284674176407,-0.5520040381626347,-0.484064558885218,0.7842979801847307,-0.39865419731187623,-0.998727689401435,-0.6861681743609744
797,-0.5575171656292062,0.5120140021595109,-0.15371638929566045,0.030854641473213037,-0.5173376806277944,0.9789095303732939,0.9442686363949933,0.944697154780152,0.6060270995273039,-0.9573842435963852,0.9723656634172719,0.7860880515329924,-0.4937707113478743,-0.7379778859970444,-0.49458450598111076,-0.35946103461917484,0.6983397157094107,-0.31605888496445933,-0.9578476615224553,-0.6630151547588201
798,-0.5575171656292062,0.5120140021595109,-0.15371638929566045,0.030854641473213037,-0.5173376806277944,0.9789095303732939,0.9442686363949933,0.944697154780152,0.6060270995273039,-0.9573842435963852,0.9723656634172719,0.7860880515329924,-0.4937707113478743,-0.7379778859970444,-0.49458450598111076,-0.35946103461917484,0.6983397157094107,-0.31605888496445933,-0.9578476615224553,-0.6630151547588201
799,-0.550857872506835,0.4938813480395116,-0.14935701564873136,0.0458189474099801,-0.5202049658181652,0.9346026051580922,0.9874165247873276,0.9608143627129887,0.4280096222766974,-0.9975022041717779,0.9549681045166539,0.9518271389586935,-0.48343219897847806,-0.5516572448565715,-0.5229761561386994,-0.4779980424734771,0.7490556755391615,-0.2501195268932284,-0.9673624167537456,-0.7269378858770456
800,-0.550857872506835,0.4938813480395116,-0.14935701564873136,0.0458189474099801,-0.5202049658181652,0.9346026051580922,0.9874165247873276,0.9608143627129887,0.4280096222766974,-0.9975022041717779,0.9549681045166539,0.9518271389586935,-0.48343219897847806,-0.5516572448565715,-0.5229761561386994,-0.4779980424734771,0.7490556755391615,-0.2501195268932284,-0.9673624167537456,-0.7269378858770456
801,-0.550857872506835,0.4938813480395116,-0.14935701564873136,0.0458189474099801,-0.5202049658181652,0.9346026051580922,0.9874165247873276,0.9608143627129887,0.4280096222766974,-0.9975022041717779,0.9549681045166539,0.9518271389586935,-0.48343219897847806,-0.5516572448565715,-0.5229761561386994,-0.4779980424734771,0.7490556755391615,-0.2501195268932284,-0.9673624167537456,-0.7269378858770456
802,-0.550857872506835,0.4938813480395116,-0.14935701564873136,0.0458189474099801,-0.5202049658181652,0.9346026051580922,0.9874165247873276,0.9608143627129887,0.4280096222766974,-0.9975022041717779,0.9549681045166539,0.9518271389586935,-0.48343219897847806,-0.5516572448565715,-0.5229761561386994,-0.4779980424734771,0.7490556755391615,-0.2501195268932284,-0.9673624167537456,-0.7269378858770456
803,-0.5329017942178259,0.4867697538856024,-0.1406622794514936,0.034419095670946344,-0.5102589155321502,0.8322936658167055,0.9929858639725379,0.9586410106979593,0.4429808051383027,-0.9659698121745065,0.9760813923054961,0.9548992136942916,-0.601055636566889,-0.5190430025332573,-0.41198934934019416,-0.5339604401793434,0.812789984916215,-0.24628691034875436,-0.9975396896411965,-0.7811886370510664
804,-0.5524034156559298,0.5028976562729398,-0.13715722557847881,0.049990212580834775,-0.5087962727503933,0.8343553357870108,0.984979029559256,0.917670745594584,0.4150107378473747,-0.9469564664425109,0.9490249347445744,0.9798156969512366,-0.5460839391975922,-0.41223883809674955,-0.4697139736553785,-0.5537476098498931,0.8050727533247877,-0.22195723301907094,-0.9679986925394779,-0.7394325967661077
805,-0.566695840410364,0.5172111794033887,-0.1364652575224493,0.025113288951502985,-0.48903114779666357,0.8893733622165362,0.9852016352017144,0.7260904103964089,0.4383829162706369,-0.8413554722909425,0.9696583629661064,0.9535100070602404,-0.6713412365083843,-0.3703578229665608,-0.45489175531271875,-0.5576331220862691,0.8129888282524357,-0.4109472430759893,-0.9951213783263247,-0.7353924772768065
806,-0.533077970943357,0.480343977890621,-0.14130588164584507,0.03893825322111757,-0.5069765255029335,0.8623854984090429,0.9821707840271293,0.7278263608739552,0.42263711438301477,-0.911303326944552,0.9776710021013638,0.9080389373657151,-0.8108728202671948,-0.3283956979923587,-0.4987255241292711,-0.6700192621317422,0.8274042205795589,-0.34002718735530946,-0.9723326410452013,-0.7559438972119634
807,-0.533077970943357,0.480343977890621,-0.14130588164584507,0.03893825322111757,-0.5069765255029335,0.8623854984090429,0.9821707840271293,0.7278263608739552,0.42263711438301477,-0.911303326944552,0.9776710021013638,0.9080389373657151,-0.8108728202671948,-0.3283956979923587,-0.4987255241292711,-0.6700192621317422,0.8274042205795589,-0.34002718735530946,-0.9723326410452013,-0.7559438972119634
808,-0.533077970943357,0.480343977890621,-0.14130588164584507,0.03893825322111757,-0.5069765255029335,0.8623854984090429,0.9821707840271293,0.7278263608739552,0.42263711438301477,-0.911303326944552,0.9776710021013638,0.9080389373657151,-0.8108728202671948,-0.3283956979923587,-0.4987255241292711,-0.6700192621317422,0.8274042205795589,-0.34002718735530946,-0.9723326410452013,-0.7559438972119634
809,-0.5563663358038134,0.5075931638823239,-0.1348769204560868,0.026733545081447166,-0.4871384576596502,0.8557169934709332,0.9773142939678057,0.6677453762505661,0.3649941474169983,-0.9851287127804894,0.9713311122283975,0.9580009844138325,-0.787163548150215,-0.3971827242517715,-0.49758958813610993,-0.5591808320316342,0.765516004528674,-0.3291473053237543,-0.9978082745486221,-0.8456255332669476
810,-0.5563663358038134,0.5075931638823239,-0.1348769204560868,0.026733545081447166,-0.4871384576596502,0.8557169934709332,0.9773142939678057,0.6677453762505661,0.3649941474169983,-0.9851287127804894,0.9713311122283975,0.9580009844138325,-0.787163548150215,-0.3971827242517715,-0.49758958813610993,-0.5591808320316342,0.765516004528674,-0.3291473053237543,-0.9978082745486221,-0.8456255332669476
811,-0.5344281452657933,0.471235451296167,-0.12866459769587327,0.035143359120225266,-0.4976839091856205,0.9231844988711388,0.9260704391682106,0.7171431465412358,0.30747167080548166,-0.9661082970111999,0.9196097025327278,0.937206607533124,-0.7892408175871065,-0.4419269820134637,-0.5554714202468441,-0.6063941643175035,0.7312767632694103,-0.3736737707931805,-0.9991540135265338,-0.8520762744437553
812,-0.5526984939014297,0.49584518908270475,-0.14069669251339548,0.029523429107222332,-0.47351400130445276,0.8279609634562715,0.9438023525466612,0.7522091719320868,0.31913010626768507,-0.9867595348030452,0.9927436854818238,0.918132584066183,-0.8742800152506707,-0.4653955718995983,-0.4924112870420868,-0.5625115626046697,0.7223654884965638,-0.3758711940863251,-0.9830162619819083,-0.9721995470831161
813,-0.5379691799768552,0.46087663942641865,-0.14085873790227027,0.03497572954968134,-0.49137180109389683,0.8946506960457115,0.9883180294944518,0.6456869645734643,0.3000767298656481,-0.9276629596060042,0.815957210677396,0.9195480245099151,-0.8965882519658238,-0.45932629131800723,-0.5659999020308156,-0.5849525200108773,0.6567834771654171,-0.41559571322763045,-0.9733973301338179,-0.8320668280636044
814,-0.5379691799768552,0.46087663942641865,-0.14085873790227027,0.03497572954968134,-0.49137180109389683,0.8946506960457115,0.9883180294944518,0.6456869645734643,0.3000767298656481,-0.9276629596060042,0.815957210677396,0.9195480245099151,-0.8965882519658238,-0.45932629131800723,-0.5659999020308156,-0.5849525200108773,0.6567834771654171,-0.41559571322763045,-0.9733973301338179,-0.8320668280636044
815,-0.5532510649472535,0.5176972590037899,-0.13733088077699843,0.036582888882526025,-0.5044979374752667,0.9185232098174412,0.9971924962516059,0.6790621038838571,0.2773344304671444,-0.9272121510524242,0.8474401125850601,0.9050436430627947,-0.933682789509949,-0.554013105463864,-0.5377694409727746,-0.5030647717262072,0.60143042035649,-0.4812541096944607,-0.9609498721233927,-0.8978411739593493
816,-0.5528556013991816,0.5158531668528371,-0.14631791813806125,0.048518846452647084,-0.5124687620262024,0.9871415486283809,0.9862370810394092,0.655202085807543,0.4578420968421138,-0.9294491509649999,0.9069489524988508,0.9494177384764417,-0.8158433288135192,-0.4681516171487653,-0.6362626711143704,-0.4852642267823555,0.6282459002679276,-0.45336159826785927,-0.9978910392856124,-0.8550578401294086
817,-0.5528556013991816,0.5158531668528371,-0.14631791813806125,0.048518846452647084,-0.5124687620262024,0.9871415486283809,0.9862370810394092,0.655202085807543,0.4578420968421138,-0.9294491509649999,0.9069489524988508,0.9494177384764417,-0.8158433288135192,-0.4681516171487653,-0.6362626711143704,-0.4852642267823555,0.6282459002679276,-0.45336159826785927,-0.9978910392856124,-0.8550578401294086
818,-0.5528556013991816,0.5158531668528371,-0.14631791813806125,0.048518846452647084,-0.5124687620262024,0.9871415486283809,0.9862370810394092,0.655202085807543,0.4578420968421138,-0.9294491509649999,0.9069489524988508,0.9494177384764417,-0.8158433288135192,-0.4681516171487653,-0.6362626711143704,-0.4852642267823555,0.6282459002679276,-0.45336159826785927,-0.9978910392856124,-0.8550578401294086
819,-0.5414485049005918,0.49292614563436904,-0.14065924280222844,0.048137330594454596,-0.4980864530796801,0.9654937005396755,0.968875668969315,0.7345888004246525,0.3387554195927024,-0.9346527207811812,0.8921582518160922,0.9017365885626758,-0.7806290225443467,-0.4202591224141953,-0.605151579517425,-0.5422552943554693,0.7088030665462981,-0.5278441024773073,-0.9448829957472229,-0.6778835799732735
820,-0.5489689291411404,0.5079152755981177,-0.13868337896991612,0.03196881252317928,-0.4943367263541922,0.867919631376806,0.9595115134450725,0.8001275773122775,0.41191061642976856,-0.932856834676415,0.893725970194375,0.7868202884030416,-0.7674746345971506,-0.40081692108587785,-0.5872639924267539,-0.4304377777279082,0.7812238165057068,-0.6228522062794244,-0.9804558127355667,-0.712608919688216
821,-0.5350305521635242,0.48715937106486346,-0.14448253714453602,0.04622345765087314,-0.5087477875790924,0.9421477213169038,0.9852220003833263,0.8495554030353255,0.4545168134267807,-0.8319432417625818,0.9058152492417181,0.878898066737438,-0.7791208356374437,-0.552020955411581,-0.5508221023297417,-0.494308072865914,0.7893405886476659,-0.6286166381493213,-0.982183744139964,-0.574434479174913
822,-0.5350305521635242,0.48715937106486346,-0.14448253714453602,0.04622345765087314,-0.5087477875790924,0.9421477213169038,0.9852220003833263,0.8495554030353255,0.4545168134267807,-0.8319432417625818,0.9058152492417181,0.878898066737438,-0.7791208356374437,-0.552020955411581,-0.5508221023297417,-0.494308072865914,0.7893405886476659,-0.6286166381493213,-0.982183744139964,-0.574434479174913
823,-0.5350305521635242,0.48715937106486346,-0.14448253714453602,0.04622345765087314,-0.5087477875790924,0.9421477213169038,0.9852220003833263,0.8495554030353255,0.4545168134267807,-0.8319432417625818,0.9058152492417181,0.878898066737438,-0.7791208356374437,-0.552020955411581,-0.5508221023297417,-0.494308072865914,0.7893405886476659,-0.6286166381493213,-0.982183744139964,-0.574434479174913
824,-0.5660784467578918,0.5240762831288409,-0.13660554317273488,0.031627609653883164,-0.4906579675730887,0.9467720755413987,0.9719230122828227,0.8285287500216433,0.4950774625612101,-0.8959249390709988,0.8595749150484407,0.8056968057904311,-0.7966822581998555,-0.5215224669096654,-0.5742848339953194,-0.4758063634054158,0.7631235186123686,-0.6584537561643137,-0.9755564165821887,-0.5426353027146633
825,-0.5512424115406148,0.4684653877795656,-0.12686224631681078,0.022811792812611226,-0.47841892831774396,0.9412332005671193,0.9853925999440408,0.8486977806916816,0.4949196635544789,-0.9053019080783143,0.867810422866285,0.8246432758195099,-0.9069012390032312,-0.6083911960303272,-0.5087781010139556,-0.5291132468683155,0.7799362216452683,-0.6472739414162437,-0.999154124813173,-0.5361458776176307
826,-0.5452361730100523,0.5081373658826226,-0.1533175585008268,0.034125544296703135,-0.49941778720623353,0.9485004066970164,0.9603819694734703,0.8646267459678102,0.553729551769431,-0.8947896517719469,0.8875537869873856,0.99674029971406,-0.8953801583692033,-0.5737608059933651,-0.6178691260360986,-0.5513966861795209,0.7940279925267127,-0.671770181182534,-0.9730817617332665,-0.4738264641970136
827,-0.5452361730100523,0.5081373658826226,-0.1533175585008268,0.034125544296703135,-0.49941778720623353,0.9485004066970164,0.9603819694734703,0.8646267459678102,0.553729551769431,-0.8947896517719469,0.8875537869873856,0.99674029971406,-0.8953801583692033,-0.5737608059933651,-0.6178691260360986,-0.5513966861795209,0.7940279925267127,-0.671770181182534,-0.9730817617332665,-0.4738264641970136
828,-0.5382998417932692,0.4694098524771495,-0.13859848013358012,0.05032593652001297,-0.4987574690170094,0.9588561118594292,0.994832684152871,0.8904124882742097,0.5894036013162076,-0.777281302151223,0.8183803554711118,0.870477603294203,-0.8315428200534875,-0.6719544137146556,-0.6023934057716293,-0.5726987044189327,0.8370270682583921,-0.6253976358086353,-0.9140235561666898,-0.40682209259980273
829,-0.5565134346467212,0.49594195218143844,-0.1343050199333154,0.03133868089635106,-0.4688049351000423,0.9853709312486572,0.9889802558655886,0.7937844314922252,0.5453382858437855,-0.8853659088336652,0.8462174408296516,0.8399953684455868,-0.8127621541068168,-0.6567374298170836,-0.4685122686135273,-0.5138679220218699,0.765979532078876,-0.5393754991332762,-0.9604779169038393,-0.5150445418842877
830,-0.5629196216305533,0.48499198238880703,-0.12815739005481314,0.03178290193461288,-0.4785664820452045,0.9739701086915498,0.9630625428647496,0.8413299343176669,0.6225223500165059,-0.8716329628834734,0.6938653926392534,0.7235331525993091,-0.7962252722853799,-0.6838423707251319,-0.5452756227559602,-0.4506759265420076,0.6877047408271606,-0.5324812392214545,-0.9494651730342086,-0.4588338939899117
831,-0.5629338239411344,0.5049878774894139,-0.1386689131085763,0.025920799380938397,-0.469509177325952,0.9463630359350543,0.9153178560534647,0.8674202923110432,0.5507427037944599,-0.9280259782170858,0.6028533376234179,0.7300484348682247,-0.7582965174494618,-0.7179223523319725,-0.45598865226595414,-0.38185905649501833,0.639058507428157,-0.5535715921492455,-0.9957330717186468,-0.3940546117398673
832,-0.5629338239411344,0.5049878774894139,-0.1386689131085763,0.025920799380938397,-0.469509177325952,0.9463630359350543,0.9153178560534647,0.8674202923110432,0.5507427037944599,-0.9280259782170858,0.6028533376234179,0.7300484348682247,-0.7582965174494618,-0.7179223523319725,-0.45598865226595414,-0.38185905649501833,0.639058507428157,-0.5535715921492455,-0.9957330717186468,-0.3940546117398673
833,-0.557832544226829,0.4818298910511365,-0.14256426541791858,0.04128056617466207,-0.4913222240106247,0.9350073104258216,0.8917171375815119,0.8920779793930821,0.5996304902244611,-0.9872516560789797,0.6188513430986666,0.6133019423597055,-0.8617520280154002,-0.7200665506369356,-0.48051723786255296,-0.4317720726882709,0.7262177633641334,-0.45735467982390837,-0.9556513536357063,-0.3017774521208866
834,-0.5426814630502348,0.48281926640301753,-0.15133079183096732,0.03810210542422303,-0.48303725690634736,0.8919810376580194,0.8019548672715568,0.8631987910583971,0.6024164048344897,-0.9758620499461452,0.6681984326280994,0.7089979722427172,-0.8332245306884946,-0.7802305438204299,-0.35249585755644414,-0.5393897982570792,0.7331100787689077,-0.4571951994069992,-0.959963471479422,-0.32607394916011334
835,-0.5760236144032872,0.5078367644021764,-0.14149233059717783,0.04650024951174485,-0.4935002292819002,0.9511211716605906,0.8397201617494795,0.9096134388292857,0.7282132925564424,-0.9122983980302168,0.602775698197678,0.657487793738421,-0.7469037891600484,-0.7969077474948916,-0.5663081114369991,-0.42674831914685313,0.6571214407428169,-0.42350104056831595,-0.8588115446389102,-0.27627336417985593
836,-0.542563791522296,0.4881500758652065,-0.15285124657374136,0.03623783887847079,-0.4804703556163044,0.969983150463926,0.8858865078580405,0.8318669203841456,0.6956857263923755,-0.8071078907513447,0.6284377729596942,0.7182118764471225,-0.8011870384518817,-0.8327385715097223,-0.4938885072181615,-0.4871210903805118,0.6622118958461497,-0.5338289434320771,-0.9371091125279005,-0.2538055128562763
837,-0.5757159373652991,0.5044387112511483,-0.1456451008156923,0.038140228100745605,-0.4912185786730289,0.9657204831411123,0.9469025143661843,0.9005507969877504,0.640686550972277,-0.8154562099722272,0.5520336320419916,0.6698278992876627,-0.8642261516499962,-0.7934361504807229,-0.4335142061046909,-0.4228130466047141,0.6973323924850294,-0.5938409514993909,-0.9785646006246626,-0.34114262404745727
838,-0.5549916592501415,0.5088321038484818,-0.15936857192795004,0.037504950397954935,-0.5029342988750445,0.999983741240188,0.9708881929173668,0.9918305736069919,0.5141224495554743,-0.8783185644523056,0.5530086876575881,0.7242081591218886,-0.9433540033466776,-0.930665710322965,-0.47475089035077855,-0.4279411209041723,0.6142069199280668,-0.6563886306874736,-0.9430810098534165,-0.2758704847384699
839,-0.5484175965053605,0.48077570279842824,-0.1496478426687857,0.039615289074064364,-0.4925964669607975,0.9339859070290802,0.9769458464636779,0.9098346484016177,0.5878554571697212,-0.842039604611571,0.4554773498768469,0.6902233188715733,-0.9624385253050672,-0.8104696067449936,-0.5008336774605129,-0.379826099191065,0.6307185964536025,-0.6183227384119298,-0.9367447971301227,-0.2839780439475874
840,-0.5484175965053605,0.48077570279842824,-0.1496478426687857,0.039615289074064364,-0.4925964669607975,0.9339859070290802,0.9769458464636779,0.9098346484016177,0.5878554571697212,-0.842039604611571,0.4554773498768469,0.6902233188715733,-0.9624385253050672,-0.8104696067449936,-0.5008336774605129,-0.379826099191065,0.6307185964536025,-0.6183227384119298,-0.9367447971301227,-0.2839780439475874
841,-0.5854413515544797,0.517985371011111,-0.1426292168903537,0.02971892049521155,-0.4602440599340922,0.9483306980435019,0.9444855021189816,0.9200483368027182,0.4648079324438916,-0.9772292655848132,0.4904749763149337,0.7171109029227649,-0.9174261794463113,-0.8365193673224927,-0.5837917618730808,-0.427202770136135,0.6301283975785521,-0.7010729025949098,-0.9625062404017729,-0.23524145212577657
842,-0.554271112595505,0.4715736112215517,-0.13537412994941964,0.025871260721806066,-0.4586546371879213,0.9079836307754583,0.890581919316947,0.8670360114260205,0.346974010651425,-0.9141738601517851,0.3966990942620899,0.6928855393642135,-0.9632516726274123,-0.8311837222270977,-0.4768146425290607,-0.4613681597544458,0.7648248622303573,-0.7994023087428155,-0.9894924139454421,-0.27650965282700646
843,-0.554271112595505,0.4715736112215517,-0.13537412994941964,0.025871260721806066,-0.4586546371879213,0.9079836307754583,0.890581919316947,0.8670360114260205,0.346974010651425,-0.9141738601517851,0.3966990942620899,0.6928855393642135,-0.9632516726274123,-0.8311837222270977,-0.4768146425290607,-0.4613681597544458,0.7648248622303573,-0.7994023087428155,-0.9894924139454421,-0.27650965282700646
844,-0.554271112595505,0.4715736112215517,-0.13537412994941964,0.025871260721806066,-0.4586546371879213,0.9079836307754583,0.890581919316947,0.8670360114260205,0.346974010651425,-0.9141738601517851,0.3966990942620899,0.6928855393642135,-0.9632516726274123,-0.8311837222270977,-0.4768146425290607,-0.4613681597544458,0.7648248622303573,-0.7994023087428155,-0.9894924139454421,-0.27650965282700646
845,-0.554271112595505,0.4715736112215517,-0.13537412994941964,0.025871260721806066,-0.4586546371879213,0.9079836307754583,0.890581919316947,0.8670360114260205,0.346974010651425,-0.9141738601517851,0.3966990942620899,0.6928855393642135,-0.9632516726274123,-0.8311837222270977,-0.4768146425290607,-0.4613681597544458,0.7648248622303573,-0.7994023087428155,-0.9894924139454421,-0.27650965282700646
846,-0.5507889831697869,0.46815496905390763,-0.14361207638024623,0.02770041325523044,-0.4618378209983844,0.9163224007809359,0.9624323203447092,0.9307151373026346,0.272611179165968,-0.9044253174536312,0.36059730527554956,0.7298611434042975,-0.9949069340464839,-0.7446721002623405,-0.48811055133051606,-0.487753837004532,0.6865855749994526,-0.7370317625422887,-0.986372038581419,-0.2702257107736218
847,-0.5802074140221747,0.503534818093795,-0.140423173388194,0.03491531014098553,-0.4933088188089377,0.848411795557377,0.9701384203560393,0.8496102693102574,0.36725842191226954,-0.9430940788365975,0.4843018020702325,0.6839437647428549,-0.9731590699811836,-0.7460796107875257,-0.4872494182740298,-0.4856302085095133,0.7955115661893529,-0.7029573539276256,-0.9818304401890391,-0.3454779864485459
848,-0.5243224439298452,0.4826907219351594,-0.15304574828447357,0.02436559791082189,-0.4882624187183368,0.787810939985998,0.9903837838546183,0.9283373476343194,0.29203003259833493,-0.961602772629768,0.5768833802628851,0.619217047059605,-0.8805126708050299,-0.888653135263785,-0.4287933342235664,-0.4619214240521841,0.8059028532175638,-0.6423275438293627,-0.9863440323244933,-0.403394857188499
849,-0.5740020873516273,0.5125682974530713,-0.14842420362932154,0.04462434043775322,-0.517801871437124,0.823406086238927,0.9574640237044887,0.9298001189800432,0.23878418371496005,-0.9961676353031782,0.5047924036392178,0.5748044828887979,-0.8583131637747556,-0.943392107308451,-0.37304237850124083,-0.5329666467353098,0.8616121513176842,-0.6198889244486233,-0.9960591808315328,-0.4381420190302224
850,-0.5350932382681479,0.5077226925405318,-0.16252871191969553,0.024762620813267116,-0.496451890033172,0.7082854151077879,0.9648521832908041,0.996824116013906,0.25558565902234154,-0.9964120179206434,0.6438250307990935,0.5941423564049854,-0.7657432079882761,-0.8479588467928181,-0.4172634999786597,-0.41579763306165946,0.88018349966894,-0.622315972761047,-0.986979497374452,-0.41261735144699396
851,-0.5661486890122629,0.49424099208314975,-0.14433260689862304,0.03692867578915236,-0.5039216603923489,0.7691141291409632,0.9549384598440195,0.955742776087237,0.33408840436771686,-0.9727483739241157,0.6618255494262653,0.5392030690780557,-0.8113301025414926,-0.8182086356801077,-0.44316118246143943,-0.516678060108589,0.9119482470019958,-0.6111602832791474,-0.9608975292958017,-0.4366954277486397
852,-0.5326886685216894,0.48841349225472663,-0.1623982519558406,0.02855143137153927,-0.491189373286743,0.8375586633266393,0.9866985839763742,0.8285210525489674,0.43495401678295464,-0.9283737730073537,0.7167868772163735,0.5312564225427099,-0.7798689505615692,-0.8670505765720995,-0.34078072685219585,-0.5337821881326575,0.9730064443883399,-0.6760879398271757,-0.9891848735712234,-0.2788766907775671
853,-0.5777077146526246,0.5070042435717061,-0.14058176849357398,0.03680081407184464,-0.5020466793237383,0.7135846705409944,0.9916273494094315,0.9832903303497589,0.42551841066636664,-0.8846115050989998,0.6015119635894461,0.6846780776220708,-0.8169024202440478,-0.7766546793184662,-0.43722483913146637,-0.5356977879301575,0.9660455736830004,-0.6306184999655495,-0.9883562514199813,-0.30817155089483733
854,-0.5187913562044145,0.47528976504215736,-0.1574593900888693,0.028964124437465474,-0.4966526902063235,0.7631718454806486,0.9885183342960782,0.9805225585422895,0.41641382557153855,-0.9037302548441876,0.7522581569385943,0.7133633123893616,-0.7389575566219387,-0.7577030627753086,-0.4059367025673396,-0.562126665977186,0.9919040993206095,-0.6192214666659304,-0.9893636747750709,-0.34609088848032465
855,-0.5544294429141106,0.48335049916523815,-0.1315818932679227,0.04033009255564961,-0.5086366774222005,0.8829580341858151,0.9820075228716042,0.9092305275982975,0.4949182613823859,-0.7721168962690083,0.6764773561949001,0.6609802323164361,-0.74945447425388,-0.7181084455751884,-0.3567149615038409,-0.5833881382298574,0.885162307403905,-0.5305539334243962,-0.9973914551675058,-0.44157449925111275
856,-0.5420962522823469,0.477407930865476,-0.14253617388457518,0.031823535036699754,-0.49080308456560245,0.8135084108614506,0.983925560755942,0.9301409155721226,0.490391119055326,-0.7883762960254121,0.8002169959494435,0.6748015320530354,-0.6855733355348298,-0.5502224375446394,-0.2770190628037816,-0.5072458485861997,0.8650062335565689,-0.44443653051879245,-0.9883064905002702,-0.4992959952278257
857,-0.5563018103929553,0.5136538090495755,-0.14705788924279012,0.03714728108903052,-0.5034486352599572,0.8263875816792865,0.9963692961384906,0.9585573613659341,0.49076505891405675,-0.8707539969023317,0.8327097159804547,0.7330373844838596,-0.6868645998808119,-0.5787465024076094,-0.2798133930706729,-0.5046780192355421,0.8765567745714459,-0.4058911709076949,-0.9967938725031457,-0.5006959969402558
858,-0.5469712011746912,0.4931803231550871,-0.14401744474880168,0.04350396165663369,-0.5034313317075999,0.896396526818874,0.9859221992384993,0.9359830651497839,0.5172244941863922,-0.8347751460225671,0.8228526233205578,0.762531910768218,-0.7466556699027902,-0.590308896921753,-0.33315427270149717,-0.5897830197799108,0.8227967040973928,-0.4010332953849622,-0.9891775333161708,-0.5220211139419731
859,-0.5469712011746912,0.4931803231550871,-0.14401744474880168,0.04350396165663369,-0.5034313317075999,0.896396526818874,0.9859221992384993,0.9359830651497839,0.5172244941863922,-0.8347751460225671,0.8228526233205578,0.762531910768218,-0.7466556699027902,-0.590308896921753,-0.33315427270149717,-0.5897830197799108,0.8227967040973928,-0.4010332953849622,-0.9891775333161708,-0.5220211139419731
860,-0.5471748248080146,0.4995989594995477,-0.1477752149631605,0.03876676180832368,-0.5073768061782825,0.9048428343503603,0.987999231695306,0.9245199677941845,0.5688527450448378,-0.9976543510425839,0.981726337759527,0.8343046164965537,-0.6269903446556613,-0.5928865993894428,-0.3795650801061164,-0.49475846088995706,0.7664340815040994,-0.25795150712835513,-0.9807664839130826,-0.604475628011489
861,-0.5471748248080146,0.4995989594995477,-0.1477752149631605,0.03876676180832368,-0.5073768061782825,0.9048428343503603,0.987999231695306,0.9245199677941845,0.5688527450448378,-0.9976543510425839,0.981726337759527,0.8343046164965537,-0.6269903446556613,-0.5928865993894428,-0.3795650801061164,-0.49475846088995706,0.7664340815040994,-0.25795150712835513,-0.9807664839130826,-0.604475628011489
862,-0.5467150026616766,0.4978880191731499,-0.13824205554288227,0.04643632770995189,-0.5043429483945865,0.9275996334779425,0.9931677874468232,0.881340460886719,0.5053416347008474,-0.9509658208625633,0.906863013690749,0.8995417730339461,-0.6809677603371282,-0.554738342410722,-0.3925048143395487,-0.5684300924074529,0.750365817706903,-0.22745501124896897,-0.9871798481235107,-0.6359615891188874
863,-0.5630693157577062,0.5046575970293911,-0.13272256512948213,0.037851860240864996,-0.4924536239638544,0.898913979133971,0.8271118493580291,0.8265930182054783,0.5598930536732424,-0.9785566926127761,0.8958551191729558,0.8962774268097213,-0.7358389832622152,-0.5933022780728773,-0.37000519994547526,-0.6386081409279443,0.7774652255520582,-0.17672360185072278,-0.9756469752338006,-0.6472789711695865
864,-0.5549722104601309,0.4876521057706851,-0.13105765832560948,0.02996227756978576,-0.48349928739076276,0.8395201666522368,0.8544967683994179,0.7685600497721294,0.5239953130694266,-0.9048582138182397,0.8772079365428651,0.873865424808696,-0.5580115546404182,-0.6847361148485542,-0.524320708346359,-0.6224878221120604,0.835415245925319,-0.2779536783096731,-0.9552961923098156,-0.6076480502173845
865,-0.5526846054265512,0.5000536073396253,-0.1361754315762447,0.037493196159746695,-0.5037434434652741,0.9032049153267128,0.9734773690232594,0.8194836811049825,0.45122742465968096,-0.9021200170798015,0.9017411942545308,0.8737217058636442,-0.5756254770551582,-0.5951904466819216,-0.5218830282781199,-0.6055036017020382,0.8292695301689152,-0.336737444514448,-0.9376760912560935,-0.647023606346043
866,-0.5526846054265512,0.5000536073396253,-0.1361754315762447,0.037493196159746695,-0.5037434434652741,0.9032049153267128,0.9734773690232594,0.8194836811049825,0.45122742465968096,-0.9021200170798015,0.9017411942545308,0.8737217058636442,-0.5756254770551582,-0.5951904466819216,-0.5218830282781199,-0.6055036017020382,0.8292695301689152,-0.336737444514448,-0.9376760912560935,-0.647023606346043
867,-0.5387978545708576,0.4984511323055916,-0.1473202092518942,0.032520549405641155,-0.5203286750272039,0.7941491933850419,0.9691997645307356,0.7906864280028737,0.39637385343823667,-0.9369657583613925,0.8871922434284821,0.9055356566875614,-0.6292420767026675,-0.679276324104524,-0.5546528041032073,-0.6059252233141591,0.8969655379783003,-0.4188270738598225,-0.9657034772788181,-0.6728365438758306
868,-0.5618395872763279,0.4918268513379407,-0.13841277096900906,0.033475791864399876,-0.5036493981440445,0.9920656383477104,0.9784277077663894,0.739823475381004,0.40773433797587816,-0.9834229135159203,0.9571462545634447,0.8346514419718142,-0.6569216844901048,-0.6642259921955256,-0.5403301020988446,-0.6126578477525602,0.7623836085749776,-0.3152672269032675,-0.9195294607947673,-0.6802064058020986
869,-0.5458008297385615,0.4790099626328744,-0.14633935499869358,0.024388936478304066,-0.5042836561788725,0.9681905928390606,0.9780038936657374,0.6450906220445751,0.4305244198505627,-0.9663655173319957,0.9450692705620819,0.7851420188909608,-0.7083141100061843,-0.6574973267651537,-0.6147042940937592,-0.6089305791573819,0.7682637940447535,-0.3053715856722781,-0.8695350861569757,-0.748923977843183
870,-0.547732457745615,0.48271666094320376,-0.1525358632575043,0.03138492265344901,-0.5158603030576568,0.9957715191582204,0.9772279080809678,0.6476475651063939,0.4199141897828329,-0.9319119896674981,0.9531403297825936,0.9497426258426097,-0.6640095198908028,-0.6624424157192824,-0.6231158825245373,-0.6285140534153593,0.7797215652717551,-0.3829206974677471,-0.9271621350799593,-0.7416736291827357
871,-0.5496135896212916,0.4949413016320211,-0.14601339342761022,0.04210657188844769,-0.5099969014196346,0.9023233081663613,0.9706820762613775,0.7037586125312302,0.3623150418580051,-0.9615407649035451,0.8885361491964908,0.983321694593652,-0.7214204947060245,-0.7180309093593962,-0.5930849751579641,-0.6286594717762356,0.7592212999344654,-0.33576169743212947,-0.9975789082068722,-0.853985032670963
872,-0.5414580544182676,0.48307904104214255,-0.14413998067865322,0.04215870733884858,-0.5048407691534097,0.8473468743872032,0.9816816750817257,0.7337167450413978,0.3848868464266269,-0.869355263777938,0.8197975091993188,0.9145641748414456,-0.6899845967893788,-0.6680306097120743,-0.584086219735063,-0.5223205299711301,0.6897593264910056,-0.3994262389840274,-0.9858945640146755,-0.8223609084429415
873,-0.5336065384277389,0.46801934020465336,-0.14732840931314697,0.0285785555864356,-0.49934764487273764,0.8638931729769227,0.98094976537198,0.7217946608881306,0.39500381231929654,-0.8336617420077902,0.8199558324210515,0.9601366133585814,-0.7063816676438762,-0.6329520488321019,-0.5225073733390674,-0.5390154006327482,0.6286894671121334,-0.29219762805430527,-0.9874381669948691,-0.8449729338153789
874,-0.5626739018160578,0.4944257404173734,-0.14926266589349013,0.02380241485416999,-0.5061939368116435,0.8142224763069501,0.8552183177823854,0.6988359237095847,0.3799123048120509,-0.8787056827388433,0.8803800342157337,0.8599599429727716,-0.8364354053628709,-0.6363041590774704,-0.5359787778732885,-0.5951145575549457,0.7457971613794458,-0.4419971839729476,-0.995145227092402,-0.8447368005743714
875,-0.5323501446652715,0.47810918147719195,-0.1567752368195406,0.021728259359589303,-0.5004825650680262,0.7979551238344469,0.9249481619904538,0.7792659541385585,0.2610555670995041,-0.975571214977335,0.8491428941688204,0.9004835488148031,-0.8740981932538703,-0.5989918744876682,-0.5277217315073333,-0.5152763454195985,0.714798992090923,-0.4382674121656614,-0.9916790249927059,-0.830342643337991
876,-0.5323501446652715,0.47810918147719195,-0.1567752368195406,0.021728259359589303,-0.5004825650680262,0.7979551238344469,0.9249481619904538,0.7792659541385585,0.2610555670995041,-0.975571214977335,0.8491428941688204,0.9004835488148031,-0.8740981932538703,-0.5989918744876682,-0.5277217315073333,-0.5152763454195985,0.714798992090923,-0.4382674121656614,-0.9916790249927059,-0.830342643337991
877,-0.5565006147920363,0.5025663613600521,-0.1353871076628862,0.01787350556339639,-0.4931931315002902,0.8509921668724756,0.9918851066022943,0.8515653641851462,0.32022850724777135,-0.9195260942652717,0.9198454246273025,0.8569924666142995,-0.9137859229413391,-0.5635813918012035,-0.4900782504451719,-0.5214025337975425,0.7657868514014531,-0.5657737145829878,-0.9897205453328932,-0.8301095207111134
878,-0.5301319937214143,0.47397770867373396,-0.1477845762092233,0.018669056262601527,-0.50868871761682,0.8906655833603377,0.9638717943135036,0.8724332216752182,0.28623176292209174,-0.9526316486608482,0.8645053087390995,0.8965572613120352,-0.8314093231198356,-0.5254699565561476,-0.4605494197638019,-0.49825822649495893,0.7053881803545727,-0.4759553519051012,-0.9961397982078386,-0.7982836555935069
879,-0.5447922012251523,0.4764000906669248,-0.13022372056461487,0.03785479340495429,-0.49301246463816967,0.8877461309760953,0.9555243635721435,0.8625177878975017,0.4112373200957398,-0.9658687442213992,0.8594759565010766,0.9837387553890529,-0.9130006762330214,-0.5372906732743388,-0.5490155793974458,-0.4551108959510224,0.6175417600896073,-0.4492114978224382,-0.9832378107527957,-0.79147325640602
880,-0.5579340008711544,0.5203124009694912,-0.14067051581106532,0.03841525265049344,-0.49399749435318463,0.9958827004097056,0.9750941543022756,0.788184418714841,0.4720030532661692,-0.9540625768908171,0.8405691407797934,0.9316455146963399,-0.9071818388342913,-0.46770445178231496,-0.5627941630327186,-0.506053189892927,0.6294890137423408,-0.46029993053168,-0.9857770094237681,-0.6780319091028284
881,-0.5416445086139123,0.48168097411150174,-0.1388989542052913,0.034677737334484655,-0.505909243217661,0.968722360310969,0.9824758131826562,0.7768299203924898,0.47411568579712027,-0.9276118432644358,0.8431328690874946,0.9923518196718617,-0.9223651904747626,-0.4413371506312839,-0.5304861124558569,-0.47601967607598367,0.5937101219503519,-0.442014749029139,-0.9759591501673697,-0.7305390186170969
882,-0.555949112687361,0.510724183809354,-0.1337551053072986,0.019758310475297056,-0.47435382392310893,0.9971910644714497,0.9878825109967221,0.7736878853905331,0.43712202969256664,-0.9483334986135953,0.7833501059334641,0.8499973864292397,-0.9844040736273518,-0.38571404481200094,-0.49581714379073444,-0.4358605558643457,0.5560478025725014,-0.4884675770022104,-0.9824693278809861,-0.7535633046911188
883,-0.555949112687361,0.510724183809354,-0.1337551053072986,0.019758310475297056,-0.47435382392310893,0.9971910644714497,0.9878825109967221,0.7736878853905331,0.43712202969256664,-0.9483334986135953,0.7833501059334641,0.8499973864292397,-0.9844040736273518,-0.38571404481200094,-0.49581714379073444,-0.4358605558643457,0.5560478025725014,-0.4884675770022104,-0.9824693278809861,-0.7535633046911188
884,-0.5555100826319962,0.4863174069027338,-0.12680585424128804,0.02992708637958405,-0.4904841333019053,0.9990721456095568,0.9642094411247262,0.8231680739389485,0.47076150895049923,-0.9090883262135256,0.8512178311028711,0.9347396181046153,-0.9738478328287099,-0.2675660292462039,-0.5513693271491011,-0.3735003470551425,0.5657560311875023,-0.5978979797261097,-0.9644278440171994,-0.7168097843584994
885,-0.546740758742628,0.49620972074530934,-0.13212933321889375,0.015957751541199036,-0.47244578445651925,0.9817791839967139,0.9148487221997734,0.759284229941562,0.37658877992751383,-0.9703826310552651,0.831143740587921,0.8791733241753507,-0.8883756467132161,-0.28017755772042396,-0.5806986333980758,-0.4035526620993589,0.5437762079582158,-0.5410838471513314,-0.9907527061085686,-0.7963177175585437
886,-0.5677805679828941,0.5010969064467664,-0.1337530038536938,0.025660478843265354,-0.501711746083651,0.986454890971533,0.9528616681758534,0.7410567409530914,0.44741219150762246,-0.9838998176012014,0.7874244530404013,0.8468574232651164,-0.8052205502319216,-0.3030818325094672,-0.479251705041839,-0.2993334376459153,0.5294670953092161,-0.45824222613105264,-0.9872972000810964,-0.726407853706088
887,-0.5484994583906824,0.49411827263497965,-0.13682854701481217,0.0189369233862134,-0.4765554537455673,0.8949094899876778,0.9851276325850673,0.8085050896917643,0.2584155379249899,-0.9278635267491677,0.7018525129734828,0.8356579042433204,-0.8085993679890279,-0.2991164690507967,-0.5063688155557325,-0.31790395354120077,0.5531116511977766,-0.5079552848085671,-0.9746910156446603,-0.7912741314127598
888,-0.5550713460155022,0.4882049741801911,-0.1251551153233964,0.025034756215343595,-0.48191095028541076,0.9277195002359245,0.9637399911452277,0.8299815743553196,0.37990149248783367,-0.8327610544686856,0.7779625861498877,0.7820149532224376,-0.8456992882363426,-0.37120130735283524,-0.4399933588247274,-0.3681277363955579,0.5349702031552255,-0.5165311869218483,-0.968637976023724,-0.782831653661338
889,-0.5505347744227304,0.5003715014294682,-0.13291871667392766,0.005840703504607022,-0.4849441294608624,0.8620082971063258,0.9831171741519561,0.9400798882775233,0.3836220519238718,-0.7994555273115698,0.7911391454220381,0.8226671116898128,-0.9208423504642019,-0.2124705149440933,-0.4481335002317277,-0.27936596453592627,0.5636302892418976,-0.6025369614137823,-0.9822653026117621,-0.8432272080248479
890,-0.5505347744227304,0.5003715014294682,-0.13291871667392766,0.005840703504607022,-0.4849441294608624,0.8620082971063258,0.9831171741519561,0.9400798882775233,0.3836220519238718,-0.7994555273115698,0.7911391454220381,0.8226671116898128,-0.9208423504642019,-0.2124705149440933,-0.4481335002317277,-0.27936596453592627,0.5636302892418976,-0.6025369614137823,-0.9822653026117621,-0.8432272080248479
891,-0.5505347744227304,0.5003715014294682,-0.13291871667392766,0.005840703504607022,-0.4849441294608624,0.8620082971063258,0.9831171741519561,0.9400798882775233,0.3836220519238718,-0.7994555273115698,0.7911391454220381,0.8226671116898128,-0.9208423504642019,-0.2124705149440933,-0.4481335002317277,-0.27936596453592627,0.5636302892418976,-0.6025369614137823,-0.9822653026117621,-0.8432272080248479
892,-0.5505347744227304,0.5003715014294682,-0.13291871667392766,0.005840703504607022,-0.4849441294608624,0.8620082971063258,0.9831171741519561,0.9400798882775233,0.3836220519238718,-0.7994555273115698,0.7911391454220381,0.8226671116898128,-0.9208423504642019,-0.2124705149440933,-0.4481335002317277,-0.27936596453592627,0.5636302892418976,-0.6025369614137823,-0.9822653026117621,-0.8432272080248479
893,-0.5416864835943649,0.48237453137035596,-0.13116380194167065,0.01786159239459227,-0.48459157882092235,0.9038772691411796,0.9828481431466038,0.972436817020459,0.37502230041818735,-0.9867355565064281,0.9801072210220821,0.8709568765825141,-0.9816787268412345,-0.25805577741334385,-0.40209743176131196,-0.3141476578444141,0.5284522792566865,-0.5166569647275739,-0.9911944133258774,-0.8510540253045168
894,-0.5416864835943649,0.48237453137035596,-0.13116380194167065,0.01786159239459227,-0.48459157882092235,0.9038772691411796,0.9828481431466038,0.972436817020459,0.37502230041818735,-0.9867355565064281,0.9801072210220821,0.8709568765825141,-0.9816787268412345,-0.25805577741334385,-0.40209743176131196,-0.3141476578444141,0.5284522792566865,-0.5166569647275739,-0.9911944133258774,-0.8510540253045168
895,-0.5416864835943649,0.48237453137035596,-0.13116380194167065,0.01786159239459227,-0.48459157882092235,0.9038772691411796,0.9828481431466038,0.972436817020459,0.37502230041818735,-0.9867355565064281,0.9801072210220821,0.8709568765825141,-0.9816787268412345,-0.25805577741334385,-0.40209743176131196,-0.3141476578444141,0.5284522792566865,-0.5166569647275739,-0.9911944133258774,-0.8510540253045168
896,-0.5568620677823188,0.4966354838841203,-0.13209819633677508,0.016326474919648417,-0.49859282536048755,0.864173937906368,0.9985870259578828,0.9119512100569109,0.3668797661314455,-0.9020204276281596,0.9080907997798717,0.875841069981513,-0.8839098587909662,-0.18119367903225386,-0.47378590631335193,-0.3334795254545884,0.5712225495995008,-0.5463232855393778,-0.9856633443091326,-0.8903717565188769
897,-0.5557089252486567,0.5026198797318229,-0.1307515454395132,0.017799055217926758,-0.47608280505786393,0.9198465960826182,0.9884105765969567,0.8674078486869276,0.34287799462301927,-0.9632669670314786,0.9696156190503656,0.9081503983895933,-0.881651013483839,-0.03853078222699257,-0.47534754239513355,-0.3924486721728323,0.6629208440438031,-0.5815764983436932,-0.9919191654907816,-0.8132140188871847
898,-0.5347342026692979,0.4886480080689278,-0.13135262895984548,0.007457332677161095,-0.4904679856828564,0.8497632083964053,0.9897080076083733,0.8917629526411218,0.3716528848921987,-0.8964440303346907,0.9642172786827431,0.973820451474213,-0.8524788387345805,-0.07445190340544927,-0.5228277753206374,-0.33588645742945505,0.5624156415044199,-0.5250661450012873,-0.9963640337839234,-0.9933585981341693
899,-0.5347342026692979,0.4886480080689278,-0.13135262895984548,0.007457332677161095,-0.4904679856828564,0.8497632083964053,0.9897080076083733,0.8917629526411218,0.3716528848921987,-0.8964440303346907,0.9642172786827431,0.973820451474213,-0.8524788387345805,-0.07445190340544927,-0.5228277753206374,-0.33588645742945505,0.5624156415044199,-0.5250661450012873,-0.9963640337839234,-0.9933585981341693
900,-0.5347342026692979,0.4886480080689278,-0.13135262895984548,0.007457332677161095,-0.4904679856828564,0.8497632083964053,0.9897080076083733,0.8917629526411218,0.3716528848921987,-0.8964440303346907,0.9642172786827431,0.973820451474213,-0.8524788387345805,-0.07445190340544927,-0.5228277753206374,-0.33588645742945505,0.5624156415044199,-0.5250661450012873,-0.9963640337839234,-0.9933585981341693
901,-0.5347342026692979,0.4886480080689278,-0.13135262895984548,0.007457332677161095,-0.4904679856828564,0.8497632083964053,0.9897080076083733,0.8917629526411218,0.3716528848921987,-0.8964440303346907,0.9642172786827431,0.973820451474213,-0.8524788387345805,-0.07445190340544927,-0.5228277753206374,-0.33588645742945505,0.5624156415044199,-0.5250661450012873,-0.9963640337839234,-0.9933585981341693
902,-0.5656235691990067,0.5026973820464222,-0.12418793167409155,0.007186212354601313,-0.4834935166499333,0.8225780477614553,0.9854813738074452,0.9167739540659974,0.33768495435951523,-0.9592811888784385,0.9621519624341515,0.994196540578076,-0.889810618031368,-0.026535481555646008,-0.4954759390678341,-0.34334972093908966,0.5690592089914419,-0.4786192724111138,-0.9973587283612954,-0.9860827524385446
903,-0.5656235691990067,0.5026973820464222,-0.12418793167409155,0.007186212354601313,-0.4834935166499333,0.8225780477614553,0.9854813738074452,0.9167739540659974,0.33768495435951523,-0.9592811888784385,0.9621519624341515,0.994196540578076,-0.889810618031368,-0.026535481555646008,-0.4954759390678341,-0.34334972093908966,0.5690592089914419,-0.4786192724111138,-0.9973587283612954,-0.9860827524385446
904,-0.5513778034305923,0.49254014102275007,-0.1301573163003685,0.02595736195288078,-0.48247458039617896,0.9832974345688749,0.9870715839215233,0.8562341003649095,0.48534463468530825,-0.9834453646301807,0.9789325393000797,0.9757105973492033,-0.8151349848451822,-0.146197768632677,-0.47768280129627605,-0.40331564295656963,0.5929419520788075,-0.3791223223833423,-0.9980617951216157,-0.8229075470623295
905,-0.556436275197904,0.48987202965809346,-0.13190733998474494,0.01901722854205364,-0.49935488437454134,0.970400400390337,0.9912749829470479,0.8739975304190014,0.5530041501316203,-0.911858065272069,0.977803173484869,0.9896226059157879,-0.858311427760158,-0.15039518107529587,-0.5043821614103757,-0.40187070345174514,0.5919528171325561,-0.45534223035069576,-0.9997846566857833,-0.7882985495314199
906,-0.556436275197904,0.48987202965809346,-0.13190733998474494,0.01901722854205364,-0.49935488437454134,0.970400400390337,0.9912749829470479,0.8739975304190014,0.5530041501316203,-0.911858065272069,0.977803173484869,0.9896226059157879,-0.858311427760158,-0.15039518107529587,-0.5043821614103757,-0.40187070345174514,0.5919528171325561,-0.45534223035069576,-0.9997846566857833,-0.7882985495314199
907,-0.557442366433429,0.506008920924015,-0.12588552871824477,0.01143600242781144,-0.47785520950542576,0.9865393590798991,0.9847259375725905,0.8592249612137085,0.5614583981560709,-0.7816275966692448,0.9482328281972232,0.9472555064537765,-0.8013684723175273,-0.13537025623246796,-0.4608839198763332,-0.38904271430782134,0.5759007702166582,-0.4890577595985954,-0.9926253490777073,-0.7765082636559165
908,-0.5603279019345936,0.495477631122854,-0.12883025474688842,0.022891490159063686,-0.5009224549877217,0.9762226609151611,0.9875691214480853,0.8584799842426517,0.5342055667367439,-0.8501865076273163,0.9103603794361064,0.9966488635252455,-0.7704881659439548,-0.19975841411182874,-0.5460040972510944,-0.3465823072815262,0.5328067262873567,-0.44000677167431024,-0.9938865643274931,-0.7879473009900101
909,-0.5427938580758981,0.4815489587877824,-0.13944831890864542,0.012801982173816399,-0.4871695064274182,0.9276107609732135,0.9589362129229497,0.8183094845255637,0.5066063351746992,-0.9178792198334611,0.8746555568110821,0.947927904760114,-0.8142332103347525,-0.3482395224546225,-0.5494955835188812,-0.35200390499040896,0.46316752347158524,-0.37136341949567747,-0.9651417194155195,-0.8861443823197449
910,-0.5781845188660035,0.5201733598374517,-0.13195279335699386,0.026806376598274263,-0.49404626192617607,0.9923858879039482,0.9519773940742149,0.7774664115166331,0.41077512273171674,-0.990660838503117,0.8510790014656721,0.9996195449671651,-0.827088659159785,-0.4474652775011354,-0.5887605361662106,-0.36499906233330937,0.42222187154272245,-0.35015380335902807,-0.9936872264509163,-0.9752706766325866
911,-0.5387183837933828,0.47839293451056664,-0.13302613096318736,0.03231505059948632,-0.49821553835509336,0.947588623327828,0.9465232169045088,0.7996355678514381,0.42392554332563215,-0.9863371120045582,0.8955362517879638,0.9939797619256278,-0.8979008664628505,-0.4301413591659368,-0.6281674440606082,-0.3390925922002243,0.47530074842674314,-0.4920988327798932,-0.986239128774111,-0.9442782019006823
912,-0.532368743844739,0.4946123007141412,-0.13772294224952386,0.02927662986843332,-0.4915662329125361,0.9976010824924781,0.9751650986173432,0.8047700673969913,0.37930182589410677,-0.9798470138085323,0.8588997224792686,0.9802331259194254,-0.877880644824438,-0.46499445782310594,-0.6720052274920972,-0.3511841759889101,0.4369985011347707,-0.4707542943932346,-0.9359326030989048,-0.9422463286686337
913,-0.532368743844739,0.4946123007141412,-0.13772294224952386,0.02927662986843332,-0.4915662329125361,0.9976010824924781,0.9751650986173432,0.8047700673969913,0.37930182589410677,-0.9798470138085323,0.8588997224792686,0.9802331259194254,-0.877880644824438,-0.46499445782310594,-0.6720052274920972,-0.3511841759889101,0.4369985011347707,-0.4707542943932346,-0.9359326030989048,-0.9422463286686337
914,-0.532368743844739,0.4946123007141412,-0.13772294224952386,0.02927662986843332,-0.4915662329125361,0.9976010824924781,0.9751650986173432,0.8047700673969913,0.37930182589410677,-0.9798470138085323,0.8588997224792686,0.9802331259194254,-0.877880644824438,-0.46499445782310594,-0.6720052274920972,-0.3511841759889101,0.4369985011347707,-0.4707542943932346,-0.9359326030989048,-0.9422463286686337
915,-0.5605994495877025,0.47931881309290497,-0.11751705379823525,0.019059489557104042,-0.48397587710990125,0.9669786222959537,0.9695706518363791,0.8306166800628018,0.3651502277933219,-0.9957177986293886,0.8912420366749552,0.9826214266951928,-0.9596474861367587,-0.2514710324379909,-0.6054824320246597,-0.3051198338306173,0.42614413006846846,-0.5247004791912905,-0.9397127244019262,-0.9571479999299805
916,-0.5355727822434695,0.4861500126082007,-0.1337834238790269,0.01867762176856777,-0.48906768768427394,0.9903930753918593,0.9827660666534184,0.7552205934248344,0.386992287364085,-0.9755921928360526,0.9302160821416046,0.9906975048496224,-0.92583461756812,-0.2047222102938512,-0.5819567422936304,-0.45630332782936855,0.5818746683341396,-0.5317066812890527,-0.9700930881921682,-0.8950009365566721
917,-0.5355727822434695,0.4861500126082007,-0.1337834238790269,0.01867762176856777,-0.48906768768427394,0.9903930753918593,0.9827660666534184,0.7552205934248344,0.386992287364085,-0.9755921928360526,0.9302160821416046,0.9906975048496224,-0.92583461756812,-0.2047222102938512,-0.5819567422936304,-0.45630332782936855,0.5818746683341396,-0.5317066812890527,-0.9700930881921682,-0.8950009365566721
918,-0.5355727822434695,0.4861500126082007,-0.1337834238790269,0.01867762176856777,-0.48906768768427394,0.9903930753918593,0.9827660666534184,0.7552205934248344,0.386992287364085,-0.9755921928360526,0.9302160821416046,0.9906975048496224,-0.92583461756812,-0.2047222102938512,-0.5819567422936304,-0.45630332782936855,0.5818746683341396,-0.5317066812890527,-0.9700930881921682,-0.8950009365566721
919,-0.5355727822434695,0.4861500126082007,-0.1337834238790269,0.01867762176856777,-0.48906768768427394,0.9903930753918593,0.9827660666534184,0.7552205934248344,0.386992287364085,-0.9755921928360526,0.9302160821416046,0.9906975048496224,-0.92583461756812,-0.2047222102938512,-0.5819567422936304,-0.45630332782936855,0.5818746683341396,-0.5317066812890527,-0.9700930881921682,-0.8950009365566721
920,-0.5658880659379243,0.49894055847471075,-0.12020716836208283,0.03367079094553396,-0.48714419723443964,0.8863541742248784,0.9812815918041445,0.7103635212697685,0.3589475901008458,-0.9408946120626343,0.8734706309930796,0.9778611212136554,-0.9232317568518243,-0.20848446586368496,-0.5977620640370982,-0.44765967737389983,0.5506712163330675,-0.5408969744565654,-0.9887739780612902,-0.9291930709341052
921,-0.537447429488995,0.4820800359233787,-0.1422565970108208,0.01615455940217106,-0.49078559982080433,0.989804643626754,0.9925802045194059,0.6566293584852597,0.28344542832729397,-0.9742377057747957,0.9280801616966396,0.9929645849188088,-0.9800246494102391,-0.3617911481815331,-0.6525278826121267,-0.5509494239651898,0.6299910115156747,-0.527786111630453,-0.9372629514687602,-0.8838772323261722
922,-0.537447429488995,0.4820800359233787,-0.1422565970108208,0.01615455940217106,-0.49078559982080433,0.989804643626754,0.9925802045194059,0.6566293584852597,0.28344542832729397,-0.9742377057747957,0.9280801616966396,0.9929645849188088,-0.9800246494102391,-0.3617911481815331,-0.6525278826121267,-0.5509494239651898,0.6299910115156747,-0.527786111630453,-0.9372629514687602,-0.8838772323261722
923,-0.5598061412795013,0.49463542159851537,-0.12758706795953426,0.03979820519638579,-0.48597760064520457,0.9688806455130609,0.9842750960841894,0.6735431431884255,0.25806571359027564,-0.9474375613806911,0.8352263729460656,0.957954496666529,-0.9504147558474788,-0.43804495158672174,-0.6055534298547105,-0.5110731787631482,0.6281733632561585,-0.5333249756762389,-0.9856717491860794,-0.902730797280059
924,-0.5429682096029163,0.4859500866452415,-0.13819872978541464,0.03602672094934046,-0.4770670556884497,0.8741025740230969,0.9522221942098367,0.6568268648271121,0.24429895363735152,-0.9792856665307706,0.885081121612494,0.9340419664629818,-0.9440439750008851,-0.3981019842788459,-0.626535889480865,-0.608104039429324,0.7573953317029108,-0.5308591640571213,-0.9765078655215439,-0.7976467865772493
925,-0.5501219760838041,0.4709687852405795,-0.12826951197277256,0.02705585933332051,-0.4724841218324058,0.9591630555567738,0.9506203881823276,0.5849728283286836,0.28847775249119467,-0.9836175298949452,0.90735480025341,0.9312563687110773,-0.9754892592040149,-0.4087950757837857,-0.6511506158624562,-0.6243081412883724,0.7164110767474593,-0.5148961754710557,-0.9190665995613897,-0.7470078619359046
926,-0.5501219760838041,0.4709687852405795,-0.12826951197277256,0.02705585933332051,-0.4724841218324058,0.9591630555567738,0.9506203881823276,0.5849728283286836,0.28847775249119467,-0.9836175298949452,0.90735480025341,0.9312563687110773,-0.9754892592040149,-0.4087950757837857,-0.6511506158624562,-0.6243081412883724,0.7164110767474593,-0.5148961754710557,-0.9190665995613897,-0.7470078619359046
927,-0.5643675261484148,0.5093967928250704,-0.13132302991540176,0.025004657340668077,-0.4807269433935464,0.9109154882297182,0.9700543742337121,0.7456515973665584,0.40721984688443075,-0.9703380202420204,0.992266453678555,0.9087366731691842,-0.9776496659701533,-0.3102560088635462,-0.5695525124901372,-0.5933408253894522,0.7512689498628652,-0.5283259932421743,-0.9500081996265387,-0.817847882911166
928,-0.5643675261484148,0.5093967928250704,-0.13132302991540176,0.025004657340668077,-0.4807269433935464,0.9109154882297182,0.9700543742337121,0.7456515973665584,0.40721984688443075,-0.9703380202420204,0.992266453678555,0.9087366731691842,-0.9776496659701533,-0.3102560088635462,-0.5695525124901372,-0.5933408253894522,0.7512689498628652,-0.5283259932421743,-0.9500081996265387,-0.817847882911166
929,-0.5643675261484148,0.5093967928250704,-0.13132302991540176,0.025004657340668077,-0.4807269433935464,0.9109154882297182,0.9700543742337121,0.7456515973665584,0.40721984688443075,-0.9703380202420204,0.992266453678555,0.9087366731691842,-0.9776496659701533,-0.3102560088635462,-0.5695525124901372,-0.5933408253894522,0.7512689498628652,-0.5283259932421743,-0.9500081996265387,-0.817847882911166
930,-0.5459121740837636,0.4785464411349964,-0.1327841148182724,0.0323416601621576,-0.4932457619677789,0.8258737738723206,0.9753514802670982,0.7827775169230419,0.2909055581752699,-0.9556844673523848,0.8916342017816264,0.9970582652566728,-0.9531294775830101,-0.263954753980523,-0.492034708522709,-0.5555866391533014,0.7232810376052894,-0.5567044268956431,-0.9973489131402529,-0.7451582780648254
931,-0.5459121740837636,0.4785464411349964,-0.1327841148182724,0.0323416601621576,-0.4932457619677789,0.8258737738723206,0.9753514802670982,0.7827775169230419,0.2909055581752699,-0.9556844673523848,0.8916342017816264,0.9970582652566728,-0.9531294775830101,-0.263954753980523,-0.492034708522709,-0.5555866391533014,0.7232810376052894,-0.5567044268956431,-0.9973489131402529,-0.7451582780648254
932,-0.5459121740837636,0.4785464411349964,-0.1327841148182724,0.0323416601621576,-0.4932457619677789,0.8258737738723206,0.9753514802670982,0.7827775169230419,0.2909055581752699,-0.9556844673523848,0.8916342017816264,0.9970582652566728,-0.9531294775830101,-0.263954753980523,-0.492034708522709,-0.5555866391533014,0.7232810376052894,-0.5567044268956431,-0.9973489131402529,-0.7451582780648254
933,-0.5371420355502876,0.48422458353683184,-0.13597938458297545,0.022433363900861064,-0.49177145937130406,0.8526238866343633,0.8937951013642482,0.7496231194344929,0.2972413874439633,-0.9510468340811001,0.8949802832459849,0.9193772957797087,-0.8919375922323874,-0.2531963442583865,-0.6059180403301542,-0.6292362067268343,0.8568013382664637,-0.5790591829466973,-0.9649350130233055,-0.7158834437307523
934,-0.5568949676555865,0.4843515377797095,-0.12536585284991889,0.020682648716929805,-0.48660730918228307,0.8893876705446148,0.9471095644985192,0.8114618516985331,0.32246307059500434,-0.9419500001111448,0.952868636817239,0.9514768103639242,-0.8052062156874182,-0.24794332138660966,-0.5695386191774714,-0.6003812780661361,0.805056200806882,-0.6240439659066751,-0.9828554760157973,-0.6497722799920316
935,-0.5568949676555865,0.4843515377797095,-0.12536585284991889,0.020682648716929805,-0.48660730918228307,0.8893876705446148,0.9471095644985192,0.8114618516985331,0.32246307059500434,-0.9419500001111448,0.952868636817239,0.9514768103639242,-0.8052062156874182,-0.24794332138660966,-0.5695386191774714,-0.6003812780661361,0.805056200806882,-0.6240439659066751,-0.9828554760157973,-0.6497722799920316
936,-0.5546095054625635,0.518744212487841,-0.1436987769273939,0.029118354798300574,-0.4944126952204223,0.9467834436666634,0.9544827774337692,0.7506296639241846,0.3485771656626753,-0.9779826658034784,0.9938972807272699,0.9845412958834895,-0.8708405719528395,-0.2319863948874195,-0.4895959173058495,-0.6402464937792047,0.8197207311706219,-0.45402146233250407,-0.9719960012978754,-0.6907863931879419
937,-0.5321910944327385,0.45667559879519803,-0.12264125741485342,0.02588691385015178,-0.48564656732064415,0.9975067024667652,0.9974679559591229,0.6955210248184944,0.46605836466320927,-0.9612472787709887,0.9997508141813843,0.9529349494409398,-0.8187881707592025,-0.05905608049575646,-0.5426419560852793,-0.6092423725523828,0.7531817085618958,-0.42632789147556954,-0.9668448302170551,-0.6821158108323235
938,-0.5321910944327385,0.45667559879519803,-0.12264125741485342,0.02588691385015178,-0.48564656732064415,0.9975067024667652,0.9974679559591229,0.6955210248184944,0.46605836466320927,-0.9612472787709887,0.9997508141813843,0.9529349494409398,-0.8187881707592025,-0.05905608049575646,-0.5426419560852793,-0.6092423725523828,0.7531817085618958,-0.42632789147556954,-0.9668448302170551,-0.6821158108323235
939,-0.5405762812835054,0.4813541993858651,-0.1345256758687445,0.01919406844966639,-0.48205739525644686,0.9925476457965117,0.9832183296677558,0.7305035920465415,0.4425567564237803,-0.9698077226899601,0.9985431252774069,0.9818952847094409,-0.873806866050995,-0.08896673915854483,-0.5158911400322368,-0.5447944575934263,0.6870816671970114,-0.4649228623106245,-0.9884088525555077,-0.7789338920936195
940,-0.5528594820724413,0.4848155518420728,-0.1407479753717468,0.019334809017562758,-0.4951255307744838,0.8625358941802547,0.9992470979853211,0.6543989326098206,0.30552102765874645,-0.9973149167860744,0.9867024531774101,0.9180264754085249,-0.9190506081711735,-0.10626556731296043,-0.48130421794025335,-0.6592416778330227,0.818951483213206,-0.42825758554068394,-0.9946541786941244,-0.7803376715566432
941,-0.5463229373416926,0.4898941174519408,-0.1389578839439584,0.019664081933218863,-0.4905675629638832,0.8627270898724153,0.9860925682405282,0.6136988468096295,0.26678338707046323,-0.9913495087665402,0.9836932945214986,0.9019223975627555,-0.8803522131325207,-0.25829010101040284,-0.5241371178120836,-0.6698897849849182,0.8529314225146383,-0.45761615713652404,-0.9808032827214723,-0.8396332001042396
942,-0.5398085514382592,0.474460999194174,-0.13748542455110643,0.01978330898597428,-0.48778764593371854,0.7778282518296128,0.952117435139684,0.5641590853041828,0.2871362857839668,-0.9912338415729975,0.9693135405003215,0.8114019041319807,-0.812808635259001,-0.38582247609341525,-0.5008352794857591,-0.7380146431259423,0.942280698054224,-0.3575889538750588,-0.9627244952585704,-0.7780108436361844
943,-0.5205073522764847,0.4687321945153746,-0.14434658963989652,0.027685220198093843,-0.5074317614470167,0.874183932468222,0.9514482174442032,0.5220901181198473,0.15821403208692558,-0.9535904698505083,0.9474896070643648,0.8684475816631234,-0.7832032970762975,-0.3564394883113038,-0.4532554255096366,-0.831354302590006,0.9573397717826521,-0.381182064074414,-0.9983524184004283,-0.8995750906343212
944,-0.5457483424280972,0.4861186648428326,-0.13709498046536323,0.026576019992402077,-0.499309166032155,0.718668197802754,0.9532626691825267,0.5466989905895324,0.2002382773439914,-0.9644999573337004,0.8801852532884263,0.7522601180136488,-0.7334050643373362,-0.3384248160264831,-0.4168718317215285,-0.7589746815088343,0.9474169781123728,-0.3028984495243035,-0.9880136661181301,-0.8075076816869918
945,-0.5464112532343536,0.48557024003671523,-0.13766637896630002,0.015902598372767647,-0.47666147979781215,0.8209879192805909,0.9491339340201215,0.5488445304926964,0.2474856283356653,-0.9341529465528543,0.885338362069127,0.6760722232475674,-0.6603776928212443,-0.34264141510793356,-0.4492800948369328,-0.7034842430355804,0.9141724699683137,-0.3356553992923366,-0.9744580754803979,-0.7333773079708207
946,-0.5464112532343536,0.48557024003671523,-0.13766637896630002,0.015902598372767647,-0.47666147979781215,0.8209879192805909,0.9491339340201215,0.5488445304926964,0.2474856283356653,-0.9341529465528543,0.885338362069127,0.6760722232475674,-0.6603776928212443,-0.34264141510793356,-0.4492800948369328,-0.7034842430355804,0.9141724699683137,-0.3356553992923366,-0.9744580754803979,-0.7333773079708207
947,-0.536843600428738,0.4584879563075932,-0.1348867052694181,0.026420305976732048,-0.48903490435204855,0.8942124867235481,0.9185513316608601,0.52907310119046,0.4428907092557397,-0.9770911223792825,0.9268151443737347,0.8575573911357587,-0.7815138081732766,-0.40921869848946324,-0.5064193197278589,-0.7080533733472688,0.8980721269650614,-0.36050928200461924,-0.9974433268365835,-0.6955902830064501
948,-0.5407010643099196,0.49272818451639283,-0.13950892002347604,0.030473310266978665,-0.4951179866835915,0.951372744583974,0.95836443986219,0.6209441322696232,0.3263694613244675,-0.9854197625904264,0.9625322977692944,0.8734011205334765,-0.8046063240054102,-0.40288563226996793,-0.4747043692238439,-0.7357781917400866,0.8504371325265311,-0.31687867683849763,-0.9911662747267261,-0.6538263298857683
949,-0.557592240304183,0.4883587536035557,-0.13081005888957717,0.03693677570295305,-0.5031518088452009,0.9943065290201664,0.9454895334876238,0.5480385628538735,0.36462712695852295,-0.935771621418069,0.9871087486108056,0.9934044729647014,-0.846725459023963,-0.35873672580368815,-0.5384116637807834,-0.7427452392357297,0.8656556575309952,-0.371746847988678,-0.995148780202356,-0.7911576698366589
950,-0.557592240304183,0.4883587536035557,-0.13081005888957717,0.03693677570295305,-0.5031518088452009,0.9943065290201664,0.9454895334876238,0.5480385628538735,0.36462712695852295,-0.935771621418069,0.9871087486108056,0.9934044729647014,-0.846725459023963,-0.35873672580368815,-0.5384116637807834,-0.7427452392357297,0.8656556575309952,-0.371746847988678,-0.995148780202356,-0.7911576698366589
951,-0.557592240304183,0.4883587536035557,-0.13081005888957717,0.03693677570295305,-0.5031518088452009,0.9943065290201664,0.9454895334876238,0.5480385628538735,0.36462712695852295,-0.935771621418069,0.9871087486108056,0.9934044729647014,-0.846725459023963,-0.35873672580368815,-0.5384116637807834,-0.7427452392357297,0.8656556575309952,-0.371746847988678,-0.995148780202356,-0.7911576698366589
952,-0.557592240304183,0.4883587536035557,-0.13081005888957717,0.03693677570295305,-0.5031518088452009,0.9943065290201664,0.9454895334876238,0.5480385628538735,0.36462712695852295,-0.935771621418069,0.9871087486108056,0.9934044729647014,-0.846725459023963,-0.35873672580368815,-0.5384116637807834,-0.7427452392357297,0.8656556575309952,-0.371746847988678,-0.995148780202356,-0.7911576698366589
953,-0.557592240304183,0.4883587536035557,-0.13081005888957717,0.03693677570295305,-0.5031518088452009,0.9943065290201664,0.9454895334876238,0.5480385628538735,0.36462712695852295,-0.935771621418069,0.9871087486108056,0.9934044729647014,-0.846725459023963,-0.35873672580368815,-0.5384116637807834,-0.7427452392357297,0.8656556575309952,-0.371746847988678,-0.995148780202356,-0.7911576698366589
954,-0.557592240304183,0.4883587536035557,-0.13081005888957717,0.03693677570295305,-0.5031518088452009,0.9943065290201664,0.9454895334876238,0.5480385628538735,0.36462712695852295,-0.935771621418069,0.9871087486108056,0.9934044729647014,-0.846725459023963,-0.35873672580368815,-0.5384116637807834,-0.7427452392357297,0.8656556575309952,-0.371746847988678,-0.995148780202356,-0.7911576698366589
955,-0.5310768118653647,0.49296026406475874,-0.1450416639802757,0.036279506455855516,-0.4941646321382616,0.9400152862770722,0.9240827212486619,0.5862982033109189,0.4572475683870367,-0.9865553184740465,0.9597725817266429,0.9014097515045865,-0.8702534248857687,-0.4532567108546501,-0.4559612742555116,-0.7921471059518634,0.8785235804853109,-0.23866634834483866,-0.9981788528308758,-0.6228534034965918
956,-0.5544072338812382,0.4825224535787387,-0.133335243341898,0.04515304183573501,-0.5058255293844721,0.9453027990761149,0.9574901263985427,0.6090110572821358,0.563748662355927,-0.9818872242601554,0.9862312402510242,0.9679948369141347,-0.9924691508931328,-0.3472436541030635,-0.43226320670603086,-0.7747427439872798,0.8554407596111322,-0.26008836927609047,-0.9936123169354321,-0.6120456978682364
957,-0.5292329607354339,0.4900709509662903,-0.1501126595275009,0.025360826320909816,-0.49104842036165924,0.9598823055576013,0.9614938545478791,0.691026087111942,0.577937917490294,-0.9884892527242396,0.9693702163408965,0.9899968843167158,-0.9356094031910948,-0.3235182079809215,-0.5087777911129185,-0.7481707163527899,0.871079841540193,-0.3575442678673913,-0.9930361091878493,-0.44575462178855446
958,-0.5530655996205067,0.4724585802970307,-0.13491235357559386,0.03845384447114416,-0.50425074398864,0.9949440418679741,0.9546042173262773,0.6110038414887219,0.5567280187007217,-0.9037179037604179,0.9297283246659829,0.9034539673460684,-0.9536341318439082,-0.3338373946102713,-0.41981410289611787,-0.8165850794535731,0.9662436913508031,-0.48297612469686474,-0.996616876466632,-0.34642766415923953
959,-0.5530655996205067,0.4724585802970307,-0.13491235357559386,0.03845384447114416,-0.50425074398864,0.9949440418679741,0.9546042173262773,0.6110038414887219,0.5567280187007217,-0.9037179037604179,0.9297283246659829,0.9034539673460684,-0.9536341318439082,-0.3338373946102713,-0.41981410289611787,-0.8165850794535731,0.9662436913508031,-0.48297612469686474,-0.996616876466632,-0.34642766415923953
960,-0.5530655996205067,0.4724585802970307,-0.13491235357559386,0.03845384447114416,-0.50425074398864,0.9949440418679741,0.9546042173262773,0.6110038414887219,0.5567280187007217,-0.9037179037604179,0.9297283246659829,0.9034539673460684,-0.9536341318439082,-0.3338373946102713,-0.41981410289611787,-0.8165850794535731,0.9662436913508031,-0.48297612469686474,-0.996616876466632,-0.34642766415923953
961,-0.5550166040252965,0.5193692735854344,-0.15039269872732985,0.019913072351945973,-0.4831598151991321,0.9944194387864494,0.8754195429061308,0.6178356602130948,0.5244375480404379,-0.9650590685457876,0.8919756757626524,0.8188466158444152,-0.9595941314985575,-0.38067090403138415,-0.4675518778493255,-0.7546442076536798,0.9415097927976688,-0.5137786323126864,-0.9946481915524221,-0.41382538326772167
962,-0.5550166040252965,0.5193692735854344,-0.15039269872732985,0.019913072351945973,-0.4831598151991321,0.9944194387864494,0.8754195429061308,0.6178356602130948,0.5244375480404379,-0.9650590685457876,0.8919756757626524,0.8188466158444152,-0.9595941314985575,-0.38067090403138415,-0.4675518778493255,-0.7546442076536798,0.9415097927976688,-0.5137786323126864,-0.9946481915524221,-0.41382538326772167
963,-0.5550166040252965,0.5193692735854344,-0.15039269872732985,0.019913072351945973,-0.4831598151991321,0.9944194387864494,0.8754195429061308,0.6178356602130948,0.5244375480404379,-0.9650590685457876,0.8919756757626524,0.8188466158444152,-0.9595941314985575,-0.38067090403138415,-0.4675518778493255,-0.7546442076536798,0.9415097927976688,-0.5137786323126864,-0.9946481915524221,-0.41382538326772167
964,-0.5464490273633255,0.4526823756266836,-0.1335323890195529,0.03528582896805672,-0.49475389379957424,0.8994295496729011,0.9579491433067053,0.684184040625917,0.5427368690263877,-0.8383596994322619,0.8303139143730421,0.8825569488524336,-0.9750902133054983,-0.4973411735948533,-0.47608470457051016,-0.7237040812616136,0.868155587836085,-0.4414738509144203,-0.9916761787984503,-0.40897324832942183
965,-0.5361051494607176,0.5046950045208335,-0.15858657756783837,0.032115979506164904,-0.49401684180803007,0.9969460821193975,0.9751460108415927,0.7641368970952468,0.4343173379369833,-0.8605974267246498,0.8480002506883324,0.8790708224772609,-0.9850829832034141,-0.6052734435302749,-0.3926040501860803,-0.8220868068739624,0.9713042390100066,-0.513106768688653,-0.9692797379801821,-0.3852086266361801
966,-0.5361051494607176,0.5046950045208335,-0.15858657756783837,0.032115979506164904,-0.49401684180803007,0.9969460821193975,0.9751460108415927,0.7641368970952468,0.4343173379369833,-0.8605974267246498,0.8480002506883324,0.8790708224772609,-0.9850829832034141,-0.6052734435302749,-0.3926040501860803,-0.8220868068739624,0.9713042390100066,-0.513106768688653,-0.9692797379801821,-0.3852086266361801
967,-0.5672993558216018,0.47808613437781655,-0.13326321418049386,0.03936902207924679,-0.4966644077115946,0.9852663398065489,0.9588640446653993,0.6819270455149379,0.4573671330878488,-0.98014059775482,0.8975252234863352,0.7367528797309543,-0.9423461199743248,-0.5508559648188712,-0.39081223296483425,-0.7840081286462084,0.9529091509693317,-0.5068808819075862,-0.9954285093885974,-0.356841771404974
968,-0.5531491981783219,0.519364935149935,-0.1564323908206765,0.017811943179031058,-0.48703974723090876,0.9012974601121437,0.9474441310306436,0.736479085006619,0.43816253072771844,-0.9812445075500243,0.7955046585304278,0.7012303751320549,-0.9719976874220487,-0.5333784733756959,-0.44173965733751236,-0.7032719918687844,0.9708134037166698,-0.5736688272998354,-0.9374022972817604,-0.34319222050229425
969,-0.548135650864856,0.45736314903643444,-0.14232641713122174,0.03038280834330671,-0.4977938094360378,0.8522567045970048,0.9220491063512742,0.7816449923479606,0.48057972399163307,-0.9989425680182825,0.7760109354680863,0.6842927751490573,-0.9206124575719664,-0.5857498395146804,-0.46661043505602895,-0.6340426083935025,0.9561289602827587,-0.5903927656265686,-0.9521982268791213,-0.31045426448603747
970,-0.5696505753623388,0.5347981807618851,-0.15210103698798716,0.018865151082434087,-0.48930653716151484,0.9154477048284607,0.9489652244283736,0.8060453381933201,0.5124533433167685,-0.9669004225474181,0.7950548380397874,0.7070971705752243,-0.906888800493996,-0.6956301601383589,-0.4549545542040178,-0.6770024543070797,0.9466903039689324,-0.6432911177586903,-0.965356523829622,-0.2593293880862917
971,-0.5572007173569751,0.467254082063338,-0.13385688399040618,0.02989084749937482,-0.48033238593468736,0.9479482167971447,0.9876989228911079,0.8315505008239873,0.4327920867400008,-0.9583000072511736,0.7459149250522873,0.6671270630224513,-0.8748244434996416,-0.752156533902611,-0.45427969089085085,-0.6440151713459429,0.9800414006378202,-0.7023418675643827,-0.9867062904138728,-0.25524902719595016
972,-0.5664097197985792,0.5036728408533482,-0.13974256610550215,0.008150759269193656,-0.4623894433782134,0.9545116536993459,0.9993232809167266,0.851431188780526,0.4630201047582283,-0.9572548486161049,0.741369419737943,0.6047200197479119,-0.8693084715635323,-0.6331023044991054,-0.39283151383244574,-0.5925643199005113,0.9355180873955162,-0.6034261698675258,-0.9728726841343296,-0.2931220167144034
973,-0.5668648571048842,0.4765422866512989,-0.12776232771510712,0.03049811980198119,-0.4737903913774753,0.9610163725078628,0.9996097216643298,0.8075819239206284,0.4715890466794517,-0.9778333391736665,0.7093828952945536,0.642987470476357,-0.8197581149859797,-0.6177370957893844,-0.4348875173014888,-0.5553698786647668,0.9057997485389067,-0.5963786315257007,-0.9713205089667821,-0.2542263914675911
974,-0.5558525096419887,0.5157418981772396,-0.1484727973240895,0.028553243144357827,-0.4846385138210823,0.999518189286275,0.9951298827883197,0.8391741522699576,0.495718248780431,-0.9837099502798018,0.7543003606808694,0.7100635966682838,-0.8397840717021631,-0.5367209797075794,-0.4587070411931628,-0.5633397132007912,0.8790462224098864,-0.5988162255754075,-0.9857109423696662,-0.3079141899529468
975,-0.5658314617340776,0.4824177314705454,-0.12651212491445826,0.0408819991702511,-0.48081392231581577,0.9949767160381009,0.9833652456240339,0.7515052983933782,0.42891531843023156,-0.9881125350717715,0.6482535556718176,0.6589225366996596,-0.8143764254790141,-0.5325600635259546,-0.5499738445092036,-0.5070006675711297,0.8132167781163441,-0.6408136123687267,-0.9733058311441392,-0.3087839310203928
976,-0.5448767640350863,0.516446627951578,-0.15506284303637816,0.03327921178568401,-0.48923132367950795,0.8738278434112159,0.9008463622549253,0.699726408767463,0.38911355904613687,-0.9909943641994865,0.709964900693177,0.6308774341713876,-0.7611412872875238,-0.7048387944835923,-0.5142953310927108,-0.5464868670123874,0.8591340220176308,-0.6332682404372958,-0.9968880809888219,-0.44406864532855833
977,-0.5448767640350863,0.516446627951578,-0.15506284303637816,0.03327921178568401,-0.48923132367950795,0.8738278434112159,0.9008463622549253,0.699726408767463,0.38911355904613687,-0.9909943641994865,0.709964900693177,0.6308774341713876,-0.7611412872875238,-0.7048387944835923,-0.5142953310927108,-0.5464868670123874,0.8591340220176308,-0.6332682404372958,-0.9968880809888219,-0.44406864532855833
978,-0.5448767640350863,0.516446627951578,-0.15506284303637816,0.03327921178568401,-0.48923132367950795,0.8738278434112159,0.9008463622549253,0.699726408767463,0.38911355904613687,-0.9909943641994865,0.709964900693177,0.6308774341713876,-0.7611412872875238,-0.7048387944835923,-0.5142953310927108,-0.5464868670123874,0.8591340220176308,-0.6332682404372958,-0.9968880809888219,-0.44406864532855833
979,-0.5667178727770907,0.49767115480544777,-0.1421295173630321,0.04924411870254178,-0.49956663114288213,0.9105638789282277,0.9681962340735389,0.7941426243847839,0.3163667909248036,-0.9986648238400786,0.6959407276160453,0.6816601565114013,-0.7310920619626133,-0.699750254027668,-0.491697027844635,-0.5814893353757086,0.8908551352459594,-0.5417454617278823,-0.998892819288915,-0.4522582352310087
980,-0.5667178727770907,0.49767115480544777,-0.1421295173630321,0.04924411870254178,-0.49956663114288213,0.9105638789282277,0.9681962340735389,0.7941426243847839,0.3163667909248036,-0.9986648238400786,0.6959407276160453,0.6816601565114013,-0.7310920619626133,-0.699750254027668,-0.491697027844635,-0.5814893353757086,0.8908551352459594,-0.5417454617278823,-0.998892819288915,-0.4522582352310087
981,-0.5292831404583948,0.49423954269808373,-0.16139005577082535,0.04145431817190923,-0.5019034151575272,0.9483423355108881,0.9622225334693533,0.7239176634940454,0.4067132439946213,-0.9939784524553824,0.7625648606838138,0.7239271360761675,-0.7182666809252074,-0.7113511958533116,-0.5169732875240773,-0.5245723656569495,0.7784675685855137,-0.5142954651117554,-0.9878743606185898,-0.510162353733236
982,-0.5625252139119322,0.5020877261572126,-0.1427527407062337,0.06321195944204584,-0.5238159309811308,0.8668559337023023,0.9781788395552382,0.8538533985872846,0.45283396650626495,-0.9395344821959754,0.7215341815221117,0.794704457728683,-0.6754774353721162,-0.8045397075716223,-0.5249252892543219,-0.604834015271184,0.8886373401116123,-0.43519050675294035,-0.9813206177255901,-0.462995433939548
983,-0.5217804344349198,0.4846699882444238,-0.15325192783191435,0.042959546913648006,-0.4893829068853929,0.849723231068682,0.9797823203369466,0.8726229851949681,0.44469962153623344,-0.9500040423825831,0.7666152022208087,0.8412649850786383,-0.5867281608080839,-0.7247099940955684,-0.5016499843376717,-0.5491445362459678,0.9295490562379171,-0.36290017121877066,-0.9884233340089104,-0.33654385756773686
984,-0.5553218552383805,0.48574444413628437,-0.13782632960019398,0.054346343241720704,-0.5106621870479948,0.8630094756179174,0.9334433952882624,0.9194267979289011,0.5140429089226723,-0.8731099202263795,0.8344452376819061,0.8019498753593937,-0.6677583318997448,-0.725015360590847,-0.421364780507916,-0.6551658946580703,0.9124275988343593,-0.39350672979021556,-0.9800411065369725,-0.49595635439729396
985,-0.5553218552383805,0.48574444413628437,-0.13782632960019398,0.054346343241720704,-0.5106621870479948,0.8630094756179174,0.9334433952882624,0.9194267979289011,0.5140429089226723,-0.8731099202263795,0.8344452376819061,0.8019498753593937,-0.6677583318997448,-0.725015360590847,-0.421364780507916,-0.6551658946580703,0.9124275988343593,-0.39350672979021556,-0.9800411065369725,-0.49595635439729396
986,-0.5545728156301207,0.5159093692077771,-0.15410777929505717,0.03843053927099862,-0.49525659267171224,0.8507591113828942,0.9870943912991925,0.8355736888016164,0.5470864201686588,-0.9013679814710043,0.8511703317451681,0.7872101671540729,-0.6801144089383588,-0.7381424156547579,-0.4714213037843995,-0.6147576495952758,0.9126155829737848,-0.3953569762241455,-0.8984480235843929,-0.44324859528777877
987,-0.5427946089724949,0.4757339233386797,-0.15182030485053702,0.04883424662611863,-0.5139083849503218,0.8821926334211788,0.9183951043648007,0.9086516760349311,0.590742195429116,-0.8154053475764149,0.7975046788551003,0.7545546681721069,-0.7781626754893604,-0.8155195325201156,-0.4182969926154924,-0.639963271410457,0.9125200615842701,-0.5535577365264023,-0.9868221862822302,-0.40469296983942815
988,-0.5712636617278077,0.5371579839789208,-0.15387182147582873,0.03330903922695128,-0.4926236351045223,0.8015057741513284,0.9503476290103008,0.9611977620235472,0.6021655372129775,-0.8059920623229565,0.7665453636159072,0.7954521734671218,-0.7523287000487231,-0.9022246225081483,-0.41022560857084406,-0.6386293810727135,0.926230153928827,-0.43416208470952344,-0.9122566524073417,-0.3207911961886135
989,-0.5712636617278077,0.5371579839789208,-0.15387182147582873,0.03330903922695128,-0.4926236351045223,0.8015057741513284,0.9503476290103008,0.9611977620235472,0.6021655372129775,-0.8059920623229565,0.7665453636159072,0.7954521734671218,-0.7523287000487231,-0.9022246225081483,-0.41022560857084406,-0.6386293810727135,0.926230153928827,-0.43416208470952344,-0.9122566524073417,-0.3207911961886135
990,-0.5394763878231906,0.46047804349815813,-0.13385166867899825,0.057568979853742645,-0.5103829102574423,0.8731070970263357,0.9893422780415009,0.9555052139089714,0.5624449706284425,-0.8457760115169113,0.8340648882489207,0.8484048163320389,-0.6092933541352721,-0.8813616656459959,-0.4788219513680086,-0.5776058299143882,0.8936644687684888,-0.409905518752667,-0.9391144123394599,-0.4419591260152546
991,-0.5643300227936073,0.5059971708265666,-0.13545930527888436,0.03652363395110486,-0.46274585909405924,0.8939186886015096,0.9620457295513564,0.9261644516054817,0.4949603077846417,-0.8821488573287357,0.7360910074736575,0.739793018016167,-0.5784271661991458,-0.89639913614184,-0.445773404232689,-0.5644617927627053,0.8998501478418145,-0.4563831850719257,-0.9988599396716024,-0.4011683959894412
992,-0.5519118964391201,0.4860966703308442,-0.13133679525155217,0.042975407154639024,-0.5064001286265861,0.9697383557085651,0.9668500118111581,0.9134998975283584,0.47490688036217343,-0.8707142798560533,0.8318326713921298,0.7812957487933848,-0.42311986369639376,-0.9360959632205375,-0.49726083327003107,-0.598524183918649,0.9892959785667786,-0.4688313871136789,-0.9760807912962286,-0.4232825097183373
993,-0.559564428582873,0.48962031368164916,-0.1310107683215739,0.03498152375794034,-0.475972284883686,0.9826593413933407,0.9691028744949175,0.8940039899084274,0.579059322349669,-0.9008059220283553,0.8649355158369387,0.795771682602074,-0.5235377176783811,-0.9402441281921431,-0.5851674980430303,-0.6059409636222979,0.9925068976607596,-0.5013218713091733,-0.9297446177998454,-0.31136933373304276
994,-0.5569867681798145,0.4784519367367278,-0.13186373470778667,0.043234896125693874,-0.47794253418363775,0.9669633899479189,0.9071581501202697,0.8439365556446663,0.5929803836003676,-0.8594248843952604,0.8452846450439674,0.7189736077516391,-0.6521644887317302,-0.935130025058787,-0.5315421096255509,-0.6116511488676117,0.8573391605860399,-0.45074796521109406,-0.8931510570585734,-0.4023975328369927
995,-0.5754554155868603,0.5205113200278901,-0.14079696252249482,0.04420485901150333,-0.46792914526409657,0.8985234417439139,0.8602047289034415,0.8676515919580831,0.6692275075016909,-0.8717265847814374,0.7892555784746849,0.6341098056037598,-0.5967932194099472,-0.9362544880745244,-0.4793825783390791,-0.6201954155151724,0.892075197783207,-0.41692642535839464,-0.8952982686401612,-0.20530984953931744
996,-0.5600420519068586,0.5025902949708798,-0.14451200871977668,0.04526527810779292,-0.5018958497507788,0.8803097996294256,0.9888103116822582,0.9151467071930568,0.6020157262729858,-0.9438011361450593,0.7499726715262413,0.7410391401689846,-0.6975520131231014,-0.8740896469568039,-0.38011790749305957,-0.6274199820945044,0.9709770939334836,-0.4910632136996959,-0.9692299695190414,-0.261531245656268
997,-0.5677149653540743,0.5145883621818249,-0.14459525302646986,0.036064443482090286,-0.4896778325231897,0.8980168692697728,0.984613361651696,0.9226379361468598,0.5523258110510588,-0.942257692218058,0.754267186372065,0.5601800237636324,-0.8258037256695642,-0.8909775997914322,-0.4282788214104714,-0.5774586423772947,0.9545909023052803,-0.4709433183463423,-0.8840417916981408,-0.21477266508270135
998,-0.5580437376536803,0.5059554426410887,-0.14762842416965058,0.04356194128417955,-0.5013113299388083,0.9895038621955732,0.9829315839582464,0.8999694752903882,0.5351185094531564,-0.8735068739073173,0.7018112803101176,0.7592321675666976,-0.9118352942844055,-0.870642439816367,-0.44306288709304276,-0.7144237411631569,0.9098711818661595,-0.5597966244204967,-0.9551155931556448,-0.13162175618174465
999,-0.5484723765377292,0.4963157980400302,-0.14741403877408996,0.037491291026052524,-0.5021440660813302,0.9702471903442136,0.9874008338487108,0.9919881035540028,0.5030624799098549,-0.7741786708870073,0.7659567212615189,0.7904915195145296,-0.9229148750647087,-0.8917034748420538,-0.2750607104798851,-0.7018249667722714,0.9929759801031773,-0.5923897356108698,-0.960867897004074,-0.24574023208567816
