,x0,x1,x2,x3,x4,x5,x6,x7,x8,x9,x10,x11,x12,x13,x14,x15,x16,x17,x18,x19
0,-0.2669899160175257,-0.9772992023412415,-0.8655490445776619,0.6562573910275726,-0.07429412457804711,-0.6558819259504026,-0.4832281155889894,-0.7493131792327861,0.6592785119877519,-0.9457843592890552,-0.7960409554799583,0.31795270448568735,0.96969364073025,-0.5243348264247775,0.08945867411294867,-0.03687693690791146,-0.647288906244779,-0.08696881412553255,-0.6725444477031961,0.708363183448401
1,-0.2669899160175257,-0.9772992023412415,-0.8655490445776619,0.6562573910275726,-0.07429412457804711,-0.6558819259504026,-0.4832281155889894,-0.7493131792327861,0.6592785119877519,-0.9457843592890552,-0.7960409554799583,0.31795270448568735,0.96969364073025,-0.5243348264247775,0.08945867411294867,-0.03687693690791146,-0.647288906244779,-0.08696881412553255,-0.6725444477031961,0.708363183448401
2,-0.2669899160175257,-0.9772992023412415,-0.8655490445776619,0.6562573910275726,-0.07429412457804711,-0.6558819259504026,-0.4832281155889894,-0.7493131792327861,0.6592785119877519,-0.9457843592890552,-0.7960409554799583,0.31795270448568735,0.96969364073025,-0.5243348264247775,0.08945867411294867,-0.03687693690791146,-0.647288906244779,-0.08696881412553255,-0.6725444477031961,0.708363183448401
3,-0.26536038551869284,-0.981371004145831,-0.8612691331779407,0.6516815467463586,-0.07381816297038661,-0.6781427038315827,-0.5217459945213845,-0.6810991674382112,0.6856879953416757,-0.9611179688428009,-0.7911438628229975,0.33347318746862087,0.8777861214486187,-0.4990851181610888,0.14579511130289396,-0.025945157966011954,-0.6317445166038916,-0.09486951258628928,-0.6311006742636108,0.6863842641146715
4,-0.2515979381329661,-0.9736713484210336,-0.8553706242507949,0.6508109958971569,-0.07405841134154603,-0.5994357313561682,-0.4867127966915744,-0.7839353280777035,0.7024755387858157,-0.9431625260827734,-0.7524285492569938,0.34662892788529304,0.9149919280405953,-0.5013300056416117,0.20189479821046552,-0.0260420704198335,-0.6944774525718242,-0.07364606366569869,-0.710142392018634,0.7934244829110332
5,-0.26635711265726053,-0.9776239310131002,-0.8589476523329678,0.6514734847182622,-0.06670728128175457,-0.6537560244120236,-0.503996055213359,-0.7480006233292612,0.6751382656588,-0.9580380715384728,-0.8154059340196944,0.354878371972853,0.9364366103955785,-0.4879941079177169,0.1400769610446444,-0.02478769612969615,-0.619797375097384,-0.09870318247185743,-0.6586114520452008,0.7622309914847692
6,-0.26103748939809285,-0.9807619531760619,-0.8585233972078795,0.6478078332648247,-0.0719924549082594,-0.6676443504944158,-0.44012033170688614,-0.784405750231678,0.5679881734321803,-0.9199254479163761,-0.7798721555736178,0.4163544626738795,0.8795204086645243,-0.5105892460680155,0.14040859419254637,0.023243175046441494,-0.6458560201360113,-0.13545527438254396,-0.6719722096058428,0.7082484459749057
7,-0.27007825362313864,-0.9856354195114676,-0.8645932509331433,0.6546844815870068,-0.07973155314450563,-0.6403332276104434,-0.4134906036230623,-0.822458557007934,0.6679485512000995,-0.9496576937594395,-0.7389300250194648,0.4727480689017345,0.9044816383258087,-0.5728946778364624,0.08222688153248842,-0.07321062302486069,-0.6174922348215247,-0.1640078112078062,-0.7512547113636251,0.7472539742445138
8,-0.2599562051917483,-0.9826069790707246,-0.8614822461176408,0.6536256207450136,-0.08383481373404084,-0.650050112280171,-0.42705921545854586,-0.843795224689197,0.579526705333727,-0.9952653383981551,-0.8051191349726741,0.4747623080029745,0.8215629954702185,-0.6259111682199182,0.05742645983324933,-0.09353252993624636,-0.6559450304470257,-0.11391742950903179,-0.7679823907614807,0.8109203269648415
9,-0.2599562051917483,-0.9826069790707246,-0.8614822461176408,0.6536256207450136,-0.08383481373404084,-0.650050112280171,-0.42705921545854586,-0.843795224689197,0.579526705333727,-0.9952653383981551,-0.8051191349726741,0.4747623080029745,0.8215629954702185,-0.6259111682199182,0.05742645983324933,-0.09353252993624636,-0.6559450304470257,-0.11391742950903179,-0.7679823907614807,0.8109203269648415
10,-0.26800222328433204,-0.9838868959213463,-0.8638654485985658,0.6538145476559973,-0.07941498378193931,-0.6027648780202913,-0.41071390038450867,-0.7399965967018313,0.6766675856276128,-0.9754924775076658,-0.8733429651915634,0.3958756958092623,0.8598225514407765,-0.6201488759964724,0.03844471236181012,-0.1436011392706731,-0.6646294867505557,-0.11274598209656314,-0.7387099304645519,0.7906679868079111
11,-0.2593152740852676,-0.9879824302915609,-0.8619491193496281,0.6473547968341643,-0.07817004180794637,-0.6694305547166892,-0.3919390706692674,-0.7430241810403604,0.6301137227322884,-0.9969960369854406,-0.8690917244610196,0.3495818632494938,0.8573681538027558,-0.6321574975597295,0.04680054112997351,-0.046619998999008413,-0.6879686904739514,-0.06918881877534634,-0.7062709093594287,0.8062554110732495
12,-0.2658555339795971,-0.9838482753183979,-0.8611541505124011,0.6552924765375658,-0.07672111543688666,-0.6120946872311646,-0.39916950933053574,-0.6925253564283322,0.5894881784223929,-0.9152751596189841,-0.8932193248481495,0.4488143559624276,0.906707287811808,-0.6011645552487327,0.0324022538807362,-0.03224561191543278,-0.6033975218554104,-0.08866732170295168,-0.7276482338893543,0.7669649574705185
13,-0.2675199395574942,-0.985670760454534,-0.8652559568837235,0.6501517668150159,-0.07065917799443128,-0.5855754414214039,-0.409223339690206,-0.7418323008630869,0.5756173729440796,-0.9774137503804324,-0.9137176075181223,0.35103640673289405,0.9503930767640774,-0.5347505506046284,-0.031177971072884596,-0.0945640177129845,-0.6909724634087705,-0.11434209514697709,-0.7234627537002459,0.760693342073259
14,-0.26903052856791876,-0.9802083993553583,-0.8671939747978297,0.6479767318720724,-0.07004680029148856,-0.4834999653896634,-0.38263637942205486,-0.6820760388483994,0.5857645884328846,-0.86550967704203,-0.9377502460461171,0.2934075336244368,0.9177078570522069,-0.539147195626904,0.027244560744770233,-0.10897997547949043,-0.7078223137136541,-0.12083774301351101,-0.6815287138976444,0.690733590205636
15,-0.26903052856791876,-0.9802083993553583,-0.8671939747978297,0.6479767318720724,-0.07004680029148856,-0.4834999653896634,-0.38263637942205486,-0.6820760388483994,0.5857645884328846,-0.86550967704203,-0.9377502460461171,0.2934075336244368,0.9177078570522069,-0.539147195626904,0.027244560744770233,-0.10897997547949043,-0.7078223137136541,-0.12083774301351101,-0.6815287138976444,0.690733590205636
16,-0.2722502589985121,-0.9738981800249872,-0.8676673032086651,0.657856812692619,-0.07566233073976095,-0.3947861492674447,-0.3644891511287271,-0.657907223946883,0.6891019441594577,-0.8014494678477891,-0.8873217893291633,0.2729158413229337,0.9986681212897326,-0.47665810469041164,0.02924848905182734,-0.12328863344866119,-0.7327425529327714,-0.12804188838023217,-0.6935625902439679,0.6883666830469203
17,-0.2610609035489492,-0.9744821749347774,-0.8706871764874009,0.6442459020508864,-0.07515460208117192,-0.36932591251340074,-0.35586225073888295,-0.6952860222330493,0.5552789593758936,-0.8326626378181535,-0.927372327262528,0.2649056851044986,0.9391331180470366,-0.5492197052366777,0.056711037232914305,-0.14527101963077146,-0.742338594713746,-0.11774813652266002,-0.6975465163149333,0.6532476680896773
18,-0.2610609035489492,-0.9744821749347774,-0.8706871764874009,0.6442459020508864,-0.07515460208117192,-0.36932591251340074,-0.35586225073888295,-0.6952860222330493,0.5552789593758936,-0.8326626378181535,-0.927372327262528,0.2649056851044986,0.9391331180470366,-0.5492197052366777,0.056711037232914305,-0.14527101963077146,-0.742338594713746,-0.11774813652266002,-0.6975465163149333,0.6532476680896773
19,-0.26321343638161615,-0.9767577260420391,-0.8779990967113787,0.6410184731140001,-0.0735572814312757,-0.3014414433768187,-0.32201850457646697,-0.7653356200609174,0.5495415414483618,-0.8585419648779018,-0.8940246350838393,0.2192209576348496,0.8773935309636748,-0.5320382889807392,0.06935976825966257,-0.10203544724279194,-0.76172734900049,-0.10708176430294218,-0.696806695388717,0.5482494491054908
20,-0.26321343638161615,-0.9767577260420391,-0.8779990967113787,0.6410184731140001,-0.0735572814312757,-0.3014414433768187,-0.32201850457646697,-0.7653356200609174,0.5495415414483618,-0.8585419648779018,-0.8940246350838393,0.2192209576348496,0.8773935309636748,-0.5320382889807392,0.06935976825966257,-0.10203544724279194,-0.76172734900049,-0.10708176430294218,-0.696806695388717,0.5482494491054908
21,-0.2743013633334349,-0.9701793676204999,-0.8753080217591626,0.6473047065759463,-0.07768779908253526,-0.35318705676284795,-0.4210662193241698,-0.7361640383458573,0.6170616766644678,-0.8719398588345706,-0.861465254797268,0.26615861918131106,0.9293324263948,-0.5094570722246707,-0.01587336772655594,-0.13931398992376978,-0.8123624306048485,-0.034693311713305974,-0.7017707838833788,0.5436270107988505
22,-0.2743013633334349,-0.9701793676204999,-0.8753080217591626,0.6473047065759463,-0.07768779908253526,-0.35318705676284795,-0.4210662193241698,-0.7361640383458573,0.6170616766644678,-0.8719398588345706,-0.861465254797268,0.26615861918131106,0.9293324263948,-0.5094570722246707,-0.01587336772655594,-0.13931398992376978,-0.8123624306048485,-0.034693311713305974,-0.7017707838833788,0.5436270107988505
23,-0.266740023682623,-0.968848847060674,-0.8778999949758137,0.6481258274552008,-0.08307181480609213,-0.4231022026129885,-0.4472062519295581,-0.8323984735052402,0.6861184571742306,-0.9141880691107119,-0.8492437000440841,0.22213029703047588,0.9083394465051364,-0.500005551085037,-0.05255202506931113,-0.1869830038784666,-0.851890029564085,0.01891846205801994,-0.7147562846723133,0.46809076267333916
24,-0.2377933594738712,-0.960507033759358,-0.8717523551768773,0.6426265718836458,-0.07828323636843829,-0.3797177132036492,-0.5282584586187362,-0.7616875283875713,0.8006008942731639,-0.9284716792041288,-0.8016815466818584,0.15878205339551704,0.867657397476493,-0.5153003226864333,-0.013410530312200093,-0.19134572121375396,-0.9070119145702406,0.0809013543319154,-0.6742012319290718,0.4889020465768666
25,-0.25302389530261554,-0.9632252811996683,-0.8765739467171038,0.6397451581527128,-0.07061731311805095,-0.3993187102117793,-0.5327959754567636,-0.7663435927028323,0.8427695299472523,-0.9140700641218166,-0.8496987007920882,0.018872047479647037,0.9382489329806941,-0.5399389770571832,0.005461702605546694,-0.20049985567991127,-0.8909585145462338,-0.0016368321187330503,-0.5606846098418385,0.4321687605917784
26,-0.24880503872330453,-0.9603655178110289,-0.8729781997812736,0.6405537378662719,-0.07925401168395907,-0.34933918524368024,-0.51812586945031,-0.6567967022449587,0.9543270486509952,-0.9229680167582726,-0.8732309272662095,-0.004820085584903025,0.9654336006561476,-0.4989231798765116,-0.01408099290355685,-0.22678927047034558,-0.8685814876475746,-0.019826522185447015,-0.557598952105728,0.483417689844837
27,-0.2526006298084515,-0.9614225060618657,-0.8706013024914165,0.6455008049059255,-0.07101688907264288,-0.3571329637441672,-0.5311287889165591,-0.5588930978932205,0.9415104803850494,-0.9426111087192213,-0.8360253673196837,0.0013210840149507233,0.9102984102746614,-0.6120200629778635,0.07979297987801967,-0.23986108695189223,-0.9100200128609027,-0.08870978356002804,-0.5429110025622561,0.4892645694200583
28,-0.26555905135352875,-0.9561939785339004,-0.8805383870917004,0.6616543736567715,-0.08034373767100869,-0.39369916518905723,-0.5295609102664062,-0.5620545596620062,0.979844859857644,-0.9786775013677552,-0.8961995936805275,0.0025406831662284166,0.9627127526207329,-0.5804860149541219,-0.07191785407883192,-0.2851607211716748,-0.841108946579158,-0.14909568446544147,-0.5261598445380691,0.4459490376154024
29,-0.2515853289108916,-0.967517680278009,-0.8777023643943355,0.6562576658457184,-0.07939875645047911,-0.4210001767818844,-0.47012874473885236,-0.5327018111192984,0.929317623019268,-0.9370734127113015,-0.8685382696208926,0.08463646115168016,0.9235898157128115,-0.6673728558968443,-0.11755007173185393,-0.19775241028170792,-0.8508625570349992,-0.09849230260272583,-0.549152526981889,0.4905767134560216
30,-0.2515853289108916,-0.967517680278009,-0.8777023643943355,0.6562576658457184,-0.07939875645047911,-0.4210001767818844,-0.47012874473885236,-0.5327018111192984,0.929317623019268,-0.9370734127113015,-0.8685382696208926,0.08463646115168016,0.9235898157128115,-0.6673728558968443,-0.11755007173185393,-0.19775241028170792,-0.8508625570349992,-0.09849230260272583,-0.549152526981889,0.4905767134560216
31,-0.2515853289108916,-0.967517680278009,-0.8777023643943355,0.6562576658457184,-0.07939875645047911,-0.4210001767818844,-0.47012874473885236,-0.5327018111192984,0.929317623019268,-0.9370734127113015,-0.8685382696208926,0.08463646115168016,0.9235898157128115,-0.6673728558968443,-0.11755007173185393,-0.19775241028170792,-0.8508625570349992,-0.09849230260272583,-0.549152526981889,0.4905767134560216
32,-0.25582236616601056,-0.9536619018987149,-0.8862292964477153,0.6598378611019691,-0.0829212118322906,-0.3794163064390569,-0.5155665554719263,-0.6151913336098022,0.8732719953544591,-0.9435703952497339,-0.8915686606061028,0.06098084635057025,0.9312877602433075,-0.6089124989766307,-0.1334367415399966,-0.29799900795632933,-0.800527836279166,-0.1591961929818666,-0.512868932458449,0.37743406961067577
33,-0.25582236616601056,-0.9536619018987149,-0.8862292964477153,0.6598378611019691,-0.0829212118322906,-0.3794163064390569,-0.5155665554719263,-0.6151913336098022,0.8732719953544591,-0.9435703952497339,-0.8915686606061028,0.06098084635057025,0.9312877602433075,-0.6089124989766307,-0.1334367415399966,-0.29799900795632933,-0.800527836279166,-0.1591961929818666,-0.512868932458449,0.37743406961067577
34,-0.25648632866202237,-0.9658905160947293,-0.8809561048892748,0.6554211617328467,-0.07447921970338131,-0.4682530655073655,-0.5529410684081307,-0.49172408085744646,0.8315425463716744,-0.9935110149278101,-0.885181972990958,0.13018045920929835,0.8614183025350843,-0.5469439677048888,-0.08889593735677435,-0.31143534401130096,-0.7918686105207294,-0.17134041837009237,-0.5644499036016343,0.36506248334764135
35,-0.2722475305639676,-0.9641215951526909,-0.8843164152010198,0.649458554887354,-0.07552218566861896,-0.44244679718320784,-0.5380025787285007,-0.4566584807851965,0.8271927294441402,-0.9254822242786618,-0.9268953671874708,0.18322860393419071,0.953220291216516,-0.45499583830062246,-0.13979981606670958,-0.303500377485313,-0.7996739514110959,-0.08671653200920366,-0.6194411551822141,0.37609968626020873
36,-0.2722475305639676,-0.9641215951526909,-0.8843164152010198,0.649458554887354,-0.07552218566861896,-0.44244679718320784,-0.5380025787285007,-0.4566584807851965,0.8271927294441402,-0.9254822242786618,-0.9268953671874708,0.18322860393419071,0.953220291216516,-0.45499583830062246,-0.13979981606670958,-0.303500377485313,-0.7996739514110959,-0.08671653200920366,-0.6194411551822141,0.37609968626020873
37,-0.2466975283115172,-0.966009052654495,-0.8786742741353148,0.6509206797959938,-0.07444289699782199,-0.5937524803994325,-0.5436907366415724,-0.5110456449551164,0.8954444845639375,-0.8624958834500793,-0.9322111971128014,0.18643102977785428,0.9001614542343829,-0.48880869369026886,-0.0949357195001347,-0.3489758176841177,-0.8032069571727104,-0.1549035572254639,-0.518655340833754,0.350726080576511
38,-0.26594076206512085,-0.9640270728832745,-0.8782397496018057,0.6405822000811151,-0.07817312914886361,-0.6065443780856489,-0.5209228783915683,-0.48434077914820906,0.8226563555341267,-0.9168809863102254,-0.970392693866269,0.12181051193862966,0.8575544307036929,-0.49656974863352293,-0.07845408047906399,-0.35175603839195313,-0.7965470439213991,-0.059585426096014964,-0.4943824005193077,0.33054329016757594
39,-0.2580760645946523,-0.9636245934009778,-0.8800197124236315,0.6596935251612146,-0.07343908643846041,-0.6247303594317647,-0.5162858291427401,-0.5331880983201515,0.8484095635912694,-0.9151504953277391,-0.9461751022391091,0.1356139672389241,0.8382845859324336,-0.5393216099858504,-0.11106051431388791,-0.3281291796166652,-0.8144633109178123,-0.0920126702261587,-0.5334163222141157,0.3504451204565501
40,-0.2610334731309271,-0.960916457925086,-0.8865846707064937,0.6567239566512022,-0.07524207839260402,-0.5841726937894263,-0.45508746708850223,-0.5170939537528474,0.9113116986790544,-0.9238449743183907,-0.9523120745728567,0.12239447002613296,0.9014070484007057,-0.5465572560611138,-0.141122210580297,-0.2828414124659425,-0.7972777858542786,-0.07775990354877176,-0.5140074985618929,0.39853801679508477
41,-0.2555147592864326,-0.9559696623449504,-0.8735577434872815,0.6668489052766537,-0.08238296981826868,-0.6269809980123694,-0.4701433079942863,-0.4359077072070374,0.8769187489711923,-0.9230621711815447,-0.976666114936497,0.12985595319878138,0.8622400101932008,-0.5943156824757659,-0.1866243309484543,-0.24002716751066677,-0.7922392575796494,-0.05084133464968421,-0.5368241177433293,0.41445010904740376
42,-0.2521872903478378,-0.9656842387297322,-0.8789448593874157,0.6443957482393455,-0.0768239026359778,-0.6859561460531871,-0.3724510988999574,-0.3838491534545002,0.8523445103896133,-0.9009255180806935,-0.9544491172239514,0.17242406086908915,0.8490814161819371,-0.6390013060423606,-0.08609801495167409,-0.16797556233506328,-0.8373529772183581,-0.02973528847732649,-0.5431739592283521,0.4571626013193607
43,-0.2521872903478378,-0.9656842387297322,-0.8789448593874157,0.6443957482393455,-0.0768239026359778,-0.6859561460531871,-0.3724510988999574,-0.3838491534545002,0.8523445103896133,-0.9009255180806935,-0.9544491172239514,0.17242406086908915,0.8490814161819371,-0.6390013060423606,-0.08609801495167409,-0.16797556233506328,-0.8373529772183581,-0.02973528847732649,-0.5431739592283521,0.4571626013193607
44,-0.25762508889343555,-0.9627054728371085,-0.8662719604402099,0.642784278818011,-0.07241088174501183,-0.659679590521123,-0.413495035078652,-0.37564791099892,0.8780021756307482,-0.8525600886484872,-0.9567538695934685,0.20074179139172416,0.8538205971641563,-0.61039734545798,-0.013689757857726853,-0.20449608446594406,-0.7960758458946212,-0.035335049004015795,-0.5755218505358063,0.5252734667173689
45,-0.2648215568243387,-0.958378468034582,-0.8736921795985394,0.6450295485116411,-0.06717503514330408,-0.6110847270110495,-0.40456398011814815,-0.2868455041763433,0.8194973082806788,-0.9235897140256514,-0.9938554482580171,0.19070241323057835,0.8178393066148382,-0.6094216653515648,-0.011078163836024819,-0.22202782224832293,-0.7832442049894303,-0.060707923359131125,-0.5688080854337922,0.5033605026832861
46,-0.2648215568243387,-0.958378468034582,-0.8736921795985394,0.6450295485116411,-0.06717503514330408,-0.6110847270110495,-0.40456398011814815,-0.2868455041763433,0.8194973082806788,-0.9235897140256514,-0.9938554482580171,0.19070241323057835,0.8178393066148382,-0.6094216653515648,-0.011078163836024819,-0.22202782224832293,-0.7832442049894303,-0.060707923359131125,-0.5688080854337922,0.5033605026832861
47,-0.2695809844391375,-0.9491951958193741,-0.8831399106798093,0.6489406442350222,-0.07463904910884375,-0.492670892351739,-0.48245623398381937,-0.28317432743962734,0.8094504816731399,-0.8868684548621991,-0.9678443545887216,0.18404474667403167,0.8238008864877079,-0.5390252785833858,0.00022148129390256715,-0.25072143568902616,-0.7300560902482192,-0.11293111134007584,-0.5825390724328418,0.43689363992197094
48,-0.26208844872240744,-0.9561219777808526,-0.878377931683816,0.6369197259152972,-0.06493671885500689,-0.4720964990482322,-0.4315388638430173,-0.3816226139377643,0.7787792519419169,-0.9370875267996619,-0.996842843836835,0.172377440966135,0.8022959246212357,-0.48560280156587626,0.04654413710135868,-0.2745197510015394,-0.7445137198866811,-0.13674608368221186,-0.5905357034883076,0.474722178744915
49,-0.26447300578299926,-0.9566693670001192,-0.8823269592776677,0.6541977703642373,-0.07148688612025288,-0.5710879947467399,-0.5328319464087377,-0.43233199361701813,0.7720535120963167,-0.9264563435301689,-0.9473521162687314,0.19413968146046323,0.9022617559062319,-0.4694949107299863,-0.0011504305814931054,-0.24680266654245162,-0.7650542682697865,-0.06910247091090876,-0.6055255515078957,0.4683780319570201
50,-0.26449416189170044,-0.9559477187900866,-0.8741593372637787,0.6586521306083429,-0.0681842209457723,-0.581184504499727,-0.47594146405003745,-0.4271663066014231,0.858739519292122,-0.9235000786633633,-0.9170371629367968,0.1946887189727739,0.9112151470813872,-0.4692014105025599,-0.0031264634144377787,-0.20329711710879134,-0.7869250397517183,-0.0827698106040332,-0.6412721411721823,0.5657311682647612
51,-0.26449416189170044,-0.9559477187900866,-0.8741593372637787,0.6586521306083429,-0.0681842209457723,-0.581184504499727,-0.47594146405003745,-0.4271663066014231,0.858739519292122,-0.9235000786633633,-0.9170371629367968,0.1946887189727739,0.9112151470813872,-0.4692014105025599,-0.0031264634144377787,-0.20329711710879134,-0.7869250397517183,-0.0827698106040332,-0.6412721411721823,0.5657311682647612
52,-0.25599033685452116,-0.9648413084539254,-0.8800440629302017,0.6586178152768302,-0.06535679336505502,-0.6704821424214774,-0.5084804255893031,-0.4844117746482882,0.8043283543875425,-0.918764650744899,-0.9498371465414371,0.1837445201571664,0.9019430925376971,-0.49350598878248175,-0.01693037370718524,-0.19215944925049827,-0.7262097168900098,-0.06351955628972525,-0.5737804380143805,0.5386553420292568
53,-0.2625936863619329,-0.9596735957193917,-0.869239355634283,0.6504964362809901,-0.06956300453727646,-0.7576046518393985,-0.45915540394399085,-0.43669816507915604,0.8406180556950471,-0.880536612035456,-0.9152228657113023,0.2041280580162172,0.8934825828073616,-0.5451514921346232,-0.04920042088765184,-0.08649472263765849,-0.7277045402910429,-0.08311281157333077,-0.5434594770376155,0.5493902302758296
54,-0.2625936863619329,-0.9596735957193917,-0.869239355634283,0.6504964362809901,-0.06956300453727646,-0.7576046518393985,-0.45915540394399085,-0.43669816507915604,0.8406180556950471,-0.880536612035456,-0.9152228657113023,0.2041280580162172,0.8934825828073616,-0.5451514921346232,-0.04920042088765184,-0.08649472263765849,-0.7277045402910429,-0.08311281157333077,-0.5434594770376155,0.5493902302758296
55,-0.2625936863619329,-0.9596735957193917,-0.869239355634283,0.6504964362809901,-0.06956300453727646,-0.7576046518393985,-0.45915540394399085,-0.43669816507915604,0.8406180556950471,-0.880536612035456,-0.9152228657113023,0.2041280580162172,0.8934825828073616,-0.5451514921346232,-0.04920042088765184,-0.08649472263765849,-0.7277045402910429,-0.08311281157333077,-0.5434594770376155,0.5493902302758296
56,-0.25797797598288325,-0.9597054107825849,-0.868803865569803,0.6394283563656825,-0.07386244120578461,-0.7186066201056153,-0.4334979174612596,-0.38667255808028084,0.8247989927731407,-0.8598903989299543,-0.9044760406077745,0.1778070019185119,0.8673946072171652,-0.5715806016059632,0.06278685167790964,-0.05260990141538653,-0.7298868692233975,-0.02633284286578741,-0.5131064608054382,0.5216419622942011
57,-0.25907700855052535,-0.9616762248669555,-0.8676386412070595,0.6229734597899066,-0.05872084368279095,-0.7152611067172109,-0.4067956551811288,-0.37065010105534785,0.8238986260696939,-0.8321755107439328,-0.8728297379966995,0.1958883625712149,0.8486357939919968,-0.5582255799799166,0.12131089875623059,-0.006765666119191957,-0.8008615926731762,-0.006282312119945518,-0.5685312802369307,0.5058117341455134
58,-0.25388956505766375,-0.9614900688627944,-0.8635255464714001,0.6372918625590066,-0.07092537136682985,-0.6838160793997917,-0.47217744187608696,-0.248590683325734,0.7381562180454317,-0.9233011610226134,-0.8659353005310726,0.1488554149735135,0.8547080589288707,-0.5913830965646417,0.16461589798606768,0.020931672547851284,-0.7555297270462339,-0.09588073625618224,-0.5398155215583912,0.4518007686730603
59,-0.25388956505766375,-0.9614900688627944,-0.8635255464714001,0.6372918625590066,-0.07092537136682985,-0.6838160793997917,-0.47217744187608696,-0.248590683325734,0.7381562180454317,-0.9233011610226134,-0.8659353005310726,0.1488554149735135,0.8547080589288707,-0.5913830965646417,0.16461589798606768,0.020931672547851284,-0.7555297270462339,-0.09588073625618224,-0.5398155215583912,0.4518007686730603
60,-0.2546880639939597,-0.958381610576067,-0.86893411868979,0.6329621683050913,-0.06946276670904482,-0.6607460395902073,-0.4884747201619559,-0.20004756089744477,0.7783251065127017,-0.8987048549182739,-0.8925300765532326,0.10056282361806891,0.8073342520004393,-0.5558168677087458,0.14869129586028118,-0.0209802501758168,-0.7158538744891789,-0.049949165480814864,-0.5003673803106389,0.4014457208703278
61,-0.24842945482420312,-0.960409280533715,-0.8658659316120091,0.6287105827512123,-0.06030884269343755,-0.838168271249148,-0.36577927576476865,-0.15609873144792485,0.9116399626141264,-0.8154998991300545,-0.8664171146505981,0.2066738825815954,0.8091664126702492,-0.6420736432715098,0.07706130040185905,-0.12549310829839946,-0.7756180099133696,-0.15374212762662817,-0.464268173553811,0.44847102805696537
62,-0.25166481974798144,-0.9538101069331779,-0.8678313433778332,0.6265472280711142,-0.07469079326563514,-0.7157956199490764,-0.35978527603551835,-0.13000046813723812,0.8747469104527206,-0.8352945041325857,-0.9799187692797947,0.13701630916016916,0.9121915665403366,-0.6590814285020583,0.024723928318939273,-0.10550899608276242,-0.6966321361519379,-0.2402672821210237,-0.4528750064490447,0.4585045730665186
63,-0.2518987927747183,-0.9559257203198186,-0.8648384613240583,0.6456590615367102,-0.05838252200447409,-0.7730219820913001,-0.36805068912920286,-0.09991269401024629,0.9543159664263873,-0.8227049403590654,-0.9571847732980128,0.17900662042800278,0.9253377697026085,-0.6099006627377588,-0.024603485458517725,-0.1815939960424222,-0.7616486393000791,-0.2540173028740758,-0.3941332225877326,0.4188877562679143
64,-0.2518987927747183,-0.9559257203198186,-0.8648384613240583,0.6456590615367102,-0.05838252200447409,-0.7730219820913001,-0.36805068912920286,-0.09991269401024629,0.9543159664263873,-0.8227049403590654,-0.9571847732980128,0.17900662042800278,0.9253377697026085,-0.6099006627377588,-0.024603485458517725,-0.1815939960424222,-0.7616486393000791,-0.2540173028740758,-0.3941332225877326,0.4188877562679143
65,-0.2407973765905839,-0.9548412947159078,-0.8714029593038891,0.6192237132153996,-0.0841950365160608,-0.7810846643116286,-0.39521729329190086,-0.11959308129321453,0.997556323264465,-0.8893677032739412,-0.9229656811629796,0.036181073722333486,0.8945679753401359,-0.7083256792248671,0.021364017167858792,-0.1668554602020225,-0.821271630630871,-0.2157339146279699,-0.3862463668629383,0.32636873897295937
66,-0.24238041561606996,-0.9516727014242022,-0.8610285753946053,0.6336332761654762,-0.06724222301384146,-0.8105409380067244,-0.39698151335278764,-0.09406619039528265,0.968436902261751,-0.8884512558651158,-0.900541183648089,0.04343209035330609,0.7720061173466576,-0.7468851375501819,0.013082123482568592,-0.10621401814250689,-0.7573561988291995,-0.23897674582021958,-0.3032630397532039,0.2634898139615241
67,-0.24238041561606996,-0.9516727014242022,-0.8610285753946053,0.6336332761654762,-0.06724222301384146,-0.8105409380067244,-0.39698151335278764,-0.09406619039528265,0.968436902261751,-0.8884512558651158,-0.900541183648089,0.04343209035330609,0.7720061173466576,-0.7468851375501819,0.013082123482568592,-0.10621401814250689,-0.7573561988291995,-0.23897674582021958,-0.3032630397532039,0.2634898139615241
68,-0.24238041561606996,-0.9516727014242022,-0.8610285753946053,0.6336332761654762,-0.06724222301384146,-0.8105409380067244,-0.39698151335278764,-0.09406619039528265,0.968436902261751,-0.8884512558651158,-0.900541183648089,0.04343209035330609,0.7720061173466576,-0.7468851375501819,0.013082123482568592,-0.10621401814250689,-0.7573561988291995,-0.23897674582021958,-0.3032630397532039,0.2634898139615241
69,-0.24238041561606996,-0.9516727014242022,-0.8610285753946053,0.6336332761654762,-0.06724222301384146,-0.8105409380067244,-0.39698151335278764,-0.09406619039528265,0.968436902261751,-0.8884512558651158,-0.900541183648089,0.04343209035330609,0.7720061173466576,-0.7468851375501819,0.013082123482568592,-0.10621401814250689,-0.7573561988291995,-0.23897674582021958,-0.3032630397532039,0.2634898139615241
70,-0.24238041561606996,-0.9516727014242022,-0.8610285753946053,0.6336332761654762,-0.06724222301384146,-0.8105409380067244,-0.39698151335278764,-0.09406619039528265,0.968436902261751,-0.8884512558651158,-0.900541183648089,0.04343209035330609,0.7720061173466576,-0.7468851375501819,0.013082123482568592,-0.10621401814250689,-0.7573561988291995,-0.23897674582021958,-0.3032630397532039,0.2634898139615241
71,-0.23865078994403188,-0.9474134559113405,-0.870159439141467,0.6335647016454632,-0.08038059351534346,-0.8622261339522282,-0.3893814784046566,-0.028301384685367387,0.9855733122360884,-0.8717102533184947,-0.8792970845919125,0.034487511229728436,0.8618386481633618,-0.7562340236532834,0.06773109923274566,-0.09592758204335573,-0.7804736648244968,-0.25403867855101503,-0.3128155043546459,0.22652263375511794
72,-0.2419317209706127,-0.9473895396917829,-0.871366838667074,0.6468317422893897,-0.07470948048818034,-0.861352436181423,-0.35193234642114296,0.0024684874849148263,0.9286759451644004,-0.8529256744715455,-0.9168792677753438,0.10134511532332148,0.8437096336820221,-0.6872082253194018,0.00857182127299154,-0.0729943224757251,-0.7702896378093159,-0.3183165007102741,-0.29851831861663514,0.2517039097786048
73,-0.24911579253513447,-0.9539671969873319,-0.8635320708159603,0.6369956285131195,-0.07604223905543002,-0.8156699834411568,-0.289745431364305,0.01276560561439806,0.9539441288237795,-0.7720688388519831,-0.8489032649837089,0.12033215503907167,0.9229898756077586,-0.7611804154637791,0.09155764855273626,-0.06001983881196499,-0.8083498969410614,-0.31703794425414517,-0.3749383550683988,0.2605822246611615
74,-0.25236284726295255,-0.9563800469966731,-0.8743280191132824,0.63168314705465,-0.0811717763501943,-0.9108418272564119,-0.2943771717913679,0.04493980512323656,0.8535233804385645,-0.8193579180324089,-0.8843412964884709,0.07892964486823935,0.8778633039498973,-0.7466889881598121,0.03357612328055247,0.04563314836228026,-0.7639045526950154,-0.35160694843642437,-0.2541025534422362,0.21187100773723277
75,-0.2553700234795599,-0.9494104708113787,-0.8759529168181703,0.6494354285198228,-0.08212650196022905,-0.8808849180603083,-0.3039205254451521,0.00887769861345393,0.9138631787184801,-0.8062142676082138,-0.8714804785745579,0.033575158710385244,0.9904387190583551,-0.7281922341838228,-0.004876035582874262,0.04756898897904718,-0.7631371421756591,-0.3357800972104976,-0.309312624415325,0.17368026535914785
76,-0.2547964500184578,-0.9487045268000744,-0.8739638109656782,0.6458700640129191,-0.07882419547784093,-0.7829504926977889,-0.2832588959031221,-0.12003237768926354,0.9608842447062834,-0.7956091904563392,-0.8666046234263762,-0.010555332921963149,0.9271356253532546,-0.715147063549197,0.030343045128665903,0.01994092843320515,-0.8261474770275177,-0.3095816511105666,-0.26825381250452934,0.21159002388243056
77,-0.2544086869016358,-0.9531242029283056,-0.8750486940586493,0.6388667486362807,-0.07973461379755412,-0.8198507156053989,-0.3915030897970394,-0.048901323948709025,0.9423825029450855,-0.8060668514640129,-0.9015134128878971,-0.0263803750522488,0.9126890852740874,-0.7416195599054358,0.017530586916718455,-0.03336700023976587,-0.7909776437357999,-0.282498105935378,-0.25781663801227844,0.21793234421395674
78,-0.2544086869016358,-0.9531242029283056,-0.8750486940586493,0.6388667486362807,-0.07973461379755412,-0.8198507156053989,-0.3915030897970394,-0.048901323948709025,0.9423825029450855,-0.8060668514640129,-0.9015134128878971,-0.0263803750522488,0.9126890852740874,-0.7416195599054358,0.017530586916718455,-0.03336700023976587,-0.7909776437357999,-0.282498105935378,-0.25781663801227844,0.21793234421395674
79,-0.2544086869016358,-0.9531242029283056,-0.8750486940586493,0.6388667486362807,-0.07973461379755412,-0.8198507156053989,-0.3915030897970394,-0.048901323948709025,0.9423825029450855,-0.8060668514640129,-0.9015134128878971,-0.0263803750522488,0.9126890852740874,-0.7416195599054358,0.017530586916718455,-0.03336700023976587,-0.7909776437357999,-0.282498105935378,-0.25781663801227844,0.21793234421395674
80,-0.2544086869016358,-0.9531242029283056,-0.8750486940586493,0.6388667486362807,-0.07973461379755412,-0.8198507156053989,-0.3915030897970394,-0.048901323948709025,0.9423825029450855,-0.8060668514640129,-0.9015134128878971,-0.0263803750522488,0.9126890852740874,-0.7416195599054358,0.017530586916718455,-0.03336700023976587,-0.7909776437357999,-0.282498105935378,-0.25781663801227844,0.21793234421395674
81,-0.2544086869016358,-0.9531242029283056,-0.8750486940586493,0.6388667486362807,-0.07973461379755412,-0.8198507156053989,-0.3915030897970394,-0.048901323948709025,0.9423825029450855,-0.8060668514640129,-0.9015134128878971,-0.0263803750522488,0.9126890852740874,-0.7416195599054358,0.017530586916718455,-0.03336700023976587,-0.7909776437357999,-0.282498105935378,-0.25781663801227844,0.21793234421395674
82,-0.2544086869016358,-0.9531242029283056,-0.8750486940586493,0.6388667486362807,-0.07973461379755412,-0.8198507156053989,-0.3915030897970394,-0.048901323948709025,0.9423825029450855,-0.8060668514640129,-0.9015134128878971,-0.0263803750522488,0.9126890852740874,-0.7416195599054358,0.017530586916718455,-0.03336700023976587,-0.7909776437357999,-0.282498105935378,-0.25781663801227844,0.21793234421395674
83,-0.2541643989633577,-0.9535325158802673,-0.865123575705479,0.627421647310829,-0.07393275427387014,-0.9030268547864169,-0.3253610088632287,-0.03829559153662204,0.969856307292128,-0.8371848992845761,-0.9073839747730332,0.008639072094418297,0.8793875516802093,-0.7408047010848435,0.003816024283699004,-0.021297622063828202,-0.7818905575385403,-0.26001647518113924,-0.2634876061347259,0.2485838414396687
84,-0.2524371485063316,-0.9566861817721729,-0.8771811534995688,0.6432789989697418,-0.08176038321077135,-0.9122167235867334,-0.30841441174303336,-0.07112624943385502,0.9125319834694899,-0.8315935241601676,-0.8920568058760425,0.09115674685094027,0.905453579078727,-0.7706924674439518,-0.0394423356025654,-0.03379939994656045,-0.7995328397133409,-0.30630236521576915,-0.31189760741411804,0.2692795162401698
85,-0.2524371485063316,-0.9566861817721729,-0.8771811534995688,0.6432789989697418,-0.08176038321077135,-0.9122167235867334,-0.30841441174303336,-0.07112624943385502,0.9125319834694899,-0.8315935241601676,-0.8920568058760425,0.09115674685094027,0.905453579078727,-0.7706924674439518,-0.0394423356025654,-0.03379939994656045,-0.7995328397133409,-0.30630236521576915,-0.31189760741411804,0.2692795162401698
86,-0.2524371485063316,-0.9566861817721729,-0.8771811534995688,0.6432789989697418,-0.08176038321077135,-0.9122167235867334,-0.30841441174303336,-0.07112624943385502,0.9125319834694899,-0.8315935241601676,-0.8920568058760425,0.09115674685094027,0.905453579078727,-0.7706924674439518,-0.0394423356025654,-0.03379939994656045,-0.7995328397133409,-0.30630236521576915,-0.31189760741411804,0.2692795162401698
87,-0.2568943686329602,-0.9538699791041553,-0.8802971146774053,0.6368516532510954,-0.080804194845021,-0.7962364161820684,-0.2672536865851606,-0.07165073621059116,0.9253137832173205,-0.8411856200498572,-0.931568125149217,0.13937603925652564,0.8860482971519236,-0.7858016705987751,-0.058630101204909114,-0.12862274749437047,-0.7956067082257833,-0.3304935141659117,-0.41815045615967417,0.32501170815820296
88,-0.2568943686329602,-0.9538699791041553,-0.8802971146774053,0.6368516532510954,-0.080804194845021,-0.7962364161820684,-0.2672536865851606,-0.07165073621059116,0.9253137832173205,-0.8411856200498572,-0.931568125149217,0.13937603925652564,0.8860482971519236,-0.7858016705987751,-0.058630101204909114,-0.12862274749437047,-0.7956067082257833,-0.3304935141659117,-0.41815045615967417,0.32501170815820296
89,-0.25581382482697806,-0.9514852360705534,-0.8761216283333491,0.6419614925019027,-0.08025460168370468,-0.8542507460601478,-0.2924519884838237,-0.0260289645952535,0.8878813900584137,-0.8900027993794891,-0.8880452746589791,0.14457323621891896,0.8683840592741293,-0.8269889654553493,-0.11130780582494995,-0.03672319559806518,-0.7607185591723524,-0.3553715400302887,-0.3584344918345761,0.3317087407535088
90,-0.25581382482697806,-0.9514852360705534,-0.8761216283333491,0.6419614925019027,-0.08025460168370468,-0.8542507460601478,-0.2924519884838237,-0.0260289645952535,0.8878813900584137,-0.8900027993794891,-0.8880452746589791,0.14457323621891896,0.8683840592741293,-0.8269889654553493,-0.11130780582494995,-0.03672319559806518,-0.7607185591723524,-0.3553715400302887,-0.3584344918345761,0.3317087407535088
91,-0.25581382482697806,-0.9514852360705534,-0.8761216283333491,0.6419614925019027,-0.08025460168370468,-0.8542507460601478,-0.2924519884838237,-0.0260289645952535,0.8878813900584137,-0.8900027993794891,-0.8880452746589791,0.14457323621891896,0.8683840592741293,-0.8269889654553493,-0.11130780582494995,-0.03672319559806518,-0.7607185591723524,-0.3553715400302887,-0.3584344918345761,0.3317087407535088
92,-0.2392033180732937,-0.9497820853829708,-0.877020369652866,0.6384431592148299,-0.08300486070978808,-0.7319475768767386,-0.24557989145710257,-0.05992066157359565,0.9000139783205544,-0.9416549146080821,-0.919168099712594,0.05920371202619089,0.8537820078389967,-0.840799845893074,-0.11670897266102177,-0.08959276824594224,-0.829204245156081,-0.29939636663563163,-0.4073091975359583,0.22418868803678066
93,-0.2509540177272663,-0.9501800216779502,-0.8823320961636433,0.6494072580222062,-0.08075591177117497,-0.7278869687977819,-0.27547790043193454,-0.09250434392696866,0.8274563053732233,-0.8763046475456672,-0.8754430622000351,0.20454252402032266,0.8565666608364292,-0.8219483397122528,-0.21801168830749393,-0.0035941349833476656,-0.7748662315119921,-0.31630771339844777,-0.45864829437664945,0.31786378672701043
94,-0.2568029881952698,-0.9523592882547242,-0.8791239499562457,0.6424919164908642,-0.08355244236067269,-0.8318424552844212,-0.2591373670265606,-0.09253864093781265,0.8092654256473933,-0.8661993791143385,-0.9615278498962413,0.1672360142508575,0.9067572068527321,-0.7848206205276613,-0.17348023728335224,-0.04619983562109925,-0.7817233482795272,-0.29436528751403845,-0.42188463540093923,0.26606099855254706
95,-0.2565231268447358,-0.94947789892103,-0.8868120109124155,0.6518247018435104,-0.08182536354479492,-0.8205527302987717,-0.21010142664702447,-0.1270444862597139,0.8036329621282504,-0.8783601696227917,-0.9940136733671008,0.12754731018330515,0.8679913527137576,-0.8753234283084578,-0.25766345825644654,-0.04029783494959866,-0.7390658907747824,-0.3594168447663081,-0.33599777068867953,0.22724176284077288
96,-0.2565231268447358,-0.94947789892103,-0.8868120109124155,0.6518247018435104,-0.08182536354479492,-0.8205527302987717,-0.21010142664702447,-0.1270444862597139,0.8036329621282504,-0.8783601696227917,-0.9940136733671008,0.12754731018330515,0.8679913527137576,-0.8753234283084578,-0.25766345825644654,-0.04029783494959866,-0.7390658907747824,-0.3594168447663081,-0.33599777068867953,0.22724176284077288
97,-0.25136138074470304,-0.9544038030596603,-0.8801837073343967,0.6380129946629246,-0.08033322149659608,-0.9323843180588909,-0.2228224271139113,-0.1866642322369488,0.8348797120927045,-0.8520720544684234,-0.98287716826236,0.16944376475235595,0.8965806911437139,-0.8906361126847809,-0.23707400878683565,-0.04622503357416531,-0.743285646878666,-0.3514760267507128,-0.3521883362031679,0.2779303315470091
98,-0.24833619288404585,-0.9605329576217373,-0.8765214119633508,0.6397506423094848,-0.07946963563097212,-0.9390234070640823,-0.24333945752750438,-0.10663576189407645,0.7962561250471947,-0.9395111250835415,-0.9195495398064544,0.12247966505713623,0.8248527601431512,-0.9031802257397695,-0.14940914500261412,0.09867710955662765,-0.7311387493343607,-0.33245593544665963,-0.34443606516261394,0.2807088677212333
99,-0.2463127258129004,-0.9541852982477869,-0.8735917652657053,0.6345737051346659,-0.0847198718193881,-0.9736995596456604,-0.2466138286045802,-0.022219034235152493,0.8861555868228912,-0.9197358125044717,-0.8503210169731192,0.17689394094507244,0.827609290110073,-0.9432140840557466,-0.1969935179901856,0.055029848743380086,-0.7495264591262992,-0.3581985063660894,-0.3742701983059736,0.24342892369610009
100,-0.2463127258129004,-0.9541852982477869,-0.8735917652657053,0.6345737051346659,-0.0847198718193881,-0.9736995596456604,-0.2466138286045802,-0.022219034235152493,0.8861555868228912,-0.9197358125044717,-0.8503210169731192,0.17689394094507244,0.827609290110073,-0.9432140840557466,-0.1969935179901856,0.055029848743380086,-0.7495264591262992,-0.3581985063660894,-0.3742701983059736,0.24342892369610009
101,-0.24799147500921895,-0.968312051122385,-0.876719296984673,0.6429753625890094,-0.08124681762928802,-0.9857781734459518,-0.16389678722721635,-0.009961397453150275,0.8042762683560408,-0.9809252051856155,-0.880529266725348,0.20540186730777146,0.7904642291761904,-0.9608607643250325,-0.17990162550632263,0.10604894380271257,-0.7264703518244703,-0.33014966396223894,-0.38781137752856387,0.30781345823502876
102,-0.253165133784022,-0.9548665943328458,-0.8769799906344528,0.6568295777699582,-0.08983466319630351,-0.9542855363403238,-0.21058359488184272,-0.007893822033575493,0.8163542753568771,-0.8645029269850196,-0.9072593983054414,0.12641818545478178,0.8638053603191891,-0.9716219567495538,-0.18677876812774452,0.10950858213686768,-0.7097378288483593,-0.3929992910932418,-0.29625199554001047,0.23993596963652283
103,-0.25427628307125355,-0.9609439113954622,-0.874613308785597,0.6275048029359208,-0.0747016566342672,-0.8987027004418301,-0.18451727310601954,-0.019336924143979424,0.8066411009610918,-0.8220355040869505,-0.9572251608001772,0.08310928665290032,0.8741719301737649,-0.8907205092648631,-0.08568001570986983,0.09098642256525492,-0.7658894755633946,-0.371668806989365,-0.2808784611910953,0.26513685135134135
104,-0.25159665283425214,-0.958061161008145,-0.8807510320139926,0.6421173469507478,-0.08990429465247528,-0.8859969638555105,-0.2124548484422422,-0.032869131630014224,0.7924318018324008,-0.9214523609880088,-0.9625542753676569,0.0948061682509969,0.9115025467723007,-0.8991311562914276,-0.2282762413533661,0.032996171786292924,-0.7385580041942413,-0.35883378891593437,-0.34285334305923715,0.20782224570425514
105,-0.25159665283425214,-0.958061161008145,-0.8807510320139926,0.6421173469507478,-0.08990429465247528,-0.8859969638555105,-0.2124548484422422,-0.032869131630014224,0.7924318018324008,-0.9214523609880088,-0.9625542753676569,0.0948061682509969,0.9115025467723007,-0.8991311562914276,-0.2282762413533661,0.032996171786292924,-0.7385580041942413,-0.35883378891593437,-0.34285334305923715,0.20782224570425514
106,-0.25159665283425214,-0.958061161008145,-0.8807510320139926,0.6421173469507478,-0.08990429465247528,-0.8859969638555105,-0.2124548484422422,-0.032869131630014224,0.7924318018324008,-0.9214523609880088,-0.9625542753676569,0.0948061682509969,0.9115025467723007,-0.8991311562914276,-0.2282762413533661,0.032996171786292924,-0.7385580041942413,-0.35883378891593437,-0.34285334305923715,0.20782224570425514
107,-0.25063255082924707,-0.958693604272513,-0.8701832556861104,0.6390545201321035,-0.07935035853134685,-0.8702545136350189,-0.27699740939045076,0.007813019354025046,0.8973923327303475,-0.8534141028309047,-0.9549990075196924,0.029651634288089656,0.8662121430920539,-0.8379549303047874,-0.12163150416337278,0.10195411968120092,-0.7448476062605195,-0.29480309222246537,-0.26525029357849034,0.26680071891316226
108,-0.2580082636043603,-0.9574443724664989,-0.8736167559152397,0.6418696567267104,-0.07651740034180914,-0.889334365879609,-0.3000728275910741,0.03283286574564343,0.9993435316422623,-0.8699942742644702,-0.9256274288919545,-0.014622462424675449,0.9226919878417216,-0.8438593078066614,-0.045826766062634965,0.040830751671751576,-0.7493857579881101,-0.3417177897291684,-0.23531681414985833,0.23399961929835783
109,-0.25948828579744193,-0.950265508740034,-0.8755766827020098,0.6218716900376202,-0.08468976406574437,-0.8248525594418836,-0.22489685728357736,0.021267160447330465,0.9764514870025615,-0.7941667423824486,-0.930937417645562,-0.04215396487081055,0.9817930772828899,-0.8727557146631716,-0.08908272463531866,0.06960041280811725,-0.8302595307685291,-0.4187833355500791,-0.1596037097238783,0.18817607516176457
110,-0.2543266879694749,-0.9480877387834297,-0.8780282127473955,0.6322909955977609,-0.09008431906225102,-0.7780278903182495,-0.19451947009793483,0.05450473217771355,0.9137362521173833,-0.9069097193136887,-0.9269554662445689,-0.06481703078484206,0.9140303151735907,-0.9738224105332328,-0.12805894331170317,0.12597709550770791,-0.8243526232064727,-0.39656287512705396,-0.2605955841097991,0.14876152373172577
111,-0.2561511577424724,-0.9528384011680563,-0.8772734245365112,0.6400145914601806,-0.08569438758978673,-0.7581500535542105,-0.20986083042281023,0.0344584165413718,0.9650588353752404,-0.7896008408028032,-0.9374446798924373,-0.035254801004120005,0.9717277168490487,-0.8870200122367093,-0.11776813880680345,0.1161669980379231,-0.8185414245512955,-0.42172921537357116,-0.2081171918624003,0.21753108484108105
112,-0.2561511577424724,-0.9528384011680563,-0.8772734245365112,0.6400145914601806,-0.08569438758978673,-0.7581500535542105,-0.20986083042281023,0.0344584165413718,0.9650588353752404,-0.7896008408028032,-0.9374446798924373,-0.035254801004120005,0.9717277168490487,-0.8870200122367093,-0.11776813880680345,0.1161669980379231,-0.8185414245512955,-0.42172921537357116,-0.2081171918624003,0.21753108484108105
113,-0.2561511577424724,-0.9528384011680563,-0.8772734245365112,0.6400145914601806,-0.08569438758978673,-0.7581500535542105,-0.20986083042281023,0.0344584165413718,0.9650588353752404,-0.7896008408028032,-0.9374446798924373,-0.035254801004120005,0.9717277168490487,-0.8870200122367093,-0.11776813880680345,0.1161669980379231,-0.8185414245512955,-0.42172921537357116,-0.2081171918624003,0.21753108484108105
114,-0.2561984149941651,-0.9472109168598843,-0.8730455900228413,0.6331749295916476,-0.08774619446697594,-0.8677825752187476,-0.19703527468240659,0.18111354695284698,0.9967816756836345,-0.816454870291787,-0.9516725576805916,-0.014637591736279468,0.9780650619465312,-0.8696134097651032,-0.059112592012046425,0.04764651796736698,-0.7755019867385404,-0.5300390566286985,-0.16768994673833088,0.15250781764981927
115,-0.2561984149941651,-0.9472109168598843,-0.8730455900228413,0.6331749295916476,-0.08774619446697594,-0.8677825752187476,-0.19703527468240659,0.18111354695284698,0.9967816756836345,-0.816454870291787,-0.9516725576805916,-0.014637591736279468,0.9780650619465312,-0.8696134097651032,-0.059112592012046425,0.04764651796736698,-0.7755019867385404,-0.5300390566286985,-0.16768994673833088,0.15250781764981927
116,-0.2561984149941651,-0.9472109168598843,-0.8730455900228413,0.6331749295916476,-0.08774619446697594,-0.8677825752187476,-0.19703527468240659,0.18111354695284698,0.9967816756836345,-0.816454870291787,-0.9516725576805916,-0.014637591736279468,0.9780650619465312,-0.8696134097651032,-0.059112592012046425,0.04764651796736698,-0.7755019867385404,-0.5300390566286985,-0.16768994673833088,0.15250781764981927
117,-0.2513553997998369,-0.9451445861501477,-0.8757634832243644,0.6328798480990455,-0.07752938866618744,-0.8367787095644481,-0.24517766248296904,0.1322638023961825,0.9365681127922358,-0.8331303557846647,-0.9628749637022993,0.0023283032055784487,0.9606480245856307,-0.8530451981224103,-0.03772833310970013,0.04322443346917404,-0.7937160645077592,-0.46766599141863757,-0.19396610028778283,0.22633760839594744
118,-0.2509621379707603,-0.9588448112104213,-0.8756610793755357,0.649704371110603,-0.08129255922054118,-0.9432259927684181,-0.21352957808274176,0.08520636414927268,0.986171229476786,-0.9257857473411677,-0.9263315480284079,0.009241090013661107,0.9664101337928879,-0.9268787228823004,-0.12260350523841256,0.06514891786373306,-0.6794317912487977,-0.5196677649398606,-0.18865841179877407,0.2042618420127841
119,-0.24855365294265466,-0.9471816356045129,-0.8704255115332261,0.6221270414940786,-0.08163092544747785,-0.9529496980511676,-0.18417178133276174,0.1309927182768244,0.9724172764509453,-0.8538251831052793,-0.9668277778973249,-0.045460840340741715,0.9914033586439266,-0.9534783851761222,-0.08574610217732476,0.07952967028644002,-0.7188884244454992,-0.5455992065700365,-0.10443195527869494,0.2847113250617331
120,-0.24855365294265466,-0.9471816356045129,-0.8704255115332261,0.6221270414940786,-0.08163092544747785,-0.9529496980511676,-0.18417178133276174,0.1309927182768244,0.9724172764509453,-0.8538251831052793,-0.9668277778973249,-0.045460840340741715,0.9914033586439266,-0.9534783851761222,-0.08574610217732476,0.07952967028644002,-0.7188884244454992,-0.5455992065700365,-0.10443195527869494,0.2847113250617331
121,-0.2498596207782283,-0.9604612325628861,-0.8808360005116183,0.6507911146989527,-0.07794116087954574,-0.952095122640068,-0.23229512559399187,0.02522144835294253,0.8918818187581857,-0.7944485258120152,-0.9510256007346907,-0.03361904871923596,0.9977087374815847,-0.8378373316470457,-0.02666609485936419,0.1875326882851979,-0.6549453232145075,-0.44757721948768736,-0.15768958945213243,0.2835637285314618
122,-0.2561950998227576,-0.9483057308493129,-0.8661729569827342,0.6233172439703819,-0.0736850543795674,-0.9564596001538335,-0.2486972072540935,0.05628558581423474,0.8538617146410495,-0.7713439170701809,-0.9712684238508381,-0.02967166468661105,0.9918087889717799,-0.8763013384553098,-0.07694527731046039,0.15619724881480207,-0.6750557458522023,-0.4313403940001888,-0.11700054404593949,0.23307394177845653
123,-0.24660149015310315,-0.9581100673850851,-0.8779717144941248,0.6542036318391229,-0.08394069755233187,-0.9213566183448576,-0.21752548543736308,-0.03442752651115333,0.8786150026677518,-0.8331168344784377,-0.9718748396046551,-0.039073819305317135,0.9144731723163886,-0.950384429586661,-0.053545249429213335,0.07856990067070739,-0.6996145961177493,-0.47934216506637917,-0.11478586611689572,0.23189971831741882
124,-0.25263009092226335,-0.9599818527139334,-0.875561306011076,0.6414839256393411,-0.08570234962490135,-0.9576529356561554,-0.21344534601413384,-0.025559767058566177,0.8410304613948139,-0.8937395789941815,-0.9842250693725183,0.001140192712288336,0.9553817317000441,-0.9714967303293982,-0.13111622126405784,0.09815804706612793,-0.6628145754620911,-0.4647166078676693,-0.19535272944150622,0.2902233190598795
125,-0.25683840508428135,-0.9603018757312698,-0.8780871735384624,0.6413221928564807,-0.0807490565503032,-0.9559056711276298,-0.18740138291338884,-0.04725912150618269,0.8616125881339054,-0.8571823183156316,-0.9495221249391449,0.042431209184042015,0.9702745717139047,-0.9345063538251184,-0.17616684256064927,0.10058795042118991,-0.6698233769159416,-0.534238513874434,-0.17781945060792728,0.24722152846434967
126,-0.25683840508428135,-0.9603018757312698,-0.8780871735384624,0.6413221928564807,-0.0807490565503032,-0.9559056711276298,-0.18740138291338884,-0.04725912150618269,0.8616125881339054,-0.8571823183156316,-0.9495221249391449,0.042431209184042015,0.9702745717139047,-0.9345063538251184,-0.17616684256064927,0.10058795042118991,-0.6698233769159416,-0.534238513874434,-0.17781945060792728,0.24722152846434967
127,-0.25257007039747364,-0.9481002092128701,-0.8836908753953572,0.6455873037424636,-0.08647251165448355,-0.9283419307510934,-0.17729636899672574,-0.05686603176439784,0.8236455397992907,-0.8629102163848904,-0.9674346909371205,0.017965615185643817,0.9728038662066214,-0.9476339214190966,-0.17291079867389383,0.11096506506200406,-0.7059225495764017,-0.5124694872868776,-0.19575856552121226,0.24286056648319698
128,-0.25257007039747364,-0.9481002092128701,-0.8836908753953572,0.6455873037424636,-0.08647251165448355,-0.9283419307510934,-0.17729636899672574,-0.05686603176439784,0.8236455397992907,-0.8629102163848904,-0.9674346909371205,0.017965615185643817,0.9728038662066214,-0.9476339214190966,-0.17291079867389383,0.11096506506200406,-0.7059225495764017,-0.5124694872868776,-0.19575856552121226,0.24286056648319698
129,-0.2522455584737989,-0.9524237357851134,-0.8799378931659567,0.6380124847178914,-0.08752577980649563,-0.7981650480225926,-0.12618400794002804,0.00875534156441032,0.814750847591003,-0.8983557093213218,-0.936490936159514,0.0074073026081366575,0.9391140814586786,-0.9844865303905995,-0.18265942595869641,0.14046222914646986,-0.7349108827137617,-0.5002327611567097,-0.2554945676852787,0.2060833571265303
130,-0.2522455584737989,-0.9524237357851134,-0.8799378931659567,0.6380124847178914,-0.08752577980649563,-0.7981650480225926,-0.12618400794002804,0.00875534156441032,0.814750847591003,-0.8983557093213218,-0.936490936159514,0.0074073026081366575,0.9391140814586786,-0.9844865303905995,-0.18265942595869641,0.14046222914646986,-0.7349108827137617,-0.5002327611567097,-0.2554945676852787,0.2060833571265303
131,-0.25092707194217967,-0.9520381234499814,-0.8885621226299614,0.6420019526648656,-0.08866314510743478,-0.8554777971545724,-0.11524801343064645,0.02396372859513944,0.8176191103435984,-0.8697857367998895,-0.8919246056865388,0.08462491313351375,0.9680146529269095,-0.9860768694128752,-0.23312250465825526,0.13116730849357217,-0.7835897529410537,-0.5041369620844247,-0.2626968500730112,0.1886549637205629
132,-0.25092707194217967,-0.9520381234499814,-0.8885621226299614,0.6420019526648656,-0.08866314510743478,-0.8554777971545724,-0.11524801343064645,0.02396372859513944,0.8176191103435984,-0.8697857367998895,-0.8919246056865388,0.08462491313351375,0.9680146529269095,-0.9860768694128752,-0.23312250465825526,0.13116730849357217,-0.7835897529410537,-0.5041369620844247,-0.2626968500730112,0.1886549637205629
133,-0.25092707194217967,-0.9520381234499814,-0.8885621226299614,0.6420019526648656,-0.08866314510743478,-0.8554777971545724,-0.11524801343064645,0.02396372859513944,0.8176191103435984,-0.8697857367998895,-0.8919246056865388,0.08462491313351375,0.9680146529269095,-0.9860768694128752,-0.23312250465825526,0.13116730849357217,-0.7835897529410537,-0.5041369620844247,-0.2626968500730112,0.1886549637205629
134,-0.25250186745000597,-0.9486556235977677,-0.8835291159664992,0.6381143077514343,-0.08752863927887404,-0.8116775717038138,-0.15201814553749918,0.04216067971012169,0.8556020915259142,-0.9211150222574835,-0.9318378655510445,0.02385096292050632,0.97411833486307,-0.9780269481001375,-0.2565227755041859,0.08710906292284129,-0.7448775385704379,-0.5195470346837803,-0.2591681582602444,0.18846032010214359
135,-0.25250186745000597,-0.9486556235977677,-0.8835291159664992,0.6381143077514343,-0.08752863927887404,-0.8116775717038138,-0.15201814553749918,0.04216067971012169,0.8556020915259142,-0.9211150222574835,-0.9318378655510445,0.02385096292050632,0.97411833486307,-0.9780269481001375,-0.2565227755041859,0.08710906292284129,-0.7448775385704379,-0.5195470346837803,-0.2591681582602444,0.18846032010214359
136,-0.24915059898051026,-0.9591725992763526,-0.8871966912851377,0.6496760077421849,-0.09239931000438024,-0.8063056240605987,-0.13849009151405925,0.05852713633255428,0.8338948196731616,-0.9226847608100147,-0.9029150313524837,0.09673293582822966,0.9838687175381332,-0.9603738371444474,-0.1846410250723875,0.12022872575180658,-0.7414590262798425,-0.5452125706473638,-0.30914381872648283,0.29535315575685683
137,-0.24915059898051026,-0.9591725992763526,-0.8871966912851377,0.6496760077421849,-0.09239931000438024,-0.8063056240605987,-0.13849009151405925,0.05852713633255428,0.8338948196731616,-0.9226847608100147,-0.9029150313524837,0.09673293582822966,0.9838687175381332,-0.9603738371444474,-0.1846410250723875,0.12022872575180658,-0.7414590262798425,-0.5452125706473638,-0.30914381872648283,0.29535315575685683
138,-0.2522031786711431,-0.9561140133729954,-0.8694338992645162,0.6317653696924476,-0.07967201463162359,-0.8353707768467817,-0.14772168871808156,0.0545131655727099,0.8192295360191745,-0.9120508078126519,-0.9216503170591541,0.10340695398548191,0.8851497463791042,-0.9504504430464722,-0.16352261772412424,0.09645879246604025,-0.7593820359976137,-0.4149033968675087,-0.33123624187114714,0.24789362711690166
139,-0.2522031786711431,-0.9561140133729954,-0.8694338992645162,0.6317653696924476,-0.07967201463162359,-0.8353707768467817,-0.14772168871808156,0.0545131655727099,0.8192295360191745,-0.9120508078126519,-0.9216503170591541,0.10340695398548191,0.8851497463791042,-0.9504504430464722,-0.16352261772412424,0.09645879246604025,-0.7593820359976137,-0.4149033968675087,-0.33123624187114714,0.24789362711690166
140,-0.2522031786711431,-0.9561140133729954,-0.8694338992645162,0.6317653696924476,-0.07967201463162359,-0.8353707768467817,-0.14772168871808156,0.0545131655727099,0.8192295360191745,-0.9120508078126519,-0.9216503170591541,0.10340695398548191,0.8851497463791042,-0.9504504430464722,-0.16352261772412424,0.09645879246604025,-0.7593820359976137,-0.4149033968675087,-0.33123624187114714,0.24789362711690166
141,-0.2522031786711431,-0.9561140133729954,-0.8694338992645162,0.6317653696924476,-0.07967201463162359,-0.8353707768467817,-0.14772168871808156,0.0545131655727099,0.8192295360191745,-0.9120508078126519,-0.9216503170591541,0.10340695398548191,0.8851497463791042,-0.9504504430464722,-0.16352261772412424,0.09645879246604025,-0.7593820359976137,-0.4149033968675087,-0.33123624187114714,0.24789362711690166
142,-0.24358786976719135,-0.9552474357878084,-0.8830005384723275,0.6430961027503305,-0.08923209860242799,-0.881716522457061,-0.16669219755888037,0.03455605721036407,0.8673372875462658,-0.8645543075549,-0.9329812853891887,0.08436975081971493,0.8973085496686222,-0.9441814332193164,-0.1497442887234576,0.09213965423451217,-0.80884722658112,-0.3507695047340025,-0.33517264330835295,0.2792588068509444
143,-0.2466970801426835,-0.9484360053675779,-0.8784111993083495,0.6219568084607684,-0.07706758466612407,-0.8179963641142042,-0.19639950910286585,0.05057115837690503,0.9392055005218936,-0.9032510247034602,-0.9434246184337169,0.0648667905299521,0.9402214677188303,-0.8351551196383609,-0.20701808626701326,0.04641791254924623,-0.8291347443228976,-0.29030032241657455,-0.37269154414147093,0.29606413288175437
144,-0.25162970487160347,-0.9605741047775633,-0.8761480851426641,0.6426131661949053,-0.07979997131725174,-0.8289818319009046,-0.2335116055678919,0.027449489286671114,0.8703029655654668,-0.9256067760060513,-0.9155440113950268,0.05739853639872981,0.9361041748049731,-0.8637323010702425,-0.1496973990709143,0.08809677020688395,-0.7656394814301499,-0.33201742243100973,-0.34449995286048324,0.3119721125293353
145,-0.25421717659857285,-0.9547971362563992,-0.8790096697102007,0.633161600482177,-0.08672992933300744,-0.7920999920363868,-0.192987566132912,0.09613983431403855,0.8130248773721224,-0.930176243151839,-0.8726740379111542,0.11768272711261088,0.8815076083441271,-0.9140230900255067,-0.12559977861527924,0.09758061955604622,-0.7584473037386935,-0.46874200142768985,-0.3845966624607513,0.26000946952058956
146,-0.25421717659857285,-0.9547971362563992,-0.8790096697102007,0.633161600482177,-0.08672992933300744,-0.7920999920363868,-0.192987566132912,0.09613983431403855,0.8130248773721224,-0.930176243151839,-0.8726740379111542,0.11768272711261088,0.8815076083441271,-0.9140230900255067,-0.12559977861527924,0.09758061955604622,-0.7584473037386935,-0.46874200142768985,-0.3845966624607513,0.26000946952058956
147,-0.25305446146436145,-0.9556332015869241,-0.8773364789638485,0.6442538168291679,-0.08272118682784371,-0.8176737661358123,-0.1992153896150335,0.024039519526087648,0.853520618722502,-0.9361889728801112,-0.884986777071525,0.12687102718663715,0.9022103376311752,-0.8706862419393688,-0.08039985929031675,0.031349884094238695,-0.7292422734864454,-0.43779534039138013,-0.3751990949143552,0.268896517967376
148,-0.25106986241461354,-0.9541545546721261,-0.8788813818571865,0.6592858367243033,-0.09136277075550121,-0.8178901599321791,-0.2325608266464774,0.0516309814001789,0.8934867680964825,-0.9248624974161486,-0.9028327512152474,0.13066248137279443,0.8914482059644107,-0.9476254285620437,-0.18283333385275288,-0.015893022154431054,-0.7475731088494413,-0.49538213594958774,-0.3461111353025894,0.3217583873162995
149,-0.24984111187567454,-0.9432533436142901,-0.8893588531264874,0.640294669896031,-0.08321250713749348,-0.814338161245174,-0.1901219463723012,0.10793023937022508,0.9362997777837789,-0.9879778754511042,-0.8678687522817089,0.09460289372059982,0.957074424599421,-0.9036882102605814,-0.23852272906417799,0.0464133850509701,-0.7202086504728173,-0.5309502713326667,-0.3413081790584844,0.23799461263434527
150,-0.2471146499112504,-0.947984173990972,-0.8900291643656221,0.6467149596364595,-0.08993862511872644,-0.7981310848869341,-0.21209764549378896,0.03208171641774844,0.9265154336346276,-0.920071030713346,-0.9051903280527397,0.08711580099387362,0.999026316595791,-0.9706357561078861,-0.3078354762110178,-0.02042441937601087,-0.7810449834000559,-0.5539209464050154,-0.2903050265115239,0.2638443329022716
151,-0.25350982223380303,-0.949337087431889,-0.8850684143568675,0.6534359168674841,-0.09608161139813813,-0.8240482089360047,-0.1036421328244041,0.045989939507704095,0.9014525139902096,-0.9101366851519227,-0.9471234203185213,0.022632739812782125,0.9629892899043182,-0.9741100401002978,-0.2585356965036931,0.07246293212845024,-0.7404396380676418,-0.5185815974461986,-0.2520977521820296,0.17177594083050385
152,-0.25350982223380303,-0.949337087431889,-0.8850684143568675,0.6534359168674841,-0.09608161139813813,-0.8240482089360047,-0.1036421328244041,0.045989939507704095,0.9014525139902096,-0.9101366851519227,-0.9471234203185213,0.022632739812782125,0.9629892899043182,-0.9741100401002978,-0.2585356965036931,0.07246293212845024,-0.7404396380676418,-0.5185815974461986,-0.2520977521820296,0.17177594083050385
153,-0.25350982223380303,-0.949337087431889,-0.8850684143568675,0.6534359168674841,-0.09608161139813813,-0.8240482089360047,-0.1036421328244041,0.045989939507704095,0.9014525139902096,-0.9101366851519227,-0.9471234203185213,0.022632739812782125,0.9629892899043182,-0.9741100401002978,-0.2585356965036931,0.07246293212845024,-0.7404396380676418,-0.5185815974461986,-0.2520977521820296,0.17177594083050385
154,-0.25350982223380303,-0.949337087431889,-0.8850684143568675,0.6534359168674841,-0.09608161139813813,-0.8240482089360047,-0.1036421328244041,0.045989939507704095,0.9014525139902096,-0.9101366851519227,-0.9471234203185213,0.022632739812782125,0.9629892899043182,-0.9741100401002978,-0.2585356965036931,0.07246293212845024,-0.7404396380676418,-0.5185815974461986,-0.2520977521820296,0.17177594083050385
155,-0.2541262330109892,-0.9470643642627926,-0.8930269517107473,0.6425915933111627,-0.09250355484276498,-0.9130350321094745,-0.12769342325890332,0.07416877514409753,0.8302082609033266,-0.905338495385654,-0.9290629559344301,0.0688248822708454,0.949221713699655,-0.9893116318853538,-0.34011489553686464,0.09531450329236173,-0.7590026323126775,-0.5085415309330628,-0.22874798353237139,0.12145534492983782
156,-0.2541262330109892,-0.9470643642627926,-0.8930269517107473,0.6425915933111627,-0.09250355484276498,-0.9130350321094745,-0.12769342325890332,0.07416877514409753,0.8302082609033266,-0.905338495385654,-0.9290629559344301,0.0688248822708454,0.949221713699655,-0.9893116318853538,-0.34011489553686464,0.09531450329236173,-0.7590026323126775,-0.5085415309330628,-0.22874798353237139,0.12145534492983782
157,-0.2620491078137982,-0.9435904589792268,-0.8923230654700467,0.6398874298250576,-0.08934881931095266,-0.9753353332868552,-0.052206068191579455,0.09048649414429659,0.9012724776189208,-0.8961399724462376,-0.8838382207507182,0.06458936067075688,0.9987566788079709,-0.9707984880817717,-0.3451796169916327,0.1660488103172216,-0.6972243744046771,-0.5338675862641662,-0.2175371557865136,0.014907569072763643
158,-0.258935961730881,-0.9581194540686107,-0.8921747423805615,0.6276768914685396,-0.08625598059264887,-0.915061158438353,-0.07335803761695282,0.059977723623383536,0.8427430886492673,-0.945163443044298,-0.8356063640410183,0.023971006021088207,0.9614297195242607,-0.9985415423941939,-0.3328413531280408,0.2569297461779461,-0.7572344762065656,-0.5151387392605384,-0.2520187918874797,0.028489744836101605
159,-0.258935961730881,-0.9581194540686107,-0.8921747423805615,0.6276768914685396,-0.08625598059264887,-0.915061158438353,-0.07335803761695282,0.059977723623383536,0.8427430886492673,-0.945163443044298,-0.8356063640410183,0.023971006021088207,0.9614297195242607,-0.9985415423941939,-0.3328413531280408,0.2569297461779461,-0.7572344762065656,-0.5151387392605384,-0.2520187918874797,0.028489744836101605
160,-0.25733373880410904,-0.9565795682675589,-0.8853639656390526,0.633953694614203,-0.09027314121837453,-0.8585122033330398,-0.09480921508863997,0.13373262978454253,0.8054073279348808,-0.9121717136885824,-0.8641683115276826,0.054748742137382005,0.9674130835086137,-0.9899137167077416,-0.31187568413588407,0.2005232068046316,-0.8070274641689084,-0.5001760847748776,-0.28195211162254924,0.07129112959407094
161,-0.25733373880410904,-0.9565795682675589,-0.8853639656390526,0.633953694614203,-0.09027314121837453,-0.8585122033330398,-0.09480921508863997,0.13373262978454253,0.8054073279348808,-0.9121717136885824,-0.8641683115276826,0.054748742137382005,0.9674130835086137,-0.9899137167077416,-0.31187568413588407,0.2005232068046316,-0.8070274641689084,-0.5001760847748776,-0.28195211162254924,0.07129112959407094
162,-0.25733373880410904,-0.9565795682675589,-0.8853639656390526,0.633953694614203,-0.09027314121837453,-0.8585122033330398,-0.09480921508863997,0.13373262978454253,0.8054073279348808,-0.9121717136885824,-0.8641683115276826,0.054748742137382005,0.9674130835086137,-0.9899137167077416,-0.31187568413588407,0.2005232068046316,-0.8070274641689084,-0.5001760847748776,-0.28195211162254924,0.07129112959407094
163,-0.25865010219366014,-0.956513583152191,-0.879234506114038,0.6446402129382657,-0.09318909774771274,-0.8699035029070172,-0.07518955066950248,0.2240390442700841,0.7633782908966344,-0.870350943800126,-0.8857482198957904,0.13272790757444763,0.9620804724263822,-0.9566371430490997,-0.3103456712931523,0.2423702245498275,-0.8145599307587894,-0.43886402916141704,-0.3079154805302855,0.1209171875622203
164,-0.2601864292800168,-0.9618076845242121,-0.8780716498676199,0.6203212946440451,-0.09318045502024741,-0.9868746447039788,-0.05650313547227419,0.12809654865321607,0.7908664354176541,-0.8009380346113903,-0.9106015168326691,0.10853530625607608,0.9455932399508391,-0.9380873374755764,-0.2310903179998799,0.1982717373807516,-0.8426076189783449,-0.4157027769421103,-0.29631723160936296,0.09057793068043886
165,-0.2661586613773886,-0.9637077451627074,-0.8760992681776606,0.6306331986545037,-0.07705520614411593,-0.956796790447428,-0.11585006315156633,0.04363913759640152,0.7599121075506872,-0.7927930075447149,-0.8841047814124037,0.1372511471898788,0.9818533193870416,-0.8572015976881734,-0.26446768263538095,0.267464633777116,-0.7847720602830063,-0.38077833907431397,-0.28023840005596856,0.17461588008560638
166,-0.26220778017646584,-0.9607306707392894,-0.87512928132805,0.629250139383716,-0.08197887042606385,-0.9767553918092671,-0.1634169756919967,0.02310226443664409,0.7953531336458136,-0.8130611655120308,-0.8935611450657769,0.10015884928745089,0.948281717460427,-0.8930010828274607,-0.1628324397614807,0.19385566415292413,-0.782072600467893,-0.3481534089835553,-0.2798206426933251,0.1817924109099471
167,-0.2573670971508959,-0.9487379666957815,-0.8857769748308193,0.6424119398816392,-0.07979917273248946,-0.8920201407350113,-0.15305935314656016,0.10022697143773131,0.8759665839782448,-0.855105314336296,-0.9305981672891482,0.018916850795750225,0.8988133109656976,-0.9201069028720116,-0.21903086727694723,0.1742303548494939,-0.7692633508275847,-0.3590565452545804,-0.2589629603940335,0.153458015533613
168,-0.25323580555568337,-0.9580482858202306,-0.8795833970184186,0.6384238878219903,-0.09299780239323689,-0.8711921419666107,-0.1970042558398484,0.11623047738226959,0.9504889563741774,-0.8863593969630963,-0.8995411780857078,-0.022373215366969918,0.9316748208675751,-0.8980198386335176,-0.1911236489337262,0.13569346802896204,-0.8675522179053025,-0.3261631491700803,-0.2936589990623522,0.17450187336037076
169,-0.2549643621936315,-0.9551110466547484,-0.8807370132704417,0.6420398629180931,-0.09075610256967268,-0.7666384502413669,-0.12406984086480889,0.12039063208633345,0.9134001923040863,-0.8136410456262178,-0.8727266143700304,-0.02095154422336871,0.90642729787345,-0.9848718650077839,-0.1567483567458385,0.19407649592525522,-0.831007102543866,-0.44080397853412534,-0.24285538322075498,0.1361937690669596
170,-0.2573244244081438,-0.9427684103024402,-0.8803494066376412,0.6311290531422648,-0.09390712662230163,-0.8062674562327542,-0.09469288172655704,0.08923857307211207,0.8196794647449843,-0.7973368431699999,-0.9062083474306007,0.008914067012798638,0.8699758993768338,-0.9898087049807611,-0.12108068332667324,0.18495043946794612,-0.8480823978003814,-0.39037968030482934,-0.2793124657068206,0.09933591775335654
171,-0.25812141909263103,-0.9512575640855002,-0.8751916157308761,0.6400617093627058,-0.09147726591328517,-0.7955213964926088,-0.08915682526144413,0.11794417162526569,0.769762842297561,-0.7817833497990545,-0.8600831619100873,0.09846667931660003,0.8141494382500978,-0.9584777506443954,-0.0745475032985745,0.23056385448884487,-0.8557963414227477,-0.329679999754146,-0.34757140691376187,0.11220610193106254
172,-0.25812141909263103,-0.9512575640855002,-0.8751916157308761,0.6400617093627058,-0.09147726591328517,-0.7955213964926088,-0.08915682526144413,0.11794417162526569,0.769762842297561,-0.7817833497990545,-0.8600831619100873,0.09846667931660003,0.8141494382500978,-0.9584777506443954,-0.0745475032985745,0.23056385448884487,-0.8557963414227477,-0.329679999754146,-0.34757140691376187,0.11220610193106254
173,-0.25812141909263103,-0.9512575640855002,-0.8751916157308761,0.6400617093627058,-0.09147726591328517,-0.7955213964926088,-0.08915682526144413,0.11794417162526569,0.769762842297561,-0.7817833497990545,-0.8600831619100873,0.09846667931660003,0.8141494382500978,-0.9584777506443954,-0.0745475032985745,0.23056385448884487,-0.8557963414227477,-0.329679999754146,-0.34757140691376187,0.11220610193106254
174,-0.2562882377073102,-0.950163724564663,-0.8748916261946286,0.6197918623146188,-0.08474731511938326,-0.828682158319483,-0.08922739376336977,0.06697586726999565,0.785646133045992,-0.7574565163510619,-0.8272933527377381,0.022197515301632505,0.8415261786346724,-0.9748220898257707,-0.04358280591308,0.31401690843076513,-0.9028433208153057,-0.27634376694524604,-0.3225395213406305,0.09300049194423751
175,-0.2625262618285627,-0.9533319476423382,-0.8691194167138634,0.6195870081457621,-0.08934291506122363,-0.8554652825542974,-0.14416008979640801,0.040862352991527975,0.7644107379908078,-0.7811409707094137,-0.8227522683802054,0.06401963218783538,0.8862607720088354,-0.8925125648550071,-0.09002931070794867,0.32783189336423957,-0.8499198462915939,-0.2488325850236955,-0.32586515680614464,0.14514822392044247
176,-0.24480435221356667,-0.9574183477147505,-0.8816580751255934,0.6457395912733614,-0.08607201302255406,-0.7241940388182321,-0.16450190005714696,-0.031159233917056627,0.7534677968100124,-0.8060035101416797,-0.8038440866930668,0.03754817755632029,0.8415880734456164,-0.9008881174870775,-0.11822107736345663,0.27222202305727633,-0.9364511178700972,-0.2667449428805533,-0.3439610132579032,0.10305768125001549
177,-0.2607110163766333,-0.946333650192647,-0.8767938519034708,0.6326407801222151,-0.09650897707736089,-0.768899785694885,-0.11829659948887308,0.015225139014571756,0.7406465624878574,-0.7961509938333983,-0.8548091033142772,0.10583701578601121,0.8620406626403041,-0.8903525032126199,-0.15435078866280144,0.23571026567479883,-0.8782904191669434,-0.21531362500259765,-0.4503702631385597,0.09497927176623366
178,-0.2607110163766333,-0.946333650192647,-0.8767938519034708,0.6326407801222151,-0.09650897707736089,-0.768899785694885,-0.11829659948887308,0.015225139014571756,0.7406465624878574,-0.7961509938333983,-0.8548091033142772,0.10583701578601121,0.8620406626403041,-0.8903525032126199,-0.15435078866280144,0.23571026567479883,-0.8782904191669434,-0.21531362500259765,-0.4503702631385597,0.09497927176623366
179,-0.2607110163766333,-0.946333650192647,-0.8767938519034708,0.6326407801222151,-0.09650897707736089,-0.768899785694885,-0.11829659948887308,0.015225139014571756,0.7406465624878574,-0.7961509938333983,-0.8548091033142772,0.10583701578601121,0.8620406626403041,-0.8903525032126199,-0.15435078866280144,0.23571026567479883,-0.8782904191669434,-0.21531362500259765,-0.4503702631385597,0.09497927176623366
180,-0.25898862939072553,-0.96269612083561,-0.8770027207159077,0.6191078204344099,-0.07732160367696012,-0.7535478072625766,-0.10677656170851439,-0.004119614696712803,0.6988473086815189,-0.7658724892611519,-0.8525141923144814,0.12854781021265937,0.8796799928362065,-0.874138270790321,-0.17438345206181197,0.28141688765542255,-0.918075988722682,-0.2078851160103317,-0.3977450618544106,0.18532229871830053
181,-0.26155217334942676,-0.9569801238041695,-0.8777914390405248,0.6438612172418285,-0.0937496403020649,-0.7464788123088509,-0.0966516005904583,-0.11272327193351535,0.6446582851734968,-0.7814435407638062,-0.8574829698557157,0.10046951595371087,0.8685572371339543,-0.8887139366191733,-0.0673537759870449,0.2923738767942956,-0.7631602508184763,-0.23758309317778478,-0.40773214453870626,0.10736812968612579
182,-0.2585035189808669,-0.9626507099682509,-0.8761855210620973,0.6473939203997406,-0.08615904003334286,-0.8122593627390514,-0.10703607104947635,-0.037007316732171926,0.6258461321238267,-0.7373339756785566,-0.8088755900790447,0.1297271591925517,0.8079503975901543,-0.9039413882986295,-0.04651822773926731,0.3146169563418305,-0.8726310504041875,-0.3047530362659057,-0.32678360176195836,0.06553826121111672
183,-0.26644923140688104,-0.962080823012122,-0.8724967458822123,0.6314603379211219,-0.09447418103910617,-0.7889677705782663,-0.07404468705875061,-0.10704857514119251,0.635520998389474,-0.7081307594108808,-0.8712284364299377,0.043294713005411344,0.8505595332024725,-0.9779844559250046,-0.03358846736456884,0.3116675165345296,-0.8182146748415912,-0.23891869915998484,-0.35550956711943693,0.0832893443927382
184,-0.26037620186755966,-0.9436357311621733,-0.8822237876595209,0.6316941036624723,-0.07898307127899118,-0.7255905929431913,-0.08507835694323092,-0.04988768436486566,0.5700310829993726,-0.6911346858654024,-0.8605936895525481,0.03597983152240521,0.8506211757162704,-0.8951886577938574,-0.04720112342268391,0.36922987232597104,-0.8795022227184132,-0.26904528035739217,-0.26174236534219725,0.047886683275963154
185,-0.25785211605589886,-0.9423618073871974,-0.8737389689821885,0.6285585214536105,-0.0874362968873904,-0.7108886709292574,-0.06538106063855513,-0.06666423498970028,0.6549999668171098,-0.6836410173810372,-0.8239720998781483,0.059215805932662596,0.9108567501481748,-0.9688152688479903,0.0015323103610248574,0.31827502407575997,-0.8875253777220331,-0.3176764831705794,-0.3700471644560319,0.08158778717953391
186,-0.2625818557548664,-0.9560930937060139,-0.8801453735986575,0.6229717327631856,-0.0834176974077302,-0.6277437631193106,-0.07782097397675863,-0.08160296600687088,0.6309836259910167,-0.6906838938731025,-0.8750605185066108,0.03398106108244568,0.8264053329819816,-0.8555436232783397,0.039498647572201374,0.3033486302984838,-0.8701797551851003,-0.2658448566122227,-0.32630905686755507,0.09812200819707542
187,-0.2625818557548664,-0.9560930937060139,-0.8801453735986575,0.6229717327631856,-0.0834176974077302,-0.6277437631193106,-0.07782097397675863,-0.08160296600687088,0.6309836259910167,-0.6906838938731025,-0.8750605185066108,0.03398106108244568,0.8264053329819816,-0.8555436232783397,0.039498647572201374,0.3033486302984838,-0.8701797551851003,-0.2658448566122227,-0.32630905686755507,0.09812200819707542
188,-0.2625818557548664,-0.9560930937060139,-0.8801453735986575,0.6229717327631856,-0.0834176974077302,-0.6277437631193106,-0.07782097397675863,-0.08160296600687088,0.6309836259910167,-0.6906838938731025,-0.8750605185066108,0.03398106108244568,0.8264053329819816,-0.8555436232783397,0.039498647572201374,0.3033486302984838,-0.8701797551851003,-0.2658448566122227,-0.32630905686755507,0.09812200819707542
189,-0.2625818557548664,-0.9560930937060139,-0.8801453735986575,0.6229717327631856,-0.0834176974077302,-0.6277437631193106,-0.07782097397675863,-0.08160296600687088,0.6309836259910167,-0.6906838938731025,-0.8750605185066108,0.03398106108244568,0.8264053329819816,-0.8555436232783397,0.039498647572201374,0.3033486302984838,-0.8701797551851003,-0.2658448566122227,-0.32630905686755507,0.09812200819707542
190,-0.2625818557548664,-0.9560930937060139,-0.8801453735986575,0.6229717327631856,-0.0834176974077302,-0.6277437631193106,-0.07782097397675863,-0.08160296600687088,0.6309836259910167,-0.6906838938731025,-0.8750605185066108,0.03398106108244568,0.8264053329819816,-0.8555436232783397,0.039498647572201374,0.3033486302984838,-0.8701797551851003,-0.2658448566122227,-0.32630905686755507,0.09812200819707542
191,-0.2493798938735544,-0.9462087054345858,-0.8707071898113635,0.645563454121924,-0.09740969447048967,-0.682880641388916,-0.08299879439430378,-0.01391100560240608,0.691397795894276,-0.6907364960675829,-0.8385083016567093,0.08296654116958091,0.9016701556285054,-0.924968553115779,-0.012168311685075397,0.2634906732073686,-0.9209182844017119,-0.25730872990604137,-0.41165774191376964,0.09966027491615831
192,-0.25016023835032536,-0.9459590952609808,-0.8795697785549834,0.6201713232285215,-0.08514674526838353,-0.6881281495934732,-0.08276543687967645,0.06144787286459885,0.671923374246508,-0.7362958340508451,-0.8838765490970883,0.047176890058522505,0.8714538963478144,-0.8670704298741807,-0.071837816302365,0.3112403061973012,-0.9069255810777077,-0.23109465583559652,-0.33636196391275147,0.1184657969008668
193,-0.25016023835032536,-0.9459590952609808,-0.8795697785549834,0.6201713232285215,-0.08514674526838353,-0.6881281495934732,-0.08276543687967645,0.06144787286459885,0.671923374246508,-0.7362958340508451,-0.8838765490970883,0.047176890058522505,0.8714538963478144,-0.8670704298741807,-0.071837816302365,0.3112403061973012,-0.9069255810777077,-0.23109465583559652,-0.33636196391275147,0.1184657969008668
194,-0.26395770018959275,-0.9469198193494315,-0.8782280175603397,0.6439926192727441,-0.08517549884025044,-0.6480840694175115,-0.04953454851330237,0.08337664653308288,0.5854098567596728,-0.7661582619148849,-0.8456374043918262,0.1406544372909427,0.853168314915279,-0.8965503832612919,-0.03583579399714206,0.32813934931161054,-0.8403706188315686,-0.2601728555698616,-0.4635557717183578,0.09467229358717673
195,-0.2622722021203221,-0.9576041829164135,-0.8774301083982651,0.6321578925120407,-0.09163361235361277,-0.6051676145594854,-0.019150249714139637,-0.04647572373613882,0.5825085603311241,-0.7361674797345417,-0.876418324373284,0.18117613357094856,0.7920639195339753,-0.9386768724104791,-0.05880299467587643,0.2621202855110037,-0.9097029663878705,-0.22515414747522425,-0.4696464155630834,0.21596753088932555
196,-0.2602853783899761,-0.962505113980038,-0.8706340307466585,0.6402538202033632,-0.08802432641605104,-0.6536110399731928,-0.11950889451336956,-0.04720040591234344,0.5752608661931355,-0.7619736732555397,-0.9132987214847195,0.16419636461331638,0.8090735647745967,-0.8644823264799721,-0.04475162890967386,0.18877681803664564,-0.8383148794549425,-0.19946362466500292,-0.49313014947205414,0.16813270473636957
197,-0.2602126335356184,-0.9488090860810775,-0.8787714339031983,0.6141670849094965,-0.08071555645208103,-0.6034965255076836,-0.09557033297338403,-0.12307770695158501,0.5623109062004431,-0.7038213502439626,-0.9411538436137551,0.1438167861105663,0.81040103754808,-0.8234778707080928,-0.04069593438723684,0.21235828249081606,-0.863679863948989,-0.1984671431372321,-0.42967201221586737,0.1870203980438663
198,-0.25692351579639394,-0.9532517152683063,-0.8699474393824683,0.6384801813072807,-0.08676869276347522,-0.6880951688606778,-0.11005254289809285,-0.13074176649439873,0.6622695291008338,-0.6830294598970151,-0.9158790629049578,0.11364151521667415,0.85487678981147,-0.9355039689379195,-0.06339259965780902,0.21873928745033616,-0.8642252369745916,-0.18993059938045842,-0.419033380775802,0.21756718025636118
199,-0.25692351579639394,-0.9532517152683063,-0.8699474393824683,0.6384801813072807,-0.08676869276347522,-0.6880951688606778,-0.11005254289809285,-0.13074176649439873,0.6622695291008338,-0.6830294598970151,-0.9158790629049578,0.11364151521667415,0.85487678981147,-0.9355039689379195,-0.06339259965780902,0.21873928745033616,-0.8642252369745916,-0.18993059938045842,-0.419033380775802,0.21756718025636118
200,-0.2568249083287572,-0.9504300066424952,-0.8786892646791343,0.6327007561926876,-0.08203256234170268,-0.6864513582845754,-0.07187046617501962,-0.12568670532821746,0.7007571790720937,-0.7400902610384051,-0.9111769713218757,0.142934675883745,0.8910858504348691,-0.8297490583269148,-0.09595686729771066,0.22231925580285372,-0.8883549844628217,-0.21597491372675512,-0.44718684006564086,0.21807171870977385
201,-0.25450732763601963,-0.9543561018871007,-0.8747258741805692,0.6358749917520664,-0.08409305686348885,-0.7408998665892181,-0.16159044372521975,-0.0014955938243686896,0.6555554407820968,-0.8202557145822043,-0.8771459412948329,0.16484700743089492,0.8675308544739704,-0.8764630191353134,-0.16610507733765775,0.27572891051514636,-0.8763892944189312,-0.14529229883470124,-0.49472966050143397,0.22570477109176354
202,-0.25181840960689916,-0.9496067908469843,-0.8743521855236831,0.6155731166731745,-0.07990540077348413,-0.7377824497918094,-0.08698461071167321,0.012350334108633282,0.6953296810154522,-0.79765049731547,-0.9109243024610544,0.1462582531646881,0.8150274096111071,-0.8359596027832055,-0.04709587869473299,0.2488947466602842,-0.8394621847129011,-0.1735986960755867,-0.44584318544122126,0.23784073851489657
203,-0.2578350323325111,-0.9523339519510674,-0.8737351562341935,0.6296023432056878,-0.0773028065991142,-0.7247333417388452,-0.19607863030689668,-0.020514882300400918,0.7165406786018569,-0.7672487685851751,-0.945627239448992,0.13148419052224083,0.895656191298951,-0.7569014521588743,-0.044030297882624025,0.13996707745680861,-0.8279540580217116,-0.16787508051919064,-0.45603459303943894,0.24479254398618278
204,-0.25756182320704896,-0.9514276089422877,-0.8785797841464306,0.6277611249806404,-0.07513603521529932,-0.7132208019953301,-0.21019125522531223,-0.07755160410619107,0.7163625847414304,-0.7867282426804196,-0.9987567182528252,0.11706259409522268,0.8895066004217855,-0.7322221415396462,-0.1805518017545704,0.0925820594573565,-0.8250060445159679,-0.1564945124482012,-0.397066428032588,0.24412487601597374
205,-0.25756182320704896,-0.9514276089422877,-0.8785797841464306,0.6277611249806404,-0.07513603521529932,-0.7132208019953301,-0.21019125522531223,-0.07755160410619107,0.7163625847414304,-0.7867282426804196,-0.9987567182528252,0.11706259409522268,0.8895066004217855,-0.7322221415396462,-0.1805518017545704,0.0925820594573565,-0.8250060445159679,-0.1564945124482012,-0.397066428032588,0.24412487601597374
206,-0.25381221271550863,-0.9558980434696644,-0.8794769846764502,0.638626291715148,-0.08296085013486725,-0.6712127807849169,-0.21248243898235167,-0.12762267882751743,0.7334768010685502,-0.803301731946815,-0.9884686669279735,0.06322592796300415,0.9477901192077863,-0.8140658271375029,-0.19988824554711002,0.05017327655508583,-0.8912500137889134,-0.21854132299053713,-0.42405498946722636,0.21947225450051697
207,-0.25381221271550863,-0.9558980434696644,-0.8794769846764502,0.638626291715148,-0.08296085013486725,-0.6712127807849169,-0.21248243898235167,-0.12762267882751743,0.7334768010685502,-0.803301731946815,-0.9884686669279735,0.06322592796300415,0.9477901192077863,-0.8140658271375029,-0.19988824554711002,0.05017327655508583,-0.8912500137889134,-0.21854132299053713,-0.42405498946722636,0.21947225450051697
208,-0.2643139769727698,-0.9516166480962713,-0.8845781287873358,0.6319391085963174,-0.08238809589095773,-0.6602203388804964,-0.15002535404619513,-0.270081993749531,0.7185187202658647,-0.7919947525890705,-0.9556756043356051,0.08224126552478424,0.9371771622744415,-0.766418145337369,-0.2301130780450565,0.10885254226994369,-0.8433778902246596,-0.23286706036964744,-0.38408465415294035,0.17598261901952908
209,-0.2643139769727698,-0.9516166480962713,-0.8845781287873358,0.6319391085963174,-0.08238809589095773,-0.6602203388804964,-0.15002535404619513,-0.270081993749531,0.7185187202658647,-0.7919947525890705,-0.9556756043356051,0.08224126552478424,0.9371771622744415,-0.766418145337369,-0.2301130780450565,0.10885254226994369,-0.8433778902246596,-0.23286706036964744,-0.38408465415294035,0.17598261901952908
210,-0.2589051423844987,-0.9570967807512014,-0.8819604405313458,0.6328154391147028,-0.07690309150247886,-0.6903001650248225,-0.23934943920236013,-0.2124309950065705,0.6995417162399817,-0.8502214632010892,-0.8884266080172185,0.15959118682384624,0.8994454728113807,-0.7905197114849406,-0.14338926055097378,0.052459731405367714,-0.8518271928354948,-0.25109259381759075,-0.4469661460381859,0.20510882426835098
211,-0.25903348752676647,-0.9584522820945586,-0.8787112239530726,0.6370366529104927,-0.087480379527435,-0.7000433658689025,-0.18277011726078665,-0.25801768284536725,0.6911535422675626,-0.7975263281354235,-0.8761535014143081,0.21335188682350772,0.9460761796465781,-0.7720896820603018,-0.20000101447936558,0.11060962680907178,-0.8537232966110009,-0.22988534473022854,-0.49545278491014244,0.23069475220834862
212,-0.25363675816670833,-0.964261523738758,-0.8784809966807257,0.6336927559055574,-0.07570038265781179,-0.5928665696364447,-0.2793390769476378,-0.19970233603691723,0.7069807194008545,-0.8702862297501525,-0.8794911506298966,0.1460856975600254,0.9426114982330028,-0.6656315674620672,-0.14242836800573203,0.11283186280329155,-0.9195501041397355,-0.1330554020212519,-0.546293168082038,0.2982518827508492
213,-0.25946189783643947,-0.955795587573548,-0.8767485853031629,0.6299328761316638,-0.0861088227906637,-0.6314846748932379,-0.2750530970447645,-0.19750122456422053,0.7707019532403347,-0.877455190892246,-0.8259498201352059,0.15883591824174637,0.9692131923798096,-0.7128866634948003,-0.21280788497668368,0.1434796138251764,-0.9476046031226002,-0.08885597722978893,-0.5725217557491871,0.29658657330108584
214,-0.2586584177587985,-0.9547539941619935,-0.8784179832283755,0.6228494599184766,-0.07027938412634827,-0.7759254616125173,-0.19530978949339672,-0.1655464209357296,0.8578874979928803,-0.8079600161161944,-0.8222569438911352,0.18480952860736838,0.9388399984103691,-0.786884759231865,-0.21462555466664707,0.22916950516089835,-0.9030809509923935,-0.10580731762283987,-0.5045825622895107,0.35464189408296665
215,-0.24826347892060843,-0.9515777141080527,-0.8666461588361699,0.6246098930104123,-0.08910992348266755,-0.7637388671405758,-0.219279253673882,-0.10073862392233963,0.8058106422985789,-0.8060030314863998,-0.8207476507735947,0.23585675139962936,0.9510482036213336,-0.8230864158228552,-0.12258496981328143,0.22509142819989295,-0.9705896707595076,-0.0198080651767365,-0.6184131027213657,0.4293630355008623
216,-0.24358806242545178,-0.964148909772116,-0.8772527112260937,0.6288519118729469,-0.07497280644006682,-0.8252240202662068,-0.17026072581349574,-0.18085210657714404,0.868526036231035,-0.891869631888909,-0.8720032353282434,0.21148745603865926,0.8875263898205946,-0.8289788565644488,-0.19884513457017322,0.15486828336541533,-0.9059965159621837,-0.09815531615746753,-0.5785187634945445,0.42826278164550885
217,-0.247982828898133,-0.9588293534667176,-0.8679151143022826,0.6321478292987295,-0.0873678974838844,-0.7536662444705677,-0.2883384238076771,-0.13184341442002573,0.852568397136508,-0.931130950323709,-0.9024098167574686,0.2094315652863276,0.8372458095511007,-0.8783429619329475,-0.2416080434642208,0.031399160241007175,-0.8383922817547977,-0.13195431423096732,-0.5364012461402822,0.42826718110372275
218,-0.247982828898133,-0.9588293534667176,-0.8679151143022826,0.6321478292987295,-0.0873678974838844,-0.7536662444705677,-0.2883384238076771,-0.13184341442002573,0.852568397136508,-0.931130950323709,-0.9024098167574686,0.2094315652863276,0.8372458095511007,-0.8783429619329475,-0.2416080434642208,0.031399160241007175,-0.8383922817547977,-0.13195431423096732,-0.5364012461402822,0.42826718110372275
219,-0.24565990676592778,-0.964544233904941,-0.8728137246486466,0.6233509385215344,-0.08212555770622611,-0.7984661597975845,-0.25460473801360695,-0.11716867903129248,0.8922616881969798,-0.9616914997601599,-0.9252040605719838,0.16989561384302346,0.8455517779059355,-0.7947862495788798,-0.23655475311648655,0.03844215660125009,-0.8851926262152867,-0.1075919322337881,-0.5709015996986452,0.36786532988037934
220,-0.23546032840492898,-0.9638610845334148,-0.8679377491147588,0.6296602953950221,-0.08687162579898966,-0.8241561859021244,-0.18327462743553197,-0.04423533448661663,0.9401797582244391,-0.944461786024439,-0.7931857895981269,0.29136558584492245,0.8775898157607698,-0.91003212061267,-0.24242434554392087,0.06749854121648026,-0.8641687596812678,-0.23419118277999085,-0.5737397167715579,0.47503349733363864
221,-0.2446978798207823,-0.9570051024148907,-0.8745600879106652,0.6468974252546091,-0.08875282923892312,-0.7578605003988663,-0.20949611238101987,0.014056327767178215,0.9045945073699405,-0.9631357122214034,-0.940586922398117,0.21919510471826545,0.8638020226186452,-0.9386428648849263,-0.2935583296694924,-0.008454348038886417,-0.8018117171927758,-0.1948348440786831,-0.5773982595402565,0.49719060542068116
222,-0.2446978798207823,-0.9570051024148907,-0.8745600879106652,0.6468974252546091,-0.08875282923892312,-0.7578605003988663,-0.20949611238101987,0.014056327767178215,0.9045945073699405,-0.9631357122214034,-0.940586922398117,0.21919510471826545,0.8638020226186452,-0.9386428648849263,-0.2935583296694924,-0.008454348038886417,-0.8018117171927758,-0.1948348440786831,-0.5773982595402565,0.49719060542068116
223,-0.2446978798207823,-0.9570051024148907,-0.8745600879106652,0.6468974252546091,-0.08875282923892312,-0.7578605003988663,-0.20949611238101987,0.014056327767178215,0.9045945073699405,-0.9631357122214034,-0.940586922398117,0.21919510471826545,0.8638020226186452,-0.9386428648849263,-0.2935583296694924,-0.008454348038886417,-0.8018117171927758,-0.1948348440786831,-0.5773982595402565,0.49719060542068116
224,-0.2446978798207823,-0.9570051024148907,-0.8745600879106652,0.6468974252546091,-0.08875282923892312,-0.7578605003988663,-0.20949611238101987,0.014056327767178215,0.9045945073699405,-0.9631357122214034,-0.940586922398117,0.21919510471826545,0.8638020226186452,-0.9386428648849263,-0.2935583296694924,-0.008454348038886417,-0.8018117171927758,-0.1948348440786831,-0.5773982595402565,0.49719060542068116
225,-0.2446978798207823,-0.9570051024148907,-0.8745600879106652,0.6468974252546091,-0.08875282923892312,-0.7578605003988663,-0.20949611238101987,0.014056327767178215,0.9045945073699405,-0.9631357122214034,-0.940586922398117,0.21919510471826545,0.8638020226186452,-0.9386428648849263,-0.2935583296694924,-0.008454348038886417,-0.8018117171927758,-0.1948348440786831,-0.5773982595402565,0.49719060542068116
226,-0.2446978798207823,-0.9570051024148907,-0.8745600879106652,0.6468974252546091,-0.08875282923892312,-0.7578605003988663,-0.20949611238101987,0.014056327767178215,0.9045945073699405,-0.9631357122214034,-0.940586922398117,0.21919510471826545,0.8638020226186452,-0.9386428648849263,-0.2935583296694924,-0.008454348038886417,-0.8018117171927758,-0.1948348440786831,-0.5773982595402565,0.49719060542068116
227,-0.2446978798207823,-0.9570051024148907,-0.8745600879106652,0.6468974252546091,-0.08875282923892312,-0.7578605003988663,-0.20949611238101987,0.014056327767178215,0.9045945073699405,-0.9631357122214034,-0.940586922398117,0.21919510471826545,0.8638020226186452,-0.9386428648849263,-0.2935583296694924,-0.008454348038886417,-0.8018117171927758,-0.1948348440786831,-0.5773982595402565,0.49719060542068116
228,-0.2446978798207823,-0.9570051024148907,-0.8745600879106652,0.6468974252546091,-0.08875282923892312,-0.7578605003988663,-0.20949611238101987,0.014056327767178215,0.9045945073699405,-0.9631357122214034,-0.940586922398117,0.21919510471826545,0.8638020226186452,-0.9386428648849263,-0.2935583296694924,-0.008454348038886417,-0.8018117171927758,-0.1948348440786831,-0.5773982595402565,0.49719060542068116
229,-0.25085674294629107,-0.9515059257206574,-0.8771853168591982,0.6315648784769218,-0.07227305899601598,-0.7530666938437783,-0.16950639733494216,0.06340117602930666,0.9506752543684468,-0.988812370264995,-0.9309923995970638,0.21387466306654795,0.8649034046532852,-0.83534263982366,-0.2607401618597041,-0.03533168369273691,-0.8439360561860169,-0.26372002897418145,-0.5086976553254527,0.4546922187309246
230,-0.25085674294629107,-0.9515059257206574,-0.8771853168591982,0.6315648784769218,-0.07227305899601598,-0.7530666938437783,-0.16950639733494216,0.06340117602930666,0.9506752543684468,-0.988812370264995,-0.9309923995970638,0.21387466306654795,0.8649034046532852,-0.83534263982366,-0.2607401618597041,-0.03533168369273691,-0.8439360561860169,-0.26372002897418145,-0.5086976553254527,0.4546922187309246
231,-0.25085674294629107,-0.9515059257206574,-0.8771853168591982,0.6315648784769218,-0.07227305899601598,-0.7530666938437783,-0.16950639733494216,0.06340117602930666,0.9506752543684468,-0.988812370264995,-0.9309923995970638,0.21387466306654795,0.8649034046532852,-0.83534263982366,-0.2607401618597041,-0.03533168369273691,-0.8439360561860169,-0.26372002897418145,-0.5086976553254527,0.4546922187309246
232,-0.25868507793035994,-0.9520773673037718,-0.8836004945246185,0.6443567798641793,-0.0886946077232643,-0.8418087927449656,-0.1964639240722433,0.14577612386752978,0.838902209416815,-0.9841487911587413,-0.968328477540719,0.2697767635882518,0.922294507636233,-0.8953460600429196,-0.3232671541059292,-0.021430245679510348,-0.7463278912023792,-0.28074162351546816,-0.5714521907039194,0.46357067151447773
233,-0.25868507793035994,-0.9520773673037718,-0.8836004945246185,0.6443567798641793,-0.0886946077232643,-0.8418087927449656,-0.1964639240722433,0.14577612386752978,0.838902209416815,-0.9841487911587413,-0.968328477540719,0.2697767635882518,0.922294507636233,-0.8953460600429196,-0.3232671541059292,-0.021430245679510348,-0.7463278912023792,-0.28074162351546816,-0.5714521907039194,0.46357067151447773
234,-0.2618403592124402,-0.9544961024829884,-0.8773782227141733,0.6455176556585566,-0.07280083901174335,-0.8303892888877954,-0.19774640208080208,0.16238638115291018,0.8458711215547016,-0.9789561793799506,-0.9682559920639346,0.25402296719652545,0.9291869790267437,-0.7325889182207797,-0.38972210386337786,0.041107734172442074,-0.833597857176383,-0.20367608388105157,-0.5414472226408699,0.40556302557342433
235,-0.26956744715581427,-0.9599530292651575,-0.8871171691023915,0.6343297785010715,-0.07764602884821534,-0.8473085748560505,-0.20847109494529184,0.11439142202772609,0.901484725450455,-0.9610813822969443,-0.9809313334631234,0.3218798967707422,0.9555983244676085,-0.6965296373030088,-0.3706475823107848,-0.05479854165873861,-0.798247085368503,-0.21245426799443612,-0.5386263490065116,0.3908215379095557
236,-0.25367229196345786,-0.9584612291190722,-0.8733301705325868,0.6356216767503484,-0.07527450067951277,-0.7982900354613867,-0.29123187287913976,0.027763335009087148,0.8915381100537809,-0.9888799511633057,-0.9842641450829468,0.1997229646361041,0.9418285738176398,-0.7441602739429254,-0.35570759832996807,-0.12348480309005079,-0.8715047619871665,-0.15791902134446223,-0.5601810583989923,0.4064488006388427
237,-0.259519027729752,-0.9509223583159152,-0.8859909331059916,0.640407485580089,-0.07808394006970147,-0.7649151046193795,-0.2519034038996447,-0.03897845645043687,0.9098206660467489,-0.9295574711324603,-0.9403782847617724,0.2675307660952671,0.987081849456999,-0.6800839152500169,-0.43743237113020356,-0.08355166037445459,-0.7936759282997108,-0.1789493923160093,-0.5483963282831765,0.35208449379441953
238,-0.25289032189636146,-0.9549724409944869,-0.8868169037922875,0.6479779886073128,-0.0775928993936857,-0.8572537703624901,-0.24859801647268165,-0.02180665526363298,0.8650756876583053,-0.9955275457893925,-0.9725962211177952,0.26615041266262457,0.9243143795024313,-0.7625181904983979,-0.4498141827348791,-0.13909009691040458,-0.8179639520203652,-0.20700677411054758,-0.5485811263502062,0.371896243047846
239,-0.25834933305081237,-0.9565120536707942,-0.8796949320380958,0.6426282350752124,-0.08315750852675917,-0.9086114123241138,-0.2661018262140376,-0.00891895184269365,0.9373795171848762,-0.9848210333912465,-0.9401545103537543,0.2722294854420555,0.8734388746754151,-0.7868639236934872,-0.38009665345025995,-0.103030334302103,-0.7875942056621498,-0.18661821464021977,-0.5479816914283921,0.39951186228245467
240,-0.25834933305081237,-0.9565120536707942,-0.8796949320380958,0.6426282350752124,-0.08315750852675917,-0.9086114123241138,-0.2661018262140376,-0.00891895184269365,0.9373795171848762,-0.9848210333912465,-0.9401545103537543,0.2722294854420555,0.8734388746754151,-0.7868639236934872,-0.38009665345025995,-0.103030334302103,-0.7875942056621498,-0.18661821464021977,-0.5479816914283921,0.39951186228245467
241,-0.2541438919560131,-0.9607874472338952,-0.8802748231086891,0.6473407331145782,-0.08142091911889651,-0.8878252597007573,-0.25938842805284024,-0.002270693572717035,0.9150247656514501,-0.9533602262654076,-0.9600916264114694,0.27728518342053815,0.8372814282774559,-0.8344463271842626,-0.31071449413577834,-0.1606593092890897,-0.7607386182877605,-0.24282947338660613,-0.5150836216852187,0.42314061367434763
242,-0.260229891573424,-0.9621264340012355,-0.8745161136690677,0.6386262856259586,-0.0799482055954814,-0.8797284030329843,-0.24031617567385202,-0.07572095324005522,0.8805586351429147,-0.9802306158939555,-0.9258865505414167,0.2957778344829804,0.7809972454348918,-0.8535540946710897,-0.252749431511605,-0.07334213543729345,-0.756362924486599,-0.2097688120170122,-0.5444925786101691,0.4707074146083117
243,-0.2545735626505516,-0.9630264353565225,-0.8808324113700101,0.6452879387733301,-0.08393877337791134,-0.8711886462802194,-0.247347369447184,-0.0789553266902038,0.8404182530002913,-0.9396184022284304,-0.9331317090562737,0.2545189444157214,0.8578916023912437,-0.8502328894922405,-0.24080795613737813,-0.11228238203754388,-0.797638441390045,-0.2869324006272501,-0.5057566243116386,0.3509227093821245
244,-0.25218439358730893,-0.9578791027899277,-0.8765533558652098,0.6489773210532243,-0.08554435176909367,-0.788282208140966,-0.22929248724105233,-0.004721434272373063,0.9092253005751374,-0.9733865347970165,-0.9985710969743347,0.20806463718618085,0.8257999632942837,-0.8035900316471772,-0.2612021398773683,-0.1418914388613052,-0.8043472225003667,-0.24730668291810287,-0.5070977245956216,0.404744791942213
245,-0.25079253668917867,-0.9607718640754263,-0.8729521431738335,0.6388536387561407,-0.0814573674338253,-0.8584059715000005,-0.2968801127387047,-0.06188492840213875,0.8819988328887638,-0.9623976867668844,-0.9730348512966551,0.20881452012792115,0.8230934390448477,-0.7954760519025246,-0.19901444471871485,-0.16040372832555555,-0.7913125316987191,-0.20554772693576537,-0.5072443558881932,0.36551173451625923
246,-0.24406616606571355,-0.9575964084436311,-0.882225258720812,0.6406375341759888,-0.08133207451403524,-0.8590542181280738,-0.27280420890609325,0.08240240114777284,0.908443001270171,-0.978043608533258,-0.9192128098417246,0.21412584928289882,0.8644369033633292,-0.8251922032057869,-0.2899593968891199,-0.06417814173152257,-0.7616720734024761,-0.31115934124149863,-0.44836665661098435,0.3331193514881968
247,-0.24994813671599886,-0.951881312231698,-0.8805239959240104,0.6482826426894671,-0.08228869831783367,-0.9291843463187075,-0.2584751143694197,0.06463624214830017,0.8591078246496152,-0.9929580827671369,-0.9940177620531114,0.1876076588271638,0.8706485236077947,-0.8300213366561712,-0.32790802182401413,-0.1447598763706922,-0.7267201660889089,-0.2958946576611233,-0.43233879551375465,0.31271680240967215
248,-0.2579664487784647,-0.9557809862726726,-0.8800293685545397,0.6289913701200261,-0.07666877466475931,-0.9309400790344464,-0.20401849281314965,0.038978949271295894,0.9038046388002556,-0.8760578537839937,-0.956173962762633,0.23232803727284035,0.8542049771780513,-0.8096884540830327,-0.3120231934187427,-0.057110813637125675,-0.7560372117278187,-0.3197578693007361,-0.3705664378881813,0.2815589483312747
249,-0.2534029578272153,-0.9591641118128127,-0.8778428203298565,0.6493405018254943,-0.08424446046742545,-0.9952798998217285,-0.2692017916214759,0.010050325262177912,0.8478076047778496,-0.9279571060558701,-0.9927332648469013,0.18672641738166187,0.8860841772503997,-0.7957721889719682,-0.2446481985735761,-0.09959752370423833,-0.7716831746182966,-0.23432434596358687,-0.4417362700831406,0.28799402954167
250,-0.2583194586859749,-0.9600713134711415,-0.8810591283856093,0.6369823829945126,-0.0774019327412778,-0.9556763365594533,-0.3093729134837003,0.03782547411376851,0.8971411389576884,-0.9579722615727495,-0.9716998775901046,0.2242881668038092,0.8461422810374085,-0.6646334168481294,-0.2817476795505531,-0.13464078159404008,-0.7626736559206128,-0.28915571929566686,-0.40357742011874603,0.19825750429511937
251,-0.25381271965358604,-0.9602209084685189,-0.8768643457592918,0.650970707796313,-0.08855007811049091,-0.9598950736667667,-0.32458318164797434,0.09410654602219115,0.9420495360456385,-0.9839648917592299,-0.9932410592283658,0.2407748364957732,0.8746077006753838,-0.7842405401484639,-0.3180278654830438,-0.2060358863248132,-0.8099550080816399,-0.2285128618370139,-0.45724709553363374,0.25232756036137177
252,-0.25381271965358604,-0.9602209084685189,-0.8768643457592918,0.650970707796313,-0.08855007811049091,-0.9598950736667667,-0.32458318164797434,0.09410654602219115,0.9420495360456385,-0.9839648917592299,-0.9932410592283658,0.2407748364957732,0.8746077006753838,-0.7842405401484639,-0.3180278654830438,-0.2060358863248132,-0.8099550080816399,-0.2285128618370139,-0.45724709553363374,0.25232756036137177
253,-0.25298708153001576,-0.9587423486565685,-0.8727368128820878,0.630901672844237,-0.08161895833560015,-0.9219634146315837,-0.3055091006188789,0.028144372874738935,0.9383180063196898,-0.9727289168423948,-0.9692855069814665,0.24048672168659113,0.8311162066192292,-0.7273956470998981,-0.29170837629782587,-0.25239531498918694,-0.8599493467037356,-0.288125985394796,-0.48130239071718867,0.3299688513208231
254,-0.25353816449898314,-0.9506329730311489,-0.8838172857286803,0.631154161617805,-0.07224656278717023,-0.8124185008445013,-0.3070906502790017,0.05787993450554703,0.9744969557886416,-0.9414787402053709,-0.9644062141612658,0.1619045543092719,0.8685511596683625,-0.6826117546856816,-0.2455260012593898,-0.21943228986922686,-0.7891915555452155,-0.2430560853972257,-0.4826393012646449,0.2267304452779077
255,-0.25353816449898314,-0.9506329730311489,-0.8838172857286803,0.631154161617805,-0.07224656278717023,-0.8124185008445013,-0.3070906502790017,0.05787993450554703,0.9744969557886416,-0.9414787402053709,-0.9644062141612658,0.1619045543092719,0.8685511596683625,-0.6826117546856816,-0.2455260012593898,-0.21943228986922686,-0.7891915555452155,-0.2430560853972257,-0.4826393012646449,0.2267304452779077
256,-0.24516015927780496,-0.9536412485229167,-0.8806124154505095,0.6512238470492099,-0.0905959174913861,-0.8335683046961156,-0.33906880620864466,0.13746467366496798,0.9906595509345817,-0.9145687476995997,-0.9637995405101829,0.21747018196148904,0.8035302980410316,-0.7338467131950163,-0.21984570038843468,-0.2460020000291801,-0.8329867783747483,-0.2569473555075763,-0.4470180014984131,0.259947522262632
257,-0.24865836410664516,-0.9536146139270677,-0.878557419378783,0.6251318671624323,-0.07213592701247162,-0.8240948410791191,-0.3075159500932494,0.1035986618938163,0.9117480164136635,-0.9936426251420867,-0.9701333415078801,0.17265260480673122,0.8006648916731975,-0.710749232679012,-0.2200538656954318,-0.24213644618540256,-0.8527803162427636,-0.25932483483028296,-0.4807045515152859,0.19630762929514617
258,-0.25042140601037893,-0.9480959632681375,-0.8857545323720271,0.6531821522049805,-0.08980017422074821,-0.7976828283004687,-0.260131762079399,0.15968052202171337,0.9727138151882982,-0.8539832408168994,-0.9911514931363522,0.23822387686755253,0.7967304393443937,-0.7584409945226714,-0.21746880492225465,-0.26389116951810776,-0.7887530094255547,-0.34901314390033517,-0.4616795635960719,0.21955514340721013
259,-0.25042140601037893,-0.9480959632681375,-0.8857545323720271,0.6531821522049805,-0.08980017422074821,-0.7976828283004687,-0.260131762079399,0.15968052202171337,0.9727138151882982,-0.8539832408168994,-0.9911514931363522,0.23822387686755253,0.7967304393443937,-0.7584409945226714,-0.21746880492225465,-0.26389116951810776,-0.7887530094255547,-0.34901314390033517,-0.4616795635960719,0.21955514340721013
260,-0.25105394805880865,-0.9499875000767786,-0.8803280865938059,0.6290923568507156,-0.08728932366251162,-0.7540358112850069,-0.2546587479022811,0.2299919908300894,0.9005016703225561,-0.9411470965754617,-0.9984252757272112,0.21971878640396802,0.8240490738352789,-0.7602395448967098,-0.14321881630860242,-0.29201417096438664,-0.8085749490686294,-0.38302991772758677,-0.43728485007618656,0.20299389489734837
261,-0.25783252962239905,-0.9397390123870281,-0.8813105671970662,0.6427902227380227,-0.08209368055961855,-0.8427042847597846,-0.27154976997726316,0.20317313606706852,0.915917748161992,-0.9875121293262753,-0.9406252751609477,0.20395699786044638,0.8519142509842466,-0.7152093319479854,-0.1652224090237423,-0.25956771338862483,-0.8461962039956233,-0.4234836029285052,-0.43908969505877093,0.20714148655494494
262,-0.26172770695728986,-0.9441583607625136,-0.8801454358975512,0.6274990992243398,-0.07118940472238368,-0.7738796168796811,-0.28348848798812826,0.2392331737946593,0.9568066613514604,-0.9541596338307393,-0.9413910743555892,0.2413138386694455,0.9275610119705466,-0.6897000386874873,-0.19103788321122714,-0.22597783652914924,-0.8139338075587332,-0.3498572423273035,-0.4718932454219261,0.27487678852642716
263,-0.26286387381530973,-0.948232632876306,-0.8795703216435465,0.6404226132542692,-0.07205397023138292,-0.6650611905447237,-0.29370101600829795,0.34514968899599757,0.952849714265781,-0.9759890416490941,-0.9965493262858512,0.18596551294252733,0.9231594284978659,-0.6397270027694775,-0.1507914675264093,-0.2238583303406015,-0.7908833713363072,-0.3359598692833654,-0.4818846503225662,0.28790799371090336
264,-0.26286387381530973,-0.948232632876306,-0.8795703216435465,0.6404226132542692,-0.07205397023138292,-0.6650611905447237,-0.29370101600829795,0.34514968899599757,0.952849714265781,-0.9759890416490941,-0.9965493262858512,0.18596551294252733,0.9231594284978659,-0.6397270027694775,-0.1507914675264093,-0.2238583303406015,-0.7908833713363072,-0.3359598692833654,-0.4818846503225662,0.28790799371090336
265,-0.26286387381530973,-0.948232632876306,-0.8795703216435465,0.6404226132542692,-0.07205397023138292,-0.6650611905447237,-0.29370101600829795,0.34514968899599757,0.952849714265781,-0.9759890416490941,-0.9965493262858512,0.18596551294252733,0.9231594284978659,-0.6397270027694775,-0.1507914675264093,-0.2238583303406015,-0.7908833713363072,-0.3359598692833654,-0.4818846503225662,0.28790799371090336
266,-0.2626912334257404,-0.9374888263193983,-0.8847203988600402,0.6324796872674864,-0.07294029665685015,-0.6350717125614141,-0.30691490282241435,0.29105779724370556,0.9365255380403231,-0.8898052557445761,-0.9942799031386792,0.1813815105687806,0.9537468190309067,-0.6366055199698659,-0.18060424057297295,-0.263821458169672,-0.8800390936993757,-0.38046139754998826,-0.4533540540374059,0.2163030259861545
267,-0.2626912334257404,-0.9374888263193983,-0.8847203988600402,0.6324796872674864,-0.07294029665685015,-0.6350717125614141,-0.30691490282241435,0.29105779724370556,0.9365255380403231,-0.8898052557445761,-0.9942799031386792,0.1813815105687806,0.9537468190309067,-0.6366055199698659,-0.18060424057297295,-0.263821458169672,-0.8800390936993757,-0.38046139754998826,-0.4533540540374059,0.2163030259861545
268,-0.2626912334257404,-0.9374888263193983,-0.8847203988600402,0.6324796872674864,-0.07294029665685015,-0.6350717125614141,-0.30691490282241435,0.29105779724370556,0.9365255380403231,-0.8898052557445761,-0.9942799031386792,0.1813815105687806,0.9537468190309067,-0.6366055199698659,-0.18060424057297295,-0.263821458169672,-0.8800390936993757,-0.38046139754998826,-0.4533540540374059,0.2163030259861545
269,-0.2626912334257404,-0.9374888263193983,-0.8847203988600402,0.6324796872674864,-0.07294029665685015,-0.6350717125614141,-0.30691490282241435,0.29105779724370556,0.9365255380403231,-0.8898052557445761,-0.9942799031386792,0.1813815105687806,0.9537468190309067,-0.6366055199698659,-0.18060424057297295,-0.263821458169672,-0.8800390936993757,-0.38046139754998826,-0.4533540540374059,0.2163030259861545
270,-0.2626912334257404,-0.9374888263193983,-0.8847203988600402,0.6324796872674864,-0.07294029665685015,-0.6350717125614141,-0.30691490282241435,0.29105779724370556,0.9365255380403231,-0.8898052557445761,-0.9942799031386792,0.1813815105687806,0.9537468190309067,-0.6366055199698659,-0.18060424057297295,-0.263821458169672,-0.8800390936993757,-0.38046139754998826,-0.4533540540374059,0.2163030259861545
271,-0.2626912334257404,-0.9374888263193983,-0.8847203988600402,0.6324796872674864,-0.07294029665685015,-0.6350717125614141,-0.30691490282241435,0.29105779724370556,0.9365255380403231,-0.8898052557445761,-0.9942799031386792,0.1813815105687806,0.9537468190309067,-0.6366055199698659,-0.18060424057297295,-0.263821458169672,-0.8800390936993757,-0.38046139754998826,-0.4533540540374059,0.2163030259861545
272,-0.2626912334257404,-0.9374888263193983,-0.8847203988600402,0.6324796872674864,-0.07294029665685015,-0.6350717125614141,-0.30691490282241435,0.29105779724370556,0.9365255380403231,-0.8898052557445761,-0.9942799031386792,0.1813815105687806,0.9537468190309067,-0.6366055199698659,-0.18060424057297295,-0.263821458169672,-0.8800390936993757,-0.38046139754998826,-0.4533540540374059,0.2163030259861545
273,-0.2626912334257404,-0.9374888263193983,-0.8847203988600402,0.6324796872674864,-0.07294029665685015,-0.6350717125614141,-0.30691490282241435,0.29105779724370556,0.9365255380403231,-0.8898052557445761,-0.9942799031386792,0.1813815105687806,0.9537468190309067,-0.6366055199698659,-0.18060424057297295,-0.263821458169672,-0.8800390936993757,-0.38046139754998826,-0.4533540540374059,0.2163030259861545
274,-0.2626912334257404,-0.9374888263193983,-0.8847203988600402,0.6324796872674864,-0.07294029665685015,-0.6350717125614141,-0.30691490282241435,0.29105779724370556,0.9365255380403231,-0.8898052557445761,-0.9942799031386792,0.1813815105687806,0.9537468190309067,-0.6366055199698659,-0.18060424057297295,-0.263821458169672,-0.8800390936993757,-0.38046139754998826,-0.4533540540374059,0.2163030259861545
275,-0.26397410936401294,-0.9450568299021503,-0.8880915289974778,0.6376752008518232,-0.07567993403540597,-0.5927310284378678,-0.23318506810375977,0.19157825569691023,0.9311129759974005,-0.8483217702267708,-0.9992902886633124,0.14921795277722943,0.9587781018745765,-0.6385992035926912,-0.15391539301211218,-0.2443852109881351,-0.8951052831172258,-0.3914792925595639,-0.4429325665936804,0.19148999602444522
276,-0.2610641448063313,-0.9431230400249184,-0.8840182107891551,0.6360397668231557,-0.07952698358179218,-0.5230068813684301,-0.3092148929601402,0.22571045601304926,0.9306634447621123,-0.8842704712891974,-0.9918345371305197,0.059034308508103484,0.9571137528557956,-0.7102215278259901,-0.14925079536296923,-0.17068289170446677,-0.8525794158914206,-0.41792826618099743,-0.4123422310546266,0.1844391526583142
277,-0.2610641448063313,-0.9431230400249184,-0.8840182107891551,0.6360397668231557,-0.07952698358179218,-0.5230068813684301,-0.3092148929601402,0.22571045601304926,0.9306634447621123,-0.8842704712891974,-0.9918345371305197,0.059034308508103484,0.9571137528557956,-0.7102215278259901,-0.14925079536296923,-0.17068289170446677,-0.8525794158914206,-0.41792826618099743,-0.4123422310546266,0.1844391526583142
278,-0.2564716097539878,-0.9390118631890596,-0.8854668025923176,0.6485679174285769,-0.08083251606333189,-0.5679731655578697,-0.3008976602667554,0.18353524327696805,0.9866036218202435,-0.9277682535878548,-0.9479713935108209,0.057101713928105535,0.9202915834346861,-0.6551126035950102,-0.0577099158862339,-0.17459487554371075,-0.8764553736172317,-0.3536913469553636,-0.3985864267881808,0.19773940263693998
279,-0.2564716097539878,-0.9390118631890596,-0.8854668025923176,0.6485679174285769,-0.08083251606333189,-0.5679731655578697,-0.3008976602667554,0.18353524327696805,0.9866036218202435,-0.9277682535878548,-0.9479713935108209,0.057101713928105535,0.9202915834346861,-0.6551126035950102,-0.0577099158862339,-0.17459487554371075,-0.8764553736172317,-0.3536913469553636,-0.3985864267881808,0.19773940263693998
280,-0.2564716097539878,-0.9390118631890596,-0.8854668025923176,0.6485679174285769,-0.08083251606333189,-0.5679731655578697,-0.3008976602667554,0.18353524327696805,0.9866036218202435,-0.9277682535878548,-0.9479713935108209,0.057101713928105535,0.9202915834346861,-0.6551126035950102,-0.0577099158862339,-0.17459487554371075,-0.8764553736172317,-0.3536913469553636,-0.3985864267881808,0.19773940263693998
281,-0.2564716097539878,-0.9390118631890596,-0.8854668025923176,0.6485679174285769,-0.08083251606333189,-0.5679731655578697,-0.3008976602667554,0.18353524327696805,0.9866036218202435,-0.9277682535878548,-0.9479713935108209,0.057101713928105535,0.9202915834346861,-0.6551126035950102,-0.0577099158862339,-0.17459487554371075,-0.8764553736172317,-0.3536913469553636,-0.3985864267881808,0.19773940263693998
282,-0.2589509558531023,-0.9390330679629194,-0.8719636510058608,0.624021083255546,-0.08695515252714488,-0.542559503468231,-0.3402305019947478,0.2593741434736905,0.9500750928038252,-0.8685022198624254,-0.980530766600906,-0.00040663370017470554,0.8712926018169482,-0.7360233276847148,-0.019541368686502494,-0.1810884236535066,-0.8867510212110047,-0.35048633095389536,-0.3716660198319708,0.14710290527576242
283,-0.2591590126366575,-0.9455289088229062,-0.8795734234110592,0.644219241565447,-0.08666439474333736,-0.5170050156883753,-0.197317615531738,0.19907514008441993,0.945215158649198,-0.8210499002710043,-0.9323234276831145,0.08119990842063393,0.8962166990381395,-0.7391942889984288,-0.06452993872440563,-0.06294401437182966,-0.8955271295161328,-0.3405002030781351,-0.41396872603153084,0.1827314440215389
284,-0.2604714425936705,-0.9317815243989362,-0.8782985292229759,0.6238648392639197,-0.08208920657761413,-0.4737393821478704,-0.23098699997979302,0.18309390692515873,0.8701942483301864,-0.8043971684358704,-0.9468635281421884,0.07213290069821131,0.9722939401967536,-0.7224814117506837,-0.025884284248854313,-0.06442681765237546,-0.9373918940997067,-0.3256910231322123,-0.45687821075599194,0.22584461199942948
285,-0.2617212045324926,-0.9394192088943304,-0.8816681815423886,0.6410823796073778,-0.08267160072005258,-0.49477118773083695,-0.1919818050585116,0.20084904847050306,0.9249751919977328,-0.8129466394772416,-0.9548897068049221,0.06882658894271852,0.9388046169081833,-0.6471761921158441,-0.11085705447592993,-0.04991501640360108,-0.9635412314242796,-0.24968112375454146,-0.45744921321125226,0.15048838286674737
286,-0.2617212045324926,-0.9394192088943304,-0.8816681815423886,0.6410823796073778,-0.08267160072005258,-0.49477118773083695,-0.1919818050585116,0.20084904847050306,0.9249751919977328,-0.8129466394772416,-0.9548897068049221,0.06882658894271852,0.9388046169081833,-0.6471761921158441,-0.11085705447592993,-0.04991501640360108,-0.9635412314242796,-0.24968112375454146,-0.45744921321125226,0.15048838286674737
287,-0.2617212045324926,-0.9394192088943304,-0.8816681815423886,0.6410823796073778,-0.08267160072005258,-0.49477118773083695,-0.1919818050585116,0.20084904847050306,0.9249751919977328,-0.8129466394772416,-0.9548897068049221,0.06882658894271852,0.9388046169081833,-0.6471761921158441,-0.11085705447592993,-0.04991501640360108,-0.9635412314242796,-0.24968112375454146,-0.45744921321125226,0.15048838286674737
288,-0.2617212045324926,-0.9394192088943304,-0.8816681815423886,0.6410823796073778,-0.08267160072005258,-0.49477118773083695,-0.1919818050585116,0.20084904847050306,0.9249751919977328,-0.8129466394772416,-0.9548897068049221,0.06882658894271852,0.9388046169081833,-0.6471761921158441,-0.11085705447592993,-0.04991501640360108,-0.9635412314242796,-0.24968112375454146,-0.45744921321125226,0.15048838286674737
289,-0.2617212045324926,-0.9394192088943304,-0.8816681815423886,0.6410823796073778,-0.08267160072005258,-0.49477118773083695,-0.1919818050585116,0.20084904847050306,0.9249751919977328,-0.8129466394772416,-0.9548897068049221,0.06882658894271852,0.9388046169081833,-0.6471761921158441,-0.11085705447592993,-0.04991501640360108,-0.9635412314242796,-0.24968112375454146,-0.45744921321125226,0.15048838286674737
290,-0.2617212045324926,-0.9394192088943304,-0.8816681815423886,0.6410823796073778,-0.08267160072005258,-0.49477118773083695,-0.1919818050585116,0.20084904847050306,0.9249751919977328,-0.8129466394772416,-0.9548897068049221,0.06882658894271852,0.9388046169081833,-0.6471761921158441,-0.11085705447592993,-0.04991501640360108,-0.9635412314242796,-0.24968112375454146,-0.45744921321125226,0.15048838286674737
291,-0.2617212045324926,-0.9394192088943304,-0.8816681815423886,0.6410823796073778,-0.08267160072005258,-0.49477118773083695,-0.1919818050585116,0.20084904847050306,0.9249751919977328,-0.8129466394772416,-0.9548897068049221,0.06882658894271852,0.9388046169081833,-0.6471761921158441,-0.11085705447592993,-0.04991501640360108,-0.9635412314242796,-0.24968112375454146,-0.45744921321125226,0.15048838286674737
292,-0.25666201149027074,-0.9323507647441607,-0.8758578563885052,0.6234939420801537,-0.08323752511887987,-0.40236513820233516,-0.25014205350153323,0.2827236749354412,0.9846388000265744,-0.7849859804138065,-0.9587826011722714,0.011297465209996084,0.9470089171024333,-0.7041626653106811,-0.08802145907045092,-0.09977961736068738,-0.9858385995593493,-0.3044223200129356,-0.4595981060091426,0.17585976903869108
293,-0.25666201149027074,-0.9323507647441607,-0.8758578563885052,0.6234939420801537,-0.08323752511887987,-0.40236513820233516,-0.25014205350153323,0.2827236749354412,0.9846388000265744,-0.7849859804138065,-0.9587826011722714,0.011297465209996084,0.9470089171024333,-0.7041626653106811,-0.08802145907045092,-0.09977961736068738,-0.9858385995593493,-0.3044223200129356,-0.4595981060091426,0.17585976903869108
294,-0.25666201149027074,-0.9323507647441607,-0.8758578563885052,0.6234939420801537,-0.08323752511887987,-0.40236513820233516,-0.25014205350153323,0.2827236749354412,0.9846388000265744,-0.7849859804138065,-0.9587826011722714,0.011297465209996084,0.9470089171024333,-0.7041626653106811,-0.08802145907045092,-0.09977961736068738,-0.9858385995593493,-0.3044223200129356,-0.4595981060091426,0.17585976903869108
295,-0.25666201149027074,-0.9323507647441607,-0.8758578563885052,0.6234939420801537,-0.08323752511887987,-0.40236513820233516,-0.25014205350153323,0.2827236749354412,0.9846388000265744,-0.7849859804138065,-0.9587826011722714,0.011297465209996084,0.9470089171024333,-0.7041626653106811,-0.08802145907045092,-0.09977961736068738,-0.9858385995593493,-0.3044223200129356,-0.4595981060091426,0.17585976903869108
296,-0.25666201149027074,-0.9323507647441607,-0.8758578563885052,0.6234939420801537,-0.08323752511887987,-0.40236513820233516,-0.25014205350153323,0.2827236749354412,0.9846388000265744,-0.7849859804138065,-0.9587826011722714,0.011297465209996084,0.9470089171024333,-0.7041626653106811,-0.08802145907045092,-0.09977961736068738,-0.9858385995593493,-0.3044223200129356,-0.4595981060091426,0.17585976903869108
297,-0.25666201149027074,-0.9323507647441607,-0.8758578563885052,0.6234939420801537,-0.08323752511887987,-0.40236513820233516,-0.25014205350153323,0.2827236749354412,0.9846388000265744,-0.7849859804138065,-0.9587826011722714,0.011297465209996084,0.9470089171024333,-0.7041626653106811,-0.08802145907045092,-0.09977961736068738,-0.9858385995593493,-0.3044223200129356,-0.4595981060091426,0.17585976903869108
298,-0.25666201149027074,-0.9323507647441607,-0.8758578563885052,0.6234939420801537,-0.08323752511887987,-0.40236513820233516,-0.25014205350153323,0.2827236749354412,0.9846388000265744,-0.7849859804138065,-0.9587826011722714,0.011297465209996084,0.9470089171024333,-0.7041626653106811,-0.08802145907045092,-0.09977961736068738,-0.9858385995593493,-0.3044223200129356,-0.4595981060091426,0.17585976903869108
299,-0.25666201149027074,-0.9323507647441607,-0.8758578563885052,0.6234939420801537,-0.08323752511887987,-0.40236513820233516,-0.25014205350153323,0.2827236749354412,0.9846388000265744,-0.7849859804138065,-0.9587826011722714,0.011297465209996084,0.9470089171024333,-0.7041626653106811,-0.08802145907045092,-0.09977961736068738,-0.9858385995593493,-0.3044223200129356,-0.4595981060091426,0.17585976903869108
300,-0.25666201149027074,-0.9323507647441607,-0.8758578563885052,0.6234939420801537,-0.08323752511887987,-0.40236513820233516,-0.25014205350153323,0.2827236749354412,0.9846388000265744,-0.7849859804138065,-0.9587826011722714,0.011297465209996084,0.9470089171024333,-0.7041626653106811,-0.08802145907045092,-0.09977961736068738,-0.9858385995593493,-0.3044223200129356,-0.4595981060091426,0.17585976903869108
301,-0.2544035902847274,-0.931058507468131,-0.8853321305694516,0.6419919613672264,-0.08875161372704304,-0.3349564908389342,-0.20108230477128639,0.3171297546598385,0.9698190032869347,-0.8228784206504813,-0.9448135167926922,0.03254365852216861,0.9384894492466278,-0.5596421280849618,-0.07177811821002716,-0.053079885402503975,-0.9968319374380563,-0.2544628078821983,-0.5003077957011192,0.11725487563594547
302,-0.2544035902847274,-0.931058507468131,-0.8853321305694516,0.6419919613672264,-0.08875161372704304,-0.3349564908389342,-0.20108230477128639,0.3171297546598385,0.9698190032869347,-0.8228784206504813,-0.9448135167926922,0.03254365852216861,0.9384894492466278,-0.5596421280849618,-0.07177811821002716,-0.053079885402503975,-0.9968319374380563,-0.2544628078821983,-0.5003077957011192,0.11725487563594547
303,-0.2544035902847274,-0.931058507468131,-0.8853321305694516,0.6419919613672264,-0.08875161372704304,-0.3349564908389342,-0.20108230477128639,0.3171297546598385,0.9698190032869347,-0.8228784206504813,-0.9448135167926922,0.03254365852216861,0.9384894492466278,-0.5596421280849618,-0.07177811821002716,-0.053079885402503975,-0.9968319374380563,-0.2544628078821983,-0.5003077957011192,0.11725487563594547
304,-0.2544035902847274,-0.931058507468131,-0.8853321305694516,0.6419919613672264,-0.08875161372704304,-0.3349564908389342,-0.20108230477128639,0.3171297546598385,0.9698190032869347,-0.8228784206504813,-0.9448135167926922,0.03254365852216861,0.9384894492466278,-0.5596421280849618,-0.07177811821002716,-0.053079885402503975,-0.9968319374380563,-0.2544628078821983,-0.5003077957011192,0.11725487563594547
305,-0.2544035902847274,-0.931058507468131,-0.8853321305694516,0.6419919613672264,-0.08875161372704304,-0.3349564908389342,-0.20108230477128639,0.3171297546598385,0.9698190032869347,-0.8228784206504813,-0.9448135167926922,0.03254365852216861,0.9384894492466278,-0.5596421280849618,-0.07177811821002716,-0.053079885402503975,-0.9968319374380563,-0.2544628078821983,-0.5003077957011192,0.11725487563594547
306,-0.2544035902847274,-0.931058507468131,-0.8853321305694516,0.6419919613672264,-0.08875161372704304,-0.3349564908389342,-0.20108230477128639,0.3171297546598385,0.9698190032869347,-0.8228784206504813,-0.9448135167926922,0.03254365852216861,0.9384894492466278,-0.5596421280849618,-0.07177811821002716,-0.053079885402503975,-0.9968319374380563,-0.2544628078821983,-0.5003077957011192,0.11725487563594547
307,-0.2544035902847274,-0.931058507468131,-0.8853321305694516,0.6419919613672264,-0.08875161372704304,-0.3349564908389342,-0.20108230477128639,0.3171297546598385,0.9698190032869347,-0.8228784206504813,-0.9448135167926922,0.03254365852216861,0.9384894492466278,-0.5596421280849618,-0.07177811821002716,-0.053079885402503975,-0.9968319374380563,-0.2544628078821983,-0.5003077957011192,0.11725487563594547
308,-0.2544035902847274,-0.931058507468131,-0.8853321305694516,0.6419919613672264,-0.08875161372704304,-0.3349564908389342,-0.20108230477128639,0.3171297546598385,0.9698190032869347,-0.8228784206504813,-0.9448135167926922,0.03254365852216861,0.9384894492466278,-0.5596421280849618,-0.07177811821002716,-0.053079885402503975,-0.9968319374380563,-0.2544628078821983,-0.5003077957011192,0.11725487563594547
309,-0.2544035902847274,-0.931058507468131,-0.8853321305694516,0.6419919613672264,-0.08875161372704304,-0.3349564908389342,-0.20108230477128639,0.3171297546598385,0.9698190032869347,-0.8228784206504813,-0.9448135167926922,0.03254365852216861,0.9384894492466278,-0.5596421280849618,-0.07177811821002716,-0.053079885402503975,-0.9968319374380563,-0.2544628078821983,-0.5003077957011192,0.11725487563594547
310,-0.2544035902847274,-0.931058507468131,-0.8853321305694516,0.6419919613672264,-0.08875161372704304,-0.3349564908389342,-0.20108230477128639,0.3171297546598385,0.9698190032869347,-0.8228784206504813,-0.9448135167926922,0.03254365852216861,0.9384894492466278,-0.5596421280849618,-0.07177811821002716,-0.053079885402503975,-0.9968319374380563,-0.2544628078821983,-0.5003077957011192,0.11725487563594547
311,-0.2544035902847274,-0.931058507468131,-0.8853321305694516,0.6419919613672264,-0.08875161372704304,-0.3349564908389342,-0.20108230477128639,0.3171297546598385,0.9698190032869347,-0.8228784206504813,-0.9448135167926922,0.03254365852216861,0.9384894492466278,-0.5596421280849618,-0.07177811821002716,-0.053079885402503975,-0.9968319374380563,-0.2544628078821983,-0.5003077957011192,0.11725487563594547
312,-0.2544035902847274,-0.931058507468131,-0.8853321305694516,0.6419919613672264,-0.08875161372704304,-0.3349564908389342,-0.20108230477128639,0.3171297546598385,0.9698190032869347,-0.8228784206504813,-0.9448135167926922,0.03254365852216861,0.9384894492466278,-0.5596421280849618,-0.07177811821002716,-0.053079885402503975,-0.9968319374380563,-0.2544628078821983,-0.5003077957011192,0.11725487563594547
313,-0.25644704424838577,-0.9220505086555828,-0.8748826626487414,0.61731713217024,-0.09367365727136105,-0.20391200390256886,-0.20898414633608622,0.4144776236958676,0.8626854550357232,-0.7377707957343462,-0.9677504661797001,0.03585533673543489,0.9688177437752733,-0.6438006746303131,-0.030579584606183877,-0.022196898136018092,-0.9850190363580767,-0.26574181303636896,-0.5408923795328081,0.11862755328521479
314,-0.2507192288322851,-0.9378535594273928,-0.878756658746133,0.6357859782016907,-0.0792339608030306,-0.2796829849166476,-0.13854206995599655,0.4580311305230883,0.899312452596832,-0.8441829710892976,-0.9460378183497665,0.1066357618448217,0.9693490925437259,-0.6314550238918153,0.06059730751743428,-0.005870909569472183,-0.9450417452090104,-0.3891687755451951,-0.5313096794822744,0.2671525077268053
315,-0.2529712612170392,-0.9303752205126077,-0.8688076899393644,0.611070432986517,-0.08944713470062121,-0.24662835691063892,-0.11851820275849803,0.4916058093434035,0.8794520195928678,-0.7879737668280511,-0.9657142054286729,0.11355533195163975,0.9227244924001212,-0.7512645741842359,0.10489248417088587,-0.02208957144993305,-0.9600440334834469,-0.38387414340853465,-0.5463795448656943,0.29143053379354156
316,-0.248924849018886,-0.9260314429621644,-0.8761500646202831,0.636296522121614,-0.08760557256209038,-0.27842098884368205,-0.11802136060805178,0.5281950628016632,0.945510454103494,-0.7590316730448733,-0.9744357773526775,0.062093813285935606,0.904119737757847,-0.6893545455280938,0.06949074246788609,0.014564437584174517,-0.982407515004699,-0.28746475127501353,-0.5301466430003194,0.2225955654951526
317,-0.248924849018886,-0.9260314429621644,-0.8761500646202831,0.636296522121614,-0.08760557256209038,-0.27842098884368205,-0.11802136060805178,0.5281950628016632,0.945510454103494,-0.7590316730448733,-0.9744357773526775,0.062093813285935606,0.904119737757847,-0.6893545455280938,0.06949074246788609,0.014564437584174517,-0.982407515004699,-0.28746475127501353,-0.5301466430003194,0.2225955654951526
318,-0.248924849018886,-0.9260314429621644,-0.8761500646202831,0.636296522121614,-0.08760557256209038,-0.27842098884368205,-0.11802136060805178,0.5281950628016632,0.945510454103494,-0.7590316730448733,-0.9744357773526775,0.062093813285935606,0.904119737757847,-0.6893545455280938,0.06949074246788609,0.014564437584174517,-0.982407515004699,-0.28746475127501353,-0.5301466430003194,0.2225955654951526
319,-0.248924849018886,-0.9260314429621644,-0.8761500646202831,0.636296522121614,-0.08760557256209038,-0.27842098884368205,-0.11802136060805178,0.5281950628016632,0.945510454103494,-0.7590316730448733,-0.9744357773526775,0.062093813285935606,0.904119737757847,-0.6893545455280938,0.06949074246788609,0.014564437584174517,-0.982407515004699,-0.28746475127501353,-0.5301466430003194,0.2225955654951526
320,-0.24818834081554736,-0.9303132214506422,-0.8726212236749038,0.6178465132051824,-0.0809945581979905,-0.3289227183559572,-0.22684190762028453,0.5658647350843954,0.9657079838926994,-0.8238588054550108,-0.9577262735491929,0.08491888703275095,0.9141393426166865,-0.6202961453382385,0.06911089033307775,-0.10484923373669947,-0.9694018945974521,-0.3542904045846051,-0.5220451276551343,0.1831037316238541
321,-0.24589558773099873,-0.9238476800491069,-0.8760029484501413,0.6386015406488469,-0.0922289651905191,-0.3554714487435866,-0.16074655067251062,0.6086129529037798,0.9754494916626825,-0.7889392958887766,-0.9602211065166433,0.09697095764125704,0.804876613513086,-0.7128020623710992,0.10231686246754147,-0.1060034091122813,-0.9568659510020049,-0.32810492957938164,-0.5108915736240189,0.1243067469312327
322,-0.24726389178251051,-0.9289197934394852,-0.8684417866304368,0.6155001545717612,-0.08535815674814144,-0.4058366039525767,-0.1557100070625762,0.5945933097088455,0.9790693693376316,-0.825463203025577,-0.9125204404465447,0.18413355447209429,0.8495598891320596,-0.7243713134749995,0.015256289750574201,-0.13277890565865386,-0.9776108484517102,-0.418945363450925,-0.5151058367094143,0.14214484847061648
323,-0.252889148213132,-0.9273505142459294,-0.8746182061231466,0.6343076014162786,-0.08995314429582514,-0.4448461853503913,-0.14521767641825528,0.5668410301164166,0.9274224770480914,-0.8735453993494569,-0.9759585533443663,0.1290141775043228,0.8456253908800285,-0.7111114560502655,-0.018238751099825198,-0.07759210418815589,-0.8938333932162085,-0.3550686508771707,-0.49561525407534607,0.14438213954520257
324,-0.24963725263001885,-0.9327443041106621,-0.8673621262799651,0.6177623366454544,-0.08686325629629468,-0.5389771470473841,-0.14905235797196942,0.5545027097709871,0.9492071133960751,-0.8106725084690973,-0.9302209582340129,0.14761560180415056,0.8974214124917295,-0.7430257418189832,-0.011841695472066737,-0.05004988087475391,-0.9758174646191892,-0.36650264540900007,-0.4759553085302387,0.16184947366723568
325,-0.24963725263001885,-0.9327443041106621,-0.8673621262799651,0.6177623366454544,-0.08686325629629468,-0.5389771470473841,-0.14905235797196942,0.5545027097709871,0.9492071133960751,-0.8106725084690973,-0.9302209582340129,0.14761560180415056,0.8974214124917295,-0.7430257418189832,-0.011841695472066737,-0.05004988087475391,-0.9758174646191892,-0.36650264540900007,-0.4759553085302387,0.16184947366723568
326,-0.24963725263001885,-0.9327443041106621,-0.8673621262799651,0.6177623366454544,-0.08686325629629468,-0.5389771470473841,-0.14905235797196942,0.5545027097709871,0.9492071133960751,-0.8106725084690973,-0.9302209582340129,0.14761560180415056,0.8974214124917295,-0.7430257418189832,-0.011841695472066737,-0.05004988087475391,-0.9758174646191892,-0.36650264540900007,-0.4759553085302387,0.16184947366723568
327,-0.24963725263001885,-0.9327443041106621,-0.8673621262799651,0.6177623366454544,-0.08686325629629468,-0.5389771470473841,-0.14905235797196942,0.5545027097709871,0.9492071133960751,-0.8106725084690973,-0.9302209582340129,0.14761560180415056,0.8974214124917295,-0.7430257418189832,-0.011841695472066737,-0.05004988087475391,-0.9758174646191892,-0.36650264540900007,-0.4759553085302387,0.16184947366723568
328,-0.24963725263001885,-0.9327443041106621,-0.8673621262799651,0.6177623366454544,-0.08686325629629468,-0.5389771470473841,-0.14905235797196942,0.5545027097709871,0.9492071133960751,-0.8106725084690973,-0.9302209582340129,0.14761560180415056,0.8974214124917295,-0.7430257418189832,-0.011841695472066737,-0.05004988087475391,-0.9758174646191892,-0.36650264540900007,-0.4759553085302387,0.16184947366723568
329,-0.24963725263001885,-0.9327443041106621,-0.8673621262799651,0.6177623366454544,-0.08686325629629468,-0.5389771470473841,-0.14905235797196942,0.5545027097709871,0.9492071133960751,-0.8106725084690973,-0.9302209582340129,0.14761560180415056,0.8974214124917295,-0.7430257418189832,-0.011841695472066737,-0.05004988087475391,-0.9758174646191892,-0.36650264540900007,-0.4759553085302387,0.16184947366723568
330,-0.2504508554033325,-0.9259292811340921,-0.8744407738830522,0.6293716720752076,-0.0862792908264093,-0.5413318488901541,-0.1602291864827031,0.603179273191772,0.993793397649633,-0.8387058872227864,-0.93780023485601,0.15007898818952878,0.921614818500106,-0.658257187814313,-0.07241767079993035,-0.019722981678949817,-0.9713556783822617,-0.2826374559206622,-0.532180196138903,0.19493149896178394
331,-0.24480936683793475,-0.9276640500864665,-0.8633124783498412,0.6202069935696052,-0.0964151059768187,-0.5316183786682958,-0.18552938697598279,0.6855908738779927,0.9615836307101848,-0.8861078966227438,-0.9317821699073294,0.09822814985345492,0.7494159427415743,-0.7288337283600295,0.04233634909960823,-0.01226755566536949,-0.9802409192139991,-0.23670643545968986,-0.5330387753855567,0.10950743023128277
332,-0.23758559382455408,-0.9207905126346565,-0.8643625860146404,0.6253401814460646,-0.09923983183427956,-0.48448456607913926,-0.1611231616639895,0.6990591307904849,0.9651748567754277,-0.8826084497874181,-0.895840848030507,0.13228736657455525,0.6903034055131482,-0.7322882905663285,0.037199024792735576,0.03536203755762608,-0.9973499359573496,-0.16634704834876166,-0.586315664362132,0.10324424969938965
333,-0.23758559382455408,-0.9207905126346565,-0.8643625860146404,0.6253401814460646,-0.09923983183427956,-0.48448456607913926,-0.1611231616639895,0.6990591307904849,0.9651748567754277,-0.8826084497874181,-0.895840848030507,0.13228736657455525,0.6903034055131482,-0.7322882905663285,0.037199024792735576,0.03536203755762608,-0.9973499359573496,-0.16634704834876166,-0.586315664362132,0.10324424969938965
334,-0.24345967904018098,-0.9270514528016115,-0.855352166398785,0.6141549493993956,-0.09632117753004041,-0.514172569032606,-0.19355309668528234,0.6859974484720535,0.9906750815493897,-0.8137765892603754,-0.9073675614709095,0.13330878195762225,0.6538536017405009,-0.7295619231481105,0.15024844352801656,-0.020374143646271492,-0.9897472478128021,-0.15879387010625487,-0.576614502505184,0.13271818062194707
335,-0.24345967904018098,-0.9270514528016115,-0.855352166398785,0.6141549493993956,-0.09632117753004041,-0.514172569032606,-0.19355309668528234,0.6859974484720535,0.9906750815493897,-0.8137765892603754,-0.9073675614709095,0.13330878195762225,0.6538536017405009,-0.7295619231481105,0.15024844352801656,-0.020374143646271492,-0.9897472478128021,-0.15879387010625487,-0.576614502505184,0.13271818062194707
336,-0.24345967904018098,-0.9270514528016115,-0.855352166398785,0.6141549493993956,-0.09632117753004041,-0.514172569032606,-0.19355309668528234,0.6859974484720535,0.9906750815493897,-0.8137765892603754,-0.9073675614709095,0.13330878195762225,0.6538536017405009,-0.7295619231481105,0.15024844352801656,-0.020374143646271492,-0.9897472478128021,-0.15879387010625487,-0.576614502505184,0.13271818062194707
337,-0.24345967904018098,-0.9270514528016115,-0.855352166398785,0.6141549493993956,-0.09632117753004041,-0.514172569032606,-0.19355309668528234,0.6859974484720535,0.9906750815493897,-0.8137765892603754,-0.9073675614709095,0.13330878195762225,0.6538536017405009,-0.7295619231481105,0.15024844352801656,-0.020374143646271492,-0.9897472478128021,-0.15879387010625487,-0.576614502505184,0.13271818062194707
338,-0.24345967904018098,-0.9270514528016115,-0.855352166398785,0.6141549493993956,-0.09632117753004041,-0.514172569032606,-0.19355309668528234,0.6859974484720535,0.9906750815493897,-0.8137765892603754,-0.9073675614709095,0.13330878195762225,0.6538536017405009,-0.7295619231481105,0.15024844352801656,-0.020374143646271492,-0.9897472478128021,-0.15879387010625487,-0.576614502505184,0.13271818062194707
339,-0.24345967904018098,-0.9270514528016115,-0.855352166398785,0.6141549493993956,-0.09632117753004041,-0.514172569032606,-0.19355309668528234,0.6859974484720535,0.9906750815493897,-0.8137765892603754,-0.9073675614709095,0.13330878195762225,0.6538536017405009,-0.7295619231481105,0.15024844352801656,-0.020374143646271492,-0.9897472478128021,-0.15879387010625487,-0.576614502505184,0.13271818062194707
340,-0.24345967904018098,-0.9270514528016115,-0.855352166398785,0.6141549493993956,-0.09632117753004041,-0.514172569032606,-0.19355309668528234,0.6859974484720535,0.9906750815493897,-0.8137765892603754,-0.9073675614709095,0.13330878195762225,0.6538536017405009,-0.7295619231481105,0.15024844352801656,-0.020374143646271492,-0.9897472478128021,-0.15879387010625487,-0.576614502505184,0.13271818062194707
341,-0.2378959128249956,-0.9247934877283404,-0.8638883387284262,0.6337976196841083,-0.098460183510196,-0.5124603112710131,-0.2051495151188096,0.6860652354406384,0.999476246018712,-0.8549358497673151,-0.890426182634736,0.16469590498143652,0.6688209519437336,-0.6795645947153466,0.1254249177346151,-0.07152357751807256,-0.9882181467713805,-0.1922000719068626,-0.5768560819287888,0.12352950692408145
342,-0.23862329684931882,-0.9318084065893567,-0.8589200484374772,0.613530091648259,-0.09495605783699881,-0.5451772460052864,-0.22217972898007754,0.6567583934862874,0.9965223293112292,-0.9025442298925632,-0.8652835757428761,0.10430577493598413,0.7475141231679324,-0.7275760222848147,0.11004047889112717,0.005506994110370003,-0.9867466827893142,-0.21053469990218276,-0.5495825971211955,0.15271584924857437
343,-0.23862329684931882,-0.9318084065893567,-0.8589200484374772,0.613530091648259,-0.09495605783699881,-0.5451772460052864,-0.22217972898007754,0.6567583934862874,0.9965223293112292,-0.9025442298925632,-0.8652835757428761,0.10430577493598413,0.7475141231679324,-0.7275760222848147,0.11004047889112717,0.005506994110370003,-0.9867466827893142,-0.21053469990218276,-0.5495825971211955,0.15271584924857437
344,-0.23862329684931882,-0.9318084065893567,-0.8589200484374772,0.613530091648259,-0.09495605783699881,-0.5451772460052864,-0.22217972898007754,0.6567583934862874,0.9965223293112292,-0.9025442298925632,-0.8652835757428761,0.10430577493598413,0.7475141231679324,-0.7275760222848147,0.11004047889112717,0.005506994110370003,-0.9867466827893142,-0.21053469990218276,-0.5495825971211955,0.15271584924857437
345,-0.24118581126722713,-0.9304190401400821,-0.8638379985941426,0.6378803168523848,-0.09060803121684118,-0.5395934679718343,-0.195268063948151,0.5441381084200498,0.9857954649971492,-0.816615340854372,-0.8775944508531747,0.12803749412855125,0.8139958350700908,-0.6730953406169208,0.029479339501643054,0.05414140738793722,-0.9937588581785852,-0.1529181084973195,-0.5371342265789651,0.18901897079871022
346,-0.24915422623370004,-0.937697346049346,-0.8763545180563234,0.6155868409527919,-0.07656097014153349,-0.6354436047539557,-0.17832516633831502,0.4718471531199522,0.9294099666027116,-0.8293060610023825,-0.9470730093272968,0.08929517612202825,0.8368003694578018,-0.6738968906685454,-0.1364253309115775,0.05759163955682219,-0.9969041579622347,-0.06367875481083232,-0.5217885721575375,0.09343999348914393
347,-0.24707446613511375,-0.9277730315740488,-0.8684026152853883,0.6366222359239162,-0.09277811692395543,-0.529236195430154,-0.11188433655790508,0.5703356733762216,0.8877002860907972,-0.7567925020885851,-0.9649081782335457,0.12785804258442185,0.736447787666259,-0.753801536529175,-0.1097422557281753,0.06436837711681619,-0.9957834431074288,-0.1500338612700678,-0.513617344456234,0.06569724190886878
348,-0.24707446613511375,-0.9277730315740488,-0.8684026152853883,0.6366222359239162,-0.09277811692395543,-0.529236195430154,-0.11188433655790508,0.5703356733762216,0.8877002860907972,-0.7567925020885851,-0.9649081782335457,0.12785804258442185,0.736447787666259,-0.753801536529175,-0.1097422557281753,0.06436837711681619,-0.9957834431074288,-0.1500338612700678,-0.513617344456234,0.06569724190886878
349,-0.24707446613511375,-0.9277730315740488,-0.8684026152853883,0.6366222359239162,-0.09277811692395543,-0.529236195430154,-0.11188433655790508,0.5703356733762216,0.8877002860907972,-0.7567925020885851,-0.9649081782335457,0.12785804258442185,0.736447787666259,-0.753801536529175,-0.1097422557281753,0.06436837711681619,-0.9957834431074288,-0.1500338612700678,-0.513617344456234,0.06569724190886878
350,-0.24442820733974485,-0.9271573725606356,-0.8673930304952628,0.6098858889589532,-0.09105765883686733,-0.6223213654128257,-0.1189422986748391,0.6034955057110672,0.9413541841191759,-0.841667923548651,-0.962323723866456,0.046668347555865124,0.7390397903360684,-0.806876242027269,-0.05060759524605035,0.04381207587856034,-0.9929837966831282,-0.18891746892653807,-0.4726542707288505,0.039421312335320896
351,-0.24442820733974485,-0.9271573725606356,-0.8673930304952628,0.6098858889589532,-0.09105765883686733,-0.6223213654128257,-0.1189422986748391,0.6034955057110672,0.9413541841191759,-0.841667923548651,-0.962323723866456,0.046668347555865124,0.7390397903360684,-0.806876242027269,-0.05060759524605035,0.04381207587856034,-0.9929837966831282,-0.18891746892653807,-0.4726542707288505,0.039421312335320896
352,-0.24953635812091876,-0.9308935413869774,-0.8683699630794969,0.6289451897513235,-0.09218271506293549,-0.6261345815594259,-0.17118243034945615,0.5651420105280182,0.9086563923084042,-0.8161749840156873,-0.9792150237654033,0.11381802184452462,0.6925110259868552,-0.7522363457145957,-0.06044438540988422,-0.029227040820644066,-0.9563746930820539,-0.2092989265549021,-0.4248365885249201,-0.016283775090909353
353,-0.24772214256036368,-0.9323362263895255,-0.863350691192736,0.6117839151618938,-0.08817285777891103,-0.7099433108630296,-0.1383918698541303,0.49145245860288306,0.8979279327712422,-0.7538164344338659,-0.9893339063675227,0.17020185920860448,0.7322440701892738,-0.7265662865450292,-0.03100477635976718,-0.08481520857483642,-0.9955466913487946,-0.17238429555257292,-0.4730003610654526,-0.011995697222882558
354,-0.24968045536808978,-0.932848914233706,-0.8653202371986181,0.6340974452879705,-0.08974748445448567,-0.6529583603093643,-0.2658600483789486,0.4640669274376638,0.9113885828088056,-0.7818425477383044,-0.9363409015120174,0.10774223280987658,0.629732211126757,-0.6829653573517045,0.012068034788498213,-0.05784477146479851,-0.9299345851379225,-0.15296802558381284,-0.41580268813731713,-0.062237723692840516
355,-0.24879927529892507,-0.9343070737032323,-0.8643513621762567,0.6165790213821543,-0.09549173175660779,-0.6241924916441841,-0.13083353918794313,0.4479313553770384,0.9209363690027219,-0.7472795008306511,-0.9786736667821241,0.09374400989184062,0.646530661516613,-0.8046442459794257,0.0990392227593062,-0.028253416532923844,-0.9487060626643454,-0.14785103105295408,-0.5071781068432514,0.03478913690513314
356,-0.24879927529892507,-0.9343070737032323,-0.8643513621762567,0.6165790213821543,-0.09549173175660779,-0.6241924916441841,-0.13083353918794313,0.4479313553770384,0.9209363690027219,-0.7472795008306511,-0.9786736667821241,0.09374400989184062,0.646530661516613,-0.8046442459794257,0.0990392227593062,-0.028253416532923844,-0.9487060626643454,-0.14785103105295408,-0.5071781068432514,0.03478913690513314
357,-0.24247781411127434,-0.9357367519704664,-0.8654182442826852,0.629846506422489,-0.09131777905271553,-0.646862443496454,-0.19226821070564373,0.4589488568265959,0.9432599994887138,-0.77097673639642,-0.8626273813043087,0.15114369284222132,0.7506950107378818,-0.7245411981885737,0.0011508022702849067,0.06607321662321697,-0.9673217207072536,-0.15844058724112012,-0.46062280786739696,0.13433830087924714
358,-0.24315380403625644,-0.943824530046563,-0.8609814087289182,0.614603106787337,-0.08800991557166314,-0.7108563542548751,-0.1918380627026502,0.4687675736041997,0.9337797544489185,-0.7845348041645221,-0.9443074867204345,0.1264237947100708,0.733141790458273,-0.7067321440120359,0.052503506181349156,0.008490661802346023,-0.9460650260859556,-0.09897079980663338,-0.498600904977894,0.1456504353944228
359,-0.244490644875008,-0.9406559378665916,-0.8626061131587696,0.6280001851663102,-0.09005465991393144,-0.7454709613818461,-0.2362121634487357,0.47880536623370534,0.8772208187926054,-0.8272898365124641,-0.9527390686836824,0.19439831316813178,0.7419693146002425,-0.6504014809174223,-0.00914148278731094,-0.05916077838578356,-0.9588167784720658,-0.1338413797367943,-0.5158940409595747,0.13002552992054534
360,-0.244490644875008,-0.9406559378665916,-0.8626061131587696,0.6280001851663102,-0.09005465991393144,-0.7454709613818461,-0.2362121634487357,0.47880536623370534,0.8772208187926054,-0.8272898365124641,-0.9527390686836824,0.19439831316813178,0.7419693146002425,-0.6504014809174223,-0.00914148278731094,-0.05916077838578356,-0.9588167784720658,-0.1338413797367943,-0.5158940409595747,0.13002552992054534
361,-0.24561268403771042,-0.93444344300281,-0.8656952760549481,0.6190223303385575,-0.0870786257493463,-0.7060875081664086,-0.2291452087428967,0.4372628716169515,0.9646893981123159,-0.8322535962676028,-0.9448924164834854,0.17508378785352713,0.7964295751650097,-0.6432835487440993,-0.10155903660843424,-0.0689585076793084,-0.9490542702325672,-0.10358116119086248,-0.5404875744862506,0.14240302727007564
362,-0.2393257138653955,-0.9438973692820509,-0.8630109200365849,0.6294042505659811,-0.08658601199713918,-0.7262681590486288,-0.2539399360056471,0.4450782527572278,0.8948486171275254,-0.9037903495446054,-0.969685706657678,0.2044626450992484,0.741603605859308,-0.6967400625361727,-0.0761110967440589,-0.02932723076853939,-0.9369344307090306,-0.08063633004621354,-0.5880672529825731,0.2826649176324693
363,-0.2393257138653955,-0.9438973692820509,-0.8630109200365849,0.6294042505659811,-0.08658601199713918,-0.7262681590486288,-0.2539399360056471,0.4450782527572278,0.8948486171275254,-0.9037903495446054,-0.969685706657678,0.2044626450992484,0.741603605859308,-0.6967400625361727,-0.0761110967440589,-0.02932723076853939,-0.9369344307090306,-0.08063633004621354,-0.5880672529825731,0.2826649176324693
364,-0.23929648889713684,-0.943709327454458,-0.8688200238332584,0.6230977910804036,-0.08376608050010366,-0.6844172280625507,-0.21782228117886607,0.4557084348469487,0.9424159784174645,-0.8947915448993999,-0.921022008351579,0.18301160640657424,0.7678062008095154,-0.7080630704711821,-0.0478499451327979,0.011883092070271349,-0.9140436790045393,-0.13969423821495525,-0.5873495736508442,0.2403023412271357
365,-0.23527616456604908,-0.9427442069358248,-0.8668015892772345,0.63352862615917,-0.08585199902093081,-0.6507405425136709,-0.2579281852557039,0.41193855041269206,0.9669914267845892,-0.953654227275829,-0.9280686956057921,0.14020947022724659,0.7367424232347103,-0.7560878966914739,-0.10134152422502654,-0.05373501318031272,-0.948882568977022,-0.12868513808431456,-0.5405728436887265,0.238249251244155
366,-0.23527616456604908,-0.9427442069358248,-0.8668015892772345,0.63352862615917,-0.08585199902093081,-0.6507405425136709,-0.2579281852557039,0.41193855041269206,0.9669914267845892,-0.953654227275829,-0.9280686956057921,0.14020947022724659,0.7367424232347103,-0.7560878966914739,-0.10134152422502654,-0.05373501318031272,-0.948882568977022,-0.12868513808431456,-0.5405728436887265,0.238249251244155
367,-0.23527616456604908,-0.9427442069358248,-0.8668015892772345,0.63352862615917,-0.08585199902093081,-0.6507405425136709,-0.2579281852557039,0.41193855041269206,0.9669914267845892,-0.953654227275829,-0.9280686956057921,0.14020947022724659,0.7367424232347103,-0.7560878966914739,-0.10134152422502654,-0.05373501318031272,-0.948882568977022,-0.12868513808431456,-0.5405728436887265,0.238249251244155
368,-0.23527616456604908,-0.9427442069358248,-0.8668015892772345,0.63352862615917,-0.08585199902093081,-0.6507405425136709,-0.2579281852557039,0.41193855041269206,0.9669914267845892,-0.953654227275829,-0.9280686956057921,0.14020947022724659,0.7367424232347103,-0.7560878966914739,-0.10134152422502654,-0.05373501318031272,-0.948882568977022,-0.12868513808431456,-0.5405728436887265,0.238249251244155
369,-0.23527616456604908,-0.9427442069358248,-0.8668015892772345,0.63352862615917,-0.08585199902093081,-0.6507405425136709,-0.2579281852557039,0.41193855041269206,0.9669914267845892,-0.953654227275829,-0.9280686956057921,0.14020947022724659,0.7367424232347103,-0.7560878966914739,-0.10134152422502654,-0.05373501318031272,-0.948882568977022,-0.12868513808431456,-0.5405728436887265,0.238249251244155
370,-0.24047468300700572,-0.941811345996929,-0.8667655207224055,0.6223387138710764,-0.08272671586053947,-0.7343453094073542,-0.228897368808474,0.3931765107247674,0.9769576872324983,-0.8976283692027903,-0.9108936163707713,0.24773813123132926,0.7001888561557239,-0.7528789797477893,-0.04573861487800138,-0.13691682217026088,-0.9061925686445033,-0.1806766333078911,-0.5596603148704946,0.20497825367798392
371,-0.24028279281592516,-0.9491599995488865,-0.8646469821524091,0.6324707808839911,-0.08665714034779955,-0.7297538764714735,-0.2821662333350011,0.3794663684152543,0.9626413663950106,-0.926189298245031,-0.9666379741116161,0.2477387136670827,0.6590038017901634,-0.702147333422635,-0.06499227304071961,-0.20667389162094427,-0.9445962552674935,-0.12553493898118703,-0.5865515436855167,0.2379656621284107
372,-0.23974101374864992,-0.9372078608422864,-0.8635089788069589,0.6152336353729146,-0.08564615794965846,-0.711273789540557,-0.23993387160478669,0.33874912760700043,0.9625781618771556,-0.9039830267587268,-0.9602724640169662,0.2712369146255891,0.6317958408223393,-0.7394216813902733,-0.06801532236197701,-0.1848994141680536,-0.9399484232372352,-0.04398474387171984,-0.6611028482147611,0.2583616039469297
373,-0.23752655202928552,-0.9502342166555301,-0.8643780536410508,0.634885118930123,-0.09002248024486816,-0.6667723347983343,-0.26994691178259916,0.2995862193697525,0.9406917197368772,-0.9192284497421298,-0.9429964974269136,0.23559051418759538,0.589807687775299,-0.7459580944692451,-0.08673383957581764,-0.14545320631706488,-0.989756570827584,-0.01333922375593765,-0.6410927453162638,0.24758255624122041
374,-0.23228021772117183,-0.9514239035247876,-0.8658907036601868,0.6224010212534999,-0.08762613167707499,-0.8600753631070492,-0.29440020491277585,0.28922132728069316,0.9921636013034875,-0.9849011705494508,-0.9688508206940392,0.20616171487419335,0.5829129744161891,-0.7719318598686881,-0.17054569714498874,-0.09714802046065234,-0.9438038102130948,0.11613059621778632,-0.650968079801951,0.2849499215374594
375,-0.23228021772117183,-0.9514239035247876,-0.8658907036601868,0.6224010212534999,-0.08762613167707499,-0.8600753631070492,-0.29440020491277585,0.28922132728069316,0.9921636013034875,-0.9849011705494508,-0.9688508206940392,0.20616171487419335,0.5829129744161891,-0.7719318598686881,-0.17054569714498874,-0.09714802046065234,-0.9438038102130948,0.11613059621778632,-0.650968079801951,0.2849499215374594
376,-0.23228021772117183,-0.9514239035247876,-0.8658907036601868,0.6224010212534999,-0.08762613167707499,-0.8600753631070492,-0.29440020491277585,0.28922132728069316,0.9921636013034875,-0.9849011705494508,-0.9688508206940392,0.20616171487419335,0.5829129744161891,-0.7719318598686881,-0.17054569714498874,-0.09714802046065234,-0.9438038102130948,0.11613059621778632,-0.650968079801951,0.2849499215374594
377,-0.22874522836059744,-0.9542867097117584,-0.8676188260739459,0.6188906604824607,-0.075998174807114,-0.8112532579846474,-0.32279968320734265,0.35388814629609006,0.9322094403055199,-0.9766506517574254,-0.9636636009826806,0.24877191786904307,0.5378477404745348,-0.6503459841419014,-0.13991805948968672,-0.032562570759828706,-0.9920839367297463,0.2116428051491426,-0.6825226535644517,0.32078207930828495
378,-0.22953729190914787,-0.9523323262546249,-0.8621851876410347,0.6239291874286516,-0.09372523356251622,-0.9007639204765203,-0.30200902769754456,0.36777781830594114,0.9443631222603763,-0.9340472199238035,-0.9925628971048922,0.28598738289235826,0.5141009392601253,-0.6694804320030466,-0.12469105609462594,-0.12709468013445058,-0.9773033501004811,0.2770632779826349,-0.73260608781586,0.20810228962081748
379,-0.23746236795960118,-0.9488963349787639,-0.8625754858153534,0.6029986106912021,-0.0874018186593396,-0.9228353375053331,-0.26850728528936146,0.30698241605791665,0.8932845508004226,-0.8545699587781983,-0.9961325128356233,0.34221076590169786,0.40798286462380823,-0.7071109283297337,-0.16064015344485774,-0.17299856142579453,-0.99529115377923,0.20356019190995683,-0.6317833838751532,0.1551535727847543
380,-0.23746236795960118,-0.9488963349787639,-0.8625754858153534,0.6029986106912021,-0.0874018186593396,-0.9228353375053331,-0.26850728528936146,0.30698241605791665,0.8932845508004226,-0.8545699587781983,-0.9961325128356233,0.34221076590169786,0.40798286462380823,-0.7071109283297337,-0.16064015344485774,-0.17299856142579453,-0.99529115377923,0.20356019190995683,-0.6317833838751532,0.1551535727847543
381,-0.23746236795960118,-0.9488963349787639,-0.8625754858153534,0.6029986106912021,-0.0874018186593396,-0.9228353375053331,-0.26850728528936146,0.30698241605791665,0.8932845508004226,-0.8545699587781983,-0.9961325128356233,0.34221076590169786,0.40798286462380823,-0.7071109283297337,-0.16064015344485774,-0.17299856142579453,-0.99529115377923,0.20356019190995683,-0.6317833838751532,0.1551535727847543
382,-0.23746236795960118,-0.9488963349787639,-0.8625754858153534,0.6029986106912021,-0.0874018186593396,-0.9228353375053331,-0.26850728528936146,0.30698241605791665,0.8932845508004226,-0.8545699587781983,-0.9961325128356233,0.34221076590169786,0.40798286462380823,-0.7071109283297337,-0.16064015344485774,-0.17299856142579453,-0.99529115377923,0.20356019190995683,-0.6317833838751532,0.1551535727847543
383,-0.23746236795960118,-0.9488963349787639,-0.8625754858153534,0.6029986106912021,-0.0874018186593396,-0.9228353375053331,-0.26850728528936146,0.30698241605791665,0.8932845508004226,-0.8545699587781983,-0.9961325128356233,0.34221076590169786,0.40798286462380823,-0.7071109283297337,-0.16064015344485774,-0.17299856142579453,-0.99529115377923,0.20356019190995683,-0.6317833838751532,0.1551535727847543
384,-0.23746236795960118,-0.9488963349787639,-0.8625754858153534,0.6029986106912021,-0.0874018186593396,-0.9228353375053331,-0.26850728528936146,0.30698241605791665,0.8932845508004226,-0.8545699587781983,-0.9961325128356233,0.34221076590169786,0.40798286462380823,-0.7071109283297337,-0.16064015344485774,-0.17299856142579453,-0.99529115377923,0.20356019190995683,-0.6317833838751532,0.1551535727847543
385,-0.23502187170220507,-0.9529856980708302,-0.8642631411568688,0.6193924545954317,-0.09143067827789923,-0.9321973724587185,-0.2127400704810669,0.3092066312228019,0.8928051425442446,-0.8547680054547245,-0.9844501101611365,0.31399580209847877,0.3906220403685672,-0.7259994912713398,-0.13629140292930894,-0.06716392161803442,-0.9962983370564197,0.322194139046167,-0.7427187458184471,0.13343509529209235
386,-0.23502187170220507,-0.9529856980708302,-0.8642631411568688,0.6193924545954317,-0.09143067827789923,-0.9321973724587185,-0.2127400704810669,0.3092066312228019,0.8928051425442446,-0.8547680054547245,-0.9844501101611365,0.31399580209847877,0.3906220403685672,-0.7259994912713398,-0.13629140292930894,-0.06716392161803442,-0.9962983370564197,0.322194139046167,-0.7427187458184471,0.13343509529209235
387,-0.23791628256520855,-0.9547470570660753,-0.8643884948507213,0.6155840285483213,-0.08583585530865119,-0.9627797789733136,-0.242997179541458,0.28678283932335147,0.84200047512087,-0.8304582183609579,-0.996536118036079,0.32872130291634294,0.3821953550468587,-0.7555778781211848,-0.1826769109293077,-0.07827383080334252,-0.9902606398724338,0.26056356982382334,-0.6421044483874345,0.142347505512888
388,-0.23938894219199439,-0.955919833551683,-0.8694617124039559,0.6261371060923584,-0.08734767187886763,-0.9513863003682569,-0.2550205144340766,0.25222931800584164,0.9478981009842755,-0.8432292764938003,-0.9951947086006091,0.2835298760668033,0.4510675497366564,-0.733284762116873,-0.1304201233845484,-0.12974013774499984,-0.9870372359280319,0.25734477105619136,-0.6496740868827623,0.12366651857704049
389,-0.23687909478474914,-0.9480701313547164,-0.8618203725017803,0.6229011981550118,-0.08598175591880246,-0.8879505851605339,-0.249665382694393,0.25252295934536917,0.8920100046850993,-0.8606925287261418,-0.9896350652948411,0.30946724154212035,0.47375931042496927,-0.7542770042428135,-0.09728978641929913,-0.1190278594111564,-0.9797629797545655,0.16209023441917503,-0.6282513216454256,0.17520409035662068
390,-0.23812207631039894,-0.9555155437158768,-0.858209467894091,0.6093776196669997,-0.08238511544204216,-0.9923880375988333,-0.19339667688511922,0.34500204989589367,0.918970616875098,-0.8709608807534975,-0.978973887907646,0.3179619596989652,0.5185936558116306,-0.7845992258514358,-0.19202767586867353,-0.03326237563925214,-0.989788060200334,0.22297324106601976,-0.6660050493430235,0.21548460660302146
391,-0.23933433995809106,-0.9489471427134221,-0.8647545917152937,0.630423666727131,-0.0852757266533305,-0.9073242036273504,-0.22600346106796002,0.31983528820632173,0.8462962650485576,-0.9348564487721359,-0.9757070416824397,0.30671034596738395,0.5020307319156564,-0.7560245639216344,-0.2481519221358678,0.0008656116845903707,-0.9402513270859039,0.18500615996785427,-0.6881650104820187,0.2392995312840773
392,-0.23933433995809106,-0.9489471427134221,-0.8647545917152937,0.630423666727131,-0.0852757266533305,-0.9073242036273504,-0.22600346106796002,0.31983528820632173,0.8462962650485576,-0.9348564487721359,-0.9757070416824397,0.30671034596738395,0.5020307319156564,-0.7560245639216344,-0.2481519221358678,0.0008656116845903707,-0.9402513270859039,0.18500615996785427,-0.6881650104820187,0.2392995312840773
393,-0.23933433995809106,-0.9489471427134221,-0.8647545917152937,0.630423666727131,-0.0852757266533305,-0.9073242036273504,-0.22600346106796002,0.31983528820632173,0.8462962650485576,-0.9348564487721359,-0.9757070416824397,0.30671034596738395,0.5020307319156564,-0.7560245639216344,-0.2481519221358678,0.0008656116845903707,-0.9402513270859039,0.18500615996785427,-0.6881650104820187,0.2392995312840773
394,-0.23933433995809106,-0.9489471427134221,-0.8647545917152937,0.630423666727131,-0.0852757266533305,-0.9073242036273504,-0.22600346106796002,0.31983528820632173,0.8462962650485576,-0.9348564487721359,-0.9757070416824397,0.30671034596738395,0.5020307319156564,-0.7560245639216344,-0.2481519221358678,0.0008656116845903707,-0.9402513270859039,0.18500615996785427,-0.6881650104820187,0.2392995312840773
395,-0.23933433995809106,-0.9489471427134221,-0.8647545917152937,0.630423666727131,-0.0852757266533305,-0.9073242036273504,-0.22600346106796002,0.31983528820632173,0.8462962650485576,-0.9348564487721359,-0.9757070416824397,0.30671034596738395,0.5020307319156564,-0.7560245639216344,-0.2481519221358678,0.0008656116845903707,-0.9402513270859039,0.18500615996785427,-0.6881650104820187,0.2392995312840773
396,-0.23933433995809106,-0.9489471427134221,-0.8647545917152937,0.630423666727131,-0.0852757266533305,-0.9073242036273504,-0.22600346106796002,0.31983528820632173,0.8462962650485576,-0.9348564487721359,-0.9757070416824397,0.30671034596738395,0.5020307319156564,-0.7560245639216344,-0.2481519221358678,0.0008656116845903707,-0.9402513270859039,0.18500615996785427,-0.6881650104820187,0.2392995312840773
397,-0.2398632714589842,-0.9446807465688362,-0.8673033009292962,0.6178997834616546,-0.0871625533484992,-0.9615632485283994,-0.16553967467518343,0.3830945843235183,0.9582968673538269,-0.9368930680826302,-0.9734469824263586,0.3298801668844261,0.5192000223155034,-0.8242859403115376,-0.3304698798053768,-0.10381889826031238,-0.9605846113027459,0.1396461270950379,-0.7249880559947257,0.17485156353477954
398,-0.2420195568837951,-0.9510627100361327,-0.8637499893195318,0.6205545127513357,-0.08312742619405578,-0.9479050034672969,-0.14607385143953466,0.3965932424187952,0.9248985571029941,-0.9303013863981767,-0.9957958531438321,0.338215568293646,0.5317227693702323,-0.7957666583969792,-0.2793822099482188,-0.11100155294746007,-0.9730939422494714,0.05669711759235631,-0.6484823721615998,0.24415464796385924
399,-0.24278053288258428,-0.9507501685429119,-0.8708050404041546,0.6192228488008036,-0.09065740808525145,-0.9924604959328187,-0.11905433597814172,0.26551035707375703,0.9159995251339397,-0.9684164028074471,-0.948345764215934,0.3257972014123739,0.5709541399865586,-0.909557209089993,-0.30497487364242104,-0.03328728150756759,-0.8834598511565035,0.061335233602188385,-0.709922037285322,0.23577677121621046
400,-0.24278053288258428,-0.9507501685429119,-0.8708050404041546,0.6192228488008036,-0.09065740808525145,-0.9924604959328187,-0.11905433597814172,0.26551035707375703,0.9159995251339397,-0.9684164028074471,-0.948345764215934,0.3257972014123739,0.5709541399865586,-0.909557209089993,-0.30497487364242104,-0.03328728150756759,-0.8834598511565035,0.061335233602188385,-0.709922037285322,0.23577677121621046
401,-0.24653891859055457,-0.9517539215004435,-0.8677601969602822,0.6292050621490846,-0.08592425582178403,-0.9730905882220323,-0.13659734265127685,0.23547559885487196,0.8087718678272583,-0.9307820904746692,-0.9671075034606902,0.3831544222750404,0.606765640063879,-0.8907420387946088,-0.3746162513916815,-0.04471445643491183,-0.9350361919017504,-0.08437151898628076,-0.6213195074152186,0.2980163704833165
402,-0.25213314587262475,-0.9530615204190663,-0.8759819728121564,0.6261527427481495,-0.08335478834143809,-0.990699872288458,-0.1354400276183178,0.2598379912021047,0.8159120234702939,-0.9788347237298276,-0.9869583965738854,0.311384353163341,0.7013947557862038,-0.8665599846641667,-0.3931089860999794,0.036514709873046676,-0.808642768338298,-0.03716522895143554,-0.6585825869830766,0.2509558364553856
403,-0.2528528231279858,-0.9528637158395048,-0.8737305096526822,0.6343982391002837,-0.08813715180100079,-0.933940536945789,-0.11913892899769633,0.2782192645103186,0.8375629438075375,-0.9627399375624156,-0.9870542656131159,0.35696289058724334,0.7173040673520418,-0.8299881015910477,-0.3688881157299461,-0.04646963488360138,-0.9027865796822733,-0.12734342006768945,-0.579531300490441,0.3253067852642252
404,-0.2528528231279858,-0.9528637158395048,-0.8737305096526822,0.6343982391002837,-0.08813715180100079,-0.933940536945789,-0.11913892899769633,0.2782192645103186,0.8375629438075375,-0.9627399375624156,-0.9870542656131159,0.35696289058724334,0.7173040673520418,-0.8299881015910477,-0.3688881157299461,-0.04646963488360138,-0.9027865796822733,-0.12734342006768945,-0.579531300490441,0.3253067852642252
405,-0.251460732577254,-0.9547099430867891,-0.8833462280079836,0.6415367140085375,-0.0935366413927458,-0.8417345399611145,-0.12264603998924468,0.3304451571449992,0.8108059313415452,-0.9840823844038407,-0.9614935486824515,0.3555592899314104,0.7380810992669631,-0.9032999244479416,-0.327449044779265,-0.05178385245506349,-0.8397141363602237,-0.16891714021273624,-0.6816945094099273,0.27637205478591353
406,-0.2502333687135053,-0.9414285541970577,-0.8774254934448239,0.6109458704346625,-0.08262268600548228,-0.7760337050773428,-0.07854097840898178,0.43677510272155756,0.9243579769981219,-0.9442426139045349,-0.9824324461766755,0.37839796374763535,0.7500879760876471,-0.8405800413705091,-0.3048992392454244,-0.10909223445446883,-0.8850844001359789,-0.25974170473760727,-0.5897967489986261,0.36663644870808965
407,-0.2502333687135053,-0.9414285541970577,-0.8774254934448239,0.6109458704346625,-0.08262268600548228,-0.7760337050773428,-0.07854097840898178,0.43677510272155756,0.9243579769981219,-0.9442426139045349,-0.9824324461766755,0.37839796374763535,0.7500879760876471,-0.8405800413705091,-0.3048992392454244,-0.10909223445446883,-0.8850844001359789,-0.25974170473760727,-0.5897967489986261,0.36663644870808965
408,-0.2502333687135053,-0.9414285541970577,-0.8774254934448239,0.6109458704346625,-0.08262268600548228,-0.7760337050773428,-0.07854097840898178,0.43677510272155756,0.9243579769981219,-0.9442426139045349,-0.9824324461766755,0.37839796374763535,0.7500879760876471,-0.8405800413705091,-0.3048992392454244,-0.10909223445446883,-0.8850844001359789,-0.25974170473760727,-0.5897967489986261,0.36663644870808965
409,-0.24865120513317723,-0.9608184233469274,-0.8726936253590576,0.6348073779838551,-0.09408991216873377,-0.814882844730605,-0.16621050870763335,0.42399738049440966,0.9352572675173736,-0.9970089280205802,-0.965973505725527,0.30212133154463305,0.7098135988411122,-0.9160398054834731,-0.3056289269960824,-0.09560720260813049,-0.894583217907923,-0.19377297402801413,-0.6522549221589735,0.25153395969841824
410,-0.24865120513317723,-0.9608184233469274,-0.8726936253590576,0.6348073779838551,-0.09408991216873377,-0.814882844730605,-0.16621050870763335,0.42399738049440966,0.9352572675173736,-0.9970089280205802,-0.965973505725527,0.30212133154463305,0.7098135988411122,-0.9160398054834731,-0.3056289269960824,-0.09560720260813049,-0.894583217907923,-0.19377297402801413,-0.6522549221589735,0.25153395969841824
411,-0.24865120513317723,-0.9608184233469274,-0.8726936253590576,0.6348073779838551,-0.09408991216873377,-0.814882844730605,-0.16621050870763335,0.42399738049440966,0.9352572675173736,-0.9970089280205802,-0.965973505725527,0.30212133154463305,0.7098135988411122,-0.9160398054834731,-0.3056289269960824,-0.09560720260813049,-0.894583217907923,-0.19377297402801413,-0.6522549221589735,0.25153395969841824
412,-0.24806634904818303,-0.9422397288763724,-0.874332599840638,0.6181334816394374,-0.08501239519056665,-0.8488989899549906,-0.04123520416804511,0.4206939389615734,0.9039462999367621,-0.9674819732244503,-0.8888506363512875,0.3500984743082678,0.698702514867605,-0.8532316637622314,-0.2809519498157837,0.08073425225194183,-0.928111806833592,-0.16354815404931017,-0.56871705933145,0.22733030550056965
413,-0.25522397098389016,-0.9516581588825557,-0.8690281023678432,0.6320941970242292,-0.09242797838639742,-0.9070711079405119,-0.08960313576185627,0.4869187417523179,0.8229980570866555,-0.9007453903962639,-0.9278505014193477,0.3794514284193105,0.7771438064240631,-0.8928808171681439,-0.32967699460845407,0.0670119962043479,-0.8905885244892507,-0.20869727310749428,-0.5996165087113867,0.17830589147586257
414,-0.24708557259544406,-0.9385809855530055,-0.8768194148322486,0.6159549146060254,-0.08854655562809863,-0.8437940088401513,-0.029376033736905574,0.49905864855116694,0.8711698604801155,-0.9781164571681522,-0.9528706101602202,0.307170306247638,0.7304701183734309,-0.9054094267638989,-0.2819055286174953,0.050291127634985174,-0.8936844484557531,-0.2751151501098991,-0.5523860096335763,0.19456883165702776
415,-0.24708557259544406,-0.9385809855530055,-0.8768194148322486,0.6159549146060254,-0.08854655562809863,-0.8437940088401513,-0.029376033736905574,0.49905864855116694,0.8711698604801155,-0.9781164571681522,-0.9528706101602202,0.307170306247638,0.7304701183734309,-0.9054094267638989,-0.2819055286174953,0.050291127634985174,-0.8936844484557531,-0.2751151501098991,-0.5523860096335763,0.19456883165702776
416,-0.2487208292978846,-0.9470314119736309,-0.8741484224538655,0.6276109121813677,-0.09222668847319168,-0.8371123701459966,-0.10206055887573477,0.5528460802611344,0.8639566594009148,-0.9290870940539755,-0.9707781106103377,0.2084880979492318,0.8178490605876243,-0.896738358281678,-0.2931733395748593,0.08543428495853132,-0.8913831669499093,-0.27493274418059854,-0.488188887636567,0.124429898812496
417,-0.2487208292978846,-0.9470314119736309,-0.8741484224538655,0.6276109121813677,-0.09222668847319168,-0.8371123701459966,-0.10206055887573477,0.5528460802611344,0.8639566594009148,-0.9290870940539755,-0.9707781106103377,0.2084880979492318,0.8178490605876243,-0.896738358281678,-0.2931733395748593,0.08543428495853132,-0.8913831669499093,-0.27493274418059854,-0.488188887636567,0.124429898812496
418,-0.2487208292978846,-0.9470314119736309,-0.8741484224538655,0.6276109121813677,-0.09222668847319168,-0.8371123701459966,-0.10206055887573477,0.5528460802611344,0.8639566594009148,-0.9290870940539755,-0.9707781106103377,0.2084880979492318,0.8178490605876243,-0.896738358281678,-0.2931733395748593,0.08543428495853132,-0.8913831669499093,-0.27493274418059854,-0.488188887636567,0.124429898812496
419,-0.2487208292978846,-0.9470314119736309,-0.8741484224538655,0.6276109121813677,-0.09222668847319168,-0.8371123701459966,-0.10206055887573477,0.5528460802611344,0.8639566594009148,-0.9290870940539755,-0.9707781106103377,0.2084880979492318,0.8178490605876243,-0.896738358281678,-0.2931733395748593,0.08543428495853132,-0.8913831669499093,-0.27493274418059854,-0.488188887636567,0.124429898812496
420,-0.25276178787117937,-0.9378539032851996,-0.8767589768783443,0.6202879989655348,-0.08109001692537711,-0.8390995890189883,-0.04001514469804017,0.48478239097856474,0.8239696300244049,-0.8919568552313398,-0.9900019916370982,0.24755450408091845,0.8617473998269237,-0.8666667091270188,-0.2491226752411082,0.14380174840801732,-0.8245985698764345,-0.32625107912510387,-0.4606746705551596,0.23866541180631254
421,-0.25276178787117937,-0.9378539032851996,-0.8767589768783443,0.6202879989655348,-0.08109001692537711,-0.8390995890189883,-0.04001514469804017,0.48478239097856474,0.8239696300244049,-0.8919568552313398,-0.9900019916370982,0.24755450408091845,0.8617473998269237,-0.8666667091270188,-0.2491226752411082,0.14380174840801732,-0.8245985698764345,-0.32625107912510387,-0.4606746705551596,0.23866541180631254
422,-0.25276178787117937,-0.9378539032851996,-0.8767589768783443,0.6202879989655348,-0.08109001692537711,-0.8390995890189883,-0.04001514469804017,0.48478239097856474,0.8239696300244049,-0.8919568552313398,-0.9900019916370982,0.24755450408091845,0.8617473998269237,-0.8666667091270188,-0.2491226752411082,0.14380174840801732,-0.8245985698764345,-0.32625107912510387,-0.4606746705551596,0.23866541180631254
423,-0.25010886830186285,-0.9450758025640337,-0.8730007983696461,0.6258911918890943,-0.09091708271497224,-0.7827550113335522,-0.017592835963299108,0.6408488035207883,0.8688026070170607,-0.820587629670988,-0.969181442732086,0.2683341535092167,0.8908800471947493,-0.8844753882250036,-0.22424447993054714,0.15979430644036555,-0.9055500498267219,-0.31301025759208934,-0.5307071985742537,0.23019790544548885
424,-0.24564339751956685,-0.9316921742923103,-0.8816116983957608,0.6159957449563067,-0.08391078306429609,-0.7202227875349483,-0.013595249499503293,0.5882040802190578,0.9043912612015897,-0.8656747348486679,-0.9917563342535218,0.25530189685195503,0.9173017203181343,-0.8251677856375046,-0.31699724381892336,0.07199722720854024,-0.9435661165483848,-0.3507363026331546,-0.5335114360090738,0.20108633352233232
425,-0.24877368042953119,-0.9426077534515832,-0.8721884933393378,0.6283380991255039,-0.0902798084973535,-0.6817622420477494,-0.10065641077111648,0.6337057323159836,0.953507276677048,-0.9202170959340048,-0.9991054843199936,0.25654554520443723,0.946498989308943,-0.7933056995693798,-0.275853948399478,0.0034853401642458226,-0.9208752855794108,-0.34147439990336836,-0.5804820414563657,0.2874494906812534
426,-0.24543862079028395,-0.9385885511024722,-0.8748080163740893,0.6193940793740275,-0.08236192178876668,-0.781501924447689,-0.11365612528277591,0.6075604599985629,0.9071019599080754,-0.9918561305617228,-0.9954885438620217,0.31174690998196936,0.8579699324172195,-0.7706237744110572,-0.3403364743379714,0.0013768518618012034,-0.8850956109107084,-0.2740826099062013,-0.5888775568547633,0.2633770119306988
427,-0.24543862079028395,-0.9385885511024722,-0.8748080163740893,0.6193940793740275,-0.08236192178876668,-0.781501924447689,-0.11365612528277591,0.6075604599985629,0.9071019599080754,-0.9918561305617228,-0.9954885438620217,0.31174690998196936,0.8579699324172195,-0.7706237744110572,-0.3403364743379714,0.0013768518618012034,-0.8850956109107084,-0.2740826099062013,-0.5888775568547633,0.2633770119306988
428,-0.24543862079028395,-0.9385885511024722,-0.8748080163740893,0.6193940793740275,-0.08236192178876668,-0.781501924447689,-0.11365612528277591,0.6075604599985629,0.9071019599080754,-0.9918561305617228,-0.9954885438620217,0.31174690998196936,0.8579699324172195,-0.7706237744110572,-0.3403364743379714,0.0013768518618012034,-0.8850956109107084,-0.2740826099062013,-0.5888775568547633,0.2633770119306988
429,-0.24543862079028395,-0.9385885511024722,-0.8748080163740893,0.6193940793740275,-0.08236192178876668,-0.781501924447689,-0.11365612528277591,0.6075604599985629,0.9071019599080754,-0.9918561305617228,-0.9954885438620217,0.31174690998196936,0.8579699324172195,-0.7706237744110572,-0.3403364743379714,0.0013768518618012034,-0.8850956109107084,-0.2740826099062013,-0.5888775568547633,0.2633770119306988
430,-0.25028974755197114,-0.9450027574394967,-0.8696702999766892,0.6298784802004772,-0.09287619081981453,-0.6981217940666474,-0.07720737567565754,0.5313208995181659,0.8851920688796455,-0.8730734046247134,-0.9797544775527247,0.31519293570273355,0.8345222090790045,-0.8313196016758628,-0.22265800832602287,-0.030233324188904027,-0.8901766035151396,-0.2945794602998585,-0.5939311610075664,0.281842193510959
431,-0.24260943095526769,-0.937753156944447,-0.8755982843676224,0.6234939576028149,-0.08256604852839279,-0.7552804707950258,-0.09026023308758757,0.5291685215374093,0.9036505600075967,-0.982011848772669,-0.9726072590565578,0.24186097489483316,0.7065544101526776,-0.9179815132874314,-0.2531986321618063,-0.044906987719292184,-0.8602939153309971,-0.3300079029946073,-0.5432472598903602,0.18936344533466187
432,-0.24260943095526769,-0.937753156944447,-0.8755982843676224,0.6234939576028149,-0.08256604852839279,-0.7552804707950258,-0.09026023308758757,0.5291685215374093,0.9036505600075967,-0.982011848772669,-0.9726072590565578,0.24186097489483316,0.7065544101526776,-0.9179815132874314,-0.2531986321618063,-0.044906987719292184,-0.8602939153309971,-0.3300079029946073,-0.5432472598903602,0.18936344533466187
433,-0.2393621011274617,-0.9379085497666795,-0.865908258260772,0.6283168588391173,-0.09228232254463518,-0.8080039034651861,-0.056091928906790336,0.6185579935429545,0.9374418770025165,-0.9137922713493273,-0.9980276880088728,0.2220949559942019,0.7112505727843738,-0.9140683942540225,-0.20825103933805839,-0.005485290776764428,-0.9063328789552095,-0.2691524611569213,-0.5195293222427169,0.18075581701300175
434,-0.2393621011274617,-0.9379085497666795,-0.865908258260772,0.6283168588391173,-0.09228232254463518,-0.8080039034651861,-0.056091928906790336,0.6185579935429545,0.9374418770025165,-0.9137922713493273,-0.9980276880088728,0.2220949559942019,0.7112505727843738,-0.9140683942540225,-0.20825103933805839,-0.005485290776764428,-0.9063328789552095,-0.2691524611569213,-0.5195293222427169,0.18075581701300175
435,-0.2393621011274617,-0.9379085497666795,-0.865908258260772,0.6283168588391173,-0.09228232254463518,-0.8080039034651861,-0.056091928906790336,0.6185579935429545,0.9374418770025165,-0.9137922713493273,-0.9980276880088728,0.2220949559942019,0.7112505727843738,-0.9140683942540225,-0.20825103933805839,-0.005485290776764428,-0.9063328789552095,-0.2691524611569213,-0.5195293222427169,0.18075581701300175
436,-0.2393621011274617,-0.9379085497666795,-0.865908258260772,0.6283168588391173,-0.09228232254463518,-0.8080039034651861,-0.056091928906790336,0.6185579935429545,0.9374418770025165,-0.9137922713493273,-0.9980276880088728,0.2220949559942019,0.7112505727843738,-0.9140683942540225,-0.20825103933805839,-0.005485290776764428,-0.9063328789552095,-0.2691524611569213,-0.5195293222427169,0.18075581701300175
437,-0.24179954990851782,-0.9348109083109931,-0.868416214462503,0.6184658233593496,-0.09029595143888242,-0.7463898917593393,-0.09064742322513004,0.6306238118018727,0.9768975523014956,-0.9501102279842626,-0.9436507476768986,0.21063052710650115,0.7418558120012408,-0.8957461124340118,-0.17180965816131108,-0.0065913101640153035,-0.9170477099245394,-0.3263976688690359,-0.5248821112299943,0.22034197123354765
438,-0.24179954990851782,-0.9348109083109931,-0.868416214462503,0.6184658233593496,-0.09029595143888242,-0.7463898917593393,-0.09064742322513004,0.6306238118018727,0.9768975523014956,-0.9501102279842626,-0.9436507476768986,0.21063052710650115,0.7418558120012408,-0.8957461124340118,-0.17180965816131108,-0.0065913101640153035,-0.9170477099245394,-0.3263976688690359,-0.5248821112299943,0.22034197123354765
439,-0.23558753514229047,-0.9386022730772576,-0.8730875889501916,0.6257381657253881,-0.09340684808584013,-0.7393818948530059,-0.0943428401578032,0.5912969645546071,0.9955383771545531,-0.9615125278115261,-0.9423977875367726,0.1899525951528763,0.7525283950139078,-0.8927532529935834,-0.19002799402202428,-0.016386575310672814,-0.9274664225044401,-0.3075633165028409,-0.5371945193554437,0.1947276461491934
440,-0.243280803469304,-0.9406681421075217,-0.8749034122127151,0.6223380053195771,-0.08545128274931667,-0.7671090243831538,-0.1130280706507008,0.5447817351455804,0.9593563962719227,-0.9490731017264659,-0.9478948301753961,0.22174846470843335,0.7737376037837439,-0.8475203372832069,-0.21839255969292704,-0.02049392449550858,-0.8621647486624827,-0.34415845725565203,-0.4935868541242762,0.20344120697444756
441,-0.243280803469304,-0.9406681421075217,-0.8749034122127151,0.6223380053195771,-0.08545128274931667,-0.7671090243831538,-0.1130280706507008,0.5447817351455804,0.9593563962719227,-0.9490731017264659,-0.9478948301753961,0.22174846470843335,0.7737376037837439,-0.8475203372832069,-0.21839255969292704,-0.02049392449550858,-0.8621647486624827,-0.34415845725565203,-0.4935868541242762,0.20344120697444756
442,-0.243280803469304,-0.9406681421075217,-0.8749034122127151,0.6223380053195771,-0.08545128274931667,-0.7671090243831538,-0.1130280706507008,0.5447817351455804,0.9593563962719227,-0.9490731017264659,-0.9478948301753961,0.22174846470843335,0.7737376037837439,-0.8475203372832069,-0.21839255969292704,-0.02049392449550858,-0.8621647486624827,-0.34415845725565203,-0.4935868541242762,0.20344120697444756
443,-0.2463810212834454,-0.936656978523199,-0.8756055769222632,0.6303778805686606,-0.09513520745538989,-0.724099013703286,-0.04432587474068723,0.5177979988538071,0.8864688449825323,-0.8724145085313179,-0.9856685845205755,0.16240492059785663,0.7557542977286213,-0.9595326075071494,-0.18874765238578253,-0.011226104264314567,-0.9116562758061011,-0.33330352968682353,-0.47686342099340673,0.14591944033779494
444,-0.23420076213502383,-0.9403806413809688,-0.8743947592180623,0.6189508805449375,-0.09195099664436134,-0.7529968711833718,-0.05391499636499687,0.4981223722404043,0.9789205405575719,-0.9441234731418667,-0.9350231092219613,0.107676333599561,0.7403838005367279,-0.9980398198807873,-0.17000699070334688,0.06896855814951273,-0.8797036709923077,-0.3888741631416297,-0.4167607375143609,0.19841278608098634
445,-0.23420076213502383,-0.9403806413809688,-0.8743947592180623,0.6189508805449375,-0.09195099664436134,-0.7529968711833718,-0.05391499636499687,0.4981223722404043,0.9789205405575719,-0.9441234731418667,-0.9350231092219613,0.107676333599561,0.7403838005367279,-0.9980398198807873,-0.17000699070334688,0.06896855814951273,-0.8797036709923077,-0.3888741631416297,-0.4167607375143609,0.19841278608098634
446,-0.23420076213502383,-0.9403806413809688,-0.8743947592180623,0.6189508805449375,-0.09195099664436134,-0.7529968711833718,-0.05391499636499687,0.4981223722404043,0.9789205405575719,-0.9441234731418667,-0.9350231092219613,0.107676333599561,0.7403838005367279,-0.9980398198807873,-0.17000699070334688,0.06896855814951273,-0.8797036709923077,-0.3888741631416297,-0.4167607375143609,0.19841278608098634
447,-0.24089982092769963,-0.9405333321077476,-0.8770515016650311,0.6290513725510856,-0.09633578844525355,-0.7630759301267572,-0.06388966309589207,0.4771988304803709,0.9890952534905503,-0.8865684625618914,-0.9862454631845341,0.05054799965505212,0.8216535945514815,-0.992130352315187,-0.17623079503224842,0.06155033736729391,-0.9121539551813254,-0.33628051730978004,-0.39434058176310977,0.1994470016309268
448,-0.24587972476283013,-0.9398607097228046,-0.8818915310769492,0.6159300464899167,-0.09023907555492171,-0.7295054710476792,-0.06539022800282251,0.35187162045751985,0.9191969553463079,-0.9215829497701816,-0.8639785929970728,0.12738602716517575,0.8397568210516231,-0.9156537468928073,-0.24532201133599568,0.11634602056342382,-0.9589096818419333,-0.3210219844850509,-0.44187702746174223,0.1255925972951433
449,-0.243541405812628,-0.9376731019684045,-0.8770498935861911,0.6285452045777316,-0.10000097583448363,-0.7857877342945554,-0.11562623416282439,0.3904051022456975,0.9286258581171981,-0.8839394901831235,-0.9299837814138314,0.10807556572396478,0.8445231176963249,-0.8766969311374783,-0.2187022520507682,0.09593658857325545,-0.9384621560753764,-0.2533811445271139,-0.457687656722532,0.15684347524472092
450,-0.24596451474938308,-0.9492835840354207,-0.8734257727869297,0.6148654013076457,-0.0843685217659988,-0.8167016665607832,-0.14209076547238866,0.3683549730650114,0.9187954741473706,-0.9127019297555936,-0.9285651293456649,0.11083054115777263,0.8581827402011503,-0.8287208200683535,-0.25631267543132313,0.10629843902625752,-0.9255175351280759,-0.26505472457406565,-0.4392805889570195,0.17176764096829328
451,-0.24596451474938308,-0.9492835840354207,-0.8734257727869297,0.6148654013076457,-0.0843685217659988,-0.8167016665607832,-0.14209076547238866,0.3683549730650114,0.9187954741473706,-0.9127019297555936,-0.9285651293456649,0.11083054115777263,0.8581827402011503,-0.8287208200683535,-0.25631267543132313,0.10629843902625752,-0.9255175351280759,-0.26505472457406565,-0.4392805889570195,0.17176764096829328
452,-0.23894753307608504,-0.9445540326055138,-0.8720048985343861,0.6344860662306469,-0.09497441119969648,-0.8391662877330219,-0.1727425519244281,0.41076810213264486,0.942779571158052,-0.926286295518251,-0.8400907290558051,0.12244905095154178,0.8401035001615429,-0.8312361492358844,-0.15386171709980764,0.13085940901979734,-0.9449913087727531,-0.24935392835472903,-0.45338732366980655,0.113672414227047
453,-0.24428895249734864,-0.943114092899184,-0.8721764985750553,0.6189259804724819,-0.08032881322785212,-0.7951137459628842,-0.15276292839671848,0.4287890458704323,0.9116687455749761,-0.8981822535654277,-0.9219086764362047,0.1124169996740988,0.8216717814577267,-0.8009226838517274,-0.2222815901922875,0.10847735500949011,-0.9241366640009969,-0.22367094685637381,-0.4300261122077928,0.11666862188286738
454,-0.24761033029925508,-0.9478093299073105,-0.8692678179238268,0.635511351072569,-0.08679016047321245,-0.7803712983476581,-0.1462502587116676,0.3803913432793906,0.8846883679454625,-0.843486414583478,-0.9610629254059257,0.0852309976457665,0.7791179691428761,-0.8781950383880777,-0.13473875299510657,0.055925194007589274,-0.8700245418633076,-0.2660485644573841,-0.3943870946623683,0.09021002608957507
455,-0.24761033029925508,-0.9478093299073105,-0.8692678179238268,0.635511351072569,-0.08679016047321245,-0.7803712983476581,-0.1462502587116676,0.3803913432793906,0.8846883679454625,-0.843486414583478,-0.9610629254059257,0.0852309976457665,0.7791179691428761,-0.8781950383880777,-0.13473875299510657,0.055925194007589274,-0.8700245418633076,-0.2660485644573841,-0.3943870946623683,0.09021002608957507
456,-0.24433814451707173,-0.9459416929020965,-0.8702438695744793,0.6222437015419747,-0.07814825475876402,-0.8060243225347266,-0.12848484039080005,0.41193562168720316,0.8972084295739458,-0.8544422866549607,-0.9527920443063378,0.14588640471927247,0.7922171506259333,-0.833406954343608,-0.15756303837710386,0.07555384027162082,-0.878530202821131,-0.247886312014957,-0.41573788098114295,0.16455172728554612
457,-0.24433814451707173,-0.9459416929020965,-0.8702438695744793,0.6222437015419747,-0.07814825475876402,-0.8060243225347266,-0.12848484039080005,0.41193562168720316,0.8972084295739458,-0.8544422866549607,-0.9527920443063378,0.14588640471927247,0.7922171506259333,-0.833406954343608,-0.15756303837710386,0.07555384027162082,-0.878530202821131,-0.247886312014957,-0.41573788098114295,0.16455172728554612
458,-0.24433814451707173,-0.9459416929020965,-0.8702438695744793,0.6222437015419747,-0.07814825475876402,-0.8060243225347266,-0.12848484039080005,0.41193562168720316,0.8972084295739458,-0.8544422866549607,-0.9527920443063378,0.14588640471927247,0.7922171506259333,-0.833406954343608,-0.15756303837710386,0.07555384027162082,-0.878530202821131,-0.247886312014957,-0.41573788098114295,0.16455172728554612
459,-0.24500828144112155,-0.942601932093272,-0.8715518686345809,0.6311165269600912,-0.09128855109991087,-0.7137765450464653,-0.09369849903392717,0.42041527170245124,0.8645914107766105,-0.8562397089929028,-0.9692434071601351,0.1607705327843644,0.7590341107219228,-0.8662580616607484,-0.1653212333703216,0.006808199815260745,-0.913176598330099,-0.279170298809162,-0.47742564005790106,0.09594482510595304
460,-0.2447267953154962,-0.9370230971019126,-0.8667325519244736,0.6194206164416013,-0.08998845799582715,-0.7368305465095403,-0.10682469169225225,0.4055514781429838,0.8699821186593819,-0.781100237516592,-0.9965663721885087,0.11111167760300454,0.7382129454373717,-0.8859425751805888,-0.19283706520209495,0.026731623346477953,-0.9189494184563304,-0.21022760179732075,-0.38868167317223673,0.06825712322627525
461,-0.23946803632501276,-0.9362393926288419,-0.8782976721742437,0.6300785825274159,-0.09604317807332806,-0.709231277039345,-0.09738494052585318,0.37230493772507844,0.8642887629792512,-0.8729042884756577,-0.8836638196089389,0.13048816403779323,0.7808396804861992,-0.8590035978442523,-0.20885608010087,0.13538377352553083,-0.9595833142026235,-0.2108150702475239,-0.4915084850259389,0.03964336924952877
462,-0.23946803632501276,-0.9362393926288419,-0.8782976721742437,0.6300785825274159,-0.09604317807332806,-0.709231277039345,-0.09738494052585318,0.37230493772507844,0.8642887629792512,-0.8729042884756577,-0.8836638196089389,0.13048816403779323,0.7808396804861992,-0.8590035978442523,-0.20885608010087,0.13538377352553083,-0.9595833142026235,-0.2108150702475239,-0.4915084850259389,0.03964336924952877
463,-0.23946803632501276,-0.9362393926288419,-0.8782976721742437,0.6300785825274159,-0.09604317807332806,-0.709231277039345,-0.09738494052585318,0.37230493772507844,0.8642887629792512,-0.8729042884756577,-0.8836638196089389,0.13048816403779323,0.7808396804861992,-0.8590035978442523,-0.20885608010087,0.13538377352553083,-0.9595833142026235,-0.2108150702475239,-0.4915084850259389,0.03964336924952877
464,-0.23738754268887666,-0.9504526091177168,-0.8782250951636836,0.622383345050523,-0.08661362751846531,-0.7453019833563683,-0.1032846934817679,0.28425741719893516,0.88891118300383,-0.9108773153396815,-0.8818051138093254,0.1108276041550451,0.7810374859762935,-0.8874557313773567,-0.2633170584618274,0.18055415058453217,-0.9761408885799134,-0.1216648826935317,-0.508017208882201,0.16721578693724182
465,-0.23541232226286882,-0.9472567273319243,-0.8736396000334109,0.6195957169955806,-0.09151752573144915,-0.7800972420124833,-0.15443812638816723,0.2244261405665275,0.9360780295464061,-0.8892404551506004,-0.8220968354999983,0.1516272697726687,0.7496368908678188,-0.8566828445594428,-0.12683658641614962,0.1163057010298422,-0.9642981087497531,-0.16298086324566463,-0.4933844322661995,0.19301720412855863
466,-0.23541232226286882,-0.9472567273319243,-0.8736396000334109,0.6195957169955806,-0.09151752573144915,-0.7800972420124833,-0.15443812638816723,0.2244261405665275,0.9360780295464061,-0.8892404551506004,-0.8220968354999983,0.1516272697726687,0.7496368908678188,-0.8566828445594428,-0.12683658641614962,0.1163057010298422,-0.9642981087497531,-0.16298086324566463,-0.4933844322661995,0.19301720412855863
467,-0.23604092001007396,-0.9486082161540361,-0.8730345527753058,0.6410365814006287,-0.10279782217283893,-0.8488156231533751,-0.1547148641473411,0.24948734176066154,0.8836078328714052,-0.9447861936226162,-0.9148254314094719,0.1403948748869538,0.7115260011076103,-0.9290265076613887,-0.18880920072611845,0.06653398781108007,-0.9214948508199158,-0.1558187528518207,-0.5155969478453999,0.19141529462830748
468,-0.2437364052649475,-0.9602398491278626,-0.863966203628356,0.6184592858034662,-0.08949195923866633,-0.909062047764708,-0.20501962267342014,0.20718144816321063,0.9389439916459201,-0.9306021821502501,-0.9139877757071915,0.16937993605553844,0.6934769055179183,-0.8455432071452126,-0.18701967185657534,-0.059570837695187645,-0.9018044003877831,-0.2068225468215802,-0.4384740848540017,0.1471553627500964
469,-0.24146049058757035,-0.9468346895658734,-0.8730606292186853,0.6438837764194523,-0.09322566753754669,-0.9317157886083052,-0.16493682887798874,0.24547789408670995,0.885493567943747,-0.9191419988567531,-0.9777879844004752,0.222799172632177,0.6822633618729301,-0.9179814030636076,-0.23138831638833302,-0.0832381361931358,-0.8145530867752012,-0.2438179789295385,-0.4708932746947823,0.15846976033944277
470,-0.24193666662877225,-0.9562958430060357,-0.869223342551487,0.6227901094542432,-0.0857635643897246,-0.94198585528001,-0.08363219805541625,0.28325794973118107,0.8185514212372332,-0.9133708112327269,-0.9957922973782071,0.23222609626463786,0.6955996879543548,-0.953756508707949,-0.23297640174832135,-0.005894531415019593,-0.8622978272575632,-0.2676283227943987,-0.46235076233399097,0.20645481401019414
471,-0.24193666662877225,-0.9562958430060357,-0.869223342551487,0.6227901094542432,-0.0857635643897246,-0.94198585528001,-0.08363219805541625,0.28325794973118107,0.8185514212372332,-0.9133708112327269,-0.9957922973782071,0.23222609626463786,0.6955996879543548,-0.953756508707949,-0.23297640174832135,-0.005894531415019593,-0.8622978272575632,-0.2676283227943987,-0.46235076233399097,0.20645481401019414
472,-0.24193666662877225,-0.9562958430060357,-0.869223342551487,0.6227901094542432,-0.0857635643897246,-0.94198585528001,-0.08363219805541625,0.28325794973118107,0.8185514212372332,-0.9133708112327269,-0.9957922973782071,0.23222609626463786,0.6955996879543548,-0.953756508707949,-0.23297640174832135,-0.005894531415019593,-0.8622978272575632,-0.2676283227943987,-0.46235076233399097,0.20645481401019414
473,-0.24193666662877225,-0.9562958430060357,-0.869223342551487,0.6227901094542432,-0.0857635643897246,-0.94198585528001,-0.08363219805541625,0.28325794973118107,0.8185514212372332,-0.9133708112327269,-0.9957922973782071,0.23222609626463786,0.6955996879543548,-0.953756508707949,-0.23297640174832135,-0.005894531415019593,-0.8622978272575632,-0.2676283227943987,-0.46235076233399097,0.20645481401019414
474,-0.24574104959089857,-0.9563432121060638,-0.8769876601929688,0.6396474415901025,-0.08679330534802707,-0.8987351634088556,-0.08301085026527498,0.24956461429821833,0.8475732465983543,-0.9184544681862253,-0.972938885386543,0.31006047035217704,0.6971844970744466,-0.9103860092307177,-0.2843858942332118,-0.02245735455204424,-0.8198536109669627,-0.25068345872720765,-0.5331371258703006,0.20845758778434093
475,-0.24300298637128367,-0.9485938938687462,-0.8687327428105472,0.6217601635918364,-0.08958350250102592,-0.8805605296766907,-0.13258803812949313,0.3563994243311326,0.8877510633297195,-0.8891480667954563,-0.9475447197540732,0.3159637565051643,0.6623432193869615,-0.9540821814011854,-0.2889989416455633,-0.02339076022670871,-0.8490141619327318,-0.18205186098021758,-0.5504380057898489,0.17827790218876313
476,-0.23651085779276718,-0.9485738726568991,-0.8698541160840607,0.6237251595220558,-0.09179247835568759,-0.9191991029368823,-0.0890270699407144,0.43142955644352415,0.9069812267049481,-0.9723885251143669,-0.9702574216148125,0.2831633357471415,0.632591653439975,-0.8884597221993613,-0.29182408053712444,-0.0518265773806367,-0.9335560084688133,-0.14972600756128493,-0.5556555036151966,0.1706617489461087
477,-0.23651085779276718,-0.9485738726568991,-0.8698541160840607,0.6237251595220558,-0.09179247835568759,-0.9191991029368823,-0.0890270699407144,0.43142955644352415,0.9069812267049481,-0.9723885251143669,-0.9702574216148125,0.2831633357471415,0.632591653439975,-0.8884597221993613,-0.29182408053712444,-0.0518265773806367,-0.9335560084688133,-0.14972600756128493,-0.5556555036151966,0.1706617489461087
478,-0.23651085779276718,-0.9485738726568991,-0.8698541160840607,0.6237251595220558,-0.09179247835568759,-0.9191991029368823,-0.0890270699407144,0.43142955644352415,0.9069812267049481,-0.9723885251143669,-0.9702574216148125,0.2831633357471415,0.632591653439975,-0.8884597221993613,-0.29182408053712444,-0.0518265773806367,-0.9335560084688133,-0.14972600756128493,-0.5556555036151966,0.1706617489461087
479,-0.23651085779276718,-0.9485738726568991,-0.8698541160840607,0.6237251595220558,-0.09179247835568759,-0.9191991029368823,-0.0890270699407144,0.43142955644352415,0.9069812267049481,-0.9723885251143669,-0.9702574216148125,0.2831633357471415,0.632591653439975,-0.8884597221993613,-0.29182408053712444,-0.0518265773806367,-0.9335560084688133,-0.14972600756128493,-0.5556555036151966,0.1706617489461087
480,-0.24205817074664568,-0.9522717164784844,-0.8662906467831487,0.6240022475658521,-0.09432889017919707,-0.9016693180842353,-0.10777175048176069,0.3603020964325964,0.8788299974249836,-0.9307854497845605,-0.9428588788344404,0.27033758655623663,0.5934274627003985,-0.9714614242322848,-0.268394462476688,-0.027588363440161315,-0.9425190304266858,-0.08427756432440307,-0.5872774828521848,0.1465127516814552
481,-0.24286311229424143,-0.9454377752196683,-0.8727665299182116,0.6341502083558248,-0.09045097471642072,-0.8507371854358039,-0.1384090209666973,0.2434998563039936,0.8822993965064988,-0.9238197310481376,-0.9534104019942955,0.281446555300348,0.5974554831071436,-0.8979950133481783,-0.27232675437434706,-0.06880089841617125,-0.8981439954396159,-0.11614118595333227,-0.552279568687485,0.1804632579597709
482,-0.24596490978926708,-0.9472132964291959,-0.8712703119184485,0.6296614572694458,-0.08959835573355188,-0.7723800060225995,-0.1882493151514844,0.240308174044115,0.9142047319635686,-0.8716936432831779,-0.9911972192786177,0.17369517481064115,0.6934964570540387,-0.851439190289951,-0.2270529381782134,-0.13264310494857595,-0.9087546788007577,-0.12150450974370712,-0.5201735747056071,0.1662674937054976
483,-0.24596490978926708,-0.9472132964291959,-0.8712703119184485,0.6296614572694458,-0.08959835573355188,-0.7723800060225995,-0.1882493151514844,0.240308174044115,0.9142047319635686,-0.8716936432831779,-0.9911972192786177,0.17369517481064115,0.6934964570540387,-0.851439190289951,-0.2270529381782134,-0.13264310494857595,-0.9087546788007577,-0.12150450974370712,-0.5201735747056071,0.1662674937054976
484,-0.2465284551421776,-0.9484778668814023,-0.8736248675813497,0.629880117214868,-0.08115678834033348,-0.7768841625922694,-0.20148104053712898,0.298818254645698,0.8949306437510376,-0.9169432153952419,-0.9686402943841687,0.22071621752868953,0.7448688623202633,-0.7554872525416294,-0.2509725061986061,-0.043634446286617425,-0.8906458527990773,-0.15315363216683128,-0.5084993418546832,0.1774436386909568
485,-0.23981948061571728,-0.9389431255220468,-0.8754820873969291,0.6339058167960716,-0.08887461468501678,-0.7262399944514927,-0.18916917639380926,0.273296952560131,0.8731238099799479,-0.8689814934007428,-0.98774913917758,0.21495351534148122,0.7584039334359911,-0.8093724936001405,-0.2483418733385383,-0.11708186332448528,-0.9188880845494704,-0.1291083803586749,-0.5482496228531326,0.16112263051363482
486,-0.23982445718621592,-0.943193200482611,-0.8743695907011689,0.6204946065650515,-0.08785380324375877,-0.7108138026404569,-0.08217151446005475,0.3482269144273021,0.8913554391889218,-0.8553191221434338,-0.9822186949005909,0.25085786962440815,0.7276249284282179,-0.8227033759037728,-0.2798268422175687,-0.09384086676986735,-0.9974809689150638,-0.18577406153943263,-0.5325223108555475,0.08690229954017804
487,-0.23634308812548643,-0.9325698734900792,-0.8666255757005625,0.626857341643147,-0.09678451169149262,-0.7193752203220997,-0.12492416749784425,0.47520581369089837,0.8948364635209362,-0.9133356418164689,-0.985114367757652,0.1923076522572814,0.7228200430499767,-0.8724680559089583,-0.2591737614081803,-0.037820815662793945,-0.9453070265080797,-0.16148863609834668,-0.5371614518106134,0.08498153492500561
488,-0.23634308812548643,-0.9325698734900792,-0.8666255757005625,0.626857341643147,-0.09678451169149262,-0.7193752203220997,-0.12492416749784425,0.47520581369089837,0.8948364635209362,-0.9133356418164689,-0.985114367757652,0.1923076522572814,0.7228200430499767,-0.8724680559089583,-0.2591737614081803,-0.037820815662793945,-0.9453070265080797,-0.16148863609834668,-0.5371614518106134,0.08498153492500561
489,-0.23529943123978622,-0.9430938055122557,-0.8708792527273014,0.6144432077553403,-0.0936045352271302,-0.7709989178346113,-0.08103287476358488,0.40558508365917667,0.8240786552217602,-0.9435549383320867,-0.9895991998604501,0.20859257781272073,0.6703903923261196,-0.8666556106603139,-0.3023107053215539,-0.0025649535229365352,-0.9942989640230036,-0.1415295561820685,-0.5304452699759483,0.07717811268732434
490,-0.23406579644946512,-0.9383055830626216,-0.8718459437968773,0.622091964632506,-0.09556022579918312,-0.8285815559557703,-0.08001199424623269,0.4969482394911948,0.9221178925827772,-0.9540995799319456,-0.9669859047577546,0.20930734581528035,0.6317069942846056,-0.9678228998733831,-0.3263475537132923,0.028539330724173875,-0.930549873502431,-0.13974576063220212,-0.5562581902542653,0.06639293692911544
491,-0.23406579644946512,-0.9383055830626216,-0.8718459437968773,0.622091964632506,-0.09556022579918312,-0.8285815559557703,-0.08001199424623269,0.4969482394911948,0.9221178925827772,-0.9540995799319456,-0.9669859047577546,0.20930734581528035,0.6317069942846056,-0.9678228998733831,-0.3263475537132923,0.028539330724173875,-0.930549873502431,-0.13974576063220212,-0.5562581902542653,0.06639293692911544
492,-0.23924089532450193,-0.9452636284275955,-0.8683976208028521,0.6183676504912468,-0.09371985223223159,-0.8613552838638688,-0.03011071845756153,0.49733874504149106,0.8377371838905671,-0.9450572269639169,-0.9715386498289762,0.3144667425388078,0.5736493929266193,-0.9472816009678986,-0.31955542832022754,0.0027634309407109474,-0.9380352719484824,-0.13131103008547373,-0.5508626417170268,0.13319954682539448
493,-0.24235937909467836,-0.9384325529659391,-0.8721608048023008,0.6196163504580388,-0.09569355831664203,-0.8384756967833191,-0.014981345652282688,0.521218765619639,0.8871200560842831,-0.907704948452578,-0.9979147136907224,0.250364400017051,0.6781144879523388,-0.9580228108096059,-0.27435937782911657,-0.0066794141494088775,-0.9235824099355479,-0.20486047384737027,-0.5459069737504639,0.13348494643921374
494,-0.24527769339356836,-0.9416163618430298,-0.8713301833997877,0.6167236996301528,-0.09535292531727979,-0.8931244397673527,-0.03259462982205738,0.566219376715729,0.8704693803509828,-0.9036303878901562,-0.9721938882637247,0.24361534393608447,0.6615555117916937,-0.9448479535335391,-0.2956752257035888,0.0732137117664585,-0.9535405807504239,-0.18831563725391484,-0.5085768164890562,0.10247306633017589
495,-0.24672507287768403,-0.9394411940530001,-0.8740571769058011,0.6189188415012855,-0.09590358868686472,-0.9198440529395684,0.0351981161580974,0.5270329461917763,0.8232975581860332,-0.869919268178609,-0.9700486348842529,0.33577161992382515,0.6463542402468014,-0.9626406546250469,-0.3310806203376738,0.07064901350892298,-0.9520089097033697,-0.1443026747491792,-0.6059153015920264,0.09579254919143365
496,-0.24828575640185002,-0.9443355770500232,-0.8716871523736702,0.6195587153522985,-0.09304200636451311,-0.8903003730438185,0.018220649695873677,0.5845611298138288,0.746881596142119,-0.8505799667255397,-0.973801018683556,0.32433161823474954,0.6749365519700807,-0.9466575976043944,-0.3314586145904393,0.17813659066806262,-0.9370153953551655,-0.14839590368714742,-0.5524900015287576,0.11337107619308032
497,-0.24828575640185002,-0.9443355770500232,-0.8716871523736702,0.6195587153522985,-0.09304200636451311,-0.8903003730438185,0.018220649695873677,0.5845611298138288,0.746881596142119,-0.8505799667255397,-0.973801018683556,0.32433161823474954,0.6749365519700807,-0.9466575976043944,-0.3314586145904393,0.17813659066806262,-0.9370153953551655,-0.14839590368714742,-0.5524900015287576,0.11337107619308032
498,-0.24658459107378805,-0.9416568713825382,-0.8712968911908348,0.6177407741395899,-0.09634563093478106,-0.9118982635692698,0.03327516689383321,0.5672191072144362,0.7863338461393083,-0.9165313758192577,-0.9551926923050079,0.30446034998800514,0.6182070687082751,-0.9904946530369549,-0.2361640157820787,0.156339220321554,-0.9106406713547593,-0.14313065655798674,-0.6086359334767694,0.13534198060350103
499,-0.24658459107378805,-0.9416568713825382,-0.8712968911908348,0.6177407741395899,-0.09634563093478106,-0.9118982635692698,0.03327516689383321,0.5672191072144362,0.7863338461393083,-0.9165313758192577,-0.9551926923050079,0.30446034998800514,0.6182070687082751,-0.9904946530369549,-0.2361640157820787,0.156339220321554,-0.9106406713547593,-0.14313065655798674,-0.6086359334767694,0.13534198060350103
500,-0.24223082458384268,-0.9472916831806157,-0.8685813346818385,0.614598076962565,-0.09133178846679459,-0.9400193222272102,0.022812392458878006,0.5967410705113467,0.7754957110860805,-0.9626454236807558,-0.9514281827118084,0.33911147136331765,0.5803875048015839,-0.979510809702263,-0.30414770644231615,0.15627480954837383,-0.9364127620318154,-0.11424634151067667,-0.5871394385546886,0.172262197978855
501,-0.24223082458384268,-0.9472916831806157,-0.8685813346818385,0.614598076962565,-0.09133178846679459,-0.9400193222272102,0.022812392458878006,0.5967410705113467,0.7754957110860805,-0.9626454236807558,-0.9514281827118084,0.33911147136331765,0.5803875048015839,-0.979510809702263,-0.30414770644231615,0.15627480954837383,-0.9364127620318154,-0.11424634151067667,-0.5871394385546886,0.172262197978855
502,-0.2471053432252275,-0.9462741384640866,-0.8693878296475538,0.6241415862904494,-0.09512116950958499,-0.9787430861994245,-0.021851681002930102,0.5424558586820164,0.7219038228445157,-0.8959856043456953,-0.9832940273761027,0.31920610180956693,0.6309284513657093,-0.9752442943798896,-0.2913385531876625,0.15735169948098365,-0.8735651349240526,-0.07284409309456102,-0.598327471784416,0.12195636115592148
503,-0.2471053432252275,-0.9462741384640866,-0.8693878296475538,0.6241415862904494,-0.09512116950958499,-0.9787430861994245,-0.021851681002930102,0.5424558586820164,0.7219038228445157,-0.8959856043456953,-0.9832940273761027,0.31920610180956693,0.6309284513657093,-0.9752442943798896,-0.2913385531876625,0.15735169948098365,-0.8735651349240526,-0.07284409309456102,-0.598327471784416,0.12195636115592148
504,-0.24752699102848832,-0.9465011228077234,-0.872351533808923,0.6187498294068335,-0.08975007689593478,-0.9166785391998419,-8.833910458250823e-05,0.5024693397381635,0.8174508795873808,-0.9229184875417262,-0.9943909019849507,0.3371999669432845,0.6401296246959953,-0.9102190693975032,-0.38620331885397513,0.0620495683337797,-0.9546501479499128,-0.1035976035719177,-0.5871164703925854,0.17400540379550197
505,-0.24571000541577243,-0.941396055928527,-0.8720432766170255,0.6223356150877417,-0.09358798861778937,-0.9121389777610006,-0.045064420854628806,0.5049875821451026,0.8462983948309095,-0.880858238636139,-0.9632040656975179,0.3358459802359383,0.725429231966475,-0.9063972963227642,-0.3197416852682985,0.009710964010482659,-0.9286482799930182,-0.13275000312718116,-0.5956462907088308,0.12609332946440208
506,-0.24571000541577243,-0.941396055928527,-0.8720432766170255,0.6223356150877417,-0.09358798861778937,-0.9121389777610006,-0.045064420854628806,0.5049875821451026,0.8462983948309095,-0.880858238636139,-0.9632040656975179,0.3358459802359383,0.725429231966475,-0.9063972963227642,-0.3197416852682985,0.009710964010482659,-0.9286482799930182,-0.13275000312718116,-0.5956462907088308,0.12609332946440208
507,-0.24571000541577243,-0.941396055928527,-0.8720432766170255,0.6223356150877417,-0.09358798861778937,-0.9121389777610006,-0.045064420854628806,0.5049875821451026,0.8462983948309095,-0.880858238636139,-0.9632040656975179,0.3358459802359383,0.725429231966475,-0.9063972963227642,-0.3197416852682985,0.009710964010482659,-0.9286482799930182,-0.13275000312718116,-0.5956462907088308,0.12609332946440208
508,-0.24571000541577243,-0.941396055928527,-0.8720432766170255,0.6223356150877417,-0.09358798861778937,-0.9121389777610006,-0.045064420854628806,0.5049875821451026,0.8462983948309095,-0.880858238636139,-0.9632040656975179,0.3358459802359383,0.725429231966475,-0.9063972963227642,-0.3197416852682985,0.009710964010482659,-0.9286482799930182,-0.13275000312718116,-0.5956462907088308,0.12609332946440208
509,-0.25067151738426036,-0.9446973564395973,-0.8774602482454933,0.6172648482665123,-0.08597550777682471,-0.8968032984996508,-0.014388046416653288,0.42400244066036996,0.7823233075087479,-0.8961275959627475,-0.9944953100508203,0.31832017141422153,0.722205825980597,-0.8370388303816606,-0.4532646036290308,0.08247657269568417,-0.9452973796738177,-0.0652014608552117,-0.5494272457639454,0.1155123487989627
510,-0.25067151738426036,-0.9446973564395973,-0.8774602482454933,0.6172648482665123,-0.08597550777682471,-0.8968032984996508,-0.014388046416653288,0.42400244066036996,0.7823233075087479,-0.8961275959627475,-0.9944953100508203,0.31832017141422153,0.722205825980597,-0.8370388303816606,-0.4532646036290308,0.08247657269568417,-0.9452973796738177,-0.0652014608552117,-0.5494272457639454,0.1155123487989627
511,-0.25067151738426036,-0.9446973564395973,-0.8774602482454933,0.6172648482665123,-0.08597550777682471,-0.8968032984996508,-0.014388046416653288,0.42400244066036996,0.7823233075087479,-0.8961275959627475,-0.9944953100508203,0.31832017141422153,0.722205825980597,-0.8370388303816606,-0.4532646036290308,0.08247657269568417,-0.9452973796738177,-0.0652014608552117,-0.5494272457639454,0.1155123487989627
512,-0.24301831605424934,-0.9396684591050094,-0.8804367401168356,0.6149609140751124,-0.09171127823656407,-0.9404529478427821,-0.056071367029460986,0.5151306191214775,0.8371916780490913,-0.9035849483922295,-0.9661391167608143,0.31659625078081055,0.7667859516249066,-0.8596120263143712,-0.39492962448650215,0.05594897812927697,-0.9716912497742431,-0.1212979429784414,-0.5895891550742316,0.10408649097030127
513,-0.24705699361224817,-0.9472345636955609,-0.8751749291380833,0.613964037919854,-0.08414681950973703,-0.9502879417775364,-0.0676903565749269,0.5163099743578602,0.8519631123476908,-0.9419379558281654,-0.9410403720137006,0.34404472755380366,0.6809566541021483,-0.8065045108185354,-0.346608645834469,0.0332042262890598,-0.9281464164211342,-0.13340982110915228,-0.5592413479286555,0.07498003697343852
514,-0.24705699361224817,-0.9472345636955609,-0.8751749291380833,0.613964037919854,-0.08414681950973703,-0.9502879417775364,-0.0676903565749269,0.5163099743578602,0.8519631123476908,-0.9419379558281654,-0.9410403720137006,0.34404472755380366,0.6809566541021483,-0.8065045108185354,-0.346608645834469,0.0332042262890598,-0.9281464164211342,-0.13340982110915228,-0.5592413479286555,0.07498003697343852
515,-0.24705699361224817,-0.9472345636955609,-0.8751749291380833,0.613964037919854,-0.08414681950973703,-0.9502879417775364,-0.0676903565749269,0.5163099743578602,0.8519631123476908,-0.9419379558281654,-0.9410403720137006,0.34404472755380366,0.6809566541021483,-0.8065045108185354,-0.346608645834469,0.0332042262890598,-0.9281464164211342,-0.13340982110915228,-0.5592413479286555,0.07498003697343852
516,-0.24705699361224817,-0.9472345636955609,-0.8751749291380833,0.613964037919854,-0.08414681950973703,-0.9502879417775364,-0.0676903565749269,0.5163099743578602,0.8519631123476908,-0.9419379558281654,-0.9410403720137006,0.34404472755380366,0.6809566541021483,-0.8065045108185354,-0.346608645834469,0.0332042262890598,-0.9281464164211342,-0.13340982110915228,-0.5592413479286555,0.07498003697343852
517,-0.24459227249039564,-0.9454798411352434,-0.8717910970885632,0.6283382509596886,-0.09158385158772492,-0.9286330276128767,-0.09549383755603003,0.5598755809073114,0.8518839842815062,-0.9394553332999594,-0.9972192963936994,0.2883944653012827,0.7082811535762747,-0.8726696826642079,-0.31602056317413557,-0.002275850100358621,-0.9117362403080881,-0.15609433498006037,-0.5482808829931227,0.1278441326845913
518,-0.24459227249039564,-0.9454798411352434,-0.8717910970885632,0.6283382509596886,-0.09158385158772492,-0.9286330276128767,-0.09549383755603003,0.5598755809073114,0.8518839842815062,-0.9394553332999594,-0.9972192963936994,0.2883944653012827,0.7082811535762747,-0.8726696826642079,-0.31602056317413557,-0.002275850100358621,-0.9117362403080881,-0.15609433498006037,-0.5482808829931227,0.1278441326845913
519,-0.24150683893427594,-0.9357521207200122,-0.8695694642832418,0.6083845793991536,-0.08786403087615309,-0.7648545826019193,-0.025107317934710587,0.5836609323781199,0.9328732091923303,-0.9312269086349386,-0.9706450912122602,0.2797302645875855,0.7108125657915082,-0.8719881011357774,-0.2651500598614078,0.0019400782703162067,-0.975227514443845,-0.1506475080320251,-0.5877946472749602,0.20466998007477097
520,-0.24150683893427594,-0.9357521207200122,-0.8695694642832418,0.6083845793991536,-0.08786403087615309,-0.7648545826019193,-0.025107317934710587,0.5836609323781199,0.9328732091923303,-0.9312269086349386,-0.9706450912122602,0.2797302645875855,0.7108125657915082,-0.8719881011357774,-0.2651500598614078,0.0019400782703162067,-0.975227514443845,-0.1506475080320251,-0.5877946472749602,0.20466998007477097
521,-0.24150683893427594,-0.9357521207200122,-0.8695694642832418,0.6083845793991536,-0.08786403087615309,-0.7648545826019193,-0.025107317934710587,0.5836609323781199,0.9328732091923303,-0.9312269086349386,-0.9706450912122602,0.2797302645875855,0.7108125657915082,-0.8719881011357774,-0.2651500598614078,0.0019400782703162067,-0.975227514443845,-0.1506475080320251,-0.5877946472749602,0.20466998007477097
522,-0.23785806516241753,-0.9382068663676169,-0.8692940315121247,0.6291912529441108,-0.1016471306682644,-0.6963837898709179,-0.09936450619489841,0.5077672360524103,0.960107484819747,-0.8829246632068577,-0.9689856987185099,0.1702498308717756,0.6441395745251571,-0.9228295003381609,-0.19213786850115913,-0.002279198185336025,-0.966546726155282,-0.09414503257777714,-0.5732295613756726,0.17541584679085956
523,-0.24207534096842756,-0.9326574513194281,-0.871438556646426,0.6103020400483183,-0.090233760999091,-0.7389940031771087,-0.09145964285250868,0.47730006152215443,0.9680738952826572,-0.9816006887794798,-0.9789257215810409,0.16555836972750226,0.6674117415825833,-0.9336154946243311,-0.2546085727045517,-0.04575610732418737,-0.9974265487284161,-0.20583920676515244,-0.5211358121362938,0.16289716550959094
524,-0.25319290416966533,-0.932896634494329,-0.8726023603982542,0.6348573445159761,-0.095343612168545,-0.7464306912077129,-0.12792140681456993,0.5108237885049429,0.9812107334557526,-0.9810035175577408,-0.9990505101020888,0.21415565943848364,0.7359608446768882,-0.9161010346233595,-0.3329264944678675,-0.11710091092345719,-0.890799022569371,-0.300294956454349,-0.5226532941963861,0.12469975719559322
525,-0.254669809789405,-0.9346359615609255,-0.8721182379710882,0.6211405575287405,-0.08737223339556086,-0.7543216524358323,-0.18527478332269992,0.3914156374011285,0.9983962335194779,-0.970415689826991,-0.961521033141992,0.26691156327973625,0.7145480643751759,-0.8422880651783052,-0.26425183612464564,-0.19969568237288868,-0.9206869696180662,-0.2946253678703789,-0.5197855603957527,0.17058251082999132
526,-0.2531659351031772,-0.9423797911016977,-0.8741319929145834,0.6379255098106503,-0.09123814332955082,-0.7358506000150725,-0.16515956027265236,0.38553255430564337,0.9266960867361845,-0.9816314806840676,-0.9900357520946081,0.23311805035126312,0.7361409044352437,-0.8785475998566399,-0.22111251002418722,-0.13511698407841927,-0.8663560211597808,-0.26629479518590454,-0.5478898445141119,0.19458046659171233
527,-0.2464833653323983,-0.9416188174347071,-0.8662454566281277,0.6143188700759868,-0.08075199172570137,-0.783736573023331,-0.1332104162743106,0.4589311970094397,0.9394768434617753,-0.961856214768019,-0.9474154173797318,0.24213639040099166,0.6551953660337064,-0.8806798739487635,-0.10007312421742474,-0.0523863050416429,-0.9488996240017488,-0.20582046918375066,-0.5450585274587992,0.23850308759417788
528,-0.24136516202140604,-0.9462029909470575,-0.8694692463446774,0.6300548428526334,-0.09242674461631202,-0.710637975484826,-0.14236648842105032,0.39056286966551224,0.9947317218992232,-0.9678133143924315,-0.9010143809599953,0.1955799554917165,0.6777973099249529,-0.9529824024404482,-0.15051626739449656,-0.011940276361108315,-0.9561065476721075,-0.16610407334656357,-0.6050921615251227,0.25028164091763366
529,-0.24136516202140604,-0.9462029909470575,-0.8694692463446774,0.6300548428526334,-0.09242674461631202,-0.710637975484826,-0.14236648842105032,0.39056286966551224,0.9947317218992232,-0.9678133143924315,-0.9010143809599953,0.1955799554917165,0.6777973099249529,-0.9529824024404482,-0.15051626739449656,-0.011940276361108315,-0.9561065476721075,-0.16610407334656357,-0.6050921615251227,0.25028164091763366
530,-0.24561868211521093,-0.9404424724269044,-0.8717940777718325,0.6194231188768126,-0.09268981106709649,-0.7209719105986186,-0.1344860249962523,0.41589806918284117,0.9613676557006029,-0.9773787260501244,-0.8437931878117569,0.310819242961231,0.6747460319180226,-0.9357058013121622,-0.2284042869776014,-0.008886147410535377,-0.9355108676259506,-0.25192700442732213,-0.6169894933049537,0.25579259399296017
531,-0.24561868211521093,-0.9404424724269044,-0.8717940777718325,0.6194231188768126,-0.09268981106709649,-0.7209719105986186,-0.1344860249962523,0.41589806918284117,0.9613676557006029,-0.9773787260501244,-0.8437931878117569,0.310819242961231,0.6747460319180226,-0.9357058013121622,-0.2284042869776014,-0.008886147410535377,-0.9355108676259506,-0.25192700442732213,-0.6169894933049537,0.25579259399296017
532,-0.24561868211521093,-0.9404424724269044,-0.8717940777718325,0.6194231188768126,-0.09268981106709649,-0.7209719105986186,-0.1344860249962523,0.41589806918284117,0.9613676557006029,-0.9773787260501244,-0.8437931878117569,0.310819242961231,0.6747460319180226,-0.9357058013121622,-0.2284042869776014,-0.008886147410535377,-0.9355108676259506,-0.25192700442732213,-0.6169894933049537,0.25579259399296017
533,-0.24369398644373436,-0.9554290348281256,-0.8620202098858811,0.63307473646852,-0.09695613354778995,-0.7170561257219553,-0.15668193958071178,0.44096706565173555,0.9180020992207059,-0.9992429262568399,-0.8188090588492908,0.298058648738298,0.6003884601229661,-0.9649799112030446,-0.04413598557770329,-0.03600016018654491,-0.9038233001792474,-0.3371484359578894,-0.6275542290073258,0.20172856677526996
534,-0.24485897570848142,-0.9410265448519296,-0.8634440172082428,0.6216713420592005,-0.08008764187625826,-0.8063731264208052,-0.16947520534935,0.4622856729175761,0.9823138129417412,-0.9077675952082505,-0.860847094429485,0.2452555956313054,0.6479177677025002,-0.824751948521599,0.07085228396729013,-0.016658061390758403,-0.9052922226809492,-0.24050005079310846,-0.5485672244372484,0.24263009823691895
535,-0.24072115157574614,-0.9453264320821182,-0.8611008592249145,0.6286233395177987,-0.0896179082193225,-0.7582509373098034,-0.1998922281829549,0.5435666735223493,0.9941149093519643,-0.9385793990894994,-0.8632225282870792,0.15204002722186527,0.580312181124605,-0.946686719223029,0.08147952055731231,0.005772604255558216,-0.8967279601404783,-0.26746027115091525,-0.5130387563860045,0.21606645330651925
536,-0.24072115157574614,-0.9453264320821182,-0.8611008592249145,0.6286233395177987,-0.0896179082193225,-0.7582509373098034,-0.1998922281829549,0.5435666735223493,0.9941149093519643,-0.9385793990894994,-0.8632225282870792,0.15204002722186527,0.580312181124605,-0.946686719223029,0.08147952055731231,0.005772604255558216,-0.8967279601404783,-0.26746027115091525,-0.5130387563860045,0.21606645330651925
537,-0.2425346054123274,-0.9487064230198842,-0.862858652929376,0.6273228514403778,-0.09216636313791446,-0.7962954866035786,-0.13468054472986993,0.44166633524162285,0.9791200192169439,-0.9465825836323373,-0.8098619216875436,0.177861598811912,0.525377382156077,-0.9619008284103291,0.12322220210504756,0.011411847265078785,-0.9200870971318778,-0.28637366640666745,-0.4948243930050351,0.12316577607198498
538,-0.2425346054123274,-0.9487064230198842,-0.862858652929376,0.6273228514403778,-0.09216636313791446,-0.7962954866035786,-0.13468054472986993,0.44166633524162285,0.9791200192169439,-0.9465825836323373,-0.8098619216875436,0.177861598811912,0.525377382156077,-0.9619008284103291,0.12322220210504756,0.011411847265078785,-0.9200870971318778,-0.28637366640666745,-0.4948243930050351,0.12316577607198498
539,-0.2425346054123274,-0.9487064230198842,-0.862858652929376,0.6273228514403778,-0.09216636313791446,-0.7962954866035786,-0.13468054472986993,0.44166633524162285,0.9791200192169439,-0.9465825836323373,-0.8098619216875436,0.177861598811912,0.525377382156077,-0.9619008284103291,0.12322220210504756,0.011411847265078785,-0.9200870971318778,-0.28637366640666745,-0.4948243930050351,0.12316577607198498
540,-0.24416910575179968,-0.9495350498989399,-0.8576098918734708,0.6187280711161885,-0.09503398801740365,-0.9250829977621403,-0.19863114422285832,0.42010350286423337,0.8899157564741125,-0.9372849579295405,-0.9039618560314994,0.19971873535388418,0.5316043490123157,-0.9989983167560549,0.05854399145930994,0.03267314643023662,-0.8157567526969296,-0.2134070685043398,-0.485388866349137,0.24967946494638696
541,-0.24469108843717496,-0.9514713775033952,-0.8593877425458863,0.6288980123698031,-0.09035138129577376,-0.9494815594923947,-0.15734517933043946,0.4456808238733212,0.937172801426873,-0.9978283847639685,-0.8315627458711713,0.2883376311661432,0.5439925708140279,-0.9251617734609104,0.011950584280437122,0.0068083959987831275,-0.8187824588576168,-0.28521628141522737,-0.5198740693067305,0.1918942243176321
542,-0.24469108843717496,-0.9514713775033952,-0.8593877425458863,0.6288980123698031,-0.09035138129577376,-0.9494815594923947,-0.15734517933043946,0.4456808238733212,0.937172801426873,-0.9978283847639685,-0.8315627458711713,0.2883376311661432,0.5439925708140279,-0.9251617734609104,0.011950584280437122,0.0068083959987831275,-0.8187824588576168,-0.28521628141522737,-0.5198740693067305,0.1918942243176321
543,-0.24217692047456443,-0.95000048102656,-0.8604124171665432,0.623841502207202,-0.09701554430806524,-0.9295974491980624,-0.14611072777606324,0.5311057615653899,0.9127291057883856,-0.9157093704075264,-0.859136694586038,0.3140442662755843,0.5482514842610899,-0.9967326467747721,0.06512258588111762,0.00020831787955273877,-0.7955787023289871,-0.33685456996693725,-0.5066784770539001,0.24666226309318207
544,-0.24217692047456443,-0.95000048102656,-0.8604124171665432,0.623841502207202,-0.09701554430806524,-0.9295974491980624,-0.14611072777606324,0.5311057615653899,0.9127291057883856,-0.9157093704075264,-0.859136694586038,0.3140442662755843,0.5482514842610899,-0.9967326467747721,0.06512258588111762,0.00020831787955273877,-0.7955787023289871,-0.33685456996693725,-0.5066784770539001,0.24666226309318207
545,-0.24217692047456443,-0.95000048102656,-0.8604124171665432,0.623841502207202,-0.09701554430806524,-0.9295974491980624,-0.14611072777606324,0.5311057615653899,0.9127291057883856,-0.9157093704075264,-0.859136694586038,0.3140442662755843,0.5482514842610899,-0.9967326467747721,0.06512258588111762,0.00020831787955273877,-0.7955787023289871,-0.33685456996693725,-0.5066784770539001,0.24666226309318207
546,-0.24299566733550326,-0.9587724948754458,-0.8640503216663771,0.6322593314646795,-0.09459045933528143,-0.9387751596073324,-0.11917629807403664,0.4880344292913805,0.900870832834305,-0.9575561306120466,-0.8402148857647201,0.2673929510677616,0.5687332769366351,-0.9958209797842195,0.06367687528067222,0.06303798347458962,-0.7753791027109334,-0.36234364391243207,-0.4926252358407976,0.22482824785309835
547,-0.23290609037705995,-0.9504167930628517,-0.8612496826775954,0.6235645578604362,-0.0881723908552788,-0.9369530035214164,-0.19159981116061278,0.5444180864767035,0.9950520735490089,-0.9955998377025457,-0.8259642285062647,0.21739870679549494,0.5844702363007148,-0.9742466526790309,0.09727815546276117,0.018256870821673772,-0.8172411019662427,-0.34348570441924886,-0.47794010829213535,0.2814020172204668
548,-0.23290609037705995,-0.9504167930628517,-0.8612496826775954,0.6235645578604362,-0.0881723908552788,-0.9369530035214164,-0.19159981116061278,0.5444180864767035,0.9950520735490089,-0.9955998377025457,-0.8259642285062647,0.21739870679549494,0.5844702363007148,-0.9742466526790309,0.09727815546276117,0.018256870821673772,-0.8172411019662427,-0.34348570441924886,-0.47794010829213535,0.2814020172204668
549,-0.23628006729035048,-0.9532811275751264,-0.8623735254337229,0.6225663825575521,-0.08668073311957745,-0.867664118215364,-0.12503825901529667,0.4556217532318717,0.9708814400695708,-0.9697999722914274,-0.8961681285051818,0.23574862077538078,0.566847691936963,-0.9652290614923159,0.08687901579074454,-0.005453918522825979,-0.8335540084371836,-0.2455246172985703,-0.5389541568822986,0.3634663815391677
550,-0.23628006729035048,-0.9532811275751264,-0.8623735254337229,0.6225663825575521,-0.08668073311957745,-0.867664118215364,-0.12503825901529667,0.4556217532318717,0.9708814400695708,-0.9697999722914274,-0.8961681285051818,0.23574862077538078,0.566847691936963,-0.9652290614923159,0.08687901579074454,-0.005453918522825979,-0.8335540084371836,-0.2455246172985703,-0.5389541568822986,0.3634663815391677
551,-0.23628006729035048,-0.9532811275751264,-0.8623735254337229,0.6225663825575521,-0.08668073311957745,-0.867664118215364,-0.12503825901529667,0.4556217532318717,0.9708814400695708,-0.9697999722914274,-0.8961681285051818,0.23574862077538078,0.566847691936963,-0.9652290614923159,0.08687901579074454,-0.005453918522825979,-0.8335540084371836,-0.2455246172985703,-0.5389541568822986,0.3634663815391677
552,-0.24027082838773706,-0.9544626153811883,-0.8621965604002811,0.623092346900415,-0.09288984065379922,-0.8241181856254696,-0.1996981589852709,0.46172010834591387,0.9263809078084523,-0.9604491234911008,-0.8577138881449786,0.20582961815648815,0.6519476421551872,-0.9272564693722141,0.09431268850148593,0.02273292900576094,-0.8292667148401027,-0.2934701902606068,-0.5187198914618283,0.30702113993073765
553,-0.24027082838773706,-0.9544626153811883,-0.8621965604002811,0.623092346900415,-0.09288984065379922,-0.8241181856254696,-0.1996981589852709,0.46172010834591387,0.9263809078084523,-0.9604491234911008,-0.8577138881449786,0.20582961815648815,0.6519476421551872,-0.9272564693722141,0.09431268850148593,0.02273292900576094,-0.8292667148401027,-0.2934701902606068,-0.5187198914618283,0.30702113993073765
554,-0.24027082838773706,-0.9544626153811883,-0.8621965604002811,0.623092346900415,-0.09288984065379922,-0.8241181856254696,-0.1996981589852709,0.46172010834591387,0.9263809078084523,-0.9604491234911008,-0.8577138881449786,0.20582961815648815,0.6519476421551872,-0.9272564693722141,0.09431268850148593,0.02273292900576094,-0.8292667148401027,-0.2934701902606068,-0.5187198914618283,0.30702113993073765
555,-0.23911592702070217,-0.9494612054463013,-0.8614332779785908,0.6290422474562165,-0.08644070915590954,-0.9410205389899696,-0.20803169749929185,0.5028208928499762,0.9402428570598875,-0.9059092862062905,-0.8329046589391272,0.223053733039145,0.6250771348911552,-0.8490230361765129,0.11980108477712813,0.05623571855130173,-0.8361164756992309,-0.23029577602026066,-0.4522631847344011,0.23979046568572393
556,-0.24433709120532388,-0.9516327916276333,-0.8600473055090142,0.6172715882330959,-0.0879220680009549,-0.8619730693610995,-0.18826858640454336,0.5374937303078086,0.9502364970499589,-0.9177181736310538,-0.8316373174044045,0.19460650018303355,0.6957915293208503,-0.830937043038076,0.12124894282870873,0.04570886202127401,-0.8528166883233912,-0.24601049066188807,-0.4821614493869204,0.2286229091724729
557,-0.24433709120532388,-0.9516327916276333,-0.8600473055090142,0.6172715882330959,-0.0879220680009549,-0.8619730693610995,-0.18826858640454336,0.5374937303078086,0.9502364970499589,-0.9177181736310538,-0.8316373174044045,0.19460650018303355,0.6957915293208503,-0.830937043038076,0.12124894282870873,0.04570886202127401,-0.8528166883233912,-0.24601049066188807,-0.4821614493869204,0.2286229091724729
558,-0.24433709120532388,-0.9516327916276333,-0.8600473055090142,0.6172715882330959,-0.0879220680009549,-0.8619730693610995,-0.18826858640454336,0.5374937303078086,0.9502364970499589,-0.9177181736310538,-0.8316373174044045,0.19460650018303355,0.6957915293208503,-0.830937043038076,0.12124894282870873,0.04570886202127401,-0.8528166883233912,-0.24601049066188807,-0.4821614493869204,0.2286229091724729
559,-0.24433709120532388,-0.9516327916276333,-0.8600473055090142,0.6172715882330959,-0.0879220680009549,-0.8619730693610995,-0.18826858640454336,0.5374937303078086,0.9502364970499589,-0.9177181736310538,-0.8316373174044045,0.19460650018303355,0.6957915293208503,-0.830937043038076,0.12124894282870873,0.04570886202127401,-0.8528166883233912,-0.24601049066188807,-0.4821614493869204,0.2286229091724729
560,-0.24036153803423796,-0.9500436768713653,-0.858122822261935,0.6323125185182366,-0.08345090916624745,-0.7934189666343503,-0.2529078331078378,0.5250384415362415,0.995260782839006,-0.9116786137159096,-0.8443782351927545,0.12424459793942025,0.7887095117027066,-0.7897603355526901,0.12921759923699258,0.07185595555861536,-0.8335641446657021,-0.2830095799036176,-0.4214348578678902,0.3491061492715976
561,-0.24036153803423796,-0.9500436768713653,-0.858122822261935,0.6323125185182366,-0.08345090916624745,-0.7934189666343503,-0.2529078331078378,0.5250384415362415,0.995260782839006,-0.9116786137159096,-0.8443782351927545,0.12424459793942025,0.7887095117027066,-0.7897603355526901,0.12921759923699258,0.07185595555861536,-0.8335641446657021,-0.2830095799036176,-0.4214348578678902,0.3491061492715976
562,-0.24349911669685545,-0.9432328607445849,-0.8641644706428272,0.6236589755058998,-0.07931747506092848,-0.7838825612064001,-0.24569160939374074,0.5620729099621852,0.9695437015815208,-0.9357302174227896,-0.9278352730368646,0.11744700318172495,0.7911720458028564,-0.7849521496856162,0.0798707905765478,-0.0027277360589324975,-0.7918282948211754,-0.27414230552870633,-0.4316151619504744,0.28091609470467255
563,-0.24349911669685545,-0.9432328607445849,-0.8641644706428272,0.6236589755058998,-0.07931747506092848,-0.7838825612064001,-0.24569160939374074,0.5620729099621852,0.9695437015815208,-0.9357302174227896,-0.9278352730368646,0.11744700318172495,0.7911720458028564,-0.7849521496856162,0.0798707905765478,-0.0027277360589324975,-0.7918282948211754,-0.27414230552870633,-0.4316151619504744,0.28091609470467255
564,-0.24349911669685545,-0.9432328607445849,-0.8641644706428272,0.6236589755058998,-0.07931747506092848,-0.7838825612064001,-0.24569160939374074,0.5620729099621852,0.9695437015815208,-0.9357302174227896,-0.9278352730368646,0.11744700318172495,0.7911720458028564,-0.7849521496856162,0.0798707905765478,-0.0027277360589324975,-0.7918282948211754,-0.27414230552870633,-0.4316151619504744,0.28091609470467255
565,-0.24349911669685545,-0.9432328607445849,-0.8641644706428272,0.6236589755058998,-0.07931747506092848,-0.7838825612064001,-0.24569160939374074,0.5620729099621852,0.9695437015815208,-0.9357302174227896,-0.9278352730368646,0.11744700318172495,0.7911720458028564,-0.7849521496856162,0.0798707905765478,-0.0027277360589324975,-0.7918282948211754,-0.27414230552870633,-0.4316151619504744,0.28091609470467255
566,-0.24184044380038328,-0.9534265865920039,-0.8615551253558329,0.6362044867838628,-0.08521629027771331,-0.7964722387563592,-0.304110640599549,0.5640542003063912,0.963049291707326,-0.9600767197797752,-0.8441289997003093,0.11032635208753767,0.7746985051769831,-0.779740481959828,0.12481924772807623,0.078086613892452,-0.8034656160675797,-0.3299955580546327,-0.3960939861674471,0.28058394463394953
567,-0.24009024035461862,-0.9458601706125779,-0.8645956464520157,0.6279201015599354,-0.09084721466455871,-0.7010462512804848,-0.2916321979264531,0.43572857074752125,0.9838181793802676,-0.9970913506062501,-0.8114242309624724,0.07101449687192064,0.7504472863254594,-0.8141911532699014,0.13241844665118177,0.06219794025542707,-0.8421019874593548,-0.264310296466914,-0.49871554846070687,0.2576402035254116
568,-0.2395589207652907,-0.9532698633884007,-0.8623727413500158,0.6270157387587298,-0.08899797250873631,-0.6894119875093874,-0.20092581033537885,0.37919043213548836,0.9673409027007269,-0.9323293070776898,-0.8224192999145882,0.09930496775243634,0.7322027951995322,-0.8560574989441389,0.11555864683542265,0.1331191822693441,-0.9079978261976637,-0.2524455581406815,-0.4841733093713677,0.35171114413771354
569,-0.2395589207652907,-0.9532698633884007,-0.8623727413500158,0.6270157387587298,-0.08899797250873631,-0.6894119875093874,-0.20092581033537885,0.37919043213548836,0.9673409027007269,-0.9323293070776898,-0.8224192999145882,0.09930496775243634,0.7322027951995322,-0.8560574989441389,0.11555864683542265,0.1331191822693441,-0.9079978261976637,-0.2524455581406815,-0.4841733093713677,0.35171114413771354
570,-0.2395589207652907,-0.9532698633884007,-0.8623727413500158,0.6270157387587298,-0.08899797250873631,-0.6894119875093874,-0.20092581033537885,0.37919043213548836,0.9673409027007269,-0.9323293070776898,-0.8224192999145882,0.09930496775243634,0.7322027951995322,-0.8560574989441389,0.11555864683542265,0.1331191822693441,-0.9079978261976637,-0.2524455581406815,-0.4841733093713677,0.35171114413771354
571,-0.2395536794313579,-0.944973254785161,-0.8602445623021445,0.6305044541366759,-0.09316711258873461,-0.6453098503410272,-0.16136673893474243,0.3983800221489474,0.9933357718924269,-0.8765951853245671,-0.7939194900805276,0.04740838627016326,0.8040158949749316,-0.9344747043820364,0.16919109370863966,0.1744401819145762,-0.882694738352911,-0.30683432387712206,-0.45267497240457105,0.3086176770940814
572,-0.24567912134197317,-0.9422057924322776,-0.8645660162073475,0.6240638786698113,-0.09096954814187641,-0.6730726781228635,-0.151490840789751,0.4240259178555899,0.9029841189926244,-0.8541467897901975,-0.8645757361803154,0.0937288355034182,0.7973967545688271,-0.8529223468033426,0.06921809414748076,0.10068603114619812,-0.9072654510984227,-0.35727499462162854,-0.4000655515083941,0.2031744894412873
573,-0.24567912134197317,-0.9422057924322776,-0.8645660162073475,0.6240638786698113,-0.09096954814187641,-0.6730726781228635,-0.151490840789751,0.4240259178555899,0.9029841189926244,-0.8541467897901975,-0.8645757361803154,0.0937288355034182,0.7973967545688271,-0.8529223468033426,0.06921809414748076,0.10068603114619812,-0.9072654510984227,-0.35727499462162854,-0.4000655515083941,0.2031744894412873
574,-0.24567912134197317,-0.9422057924322776,-0.8645660162073475,0.6240638786698113,-0.09096954814187641,-0.6730726781228635,-0.151490840789751,0.4240259178555899,0.9029841189926244,-0.8541467897901975,-0.8645757361803154,0.0937288355034182,0.7973967545688271,-0.8529223468033426,0.06921809414748076,0.10068603114619812,-0.9072654510984227,-0.35727499462162854,-0.4000655515083941,0.2031744894412873
575,-0.24567912134197317,-0.9422057924322776,-0.8645660162073475,0.6240638786698113,-0.09096954814187641,-0.6730726781228635,-0.151490840789751,0.4240259178555899,0.9029841189926244,-0.8541467897901975,-0.8645757361803154,0.0937288355034182,0.7973967545688271,-0.8529223468033426,0.06921809414748076,0.10068603114619812,-0.9072654510984227,-0.35727499462162854,-0.4000655515083941,0.2031744894412873
576,-0.24893669113966027,-0.9427941346099493,-0.8667794109897998,0.6315650749697026,-0.08295978660897511,-0.6250241539504573,-0.21519773977840043,0.40225608476883523,0.9045100896133335,-0.8015005085810165,-0.8652074528693804,0.09153157082144633,0.8408439974513479,-0.8040651071505097,0.1430721654887689,0.07875804114034525,-0.8435728459225634,-0.36420707784236545,-0.4341466711564912,0.2289344386147434
577,-0.2505391048712905,-0.939194933825897,-0.8621191631549928,0.6267338963636812,-0.0880634817371308,-0.5979279208000475,-0.16245976673145926,0.40163307033208034,0.9370240340026575,-0.779201440871723,-0.835938113117884,0.12448610669131747,0.9304584437901567,-0.7004683088483799,0.13267537463830448,0.11425070147824046,-0.9251625799928255,-0.3517152523774724,-0.4548464732117282,0.2708386226473506
578,-0.2505391048712905,-0.939194933825897,-0.8621191631549928,0.6267338963636812,-0.0880634817371308,-0.5979279208000475,-0.16245976673145926,0.40163307033208034,0.9370240340026575,-0.779201440871723,-0.835938113117884,0.12448610669131747,0.9304584437901567,-0.7004683088483799,0.13267537463830448,0.11425070147824046,-0.9251625799928255,-0.3517152523774724,-0.4548464732117282,0.2708386226473506
579,-0.25014199468447434,-0.9402110077718009,-0.8735450690192154,0.6267904622310065,-0.0845310131904764,-0.5419955964529455,-0.18063348224534898,0.4537532628115521,0.9466479434108881,-0.8035198828607129,-0.8565742839442557,0.12545812841509987,0.9190876978848352,-0.7422485505102777,0.06754431064485227,0.05682806798037456,-0.890234121876713,-0.34275628067702507,-0.4762422282465714,0.23346763376355545
580,-0.2555305204334078,-0.944132467572033,-0.8759629403599404,0.6287945742446222,-0.08552414865394868,-0.5237189390068301,-0.15725002955518927,0.414807067624199,0.8549580518950258,-0.794000763520769,-0.8495998849085457,0.17260576220007445,0.9762801217322307,-0.6656621309015959,0.039985737447114804,0.124530225035507,-0.8835493248968773,-0.3815486472857773,-0.49094067188665,0.265655835644044
581,-0.25964230459748233,-0.9371948332063342,-0.8707361248696678,0.6215816559264455,-0.08473598683223842,-0.5425237239722722,-0.11687845923055849,0.478619456476727,0.8486289334948841,-0.7725133053522969,-0.8718368470002164,0.11849276029068474,0.9618101873672372,-0.7666680261101406,0.0337298082837005,0.14292853086481147,-0.9019813600958743,-0.35502507299817276,-0.45132420614500063,0.18349511226107706
582,-0.2469156263435207,-0.9354445386351039,-0.8737682369088483,0.6342325234096462,-0.08791577065697179,-0.5015567241403485,-0.12342650140203582,0.45025085865207126,0.8804267591896785,-0.892748503409451,-0.8570631892063693,0.08071279602825715,0.9566565830872734,-0.7592675846947319,-0.07989937043632399,0.14862999986267583,-0.946922401220958,-0.3482387270865883,-0.45992661529260487,0.1976611470806229
583,-0.253258059076443,-0.9452429573581094,-0.8650379050952809,0.6139144778801895,-0.08520117870924558,-0.5223563496439984,-0.10928122772870748,0.36738087478225223,0.8571169246823962,-0.7938865803640632,-0.8584804309530573,0.15977266981258617,0.9569502087364781,-0.791356198603458,0.007070440893302669,0.10501520389427868,-0.9302919115851226,-0.36973727416359825,-0.5084103663442651,0.25273776200612375
584,-0.253258059076443,-0.9452429573581094,-0.8650379050952809,0.6139144778801895,-0.08520117870924558,-0.5223563496439984,-0.10928122772870748,0.36738087478225223,0.8571169246823962,-0.7938865803640632,-0.8584804309530573,0.15977266981258617,0.9569502087364781,-0.791356198603458,0.007070440893302669,0.10501520389427868,-0.9302919115851226,-0.36973727416359825,-0.5084103663442651,0.25273776200612375
585,-0.25171173995566754,-0.9431949909877791,-0.8819681875759356,0.6235926187444615,-0.08390805706612724,-0.5072294673947251,-0.11319630212138031,0.28986813892209506,0.8049745000467904,-0.8453721641223599,-0.8021048609685214,0.20972518934773546,0.9365565224560168,-0.7038754784206064,-0.020540265589908718,0.15685163745575098,-0.9484466969311861,-0.29495680918244915,-0.581627347782075,0.21485801158276502
586,-0.2515207265916307,-0.9534320478491025,-0.8743636832453211,0.6315461686189381,-0.08687337956623861,-0.6178805704132945,-0.1709350194444298,0.22409488364648578,0.8704417544682954,-0.9285785394084456,-0.778320113955104,0.16066390469114855,0.9646983359008162,-0.7670628615645123,-0.1516545503112613,0.22113198577850107,-0.9205001006480085,-0.2743906271270111,-0.5274268471720853,0.3014439938830333
587,-0.24014591158875684,-0.9513129324798735,-0.8783890679483235,0.6239480437308016,-0.08632986907251315,-0.6902348323751195,-0.21733210777036566,0.21623110648352434,0.9364099423454486,-0.9818887855570957,-0.7226567614437677,0.10851155377676802,0.9683664928980799,-0.763908238955239,-0.08735246951966077,0.20677880012087127,-0.9681360725285554,-0.2932010083859621,-0.533450722319123,0.2880325779962148
588,-0.24063720775649078,-0.9427309481738488,-0.8759368306014128,0.6441841277916276,-0.08944171328912008,-0.5975044749110112,-0.2874024853094333,0.2464973292694554,0.8695348236615692,-0.984347996567044,-0.6835477395151441,0.20950179015858672,0.9428493005013485,-0.6944500636544134,-0.15299337217792616,0.19373375782359858,-0.9226569954461888,-0.23633991592237802,-0.5797069944630099,0.25890146596790986
589,-0.23470464039596456,-0.9531445932298089,-0.878056921002333,0.6306134060679787,-0.08778924132641143,-0.5765104959417819,-0.1682391201861983,0.18223658690327973,0.8460210150025363,-0.9737629562351447,-0.7600415955979318,0.16451590259753535,0.9655228637719254,-0.7140085543789862,-0.082869925071308,0.19212208888649498,-0.9566443058308632,-0.2404818949828941,-0.6208473071860768,0.3075765545255197
590,-0.24614422752334272,-0.9489342864547696,-0.8726526168182421,0.6472149891787112,-0.08929808875818225,-0.6450012558781222,-0.21528861766708784,0.15693825122962646,0.7885111135020585,-0.8920473734196891,-0.7855957628439804,0.263379889649018,0.9826252012286254,-0.7010949560850069,-0.06623137996020513,0.17261094994771645,-0.8817423037480306,-0.22929784030780856,-0.599403783496736,0.32210445698787266
591,-0.25172350369194346,-0.9532059848043531,-0.8790007816486463,0.6314161502328997,-0.07582432218133837,-0.6381174925380827,-0.1919261072433269,0.153553479463229,0.7790765412867391,-0.9715765212319717,-0.7885421239498128,0.28447575456231855,0.9745205437008293,-0.5920626201998109,-0.08088760449938193,0.1352112479966398,-0.8979654791501132,-0.22309456361102561,-0.6655473780975777,0.33577843030964966
592,-0.2552083432028748,-0.953720806589133,-0.8750987325208299,0.6172610908503281,-0.07550594877759163,-0.5879003525004354,-0.21896871044591762,0.22148920285953985,0.7821951204154931,-0.9501397160181771,-0.7137748915524196,0.27821406948466393,0.970452136210175,-0.5873039532298683,0.007803799713774354,0.18227562582008416,-0.8464969874205425,-0.3030266201933961,-0.6211170013614611,0.2667327107636209
593,-0.24554746164660565,-0.9526891237880727,-0.8764483219974203,0.6309426215745999,-0.08567621676283448,-0.5776850705384522,-0.25654642173439035,0.27559102427491333,0.807946281092234,-0.9991981150000604,-0.7543796877846377,0.20041276267799912,0.9590008171208508,-0.6458155822371378,0.004536891868060479,0.10754203132765706,-0.941725190824815,-0.3179262734366189,-0.6075796432314493,0.28947848581250996
594,-0.2558033805665408,-0.9563598085850051,-0.8690792708002827,0.6241531303267174,-0.0811676218608614,-0.5706146882415862,-0.16339745687852444,0.37560338341922056,0.7449224211992098,-0.8994109205124281,-0.8557861253002506,0.2601355731884127,0.8998349216423273,-0.6977161378501777,-0.003452336262695154,0.09816944209185377,-0.8576760364936309,-0.29150834887304783,-0.5676068686306202,0.22629457161232494
595,-0.2558033805665408,-0.9563598085850051,-0.8690792708002827,0.6241531303267174,-0.0811676218608614,-0.5706146882415862,-0.16339745687852444,0.37560338341922056,0.7449224211992098,-0.8994109205124281,-0.8557861253002506,0.2601355731884127,0.8998349216423273,-0.6977161378501777,-0.003452336262695154,0.09816944209185377,-0.8576760364936309,-0.29150834887304783,-0.5676068686306202,0.22629457161232494
596,-0.2476248628972097,-0.9400565733823348,-0.8731980861658583,0.6343697904174888,-0.08707051015803625,-0.5690686981530106,-0.16686120650107802,0.38323848192171284,0.8390535373584953,-0.9254581235769603,-0.8168043443764293,0.31394073251121574,0.867730694812287,-0.7231833833343956,-0.028172701826024125,0.031405601128604625,-0.9218545725265921,-0.3092129549156385,-0.6409012401552212,0.3026767732454681
597,-0.25107370420531805,-0.9472984620856566,-0.8726755196443037,0.6263362221313378,-0.08933745213654469,-0.4956799849620527,-0.1418179590061146,0.31524262580089124,0.8283315434760586,-0.9939650549523273,-0.8911471293135961,0.27419279201201424,0.8345757625906708,-0.7863893515104143,-0.08523921288096646,-0.025189819877701546,-0.8817418629938962,-0.2902511477985676,-0.6854392633163137,0.36347822190673296
598,-0.25107370420531805,-0.9472984620856566,-0.8726755196443037,0.6263362221313378,-0.08933745213654469,-0.4956799849620527,-0.1418179590061146,0.31524262580089124,0.8283315434760586,-0.9939650549523273,-0.8911471293135961,0.27419279201201424,0.8345757625906708,-0.7863893515104143,-0.08523921288096646,-0.025189819877701546,-0.8817418629938962,-0.2902511477985676,-0.6854392633163137,0.36347822190673296
599,-0.25107370420531805,-0.9472984620856566,-0.8726755196443037,0.6263362221313378,-0.08933745213654469,-0.4956799849620527,-0.1418179590061146,0.31524262580089124,0.8283315434760586,-0.9939650549523273,-0.8911471293135961,0.27419279201201424,0.8345757625906708,-0.7863893515104143,-0.08523921288096646,-0.025189819877701546,-0.8817418629938962,-0.2902511477985676,-0.6854392633163137,0.36347822190673296
600,-0.25107370420531805,-0.9472984620856566,-0.8726755196443037,0.6263362221313378,-0.08933745213654469,-0.4956799849620527,-0.1418179590061146,0.31524262580089124,0.8283315434760586,-0.9939650549523273,-0.8911471293135961,0.27419279201201424,0.8345757625906708,-0.7863893515104143,-0.08523921288096646,-0.025189819877701546,-0.8817418629938962,-0.2902511477985676,-0.6854392633163137,0.36347822190673296
601,-0.25107370420531805,-0.9472984620856566,-0.8726755196443037,0.6263362221313378,-0.08933745213654469,-0.4956799849620527,-0.1418179590061146,0.31524262580089124,0.8283315434760586,-0.9939650549523273,-0.8911471293135961,0.27419279201201424,0.8345757625906708,-0.7863893515104143,-0.08523921288096646,-0.025189819877701546,-0.8817418629938962,-0.2902511477985676,-0.6854392633163137,0.36347822190673296
602,-0.2576274811850719,-0.956670196888393,-0.8777581987646127,0.6263262106754661,-0.08581276233695048,-0.461556504045804,-0.1434632636809741,0.30823684593833506,0.8125703180837581,-0.9820486255751795,-0.8168343865438725,0.3146073822028442,0.844193634804937,-0.7751021263427919,-0.07889468986899746,0.039828960754346436,-0.8796290950163945,-0.3058008011703269,-0.7003827709605961,0.35894199427263285
603,-0.2560876179286048,-0.945437458383205,-0.8744258510033213,0.6320791433026035,-0.09236943618978201,-0.3723376030934229,-0.16042944884822852,0.29585320709559537,0.7628416110246257,-0.9981025162014467,-0.7478459821647262,0.38530464122698527,0.8681528136905587,-0.7075515703217666,-0.03427627239405669,0.06089913706796608,-0.940159043504743,-0.2690713191105401,-0.8449698620950823,0.4024319574574171
604,-0.26100827647708696,-0.9438265199214848,-0.8778740596982694,0.624463328483228,-0.08390964573429993,-0.3459565383126492,-0.13569425239258576,0.3769055612732449,0.7066677383003866,-0.9935044811818523,-0.7922324805956403,0.33817677596757756,0.8983355421858968,-0.6829256825077056,-0.06489746624500427,0.18165113440724862,-0.9001198464979513,-0.2106421326328062,-0.8062323044336093,0.41561493633781776
605,-0.25666576583233763,-0.9416159182292142,-0.8750595585299126,0.6243866705806185,-0.09069316504931746,-0.31779001823310965,-0.0672991820585349,0.3995177096301564,0.6763353303902646,-0.9580903769448418,-0.8368583394457402,0.38862246608493817,0.9169656936224158,-0.6410047039377643,-0.033791601375357055,0.06861354700440979,-0.9912553299795979,-0.23503797943245328,-0.8640539372223139,0.36891824771705295
606,-0.25666576583233763,-0.9416159182292142,-0.8750595585299126,0.6243866705806185,-0.09069316504931746,-0.31779001823310965,-0.0672991820585349,0.3995177096301564,0.6763353303902646,-0.9580903769448418,-0.8368583394457402,0.38862246608493817,0.9169656936224158,-0.6410047039377643,-0.033791601375357055,0.06861354700440979,-0.9912553299795979,-0.23503797943245328,-0.8640539372223139,0.36891824771705295
607,-0.2576278075475966,-0.9396341661486822,-0.8749901815154943,0.6360051379232542,-0.08899461082204896,-0.3241967599260708,-0.1052396597462042,0.4975127128228005,0.7825307133714682,-0.8859111507905427,-0.8693854905832684,0.4344546766751418,0.9216457479296166,-0.6421245011495513,-0.05924459987307777,-0.01916328077109032,-0.9137518536384222,-0.3096602377090546,-0.8134973575820715,0.41728336862405485
608,-0.2576278075475966,-0.9396341661486822,-0.8749901815154943,0.6360051379232542,-0.08899461082204896,-0.3241967599260708,-0.1052396597462042,0.4975127128228005,0.7825307133714682,-0.8859111507905427,-0.8693854905832684,0.4344546766751418,0.9216457479296166,-0.6421245011495513,-0.05924459987307777,-0.01916328077109032,-0.9137518536384222,-0.3096602377090546,-0.8134973575820715,0.41728336862405485
609,-0.2550129313239408,-0.9370826328386154,-0.8705700301943841,0.6193836746308613,-0.09060772017851525,-0.30349991975789287,-0.03227507407253547,0.5702718318145742,0.7487331850202735,-0.94377286417623,-0.9316032898770054,0.404033887920801,0.8770848367961417,-0.6795283465904813,-0.10718039505981705,-0.024149652517272243,-0.9837977732182901,-0.25019584830538355,-0.8737944377091272,0.3991896682231437
610,-0.2550129313239408,-0.9370826328386154,-0.8705700301943841,0.6193836746308613,-0.09060772017851525,-0.30349991975789287,-0.03227507407253547,0.5702718318145742,0.7487331850202735,-0.94377286417623,-0.9316032898770054,0.404033887920801,0.8770848367961417,-0.6795283465904813,-0.10718039505981705,-0.024149652517272243,-0.9837977732182901,-0.25019584830538355,-0.8737944377091272,0.3991896682231437
611,-0.25102859888259527,-0.9314983971911585,-0.8749034674934068,0.627096229737096,-0.08717892744806906,-0.2599413952145633,-0.046400812791660924,0.6087114180329576,0.7895769201196016,-0.9223179731554696,-0.9327139536233475,0.413794274876174,0.8320596455469588,-0.6975538330316617,-0.10498476179493493,-0.07843002452146713,-0.9801660843754798,-0.2618718091283094,-0.8495573385167225,0.37473649227740036
612,-0.2540099724511989,-0.9301417625900371,-0.8738905493234402,0.6188814170557396,-0.08590182363860778,-0.31515662937555433,-0.018480360483648317,0.6488403080345929,0.787095087596049,-0.9326296250526863,-0.9498275166113087,0.38906076317989247,0.8460706837917837,-0.6964252007633367,-0.04409276789712634,-0.053975383260814254,-0.9427025101951086,-0.32299121990293567,-0.8130642243131697,0.3628791198598188
613,-0.2537175991721761,-0.9288155581034679,-0.8736102358037149,0.6304386299749534,-0.09463167924451937,-0.23431046485721876,-0.0790491735148071,0.5687274112557379,0.7979659423783036,-0.9025155885781523,-0.9205819320602521,0.37343710078982983,0.8569235094302065,-0.6977245454896235,-0.08568814805097055,-0.0787866547163646,-0.9766571027734333,-0.28181900327630577,-0.8165961859721979,0.3599590952115826
614,-0.2548615436219283,-0.9311373522461319,-0.8781187982437039,0.6236169139885123,-0.09188113913667403,-0.1980304362767165,-0.061172699267691505,0.5176927349157343,0.8500357241842426,-0.9206294045673966,-0.9628853380673231,0.31997456741367003,0.8497655595402758,-0.6697352364987231,-0.08160905496907334,-0.12923243955414365,-0.9619494830072309,-0.26668119465315215,-0.8246203005891387,0.35951586823629433
615,-0.2548615436219283,-0.9311373522461319,-0.8781187982437039,0.6236169139885123,-0.09188113913667403,-0.1980304362767165,-0.061172699267691505,0.5176927349157343,0.8500357241842426,-0.9206294045673966,-0.9628853380673231,0.31997456741367003,0.8497655595402758,-0.6697352364987231,-0.08160905496907334,-0.12923243955414365,-0.9619494830072309,-0.26668119465315215,-0.8246203005891387,0.35951586823629433
616,-0.2553839782295953,-0.931996373165634,-0.8789728533782897,0.6307913596509491,-0.08583851673343834,-0.2852498088239002,-0.14409917315599638,0.4943396966239577,0.8430085587045174,-0.9050333108906936,-0.9486100198669498,0.3490663655585038,0.8857745956191532,-0.6377695858648831,-0.06349388883189536,-0.17769383615297835,-0.9556989293466416,-0.308464425313675,-0.7526306149954419,0.37754288571543027
617,-0.2553839782295953,-0.931996373165634,-0.8789728533782897,0.6307913596509491,-0.08583851673343834,-0.2852498088239002,-0.14409917315599638,0.4943396966239577,0.8430085587045174,-0.9050333108906936,-0.9486100198669498,0.3490663655585038,0.8857745956191532,-0.6377695858648831,-0.06349388883189536,-0.17769383615297835,-0.9556989293466416,-0.308464425313675,-0.7526306149954419,0.37754288571543027
618,-0.2553839782295953,-0.931996373165634,-0.8789728533782897,0.6307913596509491,-0.08583851673343834,-0.2852498088239002,-0.14409917315599638,0.4943396966239577,0.8430085587045174,-0.9050333108906936,-0.9486100198669498,0.3490663655585038,0.8857745956191532,-0.6377695858648831,-0.06349388883189536,-0.17769383615297835,-0.9556989293466416,-0.308464425313675,-0.7526306149954419,0.37754288571543027
619,-0.2553839782295953,-0.931996373165634,-0.8789728533782897,0.6307913596509491,-0.08583851673343834,-0.2852498088239002,-0.14409917315599638,0.4943396966239577,0.8430085587045174,-0.9050333108906936,-0.9486100198669498,0.3490663655585038,0.8857745956191532,-0.6377695858648831,-0.06349388883189536,-0.17769383615297835,-0.9556989293466416,-0.308464425313675,-0.7526306149954419,0.37754288571543027
620,-0.25971048887938597,-0.9366181681903165,-0.8890702057736338,0.6294759111896382,-0.09004185467115094,-0.2517610223285936,-0.13276161430030342,0.507010489120965,0.841923741295305,-0.956613080798754,-0.9180955117733746,0.43006478343787974,0.9146378959836727,-0.5652035325179142,-0.08629626621040792,-0.2303320611451553,-0.91987236722982,-0.3267961029378816,-0.8838540249554453,0.38293560146804945
621,-0.2598532317690736,-0.9275045529708456,-0.8852399627098051,0.6316744032184423,-0.08133713070508472,-0.21564275461360888,-0.14556782118110612,0.5005355712154325,0.7879603946526956,-0.967872510213675,-0.995680837541054,0.3774658071355724,0.9155430319891347,-0.596621272608027,-0.1687061276929375,-0.28046362927868856,-0.8984209077666506,-0.3616486222052441,-0.7948875033169293,0.4639483699826451
622,-0.25763661323876397,-0.92573992123116,-0.8828171006402609,0.6338728096569861,-0.0884481228215233,-0.2355265648564655,-0.11423595033927386,0.4900695104385073,0.8233019113205599,-0.9570790881905018,-0.9098910614126359,0.4162952309453168,0.958384341676822,-0.6116689557203093,-0.10144489884010481,-0.1749579233010733,-0.9109630460042546,-0.34111966903376195,-0.8717780807978036,0.4491831130034384
623,-0.25102792724385403,-0.9313430832235405,-0.8771628995879392,0.6317818801808585,-0.08970599363026424,-0.2797512635131257,-0.1135014735043558,0.4766409115496384,0.8726942188839464,-0.9813763031982738,-0.9069380732454172,0.33104695049134,0.9577071108067187,-0.6723561412300163,-0.14714228527926806,-0.10156755595263799,-0.9793976337214972,-0.3192238135979004,-0.7973510813825831,0.49210451263904414
624,-0.25398181313527635,-0.9401998374037391,-0.878727079827867,0.6296585703915543,-0.08684713938921458,-0.34429013932726,-0.08627798865620491,0.46888751188511013,0.853528993954314,-0.9960460470491628,-0.9137589280493628,0.33606874178732454,0.9843307321111692,-0.6814209309950019,-0.16649762271306584,-0.036339536673458246,-0.9216692532063859,-0.2907217550334641,-0.8405724979271555,0.5057138935272301
625,-0.2541842959101059,-0.9395941998213843,-0.8766011342686527,0.6326934862390243,-0.0830301409950537,-0.33945377979350005,-0.1501435354791408,0.47491146499972253,0.8089006080995769,-0.9888852633783302,-0.9235095202288633,0.40907176110464016,0.9209987913851703,-0.6417180816828939,-0.10581157425083229,-0.10309972509863255,-0.8876975921395773,-0.3058112969806796,-0.7944154013936277,0.5775306916347236
626,-0.2586099092178115,-0.938295249746599,-0.8773767877915567,0.630364557642037,-0.0793463467586999,-0.4172598357420813,-0.12723774879283323,0.4959064805074314,0.8152521547784923,-0.9255654904856836,-0.9768050788228397,0.37094822625829593,0.8801077525324986,-0.6512843184459768,-0.048606992930261904,-0.13519315711241806,-0.8380500980827961,-0.2737556603627744,-0.7910694353361528,0.4573409737073166
627,-0.2586099092178115,-0.938295249746599,-0.8773767877915567,0.630364557642037,-0.0793463467586999,-0.4172598357420813,-0.12723774879283323,0.4959064805074314,0.8152521547784923,-0.9255654904856836,-0.9768050788228397,0.37094822625829593,0.8801077525324986,-0.6512843184459768,-0.048606992930261904,-0.13519315711241806,-0.8380500980827961,-0.2737556603627744,-0.7910694353361528,0.4573409737073166
628,-0.25940907884807635,-0.9419657886209325,-0.867462032486308,0.6399570961743911,-0.08446241960510872,-0.36575645576001065,-0.16879587586967265,0.4943651157134526,0.8268540943903893,-0.9650535196137567,-0.9282927578704002,0.39896990357855894,0.9241992925971859,-0.591828543018621,-0.12507963986601878,-0.14044975984556923,-0.902136681289234,-0.31206551237856933,-0.7725512854053034,0.48848602213329284
629,-0.2551304472019812,-0.9402363974070397,-0.882761453257477,0.6342175729489913,-0.08524673838703817,-0.46983309664529377,-0.13207376436210838,0.5206119839086256,0.9090660580830219,-0.941038320730866,-0.9985183741263437,0.33146129893477094,0.9098447457638084,-0.6622112729971749,-0.12419290233482934,-0.16036234645297961,-0.8914138278622965,-0.23724762809322944,-0.7875417410375221,0.47957670874041175
630,-0.2551304472019812,-0.9402363974070397,-0.882761453257477,0.6342175729489913,-0.08524673838703817,-0.46983309664529377,-0.13207376436210838,0.5206119839086256,0.9090660580830219,-0.941038320730866,-0.9985183741263437,0.33146129893477094,0.9098447457638084,-0.6622112729971749,-0.12419290233482934,-0.16036234645297961,-0.8914138278622965,-0.23724762809322944,-0.7875417410375221,0.47957670874041175
631,-0.2551304472019812,-0.9402363974070397,-0.882761453257477,0.6342175729489913,-0.08524673838703817,-0.46983309664529377,-0.13207376436210838,0.5206119839086256,0.9090660580830219,-0.941038320730866,-0.9985183741263437,0.33146129893477094,0.9098447457638084,-0.6622112729971749,-0.12419290233482934,-0.16036234645297961,-0.8914138278622965,-0.23724762809322944,-0.7875417410375221,0.47957670874041175
632,-0.2551304472019812,-0.9402363974070397,-0.882761453257477,0.6342175729489913,-0.08524673838703817,-0.46983309664529377,-0.13207376436210838,0.5206119839086256,0.9090660580830219,-0.941038320730866,-0.9985183741263437,0.33146129893477094,0.9098447457638084,-0.6622112729971749,-0.12419290233482934,-0.16036234645297961,-0.8914138278622965,-0.23724762809322944,-0.7875417410375221,0.47957670874041175
633,-0.25449443893017715,-0.9423369150588556,-0.8725261461857896,0.629882956872201,-0.0818329222263644,-0.4695932666180152,-0.22157078927791285,0.4867023782477354,0.8754267314921572,-0.9511589248287525,-0.9317679484976465,0.3357862153925813,0.8827514214091886,-0.5831359410469945,-0.14828207545817546,-0.08867767490821561,-0.9550952946600326,-0.17218391550390305,-0.7704624299404,0.4837925208637026
634,-0.25092138745065695,-0.9302003053856355,-0.8758482033251127,0.6345639181278528,-0.0810325832180232,-0.4630879774206659,-0.21465528585493795,0.5339432333893098,0.9668321226922039,-0.9840923423837619,-0.9508912070474356,0.28770377952701687,0.9777501876279981,-0.5441147576244667,-0.20494466134718084,-0.09174287833647858,-0.9573865912447035,-0.04420717672984996,-0.8294584505006896,0.48030335900846305
635,-0.2540848102697015,-0.9367247564414586,-0.8740427625188588,0.6220888364032539,-0.07575050505663275,-0.5164383154638981,-0.2251483343605994,0.5744764285717611,0.9121084504715422,-0.9784763082838283,-0.91954732510155,0.3992236417151976,0.8838083754243392,-0.501907976987194,-0.14555789105680647,-0.13042416487240227,-0.9925882137199431,-0.09820807081054496,-0.8107584541102015,0.42085044560049345
636,-0.2540848102697015,-0.9367247564414586,-0.8740427625188588,0.6220888364032539,-0.07575050505663275,-0.5164383154638981,-0.2251483343605994,0.5744764285717611,0.9121084504715422,-0.9784763082838283,-0.91954732510155,0.3992236417151976,0.8838083754243392,-0.501907976987194,-0.14555789105680647,-0.13042416487240227,-0.9925882137199431,-0.09820807081054496,-0.8107584541102015,0.42085044560049345
637,-0.2540848102697015,-0.9367247564414586,-0.8740427625188588,0.6220888364032539,-0.07575050505663275,-0.5164383154638981,-0.2251483343605994,0.5744764285717611,0.9121084504715422,-0.9784763082838283,-0.91954732510155,0.3992236417151976,0.8838083754243392,-0.501907976987194,-0.14555789105680647,-0.13042416487240227,-0.9925882137199431,-0.09820807081054496,-0.8107584541102015,0.42085044560049345
638,-0.2549266329360084,-0.9345383896121967,-0.8689181985511036,0.6324943418549184,-0.08440766486366098,-0.44882196416691883,-0.22848604389547364,0.603709294161651,0.9823206726802688,-0.9137627242611263,-0.9576810475802708,0.39130111417816144,0.7849642626084943,-0.5859690665838578,-0.014158655967016561,-0.2690516257423112,-0.9432109986699825,-0.12113921899643505,-0.8227666976668991,0.4047884199211956
639,-0.2549266329360084,-0.9345383896121967,-0.8689181985511036,0.6324943418549184,-0.08440766486366098,-0.44882196416691883,-0.22848604389547364,0.603709294161651,0.9823206726802688,-0.9137627242611263,-0.9576810475802708,0.39130111417816144,0.7849642626084943,-0.5859690665838578,-0.014158655967016561,-0.2690516257423112,-0.9432109986699825,-0.12113921899643505,-0.8227666976668991,0.4047884199211956
640,-0.2549266329360084,-0.9345383896121967,-0.8689181985511036,0.6324943418549184,-0.08440766486366098,-0.44882196416691883,-0.22848604389547364,0.603709294161651,0.9823206726802688,-0.9137627242611263,-0.9576810475802708,0.39130111417816144,0.7849642626084943,-0.5859690665838578,-0.014158655967016561,-0.2690516257423112,-0.9432109986699825,-0.12113921899643505,-0.8227666976668991,0.4047884199211956
641,-0.2549266329360084,-0.9345383896121967,-0.8689181985511036,0.6324943418549184,-0.08440766486366098,-0.44882196416691883,-0.22848604389547364,0.603709294161651,0.9823206726802688,-0.9137627242611263,-0.9576810475802708,0.39130111417816144,0.7849642626084943,-0.5859690665838578,-0.014158655967016561,-0.2690516257423112,-0.9432109986699825,-0.12113921899643505,-0.8227666976668991,0.4047884199211956
642,-0.2504903476599901,-0.9210495489747675,-0.8693036056987582,0.6231518641479861,-0.08174297190029302,-0.44328324847916506,-0.22300973694343248,0.6549580715347179,0.9829130283270459,-0.9917448284558301,-0.9349469308666979,0.37461904268597784,0.7237098290318764,-0.5776144004375499,-0.001775180126772103,-0.2724983936076653,-0.9709413706696671,-0.1581038340547228,-0.7922660520540925,0.3618616398111185
643,-0.2504903476599901,-0.9210495489747675,-0.8693036056987582,0.6231518641479861,-0.08174297190029302,-0.44328324847916506,-0.22300973694343248,0.6549580715347179,0.9829130283270459,-0.9917448284558301,-0.9349469308666979,0.37461904268597784,0.7237098290318764,-0.5776144004375499,-0.001775180126772103,-0.2724983936076653,-0.9709413706696671,-0.1581038340547228,-0.7922660520540925,0.3618616398111185
644,-0.2526347751875521,-0.9392972188409336,-0.8716869453810527,0.63158941219986,-0.08107128846388689,-0.4590958045582568,-0.2791115946022549,0.6547802583051802,0.9515683622426337,-0.9997746654175141,-0.9959115740370547,0.3913562531674947,0.7621637758847233,-0.5827574959704731,-0.04345609228073183,-0.3145301879251869,-0.9311258875241657,-0.1445537620696758,-0.8307465468380952,0.451128389326205
645,-0.25418850757042666,-0.9358957412575544,-0.8769208017493012,0.631555756097385,-0.07455222790450006,-0.5167645472107959,-0.29841061089806575,0.6028952158005998,0.9905805045540891,-0.9898850219237995,-0.9518343863922081,0.41904556867136455,0.7932921320429454,-0.5269256326743583,-0.05816114073026624,-0.2651520822918846,-0.835437646257436,-0.2026681832954786,-0.7819672436776984,0.45950301599825943
646,-0.25418850757042666,-0.9358957412575544,-0.8769208017493012,0.631555756097385,-0.07455222790450006,-0.5167645472107959,-0.29841061089806575,0.6028952158005998,0.9905805045540891,-0.9898850219237995,-0.9518343863922081,0.41904556867136455,0.7932921320429454,-0.5269256326743583,-0.05816114073026624,-0.2651520822918846,-0.835437646257436,-0.2026681832954786,-0.7819672436776984,0.45950301599825943
647,-0.25418850757042666,-0.9358957412575544,-0.8769208017493012,0.631555756097385,-0.07455222790450006,-0.5167645472107959,-0.29841061089806575,0.6028952158005998,0.9905805045540891,-0.9898850219237995,-0.9518343863922081,0.41904556867136455,0.7932921320429454,-0.5269256326743583,-0.05816114073026624,-0.2651520822918846,-0.835437646257436,-0.2026681832954786,-0.7819672436776984,0.45950301599825943
648,-0.25418850757042666,-0.9358957412575544,-0.8769208017493012,0.631555756097385,-0.07455222790450006,-0.5167645472107959,-0.29841061089806575,0.6028952158005998,0.9905805045540891,-0.9898850219237995,-0.9518343863922081,0.41904556867136455,0.7932921320429454,-0.5269256326743583,-0.05816114073026624,-0.2651520822918846,-0.835437646257436,-0.2026681832954786,-0.7819672436776984,0.45950301599825943
649,-0.25726374415220205,-0.941173192694949,-0.871285601568113,0.6356177044436468,-0.07530629388705004,-0.42872591339227406,-0.38477812394328725,0.5754373880665098,0.9795197027825984,-0.9981652749518607,-0.9752110174718064,0.3331615515155313,0.8786058525083195,-0.4627892543890386,0.05302040195752485,-0.3697400513479365,-0.8659738498485992,-0.22414322562082267,-0.7389935726873741,0.46111349916941863
650,-0.2544813359254779,-0.9350744294501365,-0.8757656723565926,0.6349899528811109,-0.07374608457746784,-0.42697806367281843,-0.403824099308443,0.4044152768230946,0.9873978642550127,-0.9981564836161323,-0.9441883548914566,0.3778963290545919,0.8213992752284532,-0.4424500295265331,0.04314963584186066,-0.3848103033149287,-0.861984052392557,-0.20484206577667533,-0.7829726452045973,0.48328070870191164
651,-0.25813566856651443,-0.937789039092228,-0.8734509499260843,0.6275928929048851,-0.07693866681344211,-0.39800057857881926,-0.34065485049277405,0.46049784924267956,0.9989626924474964,-0.9939401687423365,-0.9781718435434403,0.39290962724330675,0.884239316284159,-0.4671941597168467,0.08153913435639491,-0.4149670305720333,-0.8665432556003653,-0.2538340441958875,-0.7943523439202638,0.5310341633499032
652,-0.25813566856651443,-0.937789039092228,-0.8734509499260843,0.6275928929048851,-0.07693866681344211,-0.39800057857881926,-0.34065485049277405,0.46049784924267956,0.9989626924474964,-0.9939401687423365,-0.9781718435434403,0.39290962724330675,0.884239316284159,-0.4671941597168467,0.08153913435639491,-0.4149670305720333,-0.8665432556003653,-0.2538340441958875,-0.7943523439202638,0.5310341633499032
653,-0.25813566856651443,-0.937789039092228,-0.8734509499260843,0.6275928929048851,-0.07693866681344211,-0.39800057857881926,-0.34065485049277405,0.46049784924267956,0.9989626924474964,-0.9939401687423365,-0.9781718435434403,0.39290962724330675,0.884239316284159,-0.4671941597168467,0.08153913435639491,-0.4149670305720333,-0.8665432556003653,-0.2538340441958875,-0.7943523439202638,0.5310341633499032
654,-0.2515758422238112,-0.9409051120547222,-0.8742722470524684,0.6348595269676043,-0.07522305352512193,-0.34315764848078595,-0.3417084367031265,0.48562028978235006,0.9929221810014559,-0.9959095042455168,-0.9481995075367958,0.3154666927630674,0.8520413991273778,-0.4959318542864252,0.07965816536275837,-0.294726159517116,-0.8862595137545294,-0.2449164862959808,-0.7609936047887139,0.5033898402371949
655,-0.2515758422238112,-0.9409051120547222,-0.8742722470524684,0.6348595269676043,-0.07522305352512193,-0.34315764848078595,-0.3417084367031265,0.48562028978235006,0.9929221810014559,-0.9959095042455168,-0.9481995075367958,0.3154666927630674,0.8520413991273778,-0.4959318542864252,0.07965816536275837,-0.294726159517116,-0.8862595137545294,-0.2449164862959808,-0.7609936047887139,0.5033898402371949
656,-0.2515758422238112,-0.9409051120547222,-0.8742722470524684,0.6348595269676043,-0.07522305352512193,-0.34315764848078595,-0.3417084367031265,0.48562028978235006,0.9929221810014559,-0.9959095042455168,-0.9481995075367958,0.3154666927630674,0.8520413991273778,-0.4959318542864252,0.07965816536275837,-0.294726159517116,-0.8862595137545294,-0.2449164862959808,-0.7609936047887139,0.5033898402371949
657,-0.25208133395157317,-0.9277349458704437,-0.8727123908534962,0.6308974224838266,-0.07495927173756911,-0.3588462590140924,-0.30537443523645136,0.6119833272375989,0.9928764596142414,-0.9736079597450239,-0.9910357848408836,0.3052192564550917,0.8738538933337678,-0.5187885184188193,0.04864661053123057,-0.29297564327596415,-0.8772962799212355,-0.27064687862014036,-0.7542790817813206,0.44656826000348654
658,-0.25208133395157317,-0.9277349458704437,-0.8727123908534962,0.6308974224838266,-0.07495927173756911,-0.3588462590140924,-0.30537443523645136,0.6119833272375989,0.9928764596142414,-0.9736079597450239,-0.9910357848408836,0.3052192564550917,0.8738538933337678,-0.5187885184188193,0.04864661053123057,-0.29297564327596415,-0.8772962799212355,-0.27064687862014036,-0.7542790817813206,0.44656826000348654
659,-0.2553351514057121,-0.9358443093392367,-0.8701501496328902,0.6336414196089233,-0.07716340763413165,-0.3044056669379736,-0.29989148232749224,0.5423440896589597,0.9737557922012885,-0.9643844864277128,-0.9851284676164945,0.34382427658618275,0.848595854056601,-0.4785643399039671,0.0818184121180331,-0.36078177823040547,-0.9421918533141933,-0.28414532236148515,-0.7967195395169004,0.4666074679968587
660,-0.2550281088205942,-0.923061757775472,-0.8725515644997044,0.6308969613915713,-0.07980230640365617,-0.2985810759747886,-0.29279370002138383,0.6079115540104431,0.9769717168745842,-0.9783462360712573,-0.9710340692216343,0.37003868321828526,0.8760816468978616,-0.4783168776580014,0.029110750748348777,-0.32531142786802564,-0.8875972765762161,-0.31258716446570545,-0.8170755600571766,0.43430681699932633
661,-0.24662140408470357,-0.9393208713349818,-0.8694949535909017,0.6371977363144055,-0.07827894378174777,-0.29491414424414975,-0.3171713650343771,0.607634754651701,0.9974829745529679,-0.9706843806021805,-0.995574814148342,0.306514882547738,0.8636782422534196,-0.5815123528430072,0.06591347438435854,-0.30839748729705874,-0.880885410204277,-0.34206392905141836,-0.7391613013931755,0.5129300568073359
662,-0.24662140408470357,-0.9393208713349818,-0.8694949535909017,0.6371977363144055,-0.07827894378174777,-0.29491414424414975,-0.3171713650343771,0.607634754651701,0.9974829745529679,-0.9706843806021805,-0.995574814148342,0.306514882547738,0.8636782422534196,-0.5815123528430072,0.06591347438435854,-0.30839748729705874,-0.880885410204277,-0.34206392905141836,-0.7391613013931755,0.5129300568073359
663,-0.24662140408470357,-0.9393208713349818,-0.8694949535909017,0.6371977363144055,-0.07827894378174777,-0.29491414424414975,-0.3171713650343771,0.607634754651701,0.9974829745529679,-0.9706843806021805,-0.995574814148342,0.306514882547738,0.8636782422534196,-0.5815123528430072,0.06591347438435854,-0.30839748729705874,-0.880885410204277,-0.34206392905141836,-0.7391613013931755,0.5129300568073359
664,-0.24662140408470357,-0.9393208713349818,-0.8694949535909017,0.6371977363144055,-0.07827894378174777,-0.29491414424414975,-0.3171713650343771,0.607634754651701,0.9974829745529679,-0.9706843806021805,-0.995574814148342,0.306514882547738,0.8636782422534196,-0.5815123528430072,0.06591347438435854,-0.30839748729705874,-0.880885410204277,-0.34206392905141836,-0.7391613013931755,0.5129300568073359
665,-0.24662140408470357,-0.9393208713349818,-0.8694949535909017,0.6371977363144055,-0.07827894378174777,-0.29491414424414975,-0.3171713650343771,0.607634754651701,0.9974829745529679,-0.9706843806021805,-0.995574814148342,0.306514882547738,0.8636782422534196,-0.5815123528430072,0.06591347438435854,-0.30839748729705874,-0.880885410204277,-0.34206392905141836,-0.7391613013931755,0.5129300568073359
666,-0.24662140408470357,-0.9393208713349818,-0.8694949535909017,0.6371977363144055,-0.07827894378174777,-0.29491414424414975,-0.3171713650343771,0.607634754651701,0.9974829745529679,-0.9706843806021805,-0.995574814148342,0.306514882547738,0.8636782422534196,-0.5815123528430072,0.06591347438435854,-0.30839748729705874,-0.880885410204277,-0.34206392905141836,-0.7391613013931755,0.5129300568073359
667,-0.25137301823957914,-0.9321788813557019,-0.8690156843135206,0.6287798028537471,-0.07854662945814928,-0.3889610576747207,-0.26625547274086503,0.5594647675320978,0.9961993343585402,-0.952091014568809,-0.9667004120039413,0.36526871434447844,0.895511772069652,-0.5613440539835783,-0.024583834541811286,-0.26393467334356907,-0.8684104945182662,-0.2958365504424907,-0.7174161359927089,0.5060103579448788
668,-0.25696298245350996,-0.9427070476694798,-0.8713054193936135,0.634679960499371,-0.07921758475929266,-0.3664802517757783,-0.26683661183842333,0.49687213690435317,0.9579875414669027,-0.9358170145353026,-0.9620012069631562,0.33359278278538096,0.9163499045391434,-0.5468849132739249,0.027118981423565336,-0.27863016178420164,-0.8833358048782481,-0.33369142645613387,-0.724405363754448,0.3843559088140115
669,-0.25437047478784014,-0.9368347768131713,-0.8787998131427431,0.6353313505336986,-0.07336957069206126,-0.3719861501818909,-0.3018232638180871,0.5234009658692764,0.9469015594416843,-0.9506482518065599,-0.9958457094619908,0.3149750054142104,0.9489052431970068,-0.5125634895277373,-0.08258130236155821,-0.2632489175236923,-0.8842706565253267,-0.3385763308527044,-0.7007950588249748,0.4131581557789684
670,-0.25437047478784014,-0.9368347768131713,-0.8787998131427431,0.6353313505336986,-0.07336957069206126,-0.3719861501818909,-0.3018232638180871,0.5234009658692764,0.9469015594416843,-0.9506482518065599,-0.9958457094619908,0.3149750054142104,0.9489052431970068,-0.5125634895277373,-0.08258130236155821,-0.2632489175236923,-0.8842706565253267,-0.3385763308527044,-0.7007950588249748,0.4131581557789684
671,-0.25437047478784014,-0.9368347768131713,-0.8787998131427431,0.6353313505336986,-0.07336957069206126,-0.3719861501818909,-0.3018232638180871,0.5234009658692764,0.9469015594416843,-0.9506482518065599,-0.9958457094619908,0.3149750054142104,0.9489052431970068,-0.5125634895277373,-0.08258130236155821,-0.2632489175236923,-0.8842706565253267,-0.3385763308527044,-0.7007950588249748,0.4131581557789684
672,-0.2549474976798273,-0.9347817412404451,-0.8753989906764388,0.6269346703918812,-0.07943348023368006,-0.3531204767119787,-0.19962187006672094,0.5542648693291407,0.9605346403519681,-0.9555692214274142,-0.9936820020018193,0.34589190806926334,0.9532947331826962,-0.5473224074934617,-0.05023303414079203,-0.29253426637488317,-0.9257087534863658,-0.3421755304860899,-0.7476544813470183,0.386597873936854
673,-0.2549474976798273,-0.9347817412404451,-0.8753989906764388,0.6269346703918812,-0.07943348023368006,-0.3531204767119787,-0.19962187006672094,0.5542648693291407,0.9605346403519681,-0.9555692214274142,-0.9936820020018193,0.34589190806926334,0.9532947331826962,-0.5473224074934617,-0.05023303414079203,-0.29253426637488317,-0.9257087534863658,-0.3421755304860899,-0.7476544813470183,0.386597873936854
674,-0.2549474976798273,-0.9347817412404451,-0.8753989906764388,0.6269346703918812,-0.07943348023368006,-0.3531204767119787,-0.19962187006672094,0.5542648693291407,0.9605346403519681,-0.9555692214274142,-0.9936820020018193,0.34589190806926334,0.9532947331826962,-0.5473224074934617,-0.05023303414079203,-0.29253426637488317,-0.9257087534863658,-0.3421755304860899,-0.7476544813470183,0.386597873936854
675,-0.24891943823388865,-0.9312234544409375,-0.8730454710293049,0.6351803730649069,-0.07931075936739031,-0.33519688937099024,-0.24898472277348718,0.501106104391652,0.9814332528393623,-0.9806229566604442,-0.9639796379874412,0.29709638255932125,0.9495025823495558,-0.6217571180240145,-0.06755161258829519,-0.26712818067155647,-0.9215648124254647,-0.4021405082603784,-0.701411385891929,0.45362300204224376
676,-0.2582596122058349,-0.9386341046149344,-0.876094099448649,0.6332025628535434,-0.07593925972095775,-0.3503453355666544,-0.2987175506654779,0.444755212526624,0.9829621154727993,-0.9557412296992929,-0.9738219736432602,0.2573246690860062,0.9928137798506291,-0.49625623408643305,-0.023083493005381893,-0.2793860354930732,-0.8105125138480453,-0.36229799476078195,-0.6425243877739079,0.4254789416796088
677,-0.2582596122058349,-0.9386341046149344,-0.876094099448649,0.6332025628535434,-0.07593925972095775,-0.3503453355666544,-0.2987175506654779,0.444755212526624,0.9829621154727993,-0.9557412296992929,-0.9738219736432602,0.2573246690860062,0.9928137798506291,-0.49625623408643305,-0.023083493005381893,-0.2793860354930732,-0.8105125138480453,-0.36229799476078195,-0.6425243877739079,0.4254789416796088
678,-0.2582359624676765,-0.9406016339547758,-0.8794127950710059,0.6377411338226326,-0.06918519750895502,-0.3857754985527827,-0.406469085459726,0.42285683460146617,0.9955049861469547,-0.9698803574993673,-0.9686080478725547,0.24096693034062833,0.9583996785246551,-0.4090126453435262,-0.02905919304824464,-0.2720749040370444,-0.8219587235744114,-0.3342775477541586,-0.5667811874744738,0.38811670862133346
679,-0.2509739340849232,-0.92967028446627,-0.8750241777982071,0.6361516802187891,-0.082703607684394,-0.39581566973323873,-0.328967046805057,0.39587059499240224,0.9857041947199888,-0.9344764784025227,-0.9710348988832622,0.23257697272695044,0.959349471199199,-0.5505451645762242,0.001668405899678066,-0.27905931629341874,-0.8884172836124912,-0.24464513075995906,-0.6886127144568926,0.4147408854582416
680,-0.2509739340849232,-0.92967028446627,-0.8750241777982071,0.6361516802187891,-0.082703607684394,-0.39581566973323873,-0.328967046805057,0.39587059499240224,0.9857041947199888,-0.9344764784025227,-0.9710348988832622,0.23257697272695044,0.959349471199199,-0.5505451645762242,0.001668405899678066,-0.27905931629341874,-0.8884172836124912,-0.24464513075995906,-0.6886127144568926,0.4147408854582416
681,-0.2578605429996276,-0.9504572302597879,-0.8800093736123392,0.6294313259969699,-0.06810812040772271,-0.36242796253596504,-0.27865780842466775,0.3348154267981207,0.9635644180593983,-0.9443399199544787,-0.9863132986582956,0.3253215626113383,0.8899652566086474,-0.5433111936769057,-0.00962434121505262,-0.33219651643712145,-0.876924645814106,-0.3696604855094165,-0.6656493750807446,0.4640162975369778
682,-0.2594420428521297,-0.9393315255953166,-0.8808328013657057,0.635638885168775,-0.08586348210011863,-0.36758486450566097,-0.24404432095977746,0.4256845022109218,0.9921779730534569,-0.873228631570126,-0.9981766609860485,0.2756471392124683,0.9475561041901541,-0.6245298492415707,-0.07585669646244277,-0.3315861139516282,-0.8555894994214799,-0.3380344155464545,-0.6566190500765644,0.35718530798370257
683,-0.261332168602176,-0.9300617184101029,-0.8880578909889876,0.6333899891251341,-0.078302831157213,-0.34059724810093994,-0.2866576764573013,0.3896769160076446,0.9595364428087151,-0.9393136244185532,-0.9916738625434034,0.2562206003131395,0.963633566462779,-0.5026282484604226,-0.10043816266923151,-0.3691866949890803,-0.8957439760009758,-0.4141448734734002,-0.5486264006250853,0.30729384603498355
684,-0.2566476804687628,-0.9381196821552454,-0.8802651861155899,0.6370149901206184,-0.08455591698874884,-0.3701496116363937,-0.32922813590963873,0.42927697894180544,0.9518191959494454,-0.9465405813145966,-0.9787682601413961,0.23123523596461154,0.9189249766955498,-0.5598136347030409,-0.048483857366795606,-0.31002645430240217,-0.8983424204724957,-0.3225257835783576,-0.6442198049985693,0.33283924377543866
685,-0.2566476804687628,-0.9381196821552454,-0.8802651861155899,0.6370149901206184,-0.08455591698874884,-0.3701496116363937,-0.32922813590963873,0.42927697894180544,0.9518191959494454,-0.9465405813145966,-0.9787682601413961,0.23123523596461154,0.9189249766955498,-0.5598136347030409,-0.048483857366795606,-0.31002645430240217,-0.8983424204724957,-0.3225257835783576,-0.6442198049985693,0.33283924377543866
686,-0.25653322955959107,-0.9375142668083934,-0.8875404402969519,0.6377665378347656,-0.07834414091598166,-0.39229335948955885,-0.21553631785880992,0.4459086697912839,0.962249599574979,-0.9206060584236107,-0.9974231497323804,0.2774548124808533,0.8901699796893279,-0.5528005604958072,-0.1275344230192953,-0.25379690877684835,-0.9086250784645967,-0.2697683616159827,-0.6798760132682082,0.3156451534477102
687,-0.25653322955959107,-0.9375142668083934,-0.8875404402969519,0.6377665378347656,-0.07834414091598166,-0.39229335948955885,-0.21553631785880992,0.4459086697912839,0.962249599574979,-0.9206060584236107,-0.9974231497323804,0.2774548124808533,0.8901699796893279,-0.5528005604958072,-0.1275344230192953,-0.25379690877684835,-0.9086250784645967,-0.2697683616159827,-0.6798760132682082,0.3156451534477102
688,-0.25446963992798005,-0.9312467515023146,-0.8742572881980745,0.627108434300624,-0.08981511818034082,-0.38507304128654224,-0.27691304715787823,0.44715476315200875,0.9782047343128984,-0.9657176819902092,-0.9812624331729253,0.2850465520148079,0.8868989732578579,-0.62704361292584,-0.16392550269063977,-0.2963842686966158,-0.9200079027895548,-0.2761180379276278,-0.7169063969982363,0.3879713344506739
689,-0.25446963992798005,-0.9312467515023146,-0.8742572881980745,0.627108434300624,-0.08981511818034082,-0.38507304128654224,-0.27691304715787823,0.44715476315200875,0.9782047343128984,-0.9657176819902092,-0.9812624331729253,0.2850465520148079,0.8868989732578579,-0.62704361292584,-0.16392550269063977,-0.2963842686966158,-0.9200079027895548,-0.2761180379276278,-0.7169063969982363,0.3879713344506739
690,-0.2500632791466519,-0.9324141671379578,-0.8846500318530665,0.6414351943076415,-0.076558522750291,-0.40528880441906456,-0.25752740677940295,0.45100444741658846,0.9609017853087347,-0.9968809596187651,-0.9973231737853213,0.34884655843348833,0.8199835273989071,-0.5788932770586713,-0.14970705807925988,-0.33178256315559657,-0.9271458989198854,-0.19910595818278462,-0.7370838166680077,0.37130174866635046
691,-0.2500632791466519,-0.9324141671379578,-0.8846500318530665,0.6414351943076415,-0.076558522750291,-0.40528880441906456,-0.25752740677940295,0.45100444741658846,0.9609017853087347,-0.9968809596187651,-0.9973231737853213,0.34884655843348833,0.8199835273989071,-0.5788932770586713,-0.14970705807925988,-0.33178256315559657,-0.9271458989198854,-0.19910595818278462,-0.7370838166680077,0.37130174866635046
692,-0.2500632791466519,-0.9324141671379578,-0.8846500318530665,0.6414351943076415,-0.076558522750291,-0.40528880441906456,-0.25752740677940295,0.45100444741658846,0.9609017853087347,-0.9968809596187651,-0.9973231737853213,0.34884655843348833,0.8199835273989071,-0.5788932770586713,-0.14970705807925988,-0.33178256315559657,-0.9271458989198854,-0.19910595818278462,-0.7370838166680077,0.37130174866635046
693,-0.2542871268350402,-0.9372482924510263,-0.8794956544433032,0.6293222317575793,-0.07420688728773235,-0.47938459165951297,-0.35066339227011273,0.4728836372386166,0.9830644288445812,-0.9921764558530535,-0.9992845873004279,0.33896958296543456,0.8346922761128848,-0.5523653603134738,-0.1490252315593343,-0.402748538720801,-0.927905236666372,-0.1802934867880305,-0.7201353278391428,0.330301732395537
694,-0.2542871268350402,-0.9372482924510263,-0.8794956544433032,0.6293222317575793,-0.07420688728773235,-0.47938459165951297,-0.35066339227011273,0.4728836372386166,0.9830644288445812,-0.9921764558530535,-0.9992845873004279,0.33896958296543456,0.8346922761128848,-0.5523653603134738,-0.1490252315593343,-0.402748538720801,-0.927905236666372,-0.1802934867880305,-0.7201353278391428,0.330301732395537
695,-0.2542871268350402,-0.9372482924510263,-0.8794956544433032,0.6293222317575793,-0.07420688728773235,-0.47938459165951297,-0.35066339227011273,0.4728836372386166,0.9830644288445812,-0.9921764558530535,-0.9992845873004279,0.33896958296543456,0.8346922761128848,-0.5523653603134738,-0.1490252315593343,-0.402748538720801,-0.927905236666372,-0.1802934867880305,-0.7201353278391428,0.330301732395537
696,-0.2542871268350402,-0.9372482924510263,-0.8794956544433032,0.6293222317575793,-0.07420688728773235,-0.47938459165951297,-0.35066339227011273,0.4728836372386166,0.9830644288445812,-0.9921764558530535,-0.9992845873004279,0.33896958296543456,0.8346922761128848,-0.5523653603134738,-0.1490252315593343,-0.402748538720801,-0.927905236666372,-0.1802934867880305,-0.7201353278391428,0.330301732395537
697,-0.25306526328499984,-0.9368469287087478,-0.8753965485631996,0.6351632867154097,-0.07865950352141715,-0.42989148001923494,-0.2685440160162528,0.41101419838316694,0.9640505649731389,-0.9673087729159078,-0.9933875014605483,0.3205260418417975,0.7926725856741448,-0.5441383450856169,-0.07846120155052423,-0.3070855650036114,-0.968240062770834,-0.13178721213226777,-0.7383945782994713,0.3521631798904188
698,-0.25306526328499984,-0.9368469287087478,-0.8753965485631996,0.6351632867154097,-0.07865950352141715,-0.42989148001923494,-0.2685440160162528,0.41101419838316694,0.9640505649731389,-0.9673087729159078,-0.9933875014605483,0.3205260418417975,0.7926725856741448,-0.5441383450856169,-0.07846120155052423,-0.3070855650036114,-0.968240062770834,-0.13178721213226777,-0.7383945782994713,0.3521631798904188
699,-0.25306526328499984,-0.9368469287087478,-0.8753965485631996,0.6351632867154097,-0.07865950352141715,-0.42989148001923494,-0.2685440160162528,0.41101419838316694,0.9640505649731389,-0.9673087729159078,-0.9933875014605483,0.3205260418417975,0.7926725856741448,-0.5441383450856169,-0.07846120155052423,-0.3070855650036114,-0.968240062770834,-0.13178721213226777,-0.7383945782994713,0.3521631798904188
700,-0.25306526328499984,-0.9368469287087478,-0.8753965485631996,0.6351632867154097,-0.07865950352141715,-0.42989148001923494,-0.2685440160162528,0.41101419838316694,0.9640505649731389,-0.9673087729159078,-0.9933875014605483,0.3205260418417975,0.7926725856741448,-0.5441383450856169,-0.07846120155052423,-0.3070855650036114,-0.968240062770834,-0.13178721213226777,-0.7383945782994713,0.3521631798904188
701,-0.25306526328499984,-0.9368469287087478,-0.8753965485631996,0.6351632867154097,-0.07865950352141715,-0.42989148001923494,-0.2685440160162528,0.41101419838316694,0.9640505649731389,-0.9673087729159078,-0.9933875014605483,0.3205260418417975,0.7926725856741448,-0.5441383450856169,-0.07846120155052423,-0.3070855650036114,-0.968240062770834,-0.13178721213226777,-0.7383945782994713,0.3521631798904188
702,-0.25306526328499984,-0.9368469287087478,-0.8753965485631996,0.6351632867154097,-0.07865950352141715,-0.42989148001923494,-0.2685440160162528,0.41101419838316694,0.9640505649731389,-0.9673087729159078,-0.9933875014605483,0.3205260418417975,0.7926725856741448,-0.5441383450856169,-0.07846120155052423,-0.3070855650036114,-0.968240062770834,-0.13178721213226777,-0.7383945782994713,0.3521631798904188
703,-0.25306526328499984,-0.9368469287087478,-0.8753965485631996,0.6351632867154097,-0.07865950352141715,-0.42989148001923494,-0.2685440160162528,0.41101419838316694,0.9640505649731389,-0.9673087729159078,-0.9933875014605483,0.3205260418417975,0.7926725856741448,-0.5441383450856169,-0.07846120155052423,-0.3070855650036114,-0.968240062770834,-0.13178721213226777,-0.7383945782994713,0.3521631798904188
704,-0.25463656714461413,-0.9325745351100987,-0.8797522019265044,0.6317886217618438,-0.07334278327781633,-0.37533694896340875,-0.35108278743978155,0.46493298412589623,0.9832946708013263,-0.8974954650670103,-0.9862522912929141,0.26258397674078343,0.8151015408427816,-0.5127770563412457,-0.01333179340548931,-0.316865635934239,-0.9152955384549747,-0.18689175472552058,-0.6955740261312723,0.2863860817338268
705,-0.25463656714461413,-0.9325745351100987,-0.8797522019265044,0.6317886217618438,-0.07334278327781633,-0.37533694896340875,-0.35108278743978155,0.46493298412589623,0.9832946708013263,-0.8974954650670103,-0.9862522912929141,0.26258397674078343,0.8151015408427816,-0.5127770563412457,-0.01333179340548931,-0.316865635934239,-0.9152955384549747,-0.18689175472552058,-0.6955740261312723,0.2863860817338268
706,-0.25463656714461413,-0.9325745351100987,-0.8797522019265044,0.6317886217618438,-0.07334278327781633,-0.37533694896340875,-0.35108278743978155,0.46493298412589623,0.9832946708013263,-0.8974954650670103,-0.9862522912929141,0.26258397674078343,0.8151015408427816,-0.5127770563412457,-0.01333179340548931,-0.316865635934239,-0.9152955384549747,-0.18689175472552058,-0.6955740261312723,0.2863860817338268
707,-0.25463656714461413,-0.9325745351100987,-0.8797522019265044,0.6317886217618438,-0.07334278327781633,-0.37533694896340875,-0.35108278743978155,0.46493298412589623,0.9832946708013263,-0.8974954650670103,-0.9862522912929141,0.26258397674078343,0.8151015408427816,-0.5127770563412457,-0.01333179340548931,-0.316865635934239,-0.9152955384549747,-0.18689175472552058,-0.6955740261312723,0.2863860817338268
708,-0.25463656714461413,-0.9325745351100987,-0.8797522019265044,0.6317886217618438,-0.07334278327781633,-0.37533694896340875,-0.35108278743978155,0.46493298412589623,0.9832946708013263,-0.8974954650670103,-0.9862522912929141,0.26258397674078343,0.8151015408427816,-0.5127770563412457,-0.01333179340548931,-0.316865635934239,-0.9152955384549747,-0.18689175472552058,-0.6955740261312723,0.2863860817338268
709,-0.24736724962441858,-0.9363096711588561,-0.8751700141527564,0.6340123140405858,-0.07830056360900875,-0.4674649706639669,-0.2604672736372445,0.5088146947503703,0.9907508434948605,-0.9532376983955982,-0.9544789450367377,0.2567686417478887,0.7367494086987361,-0.5742662208443128,0.028735630552117374,-0.22836098101103514,-0.9688790373228642,-0.1575277423205448,-0.7258019650363664,0.27681828208897213
710,-0.24713511040665492,-0.9274647845831762,-0.8707372651801252,0.6269582804173096,-0.08504439789605861,-0.41095495639340224,-0.3280360826286153,0.5224721123276679,0.9789084594301956,-0.9036830410802139,-0.9314359963728003,0.1958493033334463,0.7843654838090927,-0.6148899395953215,-0.0160159274951454,-0.16104647219201867,-0.9774992806611311,-0.14224324260242865,-0.6591535681676631,0.25564994652524275
711,-0.2512917840026394,-0.929963667352758,-0.8708052365960718,0.6338940588071303,-0.09598188551109801,-0.3487113750907727,-0.24834132444841592,0.5287699650630113,0.9544523531924037,-0.88753702054385,-0.9139396212426232,0.19956752132369385,0.7405617531427862,-0.5794454468789882,0.04198859427835671,-0.10709234695105399,-0.9832833224331377,-0.10887777563615994,-0.7064002197487415,0.19562959080022707
712,-0.2512917840026394,-0.929963667352758,-0.8708052365960718,0.6338940588071303,-0.09598188551109801,-0.3487113750907727,-0.24834132444841592,0.5287699650630113,0.9544523531924037,-0.88753702054385,-0.9139396212426232,0.19956752132369385,0.7405617531427862,-0.5794454468789882,0.04198859427835671,-0.10709234695105399,-0.9832833224331377,-0.10887777563615994,-0.7064002197487415,0.19562959080022707
713,-0.2512917840026394,-0.929963667352758,-0.8708052365960718,0.6338940588071303,-0.09598188551109801,-0.3487113750907727,-0.24834132444841592,0.5287699650630113,0.9544523531924037,-0.88753702054385,-0.9139396212426232,0.19956752132369385,0.7405617531427862,-0.5794454468789882,0.04198859427835671,-0.10709234695105399,-0.9832833224331377,-0.10887777563615994,-0.7064002197487415,0.19562959080022707
714,-0.2512917840026394,-0.929963667352758,-0.8708052365960718,0.6338940588071303,-0.09598188551109801,-0.3487113750907727,-0.24834132444841592,0.5287699650630113,0.9544523531924037,-0.88753702054385,-0.9139396212426232,0.19956752132369385,0.7405617531427862,-0.5794454468789882,0.04198859427835671,-0.10709234695105399,-0.9832833224331377,-0.10887777563615994,-0.7064002197487415,0.19562959080022707
715,-0.24974714879774795,-0.9232490284964008,-0.8752031438677264,0.6232783751223944,-0.08887638725757187,-0.3305535337120125,-0.20793604106186758,0.5098221983415049,0.9708305588488535,-0.865310759620668,-0.9276073136879907,0.18261981172261443,0.6650720519113664,-0.6892708709705546,0.05618950887226223,-0.13547660348655205,-0.9863479584445743,-0.1250682909028755,-0.6841101910677336,0.1774652324784447
716,-0.24974714879774795,-0.9232490284964008,-0.8752031438677264,0.6232783751223944,-0.08887638725757187,-0.3305535337120125,-0.20793604106186758,0.5098221983415049,0.9708305588488535,-0.865310759620668,-0.9276073136879907,0.18261981172261443,0.6650720519113664,-0.6892708709705546,0.05618950887226223,-0.13547660348655205,-0.9863479584445743,-0.1250682909028755,-0.6841101910677336,0.1774652324784447
717,-0.24974714879774795,-0.9232490284964008,-0.8752031438677264,0.6232783751223944,-0.08887638725757187,-0.3305535337120125,-0.20793604106186758,0.5098221983415049,0.9708305588488535,-0.865310759620668,-0.9276073136879907,0.18261981172261443,0.6650720519113664,-0.6892708709705546,0.05618950887226223,-0.13547660348655205,-0.9863479584445743,-0.1250682909028755,-0.6841101910677336,0.1774652324784447
718,-0.24681993293654914,-0.9352339953606508,-0.8590131622741103,0.6313560840540368,-0.08861493268717685,-0.47705490950130036,-0.21328551640556126,0.48719018515676116,0.9763435436505744,-0.8303426408034444,-0.9311452410060983,0.21260182822890933,0.7039818982406238,-0.6958774622326003,0.12265052057255613,-0.11535286635150978,-0.9755831366204668,-0.1629417252702867,-0.6275837538746092,0.26646340334466667
719,-0.2424948849970284,-0.9287841071102637,-0.8637687445552396,0.6184521347187582,-0.09276348271124021,-0.42420094884482684,-0.24262244266552727,0.5583126391540975,0.9973810828290769,-0.9610505358930262,-0.9128052445244502,0.22712544814155405,0.7397304598822939,-0.665720713629156,0.10259093448341684,-0.140931203505193,-0.9747762725491939,-0.21098696912834158,-0.6965039800518945,0.338994705607122
720,-0.2424948849970284,-0.9287841071102637,-0.8637687445552396,0.6184521347187582,-0.09276348271124021,-0.42420094884482684,-0.24262244266552727,0.5583126391540975,0.9973810828290769,-0.9610505358930262,-0.9128052445244502,0.22712544814155405,0.7397304598822939,-0.665720713629156,0.10259093448341684,-0.140931203505193,-0.9747762725491939,-0.21098696912834158,-0.6965039800518945,0.338994705607122
721,-0.24058087849356158,-0.9317878028847651,-0.8671102201173652,0.6309864732085159,-0.09222322723147618,-0.4082192893842712,-0.3287913040924635,0.6281971226416845,0.9858074288734161,-0.9787335335376488,-0.9826775176646685,0.19199520063456044,0.7305089029685852,-0.6582524997991757,0.1197786221187675,-0.3131045552307662,-0.9151559889426971,-0.3037712982162342,-0.6065606288698154,0.26329290282791173
722,-0.24191498718581592,-0.9271617121699937,-0.8741233865282623,0.630336198353193,-0.08362865803828182,-0.338667711805066,-0.25401330335414335,0.6466355532481166,0.9962975679452069,-0.8917904623988699,-0.9400979426859014,0.24211237476531294,0.7190774849752047,-0.6625304567486529,0.1678727687630864,-0.2291315185190886,-0.9024798860748109,-0.30720216631085023,-0.6213839990589738,0.28027391543453495
723,-0.24191498718581592,-0.9271617121699937,-0.8741233865282623,0.630336198353193,-0.08362865803828182,-0.338667711805066,-0.25401330335414335,0.6466355532481166,0.9962975679452069,-0.8917904623988699,-0.9400979426859014,0.24211237476531294,0.7190774849752047,-0.6625304567486529,0.1678727687630864,-0.2291315185190886,-0.9024798860748109,-0.30720216631085023,-0.6213839990589738,0.28027391543453495
724,-0.24191498718581592,-0.9271617121699937,-0.8741233865282623,0.630336198353193,-0.08362865803828182,-0.338667711805066,-0.25401330335414335,0.6466355532481166,0.9962975679452069,-0.8917904623988699,-0.9400979426859014,0.24211237476531294,0.7190774849752047,-0.6625304567486529,0.1678727687630864,-0.2291315185190886,-0.9024798860748109,-0.30720216631085023,-0.6213839990589738,0.28027391543453495
725,-0.24191498718581592,-0.9271617121699937,-0.8741233865282623,0.630336198353193,-0.08362865803828182,-0.338667711805066,-0.25401330335414335,0.6466355532481166,0.9962975679452069,-0.8917904623988699,-0.9400979426859014,0.24211237476531294,0.7190774849752047,-0.6625304567486529,0.1678727687630864,-0.2291315185190886,-0.9024798860748109,-0.30720216631085023,-0.6213839990589738,0.28027391543453495
726,-0.24191498718581592,-0.9271617121699937,-0.8741233865282623,0.630336198353193,-0.08362865803828182,-0.338667711805066,-0.25401330335414335,0.6466355532481166,0.9962975679452069,-0.8917904623988699,-0.9400979426859014,0.24211237476531294,0.7190774849752047,-0.6625304567486529,0.1678727687630864,-0.2291315185190886,-0.9024798860748109,-0.30720216631085023,-0.6213839990589738,0.28027391543453495
727,-0.24191498718581592,-0.9271617121699937,-0.8741233865282623,0.630336198353193,-0.08362865803828182,-0.338667711805066,-0.25401330335414335,0.6466355532481166,0.9962975679452069,-0.8917904623988699,-0.9400979426859014,0.24211237476531294,0.7190774849752047,-0.6625304567486529,0.1678727687630864,-0.2291315185190886,-0.9024798860748109,-0.30720216631085023,-0.6213839990589738,0.28027391543453495
728,-0.2461509159187262,-0.9349299464947178,-0.8669141174148053,0.6243809348272302,-0.07864309813750575,-0.40257591673026094,-0.23561121729472861,0.6001770408996928,0.9664286373993891,-0.8529748462474511,-0.9680696157357962,0.26912368227487565,0.6348731399413127,-0.670070755490932,0.2391881480643966,-0.26317999283531623,-0.878315303927673,-0.28860394211658813,-0.6274667224236676,0.26004208391213596
729,-0.2461509159187262,-0.9349299464947178,-0.8669141174148053,0.6243809348272302,-0.07864309813750575,-0.40257591673026094,-0.23561121729472861,0.6001770408996928,0.9664286373993891,-0.8529748462474511,-0.9680696157357962,0.26912368227487565,0.6348731399413127,-0.670070755490932,0.2391881480643966,-0.26317999283531623,-0.878315303927673,-0.28860394211658813,-0.6274667224236676,0.26004208391213596
730,-0.2461509159187262,-0.9349299464947178,-0.8669141174148053,0.6243809348272302,-0.07864309813750575,-0.40257591673026094,-0.23561121729472861,0.6001770408996928,0.9664286373993891,-0.8529748462474511,-0.9680696157357962,0.26912368227487565,0.6348731399413127,-0.670070755490932,0.2391881480643966,-0.26317999283531623,-0.878315303927673,-0.28860394211658813,-0.6274667224236676,0.26004208391213596
731,-0.2461509159187262,-0.9349299464947178,-0.8669141174148053,0.6243809348272302,-0.07864309813750575,-0.40257591673026094,-0.23561121729472861,0.6001770408996928,0.9664286373993891,-0.8529748462474511,-0.9680696157357962,0.26912368227487565,0.6348731399413127,-0.670070755490932,0.2391881480643966,-0.26317999283531623,-0.878315303927673,-0.28860394211658813,-0.6274667224236676,0.26004208391213596
732,-0.2461509159187262,-0.9349299464947178,-0.8669141174148053,0.6243809348272302,-0.07864309813750575,-0.40257591673026094,-0.23561121729472861,0.6001770408996928,0.9664286373993891,-0.8529748462474511,-0.9680696157357962,0.26912368227487565,0.6348731399413127,-0.670070755490932,0.2391881480643966,-0.26317999283531623,-0.878315303927673,-0.28860394211658813,-0.6274667224236676,0.26004208391213596
733,-0.2461509159187262,-0.9349299464947178,-0.8669141174148053,0.6243809348272302,-0.07864309813750575,-0.40257591673026094,-0.23561121729472861,0.6001770408996928,0.9664286373993891,-0.8529748462474511,-0.9680696157357962,0.26912368227487565,0.6348731399413127,-0.670070755490932,0.2391881480643966,-0.26317999283531623,-0.878315303927673,-0.28860394211658813,-0.6274667224236676,0.26004208391213596
734,-0.2431173859232693,-0.9334321688972326,-0.8664414241506723,0.6289991410207489,-0.08344452502489533,-0.49629348205208296,-0.20272775226531697,0.5187523847101119,0.9769427805967467,-0.8349408539089225,-0.9143648203733469,0.2930364134023315,0.7153940328382737,-0.7189622399215145,0.10730105563087605,-0.2056973222744068,-0.9747668296021177,-0.2705414233671238,-0.6408500051634555,0.2394327451636009
735,-0.24878895055668684,-0.9337793834652439,-0.8688902673008614,0.6196503004658601,-0.08599977287141966,-0.40484187523055065,-0.24038628749392246,0.5251455674360498,0.9734688618049301,-0.9109569209537876,-0.9656113231017316,0.22952114284781078,0.7024179232314933,-0.6185536627618142,0.08584994835554996,-0.23038584020063602,-0.9559444832366187,-0.19909989437529624,-0.6726519703724696,0.25001325639430316
736,-0.24878895055668684,-0.9337793834652439,-0.8688902673008614,0.6196503004658601,-0.08599977287141966,-0.40484187523055065,-0.24038628749392246,0.5251455674360498,0.9734688618049301,-0.9109569209537876,-0.9656113231017316,0.22952114284781078,0.7024179232314933,-0.6185536627618142,0.08584994835554996,-0.23038584020063602,-0.9559444832366187,-0.19909989437529624,-0.6726519703724696,0.25001325639430316
737,-0.2479341889453318,-0.9268459896477595,-0.8654687775443136,0.6352252032339402,-0.09050423224030192,-0.4041536603538659,-0.2979937093262435,0.49519837913391446,0.9940179069048629,-0.8109004271191786,-0.9300493489939557,0.2364477151705081,0.7893533426742786,-0.5689817119859083,0.10165226737756315,-0.1986864817115633,-0.9906408021720559,-0.14602560694464753,-0.6611390724151167,0.2823101972458973
738,-0.250217437877055,-0.9331543798490894,-0.8713835334267931,0.6213745123548238,-0.07752730728171439,-0.3960485723790385,-0.29678560920489117,0.5230374761641127,0.9401604493429412,-0.8939237244131629,-0.9024728059781046,0.2105334215328566,0.8087208510939906,-0.4765502667721739,0.118138894199893,-0.12919685379868492,-0.9991685593892425,-0.12775266702052432,-0.6980210598267526,0.22396786435289787
739,-0.24752131502357108,-0.9397659132691296,-0.8650561076329241,0.6410259009405532,-0.08149030482635675,-0.4048816364762542,-0.32752873338976674,0.6058044381456654,0.9736815016167223,-0.972754320433065,-0.9301458580201593,0.21978490716977947,0.8660931339901797,-0.5730680463814644,0.01604931529977722,-0.17614693507290788,-0.9320648579396618,-0.23212709289091837,-0.6822565193692276,0.36723555197921026
740,-0.2589808824031575,-0.9291867680737758,-0.8745907460176428,0.6273747947769944,-0.06998011295685921,-0.4065637344029029,-0.3061005913253394,0.5724660566129932,0.9789839409430906,-0.9784988292435227,-0.9520369164378965,0.25888663562420094,0.9406897775879158,-0.47646652784739224,-0.014721804639094154,-0.1779341895597133,-0.8596341609286261,-0.2246724852719487,-0.7011286694598015,0.41352435080482947
741,-0.25804409297696274,-0.9380941449448938,-0.8664957722377514,0.6367769938519069,-0.0727031730625466,-0.45436068660691903,-0.32968045388383915,0.5429166130144742,0.9423332025519463,-0.9185122006942656,-0.9912900237133301,0.30125352214647333,0.914081437131114,-0.4291529731411376,0.010191196831690735,-0.19261834686239632,-0.9254576525729493,-0.13848181094748918,-0.7415429740029205,0.3798431958752838
742,-0.25804409297696274,-0.9380941449448938,-0.8664957722377514,0.6367769938519069,-0.0727031730625466,-0.45436068660691903,-0.32968045388383915,0.5429166130144742,0.9423332025519463,-0.9185122006942656,-0.9912900237133301,0.30125352214647333,0.914081437131114,-0.4291529731411376,0.010191196831690735,-0.19261834686239632,-0.9254576525729493,-0.13848181094748918,-0.7415429740029205,0.3798431958752838
743,-0.2550331004580966,-0.92832804559969,-0.8687610258972652,0.6255419098548654,-0.07287410310428373,-0.41884030415761,-0.35470960680589597,0.4850266036110797,0.992111225817687,-0.9148536309293797,-0.9657140870331734,0.29777253356542305,0.9167072423179906,-0.443865710926758,-0.0025960069092604396,-0.25764388909757835,-0.940942039123867,-0.1796696710715103,-0.7228902482688122,0.3940656704063766
744,-0.2550331004580966,-0.92832804559969,-0.8687610258972652,0.6255419098548654,-0.07287410310428373,-0.41884030415761,-0.35470960680589597,0.4850266036110797,0.992111225817687,-0.9148536309293797,-0.9657140870331734,0.29777253356542305,0.9167072423179906,-0.443865710926758,-0.0025960069092604396,-0.25764388909757835,-0.940942039123867,-0.1796696710715103,-0.7228902482688122,0.3940656704063766
745,-0.2588202252004729,-0.9318627483765868,-0.8734487196030468,0.6394607211322019,-0.06938845278114625,-0.36994593616403765,-0.358326127504365,0.4246816738642852,0.9908958911787255,-0.9549109754442157,-0.9942863408431434,0.2643184249563102,0.9247974755341816,-0.41922522088644354,-0.05926833937594005,-0.3059583666991905,-0.9602509512150935,-0.15779639465372952,-0.7443728581753427,0.3497355363252775
746,-0.25360925012176627,-0.9290880797841099,-0.8731145386821562,0.634218448277829,-0.07436638548782051,-0.3842238447504488,-0.36865786691678837,0.4669368098351406,0.9933712469457083,-0.9750645539659896,-0.9174982342573643,0.22684019290546736,0.9408184581158747,-0.4542653338356084,-0.0663188506113027,-0.2642687934691532,-0.9970051879207505,-0.21850930222807738,-0.713981216525344,0.3363922690977632
747,-0.260141054378225,-0.9250781526961465,-0.8730733296188936,0.6299374538654614,-0.08149205388205609,-0.36903080872926197,-0.28824629256718426,0.48855592124885994,0.9927445607449719,-0.9108086605245728,-0.988426418562277,0.23359005485829795,0.914741260331045,-0.46205038736012205,-0.07295500200525233,-0.29495556130363204,-0.9802716615806274,-0.20142430384635884,-0.6918820261565847,0.2543952826326935
748,-0.25705982287030443,-0.9168359821894546,-0.8787757020020176,0.6352100687237819,-0.08038401741605493,-0.312224021199197,-0.3362567995299034,0.5130352304728112,0.9785326971398871,-0.88714450656069,-0.9929764002364699,0.21442839931361007,0.9071360257758346,-0.4376641719930117,-0.03880137179381609,-0.3180808136598144,-0.985509431776637,-0.21754901813673438,-0.6651969826795604,0.26002588226384854
749,-0.25705982287030443,-0.9168359821894546,-0.8787757020020176,0.6352100687237819,-0.08038401741605493,-0.312224021199197,-0.3362567995299034,0.5130352304728112,0.9785326971398871,-0.88714450656069,-0.9929764002364699,0.21442839931361007,0.9071360257758346,-0.4376641719930117,-0.03880137179381609,-0.3180808136598144,-0.985509431776637,-0.21754901813673438,-0.6651969826795604,0.26002588226384854
750,-0.2611077737723104,-0.9311847170929054,-0.8756813213484853,0.627043725593819,-0.08433786776559005,-0.3734758840294848,-0.2687349488344004,0.5286725186623646,0.9992179265851113,-0.8528403654363513,-0.9974832996668194,0.2282065901034518,0.9604058132458297,-0.5154303611486775,-0.04473193182299476,-0.2928953115359961,-0.9726821516171662,-0.2552253463556177,-0.6312704505878266,0.29652087339087735
751,-0.2611077737723104,-0.9311847170929054,-0.8756813213484853,0.627043725593819,-0.08433786776559005,-0.3734758840294848,-0.2687349488344004,0.5286725186623646,0.9992179265851113,-0.8528403654363513,-0.9974832996668194,0.2282065901034518,0.9604058132458297,-0.5154303611486775,-0.04473193182299476,-0.2928953115359961,-0.9726821516171662,-0.2552253463556177,-0.6312704505878266,0.29652087339087735
752,-0.2556774599032551,-0.9215252913453609,-0.8793558351790302,0.6329951107331879,-0.08042494644627116,-0.33650797629877705,-0.2613028126350014,0.5554272765086794,0.9681110085929563,-0.9601248039185348,-0.9677212753780683,0.21244585136950803,0.9355179498793987,-0.5268308572693475,-0.07128973525111522,-0.195456690338806,-0.9477164262863743,-0.24986240288067857,-0.6653875270294154,0.3248108449305936
753,-0.25761771161978114,-0.9227109249903707,-0.8824571182182985,0.630892834305563,-0.08111531081168671,-0.2820830691178346,-0.3222835181530972,0.5383019373644643,0.9531492043616691,-0.9401544297338315,-0.9027803593336592,0.2395395794891301,0.9886370880689135,-0.4490694309122353,-0.027856129857456377,-0.21843213742995585,-0.9879628402303534,-0.23936199636689057,-0.6980073851159372,0.25514805339228896
754,-0.25796203120433375,-0.9371737402906377,-0.8744659408562268,0.6305403330983778,-0.07689778483677145,-0.3298137433686819,-0.27431431772242243,0.44686989587057707,0.9869571103342779,-0.8712677358544558,-0.9132042657247804,0.1798856947762276,0.921780853705315,-0.43675035112015453,0.01729870107554377,-0.1396452413048942,-0.9967078912609003,-0.16580534427948732,-0.6740399737917433,0.2205039675821072
755,-0.25780613608251496,-0.9383944719084529,-0.8716435323852709,0.6308640553343046,-0.08020038880942054,-0.3419444334968458,-0.35027961502633487,0.4255658885813248,0.9618412907312827,-0.8085894377784983,-0.8911527867270436,0.14485131599073467,0.9121581948264111,-0.4758269060813201,0.14389936882517454,-0.1288548212089776,-0.9948926511935787,-0.19344574040525803,-0.5957503431522789,0.23668084543398904
756,-0.25780613608251496,-0.9383944719084529,-0.8716435323852709,0.6308640553343046,-0.08020038880942054,-0.3419444334968458,-0.35027961502633487,0.4255658885813248,0.9618412907312827,-0.8085894377784983,-0.8911527867270436,0.14485131599073467,0.9121581948264111,-0.4758269060813201,0.14389936882517454,-0.1288548212089776,-0.9948926511935787,-0.19344574040525803,-0.5957503431522789,0.23668084543398904
757,-0.2595359947738565,-0.9415311138178666,-0.8772933162608988,0.6350620648695753,-0.08063951428031865,-0.341396614848999,-0.3063938223759085,0.3208231522491581,0.9662838370695002,-0.8747385257506765,-0.880578886150157,0.1412950815127333,0.9120081666184239,-0.5223536117154653,0.13563892030610478,-0.167602010288387,-0.9390792021930109,-0.2910709164786947,-0.5742887880227318,0.22083708384355866
758,-0.2595359947738565,-0.9415311138178666,-0.8772933162608988,0.6350620648695753,-0.08063951428031865,-0.341396614848999,-0.3063938223759085,0.3208231522491581,0.9662838370695002,-0.8747385257506765,-0.880578886150157,0.1412950815127333,0.9120081666184239,-0.5223536117154653,0.13563892030610478,-0.167602010288387,-0.9390792021930109,-0.2910709164786947,-0.5742887880227318,0.22083708384355866
759,-0.2567242487797531,-0.9306527718131857,-0.8783578336784859,0.6319045719116423,-0.0840067913949316,-0.22645086974476925,-0.3311173677727242,0.316556483983656,0.9789652924086484,-0.849689743326135,-0.8977313703957004,0.08683454229804621,0.9579657120107267,-0.4970932160777454,0.13161405931106687,-0.22443560054553613,-0.9815107770103433,-0.267710586665866,-0.5918384699855213,0.27324324753105794
760,-0.2567242487797531,-0.9306527718131857,-0.8783578336784859,0.6319045719116423,-0.0840067913949316,-0.22645086974476925,-0.3311173677727242,0.316556483983656,0.9789652924086484,-0.849689743326135,-0.8977313703957004,0.08683454229804621,0.9579657120107267,-0.4970932160777454,0.13161405931106687,-0.22443560054553613,-0.9815107770103433,-0.267710586665866,-0.5918384699855213,0.27324324753105794
761,-0.2560396401220245,-0.9369980535689776,-0.8740791396203351,0.6423479794010523,-0.08483987266973544,-0.17031791999050686,-0.28639080556486235,0.23797499533918356,0.9986021072956671,-0.8604288651674417,-0.8809591300910067,0.10431340034081192,0.9210573262219058,-0.5622946158496651,0.12903931295794038,-0.22553793941073105,-0.9793595401887342,-0.30905201145803934,-0.6176706554748556,0.33150262251761325
762,-0.2560396401220245,-0.9369980535689776,-0.8740791396203351,0.6423479794010523,-0.08483987266973544,-0.17031791999050686,-0.28639080556486235,0.23797499533918356,0.9986021072956671,-0.8604288651674417,-0.8809591300910067,0.10431340034081192,0.9210573262219058,-0.5622946158496651,0.12903931295794038,-0.22553793941073105,-0.9793595401887342,-0.30905201145803934,-0.6176706554748556,0.33150262251761325
763,-0.25457174211743927,-0.9325306244857007,-0.8750113117934228,0.6281118099057214,-0.09060183591396569,-0.2668278754188524,-0.2725350230249613,0.3636444657964103,0.9676501100511707,-0.8976466482883714,-0.8745068794959717,0.18694640590148642,0.9105993709851617,-0.5731801412684834,0.11014941530860647,-0.1995250214565392,-0.9503245596830131,-0.33228078411577644,-0.6956094519966346,0.32428263454165857
764,-0.25024579931924945,-0.9297108039498221,-0.8782636025023844,0.6394625511190263,-0.09061597234678584,-0.1856661886324411,-0.2488011089041172,0.36076863746297744,0.9514119979379785,-0.8862701744744066,-0.9095403951046411,0.14559364959866217,0.8385660166243518,-0.6147074077730983,0.10768995905306714,-0.20442607036128477,-0.9766762323892316,-0.32764447623361226,-0.6421336401226875,0.32873446065489353
765,-0.25024579931924945,-0.9297108039498221,-0.8782636025023844,0.6394625511190263,-0.09061597234678584,-0.1856661886324411,-0.2488011089041172,0.36076863746297744,0.9514119979379785,-0.8862701744744066,-0.9095403951046411,0.14559364959866217,0.8385660166243518,-0.6147074077730983,0.10768995905306714,-0.20442607036128477,-0.9766762323892316,-0.32764447623361226,-0.6421336401226875,0.32873446065489353
766,-0.2520466958001735,-0.9314902638033774,-0.8686791578554186,0.6283377841222525,-0.08318183067489232,-0.23886563652274245,-0.24787869373524238,0.43344046402582753,0.9676393298595651,-0.8969344033620655,-0.8888646705463835,0.19846039226232587,0.8364421932278261,-0.6403078075518565,0.10318948813988958,-0.21300248045018794,-0.9277515317921246,-0.3329038136116872,-0.7015811704175241,0.2979567459028577
767,-0.24638479623958884,-0.9283219198930184,-0.8757526911623797,0.6429823547738243,-0.08335005123630225,-0.16669754540509096,-0.2909970262474613,0.36324963214647565,0.9747717537965003,-0.9264141061148158,-0.9097865747887496,0.163954871557062,0.7539881665195122,-0.6106170434798732,0.15355854191318916,-0.27508867299939094,-0.9607212571108275,-0.3273036964150131,-0.67809266569584,0.35758749182360156
768,-0.24638479623958884,-0.9283219198930184,-0.8757526911623797,0.6429823547738243,-0.08335005123630225,-0.16669754540509096,-0.2909970262474613,0.36324963214647565,0.9747717537965003,-0.9264141061148158,-0.9097865747887496,0.163954871557062,0.7539881665195122,-0.6106170434798732,0.15355854191318916,-0.27508867299939094,-0.9607212571108275,-0.3273036964150131,-0.67809266569584,0.35758749182360156
769,-0.24638479623958884,-0.9283219198930184,-0.8757526911623797,0.6429823547738243,-0.08335005123630225,-0.16669754540509096,-0.2909970262474613,0.36324963214647565,0.9747717537965003,-0.9264141061148158,-0.9097865747887496,0.163954871557062,0.7539881665195122,-0.6106170434798732,0.15355854191318916,-0.27508867299939094,-0.9607212571108275,-0.3273036964150131,-0.67809266569584,0.35758749182360156
770,-0.24638479623958884,-0.9283219198930184,-0.8757526911623797,0.6429823547738243,-0.08335005123630225,-0.16669754540509096,-0.2909970262474613,0.36324963214647565,0.9747717537965003,-0.9264141061148158,-0.9097865747887496,0.163954871557062,0.7539881665195122,-0.6106170434798732,0.15355854191318916,-0.27508867299939094,-0.9607212571108275,-0.3273036964150131,-0.67809266569584,0.35758749182360156
771,-0.2500042865339034,-0.9349053417303853,-0.8751090059159642,0.630450431222951,-0.09107131880196817,-0.17948978721646944,-0.27885635137807946,0.35877015051663064,0.961591716232892,-0.988499477837489,-0.8594839238240871,0.17406239517535843,0.8031991452179423,-0.6433543005385046,0.1647640208291233,-0.2703112342844692,-0.9431049010783091,-0.35819692391308994,-0.7419315922533377,0.3066813295966287
772,-0.2500042865339034,-0.9349053417303853,-0.8751090059159642,0.630450431222951,-0.09107131880196817,-0.17948978721646944,-0.27885635137807946,0.35877015051663064,0.961591716232892,-0.988499477837489,-0.8594839238240871,0.17406239517535843,0.8031991452179423,-0.6433543005385046,0.1647640208291233,-0.2703112342844692,-0.9431049010783091,-0.35819692391308994,-0.7419315922533377,0.3066813295966287
773,-0.24416511371967964,-0.9316532522789204,-0.8764748389979073,0.642178648505048,-0.09109187241659004,-0.18133546047841806,-0.3361557841000734,0.41832640632285334,0.977468203603763,-0.955411612284424,-0.8132766809227832,0.16784457051063606,0.7897509725749571,-0.5954088790558092,0.18155421202732633,-0.1720346032472013,-0.964779525176334,-0.3142591507297753,-0.6632928477528561,0.34762740730149694
774,-0.24416511371967964,-0.9316532522789204,-0.8764748389979073,0.642178648505048,-0.09109187241659004,-0.18133546047841806,-0.3361557841000734,0.41832640632285334,0.977468203603763,-0.955411612284424,-0.8132766809227832,0.16784457051063606,0.7897509725749571,-0.5954088790558092,0.18155421202732633,-0.1720346032472013,-0.964779525176334,-0.3142591507297753,-0.6632928477528561,0.34762740730149694
775,-0.24823904645533307,-0.9341558140738293,-0.872308689458944,0.6295942603228819,-0.09292007982534847,-0.22102624968100434,-0.30712908690764806,0.41387361550942126,0.9754761708508634,-0.9359966477807005,-0.8664462742533597,0.07324681881364284,0.7762753099583094,-0.6253761100253953,0.23787237553209464,-0.20817577650407823,-0.9871596189623602,-0.28011503712582625,-0.662910025887364,0.2278825292731521
776,-0.24823904645533307,-0.9341558140738293,-0.872308689458944,0.6295942603228819,-0.09292007982534847,-0.22102624968100434,-0.30712908690764806,0.41387361550942126,0.9754761708508634,-0.9359966477807005,-0.8664462742533597,0.07324681881364284,0.7762753099583094,-0.6253761100253953,0.23787237553209464,-0.20817577650407823,-0.9871596189623602,-0.28011503712582625,-0.662910025887364,0.2278825292731521
777,-0.24823904645533307,-0.9341558140738293,-0.872308689458944,0.6295942603228819,-0.09292007982534847,-0.22102624968100434,-0.30712908690764806,0.41387361550942126,0.9754761708508634,-0.9359966477807005,-0.8664462742533597,0.07324681881364284,0.7762753099583094,-0.6253761100253953,0.23787237553209464,-0.20817577650407823,-0.9871596189623602,-0.28011503712582625,-0.662910025887364,0.2278825292731521
778,-0.24823904645533307,-0.9341558140738293,-0.872308689458944,0.6295942603228819,-0.09292007982534847,-0.22102624968100434,-0.30712908690764806,0.41387361550942126,0.9754761708508634,-0.9359966477807005,-0.8664462742533597,0.07324681881364284,0.7762753099583094,-0.6253761100253953,0.23787237553209464,-0.20817577650407823,-0.9871596189623602,-0.28011503712582625,-0.662910025887364,0.2278825292731521
779,-0.2515659213286753,-0.9254688582949983,-0.8713212882037107,0.6381369143708672,-0.08011979023174856,-0.1470019442182175,-0.34200495028226807,0.39608821089386603,0.9655358292002877,-0.8807276514300224,-0.942301801486148,0.11339904687072133,0.7023706892107849,-0.570966947131961,0.24194096721141795,-0.29428551179211304,-0.9491803860008401,-0.2726640368649653,-0.6236343321091398,0.29108854817712276
780,-0.2601440965488672,-0.9335818987615817,-0.8669332123028858,0.6321880636814765,-0.0807683603455065,-0.28314544449246026,-0.36820207465166244,0.34427629513393365,0.971329618157644,-0.7907015492983384,-0.9774487991928053,0.08399944798380253,0.8638846974384652,-0.4423808768112842,0.3016963057514208,-0.29218988445150007,-0.9311813935935496,-0.178651024557142,-0.5942775751481276,0.28724936409924784
781,-0.2601440965488672,-0.9335818987615817,-0.8669332123028858,0.6321880636814765,-0.0807683603455065,-0.28314544449246026,-0.36820207465166244,0.34427629513393365,0.971329618157644,-0.7907015492983384,-0.9774487991928053,0.08399944798380253,0.8638846974384652,-0.4423808768112842,0.3016963057514208,-0.29218988445150007,-0.9311813935935496,-0.178651024557142,-0.5942775751481276,0.28724936409924784
782,-0.2601440965488672,-0.9335818987615817,-0.8669332123028858,0.6321880636814765,-0.0807683603455065,-0.28314544449246026,-0.36820207465166244,0.34427629513393365,0.971329618157644,-0.7907015492983384,-0.9774487991928053,0.08399944798380253,0.8638846974384652,-0.4423808768112842,0.3016963057514208,-0.29218988445150007,-0.9311813935935496,-0.178651024557142,-0.5942775751481276,0.28724936409924784
783,-0.2601440965488672,-0.9335818987615817,-0.8669332123028858,0.6321880636814765,-0.0807683603455065,-0.28314544449246026,-0.36820207465166244,0.34427629513393365,0.971329618157644,-0.7907015492983384,-0.9774487991928053,0.08399944798380253,0.8638846974384652,-0.4423808768112842,0.3016963057514208,-0.29218988445150007,-0.9311813935935496,-0.178651024557142,-0.5942775751481276,0.28724936409924784
784,-0.2601440965488672,-0.9335818987615817,-0.8669332123028858,0.6321880636814765,-0.0807683603455065,-0.28314544449246026,-0.36820207465166244,0.34427629513393365,0.971329618157644,-0.7907015492983384,-0.9774487991928053,0.08399944798380253,0.8638846974384652,-0.4423808768112842,0.3016963057514208,-0.29218988445150007,-0.9311813935935496,-0.178651024557142,-0.5942775751481276,0.28724936409924784
785,-0.26234032694643494,-0.9381113043243762,-0.8697638978822305,0.6333252008760998,-0.07663337558753407,-0.33452805642651423,-0.3923008442720802,0.36501410392414674,0.9528485770410653,-0.7908994920864933,-0.940099515991199,0.1294616895055704,0.8400746999032146,-0.41010441490772837,0.2442037011257764,-0.28638130532223816,-0.9449891485366168,-0.22394723796903743,-0.5361298834710687,0.22187658456773374
786,-0.2593549455042762,-0.9247709281314485,-0.8755430711636148,0.6333198338932916,-0.09177157557112968,-0.26493373852346846,-0.36806729318854536,0.30405186251302185,0.9930323297981982,-0.78187829600301,-0.878035088820169,0.03081364674224249,0.9618863501892909,-0.4585740694197627,0.12554961629843192,-0.2072444186254683,-0.9978485920031711,-0.21054735119790977,-0.5314214309788498,0.12222639233400233
787,-0.2587816053312079,-0.9304692492972029,-0.877046862198781,0.6357024221674841,-0.0707411454853278,-0.2606990351449375,-0.3710825265646137,0.30206705232969017,0.9721869468046012,-0.7756907885312373,-0.9934791535218652,-0.032816370988187515,0.9496476855880333,-0.4290412536326225,0.13159891551029151,-0.22743652679237808,-0.977051314937861,-0.24282128019729024,-0.4464642367805186,0.19408919766276522
788,-0.2587816053312079,-0.9304692492972029,-0.877046862198781,0.6357024221674841,-0.0707411454853278,-0.2606990351449375,-0.3710825265646137,0.30206705232969017,0.9721869468046012,-0.7756907885312373,-0.9934791535218652,-0.032816370988187515,0.9496476855880333,-0.4290412536326225,0.13159891551029151,-0.22743652679237808,-0.977051314937861,-0.24282128019729024,-0.4464642367805186,0.19408919766276522
789,-0.2587816053312079,-0.9304692492972029,-0.877046862198781,0.6357024221674841,-0.0707411454853278,-0.2606990351449375,-0.3710825265646137,0.30206705232969017,0.9721869468046012,-0.7756907885312373,-0.9934791535218652,-0.032816370988187515,0.9496476855880333,-0.4290412536326225,0.13159891551029151,-0.22743652679237808,-0.977051314937861,-0.24282128019729024,-0.4464642367805186,0.19408919766276522
790,-0.2587816053312079,-0.9304692492972029,-0.877046862198781,0.6357024221674841,-0.0707411454853278,-0.2606990351449375,-0.3710825265646137,0.30206705232969017,0.9721869468046012,-0.7756907885312373,-0.9934791535218652,-0.032816370988187515,0.9496476855880333,-0.4290412536326225,0.13159891551029151,-0.22743652679237808,-0.977051314937861,-0.24282128019729024,-0.4464642367805186,0.19408919766276522
791,-0.26267262899133964,-0.9240527102046253,-0.877666331061498,0.6343327391270742,-0.07800731307533773,-0.12212634740938702,-0.3513153338584782,0.33400675667098334,0.9270875457837814,-0.7334191123953206,-0.9708785705498235,0.021956104141515855,0.9767995965078744,-0.41765288961334,0.2292763584920048,-0.25821684250204413,-0.9956247052437451,-0.24057794855311013,-0.5529977474976244,0.16561327044288016
792,-0.26267262899133964,-0.9240527102046253,-0.877666331061498,0.6343327391270742,-0.07800731307533773,-0.12212634740938702,-0.3513153338584782,0.33400675667098334,0.9270875457837814,-0.7334191123953206,-0.9708785705498235,0.021956104141515855,0.9767995965078744,-0.41765288961334,0.2292763584920048,-0.25821684250204413,-0.9956247052437451,-0.24057794855311013,-0.5529977474976244,0.16561327044288016
793,-0.26267262899133964,-0.9240527102046253,-0.877666331061498,0.6343327391270742,-0.07800731307533773,-0.12212634740938702,-0.3513153338584782,0.33400675667098334,0.9270875457837814,-0.7334191123953206,-0.9708785705498235,0.021956104141515855,0.9767995965078744,-0.41765288961334,0.2292763584920048,-0.25821684250204413,-0.9956247052437451,-0.24057794855311013,-0.5529977474976244,0.16561327044288016
794,-0.26267262899133964,-0.9240527102046253,-0.877666331061498,0.6343327391270742,-0.07800731307533773,-0.12212634740938702,-0.3513153338584782,0.33400675667098334,0.9270875457837814,-0.7334191123953206,-0.9708785705498235,0.021956104141515855,0.9767995965078744,-0.41765288961334,0.2292763584920048,-0.25821684250204413,-0.9956247052437451,-0.24057794855311013,-0.5529977474976244,0.16561327044288016
795,-0.26267262899133964,-0.9240527102046253,-0.877666331061498,0.6343327391270742,-0.07800731307533773,-0.12212634740938702,-0.3513153338584782,0.33400675667098334,0.9270875457837814,-0.7334191123953206,-0.9708785705498235,0.021956104141515855,0.9767995965078744,-0.41765288961334,0.2292763584920048,-0.25821684250204413,-0.9956247052437451,-0.24057794855311013,-0.5529977474976244,0.16561327044288016
796,-0.26267262899133964,-0.9240527102046253,-0.877666331061498,0.6343327391270742,-0.07800731307533773,-0.12212634740938702,-0.3513153338584782,0.33400675667098334,0.9270875457837814,-0.7334191123953206,-0.9708785705498235,0.021956104141515855,0.9767995965078744,-0.41765288961334,0.2292763584920048,-0.25821684250204413,-0.9956247052437451,-0.24057794855311013,-0.5529977474976244,0.16561327044288016
797,-0.26267262899133964,-0.9240527102046253,-0.877666331061498,0.6343327391270742,-0.07800731307533773,-0.12212634740938702,-0.3513153338584782,0.33400675667098334,0.9270875457837814,-0.7334191123953206,-0.9708785705498235,0.021956104141515855,0.9767995965078744,-0.41765288961334,0.2292763584920048,-0.25821684250204413,-0.9956247052437451,-0.24057794855311013,-0.5529977474976244,0.16561327044288016
798,-0.26267262899133964,-0.9240527102046253,-0.877666331061498,0.6343327391270742,-0.07800731307533773,-0.12212634740938702,-0.3513153338584782,0.33400675667098334,0.9270875457837814,-0.7334191123953206,-0.9708785705498235,0.021956104141515855,0.9767995965078744,-0.41765288961334,0.2292763584920048,-0.25821684250204413,-0.9956247052437451,-0.24057794855311013,-0.5529977474976244,0.16561327044288016
799,-0.26267262899133964,-0.9240527102046253,-0.877666331061498,0.6343327391270742,-0.07800731307533773,-0.12212634740938702,-0.3513153338584782,0.33400675667098334,0.9270875457837814,-0.7334191123953206,-0.9708785705498235,0.021956104141515855,0.9767995965078744,-0.41765288961334,0.2292763584920048,-0.25821684250204413,-0.9956247052437451,-0.24057794855311013,-0.5529977474976244,0.16561327044288016
800,-0.26267262899133964,-0.9240527102046253,-0.877666331061498,0.6343327391270742,-0.07800731307533773,-0.12212634740938702,-0.3513153338584782,0.33400675667098334,0.9270875457837814,-0.7334191123953206,-0.9708785705498235,0.021956104141515855,0.9767995965078744,-0.41765288961334,0.2292763584920048,-0.25821684250204413,-0.9956247052437451,-0.24057794855311013,-0.5529977474976244,0.16561327044288016
801,-0.26267262899133964,-0.9240527102046253,-0.877666331061498,0.6343327391270742,-0.07800731307533773,-0.12212634740938702,-0.3513153338584782,0.33400675667098334,0.9270875457837814,-0.7334191123953206,-0.9708785705498235,0.021956104141515855,0.9767995965078744,-0.41765288961334,0.2292763584920048,-0.25821684250204413,-0.9956247052437451,-0.24057794855311013,-0.5529977474976244,0.16561327044288016
802,-0.26267262899133964,-0.9240527102046253,-0.877666331061498,0.6343327391270742,-0.07800731307533773,-0.12212634740938702,-0.3513153338584782,0.33400675667098334,0.9270875457837814,-0.7334191123953206,-0.9708785705498235,0.021956104141515855,0.9767995965078744,-0.41765288961334,0.2292763584920048,-0.25821684250204413,-0.9956247052437451,-0.24057794855311013,-0.5529977474976244,0.16561327044288016
803,-0.26267262899133964,-0.9240527102046253,-0.877666331061498,0.6343327391270742,-0.07800731307533773,-0.12212634740938702,-0.3513153338584782,0.33400675667098334,0.9270875457837814,-0.7334191123953206,-0.9708785705498235,0.021956104141515855,0.9767995965078744,-0.41765288961334,0.2292763584920048,-0.25821684250204413,-0.9956247052437451,-0.24057794855311013,-0.5529977474976244,0.16561327044288016
804,-0.26870922600773456,-0.924393124168551,-0.8754707632924902,0.632804407197174,-0.07110054059704765,-0.1298718993511716,-0.3902059499256517,0.30660370602533293,0.9829205789392708,-0.7238302968827439,-0.9475838334267178,0.0390834716929079,0.9999872533338006,-0.2769014432563335,0.18328134719490127,-0.2889015141929562,-0.9923929544886515,-0.2837886534676176,-0.5026929525697144,0.1537840958680819
805,-0.2728963513058229,-0.9330885985457303,-0.8757718520753893,0.6363230058452014,-0.07497816458595202,-0.07792626632773822,-0.3596160748403233,0.1732128866827312,0.9163360522133692,-0.6816606796611496,-0.9429242428953775,0.08402413876281549,0.982225604907015,-0.3658881622462313,0.26544452751469244,-0.3229778519485565,-0.9494884814633479,-0.2712991894316859,-0.5108429099141014,0.17164874382365722
806,-0.2728963513058229,-0.9330885985457303,-0.8757718520753893,0.6363230058452014,-0.07497816458595202,-0.07792626632773822,-0.3596160748403233,0.1732128866827312,0.9163360522133692,-0.6816606796611496,-0.9429242428953775,0.08402413876281549,0.982225604907015,-0.3658881622462313,0.26544452751469244,-0.3229778519485565,-0.9494884814633479,-0.2712991894316859,-0.5108429099141014,0.17164874382365722
807,-0.2728963513058229,-0.9330885985457303,-0.8757718520753893,0.6363230058452014,-0.07497816458595202,-0.07792626632773822,-0.3596160748403233,0.1732128866827312,0.9163360522133692,-0.6816606796611496,-0.9429242428953775,0.08402413876281549,0.982225604907015,-0.3658881622462313,0.26544452751469244,-0.3229778519485565,-0.9494884814633479,-0.2712991894316859,-0.5108429099141014,0.17164874382365722
808,-0.26541297368386896,-0.9307332581948123,-0.880060513575927,0.6316611496322918,-0.06637351688585172,-0.06792896562868378,-0.3394581488993612,0.22876479383440476,0.9370230700897029,-0.7275199275249199,-0.9970695858624452,-0.011348946361481965,0.9958289095568857,-0.3844236456081129,0.23017546644558823,-0.2776337275420513,-0.9954373883624245,-0.2253084114808282,-0.4998143139270478,0.2211068412679876
809,-0.2661162441062319,-0.9304305940835924,-0.8804662077188294,0.6367427914518473,-0.07871651550690636,-0.1249020035927176,-0.33818644287241184,0.1934740658018571,0.915108630100772,-0.7617850003520629,-0.9218609932197356,0.04501021086072696,0.9930787093169354,-0.41064269903420203,0.1303605399725358,-0.2132174236349304,-0.9970722859512511,-0.1896982713317397,-0.5646506623097471,0.15624449141109456
810,-0.2654425250660924,-0.9256236223095083,-0.8722636593167398,0.6315750593148473,-0.07579739914221553,-0.16781012770142215,-0.35685457824010397,0.16525364175396168,0.9507209499380247,-0.7184574464976182,-0.8783675463667008,0.017578530074094195,0.921566700300117,-0.3694969965865506,0.2810009333916143,-0.1636316836211151,-0.9963601100211661,-0.16544587537404692,-0.5432239367761369,0.13824040937405527
811,-0.2646871055735819,-0.9339719115592292,-0.8742919592574474,0.6372475716720016,-0.07488505018275253,-0.16581380393660647,-0.3559945775927594,0.17938693892248403,0.8788223755322541,-0.7194648137268523,-0.9328335951921132,0.02375623892436644,0.9384287133906958,-0.4460338465341568,0.22851543787999729,-0.18418158501738194,-0.9933017528319666,-0.21737910189635443,-0.5345544317258161,0.17050998144131405
812,-0.2669985679496446,-0.9314052417867437,-0.8714535647782216,0.6279348297497493,-0.08563395071782513,-0.23312148745574285,-0.310386701890907,0.22648169125494272,0.8754916060579552,-0.6808215480501922,-0.8867542052029057,0.07544769576526182,0.8488802149133112,-0.43618661553720195,0.253389822516255,-0.12848932045596048,-0.9977474691708915,-0.19117174249982316,-0.5332131229202243,0.06842723866613439
813,-0.2639276307426321,-0.9290720694678805,-0.8753607983228194,0.6347495280159201,-0.07995960685396825,-0.19279983390659944,-0.32395330169492453,0.16740408608708415,0.8691972048001888,-0.6339237492146801,-0.9805516431476662,-0.020054508720204242,0.8783387378515082,-0.4848913358494951,0.2142611740138837,-0.21910682740895365,-0.9956040868491072,-0.15735587438643592,-0.46357800724514986,0.10874691332471582
814,-0.2639276307426321,-0.9290720694678805,-0.8753607983228194,0.6347495280159201,-0.07995960685396825,-0.19279983390659944,-0.32395330169492453,0.16740408608708415,0.8691972048001888,-0.6339237492146801,-0.9805516431476662,-0.020054508720204242,0.8783387378515082,-0.4848913358494951,0.2142611740138837,-0.21910682740895365,-0.9956040868491072,-0.15735587438643592,-0.46357800724514986,0.10874691332471582
815,-0.2603814136415846,-0.9329555502793454,-0.8780860542003409,0.6306255648911311,-0.08270890460921933,-0.22444419007872685,-0.29304333100893937,0.17384918185231696,0.906792005881132,-0.6970691341296424,-0.935335617658506,-0.04024795002163001,0.7876127954378122,-0.537866714972732,0.2846908293146082,-0.2275514786099317,-0.9728984892848195,-0.22943878471224802,-0.4250643454597477,0.03030719477793304
816,-0.2603814136415846,-0.9329555502793454,-0.8780860542003409,0.6306255648911311,-0.08270890460921933,-0.22444419007872685,-0.29304333100893937,0.17384918185231696,0.906792005881132,-0.6970691341296424,-0.935335617658506,-0.04024795002163001,0.7876127954378122,-0.537866714972732,0.2846908293146082,-0.2275514786099317,-0.9728984892848195,-0.22943878471224802,-0.4250643454597477,0.03030719477793304
817,-0.2603814136415846,-0.9329555502793454,-0.8780860542003409,0.6306255648911311,-0.08270890460921933,-0.22444419007872685,-0.29304333100893937,0.17384918185231696,0.906792005881132,-0.6970691341296424,-0.935335617658506,-0.04024795002163001,0.7876127954378122,-0.537866714972732,0.2846908293146082,-0.2275514786099317,-0.9728984892848195,-0.22943878471224802,-0.4250643454597477,0.03030719477793304
818,-0.2563816889114235,-0.9342772402033117,-0.8767899151349265,0.6379061924485401,-0.08306156182853543,-0.24319493711918283,-0.2978770394198697,0.24045854846701786,0.8751840355457274,-0.7000283091379575,-0.8872511417429871,0.034826395948433016,0.7908039749440937,-0.6111334933928576,0.2589009515601695,-0.1815417157156835,-0.9408363943870746,-0.3209182783111019,-0.4481716774328466,0.06871801136397512
819,-0.25851927026448923,-0.9321981739060634,-0.8780056905829772,0.6271683178708144,-0.08032149055544224,-0.2907095753279999,-0.2384566494056963,0.30569188712420126,0.8936104398895194,-0.7624398427896346,-0.9811291466835089,0.045359344407667666,0.8788033075031779,-0.5585879222648751,0.22382606166365604,-0.22387803037493212,-0.9107746578465256,-0.33683862141766896,-0.46434955303623243,0.16902510412349972
820,-0.2542927578564859,-0.9400273570431051,-0.875245608957178,0.635881327423677,-0.08181555930558597,-0.3936378395449909,-0.3378328917883702,0.3627456199791791,0.9482758659519424,-0.818422188621346,-0.895036347290131,0.043755362077011944,0.9614684867823723,-0.5856910216458802,0.12092081759450446,-0.1232625593830795,-0.9125287161131993,-0.3271290802048482,-0.42711904651450355,0.20932265738032835
821,-0.2545136727351655,-0.9248452650683061,-0.8758154944633588,0.6288576620884695,-0.07722524456034498,-0.38839334930891706,-0.25023810259853163,0.3971374976449555,0.9045146292364709,-0.8143766167145272,-0.9969782511576883,0.11137698962522385,0.9513884128627363,-0.605511422645456,0.08320936805112458,-0.18873886564554598,-0.8842848384783866,-0.38354105435735203,-0.4602959459468086,0.23517946516245275
822,-0.2545136727351655,-0.9248452650683061,-0.8758154944633588,0.6288576620884695,-0.07722524456034498,-0.38839334930891706,-0.25023810259853163,0.3971374976449555,0.9045146292364709,-0.8143766167145272,-0.9969782511576883,0.11137698962522385,0.9513884128627363,-0.605511422645456,0.08320936805112458,-0.18873886564554598,-0.8842848384783866,-0.38354105435735203,-0.4602959459468086,0.23517946516245275
823,-0.2512926928774946,-0.9350428593967689,-0.8714915953996628,0.6343579300445538,-0.0773557025128123,-0.40781378786604566,-0.26891967329467703,0.32729921792354905,0.9940141218972915,-0.7771306179370621,-0.9478193679733906,0.03160495170533389,0.9736673913346877,-0.6242820910662676,0.10297272055637187,-0.1261350516798735,-0.8850691147394922,-0.37814776022436164,-0.3950526671048975,0.2243723651866862
824,-0.249889779625279,-0.9433673583700017,-0.874362368100532,0.630912977373681,-0.07654262624379664,-0.4270245183373586,-0.27793105413883706,0.30101532479140725,0.9649504535691017,-0.8241416030524695,-0.9298822599029669,0.014367683948398003,0.9991843298627667,-0.640834377036876,0.08989243472764138,-0.062176455771493486,-0.8616566258989182,-0.3982663144765112,-0.3820583668819402,0.252952977975232
825,-0.24928849544385856,-0.9415483359204372,-0.8701926866095437,0.6345502766195779,-0.08613383443206453,-0.48361246436359695,-0.29217835254926955,0.3201702172011194,0.9945764167696574,-0.8178752417977961,-0.9378870123450872,0.01568721578025131,0.9320108667084055,-0.6902898676317971,0.11088269462400721,-0.12890969989441434,-0.8638012525427575,-0.41240247251063544,-0.36673936542677066,0.2124439167392365
826,-0.25209664864710235,-0.9361577608037247,-0.8810163581636413,0.6339239754812629,-0.08178241505806404,-0.5083897572979913,-0.2798259159238408,0.3634060160205719,0.9795330450994255,-0.8563649177343925,-0.9490657286049584,0.10400905527749205,0.9690968405602989,-0.650245921716957,-0.013964233064925582,-0.1958682860077918,-0.8596862037751175,-0.47536377018302045,-0.39292655459673836,0.18499001406383975
827,-0.25209664864710235,-0.9361577608037247,-0.8810163581636413,0.6339239754812629,-0.08178241505806404,-0.5083897572979913,-0.2798259159238408,0.3634060160205719,0.9795330450994255,-0.8563649177343925,-0.9490657286049584,0.10400905527749205,0.9690968405602989,-0.650245921716957,-0.013964233064925582,-0.1958682860077918,-0.8596862037751175,-0.47536377018302045,-0.39292655459673836,0.18499001406383975
828,-0.25209664864710235,-0.9361577608037247,-0.8810163581636413,0.6339239754812629,-0.08178241505806404,-0.5083897572979913,-0.2798259159238408,0.3634060160205719,0.9795330450994255,-0.8563649177343925,-0.9490657286049584,0.10400905527749205,0.9690968405602989,-0.650245921716957,-0.013964233064925582,-0.1958682860077918,-0.8596862037751175,-0.47536377018302045,-0.39292655459673836,0.18499001406383975
829,-0.25209664864710235,-0.9361577608037247,-0.8810163581636413,0.6339239754812629,-0.08178241505806404,-0.5083897572979913,-0.2798259159238408,0.3634060160205719,0.9795330450994255,-0.8563649177343925,-0.9490657286049584,0.10400905527749205,0.9690968405602989,-0.650245921716957,-0.013964233064925582,-0.1958682860077918,-0.8596862037751175,-0.47536377018302045,-0.39292655459673836,0.18499001406383975
830,-0.2475411189473387,-0.9394773645974817,-0.8731643487873446,0.6290069140144849,-0.08430242043826201,-0.49942585764104747,-0.2438740338348113,0.3479471572038397,0.9980265779621578,-0.8699560891802619,-0.9877643367257901,0.029434914682678552,0.9577082526639049,-0.7110724439314345,-0.026531889647528676,-0.1475609599316508,-0.9421689405923119,-0.4002228223414271,-0.3781988321000484,0.24197434630946918
831,-0.2475411189473387,-0.9394773645974817,-0.8731643487873446,0.6290069140144849,-0.08430242043826201,-0.49942585764104747,-0.2438740338348113,0.3479471572038397,0.9980265779621578,-0.8699560891802619,-0.9877643367257901,0.029434914682678552,0.9577082526639049,-0.7110724439314345,-0.026531889647528676,-0.1475609599316508,-0.9421689405923119,-0.4002228223414271,-0.3781988321000484,0.24197434630946918
832,-0.2475411189473387,-0.9394773645974817,-0.8731643487873446,0.6290069140144849,-0.08430242043826201,-0.49942585764104747,-0.2438740338348113,0.3479471572038397,0.9980265779621578,-0.8699560891802619,-0.9877643367257901,0.029434914682678552,0.9577082526639049,-0.7110724439314345,-0.026531889647528676,-0.1475609599316508,-0.9421689405923119,-0.4002228223414271,-0.3781988321000484,0.24197434630946918
833,-0.2475411189473387,-0.9394773645974817,-0.8731643487873446,0.6290069140144849,-0.08430242043826201,-0.49942585764104747,-0.2438740338348113,0.3479471572038397,0.9980265779621578,-0.8699560891802619,-0.9877643367257901,0.029434914682678552,0.9577082526639049,-0.7110724439314345,-0.026531889647528676,-0.1475609599316508,-0.9421689405923119,-0.4002228223414271,-0.3781988321000484,0.24197434630946918
834,-0.2475411189473387,-0.9394773645974817,-0.8731643487873446,0.6290069140144849,-0.08430242043826201,-0.49942585764104747,-0.2438740338348113,0.3479471572038397,0.9980265779621578,-0.8699560891802619,-0.9877643367257901,0.029434914682678552,0.9577082526639049,-0.7110724439314345,-0.026531889647528676,-0.1475609599316508,-0.9421689405923119,-0.4002228223414271,-0.3781988321000484,0.24197434630946918
835,-0.25020779818108974,-0.9340477447126126,-0.8764499666422987,0.6279439018160912,-0.08443837325189639,-0.48703115284911824,-0.18518493358887472,0.33436495014755135,0.9449721396459353,-0.8589212103080385,-0.9906268736241483,0.058258150869036594,0.9534505696795531,-0.7352486405818612,-0.14352611569525564,-0.05896671479186861,-0.9312532810615037,-0.3248004662092548,-0.4220591100110442,0.20547313317897684
836,-0.24983682493504536,-0.9355189250705791,-0.8785736681437619,0.6316778994236031,-0.0885479669069418,-0.45221792377478937,-0.1626692744827962,0.30911188495432335,0.9836091040300525,-0.8124132887260297,-0.9939410047849072,0.08074803011451141,0.9480159709338039,-0.7667234322715021,-0.14832821296394338,-0.16087974300451913,-0.9300559257574645,-0.3579133651303404,-0.4280104186663192,0.1609583326513243
837,-0.24983682493504536,-0.9355189250705791,-0.8785736681437619,0.6316778994236031,-0.0885479669069418,-0.45221792377478937,-0.1626692744827962,0.30911188495432335,0.9836091040300525,-0.8124132887260297,-0.9939410047849072,0.08074803011451141,0.9480159709338039,-0.7667234322715021,-0.14832821296394338,-0.16087974300451913,-0.9300559257574645,-0.3579133651303404,-0.4280104186663192,0.1609583326513243
838,-0.24983682493504536,-0.9355189250705791,-0.8785736681437619,0.6316778994236031,-0.0885479669069418,-0.45221792377478937,-0.1626692744827962,0.30911188495432335,0.9836091040300525,-0.8124132887260297,-0.9939410047849072,0.08074803011451141,0.9480159709338039,-0.7667234322715021,-0.14832821296394338,-0.16087974300451913,-0.9300559257574645,-0.3579133651303404,-0.4280104186663192,0.1609583326513243
839,-0.25056682615468207,-0.9284085936583706,-0.8787665314370702,0.6310822049730653,-0.0863814090632693,-0.4044339180045737,-0.23190946453040973,0.3535321222222682,0.9736097365729626,-0.8147750070829668,-0.9700288489364721,0.03463298183229676,0.9053601930819741,-0.700161003369366,-0.15296646953509002,-0.1394263248963258,-0.995971082041341,-0.2779794397449148,-0.4084868959243752,0.08362688102975302
840,-0.25056682615468207,-0.9284085936583706,-0.8787665314370702,0.6310822049730653,-0.0863814090632693,-0.4044339180045737,-0.23190946453040973,0.3535321222222682,0.9736097365729626,-0.8147750070829668,-0.9700288489364721,0.03463298183229676,0.9053601930819741,-0.700161003369366,-0.15296646953509002,-0.1394263248963258,-0.995971082041341,-0.2779794397449148,-0.4084868959243752,0.08362688102975302
841,-0.25056682615468207,-0.9284085936583706,-0.8787665314370702,0.6310822049730653,-0.0863814090632693,-0.4044339180045737,-0.23190946453040973,0.3535321222222682,0.9736097365729626,-0.8147750070829668,-0.9700288489364721,0.03463298183229676,0.9053601930819741,-0.700161003369366,-0.15296646953509002,-0.1394263248963258,-0.995971082041341,-0.2779794397449148,-0.4084868959243752,0.08362688102975302
842,-0.25056682615468207,-0.9284085936583706,-0.8787665314370702,0.6310822049730653,-0.0863814090632693,-0.4044339180045737,-0.23190946453040973,0.3535321222222682,0.9736097365729626,-0.8147750070829668,-0.9700288489364721,0.03463298183229676,0.9053601930819741,-0.700161003369366,-0.15296646953509002,-0.1394263248963258,-0.995971082041341,-0.2779794397449148,-0.4084868959243752,0.08362688102975302
843,-0.24646932546438305,-0.9289708119691912,-0.8787013979440097,0.6278229713583751,-0.08901318951449369,-0.4647179204604564,-0.15607120712143124,0.322004265102676,0.989428099846351,-0.8361937342016973,-0.9662988473627281,0.0032590162898433707,0.8810656769830633,-0.7361767873898458,-0.11824244628094638,-0.09961132917727628,-0.9975109184694316,-0.2493887012657846,-0.44452518097707167,0.028063291415746153
844,-0.24646932546438305,-0.9289708119691912,-0.8787013979440097,0.6278229713583751,-0.08901318951449369,-0.4647179204604564,-0.15607120712143124,0.322004265102676,0.989428099846351,-0.8361937342016973,-0.9662988473627281,0.0032590162898433707,0.8810656769830633,-0.7361767873898458,-0.11824244628094638,-0.09961132917727628,-0.9975109184694316,-0.2493887012657846,-0.44452518097707167,0.028063291415746153
845,-0.24646932546438305,-0.9289708119691912,-0.8787013979440097,0.6278229713583751,-0.08901318951449369,-0.4647179204604564,-0.15607120712143124,0.322004265102676,0.989428099846351,-0.8361937342016973,-0.9662988473627281,0.0032590162898433707,0.8810656769830633,-0.7361767873898458,-0.11824244628094638,-0.09961132917727628,-0.9975109184694316,-0.2493887012657846,-0.44452518097707167,0.028063291415746153
846,-0.24646932546438305,-0.9289708119691912,-0.8787013979440097,0.6278229713583751,-0.08901318951449369,-0.4647179204604564,-0.15607120712143124,0.322004265102676,0.989428099846351,-0.8361937342016973,-0.9662988473627281,0.0032590162898433707,0.8810656769830633,-0.7361767873898458,-0.11824244628094638,-0.09961132917727628,-0.9975109184694316,-0.2493887012657846,-0.44452518097707167,0.028063291415746153
847,-0.24646932546438305,-0.9289708119691912,-0.8787013979440097,0.6278229713583751,-0.08901318951449369,-0.4647179204604564,-0.15607120712143124,0.322004265102676,0.989428099846351,-0.8361937342016973,-0.9662988473627281,0.0032590162898433707,0.8810656769830633,-0.7361767873898458,-0.11824244628094638,-0.09961132917727628,-0.9975109184694316,-0.2493887012657846,-0.44452518097707167,0.028063291415746153
848,-0.24646932546438305,-0.9289708119691912,-0.8787013979440097,0.6278229713583751,-0.08901318951449369,-0.4647179204604564,-0.15607120712143124,0.322004265102676,0.989428099846351,-0.8361937342016973,-0.9662988473627281,0.0032590162898433707,0.8810656769830633,-0.7361767873898458,-0.11824244628094638,-0.09961132917727628,-0.9975109184694316,-0.2493887012657846,-0.44452518097707167,0.028063291415746153
849,-0.2448436473114032,-0.9332823543388131,-0.8723025306704288,0.6255442316761606,-0.09182678941047413,-0.4370826787012213,-0.14232457550156624,0.3150410889157216,0.851784772057293,-0.7414146330197289,-0.9931553663353159,0.046445968284742546,0.822954565487203,-0.7852495593564739,-0.08363417349089251,-0.001243963578998085,-0.9887029072817624,-0.22316205533882322,-0.4310643426053326,0.10196461687666364
850,-0.2476851242036524,-0.9337542341393332,-0.8727143144972445,0.6217119206900339,-0.08618619396371213,-0.5347331504381382,-0.09828366287730551,0.39412710913969085,0.8847589381564303,-0.7548968662902861,-0.941043176281997,0.07016824909940245,0.9364366048612149,-0.7108009997899695,-0.059100186533141745,0.05580831015316889,-0.973727915426581,-0.28740778444553516,-0.44176546879963585,0.03817822795847543
851,-0.24359572439139224,-0.9397576117879455,-0.8711812182025516,0.6269637516125639,-0.08676494049522165,-0.5001521356622668,-0.20826086832686422,0.35339689633549715,0.8861089468241323,-0.7994275150009699,-0.8840365691559114,0.0942098699270155,0.8945503506304632,-0.7103430771385608,-0.08226042134452771,0.029693488939574016,-0.9900239180422278,-0.25071524200052314,-0.45438297599012484,0.10099324454419682
852,-0.24183870963592508,-0.9359344775445013,-0.8721326005538568,0.6295938349334944,-0.08625881233299944,-0.4918214505802648,-0.1723006856846681,0.25611577099405025,0.9984241386984325,-0.8134069896971919,-0.8704194645101131,0.06697156955178685,0.9351758422026814,-0.7400700723421062,0.0027174422347380246,-0.021093042333893808,-0.9729271037855237,-0.27868217338106455,-0.4711532321573825,0.19518817671865107
853,-0.24183870963592508,-0.9359344775445013,-0.8721326005538568,0.6295938349334944,-0.08625881233299944,-0.4918214505802648,-0.1723006856846681,0.25611577099405025,0.9984241386984325,-0.8134069896971919,-0.8704194645101131,0.06697156955178685,0.9351758422026814,-0.7400700723421062,0.0027174422347380246,-0.021093042333893808,-0.9729271037855237,-0.27868217338106455,-0.4711532321573825,0.19518817671865107
854,-0.2469979253300182,-0.9423966576871259,-0.8693505008262379,0.6212302583074353,-0.07642435252279492,-0.5330746245092205,-0.258491416481582,0.31306708088391766,0.9600992598265983,-0.8265649726301227,-0.8376063953418278,0.07411672057569943,0.9714262605040513,-0.6781285480946732,-0.03626538442515586,0.027275637074941832,-0.9601716458225718,-0.33026565084481196,-0.43513802482284725,0.17915534076136577
855,-0.24698951415943568,-0.9374980392588274,-0.8729628316556418,0.640220451915362,-0.08661669141708488,-0.5013902186064151,-0.2263282719932449,0.21881895276807484,0.9639219669670342,-0.7117624285777113,-0.8848436279008368,0.012128060120393908,0.9913750965840067,-0.634027862325149,0.05048426596155522,0.03384962247136327,-0.9552466909453619,-0.2532276094778696,-0.41451350175813817,0.1280318624139535
856,-0.24698951415943568,-0.9374980392588274,-0.8729628316556418,0.640220451915362,-0.08661669141708488,-0.5013902186064151,-0.2263282719932449,0.21881895276807484,0.9639219669670342,-0.7117624285777113,-0.8848436279008368,0.012128060120393908,0.9913750965840067,-0.634027862325149,0.05048426596155522,0.03384962247136327,-0.9552466909453619,-0.2532276094778696,-0.41451350175813817,0.1280318624139535
857,-0.2457598073225216,-0.9363954527833241,-0.8649896621437412,0.6206650815135855,-0.08274307027561394,-0.511154863206779,-0.25992879655244616,0.295001978010211,0.9146630877335595,-0.7637276284431399,-0.8597736141772323,0.020824444706285854,0.9331695176334122,-0.6450466649988356,0.08285566034243752,0.06454492896531488,-0.9682776669577305,-0.307805681487412,-0.39375336314549514,0.13381450840863973
858,-0.2452339894685135,-0.9419976678013553,-0.8708987064662673,0.6361591548932514,-0.08554690311692073,-0.4502907444054003,-0.17335226941408788,0.2398564086359478,0.889765019134262,-0.7140121754881945,-0.8534823739857711,0.06536479000288722,0.8822469748420382,-0.70302460627935,0.11118159670175984,0.07888621457698072,-0.9649156352142911,-0.2290669006764227,-0.47707658797607305,0.1118887044279229
859,-0.2466725979459499,-0.9405453654403361,-0.8724555170061777,0.6052696088985369,-0.08210038265480028,-0.38947534658015054,-0.1469500825755507,0.35865056751102165,0.8295147609359859,-0.754906443149406,-0.9049302572727309,0.08151806949062314,0.8561291173411101,-0.6756617153529151,0.0773164761125604,0.07967569432424429,-0.9856088840284067,-0.1908089315933007,-0.5156078494431983,0.14650056005225756
860,-0.23912297757205592,-0.9305341176465298,-0.8798438873205927,0.6479238661390108,-0.09383957942010197,-0.3806798062110997,-0.24185629985855742,0.40497634020046,0.8898644193978918,-0.7936381554175079,-0.8420916545376341,0.030239160428870336,0.8573875113922651,-0.6316650269241301,-0.02204975657804193,0.12368910294216903,-0.9916394000403821,-0.13358221254120597,-0.5462891775729121,0.033885718485128495
861,-0.24258364957341216,-0.9321964757986251,-0.8718499957667835,0.6167953163477236,-0.08256272137296224,-0.45348358830672036,-0.2843777755412767,0.42336195375556523,0.952636724331886,-0.8956274856080709,-0.7935532626808252,0.08080701638416496,0.9096044904478078,-0.550648656638732,-0.03232594856601172,0.10584784449051667,-0.9830078469909548,-0.12635079731658158,-0.5666768044132011,0.13002820980924312
862,-0.24258364957341216,-0.9321964757986251,-0.8718499957667835,0.6167953163477236,-0.08256272137296224,-0.45348358830672036,-0.2843777755412767,0.42336195375556523,0.952636724331886,-0.8956274856080709,-0.7935532626808252,0.08080701638416496,0.9096044904478078,-0.550648656638732,-0.03232594856601172,0.10584784449051667,-0.9830078469909548,-0.12635079731658158,-0.5666768044132011,0.13002820980924312
863,-0.24258364957341216,-0.9321964757986251,-0.8718499957667835,0.6167953163477236,-0.08256272137296224,-0.45348358830672036,-0.2843777755412767,0.42336195375556523,0.952636724331886,-0.8956274856080709,-0.7935532626808252,0.08080701638416496,0.9096044904478078,-0.550648656638732,-0.03232594856601172,0.10584784449051667,-0.9830078469909548,-0.12635079731658158,-0.5666768044132011,0.13002820980924312
864,-0.24258364957341216,-0.9321964757986251,-0.8718499957667835,0.6167953163477236,-0.08256272137296224,-0.45348358830672036,-0.2843777755412767,0.42336195375556523,0.952636724331886,-0.8956274856080709,-0.7935532626808252,0.08080701638416496,0.9096044904478078,-0.550648656638732,-0.03232594856601172,0.10584784449051667,-0.9830078469909548,-0.12635079731658158,-0.5666768044132011,0.13002820980924312
865,-0.24258364957341216,-0.9321964757986251,-0.8718499957667835,0.6167953163477236,-0.08256272137296224,-0.45348358830672036,-0.2843777755412767,0.42336195375556523,0.952636724331886,-0.8956274856080709,-0.7935532626808252,0.08080701638416496,0.9096044904478078,-0.550648656638732,-0.03232594856601172,0.10584784449051667,-0.9830078469909548,-0.12635079731658158,-0.5666768044132011,0.13002820980924312
866,-0.23957031273624724,-0.9426989052613461,-0.8672171308829241,0.6392542332225651,-0.09382530997333587,-0.3675647279809944,-0.2557859759403171,0.3895886782911461,0.8329015744173253,-0.8068349636488565,-0.7907824198307081,0.07579183402408633,0.9125485772203671,-0.6480967901234641,0.134679191768295,0.16553277818279385,-0.9862800938482514,-0.19017449373762166,-0.5629389904259061,0.16542480325931813
867,-0.23957031273624724,-0.9426989052613461,-0.8672171308829241,0.6392542332225651,-0.09382530997333587,-0.3675647279809944,-0.2557859759403171,0.3895886782911461,0.8329015744173253,-0.8068349636488565,-0.7907824198307081,0.07579183402408633,0.9125485772203671,-0.6480967901234641,0.134679191768295,0.16553277818279385,-0.9862800938482514,-0.19017449373762166,-0.5629389904259061,0.16542480325931813
868,-0.2418416115434859,-0.9340322607868776,-0.8664786528366564,0.6156857849949331,-0.08736863982727092,-0.23745404146019036,-0.21179269657991734,0.32971082154991005,0.8736810646636589,-0.8382063801892958,-0.7804447447316337,0.04876287291668852,0.8826459343101436,-0.5686851157152081,0.12245219928175774,0.15866081118191228,-0.9995457834568323,-0.14342133709796448,-0.6069449936305679,0.14871750026013647
869,-0.23857324879848527,-0.9369011109753995,-0.8696202945363133,0.6260222706359364,-0.08932726712396921,-0.25890682127834214,-0.2536931453725937,0.21179254577569345,0.8023834152607098,-0.7323858314176276,-0.8064743477049864,0.03406609044506836,0.8861377978952502,-0.621217779696494,0.14672930475344834,0.1494585376051668,-0.9955041184964439,-0.1634650506961202,-0.5472661649241088,0.1375411368377972
870,-0.23690133866838123,-0.9426034162490625,-0.8665328257418905,0.6296423427388684,-0.08668928336551475,-0.2969019637308732,-0.1986748528198439,0.19982158182078025,0.7990171810892647,-0.8452046262874235,-0.7905233507215649,0.09847755889778641,0.8916816618729516,-0.6103191366735979,0.06779733780934621,0.14039765671053292,-0.9963214613563172,-0.16002533719616635,-0.6272643473138878,0.1540324105952769
871,-0.23690133866838123,-0.9426034162490625,-0.8665328257418905,0.6296423427388684,-0.08668928336551475,-0.2969019637308732,-0.1986748528198439,0.19982158182078025,0.7990171810892647,-0.8452046262874235,-0.7905233507215649,0.09847755889778641,0.8916816618729516,-0.6103191366735979,0.06779733780934621,0.14039765671053292,-0.9963214613563172,-0.16002533719616635,-0.6272643473138878,0.1540324105952769
872,-0.24608247829369276,-0.9373462300958822,-0.8814065420342777,0.6247544982538494,-0.08812681568398131,-0.3974185671911164,-0.19096960236932667,0.24486503261516557,0.7882742037482672,-0.7286079971558008,-0.8184727421504989,0.13493277110961066,0.9551738542032138,-0.6022191648416725,0.047685259769432595,0.1504823070874435,-0.999713520747401,-0.17210898214182566,-0.5454485438619261,0.18774484137887454
873,-0.24934169814693102,-0.9284266132615455,-0.8687065734854119,0.6168478327053835,-0.07456901586264263,-0.43536374553503876,-0.18571000715729677,0.23982929004086526,0.8236964488410196,-0.7276614491119174,-0.8697353463436867,0.08423339858682505,0.9263957140935921,-0.5525622754917343,0.030502985216382433,0.08659913933304343,-0.9948127637622091,-0.0937303761718247,-0.5619472293954034,0.11291901300737946
874,-0.24247997340985034,-0.938955367934855,-0.8816065677515583,0.6215945838949348,-0.08045753567922742,-0.47003682644249967,-0.3194419794800295,0.19477953009754623,0.8203381070709801,-0.7977984206293635,-0.8396533103176707,0.08820682114436879,0.84899894477214,-0.6061863938869432,0.04508592105749133,0.03021633635107119,-0.992183556659166,-0.11982282380477295,-0.48047022847713666,0.11295106651864889
875,-0.24247997340985034,-0.938955367934855,-0.8816065677515583,0.6215945838949348,-0.08045753567922742,-0.47003682644249967,-0.3194419794800295,0.19477953009754623,0.8203381070709801,-0.7977984206293635,-0.8396533103176707,0.08820682114436879,0.84899894477214,-0.6061863938869432,0.04508592105749133,0.03021633635107119,-0.992183556659166,-0.11982282380477295,-0.48047022847713666,0.11295106651864889
876,-0.24247997340985034,-0.938955367934855,-0.8816065677515583,0.6215945838949348,-0.08045753567922742,-0.47003682644249967,-0.3194419794800295,0.19477953009754623,0.8203381070709801,-0.7977984206293635,-0.8396533103176707,0.08820682114436879,0.84899894477214,-0.6061863938869432,0.04508592105749133,0.03021633635107119,-0.992183556659166,-0.11982282380477295,-0.48047022847713666,0.11295106651864889
877,-0.2477533889807068,-0.9432489539409407,-0.8691082943598692,0.6357134651587022,-0.08883549898305873,-0.4566186390670883,-0.284763681229869,0.22563809398797752,0.9173018013145389,-0.8589028200433225,-0.7937322085373699,0.05870817826140072,0.8512123483337963,-0.6331126239660443,0.14101598414935812,0.03461733425357137,-0.9570814259260711,-0.20175207624401592,-0.5177088698873216,0.10271552626830856
878,-0.2477533889807068,-0.9432489539409407,-0.8691082943598692,0.6357134651587022,-0.08883549898305873,-0.4566186390670883,-0.284763681229869,0.22563809398797752,0.9173018013145389,-0.8589028200433225,-0.7937322085373699,0.05870817826140072,0.8512123483337963,-0.6331126239660443,0.14101598414935812,0.03461733425357137,-0.9570814259260711,-0.20175207624401592,-0.5177088698873216,0.10271552626830856
879,-0.24257118636873176,-0.931194778639938,-0.8734645457304441,0.6264634719598631,-0.08948238140498263,-0.4372315974929959,-0.2957473891639836,0.3249711127085409,0.9746476369981832,-0.8445879689420313,-0.8411184652478711,0.09097573294317328,0.7809331382458662,-0.6657654659419909,0.02519645495319948,-0.0175882736082711,-0.9448522563718469,-0.17931970869147595,-0.5248846610427047,0.11910822157196412
880,-0.24074419145139553,-0.9432726615721219,-0.8697163766379331,0.639819312485119,-0.09566421735553143,-0.4343947418127403,-0.31807611177452405,0.24241063138744445,0.9904774456034451,-0.8928489666948967,-0.8590593519384192,0.03687661569996244,0.8287197906621999,-0.6661567979754875,0.0630887247105834,-0.03716612871048846,-0.9654499317299374,-0.14541922733495102,-0.5433537169092607,0.22141025151864174
881,-0.24074419145139553,-0.9432726615721219,-0.8697163766379331,0.639819312485119,-0.09566421735553143,-0.4343947418127403,-0.31807611177452405,0.24241063138744445,0.9904774456034451,-0.8928489666948967,-0.8590593519384192,0.03687661569996244,0.8287197906621999,-0.6661567979754875,0.0630887247105834,-0.03716612871048846,-0.9654499317299374,-0.14541922733495102,-0.5433537169092607,0.22141025151864174
882,-0.24074419145139553,-0.9432726615721219,-0.8697163766379331,0.639819312485119,-0.09566421735553143,-0.4343947418127403,-0.31807611177452405,0.24241063138744445,0.9904774456034451,-0.8928489666948967,-0.8590593519384192,0.03687661569996244,0.8287197906621999,-0.6661567979754875,0.0630887247105834,-0.03716612871048846,-0.9654499317299374,-0.14541922733495102,-0.5433537169092607,0.22141025151864174
883,-0.2375899291678445,-0.9329459687128303,-0.8624442773173883,0.6195809656034178,-0.08821448758681719,-0.472732839792585,-0.30708173269283207,0.3196178485609575,0.9816692798666257,-0.9185465433170878,-0.8880821540700714,0.08599112716801864,0.8088596639655643,-0.6549476555734772,0.05700126137196839,-0.04053923075180425,-0.9995587201239591,-0.15128179187529406,-0.5672668969730376,0.26863511832682896
884,-0.24328407505293775,-0.9415376956969683,-0.8689224102552286,0.6376080482734109,-0.08883113401358864,-0.41832273074523113,-0.2851399817413835,0.35838226563789516,0.9891710293805129,-0.8914663529306532,-0.8701390373418411,0.16632967727013656,0.8860347773307599,-0.6140976943941436,0.0607726755021061,-0.09519352506330259,-0.9448711745666708,-0.2533854652922477,-0.5929260438941738,0.2408465446081554
885,-0.24762448511900198,-0.938285850300557,-0.872543867449984,0.6297865291676467,-0.08123543566250084,-0.36226518391317997,-0.34206799411466965,0.30110011169493517,0.9587575559113285,-0.9014114655773442,-0.919650062103146,0.09073501921673917,0.9449393876689698,-0.5500130043264856,0.012801148253684023,-0.1488736227642248,-0.9469146042265179,-0.2762523011104698,-0.5485097275075185,0.20871664597251527
886,-0.24762448511900198,-0.938285850300557,-0.872543867449984,0.6297865291676467,-0.08123543566250084,-0.36226518391317997,-0.34206799411466965,0.30110011169493517,0.9587575559113285,-0.9014114655773442,-0.919650062103146,0.09073501921673917,0.9449393876689698,-0.5500130043264856,0.012801148253684023,-0.1488736227642248,-0.9469146042265179,-0.2762523011104698,-0.5485097275075185,0.20871664597251527
887,-0.24762448511900198,-0.938285850300557,-0.872543867449984,0.6297865291676467,-0.08123543566250084,-0.36226518391317997,-0.34206799411466965,0.30110011169493517,0.9587575559113285,-0.9014114655773442,-0.919650062103146,0.09073501921673917,0.9449393876689698,-0.5500130043264856,0.012801148253684023,-0.1488736227642248,-0.9469146042265179,-0.2762523011104698,-0.5485097275075185,0.20871664597251527
888,-0.24762448511900198,-0.938285850300557,-0.872543867449984,0.6297865291676467,-0.08123543566250084,-0.36226518391317997,-0.34206799411466965,0.30110011169493517,0.9587575559113285,-0.9014114655773442,-0.919650062103146,0.09073501921673917,0.9449393876689698,-0.5500130043264856,0.012801148253684023,-0.1488736227642248,-0.9469146042265179,-0.2762523011104698,-0.5485097275075185,0.20871664597251527
889,-0.2481797948084973,-0.9376143033439331,-0.8719677105551926,0.6325842505519352,-0.0775885657799368,-0.4388078268030039,-0.3064846254063984,0.38782596737898245,0.979592630322989,-0.8483977415288569,-0.8863973486242418,0.16065151251281515,0.9744267733334008,-0.4839174856612876,0.09014166860337457,-0.16979770198793398,-0.9742389866544993,-0.3254743952729375,-0.5146214597439009,0.16966362225819828
890,-0.2481797948084973,-0.9376143033439331,-0.8719677105551926,0.6325842505519352,-0.0775885657799368,-0.4388078268030039,-0.3064846254063984,0.38782596737898245,0.979592630322989,-0.8483977415288569,-0.8863973486242418,0.16065151251281515,0.9744267733334008,-0.4839174856612876,0.09014166860337457,-0.16979770198793398,-0.9742389866544993,-0.3254743952729375,-0.5146214597439009,0.16966362225819828
891,-0.2481797948084973,-0.9376143033439331,-0.8719677105551926,0.6325842505519352,-0.0775885657799368,-0.4388078268030039,-0.3064846254063984,0.38782596737898245,0.979592630322989,-0.8483977415288569,-0.8863973486242418,0.16065151251281515,0.9744267733334008,-0.4839174856612876,0.09014166860337457,-0.16979770198793398,-0.9742389866544993,-0.3254743952729375,-0.5146214597439009,0.16966362225819828
892,-0.24930745163025703,-0.9414733624536521,-0.876971254500118,0.6278455438906168,-0.078489276568377,-0.4099123182465162,-0.35438738122014435,0.3418006144505746,0.980818215346151,-0.8562115558642406,-0.8351819833451349,0.14728438176084593,0.9802506257009186,-0.5621381811571875,0.01771948995931823,-0.12987176912866497,-0.9192168252680691,-0.35679116579632575,-0.5109415624906881,0.1587895759055193
893,-0.24930745163025703,-0.9414733624536521,-0.876971254500118,0.6278455438906168,-0.078489276568377,-0.4099123182465162,-0.35438738122014435,0.3418006144505746,0.980818215346151,-0.8562115558642406,-0.8351819833451349,0.14728438176084593,0.9802506257009186,-0.5621381811571875,0.01771948995931823,-0.12987176912866497,-0.9192168252680691,-0.35679116579632575,-0.5109415624906881,0.1587895759055193
894,-0.24305742570584896,-0.9455148545723462,-0.8803244464849652,0.6338533976855747,-0.08329449920052732,-0.4807434999849371,-0.253106677388982,0.32987096286046536,0.9891661019665161,-0.9016905239845606,-0.844916797656201,0.1040571325804236,0.9099795738692558,-0.6544104369478136,0.038399047766374185,-0.09781406542307747,-0.9708957142365872,-0.39812663690378586,-0.47561932611646857,0.13320792674869328
895,-0.24495831675810545,-0.9335046847849137,-0.8684536900940145,0.6445791188301785,-0.09232428694090307,-0.4330792606694641,-0.2963766991813755,0.3660240360697527,0.9789270145427172,-0.8668992894952648,-0.8821793510292333,0.08837798693672044,0.8876501188431544,-0.6516372251427874,0.07022663466307817,-0.11105466686060854,-0.9338345768609556,-0.3117421034724804,-0.4887106662056196,0.16344244932327837
896,-0.24495831675810545,-0.9335046847849137,-0.8684536900940145,0.6445791188301785,-0.09232428694090307,-0.4330792606694641,-0.2963766991813755,0.3660240360697527,0.9789270145427172,-0.8668992894952648,-0.8821793510292333,0.08837798693672044,0.8876501188431544,-0.6516372251427874,0.07022663466307817,-0.11105466686060854,-0.9338345768609556,-0.3117421034724804,-0.4887106662056196,0.16344244932327837
897,-0.24495831675810545,-0.9335046847849137,-0.8684536900940145,0.6445791188301785,-0.09232428694090307,-0.4330792606694641,-0.2963766991813755,0.3660240360697527,0.9789270145427172,-0.8668992894952648,-0.8821793510292333,0.08837798693672044,0.8876501188431544,-0.6516372251427874,0.07022663466307817,-0.11105466686060854,-0.9338345768609556,-0.3117421034724804,-0.4887106662056196,0.16344244932327837
898,-0.24495831675810545,-0.9335046847849137,-0.8684536900940145,0.6445791188301785,-0.09232428694090307,-0.4330792606694641,-0.2963766991813755,0.3660240360697527,0.9789270145427172,-0.8668992894952648,-0.8821793510292333,0.08837798693672044,0.8876501188431544,-0.6516372251427874,0.07022663466307817,-0.11105466686060854,-0.9338345768609556,-0.3117421034724804,-0.4887106662056196,0.16344244932327837
899,-0.24495831675810545,-0.9335046847849137,-0.8684536900940145,0.6445791188301785,-0.09232428694090307,-0.4330792606694641,-0.2963766991813755,0.3660240360697527,0.9789270145427172,-0.8668992894952648,-0.8821793510292333,0.08837798693672044,0.8876501188431544,-0.6516372251427874,0.07022663466307817,-0.11105466686060854,-0.9338345768609556,-0.3117421034724804,-0.4887106662056196,0.16344244932327837
900,-0.24495831675810545,-0.9335046847849137,-0.8684536900940145,0.6445791188301785,-0.09232428694090307,-0.4330792606694641,-0.2963766991813755,0.3660240360697527,0.9789270145427172,-0.8668992894952648,-0.8821793510292333,0.08837798693672044,0.8876501188431544,-0.6516372251427874,0.07022663466307817,-0.11105466686060854,-0.9338345768609556,-0.3117421034724804,-0.4887106662056196,0.16344244932327837
901,-0.24051987595751026,-0.9425420517889667,-0.8608823587313916,0.6176161529026085,-0.08474927343912063,-0.47285481556999115,-0.3166437384479091,0.3315466306015041,0.9914720253532747,-0.9303554371520738,-0.8969230071904472,0.0416951898231975,0.8408054050092127,-0.6262699177121653,0.09086182932778648,-0.04819225975482489,-0.9877507303822706,-0.1756583984663873,-0.526498126962218,0.2515200432016982
902,-0.2405520357845758,-0.9450882977147099,-0.8656168279890843,0.6377113813900052,-0.08558774342610183,-0.5548449393006513,-0.3593510792669814,0.34249081026492695,0.97666356401531,-0.8786686109418281,-0.8751934886085511,0.08299363474716835,0.8530901300026452,-0.5994676272957672,0.060925250726630395,-0.03974811611851129,-0.9635638645555594,-0.14644673373962355,-0.522884661420412,0.1869644329290156
903,-0.24217707964673144,-0.939482062413909,-0.8643891276368552,0.611245446265662,-0.09010686524641917,-0.5585574583195102,-0.24752928706807684,0.3596641252785623,0.9594214494030893,-0.9191911476691982,-0.9328390283752852,0.10070436418897855,0.7816337727824288,-0.6891302117496572,-0.008102586744823479,-0.02820151653500299,-0.9981549401953127,-0.12921051982019394,-0.5777795965983992,0.25437934242365295
904,-0.24071753146084796,-0.9378629560627827,-0.8680037123004672,0.6425567610573363,-0.09623168515081483,-0.49719603885786023,-0.2899559060555868,0.3183182802788729,0.9757533147312367,-0.8796110785225523,-0.9590694359567794,0.13553057473255953,0.8152055043225928,-0.688644104180716,-0.05877363490909674,-0.09036368353340873,-0.9844448339358381,-0.09399971524240865,-0.6310086214847511,0.35914198839761013
905,-0.2472386783377154,-0.9366626305397088,-0.8696158277036303,0.6152592091874867,-0.07465566369713007,-0.5129259669455044,-0.23452919812307024,0.32643688074693616,0.9830802058163995,-0.9034586445687192,-0.9578520999910354,0.193903698904176,0.8331164256397038,-0.6337982112074856,-0.05270954655243719,-0.1578371549505258,-0.9790130192236303,-0.17166281692444718,-0.619879865602266,0.3065081888494974
906,-0.2472386783377154,-0.9366626305397088,-0.8696158277036303,0.6152592091874867,-0.07465566369713007,-0.5129259669455044,-0.23452919812307024,0.32643688074693616,0.9830802058163995,-0.9034586445687192,-0.9578520999910354,0.193903698904176,0.8331164256397038,-0.6337982112074856,-0.05270954655243719,-0.1578371549505258,-0.9790130192236303,-0.17166281692444718,-0.619879865602266,0.3065081888494974
907,-0.24897554887592935,-0.9434418003990462,-0.8682721738091786,0.6471590470154865,-0.08400249964040761,-0.4928186612061028,-0.29743198891317607,0.313497129457723,0.9870716791719681,-0.8263079393763592,-0.8858846264398778,0.2070507685745303,0.8984426695785042,-0.6223465789734718,-0.017058481343300277,-0.11344994570659857,-0.9532757213160254,-0.18854109934595276,-0.6040315740001846,0.27740880506675797
908,-0.2506385126976447,-0.9350244963826403,-0.8719962826213772,0.6166757180114074,-0.07210147248913237,-0.5019470699997448,-0.24869344826754242,0.31684469824515615,0.9626279225870922,-0.9203765383638225,-0.940168080292024,0.1738202164714958,0.9182743180910558,-0.5820628847628122,-0.09617527272111033,-0.13639678717799275,-0.9987061757676394,-0.20187907784774992,-0.6065522303978172,0.2715677433380415
909,-0.25050442353125973,-0.939812224076291,-0.8718815624164642,0.6359653304307203,-0.08491685460737801,-0.6007482979526813,-0.2246267750614352,0.2992654848020476,0.9292799312407615,-0.8677742229308615,-0.9659063139342244,0.22458057214185692,0.828989062633001,-0.6833946704570211,-0.24951422062666465,-0.08734203795446777,-0.9814276219738939,-0.0610073724582082,-0.6394237071233815,0.22576473290363813
910,-0.2517847723587059,-0.9497456858510356,-0.8753827807560917,0.6272789773730064,-0.0832144265054779,-0.658663485889225,-0.21756348975213322,0.2244114081492978,0.8824929281249302,-0.916122786765142,-0.9987192279202383,0.1931471050070079,0.7531722226525391,-0.7149245904774574,-0.26687301014952425,-0.0927564770768404,-0.9591924127134054,-0.06508289874005212,-0.6056815109014063,0.17921098828163973
911,-0.2517847723587059,-0.9497456858510356,-0.8753827807560917,0.6272789773730064,-0.0832144265054779,-0.658663485889225,-0.21756348975213322,0.2244114081492978,0.8824929281249302,-0.916122786765142,-0.9987192279202383,0.1931471050070079,0.7531722226525391,-0.7149245904774574,-0.26687301014952425,-0.0927564770768404,-0.9591924127134054,-0.06508289874005212,-0.6056815109014063,0.17921098828163973
912,-0.2517847723587059,-0.9497456858510356,-0.8753827807560917,0.6272789773730064,-0.0832144265054779,-0.658663485889225,-0.21756348975213322,0.2244114081492978,0.8824929281249302,-0.916122786765142,-0.9987192279202383,0.1931471050070079,0.7531722226525391,-0.7149245904774574,-0.26687301014952425,-0.0927564770768404,-0.9591924127134054,-0.06508289874005212,-0.6056815109014063,0.17921098828163973
913,-0.2517847723587059,-0.9497456858510356,-0.8753827807560917,0.6272789773730064,-0.0832144265054779,-0.658663485889225,-0.21756348975213322,0.2244114081492978,0.8824929281249302,-0.916122786765142,-0.9987192279202383,0.1931471050070079,0.7531722226525391,-0.7149245904774574,-0.26687301014952425,-0.0927564770768404,-0.9591924127134054,-0.06508289874005212,-0.6056815109014063,0.17921098828163973
914,-0.2517847723587059,-0.9497456858510356,-0.8753827807560917,0.6272789773730064,-0.0832144265054779,-0.658663485889225,-0.21756348975213322,0.2244114081492978,0.8824929281249302,-0.916122786765142,-0.9987192279202383,0.1931471050070079,0.7531722226525391,-0.7149245904774574,-0.26687301014952425,-0.0927564770768404,-0.9591924127134054,-0.06508289874005212,-0.6056815109014063,0.17921098828163973
915,-0.2498502693891875,-0.9345009032878331,-0.8756618453329263,0.6207390185005452,-0.08465206634465665,-0.6557535550876604,-0.2277290631428736,0.30975046960526886,0.8908687631193108,-0.9132824911110896,-0.9989758126937341,0.22243098509483142,0.7520820896752536,-0.6276608707324686,-0.24929646488345797,-0.12435784680080689,-0.9834442505512153,-0.041057727068713884,-0.5865262864288453,0.14143717411063675
916,-0.25099765395573587,-0.9497634723852609,-0.8808497558061879,0.6257957457794773,-0.08291176028805962,-0.6753739178431543,-0.25159471136582023,0.2498846556960927,0.8815833759176475,-0.899217415124069,-0.9783242656848155,0.32643046143546656,0.780433334023179,-0.6622243633128512,-0.27539995525043015,-0.14701608615266756,-0.960474251505896,-0.01001385071334781,-0.7126529435531519,0.2519909375244539
917,-0.2583877262745974,-0.9423093216085852,-0.8784156402890051,0.620542986321202,-0.08246733614997591,-0.6787095955085781,-0.11287375738539546,0.2738645577298307,0.7503260902484773,-0.8556909569553861,-0.9981779641973393,0.42052730119668297,0.739584998109882,-0.6451490760744384,-0.26947204195275826,-0.11528228562998494,-0.9597363353137011,-0.03256356687106603,-0.687438368996881,0.23235965919555068
918,-0.2583877262745974,-0.9423093216085852,-0.8784156402890051,0.620542986321202,-0.08246733614997591,-0.6787095955085781,-0.11287375738539546,0.2738645577298307,0.7503260902484773,-0.8556909569553861,-0.9981779641973393,0.42052730119668297,0.739584998109882,-0.6451490760744384,-0.26947204195275826,-0.11528228562998494,-0.9597363353137011,-0.03256356687106603,-0.687438368996881,0.23235965919555068
919,-0.2583877262745974,-0.9423093216085852,-0.8784156402890051,0.620542986321202,-0.08246733614997591,-0.6787095955085781,-0.11287375738539546,0.2738645577298307,0.7503260902484773,-0.8556909569553861,-0.9981779641973393,0.42052730119668297,0.739584998109882,-0.6451490760744384,-0.26947204195275826,-0.11528228562998494,-0.9597363353137011,-0.03256356687106603,-0.687438368996881,0.23235965919555068
920,-0.2664543555686844,-0.9381765658559327,-0.885699428098486,0.6341767048571495,-0.08532886069981108,-0.7569097740957218,-0.15166598155337846,0.3034239585369267,0.7827604140746174,-0.9477807343510062,-0.988289360121893,0.3604611621372629,0.727949109440675,-0.6874387618079418,-0.38403174390665495,-0.06148655992368068,-0.8971582836965959,-0.029251101111609498,-0.7109571883738001,0.1592846099829563
921,-0.25780334041028385,-0.9487811470158881,-0.8788279978846048,0.6300461070023039,-0.08363094996744308,-0.7854936804048338,-0.17095967616887275,0.22745975626371556,0.7731158712858054,-0.9726306480663806,-0.985434436100757,0.38010846420681066,0.7080965205779731,-0.8113434847926649,-0.447933459778351,-0.1353072760070787,-0.9560587881389323,-0.0787074656216544,-0.7183667052691723,0.26656207562869677
922,-0.25253443345039067,-0.936590100918787,-0.8853823494758798,0.6268135006068131,-0.08074640842134898,-0.6979001488669678,-0.1792346219254304,0.23154731820394606,0.9374109268482775,-0.9926429170932273,-0.971601600445435,0.3087888444499416,0.7460140967065886,-0.7725602253746182,-0.4115297059336872,-0.12102861176168454,-0.9273627330017818,-0.003549624638021398,-0.678927180292754,0.26756725648133994
923,-0.25532165923738925,-0.9470873460984449,-0.8720187497623794,0.6359526815738255,-0.09641700062269722,-0.6680371423019414,-0.1636905573136682,0.279923552731864,0.8405549850924495,-0.9787189167716416,-0.9856576689306088,0.3415857910760913,0.673635241966773,-0.852703818789757,-0.3314708015061415,-0.1559483762503343,-0.929654205622146,-0.0544979900208374,-0.713275381010229,0.282877472190085
924,-0.2557743169657429,-0.9424729643950386,-0.8812824024005774,0.6288802171207983,-0.08738931020772364,-0.741480300680938,-0.15334346558023437,0.2607896859660479,0.8721180539644451,-0.9966590760971983,-0.9813256278502546,0.4078108647188171,0.6901645920707554,-0.800602073190972,-0.30692209242870233,-0.1520971235895734,-0.8714599257276759,-0.14589297056993591,-0.7081981033131066,0.33968836745214137
925,-0.2557743169657429,-0.9424729643950386,-0.8812824024005774,0.6288802171207983,-0.08738931020772364,-0.741480300680938,-0.15334346558023437,0.2607896859660479,0.8721180539644451,-0.9966590760971983,-0.9813256278502546,0.4078108647188171,0.6901645920707554,-0.800602073190972,-0.30692209242870233,-0.1520971235895734,-0.8714599257276759,-0.14589297056993591,-0.7081981033131066,0.33968836745214137
926,-0.2557743169657429,-0.9424729643950386,-0.8812824024005774,0.6288802171207983,-0.08738931020772364,-0.741480300680938,-0.15334346558023437,0.2607896859660479,0.8721180539644451,-0.9966590760971983,-0.9813256278502546,0.4078108647188171,0.6901645920707554,-0.800602073190972,-0.30692209242870233,-0.1520971235895734,-0.8714599257276759,-0.14589297056993591,-0.7081981033131066,0.33968836745214137
927,-0.25423373985314696,-0.9569807149970114,-0.8664509846046546,0.6296682305430408,-0.08610101571782089,-0.8384105960276645,-0.24532073328385273,0.35820319510861287,0.8933281620908227,-0.9972644558250706,-0.8939940854805969,0.3887218261625423,0.7296844646032492,-0.7685830233569758,-0.19229184039760258,-0.04021873838753767,-0.8995825441046692,-0.11036683621945241,-0.7084112721110475,0.3565675224211954
928,-0.25423373985314696,-0.9569807149970114,-0.8664509846046546,0.6296682305430408,-0.08610101571782089,-0.8384105960276645,-0.24532073328385273,0.35820319510861287,0.8933281620908227,-0.9972644558250706,-0.8939940854805969,0.3887218261625423,0.7296844646032492,-0.7685830233569758,-0.19229184039760258,-0.04021873838753767,-0.8995825441046692,-0.11036683621945241,-0.7084112721110475,0.3565675224211954
929,-0.2430387721986783,-0.955099782172506,-0.8649220939819715,0.6125990864604112,-0.08257425899870317,-0.7817460641749715,-0.17001515013099006,0.46226909666003546,0.9062241629497277,-0.9904584917871958,-0.9088056823462258,0.3882319306248488,0.6763902314355148,-0.7412296690404357,-0.17854813352056562,-0.04336541735839218,-0.9421737391882105,-0.08985893958128854,-0.7240264357128123,0.27575354813098135
930,-0.23734294483018537,-0.9385591547894673,-0.8670074340936146,0.6349818496314471,-0.09257792057885131,-0.7944735914218151,-0.24000192432117004,0.5654021049267334,0.8804804121566512,-0.9999908096166734,-0.8733156295642256,0.419077796928605,0.6690115498043074,-0.7421104198429996,-0.20165775638611771,0.016690623793483662,-0.9126674871274304,-0.048813911795279705,-0.7372061884900573,0.2501680781346115
931,-0.24117878361529516,-0.9504004888184601,-0.8735816611583009,0.6165216004819887,-0.07775858318973781,-0.9056656071100297,-0.13801280371160646,0.5309916801808822,0.8332250865939792,-0.9645236059901734,-0.909897179548643,0.3853158358075842,0.665735582030092,-0.7272954386592877,-0.16368481488195186,-0.005386451262910077,-0.9833185919656021,-0.07761383112758506,-0.7193024012270142,0.23528407847414054
932,-0.24346019648752207,-0.9392393747337476,-0.860512025425642,0.6417188770268925,-0.0923277266116206,-0.7942715931066431,-0.19775736261533158,0.501144152391193,0.8236519077989019,-0.8835134728142842,-0.9292425279478289,0.39461808062326253,0.6286326093741837,-0.7322762625332339,-0.10476247197396811,-0.02371696633144151,-0.9050382173774044,-0.016695798495256573,-0.7114661489638014,0.25426758006025807
933,-0.24503503786564204,-0.9508537937232379,-0.8657800823467053,0.6171536660660004,-0.07976876535503744,-0.8631136777272099,-0.2283401722611313,0.42939722149053733,0.8750430536990439,-0.9500726127599217,-0.9417528639026054,0.3853958175121235,0.6101527084575507,-0.740617558811333,-0.11815475611321766,-0.15824889354697788,-0.898248417331316,-0.11890277665810783,-0.6930601505365221,0.30092784025579844
934,-0.24519446888424506,-0.9501956569924505,-0.8690626682762888,0.6339904253349181,-0.08761981428484066,-0.8419283470247182,-0.21482072881667003,0.4861721181464586,0.9379491015599286,-0.9466646533632592,-0.9207512595492425,0.3898038431619178,0.723988210672487,-0.7212143989872487,-0.11634738561931325,-0.13241300824999008,-0.881560844070223,-0.18307704609316475,-0.6887105724786267,0.3537173415664724
935,-0.24519446888424506,-0.9501956569924505,-0.8690626682762888,0.6339904253349181,-0.08761981428484066,-0.8419283470247182,-0.21482072881667003,0.4861721181464586,0.9379491015599286,-0.9466646533632592,-0.9207512595492425,0.3898038431619178,0.723988210672487,-0.7212143989872487,-0.11634738561931325,-0.13241300824999008,-0.881560844070223,-0.18307704609316475,-0.6887105724786267,0.3537173415664724
936,-0.24725626562017267,-0.9466326123279215,-0.8695910093797814,0.6264347105160711,-0.08786687373145038,-0.7488082567731483,-0.20579899528658105,0.5111094224569068,0.9179502009298292,-0.9816236775883105,-0.9471301439606431,0.38123478603219074,0.6354798345823902,-0.7032128342353985,-0.15497767667280668,-0.13554121901226637,-0.8941699789319936,-0.0873864663976096,-0.749822251795316,0.3368932427879791
937,-0.24725626562017267,-0.9466326123279215,-0.8695910093797814,0.6264347105160711,-0.08786687373145038,-0.7488082567731483,-0.20579899528658105,0.5111094224569068,0.9179502009298292,-0.9816236775883105,-0.9471301439606431,0.38123478603219074,0.6354798345823902,-0.7032128342353985,-0.15497767667280668,-0.13554121901226637,-0.8941699789319936,-0.0873864663976096,-0.749822251795316,0.3368932427879791
938,-0.24725626562017267,-0.9466326123279215,-0.8695910093797814,0.6264347105160711,-0.08786687373145038,-0.7488082567731483,-0.20579899528658105,0.5111094224569068,0.9179502009298292,-0.9816236775883105,-0.9471301439606431,0.38123478603219074,0.6354798345823902,-0.7032128342353985,-0.15497767667280668,-0.13554121901226637,-0.8941699789319936,-0.0873864663976096,-0.749822251795316,0.3368932427879791
939,-0.242985602062951,-0.9403096347084998,-0.867488008618682,0.6232578213780341,-0.09002002980856642,-0.7955671046502059,-0.2007512780742766,0.5374782085337892,0.8893040692857139,-0.948619107827979,-0.9301567036803037,0.3852598721689314,0.6497016018499091,-0.720363589647507,-0.15104081251723478,-0.11429860260296794,-0.9432346242739226,-0.0806089065052994,-0.7273212742610847,0.27633328550392394
940,-0.242985602062951,-0.9403096347084998,-0.867488008618682,0.6232578213780341,-0.09002002980856642,-0.7955671046502059,-0.2007512780742766,0.5374782085337892,0.8893040692857139,-0.948619107827979,-0.9301567036803037,0.3852598721689314,0.6497016018499091,-0.720363589647507,-0.15104081251723478,-0.11429860260296794,-0.9432346242739226,-0.0806089065052994,-0.7273212742610847,0.27633328550392394
941,-0.24838738586330325,-0.9474827134688326,-0.8702922118278981,0.6263223586152504,-0.08675660787171624,-0.8393668356980627,-0.1691172727147513,0.46694871128220705,0.8904027577291281,-0.9304507352003071,-0.9697548973772531,0.3409618331635871,0.660834065112328,-0.7676265847918868,-0.19816159679544376,-0.09392069281313599,-0.9001869758572824,-0.09599163437267283,-0.6645888041388913,0.26846253104429485
942,-0.24511739900354199,-0.9531447367095724,-0.868098798232841,0.6221726910976701,-0.08399342710561375,-0.9394336206730292,-0.19652454430132665,0.3920371250847129,0.987858911524644,-0.9526580099813196,-0.9533662751760323,0.32188598059456497,0.656203649975432,-0.8229602607531068,-0.24035206352446184,-0.06765605350971451,-0.9165705771761232,-0.08781376319062371,-0.62668120137759,0.3082978812253609
943,-0.2474155174503151,-0.950721764958313,-0.873239689610288,0.6284919235269663,-0.0784271609196956,-0.8738054923260394,-0.18379826366751598,0.32452713915633263,0.8289757103183726,-0.8943271220547728,-0.9954633130427862,0.36572610480299583,0.64684248423311,-0.8001872933252665,-0.2258753759061618,-0.047884371490426014,-0.902369962557076,-0.04313604701060661,-0.6687257031048629,0.25927251666274714
944,-0.2495320185170203,-0.9461899829938863,-0.8629040936704055,0.6224208099093255,-0.08141332806573251,-0.9349756790477967,-0.17012688312576,0.35363248985346085,0.8673827887938969,-0.8818487537315061,-0.9823323929940655,0.2973016130714723,0.6637565127115111,-0.7634670180273933,-0.19436038878526535,0.05576795200532113,-0.8957419904078027,0.00809808123468982,-0.6032851037595581,0.2790652896943572
945,-0.25467398021449256,-0.9481428712008774,-0.8628544174987883,0.6120941306829752,-0.07774952036061468,-0.8921611475409313,-0.20917806162446057,0.3523209309051555,0.8995819182779123,-0.9201660057750728,-0.9916876813244372,0.2767231948276817,0.7689510141830264,-0.7722711859883638,-0.21425658726391217,-0.026061442676497702,-0.8772982945976038,-0.07035480147112344,-0.5957176288652248,0.32760557089848846
946,-0.2514052560077916,-0.9555083109917406,-0.8672452409679752,0.6243132425074667,-0.07863604108561031,-0.878420449952777,-0.14680644040551472,0.38304936682251933,0.9028713503266684,-0.9717003100942204,-0.9858830968433858,0.29749193529907675,0.7130474276251318,-0.8178453543558651,-0.206016422085201,-0.044796083824951614,-0.9007802718241221,-0.12228367916214333,-0.5898152767651772,0.3268357324498057
947,-0.24524735913150497,-0.9457176562409858,-0.8699152338432868,0.6246119999307558,-0.08846075608489594,-0.9079954689340762,-0.1976231559301964,0.35169108935576304,0.9953348204243798,-0.9651664276504754,-0.9110922710083876,0.3777208591192046,0.6684200876123385,-0.8769080223690231,-0.2792012817769539,-0.06852003364688473,-0.8709919544653527,-0.08245750470093269,-0.6656255253344712,0.37146820045084455
948,-0.24382697753261465,-0.9462312426255909,-0.8736097833166372,0.6286440609051073,-0.08148856152115772,-0.8389765312855519,-0.14992851427993398,0.4080410453112611,0.916240301366673,-0.9905025685544347,-0.9974322107715917,0.33278855653936296,0.6525547931362453,-0.8285941803777234,-0.1923204220536741,-0.11335367184613811,-0.919086630145988,-0.13718481635024743,-0.6712516115611978,0.35011985877765583
949,-0.25665349413129146,-0.9484487988680457,-0.870162392863361,0.6194207958384218,-0.0867667932328255,-0.788102428781866,-0.1501826549273243,0.3849478396560745,0.8716293737304281,-0.8928979853338174,-0.9746085753570671,0.40544817279978,0.6437169944741593,-0.8064456478896775,-0.2346759911343437,-0.12675961880458658,-0.8940616880654212,-0.11369282490450877,-0.6982867994890483,0.2630776736485243
950,-0.2504214636812135,-0.9485187112543466,-0.870920234336976,0.629448204500216,-0.08506610298755364,-0.6934600839470694,-0.10861463915300629,0.37541499939499245,0.7509632100713541,-0.9315184565178776,-0.9937889164349027,0.3860774549078388,0.5794286483817181,-0.8175526213530538,-0.1695298115412999,-0.03666768791578324,-0.9053059353158887,-0.011171012785267186,-0.7286871382700385,0.2976336087765996
951,-0.2504214636812135,-0.9485187112543466,-0.870920234336976,0.629448204500216,-0.08506610298755364,-0.6934600839470694,-0.10861463915300629,0.37541499939499245,0.7509632100713541,-0.9315184565178776,-0.9937889164349027,0.3860774549078388,0.5794286483817181,-0.8175526213530538,-0.1695298115412999,-0.03666768791578324,-0.9053059353158887,-0.011171012785267186,-0.7286871382700385,0.2976336087765996
952,-0.2479592929158148,-0.9501110507432541,-0.8692331537000193,0.6217803362318529,-0.08640179146426603,-0.7665184857184646,-0.16904905324246558,0.35620307759918246,0.8498818055303802,-0.9685441240984396,-0.9471514267732366,0.37601321170803065,0.6017941817183297,-0.798399690518171,-0.20703941407885196,-0.06685208216257747,-0.9192509200037563,0.03220317363034464,-0.7442867006304816,0.2825769379239029
953,-0.2479592929158148,-0.9501110507432541,-0.8692331537000193,0.6217803362318529,-0.08640179146426603,-0.7665184857184646,-0.16904905324246558,0.35620307759918246,0.8498818055303802,-0.9685441240984396,-0.9471514267732366,0.37601321170803065,0.6017941817183297,-0.798399690518171,-0.20703941407885196,-0.06685208216257747,-0.9192509200037563,0.03220317363034464,-0.7442867006304816,0.2825769379239029
954,-0.2479592929158148,-0.9501110507432541,-0.8692331537000193,0.6217803362318529,-0.08640179146426603,-0.7665184857184646,-0.16904905324246558,0.35620307759918246,0.8498818055303802,-0.9685441240984396,-0.9471514267732366,0.37601321170803065,0.6017941817183297,-0.798399690518171,-0.20703941407885196,-0.06685208216257747,-0.9192509200037563,0.03220317363034464,-0.7442867006304816,0.2825769379239029
955,-0.2479592929158148,-0.9501110507432541,-0.8692331537000193,0.6217803362318529,-0.08640179146426603,-0.7665184857184646,-0.16904905324246558,0.35620307759918246,0.8498818055303802,-0.9685441240984396,-0.9471514267732366,0.37601321170803065,0.6017941817183297,-0.798399690518171,-0.20703941407885196,-0.06685208216257747,-0.9192509200037563,0.03220317363034464,-0.7442867006304816,0.2825769379239029
956,-0.2479592929158148,-0.9501110507432541,-0.8692331537000193,0.6217803362318529,-0.08640179146426603,-0.7665184857184646,-0.16904905324246558,0.35620307759918246,0.8498818055303802,-0.9685441240984396,-0.9471514267732366,0.37601321170803065,0.6017941817183297,-0.798399690518171,-0.20703941407885196,-0.06685208216257747,-0.9192509200037563,0.03220317363034464,-0.7442867006304816,0.2825769379239029
957,-0.2479592929158148,-0.9501110507432541,-0.8692331537000193,0.6217803362318529,-0.08640179146426603,-0.7665184857184646,-0.16904905324246558,0.35620307759918246,0.8498818055303802,-0.9685441240984396,-0.9471514267732366,0.37601321170803065,0.6017941817183297,-0.798399690518171,-0.20703941407885196,-0.06685208216257747,-0.9192509200037563,0.03220317363034464,-0.7442867006304816,0.2825769379239029
958,-0.2479592929158148,-0.9501110507432541,-0.8692331537000193,0.6217803362318529,-0.08640179146426603,-0.7665184857184646,-0.16904905324246558,0.35620307759918246,0.8498818055303802,-0.9685441240984396,-0.9471514267732366,0.37601321170803065,0.6017941817183297,-0.798399690518171,-0.20703941407885196,-0.06685208216257747,-0.9192509200037563,0.03220317363034464,-0.7442867006304816,0.2825769379239029
959,-0.2479592929158148,-0.9501110507432541,-0.8692331537000193,0.6217803362318529,-0.08640179146426603,-0.7665184857184646,-0.16904905324246558,0.35620307759918246,0.8498818055303802,-0.9685441240984396,-0.9471514267732366,0.37601321170803065,0.6017941817183297,-0.798399690518171,-0.20703941407885196,-0.06685208216257747,-0.9192509200037563,0.03220317363034464,-0.7442867006304816,0.2825769379239029
960,-0.2479592929158148,-0.9501110507432541,-0.8692331537000193,0.6217803362318529,-0.08640179146426603,-0.7665184857184646,-0.16904905324246558,0.35620307759918246,0.8498818055303802,-0.9685441240984396,-0.9471514267732366,0.37601321170803065,0.6017941817183297,-0.798399690518171,-0.20703941407885196,-0.06685208216257747,-0.9192509200037563,0.03220317363034464,-0.7442867006304816,0.2825769379239029
961,-0.24805964832787264,-0.949938723682535,-0.8685163845071444,0.624547116481474,-0.0890425919278147,-0.7567887557936762,-0.08543122471542214,0.3311667210015912,0.7966666963554219,-0.9740197123046089,-0.9354844022870104,0.3607784640372666,0.6230916990600367,-0.8563587953183387,-0.19181794367917682,-0.005734614994305285,-0.9675749274762006,-0.030043654904679123,-0.7298584092505082,0.2944498632179418
962,-0.24805964832787264,-0.949938723682535,-0.8685163845071444,0.624547116481474,-0.0890425919278147,-0.7567887557936762,-0.08543122471542214,0.3311667210015912,0.7966666963554219,-0.9740197123046089,-0.9354844022870104,0.3607784640372666,0.6230916990600367,-0.8563587953183387,-0.19181794367917682,-0.005734614994305285,-0.9675749274762006,-0.030043654904679123,-0.7298584092505082,0.2944498632179418
963,-0.24805964832787264,-0.949938723682535,-0.8685163845071444,0.624547116481474,-0.0890425919278147,-0.7567887557936762,-0.08543122471542214,0.3311667210015912,0.7966666963554219,-0.9740197123046089,-0.9354844022870104,0.3607784640372666,0.6230916990600367,-0.8563587953183387,-0.19181794367917682,-0.005734614994305285,-0.9675749274762006,-0.030043654904679123,-0.7298584092505082,0.2944498632179418
964,-0.24805964832787264,-0.949938723682535,-0.8685163845071444,0.624547116481474,-0.0890425919278147,-0.7567887557936762,-0.08543122471542214,0.3311667210015912,0.7966666963554219,-0.9740197123046089,-0.9354844022870104,0.3607784640372666,0.6230916990600367,-0.8563587953183387,-0.19181794367917682,-0.005734614994305285,-0.9675749274762006,-0.030043654904679123,-0.7298584092505082,0.2944498632179418
965,-0.2485081780879889,-0.9460656440337094,-0.8707099195203923,0.6336128079984179,-0.08894111064191167,-0.6967941063849085,-0.1222664186730533,0.37653952205253266,0.7637023251732542,-0.9184214197146015,-0.9637716314964845,0.3471863506034903,0.5544182201847495,-0.9069188520328976,-0.1176627126715499,-0.01817677671156713,-0.8547130278108062,-0.1150153540312693,-0.6862905851625132,0.28984593751490517
966,-0.2485081780879889,-0.9460656440337094,-0.8707099195203923,0.6336128079984179,-0.08894111064191167,-0.6967941063849085,-0.1222664186730533,0.37653952205253266,0.7637023251732542,-0.9184214197146015,-0.9637716314964845,0.3471863506034903,0.5544182201847495,-0.9069188520328976,-0.1176627126715499,-0.01817677671156713,-0.8547130278108062,-0.1150153540312693,-0.6862905851625132,0.28984593751490517
967,-0.24729445770390007,-0.9565790892549038,-0.8651238291464038,0.6145586615690039,-0.09092998773193242,-0.6965220753375568,-0.09508449987356209,0.3013461752198889,0.7975736615766035,-0.9643362471160707,-0.9217537659893745,0.28862203071142856,0.6185576966415472,-0.864190252765738,-0.04678980117368991,0.010234781090593687,-0.9544671364262005,-0.11569925380571662,-0.7000781985826003,0.3121866866230184
968,-0.24729445770390007,-0.9565790892549038,-0.8651238291464038,0.6145586615690039,-0.09092998773193242,-0.6965220753375568,-0.09508449987356209,0.3013461752198889,0.7975736615766035,-0.9643362471160707,-0.9217537659893745,0.28862203071142856,0.6185576966415472,-0.864190252765738,-0.04678980117368991,0.010234781090593687,-0.9544671364262005,-0.11569925380571662,-0.7000781985826003,0.3121866866230184
969,-0.23931159607568597,-0.9451910945251912,-0.8640175971642011,0.6258996279576294,-0.09413424921116582,-0.7838814878701288,-0.1877972567105429,0.3462290372126723,0.8991230441510716,-0.9675438073240183,-0.8664181108749076,0.2934484264894489,0.5643699030831211,-0.9294637183710931,-0.07832344082065142,0.003494234626024897,-0.8966022702088106,-0.09158761216378064,-0.6460687635140097,0.3086819068833412
970,-0.23931159607568597,-0.9451910945251912,-0.8640175971642011,0.6258996279576294,-0.09413424921116582,-0.7838814878701288,-0.1877972567105429,0.3462290372126723,0.8991230441510716,-0.9675438073240183,-0.8664181108749076,0.2934484264894489,0.5643699030831211,-0.9294637183710931,-0.07832344082065142,0.003494234626024897,-0.8966022702088106,-0.09158761216378064,-0.6460687635140097,0.3086819068833412
971,-0.24160021752138286,-0.9553849055030305,-0.8713990954707574,0.6234947597281935,-0.08584117884709216,-0.7788142772367571,-0.15319655562599166,0.373617316467428,0.8578318269463064,-0.9851058127238432,-0.8967787399057956,0.25575951842869565,0.5822937064187007,-0.9258000570425837,-0.07673937021703332,0.039725828618723875,-0.8682999419615538,-0.1409103798976915,-0.6112686536038241,0.28657418596092676
972,-0.24160021752138286,-0.9553849055030305,-0.8713990954707574,0.6234947597281935,-0.08584117884709216,-0.7788142772367571,-0.15319655562599166,0.373617316467428,0.8578318269463064,-0.9851058127238432,-0.8967787399057956,0.25575951842869565,0.5822937064187007,-0.9258000570425837,-0.07673937021703332,0.039725828618723875,-0.8682999419615538,-0.1409103798976915,-0.6112686536038241,0.28657418596092676
973,-0.24160021752138286,-0.9553849055030305,-0.8713990954707574,0.6234947597281935,-0.08584117884709216,-0.7788142772367571,-0.15319655562599166,0.373617316467428,0.8578318269463064,-0.9851058127238432,-0.8967787399057956,0.25575951842869565,0.5822937064187007,-0.9258000570425837,-0.07673937021703332,0.039725828618723875,-0.8682999419615538,-0.1409103798976915,-0.6112686536038241,0.28657418596092676
974,-0.24160021752138286,-0.9553849055030305,-0.8713990954707574,0.6234947597281935,-0.08584117884709216,-0.7788142772367571,-0.15319655562599166,0.373617316467428,0.8578318269463064,-0.9851058127238432,-0.8967787399057956,0.25575951842869565,0.5822937064187007,-0.9258000570425837,-0.07673937021703332,0.039725828618723875,-0.8682999419615538,-0.1409103798976915,-0.6112686536038241,0.28657418596092676
975,-0.24160021752138286,-0.9553849055030305,-0.8713990954707574,0.6234947597281935,-0.08584117884709216,-0.7788142772367571,-0.15319655562599166,0.373617316467428,0.8578318269463064,-0.9851058127238432,-0.8967787399057956,0.25575951842869565,0.5822937064187007,-0.9258000570425837,-0.07673937021703332,0.039725828618723875,-0.8682999419615538,-0.1409103798976915,-0.6112686536038241,0.28657418596092676
976,-0.2452828222285965,-0.9393983868307108,-0.8717318774049907,0.6455456546456384,-0.09829787523322037,-0.7054672119167511,-0.22662184380506714,0.3226053795542054,0.8558992176944087,-0.9965781347075957,-0.846997882590885,0.2137577174299172,0.5902056480387199,-0.9649332572613493,-0.16259112385562222,0.06384062251162097,-0.8703124905880372,-0.11875916280033609,-0.612193204457958,0.22538230402530368
977,-0.2452828222285965,-0.9393983868307108,-0.8717318774049907,0.6455456546456384,-0.09829787523322037,-0.7054672119167511,-0.22662184380506714,0.3226053795542054,0.8558992176944087,-0.9965781347075957,-0.846997882590885,0.2137577174299172,0.5902056480387199,-0.9649332572613493,-0.16259112385562222,0.06384062251162097,-0.8703124905880372,-0.11875916280033609,-0.612193204457958,0.22538230402530368
978,-0.2524127060832903,-0.95557442923433,-0.8682310293959923,0.6243440807331968,-0.08730768729981706,-0.760262275775702,-0.14064180937434506,0.2815184909578449,0.9398013521444023,-0.9826549691433639,-0.8397553064850528,0.2554207881836996,0.6924100667327494,-0.8977760345196959,-0.11755337942205173,0.04998805732961206,-0.9229083867566847,-0.16875706951086142,-0.6140112071054807,0.3353254007023701
979,-0.25489556645773637,-0.9558378799918728,-0.868967361011716,0.6313826558607591,-0.08890946760064591,-0.7924701939037453,-0.1637346635238516,0.35356574917233236,0.8627912150613155,-0.9823069495888118,-0.8730738911836909,0.28557138960610645,0.7024668197772302,-0.8775045717654717,-0.12615139010629445,0.07630755591263805,-0.9023613716223633,-0.13940980484568088,-0.6595243113097263,0.345654717165011
980,-0.25489556645773637,-0.9558378799918728,-0.868967361011716,0.6313826558607591,-0.08890946760064591,-0.7924701939037453,-0.1637346635238516,0.35356574917233236,0.8627912150613155,-0.9823069495888118,-0.8730738911836909,0.28557138960610645,0.7024668197772302,-0.8775045717654717,-0.12615139010629445,0.07630755591263805,-0.9023613716223633,-0.13940980484568088,-0.6595243113097263,0.345654717165011
981,-0.25489556645773637,-0.9558378799918728,-0.868967361011716,0.6313826558607591,-0.08890946760064591,-0.7924701939037453,-0.1637346635238516,0.35356574917233236,0.8627912150613155,-0.9823069495888118,-0.8730738911836909,0.28557138960610645,0.7024668197772302,-0.8775045717654717,-0.12615139010629445,0.07630755591263805,-0.9023613716223633,-0.13940980484568088,-0.6595243113097263,0.345654717165011
982,-0.25489556645773637,-0.9558378799918728,-0.868967361011716,0.6313826558607591,-0.08890946760064591,-0.7924701939037453,-0.1637346635238516,0.35356574917233236,0.8627912150613155,-0.9823069495888118,-0.8730738911836909,0.28557138960610645,0.7024668197772302,-0.8775045717654717,-0.12615139010629445,0.07630755591263805,-0.9023613716223633,-0.13940980484568088,-0.6595243113097263,0.345654717165011
983,-0.25313619940820165,-0.9483566413080581,-0.8667775520160792,0.6237612070023844,-0.08119207595811295,-0.8524281814392283,-0.13734771746295835,0.3819517194392218,0.9131291979159006,-0.8932415503871467,-0.9116505938620169,0.3686580288489234,0.7950704581530387,-0.7723853064645289,-0.16382184964291133,0.05722602162321669,-0.875292968092131,-0.1174566778055051,-0.6459169650978415,0.4062523258381827
984,-0.25154733850972516,-0.9448197252830696,-0.8661900654879867,0.6210067805978456,-0.08760240629638416,-0.8489489363575263,-0.14444620293999474,0.44684970843497007,0.8994467663363854,-0.8995440063000356,-0.9248767947423224,0.3600980280751232,0.7457858100194973,-0.7958418313397834,-0.1523194480468039,-0.026175987552361557,-0.9201016162682336,-0.13229141860731639,-0.6527096032132848,0.2781685384649308
985,-0.25321811654609444,-0.950934481796955,-0.8710053765987128,0.6331531117601216,-0.08793075728753975,-0.8770188516028616,-0.18663867531061668,0.44491028059741844,0.8635128739719286,-0.9390488360203779,-0.8547407911765528,0.37996750548256353,0.7166100835860281,-0.7194817879218302,-0.05570928918990905,0.011478179554628678,-0.8597245522592746,-0.23367954460462997,-0.6211793623772188,0.23171875235586353
986,-0.25337169383297986,-0.9556713485418036,-0.8691713932389428,0.6300606191174918,-0.08650600493869662,-0.8794080596116407,-0.2251935718970243,0.41145274278643507,0.8927845543887298,-0.9173092479038361,-0.8990069405727689,0.2992280922868396,0.7388837760260885,-0.7977689902919803,-0.13736516778878818,0.028792253577075357,-0.8794068753413762,-0.15818388072193407,-0.5682540389868824,0.2715121526279483
987,-0.2484736362284973,-0.9446923410215979,-0.867341610786328,0.6110515650475904,-0.07934172548251851,-0.8805481874160055,-0.07341943554508168,0.42849740884600307,0.935937030501287,-0.8945023366204929,-0.9306880868857511,0.2918082500101642,0.7031647517761934,-0.9024867098222019,-0.07050046151784573,0.016637282714328797,-0.8831365753973014,-0.21034408669800916,-0.5459539061464364,0.2940867750448834
988,-0.24475267404742476,-0.9472100855792006,-0.8560752517397695,0.6368561716997317,-0.09819995308998163,-0.9204826316391572,-0.1355780031258295,0.5073948153812209,0.9493605490446144,-0.8837573628516204,-0.9822368836175441,0.22291910524365652,0.6370238627409993,-0.9545120194726627,-0.15176908304000322,0.05514265642959411,-0.8627144703721852,-0.1718809835753688,-0.5001815976127721,0.2908263615698504
989,-0.24475267404742476,-0.9472100855792006,-0.8560752517397695,0.6368561716997317,-0.09819995308998163,-0.9204826316391572,-0.1355780031258295,0.5073948153812209,0.9493605490446144,-0.8837573628516204,-0.9822368836175441,0.22291910524365652,0.6370238627409993,-0.9545120194726627,-0.15176908304000322,0.05514265642959411,-0.8627144703721852,-0.1718809835753688,-0.5001815976127721,0.2908263615698504
990,-0.2529851290163336,-0.9390377024584102,-0.8655512351194896,0.6141229338039904,-0.0856104579546244,-0.883925425072545,-0.08428879269103563,0.47292542834807794,0.9000152285517391,-0.9563324562665332,-0.9365526152074133,0.2517659375838146,0.7255499771357897,-0.8539509243216182,-0.2110317321809454,0.06422905455141097,-0.9021813663548212,-0.200017835224637,-0.5518533062657961,0.17841954517210745
991,-0.25245654920438143,-0.9421067648123277,-0.8704333767381485,0.6272475887733264,-0.09446978909699963,-0.8181993620119659,-0.09735043914996604,0.5102582590744887,0.8846111395957926,-0.9066623322182711,-0.9763564125046864,0.2107921404244108,0.7635499425943838,-0.9179779316919857,-0.25128888385873827,0.025286827531375053,-0.9163505319365313,-0.25729980631067223,-0.48894443217513,0.19364163843396823
992,-0.25943685133198335,-0.9317489494401434,-0.8796627192906162,0.6240688882080553,-0.09144384184742559,-0.7065256255724898,-0.01681772151161838,0.49594142086948206,0.8703496540183607,-0.868990059550576,-0.9890570598755327,0.23812589866975087,0.8669406458916572,-0.8677538642803947,-0.29831326270016606,0.03797310158633306,-0.8826370855552409,-0.3659148564041537,-0.5153223756024506,0.17509304645006318
993,-0.25943685133198335,-0.9317489494401434,-0.8796627192906162,0.6240688882080553,-0.09144384184742559,-0.7065256255724898,-0.01681772151161838,0.49594142086948206,0.8703496540183607,-0.868990059550576,-0.9890570598755327,0.23812589866975087,0.8669406458916572,-0.8677538642803947,-0.29831326270016606,0.03797310158633306,-0.8826370855552409,-0.3659148564041537,-0.5153223756024506,0.17509304645006318
994,-0.25943685133198335,-0.9317489494401434,-0.8796627192906162,0.6240688882080553,-0.09144384184742559,-0.7065256255724898,-0.01681772151161838,0.49594142086948206,0.8703496540183607,-0.868990059550576,-0.9890570598755327,0.23812589866975087,0.8669406458916572,-0.8677538642803947,-0.29831326270016606,0.03797310158633306,-0.8826370855552409,-0.3659148564041537,-0.5153223756024506,0.17509304645006318
995,-0.25943685133198335,-0.9317489494401434,-0.8796627192906162,0.6240688882080553,-0.09144384184742559,-0.7065256255724898,-0.01681772151161838,0.49594142086948206,0.8703496540183607,-0.868990059550576,-0.9890570598755327,0.23812589866975087,0.8669406458916572,-0.8677538642803947,-0.29831326270016606,0.03797310158633306,-0.8826370855552409,-0.3659148564041537,-0.5153223756024506,0.17509304645006318
996,-0.2608945298012047,-0.9433890567836077,-0.873343978854026,0.6271550687487918,-0.09433880185249498,-0.747630734348506,-0.012490736890935786,0.5540074135320913,0.7606997704258371,-0.892046122360854,-0.981268617129739,0.3080014686759397,0.7869994756355739,-0.8975385252605106,-0.2631757860166226,0.09096055622635207,-0.8611715828577837,-0.2823816078299087,-0.5540429750755786,0.1865483953881202
997,-0.2608945298012047,-0.9433890567836077,-0.873343978854026,0.6271550687487918,-0.09433880185249498,-0.747630734348506,-0.012490736890935786,0.5540074135320913,0.7606997704258371,-0.892046122360854,-0.981268617129739,0.3080014686759397,0.7869994756355739,-0.8975385252605106,-0.2631757860166226,0.09096055622635207,-0.8611715828577837,-0.2823816078299087,-0.5540429750755786,0.1865483953881202
998,-0.2608945298012047,-0.9433890567836077,-0.873343978854026,0.6271550687487918,-0.09433880185249498,-0.747630734348506,-0.012490736890935786,0.5540074135320913,0.7606997704258371,-0.892046122360854,-0.981268617129739,0.3080014686759397,0.7869994756355739,-0.8975385252605106,-0.2631757860166226,0.09096055622635207,-0.8611715828577837,-0.2823816078299087,-0.5540429750755786,0.1865483953881202
999,-0.2582618247652965,-0.9381560623387414,-0.8701104281243095,0.6184343933077692,-0.09445067065003745,-0.7619891191299991,-0.0007877227664285485,0.6307512362115815,0.7702208538580733,-0.8079910204319276,-0.9423597449378024,0.31759897771427664,0.7611045535367944,-0.887987789548504,-0.07753176631058088,0.07083344005704492,-0.8925318300968843,-0.3743950575647943,-0.5199610849161558,0.11992233350344565
