,x0,x1,x2,x3,x4,x5,x6,x7,x8,x9,x10,x11,x12,x13,x14,x15,x16,x17,x18,x19
0,-0.63089787384254525,0.6690818879892857,-0.040057718262865194,0.16654870751220341,-0.7305219398063405,0.58297437628817539,0.27165022287116192,-0.49831781558001675,0.055520079875316153,-0.91271550270220336,0.56078886964035046,-0.44877523643861394,-0.89279907737864139,-0.65252556285087171,-0.078290709643888734,-0.32520986969289178,0.70569138763054884,-0.84075997297232052,0.018942967105671116,0.15495311550536184
1,-0.19603633708728596,0.033214771914900298,-0.00012447817489746882,0.071496568481528522,0.18724001667190593,0.78661624460060819,0.43280813514603733,0.30210807329348488,0.86913764329763743,-0.60141185462026114,-0.062029259924900604,0.27136240921104915,-0.21136777038395449,-0.73785230219579168,0.011323933377284101,-0.58949168625399717,0.75590830860373814,0.50852347298385436,-0.82779467125564232,-0.34378547085494082
2,-0.94821322828507038,0.30583203284468463,0.2621542166573636,0.66038905277773075,-0.13987023260961373,0.74641121020353274,0.29431920961163893,0.83474628831974007,0.39999413950944795,-0.66969121712649815,0.69259765126915984,0.63262382976930032,-0.64669218256247096,-0.80676724718609516,-0.98002712988590335,0.38150092871049646,-0.17292831635599182,-0.25531835824039728,-0.26591373100972437,-0.61614376352954414
3,-0.94821322828507038,0.30583203284468463,0.2621542166573636,0.66038905277773075,-0.13987023260961373,0.74641121020353274,0.29431920961163893,0.83474628831974007,0.39999413950944795,-0.66969121712649815,0.69259765126915984,0.63262382976930032,-0.64669218256247096,-0.80676724718609516,-0.98002712988590335,0.38150092871049646,-0.17292831635599182,-0.25531835824039728,-0.26591373100972437,-0.61614376352954414
4,-0.19603633708728596,0.033214771914900298,-0.00012447817489746882,0.071496568481528522,0.18724001667190593,0.78661624460060819,0.43280813514603733,0.30210807329348488,0.86913764329763743,-0.60141185462026114,-0.062029259924900604,0.27136240921104915,-0.21136777038395449,-0.73785230219579168,0.011323933377284101,-0.58949168625399717,0.75590830860373814,0.50852347298385436,-0.82779467125564232,-0.34378547085494082
5,-0.19603633708728596,0.033214771914900298,-0.00012447817489746882,0.071496568481528522,0.18724001667190593,0.78661624460060819,0.43280813514603733,0.30210807329348488,0.86913764329763743,-0.60141185462026114,-0.062029259924900604,0.27136240921104915,-0.21136777038395449,-0.73785230219579168,0.011323933377284101,-0.58949168625399717,0.75590830860373814,0.50852347298385436,-0.82779467125564232,-0.34378547085494082
6,-0.72636770967227871,0.54038701737387229,-0.28354360307859072,0.10736468086428674,-0.69414644055787145,0.7932655736937777,0.75236486621151299,0.58418523021479474,0.97937558496136834,-0.68925656980243888,0.52818750963314454,0.7985991615095589,0.085205711431973974,-0.15967495515511665,0.84983903446540965,0.4137664369180154,0.17663925857157636,-0.16306572060398783,-0.77768289727113538,-0.93125863289432576
7,-0.19603633708728596,0.033214771914900298,-0.00012447817489746882,0.071496568481528522,0.18724001667190593,0.78661624460060819,0.43280813514603733,0.30210807329348488,0.86913764329763743,-0.60141185462026114,-0.062029259924900604,0.27136240921104915,-0.21136777038395449,-0.73785230219579168,0.011323933377284101,-0.58949168625399717,0.75590830860373814,0.50852347298385436,-0.82779467125564232,-0.34378547085494082
8,-0.43198269286860458,-0.21238551630076619,0.2399484016859077,0.16853940262526956,-0.52269272386509424,0.15285343181397049,0.71563956828136144,0.089565408548923475,0.40315760627385377,0.20097610486970741,0.20460863741505486,0.79520452248783968,-0.16353775673210036,-0.96384915830181161,0.010346778015448477,0.41871769284224625,-0.12820750606465503,-0.17365253035747474,-0.19756067189097859,-0.59077297147792018
9,-0.94821322828507038,0.30583203284468463,0.2621542166573636,0.66038905277773075,-0.13987023260961373,0.74641121020353274,0.29431920961163893,0.83474628831974007,0.39999413950944795,-0.66969121712649815,0.69259765126915984,0.63262382976930032,-0.64669218256247096,-0.80676724718609516,-0.98002712988590335,0.38150092871049646,-0.17292831635599182,-0.25531835824039728,-0.26591373100972437,-0.61614376352954414
10,-0.63089787384254525,0.6690818879892857,-0.040057718262865194,0.16654870751220341,-0.7305219398063405,0.58297437628817539,0.27165022287116192,-0.49831781558001675,0.055520079875316153,-0.91271550270220336,0.56078886964035046,-0.44877523643861394,-0.89279907737864139,-0.65252556285087171,-0.078290709643888734,-0.32520986969289178,0.70569138763054884,-0.84075997297232052,0.018942967105671116,0.15495311550536184
11,-0.22405376044797087,0.44594466297983648,-0.068072579337562722,0.23219347038334859,-0.47306902804898066,0.28416208612871352,0.39940971818569349,0.38969205340551438,0.96739709916676753,0.71849927662286928,0.54419183935820037,0.63629733882071715,-0.42417446408129389,-0.77407706415717459,0.24226508982330675,-0.27365001002551947,0.27456026583926452,-0.23632918651607793,-0.86866814840272544,-0.29971934303091974
12,-0.19603633708728596,0.033214771914900298,-0.00012447817489746882,0.071496568481528522,0.18724001667190593,0.78661624460060819,0.43280813514603733,0.30210807329348488,0.86913764329763743,-0.60141185462026114,-0.062029259924900604,0.27136240921104915,-0.21136777038395449,-0.73785230219579168,0.011323933377284101,-0.58949168625399717,0.75590830860373814,0.50852347298385436,-0.82779467125564232,-0.34378547085494082
13,-0.63089787384254525,0.6690818879892857,-0.040057718262865194,0.16654870751220341,-0.7305219398063405,0.58297437628817539,0.27165022287116192,-0.49831781558001675,0.055520079875316153,-0.91271550270220336,0.56078886964035046,-0.44877523643861394,-0.89279907737864139,-0.65252556285087171,-0.078290709643888734,-0.32520986969289178,0.70569138763054884,-0.84075997297232052,0.018942967105671116,0.15495311550536184
14,-0.76351189187717972,0.043020841091494955,0.21139198904509438,0.12175071453251296,-0.37348766829508029,0.64330870195742018,0.10141803575687103,0.16791733289594779,0.87639018968782345,-0.17685849007965126,0.096671691723802633,0.41805114955772216,0.27650859340528888,-0.52752104042645631,-0.12967005721045965,0.49260994687852788,-0.54721950267980413,0.27813776982938121,-0.81653540749125186,-0.82082175510670474
15,-0.40204813210994672,0.97012886586845837,-0.40858206511089512,0.12025655994716145,-0.44185863222860799,0.32265173216690379,0.49448872637422303,-0.91893965899413188,0.68140335591697387,-0.58391430961205737,-0.33813110057875728,0.85536403948889728,-0.61117519873370085,0.10306857361765775,-0.054456393815342174,0.0044063693945028959,-0.29339723760030378,0.099878794500046331,-0.94064241413173977,-0.58558838705011329
16,-0.19603633708728596,0.033214771914900298,-0.00012447817489746882,0.071496568481528522,0.18724001667190593,0.78661624460060819,0.43280813514603733,0.30210807329348488,0.86913764329763743,-0.60141185462026114,-0.062029259924900604,0.27136240921104915,-0.21136777038395449,-0.73785230219579168,0.011323933377284101,-0.58949168625399717,0.75590830860373814,0.50852347298385436,-0.82779467125564232,-0.34378547085494082
17,0.26583947422841003,-0.20838599474200392,-0.025821637049719515,0.029326711581908027,-0.28959093439717987,0.15360412567778936,0.83021406731001224,0.42722664357725693,0.39561266483730262,-0.85814206698727569,-0.30421764590646871,0.69343352347895881,-0.94545622169916599,-0.90748785986723446,0.12883687478758166,0.2558435992859236,0.25063966640174562,-0.85852906402640805,-0.21036355828635056,-0.25877929078772932
18,-0.72636770967227871,0.54038701737387229,-0.28354360307859072,0.10736468086428674,-0.69414644055787145,0.7932655736937777,0.75236486621151299,0.58418523021479474,0.97937558496136834,-0.68925656980243888,0.52818750963314454,0.7985991615095589,0.085205711431973974,-0.15967495515511665,0.84983903446540965,0.4137664369180154,0.17663925857157636,-0.16306572060398783,-0.77768289727113538,-0.93125863289432576
19,-0.94821322828507038,0.30583203284468463,0.2621542166573636,0.66038905277773075,-0.13987023260961373,0.74641121020353274,0.29431920961163893,0.83474628831974007,0.39999413950944795,-0.66969121712649815,0.69259765126915984,0.63262382976930032,-0.64669218256247096,-0.80676724718609516,-0.98002712988590335,0.38150092871049646,-0.17292831635599182,-0.25531835824039728,-0.26591373100972437,-0.61614376352954414
20,-0.19603633708728596,0.033214771914900298,-0.00012447817489746882,0.071496568481528522,0.18724001667190593,0.78661624460060819,0.43280813514603733,0.30210807329348488,0.86913764329763743,-0.60141185462026114,-0.062029259924900604,0.27136240921104915,-0.21136777038395449,-0.73785230219579168,0.011323933377284101,-0.58949168625399717,0.75590830860373814,0.50852347298385436,-0.82779467125564232,-0.34378547085494082
21,-0.19603633708728596,0.033214771914900298,-0.00012447817489746882,0.071496568481528522,0.18724001667190593,0.78661624460060819,0.43280813514603733,0.30210807329348488,0.86913764329763743,-0.60141185462026114,-0.062029259924900604,0.27136240921104915,-0.21136777038395449,-0.73785230219579168,0.011323933377284101,-0.58949168625399717,0.75590830860373814,0.50852347298385436,-0.82779467125564232,-0.34378547085494082
22,-0.76351189187717972,0.043020841091494955,0.21139198904509438,0.12175071453251296,-0.37348766829508029,0.64330870195742018,0.10141803575687103,0.16791733289594779,0.87639018968782345,-0.17685849007965126,0.096671691723802633,0.41805114955772216,0.27650859340528888,-0.52752104042645631,-0.12967005721045965,0.49260994687852788,-0.54721950267980413,0.27813776982938121,-0.81653540749125186,-0.82082175510670474
23,-0.43198269286860458,-0.21238551630076619,0.2399484016859077,0.16853940262526956,-0.52269272386509424,0.15285343181397049,0.71563956828136144,0.089565408548923475,0.40315760627385377,0.20097610486970741,0.20460863741505486,0.79520452248783968,-0.16353775673210036,-0.96384915830181161,0.010346778015448477,0.41871769284224625,-0.12820750606465503,-0.17365253035747474,-0.19756067189097859,-0.59077297147792018
24,-0.76351189187717972,0.043020841091494955,0.21139198904509438,0.12175071453251296,-0.37348766829508029,0.64330870195742018,0.10141803575687103,0.16791733289594779,0.87639018968782345,-0.17685849007965126,0.096671691723802633,0.41805114955772216,0.27650859340528888,-0.52752104042645631,-0.12967005721045965,0.49260994687852788,-0.54721950267980413,0.27813776982938121,-0.81653540749125186,-0.82082175510670474
25,-0.76351189187717972,0.043020841091494955,0.21139198904509438,0.12175071453251296,-0.37348766829508029,0.64330870195742018,0.10141803575687103,0.16791733289594779,0.87639018968782345,-0.17685849007965126,0.096671691723802633,0.41805114955772216,0.27650859340528888,-0.52752104042645631,-0.12967005721045965,0.49260994687852788,-0.54721950267980413,0.27813776982938121,-0.81653540749125186,-0.82082175510670474
26,-0.19603633708728596,0.033214771914900298,-0.00012447817489746882,0.071496568481528522,0.18724001667190593,0.78661624460060819,0.43280813514603733,0.30210807329348488,0.86913764329763743,-0.60141185462026114,-0.062029259924900604,0.27136240921104915,-0.21136777038395449,-0.73785230219579168,0.011323933377284101,-0.58949168625399717,0.75590830860373814,0.50852347298385436,-0.82779467125564232,-0.34378547085494082
27,-0.19603633708728596,0.033214771914900298,-0.00012447817489746882,0.071496568481528522,0.18724001667190593,0.78661624460060819,0.43280813514603733,0.30210807329348488,0.86913764329763743,-0.60141185462026114,-0.062029259924900604,0.27136240921104915,-0.21136777038395449,-0.73785230219579168,0.011323933377284101,-0.58949168625399717,0.75590830860373814,0.50852347298385436,-0.82779467125564232,-0.34378547085494082
28,-0.80748415608564827,0.95017828884553901,-0.29748812095272958,-0.40418622052710163,-0.25382524568984577,0.23900060873921314,0.57407367753313632,-0.75027416782344281,0.54296327178505877,-0.54333304131199434,0.47408699727701675,0.17931396591794835,-0.85179855122018955,0.093078584098332362,0.2236573436862761,-0.32345261940110404,0.89590134737363458,-0.99506596842680728,-0.63656766909847473,0.16713905895680425
29,-0.74760628325054279,0.76068003056633327,-0.085709940128596562,0.19238059004854691,-0.87925703413445144,0.22442249609866671,0.94073673409967595,0.071873348678880289,-0.033584897852507511,-0.69712004200778543,0.098789847041494294,-0.33819585626673621,-0.40727313269015708,-0.00653311788091826,0.23031074625461034,-0.1210909723447724,0.7120631175957981,-0.97434632647981512,-0.86877750893841332,0.10451908061956017
30,-0.43198269286860458,-0.21238551630076619,0.2399484016859077,0.16853940262526956,-0.52269272386509424,0.15285343181397049,0.71563956828136144,0.089565408548923475,0.40315760627385377,0.20097610486970741,0.20460863741505486,0.79520452248783968,-0.16353775673210036,-0.96384915830181161,0.010346778015448477,0.41871769284224625,-0.12820750606465503,-0.17365253035747474,-0.19756067189097859,-0.59077297147792018
31,-0.19603633708728596,0.033214771914900298,-0.00012447817489746882,0.071496568481528522,0.18724001667190593,0.78661624460060819,0.43280813514603733,0.30210807329348488,0.86913764329763743,-0.60141185462026114,-0.062029259924900604,0.27136240921104915,-0.21136777038395449,-0.73785230219579168,0.011323933377284101,-0.58949168625399717,0.75590830860373814,0.50852347298385436,-0.82779467125564232,-0.34378547085494082
32,-0.94821322828507038,0.30583203284468463,0.2621542166573636,0.66038905277773075,-0.13987023260961373,0.74641121020353274,0.29431920961163893,0.83474628831974007,0.39999413950944795,-0.66969121712649815,0.69259765126915984,0.63262382976930032,-0.64669218256247096,-0.80676724718609516,-0.98002712988590335,0.38150092871049646,-0.17292831635599182,-0.25531835824039728,-0.26591373100972437,-0.61614376352954414
33,-0.72636770967227871,0.54038701737387229,-0.28354360307859072,0.10736468086428674,-0.69414644055787145,0.7932655736937777,0.75236486621151299,0.58418523021479474,0.97937558496136834,-0.68925656980243888,0.52818750963314454,0.7985991615095589,0.085205711431973974,-0.15967495515511665,0.84983903446540965,0.4137664369180154,0.17663925857157636,-0.16306572060398783,-0.77768289727113538,-0.93125863289432576
34,-0.43198269286860458,-0.21238551630076619,0.2399484016859077,0.16853940262526956,-0.52269272386509424,0.15285343181397049,0.71563956828136144,0.089565408548923475,0.40315760627385377,0.20097610486970741,0.20460863741505486,0.79520452248783968,-0.16353775673210036,-0.96384915830181161,0.010346778015448477,0.41871769284224625,-0.12820750606465503,-0.17365253035747474,-0.19756067189097859,-0.59077297147792018
35,-0.43198269286860458,-0.21238551630076619,0.2399484016859077,0.16853940262526956,-0.52269272386509424,0.15285343181397049,0.71563956828136144,0.089565408548923475,0.40315760627385377,0.20097610486970741,0.20460863741505486,0.79520452248783968,-0.16353775673210036,-0.96384915830181161,0.010346778015448477,0.41871769284224625,-0.12820750606465503,-0.17365253035747474,-0.19756067189097859,-0.59077297147792018
36,-0.76351189187717972,0.043020841091494955,0.21139198904509438,0.12175071453251296,-0.37348766829508029,0.64330870195742018,0.10141803575687103,0.16791733289594779,0.87639018968782345,-0.17685849007965126,0.096671691723802633,0.41805114955772216,0.27650859340528888,-0.52752104042645631,-0.12967005721045965,0.49260994687852788,-0.54721950267980413,0.27813776982938121,-0.81653540749125186,-0.82082175510670474
37,-0.76351189187717972,0.043020841091494955,0.21139198904509438,0.12175071453251296,-0.37348766829508029,0.64330870195742018,0.10141803575687103,0.16791733289594779,0.87639018968782345,-0.17685849007965126,0.096671691723802633,0.41805114955772216,0.27650859340528888,-0.52752104042645631,-0.12967005721045965,0.49260994687852788,-0.54721950267980413,0.27813776982938121,-0.81653540749125186,-0.82082175510670474
38,-0.19603633708728596,0.033214771914900298,-0.00012447817489746882,0.071496568481528522,0.18724001667190593,0.78661624460060819,0.43280813514603733,0.30210807329348488,0.86913764329763743,-0.60141185462026114,-0.062029259924900604,0.27136240921104915,-0.21136777038395449,-0.73785230219579168,0.011323933377284101,-0.58949168625399717,0.75590830860373814,0.50852347298385436,-0.82779467125564232,-0.34378547085494082
39,-0.72636770967227871,0.54038701737387229,-0.28354360307859072,0.10736468086428674,-0.69414644055787145,0.7932655736937777,0.75236486621151299,0.58418523021479474,0.97937558496136834,-0.68925656980243888,0.52818750963314454,0.7985991615095589,0.085205711431973974,-0.15967495515511665,0.84983903446540965,0.4137664369180154,0.17663925857157636,-0.16306572060398783,-0.77768289727113538,-0.93125863289432576
40,-0.72636770967227871,0.54038701737387229,-0.28354360307859072,0.10736468086428674,-0.69414644055787145,0.7932655736937777,0.75236486621151299,0.58418523021479474,0.97937558496136834,-0.68925656980243888,0.52818750963314454,0.7985991615095589,0.085205711431973974,-0.15967495515511665,0.84983903446540965,0.4137664369180154,0.17663925857157636,-0.16306572060398783,-0.77768289727113538,-0.93125863289432576
41,-0.84040199684421801,0.76456529167594778,-0.33755386069168858,0.054513266164367913,0.28979283523689703,0.58585641331193083,-0.06910299982513135,-0.12560042927479009,0.37338249742526575,-0.8968609833295389,0.27707347418077588,-0.50312938884208869,-0.79712020573765918,-0.2674514672466457,-0.31561805740338422,-0.71305896183037931,0.14906965232779235,0.15954867275265117,-0.95585734232344888,0.23011223242773182
42,-0.19603633708728596,0.033214771914900298,-0.00012447817489746882,0.071496568481528522,0.18724001667190593,0.78661624460060819,0.43280813514603733,0.30210807329348488,0.86913764329763743,-0.60141185462026114,-0.062029259924900604,0.27136240921104915,-0.21136777038395449,-0.73785230219579168,0.011323933377284101,-0.58949168625399717,0.75590830860373814,0.50852347298385436,-0.82779467125564232,-0.34378547085494082
43,-0.76351189187717972,0.043020841091494955,0.21139198904509438,0.12175071453251296,-0.37348766829508029,0.64330870195742018,0.10141803575687103,0.16791733289594779,0.87639018968782345,-0.17685849007965126,0.096671691723802633,0.41805114955772216,0.27650859340528888,-0.52752104042645631,-0.12967005721045965,0.49260994687852788,-0.54721950267980413,0.27813776982938121,-0.81653540749125186,-0.82082175510670474
44,-0.76351189187717972,0.043020841091494955,0.21139198904509438,0.12175071453251296,-0.37348766829508029,0.64330870195742018,0.10141803575687103,0.16791733289594779,0.87639018968782345,-0.17685849007965126,0.096671691723802633,0.41805114955772216,0.27650859340528888,-0.52752104042645631,-0.12967005721045965,0.49260994687852788,-0.54721950267980413,0.27813776982938121,-0.81653540749125186,-0.82082175510670474
45,-0.72636770967227871,0.54038701737387229,-0.28354360307859072,0.10736468086428674,-0.69414644055787145,0.7932655736937777,0.75236486621151299,0.58418523021479474,0.97937558496136834,-0.68925656980243888,0.52818750963314454,0.7985991615095589,0.085205711431973974,-0.15967495515511665,0.84983903446540965,0.4137664369180154,0.17663925857157636,-0.16306572060398783,-0.77768289727113538,-0.93125863289432576
46,-0.76351189187717972,0.043020841091494955,0.21139198904509438,0.12175071453251296,-0.37348766829508029,0.64330870195742018,0.10141803575687103,0.16791733289594779,0.87639018968782345,-0.17685849007965126,0.096671691723802633,0.41805114955772216,0.27650859340528888,-0.52752104042645631,-0.12967005721045965,0.49260994687852788,-0.54721950267980413,0.27813776982938121,-0.81653540749125186,-0.82082175510670474
47,-0.76351189187717972,0.043020841091494955,0.21139198904509438,0.12175071453251296,-0.37348766829508029,0.64330870195742018,0.10141803575687103,0.16791733289594779,0.87639018968782345,-0.17685849007965126,0.096671691723802633,0.41805114955772216,0.27650859340528888,-0.52752104042645631,-0.12967005721045965,0.49260994687852788,-0.54721950267980413,0.27813776982938121,-0.81653540749125186,-0.82082175510670474
48,-0.94821322828507038,0.30583203284468463,0.2621542166573636,0.66038905277773075,-0.13987023260961373,0.74641121020353274,0.29431920961163893,0.83474628831974007,0.39999413950944795,-0.66969121712649815,0.69259765126915984,0.63262382976930032,-0.64669218256247096,-0.80676724718609516,-0.98002712988590335,0.38150092871049646,-0.17292831635599182,-0.25531835824039728,-0.26591373100972437,-0.61614376352954414
49,-0.47703164340807147,0.0050867687369404724,0.12358826884330409,-0.130851182087798,-0.075137229777033188,0.80617110525522029,0.17712383174157087,0.50223025950840849,0.83148929427957419,-0.58034728151992243,0.75147880021664704,0.14288938884160429,0.63174746977486262,-0.63443097778226121,-0.57144313633790089,0.79193218928645615,0.4467742114237192,-0.91650438208211016,0.16862218156145881,0.55202473957309905
50,-0.19603633708728596,0.033214771914900298,-0.00012447817489746882,0.071496568481528522,0.18724001667190593,0.78661624460060819,0.43280813514603733,0.30210807329348488,0.86913764329763743,-0.60141185462026114,-0.062029259924900604,0.27136240921104915,-0.21136777038395449,-0.73785230219579168,0.011323933377284101,-0.58949168625399717,0.75590830860373814,0.50852347298385436,-0.82779467125564232,-0.34378547085494082
51,-0.72636770967227871,0.54038701737387229,-0.28354360307859072,0.10736468086428674,-0.69414644055787145,0.7932655736937777,0.75236486621151299,0.58418523021479474,0.97937558496136834,-0.68925656980243888,0.52818750963314454,0.7985991615095589,0.085205711431973974,-0.15967495515511665,0.84983903446540965,0.4137664369180154,0.17663925857157636,-0.16306572060398783,-0.77768289727113538,-0.93125863289432576
52,-0.74760628325054279,0.76068003056633327,-0.085709940128596562,0.19238059004854691,-0.87925703413445144,0.22442249609866671,0.94073673409967595,0.071873348678880289,-0.033584897852507511,-0.69712004200778543,0.098789847041494294,-0.33819585626673621,-0.40727313269015708,-0.00653311788091826,0.23031074625461034,-0.1210909723447724,0.7120631175957981,-0.97434632647981512,-0.86877750893841332,0.10451908061956017
53,-0.19603633708728596,0.033214771914900298,-0.00012447817489746882,0.071496568481528522,0.18724001667190593,0.78661624460060819,0.43280813514603733,0.30210807329348488,0.86913764329763743,-0.60141185462026114,-0.062029259924900604,0.27136240921104915,-0.21136777038395449,-0.73785230219579168,0.011323933377284101,-0.58949168625399717,0.75590830860373814,0.50852347298385436,-0.82779467125564232,-0.34378547085494082
54,-0.76351189187717972,0.043020841091494955,0.21139198904509438,0.12175071453251296,-0.37348766829508029,0.64330870195742018,0.10141803575687103,0.16791733289594779,0.87639018968782345,-0.17685849007965126,0.096671691723802633,0.41805114955772216,0.27650859340528888,-0.52752104042645631,-0.12967005721045965,0.49260994687852788,-0.54721950267980413,0.27813776982938121,-0.81653540749125186,-0.82082175510670474
55,-0.72636770967227871,0.54038701737387229,-0.28354360307859072,0.10736468086428674,-0.69414644055787145,0.7932655736937777,0.75236486621151299,0.58418523021479474,0.97937558496136834,-0.68925656980243888,0.52818750963314454,0.7985991615095589,0.085205711431973974,-0.15967495515511665,0.84983903446540965,0.4137664369180154,0.17663925857157636,-0.16306572060398783,-0.77768289727113538,-0.93125863289432576
56,-0.19603633708728596,0.033214771914900298,-0.00012447817489746882,0.071496568481528522,0.18724001667190593,0.78661624460060819,0.43280813514603733,0.30210807329348488,0.86913764329763743,-0.60141185462026114,-0.062029259924900604,0.27136240921104915,-0.21136777038395449,-0.73785230219579168,0.011323933377284101,-0.58949168625399717,0.75590830860373814,0.50852347298385436,-0.82779467125564232,-0.34378547085494082
57,-0.94821322828507038,0.30583203284468463,0.2621542166573636,0.66038905277773075,-0.13987023260961373,0.74641121020353274,0.29431920961163893,0.83474628831974007,0.39999413950944795,-0.66969121712649815,0.69259765126915984,0.63262382976930032,-0.64669218256247096,-0.80676724718609516,-0.98002712988590335,0.38150092871049646,-0.17292831635599182,-0.25531835824039728,-0.26591373100972437,-0.61614376352954414
58,-0.94821322828507038,0.30583203284468463,0.2621542166573636,0.66038905277773075,-0.13987023260961373,0.74641121020353274,0.29431920961163893,0.83474628831974007,0.39999413950944795,-0.66969121712649815,0.69259765126915984,0.63262382976930032,-0.64669218256247096,-0.80676724718609516,-0.98002712988590335,0.38150092871049646,-0.17292831635599182,-0.25531835824039728,-0.26591373100972437,-0.61614376352954414
59,-0.19603633708728596,0.033214771914900298,-0.00012447817489746882,0.071496568481528522,0.18724001667190593,0.78661624460060819,0.43280813514603733,0.30210807329348488,0.86913764329763743,-0.60141185462026114,-0.062029259924900604,0.27136240921104915,-0.21136777038395449,-0.73785230219579168,0.011323933377284101,-0.58949168625399717,0.75590830860373814,0.50852347298385436,-0.82779467125564232,-0.34378547085494082
60,-0.79364290261993942,0.45606167092264505,-0.078754791746242114,-0.10996173637084095,-0.63013692031288637,0.18889696874722661,0.97523605967051008,-0.38207803998089274,0.64248150076929278,0.1712210712731943,0.28255263222105031,-0.66261849269870643,-0.26725880936225455,-0.67823736579388916,-0.13528569886523001,-0.61608807738432336,0.70432229026465665,-0.73828755146236613,-0.22145543015876501,-0.58198048319055551
61,-0.43198269286860458,-0.21238551630076619,0.2399484016859077,0.16853940262526956,-0.52269272386509424,0.15285343181397049,0.71563956828136144,0.089565408548923475,0.40315760627385377,0.20097610486970741,0.20460863741505486,0.79520452248783968,-0.16353775673210036,-0.96384915830181161,0.010346778015448477,0.41871769284224625,-0.12820750606465503,-0.17365253035747474,-0.19756067189097859,-0.59077297147792018
62,-0.74760628325054279,0.76068003056633327,-0.085709940128596562,0.19238059004854691,-0.87925703413445144,0.22442249609866671,0.94073673409967595,0.071873348678880289,-0.033584897852507511,-0.69712004200778543,0.098789847041494294,-0.33819585626673621,-0.40727313269015708,-0.00653311788091826,0.23031074625461034,-0.1210909723447724,0.7120631175957981,-0.97434632647981512,-0.86877750893841332,0.10451908061956017
63,-0.76351189187717972,0.043020841091494955,0.21139198904509438,0.12175071453251296,-0.37348766829508029,0.64330870195742018,0.10141803575687103,0.16791733289594779,0.87639018968782345,-0.17685849007965126,0.096671691723802633,0.41805114955772216,0.27650859340528888,-0.52752104042645631,-0.12967005721045965,0.49260994687852788,-0.54721950267980413,0.27813776982938121,-0.81653540749125186,-0.82082175510670474
64,-0.19603633708728596,0.033214771914900298,-0.00012447817489746882,0.071496568481528522,0.18724001667190593,0.78661624460060819,0.43280813514603733,0.30210807329348488,0.86913764329763743,-0.60141185462026114,-0.062029259924900604,0.27136240921104915,-0.21136777038395449,-0.73785230219579168,0.011323933377284101,-0.58949168625399717,0.75590830860373814,0.50852347298385436,-0.82779467125564232,-0.34378547085494082
65,-0.19603633708728596,0.033214771914900298,-0.00012447817489746882,0.071496568481528522,0.18724001667190593,0.78661624460060819,0.43280813514603733,0.30210807329348488,0.86913764329763743,-0.60141185462026114,-0.062029259924900604,0.27136240921104915,-0.21136777038395449,-0.73785230219579168,0.011323933377284101,-0.58949168625399717,0.75590830860373814,0.50852347298385436,-0.82779467125564232,-0.34378547085494082
66,-0.34660979544098836,0.81987601344156724,-0.22222503817384176,-0.1708915765607677,-0.43695258465844122,-0.2751472714483052,0.49250494635076136,-0.52948529244305975,0.016687053148506825,-0.7802411091191277,0.61287993064734492,0.24026141704322646,-0.1199671922388037,-0.27946900797009455,0.492127346411529,-0.21753495043205739,0.27046975447636012,-0.18621609483315305,-0.31946771868524459,-0.91202700875881515
67,-0.43023911094401468,0.68247206985562325,-0.32557838531489769,0.035752200723020211,-0.10616844609952802,0.82649749094401503,-0.49076781393311175,-0.84231095464553918,0.45026469807801872,-0.97081365165082323,-0.88809443029591129,0.036610733416947649,0.1568898850823619,-0.44469931892553305,-0.048998176758696221,-0.0038673092977317136,0.52680092729315131,-0.40046078314612488,-0.45829225254831796,0.71282316512906241
68,-0.94821322828507038,0.30583203284468463,0.2621542166573636,0.66038905277773075,-0.13987023260961373,0.74641121020353274,0.29431920961163893,0.83474628831974007,0.39999413950944795,-0.66969121712649815,0.69259765126915984,0.63262382976930032,-0.64669218256247096,-0.80676724718609516,-0.98002712988590335,0.38150092871049646,-0.17292831635599182,-0.25531835824039728,-0.26591373100972437,-0.61614376352954414
69,-0.94821322828507038,0.30583203284468463,0.2621542166573636,0.66038905277773075,-0.13987023260961373,0.74641121020353274,0.29431920961163893,0.83474628831974007,0.39999413950944795,-0.66969121712649815,0.69259765126915984,0.63262382976930032,-0.64669218256247096,-0.80676724718609516,-0.98002712988590335,0.38150092871049646,-0.17292831635599182,-0.25531835824039728,-0.26591373100972437,-0.61614376352954414
70,-0.76351189187717972,0.043020841091494955,0.21139198904509438,0.12175071453251296,-0.37348766829508029,0.64330870195742018,0.10141803575687103,0.16791733289594779,0.87639018968782345,-0.17685849007965126,0.096671691723802633,0.41805114955772216,0.27650859340528888,-0.52752104042645631,-0.12967005721045965,0.49260994687852788,-0.54721950267980413,0.27813776982938121,-0.81653540749125186,-0.82082175510670474
71,-0.94821322828507038,0.30583203284468463,0.2621542166573636,0.66038905277773075,-0.13987023260961373,0.74641121020353274,0.29431920961163893,0.83474628831974007,0.39999413950944795,-0.66969121712649815,0.69259765126915984,0.63262382976930032,-0.64669218256247096,-0.80676724718609516,-0.98002712988590335,0.38150092871049646,-0.17292831635599182,-0.25531835824039728,-0.26591373100972437,-0.61614376352954414
72,-0.43198269286860458,-0.21238551630076619,0.2399484016859077,0.16853940262526956,-0.52269272386509424,0.15285343181397049,0.71563956828136144,0.089565408548923475,0.40315760627385377,0.20097610486970741,0.20460863741505486,0.79520452248783968,-0.16353775673210036,-0.96384915830181161,0.010346778015448477,0.41871769284224625,-0.12820750606465503,-0.17365253035747474,-0.19756067189097859,-0.59077297147792018
73,-0.72636770967227871,0.54038701737387229,-0.28354360307859072,0.10736468086428674,-0.69414644055787145,0.7932655736937777,0.75236486621151299,0.58418523021479474,0.97937558496136834,-0.68925656980243888,0.52818750963314454,0.7985991615095589,0.085205711431973974,-0.15967495515511665,0.84983903446540965,0.4137664369180154,0.17663925857157636,-0.16306572060398783,-0.77768289727113538,-0.93125863289432576
74,-0.76351189187717972,0.043020841091494955,0.21139198904509438,0.12175071453251296,-0.37348766829508029,0.64330870195742018,0.10141803575687103,0.16791733289594779,0.87639018968782345,-0.17685849007965126,0.096671691723802633,0.41805114955772216,0.27650859340528888,-0.52752104042645631,-0.12967005721045965,0.49260994687852788,-0.54721950267980413,0.27813776982938121,-0.81653540749125186,-0.82082175510670474
75,-0.40204813210994672,0.97012886586845837,-0.40858206511089512,0.12025655994716145,-0.44185863222860799,0.32265173216690379,0.49448872637422303,-0.91893965899413188,0.68140335591697387,-0.58391430961205737,-0.33813110057875728,0.85536403948889728,-0.61117519873370085,0.10306857361765775,-0.054456393815342174,0.0044063693945028959,-0.29339723760030378,0.099878794500046331,-0.94064241413173977,-0.58558838705011329
76,-0.43198269286860458,-0.21238551630076619,0.2399484016859077,0.16853940262526956,-0.52269272386509424,0.15285343181397049,0.71563956828136144,0.089565408548923475,0.40315760627385377,0.20097610486970741,0.20460863741505486,0.79520452248783968,-0.16353775673210036,-0.96384915830181161,0.010346778015448477,0.41871769284224625,-0.12820750606465503,-0.17365253035747474,-0.19756067189097859,-0.59077297147792018
77,-0.76351189187717972,0.043020841091494955,0.21139198904509438,0.12175071453251296,-0.37348766829508029,0.64330870195742018,0.10141803575687103,0.16791733289594779,0.87639018968782345,-0.17685849007965126,0.096671691723802633,0.41805114955772216,0.27650859340528888,-0.52752104042645631,-0.12967005721045965,0.49260994687852788,-0.54721950267980413,0.27813776982938121,-0.81653540749125186,-0.82082175510670474
78,-0.72636770967227871,0.54038701737387229,-0.28354360307859072,0.10736468086428674,-0.69414644055787145,0.7932655736937777,0.75236486621151299,0.58418523021479474,0.97937558496136834,-0.68925656980243888,0.52818750963314454,0.7985991615095589,0.085205711431973974,-0.15967495515511665,0.84983903446540965,0.4137664369180154,0.17663925857157636,-0.16306572060398783,-0.77768289727113538,-0.93125863289432576
79,-0.19603633708728596,0.033214771914900298,-0.00012447817489746882,0.071496568481528522,0.18724001667190593,0.78661624460060819,0.43280813514603733,0.30210807329348488,0.86913764329763743,-0.60141185462026114,-0.062029259924900604,0.27136240921104915,-0.21136777038395449,-0.73785230219579168,0.011323933377284101,-0.58949168625399717,0.75590830860373814,0.50852347298385436,-0.82779467125564232,-0.34378547085494082
80,-0.19603633708728596,0.033214771914900298,-0.00012447817489746882,0.071496568481528522,0.18724001667190593,0.78661624460060819,0.43280813514603733,0.30210807329348488,0.86913764329763743,-0.60141185462026114,-0.062029259924900604,0.27136240921104915,-0.21136777038395449,-0.73785230219579168,0.011323933377284101,-0.58949168625399717,0.75590830860373814,0.50852347298385436,-0.82779467125564232,-0.34378547085494082
81,-0.43198269286860458,-0.21238551630076619,0.2399484016859077,0.16853940262526956,-0.52269272386509424,0.15285343181397049,0.71563956828136144,0.089565408548923475,0.40315760627385377,0.20097610486970741,0.20460863741505486,0.79520452248783968,-0.16353775673210036,-0.96384915830181161,0.010346778015448477,0.41871769284224625,-0.12820750606465503,-0.17365253035747474,-0.19756067189097859,-0.59077297147792018
82,-0.72636770967227871,0.54038701737387229,-0.28354360307859072,0.10736468086428674,-0.69414644055787145,0.7932655736937777,0.75236486621151299,0.58418523021479474,0.97937558496136834,-0.68925656980243888,0.52818750963314454,0.7985991615095589,0.085205711431973974,-0.15967495515511665,0.84983903446540965,0.4137664369180154,0.17663925857157636,-0.16306572060398783,-0.77768289727113538,-0.93125863289432576
83,-0.72636770967227871,0.54038701737387229,-0.28354360307859072,0.10736468086428674,-0.69414644055787145,0.7932655736937777,0.75236486621151299,0.58418523021479474,0.97937558496136834,-0.68925656980243888,0.52818750963314454,0.7985991615095589,0.085205711431973974,-0.15967495515511665,0.84983903446540965,0.4137664369180154,0.17663925857157636,-0.16306572060398783,-0.77768289727113538,-0.93125863289432576
84,-0.76351189187717972,0.043020841091494955,0.21139198904509438,0.12175071453251296,-0.37348766829508029,0.64330870195742018,0.10141803575687103,0.16791733289594779,0.87639018968782345,-0.17685849007965126,0.096671691723802633,0.41805114955772216,0.27650859340528888,-0.52752104042645631,-0.12967005721045965,0.49260994687852788,-0.54721950267980413,0.27813776982938121,-0.81653540749125186,-0.82082175510670474
85,0.26583947422841003,-0.20838599474200392,-0.025821637049719515,0.029326711581908027,-0.28959093439717987,0.15360412567778936,0.83021406731001224,0.42722664357725693,0.39561266483730262,-0.85814206698727569,-0.30421764590646871,0.69343352347895881,-0.94545622169916599,-0.90748785986723446,0.12883687478758166,0.2558435992859236,0.25063966640174562,-0.85852906402640805,-0.21036355828635056,-0.25877929078772932
86,-0.72636770967227871,0.54038701737387229,-0.28354360307859072,0.10736468086428674,-0.69414644055787145,0.7932655736937777,0.75236486621151299,0.58418523021479474,0.97937558496136834,-0.68925656980243888,0.52818750963314454,0.7985991615095589,0.085205711431973974,-0.15967495515511665,0.84983903446540965,0.4137664369180154,0.17663925857157636,-0.16306572060398783,-0.77768289727113538,-0.93125863289432576
87,-0.76017093163806759,0.40424598512626364,-0.0070530892610072282,-0.066986419356005689,-0.17868365318646351,0.46405382596431832,-0.43117074859865578,0.9966426014744949,0.96715068345081479,-0.36252101977014428,-0.28449133920829484,-0.50881056628243382,-0.83866810876260534,-0.23520691445309372,-0.23152062029368792,-0.012416957607701784,0.35161795445745003,-0.73155695991331982,-0.59963174874136072,-0.25471190774281105
88,-0.19603633708728596,0.033214771914900298,-0.00012447817489746882,0.071496568481528522,0.18724001667190593,0.78661624460060819,0.43280813514603733,0.30210807329348488,0.86913764329763743,-0.60141185462026114,-0.062029259924900604,0.27136240921104915,-0.21136777038395449,-0.73785230219579168,0.011323933377284101,-0.58949168625399717,0.75590830860373814,0.50852347298385436,-0.82779467125564232,-0.34378547085494082
89,-0.59344157522195951,0.46208071964063713,-0.20323331368327668,-0.17367082705369952,-0.64291515807106481,0.17682461139976735,0.61004902864702903,0.13759641609798967,-0.12429107704068865,-0.71461403441064242,-0.1475921855933382,-0.12129645618676999,-0.18952669230410812,0.070038859951751409,0.254380631100529,0.12741442455423746,0.1604437766771698,-0.11829532343340099,-0.60622954938595353,-0.1340820276751018
90,-0.94821322828507038,0.30583203284468463,0.2621542166573636,0.66038905277773075,-0.13987023260961373,0.74641121020353274,0.29431920961163893,0.83474628831974007,0.39999413950944795,-0.66969121712649815,0.69259765126915984,0.63262382976930032,-0.64669218256247096,-0.80676724718609516,-0.98002712988590335,0.38150092871049646,-0.17292831635599182,-0.25531835824039728,-0.26591373100972437,-0.61614376352954414
91,-0.76351189187717972,0.043020841091494955,0.21139198904509438,0.12175071453251296,-0.37348766829508029,0.64330870195742018,0.10141803575687103,0.16791733289594779,0.87639018968782345,-0.17685849007965126,0.096671691723802633,0.41805114955772216,0.27650859340528888,-0.52752104042645631,-0.12967005721045965,0.49260994687852788,-0.54721950267980413,0.27813776982938121,-0.81653540749125186,-0.82082175510670474
92,-0.72636770967227871,0.54038701737387229,-0.28354360307859072,0.10736468086428674,-0.69414644055787145,0.7932655736937777,0.75236486621151299,0.58418523021479474,0.97937558496136834,-0.68925656980243888,0.52818750963314454,0.7985991615095589,0.085205711431973974,-0.15967495515511665,0.84983903446540965,0.4137664369180154,0.17663925857157636,-0.16306572060398783,-0.77768289727113538,-0.93125863289432576
93,-0.94821322828507038,0.30583203284468463,0.2621542166573636,0.66038905277773075,-0.13987023260961373,0.74641121020353274,0.29431920961163893,0.83474628831974007,0.39999413950944795,-0.66969121712649815,0.69259765126915984,0.63262382976930032,-0.64669218256247096,-0.80676724718609516,-0.98002712988590335,0.38150092871049646,-0.17292831635599182,-0.25531835824039728,-0.26591373100972437,-0.61614376352954414
94,-0.72636770967227871,0.54038701737387229,-0.28354360307859072,0.10736468086428674,-0.69414644055787145,0.7932655736937777,0.75236486621151299,0.58418523021479474,0.97937558496136834,-0.68925656980243888,0.52818750963314454,0.7985991615095589,0.085205711431973974,-0.15967495515511665,0.84983903446540965,0.4137664369180154,0.17663925857157636,-0.16306572060398783,-0.77768289727113538,-0.93125863289432576
95,-0.72636770967227871,0.54038701737387229,-0.28354360307859072,0.10736468086428674,-0.69414644055787145,0.7932655736937777,0.75236486621151299,0.58418523021479474,0.97937558496136834,-0.68925656980243888,0.52818750963314454,0.7985991615095589,0.085205711431973974,-0.15967495515511665,0.84983903446540965,0.4137664369180154,0.17663925857157636,-0.16306572060398783,-0.77768289727113538,-0.93125863289432576
96,-0.72636770967227871,0.54038701737387229,-0.28354360307859072,0.10736468086428674,-0.69414644055787145,0.7932655736937777,0.75236486621151299,0.58418523021479474,0.97937558496136834,-0.68925656980243888,0.52818750963314454,0.7985991615095589,0.085205711431973974,-0.15967495515511665,0.84983903446540965,0.4137664369180154,0.17663925857157636,-0.16306572060398783,-0.77768289727113538,-0.93125863289432576
97,-0.19603633708728596,0.033214771914900298,-0.00012447817489746882,0.071496568481528522,0.18724001667190593,0.78661624460060819,0.43280813514603733,0.30210807329348488,0.86913764329763743,-0.60141185462026114,-0.062029259924900604,0.27136240921104915,-0.21136777038395449,-0.73785230219579168,0.011323933377284101,-0.58949168625399717,0.75590830860373814,0.50852347298385436,-0.82779467125564232,-0.34378547085494082
98,-0.36992791428391847,-0.11705334570651482,-0.079763988705633393,0.18830344198090931,0.18447045346960933,0.51451331928596322,-0.12776239423556013,-0.40366889405035544,0.9303871981648304,0.19250594885600592,0.16054344778671203,0.63541853772335255,-0.10842235334952299,-0.91421907967890648,0.034067315076920623,-0.21114808276483155,0.37273660937535458,-0.51036658963889758,0.073148694083386756,-0.19687311910030081
99,-0.74760628325054279,0.76068003056633327,-0.085709940128596562,0.19238059004854691,-0.87925703413445144,0.22442249609866671,0.94073673409967595,0.071873348678880289,-0.033584897852507511,-0.69712004200778543,0.098789847041494294,-0.33819585626673621,-0.40727313269015708,-0.00653311788091826,0.23031074625461034,-0.1210909723447724,0.7120631175957981,-0.97434632647981512,-0.86877750893841332,0.10451908061956017
100,-0.72636770967227871,0.54038701737387229,-0.28354360307859072,0.10736468086428674,-0.69414644055787145,0.7932655736937777,0.75236486621151299,0.58418523021479474,0.97937558496136834,-0.68925656980243888,0.52818750963314454,0.7985991615095589,0.085205711431973974,-0.15967495515511665,0.84983903446540965,0.4137664369180154,0.17663925857157636,-0.16306572060398783,-0.77768289727113538,-0.93125863289432576
101,-0.74760628325054279,0.76068003056633327,-0.085709940128596562,0.19238059004854691,-0.87925703413445144,0.22442249609866671,0.94073673409967595,0.071873348678880289,-0.033584897852507511,-0.69712004200778543,0.098789847041494294,-0.33819585626673621,-0.40727313269015708,-0.00653311788091826,0.23031074625461034,-0.1210909723447724,0.7120631175957981,-0.97434632647981512,-0.86877750893841332,0.10451908061956017
102,-0.72636770967227871,0.54038701737387229,-0.28354360307859072,0.10736468086428674,-0.69414644055787145,0.7932655736937777,0.75236486621151299,0.58418523021479474,0.97937558496136834,-0.68925656980243888,0.52818750963314454,0.7985991615095589,0.085205711431973974,-0.15967495515511665,0.84983903446540965,0.4137664369180154,0.17663925857157636,-0.16306572060398783,-0.77768289727113538,-0.93125863289432576
103,-0.72636770967227871,0.54038701737387229,-0.28354360307859072,0.10736468086428674,-0.69414644055787145,0.7932655736937777,0.75236486621151299,0.58418523021479474,0.97937558496136834,-0.68925656980243888,0.52818750963314454,0.7985991615095589,0.085205711431973974,-0.15967495515511665,0.84983903446540965,0.4137664369180154,0.17663925857157636,-0.16306572060398783,-0.77768289727113538,-0.93125863289432576
104,-0.63089787384254525,0.6690818879892857,-0.040057718262865194,0.16654870751220341,-0.7305219398063405,0.58297437628817539,0.27165022287116192,-0.49831781558001675,0.055520079875316153,-0.91271550270220336,0.56078886964035046,-0.44877523643861394,-0.89279907737864139,-0.65252556285087171,-0.078290709643888734,-0.32520986969289178,0.70569138763054884,-0.84075997297232052,0.018942967105671116,0.15495311550536184
105,-0.43198269286860458,-0.21238551630076619,0.2399484016859077,0.16853940262526956,-0.52269272386509424,0.15285343181397049,0.71563956828136144,0.089565408548923475,0.40315760627385377,0.20097610486970741,0.20460863741505486,0.79520452248783968,-0.16353775673210036,-0.96384915830181161,0.010346778015448477,0.41871769284224625,-0.12820750606465503,-0.17365253035747474,-0.19756067189097859,-0.59077297147792018
106,-0.94821322828507038,0.30583203284468463,0.2621542166573636,0.66038905277773075,-0.13987023260961373,0.74641121020353274,0.29431920961163893,0.83474628831974007,0.39999413950944795,-0.66969121712649815,0.69259765126915984,0.63262382976930032,-0.64669218256247096,-0.80676724718609516,-0.98002712988590335,0.38150092871049646,-0.17292831635599182,-0.25531835824039728,-0.26591373100972437,-0.61614376352954414
107,-0.76351189187717972,0.043020841091494955,0.21139198904509438,0.12175071453251296,-0.37348766829508029,0.64330870195742018,0.10141803575687103,0.16791733289594779,0.87639018968782345,-0.17685849007965126,0.096671691723802633,0.41805114955772216,0.27650859340528888,-0.52752104042645631,-0.12967005721045965,0.49260994687852788,-0.54721950267980413,0.27813776982938121,-0.81653540749125186,-0.82082175510670474
108,-0.74760628325054279,0.76068003056633327,-0.085709940128596562,0.19238059004854691,-0.87925703413445144,0.22442249609866671,0.94073673409967595,0.071873348678880289,-0.033584897852507511,-0.69712004200778543,0.098789847041494294,-0.33819585626673621,-0.40727313269015708,-0.00653311788091826,0.23031074625461034,-0.1210909723447724,0.7120631175957981,-0.97434632647981512,-0.86877750893841332,0.10451908061956017
109,-0.43023911094401468,0.68247206985562325,-0.32557838531489769,0.035752200723020211,-0.10616844609952802,0.82649749094401503,-0.49076781393311175,-0.84231095464553918,0.45026469807801872,-0.97081365165082323,-0.88809443029591129,0.036610733416947649,0.1568898850823619,-0.44469931892553305,-0.048998176758696221,-0.0038673092977317136,0.52680092729315131,-0.40046078314612488,-0.45829225254831796,0.71282316512906241
110,-0.84040199684421801,0.76456529167594778,-0.33755386069168858,0.054513266164367913,0.28979283523689703,0.58585641331193083,-0.06910299982513135,-0.12560042927479009,0.37338249742526575,-0.8968609833295389,0.27707347418077588,-0.50312938884208869,-0.79712020573765918,-0.2674514672466457,-0.31561805740338422,-0.71305896183037931,0.14906965232779235,0.15954867275265117,-0.95585734232344888,0.23011223242773182
111,-0.94821322828507038,0.30583203284468463,0.2621542166573636,0.66038905277773075,-0.13987023260961373,0.74641121020353274,0.29431920961163893,0.83474628831974007,0.39999413950944795,-0.66969121712649815,0.69259765126915984,0.63262382976930032,-0.64669218256247096,-0.80676724718609516,-0.98002712988590335,0.38150092871049646,-0.17292831635599182,-0.25531835824039728,-0.26591373100972437,-0.61614376352954414
112,-0.74760628325054279,0.76068003056633327,-0.085709940128596562,0.19238059004854691,-0.87925703413445144,0.22442249609866671,0.94073673409967595,0.071873348678880289,-0.033584897852507511,-0.69712004200778543,0.098789847041494294,-0.33819585626673621,-0.40727313269015708,-0.00653311788091826,0.23031074625461034,-0.1210909723447724,0.7120631175957981,-0.97434632647981512,-0.86877750893841332,0.10451908061956017
113,-0.72636770967227871,0.54038701737387229,-0.28354360307859072,0.10736468086428674,-0.69414644055787145,0.7932655736937777,0.75236486621151299,0.58418523021479474,0.97937558496136834,-0.68925656980243888,0.52818750963314454,0.7985991615095589,0.085205711431973974,-0.15967495515511665,0.84983903446540965,0.4137664369180154,0.17663925857157636,-0.16306572060398783,-0.77768289727113538,-0.93125863289432576
114,-0.19603633708728596,0.033214771914900298,-0.00012447817489746882,0.071496568481528522,0.18724001667190593,0.78661624460060819,0.43280813514603733,0.30210807329348488,0.86913764329763743,-0.60141185462026114,-0.062029259924900604,0.27136240921104915,-0.21136777038395449,-0.73785230219579168,0.011323933377284101,-0.58949168625399717,0.75590830860373814,0.50852347298385436,-0.82779467125564232,-0.34378547085494082
115,-0.94821322828507038,0.30583203284468463,0.2621542166573636,0.66038905277773075,-0.13987023260961373,0.74641121020353274,0.29431920961163893,0.83474628831974007,0.39999413950944795,-0.66969121712649815,0.69259765126915984,0.63262382976930032,-0.64669218256247096,-0.80676724718609516,-0.98002712988590335,0.38150092871049646,-0.17292831635599182,-0.25531835824039728,-0.26591373100972437,-0.61614376352954414
116,-0.76351189187717972,0.043020841091494955,0.21139198904509438,0.12175071453251296,-0.37348766829508029,0.64330870195742018,0.10141803575687103,0.16791733289594779,0.87639018968782345,-0.17685849007965126,0.096671691723802633,0.41805114955772216,0.27650859340528888,-0.52752104042645631,-0.12967005721045965,0.49260994687852788,-0.54721950267980413,0.27813776982938121,-0.81653540749125186,-0.82082175510670474
117,-0.19603633708728596,0.033214771914900298,-0.00012447817489746882,0.071496568481528522,0.18724001667190593,0.78661624460060819,0.43280813514603733,0.30210807329348488,0.86913764329763743,-0.60141185462026114,-0.062029259924900604,0.27136240921104915,-0.21136777038395449,-0.73785230219579168,0.011323933377284101,-0.58949168625399717,0.75590830860373814,0.50852347298385436,-0.82779467125564232,-0.34378547085494082
118,-0.19603633708728596,0.033214771914900298,-0.00012447817489746882,0.071496568481528522,0.18724001667190593,0.78661624460060819,0.43280813514603733,0.30210807329348488,0.86913764329763743,-0.60141185462026114,-0.062029259924900604,0.27136240921104915,-0.21136777038395449,-0.73785230219579168,0.011323933377284101,-0.58949168625399717,0.75590830860373814,0.50852347298385436,-0.82779467125564232,-0.34378547085494082
119,-0.72636770967227871,0.54038701737387229,-0.28354360307859072,0.10736468086428674,-0.69414644055787145,0.7932655736937777,0.75236486621151299,0.58418523021479474,0.97937558496136834,-0.68925656980243888,0.52818750963314454,0.7985991615095589,0.085205711431973974,-0.15967495515511665,0.84983903446540965,0.4137664369180154,0.17663925857157636,-0.16306572060398783,-0.77768289727113538,-0.93125863289432576
120,-0.94821322828507038,0.30583203284468463,0.2621542166573636,0.66038905277773075,-0.13987023260961373,0.74641121020353274,0.29431920961163893,0.83474628831974007,0.39999413950944795,-0.66969121712649815,0.69259765126915984,0.63262382976930032,-0.64669218256247096,-0.80676724718609516,-0.98002712988590335,0.38150092871049646,-0.17292831635599182,-0.25531835824039728,-0.26591373100972437,-0.61614376352954414
121,-0.43023911094401468,0.68247206985562325,-0.32557838531489769,0.035752200723020211,-0.10616844609952802,0.82649749094401503,-0.49076781393311175,-0.84231095464553918,0.45026469807801872,-0.97081365165082323,-0.88809443029591129,0.036610733416947649,0.1568898850823619,-0.44469931892553305,-0.048998176758696221,-0.0038673092977317136,0.52680092729315131,-0.40046078314612488,-0.45829225254831796,0.71282316512906241
122,-0.72636770967227871,0.54038701737387229,-0.28354360307859072,0.10736468086428674,-0.69414644055787145,0.7932655736937777,0.75236486621151299,0.58418523021479474,0.97937558496136834,-0.68925656980243888,0.52818750963314454,0.7985991615095589,0.085205711431973974,-0.15967495515511665,0.84983903446540965,0.4137664369180154,0.17663925857157636,-0.16306572060398783,-0.77768289727113538,-0.93125863289432576
123,-0.76351189187717972,0.043020841091494955,0.21139198904509438,0.12175071453251296,-0.37348766829508029,0.64330870195742018,0.10141803575687103,0.16791733289594779,0.87639018968782345,-0.17685849007965126,0.096671691723802633,0.41805114955772216,0.27650859340528888,-0.52752104042645631,-0.12967005721045965,0.49260994687852788,-0.54721950267980413,0.27813776982938121,-0.81653540749125186,-0.82082175510670474
124,-0.72636770967227871,0.54038701737387229,-0.28354360307859072,0.10736468086428674,-0.69414644055787145,0.7932655736937777,0.75236486621151299,0.58418523021479474,0.97937558496136834,-0.68925656980243888,0.52818750963314454,0.7985991615095589,0.085205711431973974,-0.15967495515511665,0.84983903446540965,0.4137664369180154,0.17663925857157636,-0.16306572060398783,-0.77768289727113538,-0.93125863289432576
125,-0.19603633708728596,0.033214771914900298,-0.00012447817489746882,0.071496568481528522,0.18724001667190593,0.78661624460060819,0.43280813514603733,0.30210807329348488,0.86913764329763743,-0.60141185462026114,-0.062029259924900604,0.27136240921104915,-0.21136777038395449,-0.73785230219579168,0.011323933377284101,-0.58949168625399717,0.75590830860373814,0.50852347298385436,-0.82779467125564232,-0.34378547085494082
126,-0.94821322828507038,0.30583203284468463,0.2621542166573636,0.66038905277773075,-0.13987023260961373,0.74641121020353274,0.29431920961163893,0.83474628831974007,0.39999413950944795,-0.66969121712649815,0.69259765126915984,0.63262382976930032,-0.64669218256247096,-0.80676724718609516,-0.98002712988590335,0.38150092871049646,-0.17292831635599182,-0.25531835824039728,-0.26591373100972437,-0.61614376352954414
127,-0.19603633708728596,0.033214771914900298,-0.00012447817489746882,0.071496568481528522,0.18724001667190593,0.78661624460060819,0.43280813514603733,0.30210807329348488,0.86913764329763743,-0.60141185462026114,-0.062029259924900604,0.27136240921104915,-0.21136777038395449,-0.73785230219579168,0.011323933377284101,-0.58949168625399717,0.75590830860373814,0.50852347298385436,-0.82779467125564232,-0.34378547085494082
128,-0.76351189187717972,0.043020841091494955,0.21139198904509438,0.12175071453251296,-0.37348766829508029,0.64330870195742018,0.10141803575687103,0.16791733289594779,0.87639018968782345,-0.17685849007965126,0.096671691723802633,0.41805114955772216,0.27650859340528888,-0.52752104042645631,-0.12967005721045965,0.49260994687852788,-0.54721950267980413,0.27813776982938121,-0.81653540749125186,-0.82082175510670474
129,-0.19603633708728596,0.033214771914900298,-0.00012447817489746882,0.071496568481528522,0.18724001667190593,0.78661624460060819,0.43280813514603733,0.30210807329348488,0.86913764329763743,-0.60141185462026114,-0.062029259924900604,0.27136240921104915,-0.21136777038395449,-0.73785230219579168,0.011323933377284101,-0.58949168625399717,0.75590830860373814,0.50852347298385436,-0.82779467125564232,-0.34378547085494082
130,-0.43198269286860458,-0.21238551630076619,0.2399484016859077,0.16853940262526956,-0.52269272386509424,0.15285343181397049,0.71563956828136144,0.089565408548923475,0.40315760627385377,0.20097610486970741,0.20460863741505486,0.79520452248783968,-0.16353775673210036,-0.96384915830181161,0.010346778015448477,0.41871769284224625,-0.12820750606465503,-0.17365253035747474,-0.19756067189097859,-0.59077297147792018
131,-0.76351189187717972,0.043020841091494955,0.21139198904509438,0.12175071453251296,-0.37348766829508029,0.64330870195742018,0.10141803575687103,0.16791733289594779,0.87639018968782345,-0.17685849007965126,0.096671691723802633,0.41805114955772216,0.27650859340528888,-0.52752104042645631,-0.12967005721045965,0.49260994687852788,-0.54721950267980413,0.27813776982938121,-0.81653540749125186,-0.82082175510670474
132,-0.43023911094401468,0.68247206985562325,-0.32557838531489769,0.035752200723020211,-0.10616844609952802,0.82649749094401503,-0.49076781393311175,-0.84231095464553918,0.45026469807801872,-0.97081365165082323,-0.88809443029591129,0.036610733416947649,0.1568898850823619,-0.44469931892553305,-0.048998176758696221,-0.0038673092977317136,0.52680092729315131,-0.40046078314612488,-0.45829225254831796,0.71282316512906241
133,-0.72636770967227871,0.54038701737387229,-0.28354360307859072,0.10736468086428674,-0.69414644055787145,0.7932655736937777,0.75236486621151299,0.58418523021479474,0.97937558496136834,-0.68925656980243888,0.52818750963314454,0.7985991615095589,0.085205711431973974,-0.15967495515511665,0.84983903446540965,0.4137664369180154,0.17663925857157636,-0.16306572060398783,-0.77768289727113538,-0.93125863289432576
134,-0.43023911094401468,0.68247206985562325,-0.32557838531489769,0.035752200723020211,-0.10616844609952802,0.82649749094401503,-0.49076781393311175,-0.84231095464553918,0.45026469807801872,-0.97081365165082323,-0.88809443029591129,0.036610733416947649,0.1568898850823619,-0.44469931892553305,-0.048998176758696221,-0.0038673092977317136,0.52680092729315131,-0.40046078314612488,-0.45829225254831796,0.71282316512906241
135,-0.72636770967227871,0.54038701737387229,-0.28354360307859072,0.10736468086428674,-0.69414644055787145,0.7932655736937777,0.75236486621151299,0.58418523021479474,0.97937558496136834,-0.68925656980243888,0.52818750963314454,0.7985991615095589,0.085205711431973974,-0.15967495515511665,0.84983903446540965,0.4137664369180154,0.17663925857157636,-0.16306572060398783,-0.77768289727113538,-0.93125863289432576
136,-0.19603633708728596,0.033214771914900298,-0.00012447817489746882,0.071496568481528522,0.18724001667190593,0.78661624460060819,0.43280813514603733,0.30210807329348488,0.86913764329763743,-0.60141185462026114,-0.062029259924900604,0.27136240921104915,-0.21136777038395449,-0.73785230219579168,0.011323933377284101,-0.58949168625399717,0.75590830860373814,0.50852347298385436,-0.82779467125564232,-0.34378547085494082
137,-0.56152083477900305,-0.22281019935813107,0.23227853026221923,0.18124360262468309,-0.2956766394360637,0.084090887715422058,0.55795401820974511,-0.51093747852149063,0.69430229992397074,-0.061383681165818826,-0.6411015239724287,0.57735414835108378,-0.86143721858926936,-0.052518443093517719,0.18930056471455137,-0.12207800821616033,0.62616273177908988,0.14649522190299846,-0.7858492505753798,0.26159379976943264
138,-0.9098049492377267,-0.095780465437198981,0.13627524500132449,-0.12042142664806632,0.49669226537406796,0.91160066809142659,0.88341087296523968,0.40650428962953855,0.4428834327662865,-0.52102069052291999,0.76235020376641316,0.18907627605656474,-0.91354279032782593,-0.88194028701087968,-0.51772372843566949,-0.22573685986275827,-0.64113552406327146,-0.27672024754609414,-0.18952603852344518,-0.30960318828652067
139,-0.19603633708728596,0.033214771914900298,-0.00012447817489746882,0.071496568481528522,0.18724001667190593,0.78661624460060819,0.43280813514603733,0.30210807329348488,0.86913764329763743,-0.60141185462026114,-0.062029259924900604,0.27136240921104915,-0.21136777038395449,-0.73785230219579168,0.011323933377284101,-0.58949168625399717,0.75590830860373814,0.50852347298385436,-0.82779467125564232,-0.34378547085494082
140,-0.43198269286860458,-0.21238551630076619,0.2399484016859077,0.16853940262526956,-0.52269272386509424,0.15285343181397049,0.71563956828136144,0.089565408548923475,0.40315760627385377,0.20097610486970741,0.20460863741505486,0.79520452248783968,-0.16353775673210036,-0.96384915830181161,0.010346778015448477,0.41871769284224625,-0.12820750606465503,-0.17365253035747474,-0.19756067189097859,-0.59077297147792018
141,-0.43198269286860458,-0.21238551630076619,0.2399484016859077,0.16853940262526956,-0.52269272386509424,0.15285343181397049,0.71563956828136144,0.089565408548923475,0.40315760627385377,0.20097610486970741,0.20460863741505486,0.79520452248783968,-0.16353775673210036,-0.96384915830181161,0.010346778015448477,0.41871769284224625,-0.12820750606465503,-0.17365253035747474,-0.19756067189097859,-0.59077297147792018
142,-0.72636770967227871,0.54038701737387229,-0.28354360307859072,0.10736468086428674,-0.69414644055787145,0.7932655736937777,0.75236486621151299,0.58418523021479474,0.97937558496136834,-0.68925656980243888,0.52818750963314454,0.7985991615095589,0.085205711431973974,-0.15967495515511665,0.84983903446540965,0.4137664369180154,0.17663925857157636,-0.16306572060398783,-0.77768289727113538,-0.93125863289432576
143,-0.76351189187717972,0.043020841091494955,0.21139198904509438,0.12175071453251296,-0.37348766829508029,0.64330870195742018,0.10141803575687103,0.16791733289594779,0.87639018968782345,-0.17685849007965126,0.096671691723802633,0.41805114955772216,0.27650859340528888,-0.52752104042645631,-0.12967005721045965,0.49260994687852788,-0.54721950267980413,0.27813776982938121,-0.81653540749125186,-0.82082175510670474
144,-0.94821322828507038,0.30583203284468463,0.2621542166573636,0.66038905277773075,-0.13987023260961373,0.74641121020353274,0.29431920961163893,0.83474628831974007,0.39999413950944795,-0.66969121712649815,0.69259765126915984,0.63262382976930032,-0.64669218256247096,-0.80676724718609516,-0.98002712988590335,0.38150092871049646,-0.17292831635599182,-0.25531835824039728,-0.26591373100972437,-0.61614376352954414
145,-0.76351189187717972,0.043020841091494955,0.21139198904509438,0.12175071453251296,-0.37348766829508029,0.64330870195742018,0.10141803575687103,0.16791733289594779,0.87639018968782345,-0.17685849007965126,0.096671691723802633,0.41805114955772216,0.27650859340528888,-0.52752104042645631,-0.12967005721045965,0.49260994687852788,-0.54721950267980413,0.27813776982938121,-0.81653540749125186,-0.82082175510670474
146,-0.94821322828507038,0.30583203284468463,0.2621542166573636,0.66038905277773075,-0.13987023260961373,0.74641121020353274,0.29431920961163893,0.83474628831974007,0.39999413950944795,-0.66969121712649815,0.69259765126915984,0.63262382976930032,-0.64669218256247096,-0.80676724718609516,-0.98002712988590335,0.38150092871049646,-0.17292831635599182,-0.25531835824039728,-0.26591373100972437,-0.61614376352954414
147,-0.72636770967227871,0.54038701737387229,-0.28354360307859072,0.10736468086428674,-0.69414644055787145,0.7932655736937777,0.75236486621151299,0.58418523021479474,0.97937558496136834,-0.68925656980243888,0.52818750963314454,0.7985991615095589,0.085205711431973974,-0.15967495515511665,0.84983903446540965,0.4137664369180154,0.17663925857157636,-0.16306572060398783,-0.77768289727113538,-0.93125863289432576
148,-0.40204813210994672,0.97012886586845837,-0.40858206511089512,0.12025655994716145,-0.44185863222860799,0.32265173216690379,0.49448872637422303,-0.91893965899413188,0.68140335591697387,-0.58391430961205737,-0.33813110057875728,0.85536403948889728,-0.61117519873370085,0.10306857361765775,-0.054456393815342174,0.0044063693945028959,-0.29339723760030378,0.099878794500046331,-0.94064241413173977,-0.58558838705011329
149,-0.19603633708728596,0.033214771914900298,-0.00012447817489746882,0.071496568481528522,0.18724001667190593,0.78661624460060819,0.43280813514603733,0.30210807329348488,0.86913764329763743,-0.60141185462026114,-0.062029259924900604,0.27136240921104915,-0.21136777038395449,-0.73785230219579168,0.011323933377284101,-0.58949168625399717,0.75590830860373814,0.50852347298385436,-0.82779467125564232,-0.34378547085494082
150,-0.76351189187717972,0.043020841091494955,0.21139198904509438,0.12175071453251296,-0.37348766829508029,0.64330870195742018,0.10141803575687103,0.16791733289594779,0.87639018968782345,-0.17685849007965126,0.096671691723802633,0.41805114955772216,0.27650859340528888,-0.52752104042645631,-0.12967005721045965,0.49260994687852788,-0.54721950267980413,0.27813776982938121,-0.81653540749125186,-0.82082175510670474
151,-0.72636770967227871,0.54038701737387229,-0.28354360307859072,0.10736468086428674,-0.69414644055787145,0.7932655736937777,0.75236486621151299,0.58418523021479474,0.97937558496136834,-0.68925656980243888,0.52818750963314454,0.7985991615095589,0.085205711431973974,-0.15967495515511665,0.84983903446540965,0.4137664369180154,0.17663925857157636,-0.16306572060398783,-0.77768289727113538,-0.93125863289432576
152,-0.72636770967227871,0.54038701737387229,-0.28354360307859072,0.10736468086428674,-0.69414644055787145,0.7932655736937777,0.75236486621151299,0.58418523021479474,0.97937558496136834,-0.68925656980243888,0.52818750963314454,0.7985991615095589,0.085205711431973974,-0.15967495515511665,0.84983903446540965,0.4137664369180154,0.17663925857157636,-0.16306572060398783,-0.77768289727113538,-0.93125863289432576
153,-0.72636770967227871,0.54038701737387229,-0.28354360307859072,0.10736468086428674,-0.69414644055787145,0.7932655736937777,0.75236486621151299,0.58418523021479474,0.97937558496136834,-0.68925656980243888,0.52818750963314454,0.7985991615095589,0.085205711431973974,-0.15967495515511665,0.84983903446540965,0.4137664369180154,0.17663925857157636,-0.16306572060398783,-0.77768289727113538,-0.93125863289432576
154,-0.72636770967227871,0.54038701737387229,-0.28354360307859072,0.10736468086428674,-0.69414644055787145,0.7932655736937777,0.75236486621151299,0.58418523021479474,0.97937558496136834,-0.68925656980243888,0.52818750963314454,0.7985991615095589,0.085205711431973974,-0.15967495515511665,0.84983903446540965,0.4137664369180154,0.17663925857157636,-0.16306572060398783,-0.77768289727113538,-0.93125863289432576
155,-0.40204813210994672,0.97012886586845837,-0.40858206511089512,0.12025655994716145,-0.44185863222860799,0.32265173216690379,0.49448872637422303,-0.91893965899413188,0.68140335591697387,-0.58391430961205737,-0.33813110057875728,0.85536403948889728,-0.61117519873370085,0.10306857361765775,-0.054456393815342174,0.0044063693945028959,-0.29339723760030378,0.099878794500046331,-0.94064241413173977,-0.58558838705011329
156,-0.72636770967227871,0.54038701737387229,-0.28354360307859072,0.10736468086428674,-0.69414644055787145,0.7932655736937777,0.75236486621151299,0.58418523021479474,0.97937558496136834,-0.68925656980243888,0.52818750963314454,0.7985991615095589,0.085205711431973974,-0.15967495515511665,0.84983903446540965,0.4137664369180154,0.17663925857157636,-0.16306572060398783,-0.77768289727113538,-0.93125863289432576
157,-0.76351189187717972,0.043020841091494955,0.21139198904509438,0.12175071453251296,-0.37348766829508029,0.64330870195742018,0.10141803575687103,0.16791733289594779,0.87639018968782345,-0.17685849007965126,0.096671691723802633,0.41805114955772216,0.27650859340528888,-0.52752104042645631,-0.12967005721045965,0.49260994687852788,-0.54721950267980413,0.27813776982938121,-0.81653540749125186,-0.82082175510670474
158,-0.19603633708728596,0.033214771914900298,-0.00012447817489746882,0.071496568481528522,0.18724001667190593,0.78661624460060819,0.43280813514603733,0.30210807329348488,0.86913764329763743,-0.60141185462026114,-0.062029259924900604,0.27136240921104915,-0.21136777038395449,-0.73785230219579168,0.011323933377284101,-0.58949168625399717,0.75590830860373814,0.50852347298385436,-0.82779467125564232,-0.34378547085494082
159,-0.72636770967227871,0.54038701737387229,-0.28354360307859072,0.10736468086428674,-0.69414644055787145,0.7932655736937777,0.75236486621151299,0.58418523021479474,0.97937558496136834,-0.68925656980243888,0.52818750963314454,0.7985991615095589,0.085205711431973974,-0.15967495515511665,0.84983903446540965,0.4137664369180154,0.17663925857157636,-0.16306572060398783,-0.77768289727113538,-0.93125863289432576
160,-0.40204813210994672,0.97012886586845837,-0.40858206511089512,0.12025655994716145,-0.44185863222860799,0.32265173216690379,0.49448872637422303,-0.91893965899413188,0.68140335591697387,-0.58391430961205737,-0.33813110057875728,0.85536403948889728,-0.61117519873370085,0.10306857361765775,-0.054456393815342174,0.0044063693945028959,-0.29339723760030378,0.099878794500046331,-0.94064241413173977,-0.58558838705011329
161,-0.43198269286860458,-0.21238551630076619,0.2399484016859077,0.16853940262526956,-0.52269272386509424,0.15285343181397049,0.71563956828136144,0.089565408548923475,0.40315760627385377,0.20097610486970741,0.20460863741505486,0.79520452248783968,-0.16353775673210036,-0.96384915830181161,0.010346778015448477,0.41871769284224625,-0.12820750606465503,-0.17365253035747474,-0.19756067189097859,-0.59077297147792018
162,-0.72636770967227871,0.54038701737387229,-0.28354360307859072,0.10736468086428674,-0.69414644055787145,0.7932655736937777,0.75236486621151299,0.58418523021479474,0.97937558496136834,-0.68925656980243888,0.52818750963314454,0.7985991615095589,0.085205711431973974,-0.15967495515511665,0.84983903446540965,0.4137664369180154,0.17663925857157636,-0.16306572060398783,-0.77768289727113538,-0.93125863289432576
163,-0.43198269286860458,-0.21238551630076619,0.2399484016859077,0.16853940262526956,-0.52269272386509424,0.15285343181397049,0.71563956828136144,0.089565408548923475,0.40315760627385377,0.20097610486970741,0.20460863741505486,0.79520452248783968,-0.16353775673210036,-0.96384915830181161,0.010346778015448477,0.41871769284224625,-0.12820750606465503,-0.17365253035747474,-0.19756067189097859,-0.59077297147792018
164,-0.76351189187717972,0.043020841091494955,0.21139198904509438,0.12175071453251296,-0.37348766829508029,0.64330870195742018,0.10141803575687103,0.16791733289594779,0.87639018968782345,-0.17685849007965126,0.096671691723802633,0.41805114955772216,0.27650859340528888,-0.52752104042645631,-0.12967005721045965,0.49260994687852788,-0.54721950267980413,0.27813776982938121,-0.81653540749125186,-0.82082175510670474
165,-0.76351189187717972,0.043020841091494955,0.21139198904509438,0.12175071453251296,-0.37348766829508029,0.64330870195742018,0.10141803575687103,0.16791733289594779,0.87639018968782345,-0.17685849007965126,0.096671691723802633,0.41805114955772216,0.27650859340528888,-0.52752104042645631,-0.12967005721045965,0.49260994687852788,-0.54721950267980413,0.27813776982938121,-0.81653540749125186,-0.82082175510670474
166,-0.19603633708728596,0.033214771914900298,-0.00012447817489746882,0.071496568481528522,0.18724001667190593,0.78661624460060819,0.43280813514603733,0.30210807329348488,0.86913764329763743,-0.60141185462026114,-0.062029259924900604,0.27136240921104915,-0.21136777038395449,-0.73785230219579168,0.011323933377284101,-0.58949168625399717,0.75590830860373814,0.50852347298385436,-0.82779467125564232,-0.34378547085494082
167,-0.94821322828507038,0.30583203284468463,0.2621542166573636,0.66038905277773075,-0.13987023260961373,0.74641121020353274,0.29431920961163893,0.83474628831974007,0.39999413950944795,-0.66969121712649815,0.69259765126915984,0.63262382976930032,-0.64669218256247096,-0.80676724718609516,-0.98002712988590335,0.38150092871049646,-0.17292831635599182,-0.25531835824039728,-0.26591373100972437,-0.61614376352954414
168,-0.19603633708728596,0.033214771914900298,-0.00012447817489746882,0.071496568481528522,0.18724001667190593,0.78661624460060819,0.43280813514603733,0.30210807329348488,0.86913764329763743,-0.60141185462026114,-0.062029259924900604,0.27136240921104915,-0.21136777038395449,-0.73785230219579168,0.011323933377284101,-0.58949168625399717,0.75590830860373814,0.50852347298385436,-0.82779467125564232,-0.34378547085494082
169,-0.76351189187717972,0.043020841091494955,0.21139198904509438,0.12175071453251296,-0.37348766829508029,0.64330870195742018,0.10141803575687103,0.16791733289594779,0.87639018968782345,-0.17685849007965126,0.096671691723802633,0.41805114955772216,0.27650859340528888,-0.52752104042645631,-0.12967005721045965,0.49260994687852788,-0.54721950267980413,0.27813776982938121,-0.81653540749125186,-0.82082175510670474
170,-0.94821322828507038,0.30583203284468463,0.2621542166573636,0.66038905277773075,-0.13987023260961373,0.74641121020353274,0.29431920961163893,0.83474628831974007,0.39999413950944795,-0.66969121712649815,0.69259765126915984,0.63262382976930032,-0.64669218256247096,-0.80676724718609516,-0.98002712988590335,0.38150092871049646,-0.17292831635599182,-0.25531835824039728,-0.26591373100972437,-0.61614376352954414
171,-0.86590385671859149,0.029465689703564779,0.18901012728321187,-0.24228900794412045,0.15399045448024862,0.36659722598185507,0.77040902968548641,-0.27568494749497052,-0.49568394008837435,-0.69828574232758478,0.41149876609853764,0.49913446106932624,-0.62773962388280813,-0.91026901846216601,0.20575188252711496,0.077812249462068106,0.68835192050861904,-0.86709603461816065,-0.63362991632254406,0.69935495042808626
172,-0.72636770967227871,0.54038701737387229,-0.28354360307859072,0.10736468086428674,-0.69414644055787145,0.7932655736937777,0.75236486621151299,0.58418523021479474,0.97937558496136834,-0.68925656980243888,0.52818750963314454,0.7985991615095589,0.085205711431973974,-0.15967495515511665,0.84983903446540965,0.4137664369180154,0.17663925857157636,-0.16306572060398783,-0.77768289727113538,-0.93125863289432576
173,-0.19603633708728596,0.033214771914900298,-0.00012447817489746882,0.071496568481528522,0.18724001667190593,0.78661624460060819,0.43280813514603733,0.30210807329348488,0.86913764329763743,-0.60141185462026114,-0.062029259924900604,0.27136240921104915,-0.21136777038395449,-0.73785230219579168,0.011323933377284101,-0.58949168625399717,0.75590830860373814,0.50852347298385436,-0.82779467125564232,-0.34378547085494082
174,-0.19603633708728596,0.033214771914900298,-0.00012447817489746882,0.071496568481528522,0.18724001667190593,0.78661624460060819,0.43280813514603733,0.30210807329348488,0.86913764329763743,-0.60141185462026114,-0.062029259924900604,0.27136240921104915,-0.21136777038395449,-0.73785230219579168,0.011323933377284101,-0.58949168625399717,0.75590830860373814,0.50852347298385436,-0.82779467125564232,-0.34378547085494082
175,-0.72636770967227871,0.54038701737387229,-0.28354360307859072,0.10736468086428674,-0.69414644055787145,0.7932655736937777,0.75236486621151299,0.58418523021479474,0.97937558496136834,-0.68925656980243888,0.52818750963314454,0.7985991615095589,0.085205711431973974,-0.15967495515511665,0.84983903446540965,0.4137664369180154,0.17663925857157636,-0.16306572060398783,-0.77768289727113538,-0.93125863289432576
176,-0.63089787384254525,0.6690818879892857,-0.040057718262865194,0.16654870751220341,-0.7305219398063405,0.58297437628817539,0.27165022287116192,-0.49831781558001675,0.055520079875316153,-0.91271550270220336,0.56078886964035046,-0.44877523643861394,-0.89279907737864139,-0.65252556285087171,-0.078290709643888734,-0.32520986969289178,0.70569138763054884,-0.84075997297232052,0.018942967105671116,0.15495311550536184
177,-0.19603633708728596,0.033214771914900298,-0.00012447817489746882,0.071496568481528522,0.18724001667190593,0.78661624460060819,0.43280813514603733,0.30210807329348488,0.86913764329763743,-0.60141185462026114,-0.062029259924900604,0.27136240921104915,-0.21136777038395449,-0.73785230219579168,0.011323933377284101,-0.58949168625399717,0.75590830860373814,0.50852347298385436,-0.82779467125564232,-0.34378547085494082
178,-0.19603633708728596,0.033214771914900298,-0.00012447817489746882,0.071496568481528522,0.18724001667190593,0.78661624460060819,0.43280813514603733,0.30210807329348488,0.86913764329763743,-0.60141185462026114,-0.062029259924900604,0.27136240921104915,-0.21136777038395449,-0.73785230219579168,0.011323933377284101,-0.58949168625399717,0.75590830860373814,0.50852347298385436,-0.82779467125564232,-0.34378547085494082
179,-0.43198269286860458,-0.21238551630076619,0.2399484016859077,0.16853940262526956,-0.52269272386509424,0.15285343181397049,0.71563956828136144,0.089565408548923475,0.40315760627385377,0.20097610486970741,0.20460863741505486,0.79520452248783968,-0.16353775673210036,-0.96384915830181161,0.010346778015448477,0.41871769284224625,-0.12820750606465503,-0.17365253035747474,-0.19756067189097859,-0.59077297147792018
180,-0.72636770967227871,0.54038701737387229,-0.28354360307859072,0.10736468086428674,-0.69414644055787145,0.7932655736937777,0.75236486621151299,0.58418523021479474,0.97937558496136834,-0.68925656980243888,0.52818750963314454,0.7985991615095589,0.085205711431973974,-0.15967495515511665,0.84983903446540965,0.4137664369180154,0.17663925857157636,-0.16306572060398783,-0.77768289727113538,-0.93125863289432576
181,-0.19603633708728596,0.033214771914900298,-0.00012447817489746882,0.071496568481528522,0.18724001667190593,0.78661624460060819,0.43280813514603733,0.30210807329348488,0.86913764329763743,-0.60141185462026114,-0.062029259924900604,0.27136240921104915,-0.21136777038395449,-0.73785230219579168,0.011323933377284101,-0.58949168625399717,0.75590830860373814,0.50852347298385436,-0.82779467125564232,-0.34378547085494082
182,-0.56152083477900305,-0.22281019935813107,0.23227853026221923,0.18124360262468309,-0.2956766394360637,0.084090887715422058,0.55795401820974511,-0.51093747852149063,0.69430229992397074,-0.061383681165818826,-0.6411015239724287,0.57735414835108378,-0.86143721858926936,-0.052518443093517719,0.18930056471455137,-0.12207800821616033,0.62616273177908988,0.14649522190299846,-0.7858492505753798,0.26159379976943264
183,-0.19603633708728596,0.033214771914900298,-0.00012447817489746882,0.071496568481528522,0.18724001667190593,0.78661624460060819,0.43280813514603733,0.30210807329348488,0.86913764329763743,-0.60141185462026114,-0.062029259924900604,0.27136240921104915,-0.21136777038395449,-0.73785230219579168,0.011323933377284101,-0.58949168625399717,0.75590830860373814,0.50852347298385436,-0.82779467125564232,-0.34378547085494082
184,-0.76351189187717972,0.043020841091494955,0.21139198904509438,0.12175071453251296,-0.37348766829508029,0.64330870195742018,0.10141803575687103,0.16791733289594779,0.87639018968782345,-0.17685849007965126,0.096671691723802633,0.41805114955772216,0.27650859340528888,-0.52752104042645631,-0.12967005721045965,0.49260994687852788,-0.54721950267980413,0.27813776982938121,-0.81653540749125186,-0.82082175510670474
185,-0.72636770967227871,0.54038701737387229,-0.28354360307859072,0.10736468086428674,-0.69414644055787145,0.7932655736937777,0.75236486621151299,0.58418523021479474,0.97937558496136834,-0.68925656980243888,0.52818750963314454,0.7985991615095589,0.085205711431973974,-0.15967495515511665,0.84983903446540965,0.4137664369180154,0.17663925857157636,-0.16306572060398783,-0.77768289727113538,-0.93125863289432576
186,-0.72636770967227871,0.54038701737387229,-0.28354360307859072,0.10736468086428674,-0.69414644055787145,0.7932655736937777,0.75236486621151299,0.58418523021479474,0.97937558496136834,-0.68925656980243888,0.52818750963314454,0.7985991615095589,0.085205711431973974,-0.15967495515511665,0.84983903446540965,0.4137664369180154,0.17663925857157636,-0.16306572060398783,-0.77768289727113538,-0.93125863289432576
187,-0.94821322828507038,0.30583203284468463,0.2621542166573636,0.66038905277773075,-0.13987023260961373,0.74641121020353274,0.29431920961163893,0.83474628831974007,0.39999413950944795,-0.66969121712649815,0.69259765126915984,0.63262382976930032,-0.64669218256247096,-0.80676724718609516,-0.98002712988590335,0.38150092871049646,-0.17292831635599182,-0.25531835824039728,-0.26591373100972437,-0.61614376352954414
188,-0.63089787384254525,0.6690818879892857,-0.040057718262865194,0.16654870751220341,-0.7305219398063405,0.58297437628817539,0.27165022287116192,-0.49831781558001675,0.055520079875316153,-0.91271550270220336,0.56078886964035046,-0.44877523643861394,-0.89279907737864139,-0.65252556285087171,-0.078290709643888734,-0.32520986969289178,0.70569138763054884,-0.84075997297232052,0.018942967105671116,0.15495311550536184
189,-0.43198269286860458,-0.21238551630076619,0.2399484016859077,0.16853940262526956,-0.52269272386509424,0.15285343181397049,0.71563956828136144,0.089565408548923475,0.40315760627385377,0.20097610486970741,0.20460863741505486,0.79520452248783968,-0.16353775673210036,-0.96384915830181161,0.010346778015448477,0.41871769284224625,-0.12820750606465503,-0.17365253035747474,-0.19756067189097859,-0.59077297147792018
190,-0.94821322828507038,0.30583203284468463,0.2621542166573636,0.66038905277773075,-0.13987023260961373,0.74641121020353274,0.29431920961163893,0.83474628831974007,0.39999413950944795,-0.66969121712649815,0.69259765126915984,0.63262382976930032,-0.64669218256247096,-0.80676724718609516,-0.98002712988590335,0.38150092871049646,-0.17292831635599182,-0.25531835824039728,-0.26591373100972437,-0.61614376352954414
191,-0.72636770967227871,0.54038701737387229,-0.28354360307859072,0.10736468086428674,-0.69414644055787145,0.7932655736937777,0.75236486621151299,0.58418523021479474,0.97937558496136834,-0.68925656980243888,0.52818750963314454,0.7985991615095589,0.085205711431973974,-0.15967495515511665,0.84983903446540965,0.4137664369180154,0.17663925857157636,-0.16306572060398783,-0.77768289727113538,-0.93125863289432576
192,-0.76351189187717972,0.043020841091494955,0.21139198904509438,0.12175071453251296,-0.37348766829508029,0.64330870195742018,0.10141803575687103,0.16791733289594779,0.87639018968782345,-0.17685849007965126,0.096671691723802633,0.41805114955772216,0.27650859340528888,-0.52752104042645631,-0.12967005721045965,0.49260994687852788,-0.54721950267980413,0.27813776982938121,-0.81653540749125186,-0.82082175510670474
193,-0.72636770967227871,0.54038701737387229,-0.28354360307859072,0.10736468086428674,-0.69414644055787145,0.7932655736937777,0.75236486621151299,0.58418523021479474,0.97937558496136834,-0.68925656980243888,0.52818750963314454,0.7985991615095589,0.085205711431973974,-0.15967495515511665,0.84983903446540965,0.4137664369180154,0.17663925857157636,-0.16306572060398783,-0.77768289727113538,-0.93125863289432576
194,-0.72636770967227871,0.54038701737387229,-0.28354360307859072,0.10736468086428674,-0.69414644055787145,0.7932655736937777,0.75236486621151299,0.58418523021479474,0.97937558496136834,-0.68925656980243888,0.52818750963314454,0.7985991615095589,0.085205711431973974,-0.15967495515511665,0.84983903446540965,0.4137664369180154,0.17663925857157636,-0.16306572060398783,-0.77768289727113538,-0.93125863289432576
195,-0.19603633708728596,0.033214771914900298,-0.00012447817489746882,0.071496568481528522,0.18724001667190593,0.78661624460060819,0.43280813514603733,0.30210807329348488,0.86913764329763743,-0.60141185462026114,-0.062029259924900604,0.27136240921104915,-0.21136777038395449,-0.73785230219579168,0.011323933377284101,-0.58949168625399717,0.75590830860373814,0.50852347298385436,-0.82779467125564232,-0.34378547085494082
196,-0.40204813210994672,0.97012886586845837,-0.40858206511089512,0.12025655994716145,-0.44185863222860799,0.32265173216690379,0.49448872637422303,-0.91893965899413188,0.68140335591697387,-0.58391430961205737,-0.33813110057875728,0.85536403948889728,-0.61117519873370085,0.10306857361765775,-0.054456393815342174,0.0044063693945028959,-0.29339723760030378,0.099878794500046331,-0.94064241413173977,-0.58558838705011329
197,-0.19603633708728596,0.033214771914900298,-0.00012447817489746882,0.071496568481528522,0.18724001667190593,0.78661624460060819,0.43280813514603733,0.30210807329348488,0.86913764329763743,-0.60141185462026114,-0.062029259924900604,0.27136240921104915,-0.21136777038395449,-0.73785230219579168,0.011323933377284101,-0.58949168625399717,0.75590830860373814,0.50852347298385436,-0.82779467125564232,-0.34378547085494082
198,-0.72636770967227871,0.54038701737387229,-0.28354360307859072,0.10736468086428674,-0.69414644055787145,0.7932655736937777,0.75236486621151299,0.58418523021479474,0.97937558496136834,-0.68925656980243888,0.52818750963314454,0.7985991615095589,0.085205711431973974,-0.15967495515511665,0.84983903446540965,0.4137664369180154,0.17663925857157636,-0.16306572060398783,-0.77768289727113538,-0.93125863289432576
199,-0.76351189187717972,0.043020841091494955,0.21139198904509438,0.12175071453251296,-0.37348766829508029,0.64330870195742018,0.10141803575687103,0.16791733289594779,0.87639018968782345,-0.17685849007965126,0.096671691723802633,0.41805114955772216,0.27650859340528888,-0.52752104042645631,-0.12967005721045965,0.49260994687852788,-0.54721950267980413,0.27813776982938121,-0.81653540749125186,-0.82082175510670474
200,-0.94821322828507038,0.30583203284468463,0.2621542166573636,0.66038905277773075,-0.13987023260961373,0.74641121020353274,0.29431920961163893,0.83474628831974007,0.39999413950944795,-0.66969121712649815,0.69259765126915984,0.63262382976930032,-0.64669218256247096,-0.80676724718609516,-0.98002712988590335,0.38150092871049646,-0.17292831635599182,-0.25531835824039728,-0.26591373100972437,-0.61614376352954414
201,-0.72636770967227871,0.54038701737387229,-0.28354360307859072,0.10736468086428674,-0.69414644055787145,0.7932655736937777,0.75236486621151299,0.58418523021479474,0.97937558496136834,-0.68925656980243888,0.52818750963314454,0.7985991615095589,0.085205711431973974,-0.15967495515511665,0.84983903446540965,0.4137664369180154,0.17663925857157636,-0.16306572060398783,-0.77768289727113538,-0.93125863289432576
202,-0.43198269286860458,-0.21238551630076619,0.2399484016859077,0.16853940262526956,-0.52269272386509424,0.15285343181397049,0.71563956828136144,0.089565408548923475,0.40315760627385377,0.20097610486970741,0.20460863741505486,0.79520452248783968,-0.16353775673210036,-0.96384915830181161,0.010346778015448477,0.41871769284224625,-0.12820750606465503,-0.17365253035747474,-0.19756067189097859,-0.59077297147792018
203,-0.19603633708728596,0.033214771914900298,-0.00012447817489746882,0.071496568481528522,0.18724001667190593,0.78661624460060819,0.43280813514603733,0.30210807329348488,0.86913764329763743,-0.60141185462026114,-0.062029259924900604,0.27136240921104915,-0.21136777038395449,-0.73785230219579168,0.011323933377284101,-0.58949168625399717,0.75590830860373814,0.50852347298385436,-0.82779467125564232,-0.34378547085494082
204,-0.94821322828507038,0.30583203284468463,0.2621542166573636,0.66038905277773075,-0.13987023260961373,0.74641121020353274,0.29431920961163893,0.83474628831974007,0.39999413950944795,-0.66969121712649815,0.69259765126915984,0.63262382976930032,-0.64669218256247096,-0.80676724718609516,-0.98002712988590335,0.38150092871049646,-0.17292831635599182,-0.25531835824039728,-0.26591373100972437,-0.61614376352954414
205,-0.19603633708728596,0.033214771914900298,-0.00012447817489746882,0.071496568481528522,0.18724001667190593,0.78661624460060819,0.43280813514603733,0.30210807329348488,0.86913764329763743,-0.60141185462026114,-0.062029259924900604,0.27136240921104915,-0.21136777038395449,-0.73785230219579168,0.011323933377284101,-0.58949168625399717,0.75590830860373814,0.50852347298385436,-0.82779467125564232,-0.34378547085494082
206,-0.63089787384254525,0.6690818879892857,-0.040057718262865194,0.16654870751220341,-0.7305219398063405,0.58297437628817539,0.27165022287116192,-0.49831781558001675,0.055520079875316153,-0.91271550270220336,0.56078886964035046,-0.44877523643861394,-0.89279907737864139,-0.65252556285087171,-0.078290709643888734,-0.32520986969289178,0.70569138763054884,-0.84075997297232052,0.018942967105671116,0.15495311550536184
207,-0.43198269286860458,-0.21238551630076619,0.2399484016859077,0.16853940262526956,-0.52269272386509424,0.15285343181397049,0.71563956828136144,0.089565408548923475,0.40315760627385377,0.20097610486970741,0.20460863741505486,0.79520452248783968,-0.16353775673210036,-0.96384915830181161,0.010346778015448477,0.41871769284224625,-0.12820750606465503,-0.17365253035747474,-0.19756067189097859,-0.59077297147792018
208,-0.72636770967227871,0.54038701737387229,-0.28354360307859072,0.10736468086428674,-0.69414644055787145,0.7932655736937777,0.75236486621151299,0.58418523021479474,0.97937558496136834,-0.68925656980243888,0.52818750963314454,0.7985991615095589,0.085205711431973974,-0.15967495515511665,0.84983903446540965,0.4137664369180154,0.17663925857157636,-0.16306572060398783,-0.77768289727113538,-0.93125863289432576
209,-0.72636770967227871,0.54038701737387229,-0.28354360307859072,0.10736468086428674,-0.69414644055787145,0.7932655736937777,0.75236486621151299,0.58418523021479474,0.97937558496136834,-0.68925656980243888,0.52818750963314454,0.7985991615095589,0.085205711431973974,-0.15967495515511665,0.84983903446540965,0.4137664369180154,0.17663925857157636,-0.16306572060398783,-0.77768289727113538,-0.93125863289432576
210,-0.19603633708728596,0.033214771914900298,-0.00012447817489746882,0.071496568481528522,0.18724001667190593,0.78661624460060819,0.43280813514603733,0.30210807329348488,0.86913764329763743,-0.60141185462026114,-0.062029259924900604,0.27136240921104915,-0.21136777038395449,-0.73785230219579168,0.011323933377284101,-0.58949168625399717,0.75590830860373814,0.50852347298385436,-0.82779467125564232,-0.34378547085494082
211,-0.72636770967227871,0.54038701737387229,-0.28354360307859072,0.10736468086428674,-0.69414644055787145,0.7932655736937777,0.75236486621151299,0.58418523021479474,0.97937558496136834,-0.68925656980243888,0.52818750963314454,0.7985991615095589,0.085205711431973974,-0.15967495515511665,0.84983903446540965,0.4137664369180154,0.17663925857157636,-0.16306572060398783,-0.77768289727113538,-0.93125863289432576
212,-0.76351189187717972,0.043020841091494955,0.21139198904509438,0.12175071453251296,-0.37348766829508029,0.64330870195742018,0.10141803575687103,0.16791733289594779,0.87639018968782345,-0.17685849007965126,0.096671691723802633,0.41805114955772216,0.27650859340528888,-0.52752104042645631,-0.12967005721045965,0.49260994687852788,-0.54721950267980413,0.27813776982938121,-0.81653540749125186,-0.82082175510670474
213,-0.74760628325054279,0.76068003056633327,-0.085709940128596562,0.19238059004854691,-0.87925703413445144,0.22442249609866671,0.94073673409967595,0.071873348678880289,-0.033584897852507511,-0.69712004200778543,0.098789847041494294,-0.33819585626673621,-0.40727313269015708,-0.00653311788091826,0.23031074625461034,-0.1210909723447724,0.7120631175957981,-0.97434632647981512,-0.86877750893841332,0.10451908061956017
214,-0.74760628325054279,0.76068003056633327,-0.085709940128596562,0.19238059004854691,-0.87925703413445144,0.22442249609866671,0.94073673409967595,0.071873348678880289,-0.033584897852507511,-0.69712004200778543,0.098789847041494294,-0.33819585626673621,-0.40727313269015708,-0.00653311788091826,0.23031074625461034,-0.1210909723447724,0.7120631175957981,-0.97434632647981512,-0.86877750893841332,0.10451908061956017
215,-0.43198269286860458,-0.21238551630076619,0.2399484016859077,0.16853940262526956,-0.52269272386509424,0.15285343181397049,0.71563956828136144,0.089565408548923475,0.40315760627385377,0.20097610486970741,0.20460863741505486,0.79520452248783968,-0.16353775673210036,-0.96384915830181161,0.010346778015448477,0.41871769284224625,-0.12820750606465503,-0.17365253035747474,-0.19756067189097859,-0.59077297147792018
216,-0.76017093163806759,0.40424598512626364,-0.0070530892610072282,-0.066986419356005689,-0.17868365318646351,0.46405382596431832,-0.43117074859865578,0.9966426014744949,0.96715068345081479,-0.36252101977014428,-0.28449133920829484,-0.50881056628243382,-0.83866810876260534,-0.23520691445309372,-0.23152062029368792,-0.012416957607701784,0.35161795445745003,-0.73155695991331982,-0.59963174874136072,-0.25471190774281105
217,-0.94821322828507038,0.30583203284468463,0.2621542166573636,0.66038905277773075,-0.13987023260961373,0.74641121020353274,0.29431920961163893,0.83474628831974007,0.39999413950944795,-0.66969121712649815,0.69259765126915984,0.63262382976930032,-0.64669218256247096,-0.80676724718609516,-0.98002712988590335,0.38150092871049646,-0.17292831635599182,-0.25531835824039728,-0.26591373100972437,-0.61614376352954414
218,-0.72636770967227871,0.54038701737387229,-0.28354360307859072,0.10736468086428674,-0.69414644055787145,0.7932655736937777,0.75236486621151299,0.58418523021479474,0.97937558496136834,-0.68925656980243888,0.52818750963314454,0.7985991615095589,0.085205711431973974,-0.15967495515511665,0.84983903446540965,0.4137664369180154,0.17663925857157636,-0.16306572060398783,-0.77768289727113538,-0.93125863289432576
219,-0.19603633708728596,0.033214771914900298,-0.00012447817489746882,0.071496568481528522,0.18724001667190593,0.78661624460060819,0.43280813514603733,0.30210807329348488,0.86913764329763743,-0.60141185462026114,-0.062029259924900604,0.27136240921104915,-0.21136777038395449,-0.73785230219579168,0.011323933377284101,-0.58949168625399717,0.75590830860373814,0.50852347298385436,-0.82779467125564232,-0.34378547085494082
220,-0.56152083477900305,-0.22281019935813107,0.23227853026221923,0.18124360262468309,-0.2956766394360637,0.084090887715422058,0.55795401820974511,-0.51093747852149063,0.69430229992397074,-0.061383681165818826,-0.6411015239724287,0.57735414835108378,-0.86143721858926936,-0.052518443093517719,0.18930056471455137,-0.12207800821616033,0.62616273177908988,0.14649522190299846,-0.7858492505753798,0.26159379976943264
221,-0.72636770967227871,0.54038701737387229,-0.28354360307859072,0.10736468086428674,-0.69414644055787145,0.7932655736937777,0.75236486621151299,0.58418523021479474,0.97937558496136834,-0.68925656980243888,0.52818750963314454,0.7985991615095589,0.085205711431973974,-0.15967495515511665,0.84983903446540965,0.4137664369180154,0.17663925857157636,-0.16306572060398783,-0.77768289727113538,-0.93125863289432576
222,-0.76351189187717972,0.043020841091494955,0.21139198904509438,0.12175071453251296,-0.37348766829508029,0.64330870195742018,0.10141803575687103,0.16791733289594779,0.87639018968782345,-0.17685849007965126,0.096671691723802633,0.41805114955772216,0.27650859340528888,-0.52752104042645631,-0.12967005721045965,0.49260994687852788,-0.54721950267980413,0.27813776982938121,-0.81653540749125186,-0.82082175510670474
223,-0.37347761690646286,0.81949582217949368,-0.45331784000150899,0.29103670584290131,-0.64661242236761662,0.46999705495934108,0.471911736712324,-0.089148229171130078,0.23201467065537829,-0.90761218432376189,0.057253726724245224,0.52807413670002989,-0.95179352030053432,-0.44575468210280023,-0.018077865699400508,0.050196605310799614,-0.80346177604529845,-0.3041079801574389,-0.21547475089389123,-0.51239991119572981
224,-0.76351189187717972,0.043020841091494955,0.21139198904509438,0.12175071453251296,-0.37348766829508029,0.64330870195742018,0.10141803575687103,0.16791733289594779,0.87639018968782345,-0.17685849007965126,0.096671691723802633,0.41805114955772216,0.27650859340528888,-0.52752104042645631,-0.12967005721045965,0.49260994687852788,-0.54721950267980413,0.27813776982938121,-0.81653540749125186,-0.82082175510670474
225,-0.19603633708728596,0.033214771914900298,-0.00012447817489746882,0.071496568481528522,0.18724001667190593,0.78661624460060819,0.43280813514603733,0.30210807329348488,0.86913764329763743,-0.60141185462026114,-0.062029259924900604,0.27136240921104915,-0.21136777038395449,-0.73785230219579168,0.011323933377284101,-0.58949168625399717,0.75590830860373814,0.50852347298385436,-0.82779467125564232,-0.34378547085494082
226,-0.72636770967227871,0.54038701737387229,-0.28354360307859072,0.10736468086428674,-0.69414644055787145,0.7932655736937777,0.75236486621151299,0.58418523021479474,0.97937558496136834,-0.68925656980243888,0.52818750963314454,0.7985991615095589,0.085205711431973974,-0.15967495515511665,0.84983903446540965,0.4137664369180154,0.17663925857157636,-0.16306572060398783,-0.77768289727113538,-0.93125863289432576
227,-0.43198269286860458,-0.21238551630076619,0.2399484016859077,0.16853940262526956,-0.52269272386509424,0.15285343181397049,0.71563956828136144,0.089565408548923475,0.40315760627385377,0.20097610486970741,0.20460863741505486,0.79520452248783968,-0.16353775673210036,-0.96384915830181161,0.010346778015448477,0.41871769284224625,-0.12820750606465503,-0.17365253035747474,-0.19756067189097859,-0.59077297147792018
228,-0.76351189187717972,0.043020841091494955,0.21139198904509438,0.12175071453251296,-0.37348766829508029,0.64330870195742018,0.10141803575687103,0.16791733289594779,0.87639018968782345,-0.17685849007965126,0.096671691723802633,0.41805114955772216,0.27650859340528888,-0.52752104042645631,-0.12967005721045965,0.49260994687852788,-0.54721950267980413,0.27813776982938121,-0.81653540749125186,-0.82082175510670474
229,-0.72636770967227871,0.54038701737387229,-0.28354360307859072,0.10736468086428674,-0.69414644055787145,0.7932655736937777,0.75236486621151299,0.58418523021479474,0.97937558496136834,-0.68925656980243888,0.52818750963314454,0.7985991615095589,0.085205711431973974,-0.15967495515511665,0.84983903446540965,0.4137664369180154,0.17663925857157636,-0.16306572060398783,-0.77768289727113538,-0.93125863289432576
230,-0.94821322828507038,0.30583203284468463,0.2621542166573636,0.66038905277773075,-0.13987023260961373,0.74641121020353274,0.29431920961163893,0.83474628831974007,0.39999413950944795,-0.66969121712649815,0.69259765126915984,0.63262382976930032,-0.64669218256247096,-0.80676724718609516,-0.98002712988590335,0.38150092871049646,-0.17292831635599182,-0.25531835824039728,-0.26591373100972437,-0.61614376352954414
231,-0.76351189187717972,0.043020841091494955,0.21139198904509438,0.12175071453251296,-0.37348766829508029,0.64330870195742018,0.10141803575687103,0.16791733289594779,0.87639018968782345,-0.17685849007965126,0.096671691723802633,0.41805114955772216,0.27650859340528888,-0.52752104042645631,-0.12967005721045965,0.49260994687852788,-0.54721950267980413,0.27813776982938121,-0.81653540749125186,-0.82082175510670474
232,-0.94821322828507038,0.30583203284468463,0.2621542166573636,0.66038905277773075,-0.13987023260961373,0.74641121020353274,0.29431920961163893,0.83474628831974007,0.39999413950944795,-0.66969121712649815,0.69259765126915984,0.63262382976930032,-0.64669218256247096,-0.80676724718609516,-0.98002712988590335,0.38150092871049646,-0.17292831635599182,-0.25531835824039728,-0.26591373100972437,-0.61614376352954414
233,-0.76351189187717972,0.043020841091494955,0.21139198904509438,0.12175071453251296,-0.37348766829508029,0.64330870195742018,0.10141803575687103,0.16791733289594779,0.87639018968782345,-0.17685849007965126,0.096671691723802633,0.41805114955772216,0.27650859340528888,-0.52752104042645631,-0.12967005721045965,0.49260994687852788,-0.54721950267980413,0.27813776982938121,-0.81653540749125186,-0.82082175510670474
234,-0.72636770967227871,0.54038701737387229,-0.28354360307859072,0.10736468086428674,-0.69414644055787145,0.7932655736937777,0.75236486621151299,0.58418523021479474,0.97937558496136834,-0.68925656980243888,0.52818750963314454,0.7985991615095589,0.085205711431973974,-0.15967495515511665,0.84983903446540965,0.4137664369180154,0.17663925857157636,-0.16306572060398783,-0.77768289727113538,-0.93125863289432576
235,-0.72636770967227871,0.54038701737387229,-0.28354360307859072,0.10736468086428674,-0.69414644055787145,0.7932655736937777,0.75236486621151299,0.58418523021479474,0.97937558496136834,-0.68925656980243888,0.52818750963314454,0.7985991615095589,0.085205711431973974,-0.15967495515511665,0.84983903446540965,0.4137664369180154,0.17663925857157636,-0.16306572060398783,-0.77768289727113538,-0.93125863289432576
236,-0.72636770967227871,0.54038701737387229,-0.28354360307859072,0.10736468086428674,-0.69414644055787145,0.7932655736937777,0.75236486621151299,0.58418523021479474,0.97937558496136834,-0.68925656980243888,0.52818750963314454,0.7985991615095589,0.085205711431973974,-0.15967495515511665,0.84983903446540965,0.4137664369180154,0.17663925857157636,-0.16306572060398783,-0.77768289727113538,-0.93125863289432576
237,-0.72636770967227871,0.54038701737387229,-0.28354360307859072,0.10736468086428674,-0.69414644055787145,0.7932655736937777,0.75236486621151299,0.58418523021479474,0.97937558496136834,-0.68925656980243888,0.52818750963314454,0.7985991615095589,0.085205711431973974,-0.15967495515511665,0.84983903446540965,0.4137664369180154,0.17663925857157636,-0.16306572060398783,-0.77768289727113538,-0.93125863289432576
238,-0.59073706383365265,0.12354596438561294,0.0086269858054444093,-0.26161113376544698,0.67192538523758483,0.76618177938655729,0.5141000161450231,0.068356894883264019,0.056732580546063227,-0.22794487027123966,0.26327961464225136,0.41104244349122721,-0.030951702178711571,-0.19295209943571634,-0.50653383830342236,0.52932033689943503,0.008987324626093196,-0.80852768604781522,-0.71646106751974492,-0.53466874994215963
239,-0.19603633708728596,0.033214771914900298,-0.00012447817489746882,0.071496568481528522,0.18724001667190593,0.78661624460060819,0.43280813514603733,0.30210807329348488,0.86913764329763743,-0.60141185462026114,-0.062029259924900604,0.27136240921104915,-0.21136777038395449,-0.73785230219579168,0.011323933377284101,-0.58949168625399717,0.75590830860373814,0.50852347298385436,-0.82779467125564232,-0.34378547085494082
240,-0.56152083477900305,-0.22281019935813107,0.23227853026221923,0.18124360262468309,-0.2956766394360637,0.084090887715422058,0.55795401820974511,-0.51093747852149063,0.69430229992397074,-0.061383681165818826,-0.6411015239724287,0.57735414835108378,-0.86143721858926936,-0.052518443093517719,0.18930056471455137,-0.12207800821616033,0.62616273177908988,0.14649522190299846,-0.7858492505753798,0.26159379976943264
241,-0.72636770967227871,0.54038701737387229,-0.28354360307859072,0.10736468086428674,-0.69414644055787145,0.7932655736937777,0.75236486621151299,0.58418523021479474,0.97937558496136834,-0.68925656980243888,0.52818750963314454,0.7985991615095589,0.085205711431973974,-0.15967495515511665,0.84983903446540965,0.4137664369180154,0.17663925857157636,-0.16306572060398783,-0.77768289727113538,-0.93125863289432576
242,-0.40204813210994672,0.97012886586845837,-0.40858206511089512,0.12025655994716145,-0.44185863222860799,0.32265173216690379,0.49448872637422303,-0.91893965899413188,0.68140335591697387,-0.58391430961205737,-0.33813110057875728,0.85536403948889728,-0.61117519873370085,0.10306857361765775,-0.054456393815342174,0.0044063693945028959,-0.29339723760030378,0.099878794500046331,-0.94064241413173977,-0.58558838705011329
243,-0.72636770967227871,0.54038701737387229,-0.28354360307859072,0.10736468086428674,-0.69414644055787145,0.7932655736937777,0.75236486621151299,0.58418523021479474,0.97937558496136834,-0.68925656980243888,0.52818750963314454,0.7985991615095589,0.085205711431973974,-0.15967495515511665,0.84983903446540965,0.4137664369180154,0.17663925857157636,-0.16306572060398783,-0.77768289727113538,-0.93125863289432576
244,-0.43023911094401468,0.68247206985562325,-0.32557838531489769,0.035752200723020211,-0.10616844609952802,0.82649749094401503,-0.49076781393311175,-0.84231095464553918,0.45026469807801872,-0.97081365165082323,-0.88809443029591129,0.036610733416947649,0.1568898850823619,-0.44469931892553305,-0.048998176758696221,-0.0038673092977317136,0.52680092729315131,-0.40046078314612488,-0.45829225254831796,0.71282316512906241
245,-0.43198269286860458,-0.21238551630076619,0.2399484016859077,0.16853940262526956,-0.52269272386509424,0.15285343181397049,0.71563956828136144,0.089565408548923475,0.40315760627385377,0.20097610486970741,0.20460863741505486,0.79520452248783968,-0.16353775673210036,-0.96384915830181161,0.010346778015448477,0.41871769284224625,-0.12820750606465503,-0.17365253035747474,-0.19756067189097859,-0.59077297147792018
246,-0.72636770967227871,0.54038701737387229,-0.28354360307859072,0.10736468086428674,-0.69414644055787145,0.7932655736937777,0.75236486621151299,0.58418523021479474,0.97937558496136834,-0.68925656980243888,0.52818750963314454,0.7985991615095589,0.085205711431973974,-0.15967495515511665,0.84983903446540965,0.4137664369180154,0.17663925857157636,-0.16306572060398783,-0.77768289727113538,-0.93125863289432576
247,-0.72636770967227871,0.54038701737387229,-0.28354360307859072,0.10736468086428674,-0.69414644055787145,0.7932655736937777,0.75236486621151299,0.58418523021479474,0.97937558496136834,-0.68925656980243888,0.52818750963314454,0.7985991615095589,0.085205711431973974,-0.15967495515511665,0.84983903446540965,0.4137664369180154,0.17663925857157636,-0.16306572060398783,-0.77768289727113538,-0.93125863289432576
248,-0.72636770967227871,0.54038701737387229,-0.28354360307859072,0.10736468086428674,-0.69414644055787145,0.7932655736937777,0.75236486621151299,0.58418523021479474,0.97937558496136834,-0.68925656980243888,0.52818750963314454,0.7985991615095589,0.085205711431973974,-0.15967495515511665,0.84983903446540965,0.4137664369180154,0.17663925857157636,-0.16306572060398783,-0.77768289727113538,-0.93125863289432576
249,-0.74760628325054279,0.76068003056633327,-0.085709940128596562,0.19238059004854691,-0.87925703413445144,0.22442249609866671,0.94073673409967595,0.071873348678880289,-0.033584897852507511,-0.69712004200778543,0.098789847041494294,-0.33819585626673621,-0.40727313269015708,-0.00653311788091826,0.23031074625461034,-0.1210909723447724,0.7120631175957981,-0.97434632647981512,-0.86877750893841332,0.10451908061956017
250,-0.72636770967227871,0.54038701737387229,-0.28354360307859072,0.10736468086428674,-0.69414644055787145,0.7932655736937777,0.75236486621151299,0.58418523021479474,0.97937558496136834,-0.68925656980243888,0.52818750963314454,0.7985991615095589,0.085205711431973974,-0.15967495515511665,0.84983903446540965,0.4137664369180154,0.17663925857157636,-0.16306572060398783,-0.77768289727113538,-0.93125863289432576
251,-0.76351189187717972,0.043020841091494955,0.21139198904509438,0.12175071453251296,-0.37348766829508029,0.64330870195742018,0.10141803575687103,0.16791733289594779,0.87639018968782345,-0.17685849007965126,0.096671691723802633,0.41805114955772216,0.27650859340528888,-0.52752104042645631,-0.12967005721045965,0.49260994687852788,-0.54721950267980413,0.27813776982938121,-0.81653540749125186,-0.82082175510670474
252,-0.19603633708728596,0.033214771914900298,-0.00012447817489746882,0.071496568481528522,0.18724001667190593,0.78661624460060819,0.43280813514603733,0.30210807329348488,0.86913764329763743,-0.60141185462026114,-0.062029259924900604,0.27136240921104915,-0.21136777038395449,-0.73785230219579168,0.011323933377284101,-0.58949168625399717,0.75590830860373814,0.50852347298385436,-0.82779467125564232,-0.34378547085494082
253,-0.43198269286860458,-0.21238551630076619,0.2399484016859077,0.16853940262526956,-0.52269272386509424,0.15285343181397049,0.71563956828136144,0.089565408548923475,0.40315760627385377,0.20097610486970741,0.20460863741505486,0.79520452248783968,-0.16353775673210036,-0.96384915830181161,0.010346778015448477,0.41871769284224625,-0.12820750606465503,-0.17365253035747474,-0.19756067189097859,-0.59077297147792018
254,-0.94821322828507038,0.30583203284468463,0.2621542166573636,0.66038905277773075,-0.13987023260961373,0.74641121020353274,0.29431920961163893,0.83474628831974007,0.39999413950944795,-0.66969121712649815,0.69259765126915984,0.63262382976930032,-0.64669218256247096,-0.80676724718609516,-0.98002712988590335,0.38150092871049646,-0.17292831635599182,-0.25531835824039728,-0.26591373100972437,-0.61614376352954414
255,-0.94821322828507038,0.30583203284468463,0.2621542166573636,0.66038905277773075,-0.13987023260961373,0.74641121020353274,0.29431920961163893,0.83474628831974007,0.39999413950944795,-0.66969121712649815,0.69259765126915984,0.63262382976930032,-0.64669218256247096,-0.80676724718609516,-0.98002712988590335,0.38150092871049646,-0.17292831635599182,-0.25531835824039728,-0.26591373100972437,-0.61614376352954414
256,-0.76351189187717972,0.043020841091494955,0.21139198904509438,0.12175071453251296,-0.37348766829508029,0.64330870195742018,0.10141803575687103,0.16791733289594779,0.87639018968782345,-0.17685849007965126,0.096671691723802633,0.41805114955772216,0.27650859340528888,-0.52752104042645631,-0.12967005721045965,0.49260994687852788,-0.54721950267980413,0.27813776982938121,-0.81653540749125186,-0.82082175510670474
257,-0.76351189187717972,0.043020841091494955,0.21139198904509438,0.12175071453251296,-0.37348766829508029,0.64330870195742018,0.10141803575687103,0.16791733289594779,0.87639018968782345,-0.17685849007965126,0.096671691723802633,0.41805114955772216,0.27650859340528888,-0.52752104042645631,-0.12967005721045965,0.49260994687852788,-0.54721950267980413,0.27813776982938121,-0.81653540749125186,-0.82082175510670474
258,-0.43198269286860458,-0.21238551630076619,0.2399484016859077,0.16853940262526956,-0.52269272386509424,0.15285343181397049,0.71563956828136144,0.089565408548923475,0.40315760627385377,0.20097610486970741,0.20460863741505486,0.79520452248783968,-0.16353775673210036,-0.96384915830181161,0.010346778015448477,0.41871769284224625,-0.12820750606465503,-0.17365253035747474,-0.19756067189097859,-0.59077297147792018
259,-0.76351189187717972,0.043020841091494955,0.21139198904509438,0.12175071453251296,-0.37348766829508029,0.64330870195742018,0.10141803575687103,0.16791733289594779,0.87639018968782345,-0.17685849007965126,0.096671691723802633,0.41805114955772216,0.27650859340528888,-0.52752104042645631,-0.12967005721045965,0.49260994687852788,-0.54721950267980413,0.27813776982938121,-0.81653540749125186,-0.82082175510670474
260,-0.19603633708728596,0.033214771914900298,-0.00012447817489746882,0.071496568481528522,0.18724001667190593,0.78661624460060819,0.43280813514603733,0.30210807329348488,0.86913764329763743,-0.60141185462026114,-0.062029259924900604,0.27136240921104915,-0.21136777038395449,-0.73785230219579168,0.011323933377284101,-0.58949168625399717,0.75590830860373814,0.50852347298385436,-0.82779467125564232,-0.34378547085494082
261,-0.19603633708728596,0.033214771914900298,-0.00012447817489746882,0.071496568481528522,0.18724001667190593,0.78661624460060819,0.43280813514603733,0.30210807329348488,0.86913764329763743,-0.60141185462026114,-0.062029259924900604,0.27136240921104915,-0.21136777038395449,-0.73785230219579168,0.011323933377284101,-0.58949168625399717,0.75590830860373814,0.50852347298385436,-0.82779467125564232,-0.34378547085494082
262,-0.72636770967227871,0.54038701737387229,-0.28354360307859072,0.10736468086428674,-0.69414644055787145,0.7932655736937777,0.75236486621151299,0.58418523021479474,0.97937558496136834,-0.68925656980243888,0.52818750963314454,0.7985991615095589,0.085205711431973974,-0.15967495515511665,0.84983903446540965,0.4137664369180154,0.17663925857157636,-0.16306572060398783,-0.77768289727113538,-0.93125863289432576
263,-0.76017093163806759,0.40424598512626364,-0.0070530892610072282,-0.066986419356005689,-0.17868365318646351,0.46405382596431832,-0.43117074859865578,0.9966426014744949,0.96715068345081479,-0.36252101977014428,-0.28449133920829484,-0.50881056628243382,-0.83866810876260534,-0.23520691445309372,-0.23152062029368792,-0.012416957607701784,0.35161795445745003,-0.73155695991331982,-0.59963174874136072,-0.25471190774281105
264,-0.19603633708728596,0.033214771914900298,-0.00012447817489746882,0.071496568481528522,0.18724001667190593,0.78661624460060819,0.43280813514603733,0.30210807329348488,0.86913764329763743,-0.60141185462026114,-0.062029259924900604,0.27136240921104915,-0.21136777038395449,-0.73785230219579168,0.011323933377284101,-0.58949168625399717,0.75590830860373814,0.50852347298385436,-0.82779467125564232,-0.34378547085494082
265,-0.43198269286860458,-0.21238551630076619,0.2399484016859077,0.16853940262526956,-0.52269272386509424,0.15285343181397049,0.71563956828136144,0.089565408548923475,0.40315760627385377,0.20097610486970741,0.20460863741505486,0.79520452248783968,-0.16353775673210036,-0.96384915830181161,0.010346778015448477,0.41871769284224625,-0.12820750606465503,-0.17365253035747474,-0.19756067189097859,-0.59077297147792018
266,-0.76351189187717972,0.043020841091494955,0.21139198904509438,0.12175071453251296,-0.37348766829508029,0.64330870195742018,0.10141803575687103,0.16791733289594779,0.87639018968782345,-0.17685849007965126,0.096671691723802633,0.41805114955772216,0.27650859340528888,-0.52752104042645631,-0.12967005721045965,0.49260994687852788,-0.54721950267980413,0.27813776982938121,-0.81653540749125186,-0.82082175510670474
267,-0.72636770967227871,0.54038701737387229,-0.28354360307859072,0.10736468086428674,-0.69414644055787145,0.7932655736937777,0.75236486621151299,0.58418523021479474,0.97937558496136834,-0.68925656980243888,0.52818750963314454,0.7985991615095589,0.085205711431973974,-0.15967495515511665,0.84983903446540965,0.4137664369180154,0.17663925857157636,-0.16306572060398783,-0.77768289727113538,-0.93125863289432576
268,-0.36134180239605218,0.77612929670661601,-0.35771031015149268,0.073182135334639797,-0.44888168689984642,0.81391388279148291,0.22305587355580281,0.49392803278298447,0.73683710259093593,0.2501242905639911,-0.80806046678865195,0.54024673220578334,-0.97499640239659136,-0.87639372719856978,0.69418046477515216,-0.16912494147859802,-0.11035079476520337,-0.60797022667821032,-0.65600674785421664,0.52608754456504792
269,-0.72636770967227871,0.54038701737387229,-0.28354360307859072,0.10736468086428674,-0.69414644055787145,0.7932655736937777,0.75236486621151299,0.58418523021479474,0.97937558496136834,-0.68925656980243888,0.52818750963314454,0.7985991615095589,0.085205711431973974,-0.15967495515511665,0.84983903446540965,0.4137664369180154,0.17663925857157636,-0.16306572060398783,-0.77768289727113538,-0.93125863289432576
270,-0.72636770967227871,0.54038701737387229,-0.28354360307859072,0.10736468086428674,-0.69414644055787145,0.7932655736937777,0.75236486621151299,0.58418523021479474,0.97937558496136834,-0.68925656980243888,0.52818750963314454,0.7985991615095589,0.085205711431973974,-0.15967495515511665,0.84983903446540965,0.4137664369180154,0.17663925857157636,-0.16306572060398783,-0.77768289727113538,-0.93125863289432576
271,-0.43023911094401468,0.68247206985562325,-0.32557838531489769,0.035752200723020211,-0.10616844609952802,0.82649749094401503,-0.49076781393311175,-0.84231095464553918,0.45026469807801872,-0.97081365165082323,-0.88809443029591129,0.036610733416947649,0.1568898850823619,-0.44469931892553305,-0.048998176758696221,-0.0038673092977317136,0.52680092729315131,-0.40046078314612488,-0.45829225254831796,0.71282316512906241
272,-0.72636770967227871,0.54038701737387229,-0.28354360307859072,0.10736468086428674,-0.69414644055787145,0.7932655736937777,0.75236486621151299,0.58418523021479474,0.97937558496136834,-0.68925656980243888,0.52818750963314454,0.7985991615095589,0.085205711431973974,-0.15967495515511665,0.84983903446540965,0.4137664369180154,0.17663925857157636,-0.16306572060398783,-0.77768289727113538,-0.93125863289432576
273,-0.76351189187717972,0.043020841091494955,0.21139198904509438,0.12175071453251296,-0.37348766829508029,0.64330870195742018,0.10141803575687103,0.16791733289594779,0.87639018968782345,-0.17685849007965126,0.096671691723802633,0.41805114955772216,0.27650859340528888,-0.52752104042645631,-0.12967005721045965,0.49260994687852788,-0.54721950267980413,0.27813776982938121,-0.81653540749125186,-0.82082175510670474
274,-0.59073706383365265,0.12354596438561294,0.0086269858054444093,-0.26161113376544698,0.67192538523758483,0.76618177938655729,0.5141000161450231,0.068356894883264019,0.056732580546063227,-0.22794487027123966,0.26327961464225136,0.41104244349122721,-0.030951702178711571,-0.19295209943571634,-0.50653383830342236,0.52932033689943503,0.008987324626093196,-0.80852768604781522,-0.71646106751974492,-0.53466874994215963
275,-0.72636770967227871,0.54038701737387229,-0.28354360307859072,0.10736468086428674,-0.69414644055787145,0.7932655736937777,0.75236486621151299,0.58418523021479474,0.97937558496136834,-0.68925656980243888,0.52818750963314454,0.7985991615095589,0.085205711431973974,-0.15967495515511665,0.84983903446540965,0.4137664369180154,0.17663925857157636,-0.16306572060398783,-0.77768289727113538,-0.93125863289432576
276,-0.72636770967227871,0.54038701737387229,-0.28354360307859072,0.10736468086428674,-0.69414644055787145,0.7932655736937777,0.75236486621151299,0.58418523021479474,0.97937558496136834,-0.68925656980243888,0.52818750963314454,0.7985991615095589,0.085205711431973974,-0.15967495515511665,0.84983903446540965,0.4137664369180154,0.17663925857157636,-0.16306572060398783,-0.77768289727113538,-0.93125863289432576
277,-0.72636770967227871,0.54038701737387229,-0.28354360307859072,0.10736468086428674,-0.69414644055787145,0.7932655736937777,0.75236486621151299,0.58418523021479474,0.97937558496136834,-0.68925656980243888,0.52818750963314454,0.7985991615095589,0.085205711431973974,-0.15967495515511665,0.84983903446540965,0.4137664369180154,0.17663925857157636,-0.16306572060398783,-0.77768289727113538,-0.93125863289432576
278,-0.72636770967227871,0.54038701737387229,-0.28354360307859072,0.10736468086428674,-0.69414644055787145,0.7932655736937777,0.75236486621151299,0.58418523021479474,0.97937558496136834,-0.68925656980243888,0.52818750963314454,0.7985991615095589,0.085205711431973974,-0.15967495515511665,0.84983903446540965,0.4137664369180154,0.17663925857157636,-0.16306572060398783,-0.77768289727113538,-0.93125863289432576
279,-0.56152083477900305,-0.22281019935813107,0.23227853026221923,0.18124360262468309,-0.2956766394360637,0.084090887715422058,0.55795401820974511,-0.51093747852149063,0.69430229992397074,-0.061383681165818826,-0.6411015239724287,0.57735414835108378,-0.86143721858926936,-0.052518443093517719,0.18930056471455137,-0.12207800821616033,0.62616273177908988,0.14649522190299846,-0.7858492505753798,0.26159379976943264
280,-0.86590385671859149,0.029465689703564779,0.18901012728321187,-0.24228900794412045,0.15399045448024862,0.36659722598185507,0.77040902968548641,-0.27568494749497052,-0.49568394008837435,-0.69828574232758478,0.41149876609853764,0.49913446106932624,-0.62773962388280813,-0.91026901846216601,0.20575188252711496,0.077812249462068106,0.68835192050861904,-0.86709603461816065,-0.63362991632254406,0.69935495042808626
281,-0.19603633708728596,0.033214771914900298,-0.00012447817489746882,0.071496568481528522,0.18724001667190593,0.78661624460060819,0.43280813514603733,0.30210807329348488,0.86913764329763743,-0.60141185462026114,-0.062029259924900604,0.27136240921104915,-0.21136777038395449,-0.73785230219579168,0.011323933377284101,-0.58949168625399717,0.75590830860373814,0.50852347298385436,-0.82779467125564232,-0.34378547085494082
282,-0.72636770967227871,0.54038701737387229,-0.28354360307859072,0.10736468086428674,-0.69414644055787145,0.7932655736937777,0.75236486621151299,0.58418523021479474,0.97937558496136834,-0.68925656980243888,0.52818750963314454,0.7985991615095589,0.085205711431973974,-0.15967495515511665,0.84983903446540965,0.4137664369180154,0.17663925857157636,-0.16306572060398783,-0.77768289727113538,-0.93125863289432576
283,-0.72636770967227871,0.54038701737387229,-0.28354360307859072,0.10736468086428674,-0.69414644055787145,0.7932655736937777,0.75236486621151299,0.58418523021479474,0.97937558496136834,-0.68925656980243888,0.52818750963314454,0.7985991615095589,0.085205711431973974,-0.15967495515511665,0.84983903446540965,0.4137664369180154,0.17663925857157636,-0.16306572060398783,-0.77768289727113538,-0.93125863289432576
284,-0.72636770967227871,0.54038701737387229,-0.28354360307859072,0.10736468086428674,-0.69414644055787145,0.7932655736937777,0.75236486621151299,0.58418523021479474,0.97937558496136834,-0.68925656980243888,0.52818750963314454,0.7985991615095589,0.085205711431973974,-0.15967495515511665,0.84983903446540965,0.4137664369180154,0.17663925857157636,-0.16306572060398783,-0.77768289727113538,-0.93125863289432576
285,-0.19603633708728596,0.033214771914900298,-0.00012447817489746882,0.071496568481528522,0.18724001667190593,0.78661624460060819,0.43280813514603733,0.30210807329348488,0.86913764329763743,-0.60141185462026114,-0.062029259924900604,0.27136240921104915,-0.21136777038395449,-0.73785230219579168,0.011323933377284101,-0.58949168625399717,0.75590830860373814,0.50852347298385436,-0.82779467125564232,-0.34378547085494082
286,-0.76351189187717972,0.043020841091494955,0.21139198904509438,0.12175071453251296,-0.37348766829508029,0.64330870195742018,0.10141803575687103,0.16791733289594779,0.87639018968782345,-0.17685849007965126,0.096671691723802633,0.41805114955772216,0.27650859340528888,-0.52752104042645631,-0.12967005721045965,0.49260994687852788,-0.54721950267980413,0.27813776982938121,-0.81653540749125186,-0.82082175510670474
287,-0.76351189187717972,0.043020841091494955,0.21139198904509438,0.12175071453251296,-0.37348766829508029,0.64330870195742018,0.10141803575687103,0.16791733289594779,0.87639018968782345,-0.17685849007965126,0.096671691723802633,0.41805114955772216,0.27650859340528888,-0.52752104042645631,-0.12967005721045965,0.49260994687852788,-0.54721950267980413,0.27813776982938121,-0.81653540749125186,-0.82082175510670474
288,-0.72636770967227871,0.54038701737387229,-0.28354360307859072,0.10736468086428674,-0.69414644055787145,0.7932655736937777,0.75236486621151299,0.58418523021479474,0.97937558496136834,-0.68925656980243888,0.52818750963314454,0.7985991615095589,0.085205711431973974,-0.15967495515511665,0.84983903446540965,0.4137664369180154,0.17663925857157636,-0.16306572060398783,-0.77768289727113538,-0.93125863289432576
289,-0.76351189187717972,0.043020841091494955,0.21139198904509438,0.12175071453251296,-0.37348766829508029,0.64330870195742018,0.10141803575687103,0.16791733289594779,0.87639018968782345,-0.17685849007965126,0.096671691723802633,0.41805114955772216,0.27650859340528888,-0.52752104042645631,-0.12967005721045965,0.49260994687852788,-0.54721950267980413,0.27813776982938121,-0.81653540749125186,-0.82082175510670474
290,-0.19603633708728596,0.033214771914900298,-0.00012447817489746882,0.071496568481528522,0.18724001667190593,0.78661624460060819,0.43280813514603733,0.30210807329348488,0.86913764329763743,-0.60141185462026114,-0.062029259924900604,0.27136240921104915,-0.21136777038395449,-0.73785230219579168,0.011323933377284101,-0.58949168625399717,0.75590830860373814,0.50852347298385436,-0.82779467125564232,-0.34378547085494082
291,-0.44212273820108261,0.020448622569188446,-0.24851073779141797,-0.23382612683166837,0.035399033313846529,0.58168131205356777,0.92367813754167161,0.8316229725249864,-0.38182165820096525,-0.92481656225776798,0.85521322740656269,-0.12280443554780596,-0.24750034458659087,-0.96040352487087222,-0.88556418734997333,-0.65987364717947194,-0.59416684342949799,-0.55303632155067062,0.20554421078513219,-0.63504964274035891
292,-0.72636770967227871,0.54038701737387229,-0.28354360307859072,0.10736468086428674,-0.69414644055787145,0.7932655736937777,0.75236486621151299,0.58418523021479474,0.97937558496136834,-0.68925656980243888,0.52818750963314454,0.7985991615095589,0.085205711431973974,-0.15967495515511665,0.84983903446540965,0.4137664369180154,0.17663925857157636,-0.16306572060398783,-0.77768289727113538,-0.93125863289432576
293,-0.72636770967227871,0.54038701737387229,-0.28354360307859072,0.10736468086428674,-0.69414644055787145,0.7932655736937777,0.75236486621151299,0.58418523021479474,0.97937558496136834,-0.68925656980243888,0.52818750963314454,0.7985991615095589,0.085205711431973974,-0.15967495515511665,0.84983903446540965,0.4137664369180154,0.17663925857157636,-0.16306572060398783,-0.77768289727113538,-0.93125863289432576
294,-0.19603633708728596,0.033214771914900298,-0.00012447817489746882,0.071496568481528522,0.18724001667190593,0.78661624460060819,0.43280813514603733,0.30210807329348488,0.86913764329763743,-0.60141185462026114,-0.062029259924900604,0.27136240921104915,-0.21136777038395449,-0.73785230219579168,0.011323933377284101,-0.58949168625399717,0.75590830860373814,0.50852347298385436,-0.82779467125564232,-0.34378547085494082
295,-0.94821322828507038,0.30583203284468463,0.2621542166573636,0.66038905277773075,-0.13987023260961373,0.74641121020353274,0.29431920961163893,0.83474628831974007,0.39999413950944795,-0.66969121712649815,0.69259765126915984,0.63262382976930032,-0.64669218256247096,-0.80676724718609516,-0.98002712988590335,0.38150092871049646,-0.17292831635599182,-0.25531835824039728,-0.26591373100972437,-0.61614376352954414
296,-0.76351189187717972,0.043020841091494955,0.21139198904509438,0.12175071453251296,-0.37348766829508029,0.64330870195742018,0.10141803575687103,0.16791733289594779,0.87639018968782345,-0.17685849007965126,0.096671691723802633,0.41805114955772216,0.27650859340528888,-0.52752104042645631,-0.12967005721045965,0.49260994687852788,-0.54721950267980413,0.27813776982938121,-0.81653540749125186,-0.82082175510670474
297,-0.94821322828507038,0.30583203284468463,0.2621542166573636,0.66038905277773075,-0.13987023260961373,0.74641121020353274,0.29431920961163893,0.83474628831974007,0.39999413950944795,-0.66969121712649815,0.69259765126915984,0.63262382976930032,-0.64669218256247096,-0.80676724718609516,-0.98002712988590335,0.38150092871049646,-0.17292831635599182,-0.25531835824039728,-0.26591373100972437,-0.61614376352954414
298,-0.72636770967227871,0.54038701737387229,-0.28354360307859072,0.10736468086428674,-0.69414644055787145,0.7932655736937777,0.75236486621151299,0.58418523021479474,0.97937558496136834,-0.68925656980243888,0.52818750963314454,0.7985991615095589,0.085205711431973974,-0.15967495515511665,0.84983903446540965,0.4137664369180154,0.17663925857157636,-0.16306572060398783,-0.77768289727113538,-0.93125863289432576
299,-0.76351189187717972,0.043020841091494955,0.21139198904509438,0.12175071453251296,-0.37348766829508029,0.64330870195742018,0.10141803575687103,0.16791733289594779,0.87639018968782345,-0.17685849007965126,0.096671691723802633,0.41805114955772216,0.27650859340528888,-0.52752104042645631,-0.12967005721045965,0.49260994687852788,-0.54721950267980413,0.27813776982938121,-0.81653540749125186,-0.82082175510670474
300,-0.19603633708728596,0.033214771914900298,-0.00012447817489746882,0.071496568481528522,0.18724001667190593,0.78661624460060819,0.43280813514603733,0.30210807329348488,0.86913764329763743,-0.60141185462026114,-0.062029259924900604,0.27136240921104915,-0.21136777038395449,-0.73785230219579168,0.011323933377284101,-0.58949168625399717,0.75590830860373814,0.50852347298385436,-0.82779467125564232,-0.34378547085494082
301,-0.43198269286860458,-0.21238551630076619,0.2399484016859077,0.16853940262526956,-0.52269272386509424,0.15285343181397049,0.71563956828136144,0.089565408548923475,0.40315760627385377,0.20097610486970741,0.20460863741505486,0.79520452248783968,-0.16353775673210036,-0.96384915830181161,0.010346778015448477,0.41871769284224625,-0.12820750606465503,-0.17365253035747474,-0.19756067189097859,-0.59077297147792018
302,-0.19603633708728596,0.033214771914900298,-0.00012447817489746882,0.071496568481528522,0.18724001667190593,0.78661624460060819,0.43280813514603733,0.30210807329348488,0.86913764329763743,-0.60141185462026114,-0.062029259924900604,0.27136240921104915,-0.21136777038395449,-0.73785230219579168,0.011323933377284101,-0.58949168625399717,0.75590830860373814,0.50852347298385436,-0.82779467125564232,-0.34378547085494082
303,-0.72636770967227871,0.54038701737387229,-0.28354360307859072,0.10736468086428674,-0.69414644055787145,0.7932655736937777,0.75236486621151299,0.58418523021479474,0.97937558496136834,-0.68925656980243888,0.52818750963314454,0.7985991615095589,0.085205711431973974,-0.15967495515511665,0.84983903446540965,0.4137664369180154,0.17663925857157636,-0.16306572060398783,-0.77768289727113538,-0.93125863289432576
304,-0.44212273820108261,0.020448622569188446,-0.24851073779141797,-0.23382612683166837,0.035399033313846529,0.58168131205356777,0.92367813754167161,0.8316229725249864,-0.38182165820096525,-0.92481656225776798,0.85521322740656269,-0.12280443554780596,-0.24750034458659087,-0.96040352487087222,-0.88556418734997333,-0.65987364717947194,-0.59416684342949799,-0.55303632155067062,0.20554421078513219,-0.63504964274035891
305,-0.94821322828507038,0.30583203284468463,0.2621542166573636,0.66038905277773075,-0.13987023260961373,0.74641121020353274,0.29431920961163893,0.83474628831974007,0.39999413950944795,-0.66969121712649815,0.69259765126915984,0.63262382976930032,-0.64669218256247096,-0.80676724718609516,-0.98002712988590335,0.38150092871049646,-0.17292831635599182,-0.25531835824039728,-0.26591373100972437,-0.61614376352954414
306,-0.74760628325054279,0.76068003056633327,-0.085709940128596562,0.19238059004854691,-0.87925703413445144,0.22442249609866671,0.94073673409967595,0.071873348678880289,-0.033584897852507511,-0.69712004200778543,0.098789847041494294,-0.33819585626673621,-0.40727313269015708,-0.00653311788091826,0.23031074625461034,-0.1210909723447724,0.7120631175957981,-0.97434632647981512,-0.86877750893841332,0.10451908061956017
307,-0.19603633708728596,0.033214771914900298,-0.00012447817489746882,0.071496568481528522,0.18724001667190593,0.78661624460060819,0.43280813514603733,0.30210807329348488,0.86913764329763743,-0.60141185462026114,-0.062029259924900604,0.27136240921104915,-0.21136777038395449,-0.73785230219579168,0.011323933377284101,-0.58949168625399717,0.75590830860373814,0.50852347298385436,-0.82779467125564232,-0.34378547085494082
308,-0.19603633708728596,0.033214771914900298,-0.00012447817489746882,0.071496568481528522,0.18724001667190593,0.78661624460060819,0.43280813514603733,0.30210807329348488,0.86913764329763743,-0.60141185462026114,-0.062029259924900604,0.27136240921104915,-0.21136777038395449,-0.73785230219579168,0.011323933377284101,-0.58949168625399717,0.75590830860373814,0.50852347298385436,-0.82779467125564232,-0.34378547085494082
309,-0.72636770967227871,0.54038701737387229,-0.28354360307859072,0.10736468086428674,-0.69414644055787145,0.7932655736937777,0.75236486621151299,0.58418523021479474,0.97937558496136834,-0.68925656980243888,0.52818750963314454,0.7985991615095589,0.085205711431973974,-0.15967495515511665,0.84983903446540965,0.4137664369180154,0.17663925857157636,-0.16306572060398783,-0.77768289727113538,-0.93125863289432576
310,-0.19603633708728596,0.033214771914900298,-0.00012447817489746882,0.071496568481528522,0.18724001667190593,0.78661624460060819,0.43280813514603733,0.30210807329348488,0.86913764329763743,-0.60141185462026114,-0.062029259924900604,0.27136240921104915,-0.21136777038395449,-0.73785230219579168,0.011323933377284101,-0.58949168625399717,0.75590830860373814,0.50852347298385436,-0.82779467125564232,-0.34378547085494082
311,-0.63089787384254525,0.6690818879892857,-0.040057718262865194,0.16654870751220341,-0.7305219398063405,0.58297437628817539,0.27165022287116192,-0.49831781558001675,0.055520079875316153,-0.91271550270220336,0.56078886964035046,-0.44877523643861394,-0.89279907737864139,-0.65252556285087171,-0.078290709643888734,-0.32520986969289178,0.70569138763054884,-0.84075997297232052,0.018942967105671116,0.15495311550536184
312,-0.19603633708728596,0.033214771914900298,-0.00012447817489746882,0.071496568481528522,0.18724001667190593,0.78661624460060819,0.43280813514603733,0.30210807329348488,0.86913764329763743,-0.60141185462026114,-0.062029259924900604,0.27136240921104915,-0.21136777038395449,-0.73785230219579168,0.011323933377284101,-0.58949168625399717,0.75590830860373814,0.50852347298385436,-0.82779467125564232,-0.34378547085494082
313,-0.19603633708728596,0.033214771914900298,-0.00012447817489746882,0.071496568481528522,0.18724001667190593,0.78661624460060819,0.43280813514603733,0.30210807329348488,0.86913764329763743,-0.60141185462026114,-0.062029259924900604,0.27136240921104915,-0.21136777038395449,-0.73785230219579168,0.011323933377284101,-0.58949168625399717,0.75590830860373814,0.50852347298385436,-0.82779467125564232,-0.34378547085494082
314,-0.94821322828507038,0.30583203284468463,0.2621542166573636,0.66038905277773075,-0.13987023260961373,0.74641121020353274,0.29431920961163893,0.83474628831974007,0.39999413950944795,-0.66969121712649815,0.69259765126915984,0.63262382976930032,-0.64669218256247096,-0.80676724718609516,-0.98002712988590335,0.38150092871049646,-0.17292831635599182,-0.25531835824039728,-0.26591373100972437,-0.61614376352954414
315,-0.72636770967227871,0.54038701737387229,-0.28354360307859072,0.10736468086428674,-0.69414644055787145,0.7932655736937777,0.75236486621151299,0.58418523021479474,0.97937558496136834,-0.68925656980243888,0.52818750963314454,0.7985991615095589,0.085205711431973974,-0.15967495515511665,0.84983903446540965,0.4137664369180154,0.17663925857157636,-0.16306572060398783,-0.77768289727113538,-0.93125863289432576
316,-0.19603633708728596,0.033214771914900298,-0.00012447817489746882,0.071496568481528522,0.18724001667190593,0.78661624460060819,0.43280813514603733,0.30210807329348488,0.86913764329763743,-0.60141185462026114,-0.062029259924900604,0.27136240921104915,-0.21136777038395449,-0.73785230219579168,0.011323933377284101,-0.58949168625399717,0.75590830860373814,0.50852347298385436,-0.82779467125564232,-0.34378547085494082
317,-0.19603633708728596,0.033214771914900298,-0.00012447817489746882,0.071496568481528522,0.18724001667190593,0.78661624460060819,0.43280813514603733,0.30210807329348488,0.86913764329763743,-0.60141185462026114,-0.062029259924900604,0.27136240921104915,-0.21136777038395449,-0.73785230219579168,0.011323933377284101,-0.58949168625399717,0.75590830860373814,0.50852347298385436,-0.82779467125564232,-0.34378547085494082
318,-0.72636770967227871,0.54038701737387229,-0.28354360307859072,0.10736468086428674,-0.69414644055787145,0.7932655736937777,0.75236486621151299,0.58418523021479474,0.97937558496136834,-0.68925656980243888,0.52818750963314454,0.7985991615095589,0.085205711431973974,-0.15967495515511665,0.84983903446540965,0.4137664369180154,0.17663925857157636,-0.16306572060398783,-0.77768289727113538,-0.93125863289432576
319,-0.72636770967227871,0.54038701737387229,-0.28354360307859072,0.10736468086428674,-0.69414644055787145,0.7932655736937777,0.75236486621151299,0.58418523021479474,0.97937558496136834,-0.68925656980243888,0.52818750963314454,0.7985991615095589,0.085205711431973974,-0.15967495515511665,0.84983903446540965,0.4137664369180154,0.17663925857157636,-0.16306572060398783,-0.77768289727113538,-0.93125863289432576
320,-0.76017093163806759,0.40424598512626364,-0.0070530892610072282,-0.066986419356005689,-0.17868365318646351,0.46405382596431832,-0.43117074859865578,0.9966426014744949,0.96715068345081479,-0.36252101977014428,-0.28449133920829484,-0.50881056628243382,-0.83866810876260534,-0.23520691445309372,-0.23152062029368792,-0.012416957607701784,0.35161795445745003,-0.73155695991331982,-0.59963174874136072,-0.25471190774281105
321,-0.19603633708728596,0.033214771914900298,-0.00012447817489746882,0.071496568481528522,0.18724001667190593,0.78661624460060819,0.43280813514603733,0.30210807329348488,0.86913764329763743,-0.60141185462026114,-0.062029259924900604,0.27136240921104915,-0.21136777038395449,-0.73785230219579168,0.011323933377284101,-0.58949168625399717,0.75590830860373814,0.50852347298385436,-0.82779467125564232,-0.34378547085494082
322,-0.94821322828507038,0.30583203284468463,0.2621542166573636,0.66038905277773075,-0.13987023260961373,0.74641121020353274,0.29431920961163893,0.83474628831974007,0.39999413950944795,-0.66969121712649815,0.69259765126915984,0.63262382976930032,-0.64669218256247096,-0.80676724718609516,-0.98002712988590335,0.38150092871049646,-0.17292831635599182,-0.25531835824039728,-0.26591373100972437,-0.61614376352954414
323,-0.76351189187717972,0.043020841091494955,0.21139198904509438,0.12175071453251296,-0.37348766829508029,0.64330870195742018,0.10141803575687103,0.16791733289594779,0.87639018968782345,-0.17685849007965126,0.096671691723802633,0.41805114955772216,0.27650859340528888,-0.52752104042645631,-0.12967005721045965,0.49260994687852788,-0.54721950267980413,0.27813776982938121,-0.81653540749125186,-0.82082175510670474
324,-0.19603633708728596,0.033214771914900298,-0.00012447817489746882,0.071496568481528522,0.18724001667190593,0.78661624460060819,0.43280813514603733,0.30210807329348488,0.86913764329763743,-0.60141185462026114,-0.062029259924900604,0.27136240921104915,-0.21136777038395449,-0.73785230219579168,0.011323933377284101,-0.58949168625399717,0.75590830860373814,0.50852347298385436,-0.82779467125564232,-0.34378547085494082
325,-0.94821322828507038,0.30583203284468463,0.2621542166573636,0.66038905277773075,-0.13987023260961373,0.74641121020353274,0.29431920961163893,0.83474628831974007,0.39999413950944795,-0.66969121712649815,0.69259765126915984,0.63262382976930032,-0.64669218256247096,-0.80676724718609516,-0.98002712988590335,0.38150092871049646,-0.17292831635599182,-0.25531835824039728,-0.26591373100972437,-0.61614376352954414
326,-0.43198269286860458,-0.21238551630076619,0.2399484016859077,0.16853940262526956,-0.52269272386509424,0.15285343181397049,0.71563956828136144,0.089565408548923475,0.40315760627385377,0.20097610486970741,0.20460863741505486,0.79520452248783968,-0.16353775673210036,-0.96384915830181161,0.010346778015448477,0.41871769284224625,-0.12820750606465503,-0.17365253035747474,-0.19756067189097859,-0.59077297147792018
327,-0.43198269286860458,-0.21238551630076619,0.2399484016859077,0.16853940262526956,-0.52269272386509424,0.15285343181397049,0.71563956828136144,0.089565408548923475,0.40315760627385377,0.20097610486970741,0.20460863741505486,0.79520452248783968,-0.16353775673210036,-0.96384915830181161,0.010346778015448477,0.41871769284224625,-0.12820750606465503,-0.17365253035747474,-0.19756067189097859,-0.59077297147792018
328,-0.94821322828507038,0.30583203284468463,0.2621542166573636,0.66038905277773075,-0.13987023260961373,0.74641121020353274,0.29431920961163893,0.83474628831974007,0.39999413950944795,-0.66969121712649815,0.69259765126915984,0.63262382976930032,-0.64669218256247096,-0.80676724718609516,-0.98002712988590335,0.38150092871049646,-0.17292831635599182,-0.25531835824039728,-0.26591373100972437,-0.61614376352954414
329,-0.76351189187717972,0.043020841091494955,0.21139198904509438,0.12175071453251296,-0.37348766829508029,0.64330870195742018,0.10141803575687103,0.16791733289594779,0.87639018968782345,-0.17685849007965126,0.096671691723802633,0.41805114955772216,0.27650859340528888,-0.52752104042645631,-0.12967005721045965,0.49260994687852788,-0.54721950267980413,0.27813776982938121,-0.81653540749125186,-0.82082175510670474
330,-0.44212273820108261,0.020448622569188446,-0.24851073779141797,-0.23382612683166837,0.035399033313846529,0.58168131205356777,0.92367813754167161,0.8316229725249864,-0.38182165820096525,-0.92481656225776798,0.85521322740656269,-0.12280443554780596,-0.24750034458659087,-0.96040352487087222,-0.88556418734997333,-0.65987364717947194,-0.59416684342949799,-0.55303632155067062,0.20554421078513219,-0.63504964274035891
331,-0.43198269286860458,-0.21238551630076619,0.2399484016859077,0.16853940262526956,-0.52269272386509424,0.15285343181397049,0.71563956828136144,0.089565408548923475,0.40315760627385377,0.20097610486970741,0.20460863741505486,0.79520452248783968,-0.16353775673210036,-0.96384915830181161,0.010346778015448477,0.41871769284224625,-0.12820750606465503,-0.17365253035747474,-0.19756067189097859,-0.59077297147792018
332,-0.19603633708728596,0.033214771914900298,-0.00012447817489746882,0.071496568481528522,0.18724001667190593,0.78661624460060819,0.43280813514603733,0.30210807329348488,0.86913764329763743,-0.60141185462026114,-0.062029259924900604,0.27136240921104915,-0.21136777038395449,-0.73785230219579168,0.011323933377284101,-0.58949168625399717,0.75590830860373814,0.50852347298385436,-0.82779467125564232,-0.34378547085494082
333,-0.72636770967227871,0.54038701737387229,-0.28354360307859072,0.10736468086428674,-0.69414644055787145,0.7932655736937777,0.75236486621151299,0.58418523021479474,0.97937558496136834,-0.68925656980243888,0.52818750963314454,0.7985991615095589,0.085205711431973974,-0.15967495515511665,0.84983903446540965,0.4137664369180154,0.17663925857157636,-0.16306572060398783,-0.77768289727113538,-0.93125863289432576
334,-0.72636770967227871,0.54038701737387229,-0.28354360307859072,0.10736468086428674,-0.69414644055787145,0.7932655736937777,0.75236486621151299,0.58418523021479474,0.97937558496136834,-0.68925656980243888,0.52818750963314454,0.7985991615095589,0.085205711431973974,-0.15967495515511665,0.84983903446540965,0.4137664369180154,0.17663925857157636,-0.16306572060398783,-0.77768289727113538,-0.93125863289432576
335,-0.19603633708728596,0.033214771914900298,-0.00012447817489746882,0.071496568481528522,0.18724001667190593,0.78661624460060819,0.43280813514603733,0.30210807329348488,0.86913764329763743,-0.60141185462026114,-0.062029259924900604,0.27136240921104915,-0.21136777038395449,-0.73785230219579168,0.011323933377284101,-0.58949168625399717,0.75590830860373814,0.50852347298385436,-0.82779467125564232,-0.34378547085494082
336,-0.76351189187717972,0.043020841091494955,0.21139198904509438,0.12175071453251296,-0.37348766829508029,0.64330870195742018,0.10141803575687103,0.16791733289594779,0.87639018968782345,-0.17685849007965126,0.096671691723802633,0.41805114955772216,0.27650859340528888,-0.52752104042645631,-0.12967005721045965,0.49260994687852788,-0.54721950267980413,0.27813776982938121,-0.81653540749125186,-0.82082175510670474
337,-0.56152083477900305,-0.22281019935813107,0.23227853026221923,0.18124360262468309,-0.2956766394360637,0.084090887715422058,0.55795401820974511,-0.51093747852149063,0.69430229992397074,-0.061383681165818826,-0.6411015239724287,0.57735414835108378,-0.86143721858926936,-0.052518443093517719,0.18930056471455137,-0.12207800821616033,0.62616273177908988,0.14649522190299846,-0.7858492505753798,0.26159379976943264
338,-0.22405376044797087,0.44594466297983648,-0.068072579337562722,0.23219347038334859,-0.47306902804898066,0.28416208612871352,0.39940971818569349,0.38969205340551438,0.96739709916676753,0.71849927662286928,0.54419183935820037,0.63629733882071715,-0.42417446408129389,-0.77407706415717459,0.24226508982330675,-0.27365001002551947,0.27456026583926452,-0.23632918651607793,-0.86866814840272544,-0.29971934303091974
339,-0.19603633708728596,0.033214771914900298,-0.00012447817489746882,0.071496568481528522,0.18724001667190593,0.78661624460060819,0.43280813514603733,0.30210807329348488,0.86913764329763743,-0.60141185462026114,-0.062029259924900604,0.27136240921104915,-0.21136777038395449,-0.73785230219579168,0.011323933377284101,-0.58949168625399717,0.75590830860373814,0.50852347298385436,-0.82779467125564232,-0.34378547085494082
340,-0.94821322828507038,0.30583203284468463,0.2621542166573636,0.66038905277773075,-0.13987023260961373,0.74641121020353274,0.29431920961163893,0.83474628831974007,0.39999413950944795,-0.66969121712649815,0.69259765126915984,0.63262382976930032,-0.64669218256247096,-0.80676724718609516,-0.98002712988590335,0.38150092871049646,-0.17292831635599182,-0.25531835824039728,-0.26591373100972437,-0.61614376352954414
341,-0.76351189187717972,0.043020841091494955,0.21139198904509438,0.12175071453251296,-0.37348766829508029,0.64330870195742018,0.10141803575687103,0.16791733289594779,0.87639018968782345,-0.17685849007965126,0.096671691723802633,0.41805114955772216,0.27650859340528888,-0.52752104042645631,-0.12967005721045965,0.49260994687852788,-0.54721950267980413,0.27813776982938121,-0.81653540749125186,-0.82082175510670474
342,-0.94821322828507038,0.30583203284468463,0.2621542166573636,0.66038905277773075,-0.13987023260961373,0.74641121020353274,0.29431920961163893,0.83474628831974007,0.39999413950944795,-0.66969121712649815,0.69259765126915984,0.63262382976930032,-0.64669218256247096,-0.80676724718609516,-0.98002712988590335,0.38150092871049646,-0.17292831635599182,-0.25531835824039728,-0.26591373100972437,-0.61614376352954414
343,-0.19603633708728596,0.033214771914900298,-0.00012447817489746882,0.071496568481528522,0.18724001667190593,0.78661624460060819,0.43280813514603733,0.30210807329348488,0.86913764329763743,-0.60141185462026114,-0.062029259924900604,0.27136240921104915,-0.21136777038395449,-0.73785230219579168,0.011323933377284101,-0.58949168625399717,0.75590830860373814,0.50852347298385436,-0.82779467125564232,-0.34378547085494082
344,-0.72636770967227871,0.54038701737387229,-0.28354360307859072,0.10736468086428674,-0.69414644055787145,0.7932655736937777,0.75236486621151299,0.58418523021479474,0.97937558496136834,-0.68925656980243888,0.52818750963314454,0.7985991615095589,0.085205711431973974,-0.15967495515511665,0.84983903446540965,0.4137664369180154,0.17663925857157636,-0.16306572060398783,-0.77768289727113538,-0.93125863289432576
345,-0.72636770967227871,0.54038701737387229,-0.28354360307859072,0.10736468086428674,-0.69414644055787145,0.7932655736937777,0.75236486621151299,0.58418523021479474,0.97937558496136834,-0.68925656980243888,0.52818750963314454,0.7985991615095589,0.085205711431973974,-0.15967495515511665,0.84983903446540965,0.4137664369180154,0.17663925857157636,-0.16306572060398783,-0.77768289727113538,-0.93125863289432576
346,-0.40204813210994672,0.97012886586845837,-0.40858206511089512,0.12025655994716145,-0.44185863222860799,0.32265173216690379,0.49448872637422303,-0.91893965899413188,0.68140335591697387,-0.58391430961205737,-0.33813110057875728,0.85536403948889728,-0.61117519873370085,0.10306857361765775,-0.054456393815342174,0.0044063693945028959,-0.29339723760030378,0.099878794500046331,-0.94064241413173977,-0.58558838705011329
347,-0.72636770967227871,0.54038701737387229,-0.28354360307859072,0.10736468086428674,-0.69414644055787145,0.7932655736937777,0.75236486621151299,0.58418523021479474,0.97937558496136834,-0.68925656980243888,0.52818750963314454,0.7985991615095589,0.085205711431973974,-0.15967495515511665,0.84983903446540965,0.4137664369180154,0.17663925857157636,-0.16306572060398783,-0.77768289727113538,-0.93125863289432576
348,-0.74760628325054279,0.76068003056633327,-0.085709940128596562,0.19238059004854691,-0.87925703413445144,0.22442249609866671,0.94073673409967595,0.071873348678880289,-0.033584897852507511,-0.69712004200778543,0.098789847041494294,-0.33819585626673621,-0.40727313269015708,-0.00653311788091826,0.23031074625461034,-0.1210909723447724,0.7120631175957981,-0.97434632647981512,-0.86877750893841332,0.10451908061956017
349,-0.19603633708728596,0.033214771914900298,-0.00012447817489746882,0.071496568481528522,0.18724001667190593,0.78661624460060819,0.43280813514603733,0.30210807329348488,0.86913764329763743,-0.60141185462026114,-0.062029259924900604,0.27136240921104915,-0.21136777038395449,-0.73785230219579168,0.011323933377284101,-0.58949168625399717,0.75590830860373814,0.50852347298385436,-0.82779467125564232,-0.34378547085494082
350,-0.19603633708728596,0.033214771914900298,-0.00012447817489746882,0.071496568481528522,0.18724001667190593,0.78661624460060819,0.43280813514603733,0.30210807329348488,0.86913764329763743,-0.60141185462026114,-0.062029259924900604,0.27136240921104915,-0.21136777038395449,-0.73785230219579168,0.011323933377284101,-0.58949168625399717,0.75590830860373814,0.50852347298385436,-0.82779467125564232,-0.34378547085494082
351,-0.19603633708728596,0.033214771914900298,-0.00012447817489746882,0.071496568481528522,0.18724001667190593,0.78661624460060819,0.43280813514603733,0.30210807329348488,0.86913764329763743,-0.60141185462026114,-0.062029259924900604,0.27136240921104915,-0.21136777038395449,-0.73785230219579168,0.011323933377284101,-0.58949168625399717,0.75590830860373814,0.50852347298385436,-0.82779467125564232,-0.34378547085494082
352,-0.76351189187717972,0.043020841091494955,0.21139198904509438,0.12175071453251296,-0.37348766829508029,0.64330870195742018,0.10141803575687103,0.16791733289594779,0.87639018968782345,-0.17685849007965126,0.096671691723802633,0.41805114955772216,0.27650859340528888,-0.52752104042645631,-0.12967005721045965,0.49260994687852788,-0.54721950267980413,0.27813776982938121,-0.81653540749125186,-0.82082175510670474
353,-0.76351189187717972,0.043020841091494955,0.21139198904509438,0.12175071453251296,-0.37348766829508029,0.64330870195742018,0.10141803575687103,0.16791733289594779,0.87639018968782345,-0.17685849007965126,0.096671691723802633,0.41805114955772216,0.27650859340528888,-0.52752104042645631,-0.12967005721045965,0.49260994687852788,-0.54721950267980413,0.27813776982938121,-0.81653540749125186,-0.82082175510670474
354,-0.76351189187717972,0.043020841091494955,0.21139198904509438,0.12175071453251296,-0.37348766829508029,0.64330870195742018,0.10141803575687103,0.16791733289594779,0.87639018968782345,-0.17685849007965126,0.096671691723802633,0.41805114955772216,0.27650859340528888,-0.52752104042645631,-0.12967005721045965,0.49260994687852788,-0.54721950267980413,0.27813776982938121,-0.81653540749125186,-0.82082175510670474
355,-0.72636770967227871,0.54038701737387229,-0.28354360307859072,0.10736468086428674,-0.69414644055787145,0.7932655736937777,0.75236486621151299,0.58418523021479474,0.97937558496136834,-0.68925656980243888,0.52818750963314454,0.7985991615095589,0.085205711431973974,-0.15967495515511665,0.84983903446540965,0.4137664369180154,0.17663925857157636,-0.16306572060398783,-0.77768289727113538,-0.93125863289432576
356,0.086187217701549912,-0.41900711132846746,0.21391874595024807,0.44924363376588672,-0.15359521162456025,0.88889718208477109,0.66840738550214396,0.26569696686317634,0.3515125153780696,-0.56055642359832913,0.22612093960845736,-0.0042676986396068539,-0.017108757314711509,-0.52499927430385585,-0.81549675542721034,-0.26893860168641481,0.45311380349758879,-0.40102812794307052,-0.80467227081314974,-0.43892182428889859
357,-0.43023911094401468,0.68247206985562325,-0.32557838531489769,0.035752200723020211,-0.10616844609952802,0.82649749094401503,-0.49076781393311175,-0.84231095464553918,0.45026469807801872,-0.97081365165082323,-0.88809443029591129,0.036610733416947649,0.1568898850823619,-0.44469931892553305,-0.048998176758696221,-0.0038673092977317136,0.52680092729315131,-0.40046078314612488,-0.45829225254831796,0.71282316512906241
358,-0.94821322828507038,0.30583203284468463,0.2621542166573636,0.66038905277773075,-0.13987023260961373,0.74641121020353274,0.29431920961163893,0.83474628831974007,0.39999413950944795,-0.66969121712649815,0.69259765126915984,0.63262382976930032,-0.64669218256247096,-0.80676724718609516,-0.98002712988590335,0.38150092871049646,-0.17292831635599182,-0.25531835824039728,-0.26591373100972437,-0.61614376352954414
359,-0.76351189187717972,0.043020841091494955,0.21139198904509438,0.12175071453251296,-0.37348766829508029,0.64330870195742018,0.10141803575687103,0.16791733289594779,0.87639018968782345,-0.17685849007965126,0.096671691723802633,0.41805114955772216,0.27650859340528888,-0.52752104042645631,-0.12967005721045965,0.49260994687852788,-0.54721950267980413,0.27813776982938121,-0.81653540749125186,-0.82082175510670474
360,-0.94821322828507038,0.30583203284468463,0.2621542166573636,0.66038905277773075,-0.13987023260961373,0.74641121020353274,0.29431920961163893,0.83474628831974007,0.39999413950944795,-0.66969121712649815,0.69259765126915984,0.63262382976930032,-0.64669218256247096,-0.80676724718609516,-0.98002712988590335,0.38150092871049646,-0.17292831635599182,-0.25531835824039728,-0.26591373100972437,-0.61614376352954414
361,-0.19603633708728596,0.033214771914900298,-0.00012447817489746882,0.071496568481528522,0.18724001667190593,0.78661624460060819,0.43280813514603733,0.30210807329348488,0.86913764329763743,-0.60141185462026114,-0.062029259924900604,0.27136240921104915,-0.21136777038395449,-0.73785230219579168,0.011323933377284101,-0.58949168625399717,0.75590830860373814,0.50852347298385436,-0.82779467125564232,-0.34378547085494082
362,-0.19603633708728596,0.033214771914900298,-0.00012447817489746882,0.071496568481528522,0.18724001667190593,0.78661624460060819,0.43280813514603733,0.30210807329348488,0.86913764329763743,-0.60141185462026114,-0.062029259924900604,0.27136240921104915,-0.21136777038395449,-0.73785230219579168,0.011323933377284101,-0.58949168625399717,0.75590830860373814,0.50852347298385436,-0.82779467125564232,-0.34378547085494082
363,-0.74760628325054279,0.76068003056633327,-0.085709940128596562,0.19238059004854691,-0.87925703413445144,0.22442249609866671,0.94073673409967595,0.071873348678880289,-0.033584897852507511,-0.69712004200778543,0.098789847041494294,-0.33819585626673621,-0.40727313269015708,-0.00653311788091826,0.23031074625461034,-0.1210909723447724,0.7120631175957981,-0.97434632647981512,-0.86877750893841332,0.10451908061956017
364,-0.19603633708728596,0.033214771914900298,-0.00012447817489746882,0.071496568481528522,0.18724001667190593,0.78661624460060819,0.43280813514603733,0.30210807329348488,0.86913764329763743,-0.60141185462026114,-0.062029259924900604,0.27136240921104915,-0.21136777038395449,-0.73785230219579168,0.011323933377284101,-0.58949168625399717,0.75590830860373814,0.50852347298385436,-0.82779467125564232,-0.34378547085494082
365,-0.19603633708728596,0.033214771914900298,-0.00012447817489746882,0.071496568481528522,0.18724001667190593,0.78661624460060819,0.43280813514603733,0.30210807329348488,0.86913764329763743,-0.60141185462026114,-0.062029259924900604,0.27136240921104915,-0.21136777038395449,-0.73785230219579168,0.011323933377284101,-0.58949168625399717,0.75590830860373814,0.50852347298385436,-0.82779467125564232,-0.34378547085494082
366,-0.19603633708728596,0.033214771914900298,-0.00012447817489746882,0.071496568481528522,0.18724001667190593,0.78661624460060819,0.43280813514603733,0.30210807329348488,0.86913764329763743,-0.60141185462026114,-0.062029259924900604,0.27136240921104915,-0.21136777038395449,-0.73785230219579168,0.011323933377284101,-0.58949168625399717,0.75590830860373814,0.50852347298385436,-0.82779467125564232,-0.34378547085494082
367,-0.43198269286860458,-0.21238551630076619,0.2399484016859077,0.16853940262526956,-0.52269272386509424,0.15285343181397049,0.71563956828136144,0.089565408548923475,0.40315760627385377,0.20097610486970741,0.20460863741505486,0.79520452248783968,-0.16353775673210036,-0.96384915830181161,0.010346778015448477,0.41871769284224625,-0.12820750606465503,-0.17365253035747474,-0.19756067189097859,-0.59077297147792018
368,-0.94821322828507038,0.30583203284468463,0.2621542166573636,0.66038905277773075,-0.13987023260961373,0.74641121020353274,0.29431920961163893,0.83474628831974007,0.39999413950944795,-0.66969121712649815,0.69259765126915984,0.63262382976930032,-0.64669218256247096,-0.80676724718609516,-0.98002712988590335,0.38150092871049646,-0.17292831635599182,-0.25531835824039728,-0.26591373100972437,-0.61614376352954414
369,-0.19603633708728596,0.033214771914900298,-0.00012447817489746882,0.071496568481528522,0.18724001667190593,0.78661624460060819,0.43280813514603733,0.30210807329348488,0.86913764329763743,-0.60141185462026114,-0.062029259924900604,0.27136240921104915,-0.21136777038395449,-0.73785230219579168,0.011323933377284101,-0.58949168625399717,0.75590830860373814,0.50852347298385436,-0.82779467125564232,-0.34378547085494082
370,-0.76351189187717972,0.043020841091494955,0.21139198904509438,0.12175071453251296,-0.37348766829508029,0.64330870195742018,0.10141803575687103,0.16791733289594779,0.87639018968782345,-0.17685849007965126,0.096671691723802633,0.41805114955772216,0.27650859340528888,-0.52752104042645631,-0.12967005721045965,0.49260994687852788,-0.54721950267980413,0.27813776982938121,-0.81653540749125186,-0.82082175510670474
371,-0.43023911094401468,0.68247206985562325,-0.32557838531489769,0.035752200723020211,-0.10616844609952802,0.82649749094401503,-0.49076781393311175,-0.84231095464553918,0.45026469807801872,-0.97081365165082323,-0.88809443029591129,0.036610733416947649,0.1568898850823619,-0.44469931892553305,-0.048998176758696221,-0.0038673092977317136,0.52680092729315131,-0.40046078314612488,-0.45829225254831796,0.71282316512906241
372,-0.72636770967227871,0.54038701737387229,-0.28354360307859072,0.10736468086428674,-0.69414644055787145,0.7932655736937777,0.75236486621151299,0.58418523021479474,0.97937558496136834,-0.68925656980243888,0.52818750963314454,0.7985991615095589,0.085205711431973974,-0.15967495515511665,0.84983903446540965,0.4137664369180154,0.17663925857157636,-0.16306572060398783,-0.77768289727113538,-0.93125863289432576
373,-0.19603633708728596,0.033214771914900298,-0.00012447817489746882,0.071496568481528522,0.18724001667190593,0.78661624460060819,0.43280813514603733,0.30210807329348488,0.86913764329763743,-0.60141185462026114,-0.062029259924900604,0.27136240921104915,-0.21136777038395449,-0.73785230219579168,0.011323933377284101,-0.58949168625399717,0.75590830860373814,0.50852347298385436,-0.82779467125564232,-0.34378547085494082
374,-0.19603633708728596,0.033214771914900298,-0.00012447817489746882,0.071496568481528522,0.18724001667190593,0.78661624460060819,0.43280813514603733,0.30210807329348488,0.86913764329763743,-0.60141185462026114,-0.062029259924900604,0.27136240921104915,-0.21136777038395449,-0.73785230219579168,0.011323933377284101,-0.58949168625399717,0.75590830860373814,0.50852347298385436,-0.82779467125564232,-0.34378547085494082
375,-0.94821322828507038,0.30583203284468463,0.2621542166573636,0.66038905277773075,-0.13987023260961373,0.74641121020353274,0.29431920961163893,0.83474628831974007,0.39999413950944795,-0.66969121712649815,0.69259765126915984,0.63262382976930032,-0.64669218256247096,-0.80676724718609516,-0.98002712988590335,0.38150092871049646,-0.17292831635599182,-0.25531835824039728,-0.26591373100972437,-0.61614376352954414
376,-0.72636770967227871,0.54038701737387229,-0.28354360307859072,0.10736468086428674,-0.69414644055787145,0.7932655736937777,0.75236486621151299,0.58418523021479474,0.97937558496136834,-0.68925656980243888,0.52818750963314454,0.7985991615095589,0.085205711431973974,-0.15967495515511665,0.84983903446540965,0.4137664369180154,0.17663925857157636,-0.16306572060398783,-0.77768289727113538,-0.93125863289432576
377,-0.72636770967227871,0.54038701737387229,-0.28354360307859072,0.10736468086428674,-0.69414644055787145,0.7932655736937777,0.75236486621151299,0.58418523021479474,0.97937558496136834,-0.68925656980243888,0.52818750963314454,0.7985991615095589,0.085205711431973974,-0.15967495515511665,0.84983903446540965,0.4137664369180154,0.17663925857157636,-0.16306572060398783,-0.77768289727113538,-0.93125863289432576
378,-0.40204813210994672,0.97012886586845837,-0.40858206511089512,0.12025655994716145,-0.44185863222860799,0.32265173216690379,0.49448872637422303,-0.91893965899413188,0.68140335591697387,-0.58391430961205737,-0.33813110057875728,0.85536403948889728,-0.61117519873370085,0.10306857361765775,-0.054456393815342174,0.0044063693945028959,-0.29339723760030378,0.099878794500046331,-0.94064241413173977,-0.58558838705011329
379,-0.43023911094401468,0.68247206985562325,-0.32557838531489769,0.035752200723020211,-0.10616844609952802,0.82649749094401503,-0.49076781393311175,-0.84231095464553918,0.45026469807801872,-0.97081365165082323,-0.88809443029591129,0.036610733416947649,0.1568898850823619,-0.44469931892553305,-0.048998176758696221,-0.0038673092977317136,0.52680092729315131,-0.40046078314612488,-0.45829225254831796,0.71282316512906241
380,-0.72636770967227871,0.54038701737387229,-0.28354360307859072,0.10736468086428674,-0.69414644055787145,0.7932655736937777,0.75236486621151299,0.58418523021479474,0.97937558496136834,-0.68925656980243888,0.52818750963314454,0.7985991615095589,0.085205711431973974,-0.15967495515511665,0.84983903446540965,0.4137664369180154,0.17663925857157636,-0.16306572060398783,-0.77768289727113538,-0.93125863289432576
381,-0.19603633708728596,0.033214771914900298,-0.00012447817489746882,0.071496568481528522,0.18724001667190593,0.78661624460060819,0.43280813514603733,0.30210807329348488,0.86913764329763743,-0.60141185462026114,-0.062029259924900604,0.27136240921104915,-0.21136777038395449,-0.73785230219579168,0.011323933377284101,-0.58949168625399717,0.75590830860373814,0.50852347298385436,-0.82779467125564232,-0.34378547085494082
382,-0.43023911094401468,0.68247206985562325,-0.32557838531489769,0.035752200723020211,-0.10616844609952802,0.82649749094401503,-0.49076781393311175,-0.84231095464553918,0.45026469807801872,-0.97081365165082323,-0.88809443029591129,0.036610733416947649,0.1568898850823619,-0.44469931892553305,-0.048998176758696221,-0.0038673092977317136,0.52680092729315131,-0.40046078314612488,-0.45829225254831796,0.71282316512906241
383,-0.72636770967227871,0.54038701737387229,-0.28354360307859072,0.10736468086428674,-0.69414644055787145,0.7932655736937777,0.75236486621151299,0.58418523021479474,0.97937558496136834,-0.68925656980243888,0.52818750963314454,0.7985991615095589,0.085205711431973974,-0.15967495515511665,0.84983903446540965,0.4137664369180154,0.17663925857157636,-0.16306572060398783,-0.77768289727113538,-0.93125863289432576
384,-0.94821322828507038,0.30583203284468463,0.2621542166573636,0.66038905277773075,-0.13987023260961373,0.74641121020353274,0.29431920961163893,0.83474628831974007,0.39999413950944795,-0.66969121712649815,0.69259765126915984,0.63262382976930032,-0.64669218256247096,-0.80676724718609516,-0.98002712988590335,0.38150092871049646,-0.17292831635599182,-0.25531835824039728,-0.26591373100972437,-0.61614376352954414
385,-0.19603633708728596,0.033214771914900298,-0.00012447817489746882,0.071496568481528522,0.18724001667190593,0.78661624460060819,0.43280813514603733,0.30210807329348488,0.86913764329763743,-0.60141185462026114,-0.062029259924900604,0.27136240921104915,-0.21136777038395449,-0.73785230219579168,0.011323933377284101,-0.58949168625399717,0.75590830860373814,0.50852347298385436,-0.82779467125564232,-0.34378547085494082
386,-0.72636770967227871,0.54038701737387229,-0.28354360307859072,0.10736468086428674,-0.69414644055787145,0.7932655736937777,0.75236486621151299,0.58418523021479474,0.97937558496136834,-0.68925656980243888,0.52818750963314454,0.7985991615095589,0.085205711431973974,-0.15967495515511665,0.84983903446540965,0.4137664369180154,0.17663925857157636,-0.16306572060398783,-0.77768289727113538,-0.93125863289432576
387,-0.19603633708728596,0.033214771914900298,-0.00012447817489746882,0.071496568481528522,0.18724001667190593,0.78661624460060819,0.43280813514603733,0.30210807329348488,0.86913764329763743,-0.60141185462026114,-0.062029259924900604,0.27136240921104915,-0.21136777038395449,-0.73785230219579168,0.011323933377284101,-0.58949168625399717,0.75590830860373814,0.50852347298385436,-0.82779467125564232,-0.34378547085494082
388,-0.19603633708728596,0.033214771914900298,-0.00012447817489746882,0.071496568481528522,0.18724001667190593,0.78661624460060819,0.43280813514603733,0.30210807329348488,0.86913764329763743,-0.60141185462026114,-0.062029259924900604,0.27136240921104915,-0.21136777038395449,-0.73785230219579168,0.011323933377284101,-0.58949168625399717,0.75590830860373814,0.50852347298385436,-0.82779467125564232,-0.34378547085494082
389,-0.94821322828507038,0.30583203284468463,0.2621542166573636,0.66038905277773075,-0.13987023260961373,0.74641121020353274,0.29431920961163893,0.83474628831974007,0.39999413950944795,-0.66969121712649815,0.69259765126915984,0.63262382976930032,-0.64669218256247096,-0.80676724718609516,-0.98002712988590335,0.38150092871049646,-0.17292831635599182,-0.25531835824039728,-0.26591373100972437,-0.61614376352954414
390,-0.43198269286860458,-0.21238551630076619,0.2399484016859077,0.16853940262526956,-0.52269272386509424,0.15285343181397049,0.71563956828136144,0.089565408548923475,0.40315760627385377,0.20097610486970741,0.20460863741505486,0.79520452248783968,-0.16353775673210036,-0.96384915830181161,0.010346778015448477,0.41871769284224625,-0.12820750606465503,-0.17365253035747474,-0.19756067189097859,-0.59077297147792018
391,-0.19603633708728596,0.033214771914900298,-0.00012447817489746882,0.071496568481528522,0.18724001667190593,0.78661624460060819,0.43280813514603733,0.30210807329348488,0.86913764329763743,-0.60141185462026114,-0.062029259924900604,0.27136240921104915,-0.21136777038395449,-0.73785230219579168,0.011323933377284101,-0.58949168625399717,0.75590830860373814,0.50852347298385436,-0.82779467125564232,-0.34378547085494082
392,-0.43198269286860458,-0.21238551630076619,0.2399484016859077,0.16853940262526956,-0.52269272386509424,0.15285343181397049,0.71563956828136144,0.089565408548923475,0.40315760627385377,0.20097610486970741,0.20460863741505486,0.79520452248783968,-0.16353775673210036,-0.96384915830181161,0.010346778015448477,0.41871769284224625,-0.12820750606465503,-0.17365253035747474,-0.19756067189097859,-0.59077297147792018
393,-0.19603633708728596,0.033214771914900298,-0.00012447817489746882,0.071496568481528522,0.18724001667190593,0.78661624460060819,0.43280813514603733,0.30210807329348488,0.86913764329763743,-0.60141185462026114,-0.062029259924900604,0.27136240921104915,-0.21136777038395449,-0.73785230219579168,0.011323933377284101,-0.58949168625399717,0.75590830860373814,0.50852347298385436,-0.82779467125564232,-0.34378547085494082
394,0.26583947422841003,-0.20838599474200392,-0.025821637049719515,0.029326711581908027,-0.28959093439717987,0.15360412567778936,0.83021406731001224,0.42722664357725693,0.39561266483730262,-0.85814206698727569,-0.30421764590646871,0.69343352347895881,-0.94545622169916599,-0.90748785986723446,0.12883687478758166,0.2558435992859236,0.25063966640174562,-0.85852906402640805,-0.21036355828635056,-0.25877929078772932
395,-0.72636770967227871,0.54038701737387229,-0.28354360307859072,0.10736468086428674,-0.69414644055787145,0.7932655736937777,0.75236486621151299,0.58418523021479474,0.97937558496136834,-0.68925656980243888,0.52818750963314454,0.7985991615095589,0.085205711431973974,-0.15967495515511665,0.84983903446540965,0.4137664369180154,0.17663925857157636,-0.16306572060398783,-0.77768289727113538,-0.93125863289432576
396,-0.66253175468992165,-0.30994407472603624,0.32786949851875824,0.44760010876544953,-0.49729990929327506,-0.11773192265142929,0.86671587065820943,-0.43422959119747984,0.9446821153767615,0.64360334989901991,-0.10808834723764682,0.88128377680913905,-0.6988541050625956,-0.93249866520951064,0.015209321176204327,-0.025535674711974821,-0.88221580487468487,-0.63844722206531856,-0.48645399418684243,-0.54357513150506631
397,-0.40204813210994672,0.97012886586845837,-0.40858206511089512,0.12025655994716145,-0.44185863222860799,0.32265173216690379,0.49448872637422303,-0.91893965899413188,0.68140335591697387,-0.58391430961205737,-0.33813110057875728,0.85536403948889728,-0.61117519873370085,0.10306857361765775,-0.054456393815342174,0.0044063693945028959,-0.29339723760030378,0.099878794500046331,-0.94064241413173977,-0.58558838705011329
398,-0.76351189187717972,0.043020841091494955,0.21139198904509438,0.12175071453251296,-0.37348766829508029,0.64330870195742018,0.10141803575687103,0.16791733289594779,0.87639018968782345,-0.17685849007965126,0.096671691723802633,0.41805114955772216,0.27650859340528888,-0.52752104042645631,-0.12967005721045965,0.49260994687852788,-0.54721950267980413,0.27813776982938121,-0.81653540749125186,-0.82082175510670474
399,-0.94821322828507038,0.30583203284468463,0.2621542166573636,0.66038905277773075,-0.13987023260961373,0.74641121020353274,0.29431920961163893,0.83474628831974007,0.39999413950944795,-0.66969121712649815,0.69259765126915984,0.63262382976930032,-0.64669218256247096,-0.80676724718609516,-0.98002712988590335,0.38150092871049646,-0.17292831635599182,-0.25531835824039728,-0.26591373100972437,-0.61614376352954414
400,-0.72636770967227871,0.54038701737387229,-0.28354360307859072,0.10736468086428674,-0.69414644055787145,0.7932655736937777,0.75236486621151299,0.58418523021479474,0.97937558496136834,-0.68925656980243888,0.52818750963314454,0.7985991615095589,0.085205711431973974,-0.15967495515511665,0.84983903446540965,0.4137664369180154,0.17663925857157636,-0.16306572060398783,-0.77768289727113538,-0.93125863289432576
401,-0.19603633708728596,0.033214771914900298,-0.00012447817489746882,0.071496568481528522,0.18724001667190593,0.78661624460060819,0.43280813514603733,0.30210807329348488,0.86913764329763743,-0.60141185462026114,-0.062029259924900604,0.27136240921104915,-0.21136777038395449,-0.73785230219579168,0.011323933377284101,-0.58949168625399717,0.75590830860373814,0.50852347298385436,-0.82779467125564232,-0.34378547085494082
402,-0.72636770967227871,0.54038701737387229,-0.28354360307859072,0.10736468086428674,-0.69414644055787145,0.7932655736937777,0.75236486621151299,0.58418523021479474,0.97937558496136834,-0.68925656980243888,0.52818750963314454,0.7985991615095589,0.085205711431973974,-0.15967495515511665,0.84983903446540965,0.4137664369180154,0.17663925857157636,-0.16306572060398783,-0.77768289727113538,-0.93125863289432576
403,-0.76351189187717972,0.043020841091494955,0.21139198904509438,0.12175071453251296,-0.37348766829508029,0.64330870195742018,0.10141803575687103,0.16791733289594779,0.87639018968782345,-0.17685849007965126,0.096671691723802633,0.41805114955772216,0.27650859340528888,-0.52752104042645631,-0.12967005721045965,0.49260994687852788,-0.54721950267980413,0.27813776982938121,-0.81653540749125186,-0.82082175510670474
404,-0.9098049492377267,-0.095780465437198981,0.13627524500132449,-0.12042142664806632,0.49669226537406796,0.91160066809142659,0.88341087296523968,0.40650428962953855,0.4428834327662865,-0.52102069052291999,0.76235020376641316,0.18907627605656474,-0.91354279032782593,-0.88194028701087968,-0.51772372843566949,-0.22573685986275827,-0.64113552406327146,-0.27672024754609414,-0.18952603852344518,-0.30960318828652067
405,-0.76351189187717972,0.043020841091494955,0.21139198904509438,0.12175071453251296,-0.37348766829508029,0.64330870195742018,0.10141803575687103,0.16791733289594779,0.87639018968782345,-0.17685849007965126,0.096671691723802633,0.41805114955772216,0.27650859340528888,-0.52752104042645631,-0.12967005721045965,0.49260994687852788,-0.54721950267980413,0.27813776982938121,-0.81653540749125186,-0.82082175510670474
406,-0.43198269286860458,-0.21238551630076619,0.2399484016859077,0.16853940262526956,-0.52269272386509424,0.15285343181397049,0.71563956828136144,0.089565408548923475,0.40315760627385377,0.20097610486970741,0.20460863741505486,0.79520452248783968,-0.16353775673210036,-0.96384915830181161,0.010346778015448477,0.41871769284224625,-0.12820750606465503,-0.17365253035747474,-0.19756067189097859,-0.59077297147792018
407,-0.59073706383365265,0.12354596438561294,0.0086269858054444093,-0.26161113376544698,0.67192538523758483,0.76618177938655729,0.5141000161450231,0.068356894883264019,0.056732580546063227,-0.22794487027123966,0.26327961464225136,0.41104244349122721,-0.030951702178711571,-0.19295209943571634,-0.50653383830342236,0.52932033689943503,0.008987324626093196,-0.80852768604781522,-0.71646106751974492,-0.53466874994215963
408,-0.9098049492377267,-0.095780465437198981,0.13627524500132449,-0.12042142664806632,0.49669226537406796,0.91160066809142659,0.88341087296523968,0.40650428962953855,0.4428834327662865,-0.52102069052291999,0.76235020376641316,0.18907627605656474,-0.91354279032782593,-0.88194028701087968,-0.51772372843566949,-0.22573685986275827,-0.64113552406327146,-0.27672024754609414,-0.18952603852344518,-0.30960318828652067
409,-0.72636770967227871,0.54038701737387229,-0.28354360307859072,0.10736468086428674,-0.69414644055787145,0.7932655736937777,0.75236486621151299,0.58418523021479474,0.97937558496136834,-0.68925656980243888,0.52818750963314454,0.7985991615095589,0.085205711431973974,-0.15967495515511665,0.84983903446540965,0.4137664369180154,0.17663925857157636,-0.16306572060398783,-0.77768289727113538,-0.93125863289432576
410,-0.94821322828507038,0.30583203284468463,0.2621542166573636,0.66038905277773075,-0.13987023260961373,0.74641121020353274,0.29431920961163893,0.83474628831974007,0.39999413950944795,-0.66969121712649815,0.69259765126915984,0.63262382976930032,-0.64669218256247096,-0.80676724718609516,-0.98002712988590335,0.38150092871049646,-0.17292831635599182,-0.25531835824039728,-0.26591373100972437,-0.61614376352954414
411,-0.76351189187717972,0.043020841091494955,0.21139198904509438,0.12175071453251296,-0.37348766829508029,0.64330870195742018,0.10141803575687103,0.16791733289594779,0.87639018968782345,-0.17685849007965126,0.096671691723802633,0.41805114955772216,0.27650859340528888,-0.52752104042645631,-0.12967005721045965,0.49260994687852788,-0.54721950267980413,0.27813776982938121,-0.81653540749125186,-0.82082175510670474
412,-0.19603633708728596,0.033214771914900298,-0.00012447817489746882,0.071496568481528522,0.18724001667190593,0.78661624460060819,0.43280813514603733,0.30210807329348488,0.86913764329763743,-0.60141185462026114,-0.062029259924900604,0.27136240921104915,-0.21136777038395449,-0.73785230219579168,0.011323933377284101,-0.58949168625399717,0.75590830860373814,0.50852347298385436,-0.82779467125564232,-0.34378547085494082
413,-0.19603633708728596,0.033214771914900298,-0.00012447817489746882,0.071496568481528522,0.18724001667190593,0.78661624460060819,0.43280813514603733,0.30210807329348488,0.86913764329763743,-0.60141185462026114,-0.062029259924900604,0.27136240921104915,-0.21136777038395449,-0.73785230219579168,0.011323933377284101,-0.58949168625399717,0.75590830860373814,0.50852347298385436,-0.82779467125564232,-0.34378547085494082
414,-0.72636770967227871,0.54038701737387229,-0.28354360307859072,0.10736468086428674,-0.69414644055787145,0.7932655736937777,0.75236486621151299,0.58418523021479474,0.97937558496136834,-0.68925656980243888,0.52818750963314454,0.7985991615095589,0.085205711431973974,-0.15967495515511665,0.84983903446540965,0.4137664369180154,0.17663925857157636,-0.16306572060398783,-0.77768289727113538,-0.93125863289432576
415,-0.74760628325054279,0.76068003056633327,-0.085709940128596562,0.19238059004854691,-0.87925703413445144,0.22442249609866671,0.94073673409967595,0.071873348678880289,-0.033584897852507511,-0.69712004200778543,0.098789847041494294,-0.33819585626673621,-0.40727313269015708,-0.00653311788091826,0.23031074625461034,-0.1210909723447724,0.7120631175957981,-0.97434632647981512,-0.86877750893841332,0.10451908061956017
416,-0.94821322828507038,0.30583203284468463,0.2621542166573636,0.66038905277773075,-0.13987023260961373,0.74641121020353274,0.29431920961163893,0.83474628831974007,0.39999413950944795,-0.66969121712649815,0.69259765126915984,0.63262382976930032,-0.64669218256247096,-0.80676724718609516,-0.98002712988590335,0.38150092871049646,-0.17292831635599182,-0.25531835824039728,-0.26591373100972437,-0.61614376352954414
417,-0.94821322828507038,0.30583203284468463,0.2621542166573636,0.66038905277773075,-0.13987023260961373,0.74641121020353274,0.29431920961163893,0.83474628831974007,0.39999413950944795,-0.66969121712649815,0.69259765126915984,0.63262382976930032,-0.64669218256247096,-0.80676724718609516,-0.98002712988590335,0.38150092871049646,-0.17292831635599182,-0.25531835824039728,-0.26591373100972437,-0.61614376352954414
418,-0.72636770967227871,0.54038701737387229,-0.28354360307859072,0.10736468086428674,-0.69414644055787145,0.7932655736937777,0.75236486621151299,0.58418523021479474,0.97937558496136834,-0.68925656980243888,0.52818750963314454,0.7985991615095589,0.085205711431973974,-0.15967495515511665,0.84983903446540965,0.4137664369180154,0.17663925857157636,-0.16306572060398783,-0.77768289727113538,-0.93125863289432576
419,-0.19603633708728596,0.033214771914900298,-0.00012447817489746882,0.071496568481528522,0.18724001667190593,0.78661624460060819,0.43280813514603733,0.30210807329348488,0.86913764329763743,-0.60141185462026114,-0.062029259924900604,0.27136240921104915,-0.21136777038395449,-0.73785230219579168,0.011323933377284101,-0.58949168625399717,0.75590830860373814,0.50852347298385436,-0.82779467125564232,-0.34378547085494082
420,-0.72636770967227871,0.54038701737387229,-0.28354360307859072,0.10736468086428674,-0.69414644055787145,0.7932655736937777,0.75236486621151299,0.58418523021479474,0.97937558496136834,-0.68925656980243888,0.52818750963314454,0.7985991615095589,0.085205711431973974,-0.15967495515511665,0.84983903446540965,0.4137664369180154,0.17663925857157636,-0.16306572060398783,-0.77768289727113538,-0.93125863289432576
421,-0.19603633708728596,0.033214771914900298,-0.00012447817489746882,0.071496568481528522,0.18724001667190593,0.78661624460060819,0.43280813514603733,0.30210807329348488,0.86913764329763743,-0.60141185462026114,-0.062029259924900604,0.27136240921104915,-0.21136777038395449,-0.73785230219579168,0.011323933377284101,-0.58949168625399717,0.75590830860373814,0.50852347298385436,-0.82779467125564232,-0.34378547085494082
422,-0.94821322828507038,0.30583203284468463,0.2621542166573636,0.66038905277773075,-0.13987023260961373,0.74641121020353274,0.29431920961163893,0.83474628831974007,0.39999413950944795,-0.66969121712649815,0.69259765126915984,0.63262382976930032,-0.64669218256247096,-0.80676724718609516,-0.98002712988590335,0.38150092871049646,-0.17292831635599182,-0.25531835824039728,-0.26591373100972437,-0.61614376352954414
423,-0.19603633708728596,0.033214771914900298,-0.00012447817489746882,0.071496568481528522,0.18724001667190593,0.78661624460060819,0.43280813514603733,0.30210807329348488,0.86913764329763743,-0.60141185462026114,-0.062029259924900604,0.27136240921104915,-0.21136777038395449,-0.73785230219579168,0.011323933377284101,-0.58949168625399717,0.75590830860373814,0.50852347298385436,-0.82779467125564232,-0.34378547085494082
424,-0.76351189187717972,0.043020841091494955,0.21139198904509438,0.12175071453251296,-0.37348766829508029,0.64330870195742018,0.10141803575687103,0.16791733289594779,0.87639018968782345,-0.17685849007965126,0.096671691723802633,0.41805114955772216,0.27650859340528888,-0.52752104042645631,-0.12967005721045965,0.49260994687852788,-0.54721950267980413,0.27813776982938121,-0.81653540749125186,-0.82082175510670474
425,-0.72636770967227871,0.54038701737387229,-0.28354360307859072,0.10736468086428674,-0.69414644055787145,0.7932655736937777,0.75236486621151299,0.58418523021479474,0.97937558496136834,-0.68925656980243888,0.52818750963314454,0.7985991615095589,0.085205711431973974,-0.15967495515511665,0.84983903446540965,0.4137664369180154,0.17663925857157636,-0.16306572060398783,-0.77768289727113538,-0.93125863289432576
426,-0.72636770967227871,0.54038701737387229,-0.28354360307859072,0.10736468086428674,-0.69414644055787145,0.7932655736937777,0.75236486621151299,0.58418523021479474,0.97937558496136834,-0.68925656980243888,0.52818750963314454,0.7985991615095589,0.085205711431973974,-0.15967495515511665,0.84983903446540965,0.4137664369180154,0.17663925857157636,-0.16306572060398783,-0.77768289727113538,-0.93125863289432576
427,-0.19603633708728596,0.033214771914900298,-0.00012447817489746882,0.071496568481528522,0.18724001667190593,0.78661624460060819,0.43280813514603733,0.30210807329348488,0.86913764329763743,-0.60141185462026114,-0.062029259924900604,0.27136240921104915,-0.21136777038395449,-0.73785230219579168,0.011323933377284101,-0.58949168625399717,0.75590830860373814,0.50852347298385436,-0.82779467125564232,-0.34378547085494082
428,-0.44212273820108261,0.020448622569188446,-0.24851073779141797,-0.23382612683166837,0.035399033313846529,0.58168131205356777,0.92367813754167161,0.8316229725249864,-0.38182165820096525,-0.92481656225776798,0.85521322740656269,-0.12280443554780596,-0.24750034458659087,-0.96040352487087222,-0.88556418734997333,-0.65987364717947194,-0.59416684342949799,-0.55303632155067062,0.20554421078513219,-0.63504964274035891
429,-0.43198269286860458,-0.21238551630076619,0.2399484016859077,0.16853940262526956,-0.52269272386509424,0.15285343181397049,0.71563956828136144,0.089565408548923475,0.40315760627385377,0.20097610486970741,0.20460863741505486,0.79520452248783968,-0.16353775673210036,-0.96384915830181161,0.010346778015448477,0.41871769284224625,-0.12820750606465503,-0.17365253035747474,-0.19756067189097859,-0.59077297147792018
430,-0.63089787384254525,0.6690818879892857,-0.040057718262865194,0.16654870751220341,-0.7305219398063405,0.58297437628817539,0.27165022287116192,-0.49831781558001675,0.055520079875316153,-0.91271550270220336,0.56078886964035046,-0.44877523643861394,-0.89279907737864139,-0.65252556285087171,-0.078290709643888734,-0.32520986969289178,0.70569138763054884,-0.84075997297232052,0.018942967105671116,0.15495311550536184
431,-0.19603633708728596,0.033214771914900298,-0.00012447817489746882,0.071496568481528522,0.18724001667190593,0.78661624460060819,0.43280813514603733,0.30210807329348488,0.86913764329763743,-0.60141185462026114,-0.062029259924900604,0.27136240921104915,-0.21136777038395449,-0.73785230219579168,0.011323933377284101,-0.58949168625399717,0.75590830860373814,0.50852347298385436,-0.82779467125564232,-0.34378547085494082
432,-0.72636770967227871,0.54038701737387229,-0.28354360307859072,0.10736468086428674,-0.69414644055787145,0.7932655736937777,0.75236486621151299,0.58418523021479474,0.97937558496136834,-0.68925656980243888,0.52818750963314454,0.7985991615095589,0.085205711431973974,-0.15967495515511665,0.84983903446540965,0.4137664369180154,0.17663925857157636,-0.16306572060398783,-0.77768289727113538,-0.93125863289432576
433,-0.19603633708728596,0.033214771914900298,-0.00012447817489746882,0.071496568481528522,0.18724001667190593,0.78661624460060819,0.43280813514603733,0.30210807329348488,0.86913764329763743,-0.60141185462026114,-0.062029259924900604,0.27136240921104915,-0.21136777038395449,-0.73785230219579168,0.011323933377284101,-0.58949168625399717,0.75590830860373814,0.50852347298385436,-0.82779467125564232,-0.34378547085494082
434,-0.19603633708728596,0.033214771914900298,-0.00012447817489746882,0.071496568481528522,0.18724001667190593,0.78661624460060819,0.43280813514603733,0.30210807329348488,0.86913764329763743,-0.60141185462026114,-0.062029259924900604,0.27136240921104915,-0.21136777038395449,-0.73785230219579168,0.011323933377284101,-0.58949168625399717,0.75590830860373814,0.50852347298385436,-0.82779467125564232,-0.34378547085494082
435,-0.72636770967227871,0.54038701737387229,-0.28354360307859072,0.10736468086428674,-0.69414644055787145,0.7932655736937777,0.75236486621151299,0.58418523021479474,0.97937558496136834,-0.68925656980243888,0.52818750963314454,0.7985991615095589,0.085205711431973974,-0.15967495515511665,0.84983903446540965,0.4137664369180154,0.17663925857157636,-0.16306572060398783,-0.77768289727113538,-0.93125863289432576
436,-0.76351189187717972,0.043020841091494955,0.21139198904509438,0.12175071453251296,-0.37348766829508029,0.64330870195742018,0.10141803575687103,0.16791733289594779,0.87639018968782345,-0.17685849007965126,0.096671691723802633,0.41805114955772216,0.27650859340528888,-0.52752104042645631,-0.12967005721045965,0.49260994687852788,-0.54721950267980413,0.27813776982938121,-0.81653540749125186,-0.82082175510670474
437,-0.94821322828507038,0.30583203284468463,0.2621542166573636,0.66038905277773075,-0.13987023260961373,0.74641121020353274,0.29431920961163893,0.83474628831974007,0.39999413950944795,-0.66969121712649815,0.69259765126915984,0.63262382976930032,-0.64669218256247096,-0.80676724718609516,-0.98002712988590335,0.38150092871049646,-0.17292831635599182,-0.25531835824039728,-0.26591373100972437,-0.61614376352954414
438,-0.63089787384254525,0.6690818879892857,-0.040057718262865194,0.16654870751220341,-0.7305219398063405,0.58297437628817539,0.27165022287116192,-0.49831781558001675,0.055520079875316153,-0.91271550270220336,0.56078886964035046,-0.44877523643861394,-0.89279907737864139,-0.65252556285087171,-0.078290709643888734,-0.32520986969289178,0.70569138763054884,-0.84075997297232052,0.018942967105671116,0.15495311550536184
439,-0.72636770967227871,0.54038701737387229,-0.28354360307859072,0.10736468086428674,-0.69414644055787145,0.7932655736937777,0.75236486621151299,0.58418523021479474,0.97937558496136834,-0.68925656980243888,0.52818750963314454,0.7985991615095589,0.085205711431973974,-0.15967495515511665,0.84983903446540965,0.4137664369180154,0.17663925857157636,-0.16306572060398783,-0.77768289727113538,-0.93125863289432576
440,-0.76351189187717972,0.043020841091494955,0.21139198904509438,0.12175071453251296,-0.37348766829508029,0.64330870195742018,0.10141803575687103,0.16791733289594779,0.87639018968782345,-0.17685849007965126,0.096671691723802633,0.41805114955772216,0.27650859340528888,-0.52752104042645631,-0.12967005721045965,0.49260994687852788,-0.54721950267980413,0.27813776982938121,-0.81653540749125186,-0.82082175510670474
441,-0.19603633708728596,0.033214771914900298,-0.00012447817489746882,0.071496568481528522,0.18724001667190593,0.78661624460060819,0.43280813514603733,0.30210807329348488,0.86913764329763743,-0.60141185462026114,-0.062029259924900604,0.27136240921104915,-0.21136777038395449,-0.73785230219579168,0.011323933377284101,-0.58949168625399717,0.75590830860373814,0.50852347298385436,-0.82779467125564232,-0.34378547085494082
442,-0.72636770967227871,0.54038701737387229,-0.28354360307859072,0.10736468086428674,-0.69414644055787145,0.7932655736937777,0.75236486621151299,0.58418523021479474,0.97937558496136834,-0.68925656980243888,0.52818750963314454,0.7985991615095589,0.085205711431973974,-0.15967495515511665,0.84983903446540965,0.4137664369180154,0.17663925857157636,-0.16306572060398783,-0.77768289727113538,-0.93125863289432576
443,-0.94821322828507038,0.30583203284468463,0.2621542166573636,0.66038905277773075,-0.13987023260961373,0.74641121020353274,0.29431920961163893,0.83474628831974007,0.39999413950944795,-0.66969121712649815,0.69259765126915984,0.63262382976930032,-0.64669218256247096,-0.80676724718609516,-0.98002712988590335,0.38150092871049646,-0.17292831635599182,-0.25531835824039728,-0.26591373100972437,-0.61614376352954414
444,-0.72636770967227871,0.54038701737387229,-0.28354360307859072,0.10736468086428674,-0.69414644055787145,0.7932655736937777,0.75236486621151299,0.58418523021479474,0.97937558496136834,-0.68925656980243888,0.52818750963314454,0.7985991615095589,0.085205711431973974,-0.15967495515511665,0.84983903446540965,0.4137664369180154,0.17663925857157636,-0.16306572060398783,-0.77768289727113538,-0.93125863289432576
445,-0.76351189187717972,0.043020841091494955,0.21139198904509438,0.12175071453251296,-0.37348766829508029,0.64330870195742018,0.10141803575687103,0.16791733289594779,0.87639018968782345,-0.17685849007965126,0.096671691723802633,0.41805114955772216,0.27650859340528888,-0.52752104042645631,-0.12967005721045965,0.49260994687852788,-0.54721950267980413,0.27813776982938121,-0.81653540749125186,-0.82082175510670474
446,-0.76351189187717972,0.043020841091494955,0.21139198904509438,0.12175071453251296,-0.37348766829508029,0.64330870195742018,0.10141803575687103,0.16791733289594779,0.87639018968782345,-0.17685849007965126,0.096671691723802633,0.41805114955772216,0.27650859340528888,-0.52752104042645631,-0.12967005721045965,0.49260994687852788,-0.54721950267980413,0.27813776982938121,-0.81653540749125186,-0.82082175510670474
447,-0.19603633708728596,0.033214771914900298,-0.00012447817489746882,0.071496568481528522,0.18724001667190593,0.78661624460060819,0.43280813514603733,0.30210807329348488,0.86913764329763743,-0.60141185462026114,-0.062029259924900604,0.27136240921104915,-0.21136777038395449,-0.73785230219579168,0.011323933377284101,-0.58949168625399717,0.75590830860373814,0.50852347298385436,-0.82779467125564232,-0.34378547085494082
448,-0.19603633708728596,0.033214771914900298,-0.00012447817489746882,0.071496568481528522,0.18724001667190593,0.78661624460060819,0.43280813514603733,0.30210807329348488,0.86913764329763743,-0.60141185462026114,-0.062029259924900604,0.27136240921104915,-0.21136777038395449,-0.73785230219579168,0.011323933377284101,-0.58949168625399717,0.75590830860373814,0.50852347298385436,-0.82779467125564232,-0.34378547085494082
449,-0.72636770967227871,0.54038701737387229,-0.28354360307859072,0.10736468086428674,-0.69414644055787145,0.7932655736937777,0.75236486621151299,0.58418523021479474,0.97937558496136834,-0.68925656980243888,0.52818750963314454,0.7985991615095589,0.085205711431973974,-0.15967495515511665,0.84983903446540965,0.4137664369180154,0.17663925857157636,-0.16306572060398783,-0.77768289727113538,-0.93125863289432576
450,-0.43198269286860458,-0.21238551630076619,0.2399484016859077,0.16853940262526956,-0.52269272386509424,0.15285343181397049,0.71563956828136144,0.089565408548923475,0.40315760627385377,0.20097610486970741,0.20460863741505486,0.79520452248783968,-0.16353775673210036,-0.96384915830181161,0.010346778015448477,0.41871769284224625,-0.12820750606465503,-0.17365253035747474,-0.19756067189097859,-0.59077297147792018
451,-0.19603633708728596,0.033214771914900298,-0.00012447817489746882,0.071496568481528522,0.18724001667190593,0.78661624460060819,0.43280813514603733,0.30210807329348488,0.86913764329763743,-0.60141185462026114,-0.062029259924900604,0.27136240921104915,-0.21136777038395449,-0.73785230219579168,0.011323933377284101,-0.58949168625399717,0.75590830860373814,0.50852347298385436,-0.82779467125564232,-0.34378547085494082
452,-0.47703164340807147,0.0050867687369404724,0.12358826884330409,-0.130851182087798,-0.075137229777033188,0.80617110525522029,0.17712383174157087,0.50223025950840849,0.83148929427957419,-0.58034728151992243,0.75147880021664704,0.14288938884160429,0.63174746977486262,-0.63443097778226121,-0.57144313633790089,0.79193218928645615,0.4467742114237192,-0.91650438208211016,0.16862218156145881,0.55202473957309905
453,-0.74760628325054279,0.76068003056633327,-0.085709940128596562,0.19238059004854691,-0.87925703413445144,0.22442249609866671,0.94073673409967595,0.071873348678880289,-0.033584897852507511,-0.69712004200778543,0.098789847041494294,-0.33819585626673621,-0.40727313269015708,-0.00653311788091826,0.23031074625461034,-0.1210909723447724,0.7120631175957981,-0.97434632647981512,-0.86877750893841332,0.10451908061956017
454,-0.76351189187717972,0.043020841091494955,0.21139198904509438,0.12175071453251296,-0.37348766829508029,0.64330870195742018,0.10141803575687103,0.16791733289594779,0.87639018968782345,-0.17685849007965126,0.096671691723802633,0.41805114955772216,0.27650859340528888,-0.52752104042645631,-0.12967005721045965,0.49260994687852788,-0.54721950267980413,0.27813776982938121,-0.81653540749125186,-0.82082175510670474
455,-0.19603633708728596,0.033214771914900298,-0.00012447817489746882,0.071496568481528522,0.18724001667190593,0.78661624460060819,0.43280813514603733,0.30210807329348488,0.86913764329763743,-0.60141185462026114,-0.062029259924900604,0.27136240921104915,-0.21136777038395449,-0.73785230219579168,0.011323933377284101,-0.58949168625399717,0.75590830860373814,0.50852347298385436,-0.82779467125564232,-0.34378547085494082
456,-0.19603633708728596,0.033214771914900298,-0.00012447817489746882,0.071496568481528522,0.18724001667190593,0.78661624460060819,0.43280813514603733,0.30210807329348488,0.86913764329763743,-0.60141185462026114,-0.062029259924900604,0.27136240921104915,-0.21136777038395449,-0.73785230219579168,0.011323933377284101,-0.58949168625399717,0.75590830860373814,0.50852347298385436,-0.82779467125564232,-0.34378547085494082
457,-0.94821322828507038,0.30583203284468463,0.2621542166573636,0.66038905277773075,-0.13987023260961373,0.74641121020353274,0.29431920961163893,0.83474628831974007,0.39999413950944795,-0.66969121712649815,0.69259765126915984,0.63262382976930032,-0.64669218256247096,-0.80676724718609516,-0.98002712988590335,0.38150092871049646,-0.17292831635599182,-0.25531835824039728,-0.26591373100972437,-0.61614376352954414
458,-0.72636770967227871,0.54038701737387229,-0.28354360307859072,0.10736468086428674,-0.69414644055787145,0.7932655736937777,0.75236486621151299,0.58418523021479474,0.97937558496136834,-0.68925656980243888,0.52818750963314454,0.7985991615095589,0.085205711431973974,-0.15967495515511665,0.84983903446540965,0.4137664369180154,0.17663925857157636,-0.16306572060398783,-0.77768289727113538,-0.93125863289432576
459,-0.72636770967227871,0.54038701737387229,-0.28354360307859072,0.10736468086428674,-0.69414644055787145,0.7932655736937777,0.75236486621151299,0.58418523021479474,0.97937558496136834,-0.68925656980243888,0.52818750963314454,0.7985991615095589,0.085205711431973974,-0.15967495515511665,0.84983903446540965,0.4137664369180154,0.17663925857157636,-0.16306572060398783,-0.77768289727113538,-0.93125863289432576
460,-0.43198269286860458,-0.21238551630076619,0.2399484016859077,0.16853940262526956,-0.52269272386509424,0.15285343181397049,0.71563956828136144,0.089565408548923475,0.40315760627385377,0.20097610486970741,0.20460863741505486,0.79520452248783968,-0.16353775673210036,-0.96384915830181161,0.010346778015448477,0.41871769284224625,-0.12820750606465503,-0.17365253035747474,-0.19756067189097859,-0.59077297147792018
461,-0.94821322828507038,0.30583203284468463,0.2621542166573636,0.66038905277773075,-0.13987023260961373,0.74641121020353274,0.29431920961163893,0.83474628831974007,0.39999413950944795,-0.66969121712649815,0.69259765126915984,0.63262382976930032,-0.64669218256247096,-0.80676724718609516,-0.98002712988590335,0.38150092871049646,-0.17292831635599182,-0.25531835824039728,-0.26591373100972437,-0.61614376352954414
462,-0.76351189187717972,0.043020841091494955,0.21139198904509438,0.12175071453251296,-0.37348766829508029,0.64330870195742018,0.10141803575687103,0.16791733289594779,0.87639018968782345,-0.17685849007965126,0.096671691723802633,0.41805114955772216,0.27650859340528888,-0.52752104042645631,-0.12967005721045965,0.49260994687852788,-0.54721950267980413,0.27813776982938121,-0.81653540749125186,-0.82082175510670474
463,-0.43198269286860458,-0.21238551630076619,0.2399484016859077,0.16853940262526956,-0.52269272386509424,0.15285343181397049,0.71563956828136144,0.089565408548923475,0.40315760627385377,0.20097610486970741,0.20460863741505486,0.79520452248783968,-0.16353775673210036,-0.96384915830181161,0.010346778015448477,0.41871769284224625,-0.12820750606465503,-0.17365253035747474,-0.19756067189097859,-0.59077297147792018
464,-0.64846057345155494,-0.10828208231211423,0.27144512655833286,-0.13972664867624474,-0.2820655003527035,-0.25657894180188778,-0.36457838340470428,-0.83115059392261403,0.25783561895239737,-0.71320370091618268,-0.22525686254950372,0.01311624704658132,-0.73376100526415344,-0.66747193804583183,0.70484524134074777,0.44574460199673194,0.54935176318250045,-0.79321055390928219,-0.50319018851834763,-0.22761564863029005
465,-0.72636770967227871,0.54038701737387229,-0.28354360307859072,0.10736468086428674,-0.69414644055787145,0.7932655736937777,0.75236486621151299,0.58418523021479474,0.97937558496136834,-0.68925656980243888,0.52818750963314454,0.7985991615095589,0.085205711431973974,-0.15967495515511665,0.84983903446540965,0.4137664369180154,0.17663925857157636,-0.16306572060398783,-0.77768289727113538,-0.93125863289432576
466,-0.72636770967227871,0.54038701737387229,-0.28354360307859072,0.10736468086428674,-0.69414644055787145,0.7932655736937777,0.75236486621151299,0.58418523021479474,0.97937558496136834,-0.68925656980243888,0.52818750963314454,0.7985991615095589,0.085205711431973974,-0.15967495515511665,0.84983903446540965,0.4137664369180154,0.17663925857157636,-0.16306572060398783,-0.77768289727113538,-0.93125863289432576
467,-0.43023911094401468,0.68247206985562325,-0.32557838531489769,0.035752200723020211,-0.10616844609952802,0.82649749094401503,-0.49076781393311175,-0.84231095464553918,0.45026469807801872,-0.97081365165082323,-0.88809443029591129,0.036610733416947649,0.1568898850823619,-0.44469931892553305,-0.048998176758696221,-0.0038673092977317136,0.52680092729315131,-0.40046078314612488,-0.45829225254831796,0.71282316512906241
468,-0.19603633708728596,0.033214771914900298,-0.00012447817489746882,0.071496568481528522,0.18724001667190593,0.78661624460060819,0.43280813514603733,0.30210807329348488,0.86913764329763743,-0.60141185462026114,-0.062029259924900604,0.27136240921104915,-0.21136777038395449,-0.73785230219579168,0.011323933377284101,-0.58949168625399717,0.75590830860373814,0.50852347298385436,-0.82779467125564232,-0.34378547085494082
469,-0.94821322828507038,0.30583203284468463,0.2621542166573636,0.66038905277773075,-0.13987023260961373,0.74641121020353274,0.29431920961163893,0.83474628831974007,0.39999413950944795,-0.66969121712649815,0.69259765126915984,0.63262382976930032,-0.64669218256247096,-0.80676724718609516,-0.98002712988590335,0.38150092871049646,-0.17292831635599182,-0.25531835824039728,-0.26591373100972437,-0.61614376352954414
470,-0.44212273820108261,0.020448622569188446,-0.24851073779141797,-0.23382612683166837,0.035399033313846529,0.58168131205356777,0.92367813754167161,0.8316229725249864,-0.38182165820096525,-0.92481656225776798,0.85521322740656269,-0.12280443554780596,-0.24750034458659087,-0.96040352487087222,-0.88556418734997333,-0.65987364717947194,-0.59416684342949799,-0.55303632155067062,0.20554421078513219,-0.63504964274035891
471,-0.59073706383365265,0.12354596438561294,0.0086269858054444093,-0.26161113376544698,0.67192538523758483,0.76618177938655729,0.5141000161450231,0.068356894883264019,0.056732580546063227,-0.22794487027123966,0.26327961464225136,0.41104244349122721,-0.030951702178711571,-0.19295209943571634,-0.50653383830342236,0.52932033689943503,0.008987324626093196,-0.80852768604781522,-0.71646106751974492,-0.53466874994215963
472,-0.72636770967227871,0.54038701737387229,-0.28354360307859072,0.10736468086428674,-0.69414644055787145,0.7932655736937777,0.75236486621151299,0.58418523021479474,0.97937558496136834,-0.68925656980243888,0.52818750963314454,0.7985991615095589,0.085205711431973974,-0.15967495515511665,0.84983903446540965,0.4137664369180154,0.17663925857157636,-0.16306572060398783,-0.77768289727113538,-0.93125863289432576
473,-0.74760628325054279,0.76068003056633327,-0.085709940128596562,0.19238059004854691,-0.87925703413445144,0.22442249609866671,0.94073673409967595,0.071873348678880289,-0.033584897852507511,-0.69712004200778543,0.098789847041494294,-0.33819585626673621,-0.40727313269015708,-0.00653311788091826,0.23031074625461034,-0.1210909723447724,0.7120631175957981,-0.97434632647981512,-0.86877750893841332,0.10451908061956017
474,-0.72636770967227871,0.54038701737387229,-0.28354360307859072,0.10736468086428674,-0.69414644055787145,0.7932655736937777,0.75236486621151299,0.58418523021479474,0.97937558496136834,-0.68925656980243888,0.52818750963314454,0.7985991615095589,0.085205711431973974,-0.15967495515511665,0.84983903446540965,0.4137664369180154,0.17663925857157636,-0.16306572060398783,-0.77768289727113538,-0.93125863289432576
475,-0.19603633708728596,0.033214771914900298,-0.00012447817489746882,0.071496568481528522,0.18724001667190593,0.78661624460060819,0.43280813514603733,0.30210807329348488,0.86913764329763743,-0.60141185462026114,-0.062029259924900604,0.27136240921104915,-0.21136777038395449,-0.73785230219579168,0.011323933377284101,-0.58949168625399717,0.75590830860373814,0.50852347298385436,-0.82779467125564232,-0.34378547085494082
476,-0.76351189187717972,0.043020841091494955,0.21139198904509438,0.12175071453251296,-0.37348766829508029,0.64330870195742018,0.10141803575687103,0.16791733289594779,0.87639018968782345,-0.17685849007965126,0.096671691723802633,0.41805114955772216,0.27650859340528888,-0.52752104042645631,-0.12967005721045965,0.49260994687852788,-0.54721950267980413,0.27813776982938121,-0.81653540749125186,-0.82082175510670474
477,-0.43198269286860458,-0.21238551630076619,0.2399484016859077,0.16853940262526956,-0.52269272386509424,0.15285343181397049,0.71563956828136144,0.089565408548923475,0.40315760627385377,0.20097610486970741,0.20460863741505486,0.79520452248783968,-0.16353775673210036,-0.96384915830181161,0.010346778015448477,0.41871769284224625,-0.12820750606465503,-0.17365253035747474,-0.19756067189097859,-0.59077297147792018
478,-0.19603633708728596,0.033214771914900298,-0.00012447817489746882,0.071496568481528522,0.18724001667190593,0.78661624460060819,0.43280813514603733,0.30210807329348488,0.86913764329763743,-0.60141185462026114,-0.062029259924900604,0.27136240921104915,-0.21136777038395449,-0.73785230219579168,0.011323933377284101,-0.58949168625399717,0.75590830860373814,0.50852347298385436,-0.82779467125564232,-0.34378547085494082
479,-0.63089787384254525,0.6690818879892857,-0.040057718262865194,0.16654870751220341,-0.7305219398063405,0.58297437628817539,0.27165022287116192,-0.49831781558001675,0.055520079875316153,-0.91271550270220336,0.56078886964035046,-0.44877523643861394,-0.89279907737864139,-0.65252556285087171,-0.078290709643888734,-0.32520986969289178,0.70569138763054884,-0.84075997297232052,0.018942967105671116,0.15495311550536184
480,-0.43198269286860458,-0.21238551630076619,0.2399484016859077,0.16853940262526956,-0.52269272386509424,0.15285343181397049,0.71563956828136144,0.089565408548923475,0.40315760627385377,0.20097610486970741,0.20460863741505486,0.79520452248783968,-0.16353775673210036,-0.96384915830181161,0.010346778015448477,0.41871769284224625,-0.12820750606465503,-0.17365253035747474,-0.19756067189097859,-0.59077297147792018
481,-0.19603633708728596,0.033214771914900298,-0.00012447817489746882,0.071496568481528522,0.18724001667190593,0.78661624460060819,0.43280813514603733,0.30210807329348488,0.86913764329763743,-0.60141185462026114,-0.062029259924900604,0.27136240921104915,-0.21136777038395449,-0.73785230219579168,0.011323933377284101,-0.58949168625399717,0.75590830860373814,0.50852347298385436,-0.82779467125564232,-0.34378547085494082
482,-0.76351189187717972,0.043020841091494955,0.21139198904509438,0.12175071453251296,-0.37348766829508029,0.64330870195742018,0.10141803575687103,0.16791733289594779,0.87639018968782345,-0.17685849007965126,0.096671691723802633,0.41805114955772216,0.27650859340528888,-0.52752104042645631,-0.12967005721045965,0.49260994687852788,-0.54721950267980413,0.27813776982938121,-0.81653540749125186,-0.82082175510670474
483,-0.72636770967227871,0.54038701737387229,-0.28354360307859072,0.10736468086428674,-0.69414644055787145,0.7932655736937777,0.75236486621151299,0.58418523021479474,0.97937558496136834,-0.68925656980243888,0.52818750963314454,0.7985991615095589,0.085205711431973974,-0.15967495515511665,0.84983903446540965,0.4137664369180154,0.17663925857157636,-0.16306572060398783,-0.77768289727113538,-0.93125863289432576
484,-0.76351189187717972,0.043020841091494955,0.21139198904509438,0.12175071453251296,-0.37348766829508029,0.64330870195742018,0.10141803575687103,0.16791733289594779,0.87639018968782345,-0.17685849007965126,0.096671691723802633,0.41805114955772216,0.27650859340528888,-0.52752104042645631,-0.12967005721045965,0.49260994687852788,-0.54721950267980413,0.27813776982938121,-0.81653540749125186,-0.82082175510670474
485,-0.74760628325054279,0.76068003056633327,-0.085709940128596562,0.19238059004854691,-0.87925703413445144,0.22442249609866671,0.94073673409967595,0.071873348678880289,-0.033584897852507511,-0.69712004200778543,0.098789847041494294,-0.33819585626673621,-0.40727313269015708,-0.00653311788091826,0.23031074625461034,-0.1210909723447724,0.7120631175957981,-0.97434632647981512,-0.86877750893841332,0.10451908061956017
486,-0.43198269286860458,-0.21238551630076619,0.2399484016859077,0.16853940262526956,-0.52269272386509424,0.15285343181397049,0.71563956828136144,0.089565408548923475,0.40315760627385377,0.20097610486970741,0.20460863741505486,0.79520452248783968,-0.16353775673210036,-0.96384915830181161,0.010346778015448477,0.41871769284224625,-0.12820750606465503,-0.17365253035747474,-0.19756067189097859,-0.59077297147792018
487,-0.9098049492377267,-0.095780465437198981,0.13627524500132449,-0.12042142664806632,0.49669226537406796,0.91160066809142659,0.88341087296523968,0.40650428962953855,0.4428834327662865,-0.52102069052291999,0.76235020376641316,0.18907627605656474,-0.91354279032782593,-0.88194028701087968,-0.51772372843566949,-0.22573685986275827,-0.64113552406327146,-0.27672024754609414,-0.18952603852344518,-0.30960318828652067
488,-0.72636770967227871,0.54038701737387229,-0.28354360307859072,0.10736468086428674,-0.69414644055787145,0.7932655736937777,0.75236486621151299,0.58418523021479474,0.97937558496136834,-0.68925656980243888,0.52818750963314454,0.7985991615095589,0.085205711431973974,-0.15967495515511665,0.84983903446540965,0.4137664369180154,0.17663925857157636,-0.16306572060398783,-0.77768289727113538,-0.93125863289432576
489,-0.72636770967227871,0.54038701737387229,-0.28354360307859072,0.10736468086428674,-0.69414644055787145,0.7932655736937777,0.75236486621151299,0.58418523021479474,0.97937558496136834,-0.68925656980243888,0.52818750963314454,0.7985991615095589,0.085205711431973974,-0.15967495515511665,0.84983903446540965,0.4137664369180154,0.17663925857157636,-0.16306572060398783,-0.77768289727113538,-0.93125863289432576
490,-0.72636770967227871,0.54038701737387229,-0.28354360307859072,0.10736468086428674,-0.69414644055787145,0.7932655736937777,0.75236486621151299,0.58418523021479474,0.97937558496136834,-0.68925656980243888,0.52818750963314454,0.7985991615095589,0.085205711431973974,-0.15967495515511665,0.84983903446540965,0.4137664369180154,0.17663925857157636,-0.16306572060398783,-0.77768289727113538,-0.93125863289432576
491,-0.72636770967227871,0.54038701737387229,-0.28354360307859072,0.10736468086428674,-0.69414644055787145,0.7932655736937777,0.75236486621151299,0.58418523021479474,0.97937558496136834,-0.68925656980243888,0.52818750963314454,0.7985991615095589,0.085205711431973974,-0.15967495515511665,0.84983903446540965,0.4137664369180154,0.17663925857157636,-0.16306572060398783,-0.77768289727113538,-0.93125863289432576
492,-0.76351189187717972,0.043020841091494955,0.21139198904509438,0.12175071453251296,-0.37348766829508029,0.64330870195742018,0.10141803575687103,0.16791733289594779,0.87639018968782345,-0.17685849007965126,0.096671691723802633,0.41805114955772216,0.27650859340528888,-0.52752104042645631,-0.12967005721045965,0.49260994687852788,-0.54721950267980413,0.27813776982938121,-0.81653540749125186,-0.82082175510670474
493,-0.74760628325054279,0.76068003056633327,-0.085709940128596562,0.19238059004854691,-0.87925703413445144,0.22442249609866671,0.94073673409967595,0.071873348678880289,-0.033584897852507511,-0.69712004200778543,0.098789847041494294,-0.33819585626673621,-0.40727313269015708,-0.00653311788091826,0.23031074625461034,-0.1210909723447724,0.7120631175957981,-0.97434632647981512,-0.86877750893841332,0.10451908061956017
494,-0.76351189187717972,0.043020841091494955,0.21139198904509438,0.12175071453251296,-0.37348766829508029,0.64330870195742018,0.10141803575687103,0.16791733289594779,0.87639018968782345,-0.17685849007965126,0.096671691723802633,0.41805114955772216,0.27650859340528888,-0.52752104042645631,-0.12967005721045965,0.49260994687852788,-0.54721950267980413,0.27813776982938121,-0.81653540749125186,-0.82082175510670474
495,-0.56152083477900305,-0.22281019935813107,0.23227853026221923,0.18124360262468309,-0.2956766394360637,0.084090887715422058,0.55795401820974511,-0.51093747852149063,0.69430229992397074,-0.061383681165818826,-0.6411015239724287,0.57735414835108378,-0.86143721858926936,-0.052518443093517719,0.18930056471455137,-0.12207800821616033,0.62616273177908988,0.14649522190299846,-0.7858492505753798,0.26159379976943264
496,-0.19603633708728596,0.033214771914900298,-0.00012447817489746882,0.071496568481528522,0.18724001667190593,0.78661624460060819,0.43280813514603733,0.30210807329348488,0.86913764329763743,-0.60141185462026114,-0.062029259924900604,0.27136240921104915,-0.21136777038395449,-0.73785230219579168,0.011323933377284101,-0.58949168625399717,0.75590830860373814,0.50852347298385436,-0.82779467125564232,-0.34378547085494082
497,-0.72636770967227871,0.54038701737387229,-0.28354360307859072,0.10736468086428674,-0.69414644055787145,0.7932655736937777,0.75236486621151299,0.58418523021479474,0.97937558496136834,-0.68925656980243888,0.52818750963314454,0.7985991615095589,0.085205711431973974,-0.15967495515511665,0.84983903446540965,0.4137664369180154,0.17663925857157636,-0.16306572060398783,-0.77768289727113538,-0.93125863289432576
498,-0.72636770967227871,0.54038701737387229,-0.28354360307859072,0.10736468086428674,-0.69414644055787145,0.7932655736937777,0.75236486621151299,0.58418523021479474,0.97937558496136834,-0.68925656980243888,0.52818750963314454,0.7985991615095589,0.085205711431973974,-0.15967495515511665,0.84983903446540965,0.4137664369180154,0.17663925857157636,-0.16306572060398783,-0.77768289727113538,-0.93125863289432576
499,-0.94821322828507038,0.30583203284468463,0.2621542166573636,0.66038905277773075,-0.13987023260961373,0.74641121020353274,0.29431920961163893,0.83474628831974007,0.39999413950944795,-0.66969121712649815,0.69259765126915984,0.63262382976930032,-0.64669218256247096,-0.80676724718609516,-0.98002712988590335,0.38150092871049646,-0.17292831635599182,-0.25531835824039728,-0.26591373100972437,-0.61614376352954414
500,-0.76351189187717972,0.043020841091494955,0.21139198904509438,0.12175071453251296,-0.37348766829508029,0.64330870195742018,0.10141803575687103,0.16791733289594779,0.87639018968782345,-0.17685849007965126,0.096671691723802633,0.41805114955772216,0.27650859340528888,-0.52752104042645631,-0.12967005721045965,0.49260994687852788,-0.54721950267980413,0.27813776982938121,-0.81653540749125186,-0.82082175510670474
501,-0.43198269286860458,-0.21238551630076619,0.2399484016859077,0.16853940262526956,-0.52269272386509424,0.15285343181397049,0.71563956828136144,0.089565408548923475,0.40315760627385377,0.20097610486970741,0.20460863741505486,0.79520452248783968,-0.16353775673210036,-0.96384915830181161,0.010346778015448477,0.41871769284224625,-0.12820750606465503,-0.17365253035747474,-0.19756067189097859,-0.59077297147792018
502,-0.74760628325054279,0.76068003056633327,-0.085709940128596562,0.19238059004854691,-0.87925703413445144,0.22442249609866671,0.94073673409967595,0.071873348678880289,-0.033584897852507511,-0.69712004200778543,0.098789847041494294,-0.33819585626673621,-0.40727313269015708,-0.00653311788091826,0.23031074625461034,-0.1210909723447724,0.7120631175957981,-0.97434632647981512,-0.86877750893841332,0.10451908061956017
503,-0.94821322828507038,0.30583203284468463,0.2621542166573636,0.66038905277773075,-0.13987023260961373,0.74641121020353274,0.29431920961163893,0.83474628831974007,0.39999413950944795,-0.66969121712649815,0.69259765126915984,0.63262382976930032,-0.64669218256247096,-0.80676724718609516,-0.98002712988590335,0.38150092871049646,-0.17292831635599182,-0.25531835824039728,-0.26591373100972437,-0.61614376352954414
504,-0.43198269286860458,-0.21238551630076619,0.2399484016859077,0.16853940262526956,-0.52269272386509424,0.15285343181397049,0.71563956828136144,0.089565408548923475,0.40315760627385377,0.20097610486970741,0.20460863741505486,0.79520452248783968,-0.16353775673210036,-0.96384915830181161,0.010346778015448477,0.41871769284224625,-0.12820750606465503,-0.17365253035747474,-0.19756067189097859,-0.59077297147792018
505,-0.19603633708728596,0.033214771914900298,-0.00012447817489746882,0.071496568481528522,0.18724001667190593,0.78661624460060819,0.43280813514603733,0.30210807329348488,0.86913764329763743,-0.60141185462026114,-0.062029259924900604,0.27136240921104915,-0.21136777038395449,-0.73785230219579168,0.011323933377284101,-0.58949168625399717,0.75590830860373814,0.50852347298385436,-0.82779467125564232,-0.34378547085494082
506,-0.19603633708728596,0.033214771914900298,-0.00012447817489746882,0.071496568481528522,0.18724001667190593,0.78661624460060819,0.43280813514603733,0.30210807329348488,0.86913764329763743,-0.60141185462026114,-0.062029259924900604,0.27136240921104915,-0.21136777038395449,-0.73785230219579168,0.011323933377284101,-0.58949168625399717,0.75590830860373814,0.50852347298385436,-0.82779467125564232,-0.34378547085494082
507,-0.19603633708728596,0.033214771914900298,-0.00012447817489746882,0.071496568481528522,0.18724001667190593,0.78661624460060819,0.43280813514603733,0.30210807329348488,0.86913764329763743,-0.60141185462026114,-0.062029259924900604,0.27136240921104915,-0.21136777038395449,-0.73785230219579168,0.011323933377284101,-0.58949168625399717,0.75590830860373814,0.50852347298385436,-0.82779467125564232,-0.34378547085494082
508,-0.94821322828507038,0.30583203284468463,0.2621542166573636,0.66038905277773075,-0.13987023260961373,0.74641121020353274,0.29431920961163893,0.83474628831974007,0.39999413950944795,-0.66969121712649815,0.69259765126915984,0.63262382976930032,-0.64669218256247096,-0.80676724718609516,-0.98002712988590335,0.38150092871049646,-0.17292831635599182,-0.25531835824039728,-0.26591373100972437,-0.61614376352954414
509,-0.76351189187717972,0.043020841091494955,0.21139198904509438,0.12175071453251296,-0.37348766829508029,0.64330870195742018,0.10141803575687103,0.16791733289594779,0.87639018968782345,-0.17685849007965126,0.096671691723802633,0.41805114955772216,0.27650859340528888,-0.52752104042645631,-0.12967005721045965,0.49260994687852788,-0.54721950267980413,0.27813776982938121,-0.81653540749125186,-0.82082175510670474
510,-0.72636770967227871,0.54038701737387229,-0.28354360307859072,0.10736468086428674,-0.69414644055787145,0.7932655736937777,0.75236486621151299,0.58418523021479474,0.97937558496136834,-0.68925656980243888,0.52818750963314454,0.7985991615095589,0.085205711431973974,-0.15967495515511665,0.84983903446540965,0.4137664369180154,0.17663925857157636,-0.16306572060398783,-0.77768289727113538,-0.93125863289432576
511,-0.59073706383365265,0.12354596438561294,0.0086269858054444093,-0.26161113376544698,0.67192538523758483,0.76618177938655729,0.5141000161450231,0.068356894883264019,0.056732580546063227,-0.22794487027123966,0.26327961464225136,0.41104244349122721,-0.030951702178711571,-0.19295209943571634,-0.50653383830342236,0.52932033689943503,0.008987324626093196,-0.80852768604781522,-0.71646106751974492,-0.53466874994215963
512,-0.76351189187717972,0.043020841091494955,0.21139198904509438,0.12175071453251296,-0.37348766829508029,0.64330870195742018,0.10141803575687103,0.16791733289594779,0.87639018968782345,-0.17685849007965126,0.096671691723802633,0.41805114955772216,0.27650859340528888,-0.52752104042645631,-0.12967005721045965,0.49260994687852788,-0.54721950267980413,0.27813776982938121,-0.81653540749125186,-0.82082175510670474
513,-0.56152083477900305,-0.22281019935813107,0.23227853026221923,0.18124360262468309,-0.2956766394360637,0.084090887715422058,0.55795401820974511,-0.51093747852149063,0.69430229992397074,-0.061383681165818826,-0.6411015239724287,0.57735414835108378,-0.86143721858926936,-0.052518443093517719,0.18930056471455137,-0.12207800821616033,0.62616273177908988,0.14649522190299846,-0.7858492505753798,0.26159379976943264
514,-0.43198269286860458,-0.21238551630076619,0.2399484016859077,0.16853940262526956,-0.52269272386509424,0.15285343181397049,0.71563956828136144,0.089565408548923475,0.40315760627385377,0.20097610486970741,0.20460863741505486,0.79520452248783968,-0.16353775673210036,-0.96384915830181161,0.010346778015448477,0.41871769284224625,-0.12820750606465503,-0.17365253035747474,-0.19756067189097859,-0.59077297147792018
515,-0.19603633708728596,0.033214771914900298,-0.00012447817489746882,0.071496568481528522,0.18724001667190593,0.78661624460060819,0.43280813514603733,0.30210807329348488,0.86913764329763743,-0.60141185462026114,-0.062029259924900604,0.27136240921104915,-0.21136777038395449,-0.73785230219579168,0.011323933377284101,-0.58949168625399717,0.75590830860373814,0.50852347298385436,-0.82779467125564232,-0.34378547085494082
516,-0.19603633708728596,0.033214771914900298,-0.00012447817489746882,0.071496568481528522,0.18724001667190593,0.78661624460060819,0.43280813514603733,0.30210807329348488,0.86913764329763743,-0.60141185462026114,-0.062029259924900604,0.27136240921104915,-0.21136777038395449,-0.73785230219579168,0.011323933377284101,-0.58949168625399717,0.75590830860373814,0.50852347298385436,-0.82779467125564232,-0.34378547085494082
517,-0.76351189187717972,0.043020841091494955,0.21139198904509438,0.12175071453251296,-0.37348766829508029,0.64330870195742018,0.10141803575687103,0.16791733289594779,0.87639018968782345,-0.17685849007965126,0.096671691723802633,0.41805114955772216,0.27650859340528888,-0.52752104042645631,-0.12967005721045965,0.49260994687852788,-0.54721950267980413,0.27813776982938121,-0.81653540749125186,-0.82082175510670474
518,-0.74760628325054279,0.76068003056633327,-0.085709940128596562,0.19238059004854691,-0.87925703413445144,0.22442249609866671,0.94073673409967595,0.071873348678880289,-0.033584897852507511,-0.69712004200778543,0.098789847041494294,-0.33819585626673621,-0.40727313269015708,-0.00653311788091826,0.23031074625461034,-0.1210909723447724,0.7120631175957981,-0.97434632647981512,-0.86877750893841332,0.10451908061956017
519,-0.19603633708728596,0.033214771914900298,-0.00012447817489746882,0.071496568481528522,0.18724001667190593,0.78661624460060819,0.43280813514603733,0.30210807329348488,0.86913764329763743,-0.60141185462026114,-0.062029259924900604,0.27136240921104915,-0.21136777038395449,-0.73785230219579168,0.011323933377284101,-0.58949168625399717,0.75590830860373814,0.50852347298385436,-0.82779467125564232,-0.34378547085494082
520,-0.19603633708728596,0.033214771914900298,-0.00012447817489746882,0.071496568481528522,0.18724001667190593,0.78661624460060819,0.43280813514603733,0.30210807329348488,0.86913764329763743,-0.60141185462026114,-0.062029259924900604,0.27136240921104915,-0.21136777038395449,-0.73785230219579168,0.011323933377284101,-0.58949168625399717,0.75590830860373814,0.50852347298385436,-0.82779467125564232,-0.34378547085494082
521,-0.74760628325054279,0.76068003056633327,-0.085709940128596562,0.19238059004854691,-0.87925703413445144,0.22442249609866671,0.94073673409967595,0.071873348678880289,-0.033584897852507511,-0.69712004200778543,0.098789847041494294,-0.33819585626673621,-0.40727313269015708,-0.00653311788091826,0.23031074625461034,-0.1210909723447724,0.7120631175957981,-0.97434632647981512,-0.86877750893841332,0.10451908061956017
522,-0.72636770967227871,0.54038701737387229,-0.28354360307859072,0.10736468086428674,-0.69414644055787145,0.7932655736937777,0.75236486621151299,0.58418523021479474,0.97937558496136834,-0.68925656980243888,0.52818750963314454,0.7985991615095589,0.085205711431973974,-0.15967495515511665,0.84983903446540965,0.4137664369180154,0.17663925857157636,-0.16306572060398783,-0.77768289727113538,-0.93125863289432576
523,-0.19603633708728596,0.033214771914900298,-0.00012447817489746882,0.071496568481528522,0.18724001667190593,0.78661624460060819,0.43280813514603733,0.30210807329348488,0.86913764329763743,-0.60141185462026114,-0.062029259924900604,0.27136240921104915,-0.21136777038395449,-0.73785230219579168,0.011323933377284101,-0.58949168625399717,0.75590830860373814,0.50852347298385436,-0.82779467125564232,-0.34378547085494082
524,-0.72636770967227871,0.54038701737387229,-0.28354360307859072,0.10736468086428674,-0.69414644055787145,0.7932655736937777,0.75236486621151299,0.58418523021479474,0.97937558496136834,-0.68925656980243888,0.52818750963314454,0.7985991615095589,0.085205711431973974,-0.15967495515511665,0.84983903446540965,0.4137664369180154,0.17663925857157636,-0.16306572060398783,-0.77768289727113538,-0.93125863289432576
525,-0.76351189187717972,0.043020841091494955,0.21139198904509438,0.12175071453251296,-0.37348766829508029,0.64330870195742018,0.10141803575687103,0.16791733289594779,0.87639018968782345,-0.17685849007965126,0.096671691723802633,0.41805114955772216,0.27650859340528888,-0.52752104042645631,-0.12967005721045965,0.49260994687852788,-0.54721950267980413,0.27813776982938121,-0.81653540749125186,-0.82082175510670474
526,-0.94821322828507038,0.30583203284468463,0.2621542166573636,0.66038905277773075,-0.13987023260961373,0.74641121020353274,0.29431920961163893,0.83474628831974007,0.39999413950944795,-0.66969121712649815,0.69259765126915984,0.63262382976930032,-0.64669218256247096,-0.80676724718609516,-0.98002712988590335,0.38150092871049646,-0.17292831635599182,-0.25531835824039728,-0.26591373100972437,-0.61614376352954414
527,-0.43198269286860458,-0.21238551630076619,0.2399484016859077,0.16853940262526956,-0.52269272386509424,0.15285343181397049,0.71563956828136144,0.089565408548923475,0.40315760627385377,0.20097610486970741,0.20460863741505486,0.79520452248783968,-0.16353775673210036,-0.96384915830181161,0.010346778015448477,0.41871769284224625,-0.12820750606465503,-0.17365253035747474,-0.19756067189097859,-0.59077297147792018
528,-0.76351189187717972,0.043020841091494955,0.21139198904509438,0.12175071453251296,-0.37348766829508029,0.64330870195742018,0.10141803575687103,0.16791733289594779,0.87639018968782345,-0.17685849007965126,0.096671691723802633,0.41805114955772216,0.27650859340528888,-0.52752104042645631,-0.12967005721045965,0.49260994687852788,-0.54721950267980413,0.27813776982938121,-0.81653540749125186,-0.82082175510670474
529,-0.76351189187717972,0.043020841091494955,0.21139198904509438,0.12175071453251296,-0.37348766829508029,0.64330870195742018,0.10141803575687103,0.16791733289594779,0.87639018968782345,-0.17685849007965126,0.096671691723802633,0.41805114955772216,0.27650859340528888,-0.52752104042645631,-0.12967005721045965,0.49260994687852788,-0.54721950267980413,0.27813776982938121,-0.81653540749125186,-0.82082175510670474
530,-0.76351189187717972,0.043020841091494955,0.21139198904509438,0.12175071453251296,-0.37348766829508029,0.64330870195742018,0.10141803575687103,0.16791733289594779,0.87639018968782345,-0.17685849007965126,0.096671691723802633,0.41805114955772216,0.27650859340528888,-0.52752104042645631,-0.12967005721045965,0.49260994687852788,-0.54721950267980413,0.27813776982938121,-0.81653540749125186,-0.82082175510670474
531,-0.76351189187717972,0.043020841091494955,0.21139198904509438,0.12175071453251296,-0.37348766829508029,0.64330870195742018,0.10141803575687103,0.16791733289594779,0.87639018968782345,-0.17685849007965126,0.096671691723802633,0.41805114955772216,0.27650859340528888,-0.52752104042645631,-0.12967005721045965,0.49260994687852788,-0.54721950267980413,0.27813776982938121,-0.81653540749125186,-0.82082175510670474
532,-0.19603633708728596,0.033214771914900298,-0.00012447817489746882,0.071496568481528522,0.18724001667190593,0.78661624460060819,0.43280813514603733,0.30210807329348488,0.86913764329763743,-0.60141185462026114,-0.062029259924900604,0.27136240921104915,-0.21136777038395449,-0.73785230219579168,0.011323933377284101,-0.58949168625399717,0.75590830860373814,0.50852347298385436,-0.82779467125564232,-0.34378547085494082
533,-0.76351189187717972,0.043020841091494955,0.21139198904509438,0.12175071453251296,-0.37348766829508029,0.64330870195742018,0.10141803575687103,0.16791733289594779,0.87639018968782345,-0.17685849007965126,0.096671691723802633,0.41805114955772216,0.27650859340528888,-0.52752104042645631,-0.12967005721045965,0.49260994687852788,-0.54721950267980413,0.27813776982938121,-0.81653540749125186,-0.82082175510670474
534,-0.40204813210994672,0.97012886586845837,-0.40858206511089512,0.12025655994716145,-0.44185863222860799,0.32265173216690379,0.49448872637422303,-0.91893965899413188,0.68140335591697387,-0.58391430961205737,-0.33813110057875728,0.85536403948889728,-0.61117519873370085,0.10306857361765775,-0.054456393815342174,0.0044063693945028959,-0.29339723760030378,0.099878794500046331,-0.94064241413173977,-0.58558838705011329
535,-0.19603633708728596,0.033214771914900298,-0.00012447817489746882,0.071496568481528522,0.18724001667190593,0.78661624460060819,0.43280813514603733,0.30210807329348488,0.86913764329763743,-0.60141185462026114,-0.062029259924900604,0.27136240921104915,-0.21136777038395449,-0.73785230219579168,0.011323933377284101,-0.58949168625399717,0.75590830860373814,0.50852347298385436,-0.82779467125564232,-0.34378547085494082
536,-0.72636770967227871,0.54038701737387229,-0.28354360307859072,0.10736468086428674,-0.69414644055787145,0.7932655736937777,0.75236486621151299,0.58418523021479474,0.97937558496136834,-0.68925656980243888,0.52818750963314454,0.7985991615095589,0.085205711431973974,-0.15967495515511665,0.84983903446540965,0.4137664369180154,0.17663925857157636,-0.16306572060398783,-0.77768289727113538,-0.93125863289432576
537,-0.94821322828507038,0.30583203284468463,0.2621542166573636,0.66038905277773075,-0.13987023260961373,0.74641121020353274,0.29431920961163893,0.83474628831974007,0.39999413950944795,-0.66969121712649815,0.69259765126915984,0.63262382976930032,-0.64669218256247096,-0.80676724718609516,-0.98002712988590335,0.38150092871049646,-0.17292831635599182,-0.25531835824039728,-0.26591373100972437,-0.61614376352954414
538,-0.94821322828507038,0.30583203284468463,0.2621542166573636,0.66038905277773075,-0.13987023260961373,0.74641121020353274,0.29431920961163893,0.83474628831974007,0.39999413950944795,-0.66969121712649815,0.69259765126915984,0.63262382976930032,-0.64669218256247096,-0.80676724718609516,-0.98002712988590335,0.38150092871049646,-0.17292831635599182,-0.25531835824039728,-0.26591373100972437,-0.61614376352954414
539,-0.76351189187717972,0.043020841091494955,0.21139198904509438,0.12175071453251296,-0.37348766829508029,0.64330870195742018,0.10141803575687103,0.16791733289594779,0.87639018968782345,-0.17685849007965126,0.096671691723802633,0.41805114955772216,0.27650859340528888,-0.52752104042645631,-0.12967005721045965,0.49260994687852788,-0.54721950267980413,0.27813776982938121,-0.81653540749125186,-0.82082175510670474
540,-0.76351189187717972,0.043020841091494955,0.21139198904509438,0.12175071453251296,-0.37348766829508029,0.64330870195742018,0.10141803575687103,0.16791733289594779,0.87639018968782345,-0.17685849007965126,0.096671691723802633,0.41805114955772216,0.27650859340528888,-0.52752104042645631,-0.12967005721045965,0.49260994687852788,-0.54721950267980413,0.27813776982938121,-0.81653540749125186,-0.82082175510670474
541,-0.43198269286860458,-0.21238551630076619,0.2399484016859077,0.16853940262526956,-0.52269272386509424,0.15285343181397049,0.71563956828136144,0.089565408548923475,0.40315760627385377,0.20097610486970741,0.20460863741505486,0.79520452248783968,-0.16353775673210036,-0.96384915830181161,0.010346778015448477,0.41871769284224625,-0.12820750606465503,-0.17365253035747474,-0.19756067189097859,-0.59077297147792018
542,-0.76351189187717972,0.043020841091494955,0.21139198904509438,0.12175071453251296,-0.37348766829508029,0.64330870195742018,0.10141803575687103,0.16791733289594779,0.87639018968782345,-0.17685849007965126,0.096671691723802633,0.41805114955772216,0.27650859340528888,-0.52752104042645631,-0.12967005721045965,0.49260994687852788,-0.54721950267980413,0.27813776982938121,-0.81653540749125186,-0.82082175510670474
543,-0.19603633708728596,0.033214771914900298,-0.00012447817489746882,0.071496568481528522,0.18724001667190593,0.78661624460060819,0.43280813514603733,0.30210807329348488,0.86913764329763743,-0.60141185462026114,-0.062029259924900604,0.27136240921104915,-0.21136777038395449,-0.73785230219579168,0.011323933377284101,-0.58949168625399717,0.75590830860373814,0.50852347298385436,-0.82779467125564232,-0.34378547085494082
544,-0.43198269286860458,-0.21238551630076619,0.2399484016859077,0.16853940262526956,-0.52269272386509424,0.15285343181397049,0.71563956828136144,0.089565408548923475,0.40315760627385377,0.20097610486970741,0.20460863741505486,0.79520452248783968,-0.16353775673210036,-0.96384915830181161,0.010346778015448477,0.41871769284224625,-0.12820750606465503,-0.17365253035747474,-0.19756067189097859,-0.59077297147792018
545,-0.72636770967227871,0.54038701737387229,-0.28354360307859072,0.10736468086428674,-0.69414644055787145,0.7932655736937777,0.75236486621151299,0.58418523021479474,0.97937558496136834,-0.68925656980243888,0.52818750963314454,0.7985991615095589,0.085205711431973974,-0.15967495515511665,0.84983903446540965,0.4137664369180154,0.17663925857157636,-0.16306572060398783,-0.77768289727113538,-0.93125863289432576
546,-0.39091288214958175,-0.40022008328755088,0.23790086004226274,-0.37676085280348426,-0.22289201003043413,0.65980697367460839,0.71751546343479466,-0.45182684331691125,0.59630031760498259,-0.50457028810505378,0.46157983774111799,0.07103803505744799,-0.076187305976538555,-0.85636870276326782,0.5126827410799295,-0.89712239777675129,0.58378303941580301,-0.19060146067890216,-0.88326876003412425,-0.53553500566430201
547,-0.63089787384254525,0.6690818879892857,-0.040057718262865194,0.16654870751220341,-0.7305219398063405,0.58297437628817539,0.27165022287116192,-0.49831781558001675,0.055520079875316153,-0.91271550270220336,0.56078886964035046,-0.44877523643861394,-0.89279907737864139,-0.65252556285087171,-0.078290709643888734,-0.32520986969289178,0.70569138763054884,-0.84075997297232052,0.018942967105671116,0.15495311550536184
548,-0.72636770967227871,0.54038701737387229,-0.28354360307859072,0.10736468086428674,-0.69414644055787145,0.7932655736937777,0.75236486621151299,0.58418523021479474,0.97937558496136834,-0.68925656980243888,0.52818750963314454,0.7985991615095589,0.085205711431973974,-0.15967495515511665,0.84983903446540965,0.4137664369180154,0.17663925857157636,-0.16306572060398783,-0.77768289727113538,-0.93125863289432576
549,-0.19603633708728596,0.033214771914900298,-0.00012447817489746882,0.071496568481528522,0.18724001667190593,0.78661624460060819,0.43280813514603733,0.30210807329348488,0.86913764329763743,-0.60141185462026114,-0.062029259924900604,0.27136240921104915,-0.21136777038395449,-0.73785230219579168,0.011323933377284101,-0.58949168625399717,0.75590830860373814,0.50852347298385436,-0.82779467125564232,-0.34378547085494082
550,-0.94821322828507038,0.30583203284468463,0.2621542166573636,0.66038905277773075,-0.13987023260961373,0.74641121020353274,0.29431920961163893,0.83474628831974007,0.39999413950944795,-0.66969121712649815,0.69259765126915984,0.63262382976930032,-0.64669218256247096,-0.80676724718609516,-0.98002712988590335,0.38150092871049646,-0.17292831635599182,-0.25531835824039728,-0.26591373100972437,-0.61614376352954414
551,-0.19603633708728596,0.033214771914900298,-0.00012447817489746882,0.071496568481528522,0.18724001667190593,0.78661624460060819,0.43280813514603733,0.30210807329348488,0.86913764329763743,-0.60141185462026114,-0.062029259924900604,0.27136240921104915,-0.21136777038395449,-0.73785230219579168,0.011323933377284101,-0.58949168625399717,0.75590830860373814,0.50852347298385436,-0.82779467125564232,-0.34378547085494082
552,-0.43023911094401468,0.68247206985562325,-0.32557838531489769,0.035752200723020211,-0.10616844609952802,0.82649749094401503,-0.49076781393311175,-0.84231095464553918,0.45026469807801872,-0.97081365165082323,-0.88809443029591129,0.036610733416947649,0.1568898850823619,-0.44469931892553305,-0.048998176758696221,-0.0038673092977317136,0.52680092729315131,-0.40046078314612488,-0.45829225254831796,0.71282316512906241
553,-0.43198269286860458,-0.21238551630076619,0.2399484016859077,0.16853940262526956,-0.52269272386509424,0.15285343181397049,0.71563956828136144,0.089565408548923475,0.40315760627385377,0.20097610486970741,0.20460863741505486,0.79520452248783968,-0.16353775673210036,-0.96384915830181161,0.010346778015448477,0.41871769284224625,-0.12820750606465503,-0.17365253035747474,-0.19756067189097859,-0.59077297147792018
554,-0.43198269286860458,-0.21238551630076619,0.2399484016859077,0.16853940262526956,-0.52269272386509424,0.15285343181397049,0.71563956828136144,0.089565408548923475,0.40315760627385377,0.20097610486970741,0.20460863741505486,0.79520452248783968,-0.16353775673210036,-0.96384915830181161,0.010346778015448477,0.41871769284224625,-0.12820750606465503,-0.17365253035747474,-0.19756067189097859,-0.59077297147792018
555,-0.19603633708728596,0.033214771914900298,-0.00012447817489746882,0.071496568481528522,0.18724001667190593,0.78661624460060819,0.43280813514603733,0.30210807329348488,0.86913764329763743,-0.60141185462026114,-0.062029259924900604,0.27136240921104915,-0.21136777038395449,-0.73785230219579168,0.011323933377284101,-0.58949168625399717,0.75590830860373814,0.50852347298385436,-0.82779467125564232,-0.34378547085494082
556,-0.74760628325054279,0.76068003056633327,-0.085709940128596562,0.19238059004854691,-0.87925703413445144,0.22442249609866671,0.94073673409967595,0.071873348678880289,-0.033584897852507511,-0.69712004200778543,0.098789847041494294,-0.33819585626673621,-0.40727313269015708,-0.00653311788091826,0.23031074625461034,-0.1210909723447724,0.7120631175957981,-0.97434632647981512,-0.86877750893841332,0.10451908061956017
557,-0.72636770967227871,0.54038701737387229,-0.28354360307859072,0.10736468086428674,-0.69414644055787145,0.7932655736937777,0.75236486621151299,0.58418523021479474,0.97937558496136834,-0.68925656980243888,0.52818750963314454,0.7985991615095589,0.085205711431973974,-0.15967495515511665,0.84983903446540965,0.4137664369180154,0.17663925857157636,-0.16306572060398783,-0.77768289727113538,-0.93125863289432576
558,-0.72636770967227871,0.54038701737387229,-0.28354360307859072,0.10736468086428674,-0.69414644055787145,0.7932655736937777,0.75236486621151299,0.58418523021479474,0.97937558496136834,-0.68925656980243888,0.52818750963314454,0.7985991615095589,0.085205711431973974,-0.15967495515511665,0.84983903446540965,0.4137664369180154,0.17663925857157636,-0.16306572060398783,-0.77768289727113538,-0.93125863289432576
559,-0.80748415608564827,0.95017828884553901,-0.29748812095272958,-0.40418622052710163,-0.25382524568984577,0.23900060873921314,0.57407367753313632,-0.75027416782344281,0.54296327178505877,-0.54333304131199434,0.47408699727701675,0.17931396591794835,-0.85179855122018955,0.093078584098332362,0.2236573436862761,-0.32345261940110404,0.89590134737363458,-0.99506596842680728,-0.63656766909847473,0.16713905895680425
560,-0.43198269286860458,-0.21238551630076619,0.2399484016859077,0.16853940262526956,-0.52269272386509424,0.15285343181397049,0.71563956828136144,0.089565408548923475,0.40315760627385377,0.20097610486970741,0.20460863741505486,0.79520452248783968,-0.16353775673210036,-0.96384915830181161,0.010346778015448477,0.41871769284224625,-0.12820750606465503,-0.17365253035747474,-0.19756067189097859,-0.59077297147792018
561,-0.74760628325054279,0.76068003056633327,-0.085709940128596562,0.19238059004854691,-0.87925703413445144,0.22442249609866671,0.94073673409967595,0.071873348678880289,-0.033584897852507511,-0.69712004200778543,0.098789847041494294,-0.33819585626673621,-0.40727313269015708,-0.00653311788091826,0.23031074625461034,-0.1210909723447724,0.7120631175957981,-0.97434632647981512,-0.86877750893841332,0.10451908061956017
562,-0.94821322828507038,0.30583203284468463,0.2621542166573636,0.66038905277773075,-0.13987023260961373,0.74641121020353274,0.29431920961163893,0.83474628831974007,0.39999413950944795,-0.66969121712649815,0.69259765126915984,0.63262382976930032,-0.64669218256247096,-0.80676724718609516,-0.98002712988590335,0.38150092871049646,-0.17292831635599182,-0.25531835824039728,-0.26591373100972437,-0.61614376352954414
563,-0.43198269286860458,-0.21238551630076619,0.2399484016859077,0.16853940262526956,-0.52269272386509424,0.15285343181397049,0.71563956828136144,0.089565408548923475,0.40315760627385377,0.20097610486970741,0.20460863741505486,0.79520452248783968,-0.16353775673210036,-0.96384915830181161,0.010346778015448477,0.41871769284224625,-0.12820750606465503,-0.17365253035747474,-0.19756067189097859,-0.59077297147792018
564,-0.94821322828507038,0.30583203284468463,0.2621542166573636,0.66038905277773075,-0.13987023260961373,0.74641121020353274,0.29431920961163893,0.83474628831974007,0.39999413950944795,-0.66969121712649815,0.69259765126915984,0.63262382976930032,-0.64669218256247096,-0.80676724718609516,-0.98002712988590335,0.38150092871049646,-0.17292831635599182,-0.25531835824039728,-0.26591373100972437,-0.61614376352954414
565,-0.74760628325054279,0.76068003056633327,-0.085709940128596562,0.19238059004854691,-0.87925703413445144,0.22442249609866671,0.94073673409967595,0.071873348678880289,-0.033584897852507511,-0.69712004200778543,0.098789847041494294,-0.33819585626673621,-0.40727313269015708,-0.00653311788091826,0.23031074625461034,-0.1210909723447724,0.7120631175957981,-0.97434632647981512,-0.86877750893841332,0.10451908061956017
566,-0.19603633708728596,0.033214771914900298,-0.00012447817489746882,0.071496568481528522,0.18724001667190593,0.78661624460060819,0.43280813514603733,0.30210807329348488,0.86913764329763743,-0.60141185462026114,-0.062029259924900604,0.27136240921104915,-0.21136777038395449,-0.73785230219579168,0.011323933377284101,-0.58949168625399717,0.75590830860373814,0.50852347298385436,-0.82779467125564232,-0.34378547085494082
567,-0.72636770967227871,0.54038701737387229,-0.28354360307859072,0.10736468086428674,-0.69414644055787145,0.7932655736937777,0.75236486621151299,0.58418523021479474,0.97937558496136834,-0.68925656980243888,0.52818750963314454,0.7985991615095589,0.085205711431973974,-0.15967495515511665,0.84983903446540965,0.4137664369180154,0.17663925857157636,-0.16306572060398783,-0.77768289727113538,-0.93125863289432576
568,-0.76351189187717972,0.043020841091494955,0.21139198904509438,0.12175071453251296,-0.37348766829508029,0.64330870195742018,0.10141803575687103,0.16791733289594779,0.87639018968782345,-0.17685849007965126,0.096671691723802633,0.41805114955772216,0.27650859340528888,-0.52752104042645631,-0.12967005721045965,0.49260994687852788,-0.54721950267980413,0.27813776982938121,-0.81653540749125186,-0.82082175510670474
569,-0.43023911094401468,0.68247206985562325,-0.32557838531489769,0.035752200723020211,-0.10616844609952802,0.82649749094401503,-0.49076781393311175,-0.84231095464553918,0.45026469807801872,-0.97081365165082323,-0.88809443029591129,0.036610733416947649,0.1568898850823619,-0.44469931892553305,-0.048998176758696221,-0.0038673092977317136,0.52680092729315131,-0.40046078314612488,-0.45829225254831796,0.71282316512906241
570,-0.76351189187717972,0.043020841091494955,0.21139198904509438,0.12175071453251296,-0.37348766829508029,0.64330870195742018,0.10141803575687103,0.16791733289594779,0.87639018968782345,-0.17685849007965126,0.096671691723802633,0.41805114955772216,0.27650859340528888,-0.52752104042645631,-0.12967005721045965,0.49260994687852788,-0.54721950267980413,0.27813776982938121,-0.81653540749125186,-0.82082175510670474
571,-0.72636770967227871,0.54038701737387229,-0.28354360307859072,0.10736468086428674,-0.69414644055787145,0.7932655736937777,0.75236486621151299,0.58418523021479474,0.97937558496136834,-0.68925656980243888,0.52818750963314454,0.7985991615095589,0.085205711431973974,-0.15967495515511665,0.84983903446540965,0.4137664369180154,0.17663925857157636,-0.16306572060398783,-0.77768289727113538,-0.93125863289432576
572,-0.44212273820108261,0.020448622569188446,-0.24851073779141797,-0.23382612683166837,0.035399033313846529,0.58168131205356777,0.92367813754167161,0.8316229725249864,-0.38182165820096525,-0.92481656225776798,0.85521322740656269,-0.12280443554780596,-0.24750034458659087,-0.96040352487087222,-0.88556418734997333,-0.65987364717947194,-0.59416684342949799,-0.55303632155067062,0.20554421078513219,-0.63504964274035891
573,-0.19603633708728596,0.033214771914900298,-0.00012447817489746882,0.071496568481528522,0.18724001667190593,0.78661624460060819,0.43280813514603733,0.30210807329348488,0.86913764329763743,-0.60141185462026114,-0.062029259924900604,0.27136240921104915,-0.21136777038395449,-0.73785230219579168,0.011323933377284101,-0.58949168625399717,0.75590830860373814,0.50852347298385436,-0.82779467125564232,-0.34378547085494082
574,0.26583947422841003,-0.20838599474200392,-0.025821637049719515,0.029326711581908027,-0.28959093439717987,0.15360412567778936,0.83021406731001224,0.42722664357725693,0.39561266483730262,-0.85814206698727569,-0.30421764590646871,0.69343352347895881,-0.94545622169916599,-0.90748785986723446,0.12883687478758166,0.2558435992859236,0.25063966640174562,-0.85852906402640805,-0.21036355828635056,-0.25877929078772932
575,-0.19603633708728596,0.033214771914900298,-0.00012447817489746882,0.071496568481528522,0.18724001667190593,0.78661624460060819,0.43280813514603733,0.30210807329348488,0.86913764329763743,-0.60141185462026114,-0.062029259924900604,0.27136240921104915,-0.21136777038395449,-0.73785230219579168,0.011323933377284101,-0.58949168625399717,0.75590830860373814,0.50852347298385436,-0.82779467125564232,-0.34378547085494082
576,-0.19603633708728596,0.033214771914900298,-0.00012447817489746882,0.071496568481528522,0.18724001667190593,0.78661624460060819,0.43280813514603733,0.30210807329348488,0.86913764329763743,-0.60141185462026114,-0.062029259924900604,0.27136240921104915,-0.21136777038395449,-0.73785230219579168,0.011323933377284101,-0.58949168625399717,0.75590830860373814,0.50852347298385436,-0.82779467125564232,-0.34378547085494082
577,-0.19603633708728596,0.033214771914900298,-0.00012447817489746882,0.071496568481528522,0.18724001667190593,0.78661624460060819,0.43280813514603733,0.30210807329348488,0.86913764329763743,-0.60141185462026114,-0.062029259924900604,0.27136240921104915,-0.21136777038395449,-0.73785230219579168,0.011323933377284101,-0.58949168625399717,0.75590830860373814,0.50852347298385436,-0.82779467125564232,-0.34378547085494082
578,-0.43198269286860458,-0.21238551630076619,0.2399484016859077,0.16853940262526956,-0.52269272386509424,0.15285343181397049,0.71563956828136144,0.089565408548923475,0.40315760627385377,0.20097610486970741,0.20460863741505486,0.79520452248783968,-0.16353775673210036,-0.96384915830181161,0.010346778015448477,0.41871769284224625,-0.12820750606465503,-0.17365253035747474,-0.19756067189097859,-0.59077297147792018
579,-0.72636770967227871,0.54038701737387229,-0.28354360307859072,0.10736468086428674,-0.69414644055787145,0.7932655736937777,0.75236486621151299,0.58418523021479474,0.97937558496136834,-0.68925656980243888,0.52818750963314454,0.7985991615095589,0.085205711431973974,-0.15967495515511665,0.84983903446540965,0.4137664369180154,0.17663925857157636,-0.16306572060398783,-0.77768289727113538,-0.93125863289432576
580,-0.72636770967227871,0.54038701737387229,-0.28354360307859072,0.10736468086428674,-0.69414644055787145,0.7932655736937777,0.75236486621151299,0.58418523021479474,0.97937558496136834,-0.68925656980243888,0.52818750963314454,0.7985991615095589,0.085205711431973974,-0.15967495515511665,0.84983903446540965,0.4137664369180154,0.17663925857157636,-0.16306572060398783,-0.77768289727113538,-0.93125863289432576
581,-0.72636770967227871,0.54038701737387229,-0.28354360307859072,0.10736468086428674,-0.69414644055787145,0.7932655736937777,0.75236486621151299,0.58418523021479474,0.97937558496136834,-0.68925656980243888,0.52818750963314454,0.7985991615095589,0.085205711431973974,-0.15967495515511665,0.84983903446540965,0.4137664369180154,0.17663925857157636,-0.16306572060398783,-0.77768289727113538,-0.93125863289432576
582,-0.72636770967227871,0.54038701737387229,-0.28354360307859072,0.10736468086428674,-0.69414644055787145,0.7932655736937777,0.75236486621151299,0.58418523021479474,0.97937558496136834,-0.68925656980243888,0.52818750963314454,0.7985991615095589,0.085205711431973974,-0.15967495515511665,0.84983903446540965,0.4137664369180154,0.17663925857157636,-0.16306572060398783,-0.77768289727113538,-0.93125863289432576
583,-0.72636770967227871,0.54038701737387229,-0.28354360307859072,0.10736468086428674,-0.69414644055787145,0.7932655736937777,0.75236486621151299,0.58418523021479474,0.97937558496136834,-0.68925656980243888,0.52818750963314454,0.7985991615095589,0.085205711431973974,-0.15967495515511665,0.84983903446540965,0.4137664369180154,0.17663925857157636,-0.16306572060398783,-0.77768289727113538,-0.93125863289432576
584,-0.76351189187717972,0.043020841091494955,0.21139198904509438,0.12175071453251296,-0.37348766829508029,0.64330870195742018,0.10141803575687103,0.16791733289594779,0.87639018968782345,-0.17685849007965126,0.096671691723802633,0.41805114955772216,0.27650859340528888,-0.52752104042645631,-0.12967005721045965,0.49260994687852788,-0.54721950267980413,0.27813776982938121,-0.81653540749125186,-0.82082175510670474
585,-0.43023911094401468,0.68247206985562325,-0.32557838531489769,0.035752200723020211,-0.10616844609952802,0.82649749094401503,-0.49076781393311175,-0.84231095464553918,0.45026469807801872,-0.97081365165082323,-0.88809443029591129,0.036610733416947649,0.1568898850823619,-0.44469931892553305,-0.048998176758696221,-0.0038673092977317136,0.52680092729315131,-0.40046078314612488,-0.45829225254831796,0.71282316512906241
586,-0.76351189187717972,0.043020841091494955,0.21139198904509438,0.12175071453251296,-0.37348766829508029,0.64330870195742018,0.10141803575687103,0.16791733289594779,0.87639018968782345,-0.17685849007965126,0.096671691723802633,0.41805114955772216,0.27650859340528888,-0.52752104042645631,-0.12967005721045965,0.49260994687852788,-0.54721950267980413,0.27813776982938121,-0.81653540749125186,-0.82082175510670474
587,-0.19603633708728596,0.033214771914900298,-0.00012447817489746882,0.071496568481528522,0.18724001667190593,0.78661624460060819,0.43280813514603733,0.30210807329348488,0.86913764329763743,-0.60141185462026114,-0.062029259924900604,0.27136240921104915,-0.21136777038395449,-0.73785230219579168,0.011323933377284101,-0.58949168625399717,0.75590830860373814,0.50852347298385436,-0.82779467125564232,-0.34378547085494082
588,-0.19603633708728596,0.033214771914900298,-0.00012447817489746882,0.071496568481528522,0.18724001667190593,0.78661624460060819,0.43280813514603733,0.30210807329348488,0.86913764329763743,-0.60141185462026114,-0.062029259924900604,0.27136240921104915,-0.21136777038395449,-0.73785230219579168,0.011323933377284101,-0.58949168625399717,0.75590830860373814,0.50852347298385436,-0.82779467125564232,-0.34378547085494082
589,-0.72636770967227871,0.54038701737387229,-0.28354360307859072,0.10736468086428674,-0.69414644055787145,0.7932655736937777,0.75236486621151299,0.58418523021479474,0.97937558496136834,-0.68925656980243888,0.52818750963314454,0.7985991615095589,0.085205711431973974,-0.15967495515511665,0.84983903446540965,0.4137664369180154,0.17663925857157636,-0.16306572060398783,-0.77768289727113538,-0.93125863289432576
590,-0.74760628325054279,0.76068003056633327,-0.085709940128596562,0.19238059004854691,-0.87925703413445144,0.22442249609866671,0.94073673409967595,0.071873348678880289,-0.033584897852507511,-0.69712004200778543,0.098789847041494294,-0.33819585626673621,-0.40727313269015708,-0.00653311788091826,0.23031074625461034,-0.1210909723447724,0.7120631175957981,-0.97434632647981512,-0.86877750893841332,0.10451908061956017
591,-0.099578829278393011,-0.57977233380443427,-0.01761712983659236,-0.27376231696803632,-0.1669421346477542,0.11381386316590714,0.72387373742360928,0.88277052707556569,0.81578175713727985,-0.99777226347592474,0.37556705537860346,0.89518268082810803,-0.12455118767182083,-0.67185959213071089,-0.33236160513353785,0.67092586455117753,0.15251734090320612,-0.81511623577144721,0.0022340589281966139,-0.72341893461825757
592,-0.76351189187717972,0.043020841091494955,0.21139198904509438,0.12175071453251296,-0.37348766829508029,0.64330870195742018,0.10141803575687103,0.16791733289594779,0.87639018968782345,-0.17685849007965126,0.096671691723802633,0.41805114955772216,0.27650859340528888,-0.52752104042645631,-0.12967005721045965,0.49260994687852788,-0.54721950267980413,0.27813776982938121,-0.81653540749125186,-0.82082175510670474
593,-0.76351189187717972,0.043020841091494955,0.21139198904509438,0.12175071453251296,-0.37348766829508029,0.64330870195742018,0.10141803575687103,0.16791733289594779,0.87639018968782345,-0.17685849007965126,0.096671691723802633,0.41805114955772216,0.27650859340528888,-0.52752104042645631,-0.12967005721045965,0.49260994687852788,-0.54721950267980413,0.27813776982938121,-0.81653540749125186,-0.82082175510670474
594,-0.40204813210994672,0.97012886586845837,-0.40858206511089512,0.12025655994716145,-0.44185863222860799,0.32265173216690379,0.49448872637422303,-0.91893965899413188,0.68140335591697387,-0.58391430961205737,-0.33813110057875728,0.85536403948889728,-0.61117519873370085,0.10306857361765775,-0.054456393815342174,0.0044063693945028959,-0.29339723760030378,0.099878794500046331,-0.94064241413173977,-0.58558838705011329
595,-0.94821322828507038,0.30583203284468463,0.2621542166573636,0.66038905277773075,-0.13987023260961373,0.74641121020353274,0.29431920961163893,0.83474628831974007,0.39999413950944795,-0.66969121712649815,0.69259765126915984,0.63262382976930032,-0.64669218256247096,-0.80676724718609516,-0.98002712988590335,0.38150092871049646,-0.17292831635599182,-0.25531835824039728,-0.26591373100972437,-0.61614376352954414
596,-0.74760628325054279,0.76068003056633327,-0.085709940128596562,0.19238059004854691,-0.87925703413445144,0.22442249609866671,0.94073673409967595,0.071873348678880289,-0.033584897852507511,-0.69712004200778543,0.098789847041494294,-0.33819585626673621,-0.40727313269015708,-0.00653311788091826,0.23031074625461034,-0.1210909723447724,0.7120631175957981,-0.97434632647981512,-0.86877750893841332,0.10451908061956017
597,-0.76351189187717972,0.043020841091494955,0.21139198904509438,0.12175071453251296,-0.37348766829508029,0.64330870195742018,0.10141803575687103,0.16791733289594779,0.87639018968782345,-0.17685849007965126,0.096671691723802633,0.41805114955772216,0.27650859340528888,-0.52752104042645631,-0.12967005721045965,0.49260994687852788,-0.54721950267980413,0.27813776982938121,-0.81653540749125186,-0.82082175510670474
598,-0.72636770967227871,0.54038701737387229,-0.28354360307859072,0.10736468086428674,-0.69414644055787145,0.7932655736937777,0.75236486621151299,0.58418523021479474,0.97937558496136834,-0.68925656980243888,0.52818750963314454,0.7985991615095589,0.085205711431973974,-0.15967495515511665,0.84983903446540965,0.4137664369180154,0.17663925857157636,-0.16306572060398783,-0.77768289727113538,-0.93125863289432576
599,-0.19603633708728596,0.033214771914900298,-0.00012447817489746882,0.071496568481528522,0.18724001667190593,0.78661624460060819,0.43280813514603733,0.30210807329348488,0.86913764329763743,-0.60141185462026114,-0.062029259924900604,0.27136240921104915,-0.21136777038395449,-0.73785230219579168,0.011323933377284101,-0.58949168625399717,0.75590830860373814,0.50852347298385436,-0.82779467125564232,-0.34378547085494082
600,-0.72636770967227871,0.54038701737387229,-0.28354360307859072,0.10736468086428674,-0.69414644055787145,0.7932655736937777,0.75236486621151299,0.58418523021479474,0.97937558496136834,-0.68925656980243888,0.52818750963314454,0.7985991615095589,0.085205711431973974,-0.15967495515511665,0.84983903446540965,0.4137664369180154,0.17663925857157636,-0.16306572060398783,-0.77768289727113538,-0.93125863289432576
601,-0.94821322828507038,0.30583203284468463,0.2621542166573636,0.66038905277773075,-0.13987023260961373,0.74641121020353274,0.29431920961163893,0.83474628831974007,0.39999413950944795,-0.66969121712649815,0.69259765126915984,0.63262382976930032,-0.64669218256247096,-0.80676724718609516,-0.98002712988590335,0.38150092871049646,-0.17292831635599182,-0.25531835824039728,-0.26591373100972437,-0.61614376352954414
602,-0.72636770967227871,0.54038701737387229,-0.28354360307859072,0.10736468086428674,-0.69414644055787145,0.7932655736937777,0.75236486621151299,0.58418523021479474,0.97937558496136834,-0.68925656980243888,0.52818750963314454,0.7985991615095589,0.085205711431973974,-0.15967495515511665,0.84983903446540965,0.4137664369180154,0.17663925857157636,-0.16306572060398783,-0.77768289727113538,-0.93125863289432576
603,-0.19603633708728596,0.033214771914900298,-0.00012447817489746882,0.071496568481528522,0.18724001667190593,0.78661624460060819,0.43280813514603733,0.30210807329348488,0.86913764329763743,-0.60141185462026114,-0.062029259924900604,0.27136240921104915,-0.21136777038395449,-0.73785230219579168,0.011323933377284101,-0.58949168625399717,0.75590830860373814,0.50852347298385436,-0.82779467125564232,-0.34378547085494082
604,-0.40204813210994672,0.97012886586845837,-0.40858206511089512,0.12025655994716145,-0.44185863222860799,0.32265173216690379,0.49448872637422303,-0.91893965899413188,0.68140335591697387,-0.58391430961205737,-0.33813110057875728,0.85536403948889728,-0.61117519873370085,0.10306857361765775,-0.054456393815342174,0.0044063693945028959,-0.29339723760030378,0.099878794500046331,-0.94064241413173977,-0.58558838705011329
605,-0.72636770967227871,0.54038701737387229,-0.28354360307859072,0.10736468086428674,-0.69414644055787145,0.7932655736937777,0.75236486621151299,0.58418523021479474,0.97937558496136834,-0.68925656980243888,0.52818750963314454,0.7985991615095589,0.085205711431973974,-0.15967495515511665,0.84983903446540965,0.4137664369180154,0.17663925857157636,-0.16306572060398783,-0.77768289727113538,-0.93125863289432576
606,-0.64846057345155494,-0.10828208231211423,0.27144512655833286,-0.13972664867624474,-0.2820655003527035,-0.25657894180188778,-0.36457838340470428,-0.83115059392261403,0.25783561895239737,-0.71320370091618268,-0.22525686254950372,0.01311624704658132,-0.73376100526415344,-0.66747193804583183,0.70484524134074777,0.44574460199673194,0.54935176318250045,-0.79321055390928219,-0.50319018851834763,-0.22761564863029005
607,-0.76351189187717972,0.043020841091494955,0.21139198904509438,0.12175071453251296,-0.37348766829508029,0.64330870195742018,0.10141803575687103,0.16791733289594779,0.87639018968782345,-0.17685849007965126,0.096671691723802633,0.41805114955772216,0.27650859340528888,-0.52752104042645631,-0.12967005721045965,0.49260994687852788,-0.54721950267980413,0.27813776982938121,-0.81653540749125186,-0.82082175510670474
608,-0.86590385671859149,0.029465689703564779,0.18901012728321187,-0.24228900794412045,0.15399045448024862,0.36659722598185507,0.77040902968548641,-0.27568494749497052,-0.49568394008837435,-0.69828574232758478,0.41149876609853764,0.49913446106932624,-0.62773962388280813,-0.91026901846216601,0.20575188252711496,0.077812249462068106,0.68835192050861904,-0.86709603461816065,-0.63362991632254406,0.69935495042808626
609,-0.9098049492377267,-0.095780465437198981,0.13627524500132449,-0.12042142664806632,0.49669226537406796,0.91160066809142659,0.88341087296523968,0.40650428962953855,0.4428834327662865,-0.52102069052291999,0.76235020376641316,0.18907627605656474,-0.91354279032782593,-0.88194028701087968,-0.51772372843566949,-0.22573685986275827,-0.64113552406327146,-0.27672024754609414,-0.18952603852344518,-0.30960318828652067
610,-0.74760628325054279,0.76068003056633327,-0.085709940128596562,0.19238059004854691,-0.87925703413445144,0.22442249609866671,0.94073673409967595,0.071873348678880289,-0.033584897852507511,-0.69712004200778543,0.098789847041494294,-0.33819585626673621,-0.40727313269015708,-0.00653311788091826,0.23031074625461034,-0.1210909723447724,0.7120631175957981,-0.97434632647981512,-0.86877750893841332,0.10451908061956017
611,-0.59344157522195951,0.46208071964063713,-0.20323331368327668,-0.17367082705369952,-0.64291515807106481,0.17682461139976735,0.61004902864702903,0.13759641609798967,-0.12429107704068865,-0.71461403441064242,-0.1475921855933382,-0.12129645618676999,-0.18952669230410812,0.070038859951751409,0.254380631100529,0.12741442455423746,0.1604437766771698,-0.11829532343340099,-0.60622954938595353,-0.1340820276751018
612,-0.19603633708728596,0.033214771914900298,-0.00012447817489746882,0.071496568481528522,0.18724001667190593,0.78661624460060819,0.43280813514603733,0.30210807329348488,0.86913764329763743,-0.60141185462026114,-0.062029259924900604,0.27136240921104915,-0.21136777038395449,-0.73785230219579168,0.011323933377284101,-0.58949168625399717,0.75590830860373814,0.50852347298385436,-0.82779467125564232,-0.34378547085494082
613,-0.76351189187717972,0.043020841091494955,0.21139198904509438,0.12175071453251296,-0.37348766829508029,0.64330870195742018,0.10141803575687103,0.16791733289594779,0.87639018968782345,-0.17685849007965126,0.096671691723802633,0.41805114955772216,0.27650859340528888,-0.52752104042645631,-0.12967005721045965,0.49260994687852788,-0.54721950267980413,0.27813776982938121,-0.81653540749125186,-0.82082175510670474
614,-0.76351189187717972,0.043020841091494955,0.21139198904509438,0.12175071453251296,-0.37348766829508029,0.64330870195742018,0.10141803575687103,0.16791733289594779,0.87639018968782345,-0.17685849007965126,0.096671691723802633,0.41805114955772216,0.27650859340528888,-0.52752104042645631,-0.12967005721045965,0.49260994687852788,-0.54721950267980413,0.27813776982938121,-0.81653540749125186,-0.82082175510670474
615,-0.94821322828507038,0.30583203284468463,0.2621542166573636,0.66038905277773075,-0.13987023260961373,0.74641121020353274,0.29431920961163893,0.83474628831974007,0.39999413950944795,-0.66969121712649815,0.69259765126915984,0.63262382976930032,-0.64669218256247096,-0.80676724718609516,-0.98002712988590335,0.38150092871049646,-0.17292831635599182,-0.25531835824039728,-0.26591373100972437,-0.61614376352954414
616,-0.19603633708728596,0.033214771914900298,-0.00012447817489746882,0.071496568481528522,0.18724001667190593,0.78661624460060819,0.43280813514603733,0.30210807329348488,0.86913764329763743,-0.60141185462026114,-0.062029259924900604,0.27136240921104915,-0.21136777038395449,-0.73785230219579168,0.011323933377284101,-0.58949168625399717,0.75590830860373814,0.50852347298385436,-0.82779467125564232,-0.34378547085494082
617,-0.94821322828507038,0.30583203284468463,0.2621542166573636,0.66038905277773075,-0.13987023260961373,0.74641121020353274,0.29431920961163893,0.83474628831974007,0.39999413950944795,-0.66969121712649815,0.69259765126915984,0.63262382976930032,-0.64669218256247096,-0.80676724718609516,-0.98002712988590335,0.38150092871049646,-0.17292831635599182,-0.25531835824039728,-0.26591373100972437,-0.61614376352954414
618,-0.72636770967227871,0.54038701737387229,-0.28354360307859072,0.10736468086428674,-0.69414644055787145,0.7932655736937777,0.75236486621151299,0.58418523021479474,0.97937558496136834,-0.68925656980243888,0.52818750963314454,0.7985991615095589,0.085205711431973974,-0.15967495515511665,0.84983903446540965,0.4137664369180154,0.17663925857157636,-0.16306572060398783,-0.77768289727113538,-0.93125863289432576
619,-0.19603633708728596,0.033214771914900298,-0.00012447817489746882,0.071496568481528522,0.18724001667190593,0.78661624460060819,0.43280813514603733,0.30210807329348488,0.86913764329763743,-0.60141185462026114,-0.062029259924900604,0.27136240921104915,-0.21136777038395449,-0.73785230219579168,0.011323933377284101,-0.58949168625399717,0.75590830860373814,0.50852347298385436,-0.82779467125564232,-0.34378547085494082
620,-0.72636770967227871,0.54038701737387229,-0.28354360307859072,0.10736468086428674,-0.69414644055787145,0.7932655736937777,0.75236486621151299,0.58418523021479474,0.97937558496136834,-0.68925656980243888,0.52818750963314454,0.7985991615095589,0.085205711431973974,-0.15967495515511665,0.84983903446540965,0.4137664369180154,0.17663925857157636,-0.16306572060398783,-0.77768289727113538,-0.93125863289432576
621,-0.94821322828507038,0.30583203284468463,0.2621542166573636,0.66038905277773075,-0.13987023260961373,0.74641121020353274,0.29431920961163893,0.83474628831974007,0.39999413950944795,-0.66969121712649815,0.69259765126915984,0.63262382976930032,-0.64669218256247096,-0.80676724718609516,-0.98002712988590335,0.38150092871049646,-0.17292831635599182,-0.25531835824039728,-0.26591373100972437,-0.61614376352954414
622,-0.76351189187717972,0.043020841091494955,0.21139198904509438,0.12175071453251296,-0.37348766829508029,0.64330870195742018,0.10141803575687103,0.16791733289594779,0.87639018968782345,-0.17685849007965126,0.096671691723802633,0.41805114955772216,0.27650859340528888,-0.52752104042645631,-0.12967005721045965,0.49260994687852788,-0.54721950267980413,0.27813776982938121,-0.81653540749125186,-0.82082175510670474
623,-0.19603633708728596,0.033214771914900298,-0.00012447817489746882,0.071496568481528522,0.18724001667190593,0.78661624460060819,0.43280813514603733,0.30210807329348488,0.86913764329763743,-0.60141185462026114,-0.062029259924900604,0.27136240921104915,-0.21136777038395449,-0.73785230219579168,0.011323933377284101,-0.58949168625399717,0.75590830860373814,0.50852347298385436,-0.82779467125564232,-0.34378547085494082
624,-0.88358472981095604,0.1167329094728653,0.084193455419166785,-0.11415730009088043,-0.3315297570069824,-0.12216808131404688,0.21258571061059706,0.64116998006853443,0.17366434868727643,-0.021655459207410299,0.077013367436525648,0.14680281662914907,0.14938326591590312,-0.14312906988977403,0.23443479681492363,0.23146146147159929,0.73861779651312864,-0.81934819723594954,-0.80260455559930244,-0.77615526616921038
625,-0.72636770967227871,0.54038701737387229,-0.28354360307859072,0.10736468086428674,-0.69414644055787145,0.7932655736937777,0.75236486621151299,0.58418523021479474,0.97937558496136834,-0.68925656980243888,0.52818750963314454,0.7985991615095589,0.085205711431973974,-0.15967495515511665,0.84983903446540965,0.4137664369180154,0.17663925857157636,-0.16306572060398783,-0.77768289727113538,-0.93125863289432576
626,-0.76351189187717972,0.043020841091494955,0.21139198904509438,0.12175071453251296,-0.37348766829508029,0.64330870195742018,0.10141803575687103,0.16791733289594779,0.87639018968782345,-0.17685849007965126,0.096671691723802633,0.41805114955772216,0.27650859340528888,-0.52752104042645631,-0.12967005721045965,0.49260994687852788,-0.54721950267980413,0.27813776982938121,-0.81653540749125186,-0.82082175510670474
627,-0.19603633708728596,0.033214771914900298,-0.00012447817489746882,0.071496568481528522,0.18724001667190593,0.78661624460060819,0.43280813514603733,0.30210807329348488,0.86913764329763743,-0.60141185462026114,-0.062029259924900604,0.27136240921104915,-0.21136777038395449,-0.73785230219579168,0.011323933377284101,-0.58949168625399717,0.75590830860373814,0.50852347298385436,-0.82779467125564232,-0.34378547085494082
628,-0.56152083477900305,-0.22281019935813107,0.23227853026221923,0.18124360262468309,-0.2956766394360637,0.084090887715422058,0.55795401820974511,-0.51093747852149063,0.69430229992397074,-0.061383681165818826,-0.6411015239724287,0.57735414835108378,-0.86143721858926936,-0.052518443093517719,0.18930056471455137,-0.12207800821616033,0.62616273177908988,0.14649522190299846,-0.7858492505753798,0.26159379976943264
629,-0.19603633708728596,0.033214771914900298,-0.00012447817489746882,0.071496568481528522,0.18724001667190593,0.78661624460060819,0.43280813514603733,0.30210807329348488,0.86913764329763743,-0.60141185462026114,-0.062029259924900604,0.27136240921104915,-0.21136777038395449,-0.73785230219579168,0.011323933377284101,-0.58949168625399717,0.75590830860373814,0.50852347298385436,-0.82779467125564232,-0.34378547085494082
630,-0.40204813210994672,0.97012886586845837,-0.40858206511089512,0.12025655994716145,-0.44185863222860799,0.32265173216690379,0.49448872637422303,-0.91893965899413188,0.68140335591697387,-0.58391430961205737,-0.33813110057875728,0.85536403948889728,-0.61117519873370085,0.10306857361765775,-0.054456393815342174,0.0044063693945028959,-0.29339723760030378,0.099878794500046331,-0.94064241413173977,-0.58558838705011329
631,-0.76351189187717972,0.043020841091494955,0.21139198904509438,0.12175071453251296,-0.37348766829508029,0.64330870195742018,0.10141803575687103,0.16791733289594779,0.87639018968782345,-0.17685849007965126,0.096671691723802633,0.41805114955772216,0.27650859340528888,-0.52752104042645631,-0.12967005721045965,0.49260994687852788,-0.54721950267980413,0.27813776982938121,-0.81653540749125186,-0.82082175510670474
632,-0.19603633708728596,0.033214771914900298,-0.00012447817489746882,0.071496568481528522,0.18724001667190593,0.78661624460060819,0.43280813514603733,0.30210807329348488,0.86913764329763743,-0.60141185462026114,-0.062029259924900604,0.27136240921104915,-0.21136777038395449,-0.73785230219579168,0.011323933377284101,-0.58949168625399717,0.75590830860373814,0.50852347298385436,-0.82779467125564232,-0.34378547085494082
633,-0.19603633708728596,0.033214771914900298,-0.00012447817489746882,0.071496568481528522,0.18724001667190593,0.78661624460060819,0.43280813514603733,0.30210807329348488,0.86913764329763743,-0.60141185462026114,-0.062029259924900604,0.27136240921104915,-0.21136777038395449,-0.73785230219579168,0.011323933377284101,-0.58949168625399717,0.75590830860373814,0.50852347298385436,-0.82779467125564232,-0.34378547085494082
634,-0.94821322828507038,0.30583203284468463,0.2621542166573636,0.66038905277773075,-0.13987023260961373,0.74641121020353274,0.29431920961163893,0.83474628831974007,0.39999413950944795,-0.66969121712649815,0.69259765126915984,0.63262382976930032,-0.64669218256247096,-0.80676724718609516,-0.98002712988590335,0.38150092871049646,-0.17292831635599182,-0.25531835824039728,-0.26591373100972437,-0.61614376352954414
635,-0.72636770967227871,0.54038701737387229,-0.28354360307859072,0.10736468086428674,-0.69414644055787145,0.7932655736937777,0.75236486621151299,0.58418523021479474,0.97937558496136834,-0.68925656980243888,0.52818750963314454,0.7985991615095589,0.085205711431973974,-0.15967495515511665,0.84983903446540965,0.4137664369180154,0.17663925857157636,-0.16306572060398783,-0.77768289727113538,-0.93125863289432576
636,-0.19603633708728596,0.033214771914900298,-0.00012447817489746882,0.071496568481528522,0.18724001667190593,0.78661624460060819,0.43280813514603733,0.30210807329348488,0.86913764329763743,-0.60141185462026114,-0.062029259924900604,0.27136240921104915,-0.21136777038395449,-0.73785230219579168,0.011323933377284101,-0.58949168625399717,0.75590830860373814,0.50852347298385436,-0.82779467125564232,-0.34378547085494082
637,-0.43198269286860458,-0.21238551630076619,0.2399484016859077,0.16853940262526956,-0.52269272386509424,0.15285343181397049,0.71563956828136144,0.089565408548923475,0.40315760627385377,0.20097610486970741,0.20460863741505486,0.79520452248783968,-0.16353775673210036,-0.96384915830181161,0.010346778015448477,0.41871769284224625,-0.12820750606465503,-0.17365253035747474,-0.19756067189097859,-0.59077297147792018
638,-0.94821322828507038,0.30583203284468463,0.2621542166573636,0.66038905277773075,-0.13987023260961373,0.74641121020353274,0.29431920961163893,0.83474628831974007,0.39999413950944795,-0.66969121712649815,0.69259765126915984,0.63262382976930032,-0.64669218256247096,-0.80676724718609516,-0.98002712988590335,0.38150092871049646,-0.17292831635599182,-0.25531835824039728,-0.26591373100972437,-0.61614376352954414
639,-0.86781942773527221,0.35314643298432413,0.027473667982153227,0.60849994900671578,-0.40561687177704742,0.69044663876472878,0.50169851453730985,0.13910037212445903,0.8551392839773253,-0.93678123789527468,0.90024259660390116,0.57697859194137813,0.27248849527571495,-0.80062076113023117,0.34375299490944911,-0.26469033260615316,0.27672393096643622,0.79804243087649174,-0.36644692825850411,-0.27648708454579651
640,0.26583947422841003,-0.20838599474200392,-0.025821637049719515,0.029326711581908027,-0.28959093439717987,0.15360412567778936,0.83021406731001224,0.42722664357725693,0.39561266483730262,-0.85814206698727569,-0.30421764590646871,0.69343352347895881,-0.94545622169916599,-0.90748785986723446,0.12883687478758166,0.2558435992859236,0.25063966640174562,-0.85852906402640805,-0.21036355828635056,-0.25877929078772932
641,-0.19603633708728596,0.033214771914900298,-0.00012447817489746882,0.071496568481528522,0.18724001667190593,0.78661624460060819,0.43280813514603733,0.30210807329348488,0.86913764329763743,-0.60141185462026114,-0.062029259924900604,0.27136240921104915,-0.21136777038395449,-0.73785230219579168,0.011323933377284101,-0.58949168625399717,0.75590830860373814,0.50852347298385436,-0.82779467125564232,-0.34378547085494082
642,-0.76351189187717972,0.043020841091494955,0.21139198904509438,0.12175071453251296,-0.37348766829508029,0.64330870195742018,0.10141803575687103,0.16791733289594779,0.87639018968782345,-0.17685849007965126,0.096671691723802633,0.41805114955772216,0.27650859340528888,-0.52752104042645631,-0.12967005721045965,0.49260994687852788,-0.54721950267980413,0.27813776982938121,-0.81653540749125186,-0.82082175510670474
643,-0.19603633708728596,0.033214771914900298,-0.00012447817489746882,0.071496568481528522,0.18724001667190593,0.78661624460060819,0.43280813514603733,0.30210807329348488,0.86913764329763743,-0.60141185462026114,-0.062029259924900604,0.27136240921104915,-0.21136777038395449,-0.73785230219579168,0.011323933377284101,-0.58949168625399717,0.75590830860373814,0.50852347298385436,-0.82779467125564232,-0.34378547085494082
644,-0.43023911094401468,0.68247206985562325,-0.32557838531489769,0.035752200723020211,-0.10616844609952802,0.82649749094401503,-0.49076781393311175,-0.84231095464553918,0.45026469807801872,-0.97081365165082323,-0.88809443029591129,0.036610733416947649,0.1568898850823619,-0.44469931892553305,-0.048998176758696221,-0.0038673092977317136,0.52680092729315131,-0.40046078314612488,-0.45829225254831796,0.71282316512906241
645,-0.74760628325054279,0.76068003056633327,-0.085709940128596562,0.19238059004854691,-0.87925703413445144,0.22442249609866671,0.94073673409967595,0.071873348678880289,-0.033584897852507511,-0.69712004200778543,0.098789847041494294,-0.33819585626673621,-0.40727313269015708,-0.00653311788091826,0.23031074625461034,-0.1210909723447724,0.7120631175957981,-0.97434632647981512,-0.86877750893841332,0.10451908061956017
646,-0.43023911094401468,0.68247206985562325,-0.32557838531489769,0.035752200723020211,-0.10616844609952802,0.82649749094401503,-0.49076781393311175,-0.84231095464553918,0.45026469807801872,-0.97081365165082323,-0.88809443029591129,0.036610733416947649,0.1568898850823619,-0.44469931892553305,-0.048998176758696221,-0.0038673092977317136,0.52680092729315131,-0.40046078314612488,-0.45829225254831796,0.71282316512906241
647,-0.76351189187717972,0.043020841091494955,0.21139198904509438,0.12175071453251296,-0.37348766829508029,0.64330870195742018,0.10141803575687103,0.16791733289594779,0.87639018968782345,-0.17685849007965126,0.096671691723802633,0.41805114955772216,0.27650859340528888,-0.52752104042645631,-0.12967005721045965,0.49260994687852788,-0.54721950267980413,0.27813776982938121,-0.81653540749125186,-0.82082175510670474
648,-0.72636770967227871,0.54038701737387229,-0.28354360307859072,0.10736468086428674,-0.69414644055787145,0.7932655736937777,0.75236486621151299,0.58418523021479474,0.97937558496136834,-0.68925656980243888,0.52818750963314454,0.7985991615095589,0.085205711431973974,-0.15967495515511665,0.84983903446540965,0.4137664369180154,0.17663925857157636,-0.16306572060398783,-0.77768289727113538,-0.93125863289432576
649,-0.72636770967227871,0.54038701737387229,-0.28354360307859072,0.10736468086428674,-0.69414644055787145,0.7932655736937777,0.75236486621151299,0.58418523021479474,0.97937558496136834,-0.68925656980243888,0.52818750963314454,0.7985991615095589,0.085205711431973974,-0.15967495515511665,0.84983903446540965,0.4137664369180154,0.17663925857157636,-0.16306572060398783,-0.77768289727113538,-0.93125863289432576
650,-0.19603633708728596,0.033214771914900298,-0.00012447817489746882,0.071496568481528522,0.18724001667190593,0.78661624460060819,0.43280813514603733,0.30210807329348488,0.86913764329763743,-0.60141185462026114,-0.062029259924900604,0.27136240921104915,-0.21136777038395449,-0.73785230219579168,0.011323933377284101,-0.58949168625399717,0.75590830860373814,0.50852347298385436,-0.82779467125564232,-0.34378547085494082
651,-0.94821322828507038,0.30583203284468463,0.2621542166573636,0.66038905277773075,-0.13987023260961373,0.74641121020353274,0.29431920961163893,0.83474628831974007,0.39999413950944795,-0.66969121712649815,0.69259765126915984,0.63262382976930032,-0.64669218256247096,-0.80676724718609516,-0.98002712988590335,0.38150092871049646,-0.17292831635599182,-0.25531835824039728,-0.26591373100972437,-0.61614376352954414
652,-0.94821322828507038,0.30583203284468463,0.2621542166573636,0.66038905277773075,-0.13987023260961373,0.74641121020353274,0.29431920961163893,0.83474628831974007,0.39999413950944795,-0.66969121712649815,0.69259765126915984,0.63262382976930032,-0.64669218256247096,-0.80676724718609516,-0.98002712988590335,0.38150092871049646,-0.17292831635599182,-0.25531835824039728,-0.26591373100972437,-0.61614376352954414
653,-0.76351189187717972,0.043020841091494955,0.21139198904509438,0.12175071453251296,-0.37348766829508029,0.64330870195742018,0.10141803575687103,0.16791733289594779,0.87639018968782345,-0.17685849007965126,0.096671691723802633,0.41805114955772216,0.27650859340528888,-0.52752104042645631,-0.12967005721045965,0.49260994687852788,-0.54721950267980413,0.27813776982938121,-0.81653540749125186,-0.82082175510670474
654,-0.72636770967227871,0.54038701737387229,-0.28354360307859072,0.10736468086428674,-0.69414644055787145,0.7932655736937777,0.75236486621151299,0.58418523021479474,0.97937558496136834,-0.68925656980243888,0.52818750963314454,0.7985991615095589,0.085205711431973974,-0.15967495515511665,0.84983903446540965,0.4137664369180154,0.17663925857157636,-0.16306572060398783,-0.77768289727113538,-0.93125863289432576
655,-0.76351189187717972,0.043020841091494955,0.21139198904509438,0.12175071453251296,-0.37348766829508029,0.64330870195742018,0.10141803575687103,0.16791733289594779,0.87639018968782345,-0.17685849007965126,0.096671691723802633,0.41805114955772216,0.27650859340528888,-0.52752104042645631,-0.12967005721045965,0.49260994687852788,-0.54721950267980413,0.27813776982938121,-0.81653540749125186,-0.82082175510670474
656,-0.19603633708728596,0.033214771914900298,-0.00012447817489746882,0.071496568481528522,0.18724001667190593,0.78661624460060819,0.43280813514603733,0.30210807329348488,0.86913764329763743,-0.60141185462026114,-0.062029259924900604,0.27136240921104915,-0.21136777038395449,-0.73785230219579168,0.011323933377284101,-0.58949168625399717,0.75590830860373814,0.50852347298385436,-0.82779467125564232,-0.34378547085494082
657,-0.76351189187717972,0.043020841091494955,0.21139198904509438,0.12175071453251296,-0.37348766829508029,0.64330870195742018,0.10141803575687103,0.16791733289594779,0.87639018968782345,-0.17685849007965126,0.096671691723802633,0.41805114955772216,0.27650859340528888,-0.52752104042645631,-0.12967005721045965,0.49260994687852788,-0.54721950267980413,0.27813776982938121,-0.81653540749125186,-0.82082175510670474
658,-0.76351189187717972,0.043020841091494955,0.21139198904509438,0.12175071453251296,-0.37348766829508029,0.64330870195742018,0.10141803575687103,0.16791733289594779,0.87639018968782345,-0.17685849007965126,0.096671691723802633,0.41805114955772216,0.27650859340528888,-0.52752104042645631,-0.12967005721045965,0.49260994687852788,-0.54721950267980413,0.27813776982938121,-0.81653540749125186,-0.82082175510670474
659,-0.76351189187717972,0.043020841091494955,0.21139198904509438,0.12175071453251296,-0.37348766829508029,0.64330870195742018,0.10141803575687103,0.16791733289594779,0.87639018968782345,-0.17685849007965126,0.096671691723802633,0.41805114955772216,0.27650859340528888,-0.52752104042645631,-0.12967005721045965,0.49260994687852788,-0.54721950267980413,0.27813776982938121,-0.81653540749125186,-0.82082175510670474
660,-0.94821322828507038,0.30583203284468463,0.2621542166573636,0.66038905277773075,-0.13987023260961373,0.74641121020353274,0.29431920961163893,0.83474628831974007,0.39999413950944795,-0.66969121712649815,0.69259765126915984,0.63262382976930032,-0.64669218256247096,-0.80676724718609516,-0.98002712988590335,0.38150092871049646,-0.17292831635599182,-0.25531835824039728,-0.26591373100972437,-0.61614376352954414
661,-0.19603633708728596,0.033214771914900298,-0.00012447817489746882,0.071496568481528522,0.18724001667190593,0.78661624460060819,0.43280813514603733,0.30210807329348488,0.86913764329763743,-0.60141185462026114,-0.062029259924900604,0.27136240921104915,-0.21136777038395449,-0.73785230219579168,0.011323933377284101,-0.58949168625399717,0.75590830860373814,0.50852347298385436,-0.82779467125564232,-0.34378547085494082
662,-0.19603633708728596,0.033214771914900298,-0.00012447817489746882,0.071496568481528522,0.18724001667190593,0.78661624460060819,0.43280813514603733,0.30210807329348488,0.86913764329763743,-0.60141185462026114,-0.062029259924900604,0.27136240921104915,-0.21136777038395449,-0.73785230219579168,0.011323933377284101,-0.58949168625399717,0.75590830860373814,0.50852347298385436,-0.82779467125564232,-0.34378547085494082
663,-0.72636770967227871,0.54038701737387229,-0.28354360307859072,0.10736468086428674,-0.69414644055787145,0.7932655736937777,0.75236486621151299,0.58418523021479474,0.97937558496136834,-0.68925656980243888,0.52818750963314454,0.7985991615095589,0.085205711431973974,-0.15967495515511665,0.84983903446540965,0.4137664369180154,0.17663925857157636,-0.16306572060398783,-0.77768289727113538,-0.93125863289432576
664,-0.19603633708728596,0.033214771914900298,-0.00012447817489746882,0.071496568481528522,0.18724001667190593,0.78661624460060819,0.43280813514603733,0.30210807329348488,0.86913764329763743,-0.60141185462026114,-0.062029259924900604,0.27136240921104915,-0.21136777038395449,-0.73785230219579168,0.011323933377284101,-0.58949168625399717,0.75590830860373814,0.50852347298385436,-0.82779467125564232,-0.34378547085494082
665,-0.43198269286860458,-0.21238551630076619,0.2399484016859077,0.16853940262526956,-0.52269272386509424,0.15285343181397049,0.71563956828136144,0.089565408548923475,0.40315760627385377,0.20097610486970741,0.20460863741505486,0.79520452248783968,-0.16353775673210036,-0.96384915830181161,0.010346778015448477,0.41871769284224625,-0.12820750606465503,-0.17365253035747474,-0.19756067189097859,-0.59077297147792018
666,-0.63089787384254525,0.6690818879892857,-0.040057718262865194,0.16654870751220341,-0.7305219398063405,0.58297437628817539,0.27165022287116192,-0.49831781558001675,0.055520079875316153,-0.91271550270220336,0.56078886964035046,-0.44877523643861394,-0.89279907737864139,-0.65252556285087171,-0.078290709643888734,-0.32520986969289178,0.70569138763054884,-0.84075997297232052,0.018942967105671116,0.15495311550536184
667,-0.72636770967227871,0.54038701737387229,-0.28354360307859072,0.10736468086428674,-0.69414644055787145,0.7932655736937777,0.75236486621151299,0.58418523021479474,0.97937558496136834,-0.68925656980243888,0.52818750963314454,0.7985991615095589,0.085205711431973974,-0.15967495515511665,0.84983903446540965,0.4137664369180154,0.17663925857157636,-0.16306572060398783,-0.77768289727113538,-0.93125863289432576
668,-0.76351189187717972,0.043020841091494955,0.21139198904509438,0.12175071453251296,-0.37348766829508029,0.64330870195742018,0.10141803575687103,0.16791733289594779,0.87639018968782345,-0.17685849007965126,0.096671691723802633,0.41805114955772216,0.27650859340528888,-0.52752104042645631,-0.12967005721045965,0.49260994687852788,-0.54721950267980413,0.27813776982938121,-0.81653540749125186,-0.82082175510670474
669,-0.19603633708728596,0.033214771914900298,-0.00012447817489746882,0.071496568481528522,0.18724001667190593,0.78661624460060819,0.43280813514603733,0.30210807329348488,0.86913764329763743,-0.60141185462026114,-0.062029259924900604,0.27136240921104915,-0.21136777038395449,-0.73785230219579168,0.011323933377284101,-0.58949168625399717,0.75590830860373814,0.50852347298385436,-0.82779467125564232,-0.34378547085494082
670,-0.43198269286860458,-0.21238551630076619,0.2399484016859077,0.16853940262526956,-0.52269272386509424,0.15285343181397049,0.71563956828136144,0.089565408548923475,0.40315760627385377,0.20097610486970741,0.20460863741505486,0.79520452248783968,-0.16353775673210036,-0.96384915830181161,0.010346778015448477,0.41871769284224625,-0.12820750606465503,-0.17365253035747474,-0.19756067189097859,-0.59077297147792018
671,-0.76351189187717972,0.043020841091494955,0.21139198904509438,0.12175071453251296,-0.37348766829508029,0.64330870195742018,0.10141803575687103,0.16791733289594779,0.87639018968782345,-0.17685849007965126,0.096671691723802633,0.41805114955772216,0.27650859340528888,-0.52752104042645631,-0.12967005721045965,0.49260994687852788,-0.54721950267980413,0.27813776982938121,-0.81653540749125186,-0.82082175510670474
672,-0.76351189187717972,0.043020841091494955,0.21139198904509438,0.12175071453251296,-0.37348766829508029,0.64330870195742018,0.10141803575687103,0.16791733289594779,0.87639018968782345,-0.17685849007965126,0.096671691723802633,0.41805114955772216,0.27650859340528888,-0.52752104042645631,-0.12967005721045965,0.49260994687852788,-0.54721950267980413,0.27813776982938121,-0.81653540749125186,-0.82082175510670474
673,-0.56152083477900305,-0.22281019935813107,0.23227853026221923,0.18124360262468309,-0.2956766394360637,0.084090887715422058,0.55795401820974511,-0.51093747852149063,0.69430229992397074,-0.061383681165818826,-0.6411015239724287,0.57735414835108378,-0.86143721858926936,-0.052518443093517719,0.18930056471455137,-0.12207800821616033,0.62616273177908988,0.14649522190299846,-0.7858492505753798,0.26159379976943264
674,-0.43198269286860458,-0.21238551630076619,0.2399484016859077,0.16853940262526956,-0.52269272386509424,0.15285343181397049,0.71563956828136144,0.089565408548923475,0.40315760627385377,0.20097610486970741,0.20460863741505486,0.79520452248783968,-0.16353775673210036,-0.96384915830181161,0.010346778015448477,0.41871769284224625,-0.12820750606465503,-0.17365253035747474,-0.19756067189097859,-0.59077297147792018
675,-0.76351189187717972,0.043020841091494955,0.21139198904509438,0.12175071453251296,-0.37348766829508029,0.64330870195742018,0.10141803575687103,0.16791733289594779,0.87639018968782345,-0.17685849007965126,0.096671691723802633,0.41805114955772216,0.27650859340528888,-0.52752104042645631,-0.12967005721045965,0.49260994687852788,-0.54721950267980413,0.27813776982938121,-0.81653540749125186,-0.82082175510670474
676,-0.39091288214958175,-0.40022008328755088,0.23790086004226274,-0.37676085280348426,-0.22289201003043413,0.65980697367460839,0.71751546343479466,-0.45182684331691125,0.59630031760498259,-0.50457028810505378,0.46157983774111799,0.07103803505744799,-0.076187305976538555,-0.85636870276326782,0.5126827410799295,-0.89712239777675129,0.58378303941580301,-0.19060146067890216,-0.88326876003412425,-0.53553500566430201
677,-0.94821322828507038,0.30583203284468463,0.2621542166573636,0.66038905277773075,-0.13987023260961373,0.74641121020353274,0.29431920961163893,0.83474628831974007,0.39999413950944795,-0.66969121712649815,0.69259765126915984,0.63262382976930032,-0.64669218256247096,-0.80676724718609516,-0.98002712988590335,0.38150092871049646,-0.17292831635599182,-0.25531835824039728,-0.26591373100972437,-0.61614376352954414
678,-0.19603633708728596,0.033214771914900298,-0.00012447817489746882,0.071496568481528522,0.18724001667190593,0.78661624460060819,0.43280813514603733,0.30210807329348488,0.86913764329763743,-0.60141185462026114,-0.062029259924900604,0.27136240921104915,-0.21136777038395449,-0.73785230219579168,0.011323933377284101,-0.58949168625399717,0.75590830860373814,0.50852347298385436,-0.82779467125564232,-0.34378547085494082
679,-0.59073706383365265,0.12354596438561294,0.0086269858054444093,-0.26161113376544698,0.67192538523758483,0.76618177938655729,0.5141000161450231,0.068356894883264019,0.056732580546063227,-0.22794487027123966,0.26327961464225136,0.41104244349122721,-0.030951702178711571,-0.19295209943571634,-0.50653383830342236,0.52932033689943503,0.008987324626093196,-0.80852768604781522,-0.71646106751974492,-0.53466874994215963
680,-0.72636770967227871,0.54038701737387229,-0.28354360307859072,0.10736468086428674,-0.69414644055787145,0.7932655736937777,0.75236486621151299,0.58418523021479474,0.97937558496136834,-0.68925656980243888,0.52818750963314454,0.7985991615095589,0.085205711431973974,-0.15967495515511665,0.84983903446540965,0.4137664369180154,0.17663925857157636,-0.16306572060398783,-0.77768289727113538,-0.93125863289432576
681,-0.43198269286860458,-0.21238551630076619,0.2399484016859077,0.16853940262526956,-0.52269272386509424,0.15285343181397049,0.71563956828136144,0.089565408548923475,0.40315760627385377,0.20097610486970741,0.20460863741505486,0.79520452248783968,-0.16353775673210036,-0.96384915830181161,0.010346778015448477,0.41871769284224625,-0.12820750606465503,-0.17365253035747474,-0.19756067189097859,-0.59077297147792018
682,-0.19603633708728596,0.033214771914900298,-0.00012447817489746882,0.071496568481528522,0.18724001667190593,0.78661624460060819,0.43280813514603733,0.30210807329348488,0.86913764329763743,-0.60141185462026114,-0.062029259924900604,0.27136240921104915,-0.21136777038395449,-0.73785230219579168,0.011323933377284101,-0.58949168625399717,0.75590830860373814,0.50852347298385436,-0.82779467125564232,-0.34378547085494082
683,-0.19603633708728596,0.033214771914900298,-0.00012447817489746882,0.071496568481528522,0.18724001667190593,0.78661624460060819,0.43280813514603733,0.30210807329348488,0.86913764329763743,-0.60141185462026114,-0.062029259924900604,0.27136240921104915,-0.21136777038395449,-0.73785230219579168,0.011323933377284101,-0.58949168625399717,0.75590830860373814,0.50852347298385436,-0.82779467125564232,-0.34378547085494082
684,-0.19603633708728596,0.033214771914900298,-0.00012447817489746882,0.071496568481528522,0.18724001667190593,0.78661624460060819,0.43280813514603733,0.30210807329348488,0.86913764329763743,-0.60141185462026114,-0.062029259924900604,0.27136240921104915,-0.21136777038395449,-0.73785230219579168,0.011323933377284101,-0.58949168625399717,0.75590830860373814,0.50852347298385436,-0.82779467125564232,-0.34378547085494082
685,-0.63089787384254525,0.6690818879892857,-0.040057718262865194,0.16654870751220341,-0.7305219398063405,0.58297437628817539,0.27165022287116192,-0.49831781558001675,0.055520079875316153,-0.91271550270220336,0.56078886964035046,-0.44877523643861394,-0.89279907737864139,-0.65252556285087171,-0.078290709643888734,-0.32520986969289178,0.70569138763054884,-0.84075997297232052,0.018942967105671116,0.15495311550536184
686,-0.19603633708728596,0.033214771914900298,-0.00012447817489746882,0.071496568481528522,0.18724001667190593,0.78661624460060819,0.43280813514603733,0.30210807329348488,0.86913764329763743,-0.60141185462026114,-0.062029259924900604,0.27136240921104915,-0.21136777038395449,-0.73785230219579168,0.011323933377284101,-0.58949168625399717,0.75590830860373814,0.50852347298385436,-0.82779467125564232,-0.34378547085494082
687,-0.72636770967227871,0.54038701737387229,-0.28354360307859072,0.10736468086428674,-0.69414644055787145,0.7932655736937777,0.75236486621151299,0.58418523021479474,0.97937558496136834,-0.68925656980243888,0.52818750963314454,0.7985991615095589,0.085205711431973974,-0.15967495515511665,0.84983903446540965,0.4137664369180154,0.17663925857157636,-0.16306572060398783,-0.77768289727113538,-0.93125863289432576
688,-0.19603633708728596,0.033214771914900298,-0.00012447817489746882,0.071496568481528522,0.18724001667190593,0.78661624460060819,0.43280813514603733,0.30210807329348488,0.86913764329763743,-0.60141185462026114,-0.062029259924900604,0.27136240921104915,-0.21136777038395449,-0.73785230219579168,0.011323933377284101,-0.58949168625399717,0.75590830860373814,0.50852347298385436,-0.82779467125564232,-0.34378547085494082
689,-0.76351189187717972,0.043020841091494955,0.21139198904509438,0.12175071453251296,-0.37348766829508029,0.64330870195742018,0.10141803575687103,0.16791733289594779,0.87639018968782345,-0.17685849007965126,0.096671691723802633,0.41805114955772216,0.27650859340528888,-0.52752104042645631,-0.12967005721045965,0.49260994687852788,-0.54721950267980413,0.27813776982938121,-0.81653540749125186,-0.82082175510670474
690,-0.72636770967227871,0.54038701737387229,-0.28354360307859072,0.10736468086428674,-0.69414644055787145,0.7932655736937777,0.75236486621151299,0.58418523021479474,0.97937558496136834,-0.68925656980243888,0.52818750963314454,0.7985991615095589,0.085205711431973974,-0.15967495515511665,0.84983903446540965,0.4137664369180154,0.17663925857157636,-0.16306572060398783,-0.77768289727113538,-0.93125863289432576
691,-0.19603633708728596,0.033214771914900298,-0.00012447817489746882,0.071496568481528522,0.18724001667190593,0.78661624460060819,0.43280813514603733,0.30210807329348488,0.86913764329763743,-0.60141185462026114,-0.062029259924900604,0.27136240921104915,-0.21136777038395449,-0.73785230219579168,0.011323933377284101,-0.58949168625399717,0.75590830860373814,0.50852347298385436,-0.82779467125564232,-0.34378547085494082
692,-0.72636770967227871,0.54038701737387229,-0.28354360307859072,0.10736468086428674,-0.69414644055787145,0.7932655736937777,0.75236486621151299,0.58418523021479474,0.97937558496136834,-0.68925656980243888,0.52818750963314454,0.7985991615095589,0.085205711431973974,-0.15967495515511665,0.84983903446540965,0.4137664369180154,0.17663925857157636,-0.16306572060398783,-0.77768289727113538,-0.93125863289432576
693,-0.72636770967227871,0.54038701737387229,-0.28354360307859072,0.10736468086428674,-0.69414644055787145,0.7932655736937777,0.75236486621151299,0.58418523021479474,0.97937558496136834,-0.68925656980243888,0.52818750963314454,0.7985991615095589,0.085205711431973974,-0.15967495515511665,0.84983903446540965,0.4137664369180154,0.17663925857157636,-0.16306572060398783,-0.77768289727113538,-0.93125863289432576
694,-0.72636770967227871,0.54038701737387229,-0.28354360307859072,0.10736468086428674,-0.69414644055787145,0.7932655736937777,0.75236486621151299,0.58418523021479474,0.97937558496136834,-0.68925656980243888,0.52818750963314454,0.7985991615095589,0.085205711431973974,-0.15967495515511665,0.84983903446540965,0.4137664369180154,0.17663925857157636,-0.16306572060398783,-0.77768289727113538,-0.93125863289432576
695,-0.19603633708728596,0.033214771914900298,-0.00012447817489746882,0.071496568481528522,0.18724001667190593,0.78661624460060819,0.43280813514603733,0.30210807329348488,0.86913764329763743,-0.60141185462026114,-0.062029259924900604,0.27136240921104915,-0.21136777038395449,-0.73785230219579168,0.011323933377284101,-0.58949168625399717,0.75590830860373814,0.50852347298385436,-0.82779467125564232,-0.34378547085494082
696,-0.19603633708728596,0.033214771914900298,-0.00012447817489746882,0.071496568481528522,0.18724001667190593,0.78661624460060819,0.43280813514603733,0.30210807329348488,0.86913764329763743,-0.60141185462026114,-0.062029259924900604,0.27136240921104915,-0.21136777038395449,-0.73785230219579168,0.011323933377284101,-0.58949168625399717,0.75590830860373814,0.50852347298385436,-0.82779467125564232,-0.34378547085494082
697,-0.43198269286860458,-0.21238551630076619,0.2399484016859077,0.16853940262526956,-0.52269272386509424,0.15285343181397049,0.71563956828136144,0.089565408548923475,0.40315760627385377,0.20097610486970741,0.20460863741505486,0.79520452248783968,-0.16353775673210036,-0.96384915830181161,0.010346778015448477,0.41871769284224625,-0.12820750606465503,-0.17365253035747474,-0.19756067189097859,-0.59077297147792018
698,-0.76351189187717972,0.043020841091494955,0.21139198904509438,0.12175071453251296,-0.37348766829508029,0.64330870195742018,0.10141803575687103,0.16791733289594779,0.87639018968782345,-0.17685849007965126,0.096671691723802633,0.41805114955772216,0.27650859340528888,-0.52752104042645631,-0.12967005721045965,0.49260994687852788,-0.54721950267980413,0.27813776982938121,-0.81653540749125186,-0.82082175510670474
699,-0.72636770967227871,0.54038701737387229,-0.28354360307859072,0.10736468086428674,-0.69414644055787145,0.7932655736937777,0.75236486621151299,0.58418523021479474,0.97937558496136834,-0.68925656980243888,0.52818750963314454,0.7985991615095589,0.085205711431973974,-0.15967495515511665,0.84983903446540965,0.4137664369180154,0.17663925857157636,-0.16306572060398783,-0.77768289727113538,-0.93125863289432576
700,-0.34660979544098836,0.81987601344156724,-0.22222503817384176,-0.1708915765607677,-0.43695258465844122,-0.2751472714483052,0.49250494635076136,-0.52948529244305975,0.016687053148506825,-0.7802411091191277,0.61287993064734492,0.24026141704322646,-0.1199671922388037,-0.27946900797009455,0.492127346411529,-0.21753495043205739,0.27046975447636012,-0.18621609483315305,-0.31946771868524459,-0.91202700875881515
701,-0.19603633708728596,0.033214771914900298,-0.00012447817489746882,0.071496568481528522,0.18724001667190593,0.78661624460060819,0.43280813514603733,0.30210807329348488,0.86913764329763743,-0.60141185462026114,-0.062029259924900604,0.27136240921104915,-0.21136777038395449,-0.73785230219579168,0.011323933377284101,-0.58949168625399717,0.75590830860373814,0.50852347298385436,-0.82779467125564232,-0.34378547085494082
702,-0.43198269286860458,-0.21238551630076619,0.2399484016859077,0.16853940262526956,-0.52269272386509424,0.15285343181397049,0.71563956828136144,0.089565408548923475,0.40315760627385377,0.20097610486970741,0.20460863741505486,0.79520452248783968,-0.16353775673210036,-0.96384915830181161,0.010346778015448477,0.41871769284224625,-0.12820750606465503,-0.17365253035747474,-0.19756067189097859,-0.59077297147792018
703,-0.44212273820108261,0.020448622569188446,-0.24851073779141797,-0.23382612683166837,0.035399033313846529,0.58168131205356777,0.92367813754167161,0.8316229725249864,-0.38182165820096525,-0.92481656225776798,0.85521322740656269,-0.12280443554780596,-0.24750034458659087,-0.96040352487087222,-0.88556418734997333,-0.65987364717947194,-0.59416684342949799,-0.55303632155067062,0.20554421078513219,-0.63504964274035891
704,0.086187217701549912,-0.41900711132846746,0.21391874595024807,0.44924363376588672,-0.15359521162456025,0.88889718208477109,0.66840738550214396,0.26569696686317634,0.3515125153780696,-0.56055642359832913,0.22612093960845736,-0.0042676986396068539,-0.017108757314711509,-0.52499927430385585,-0.81549675542721034,-0.26893860168641481,0.45311380349758879,-0.40102812794307052,-0.80467227081314974,-0.43892182428889859
705,-0.19603633708728596,0.033214771914900298,-0.00012447817489746882,0.071496568481528522,0.18724001667190593,0.78661624460060819,0.43280813514603733,0.30210807329348488,0.86913764329763743,-0.60141185462026114,-0.062029259924900604,0.27136240921104915,-0.21136777038395449,-0.73785230219579168,0.011323933377284101,-0.58949168625399717,0.75590830860373814,0.50852347298385436,-0.82779467125564232,-0.34378547085494082
706,-0.39091288214958175,-0.40022008328755088,0.23790086004226274,-0.37676085280348426,-0.22289201003043413,0.65980697367460839,0.71751546343479466,-0.45182684331691125,0.59630031760498259,-0.50457028810505378,0.46157983774111799,0.07103803505744799,-0.076187305976538555,-0.85636870276326782,0.5126827410799295,-0.89712239777675129,0.58378303941580301,-0.19060146067890216,-0.88326876003412425,-0.53553500566430201
707,-0.72636770967227871,0.54038701737387229,-0.28354360307859072,0.10736468086428674,-0.69414644055787145,0.7932655736937777,0.75236486621151299,0.58418523021479474,0.97937558496136834,-0.68925656980243888,0.52818750963314454,0.7985991615095589,0.085205711431973974,-0.15967495515511665,0.84983903446540965,0.4137664369180154,0.17663925857157636,-0.16306572060398783,-0.77768289727113538,-0.93125863289432576
708,-0.47703164340807147,0.0050867687369404724,0.12358826884330409,-0.130851182087798,-0.075137229777033188,0.80617110525522029,0.17712383174157087,0.50223025950840849,0.83148929427957419,-0.58034728151992243,0.75147880021664704,0.14288938884160429,0.63174746977486262,-0.63443097778226121,-0.57144313633790089,0.79193218928645615,0.4467742114237192,-0.91650438208211016,0.16862218156145881,0.55202473957309905
709,-0.19603633708728596,0.033214771914900298,-0.00012447817489746882,0.071496568481528522,0.18724001667190593,0.78661624460060819,0.43280813514603733,0.30210807329348488,0.86913764329763743,-0.60141185462026114,-0.062029259924900604,0.27136240921104915,-0.21136777038395449,-0.73785230219579168,0.011323933377284101,-0.58949168625399717,0.75590830860373814,0.50852347298385436,-0.82779467125564232,-0.34378547085494082
710,-0.94821322828507038,0.30583203284468463,0.2621542166573636,0.66038905277773075,-0.13987023260961373,0.74641121020353274,0.29431920961163893,0.83474628831974007,0.39999413950944795,-0.66969121712649815,0.69259765126915984,0.63262382976930032,-0.64669218256247096,-0.80676724718609516,-0.98002712988590335,0.38150092871049646,-0.17292831635599182,-0.25531835824039728,-0.26591373100972437,-0.61614376352954414
711,-0.37497043101793204,-0.43780806624833146,0.29783176315617754,-0.12120448613029233,-0.26722631201223956,0.095155688755880652,0.3888646704999148,0.76909556259463918,-0.02478438364578639,-0.91466837442256188,0.77287586890548554,0.76912295453135604,-0.30419270916062491,-0.61679630443529376,-0.44241678370581283,0.41442144590778351,0.31190104345033465,-0.013693567075583779,-0.88604612685936535,-0.53714935874567304
712,-0.43198269286860458,-0.21238551630076619,0.2399484016859077,0.16853940262526956,-0.52269272386509424,0.15285343181397049,0.71563956828136144,0.089565408548923475,0.40315760627385377,0.20097610486970741,0.20460863741505486,0.79520452248783968,-0.16353775673210036,-0.96384915830181161,0.010346778015448477,0.41871769284224625,-0.12820750606465503,-0.17365253035747474,-0.19756067189097859,-0.59077297147792018
713,-0.19603633708728596,0.033214771914900298,-0.00012447817489746882,0.071496568481528522,0.18724001667190593,0.78661624460060819,0.43280813514603733,0.30210807329348488,0.86913764329763743,-0.60141185462026114,-0.062029259924900604,0.27136240921104915,-0.21136777038395449,-0.73785230219579168,0.011323933377284101,-0.58949168625399717,0.75590830860373814,0.50852347298385436,-0.82779467125564232,-0.34378547085494082
714,-0.76351189187717972,0.043020841091494955,0.21139198904509438,0.12175071453251296,-0.37348766829508029,0.64330870195742018,0.10141803575687103,0.16791733289594779,0.87639018968782345,-0.17685849007965126,0.096671691723802633,0.41805114955772216,0.27650859340528888,-0.52752104042645631,-0.12967005721045965,0.49260994687852788,-0.54721950267980413,0.27813776982938121,-0.81653540749125186,-0.82082175510670474
715,-0.43198269286860458,-0.21238551630076619,0.2399484016859077,0.16853940262526956,-0.52269272386509424,0.15285343181397049,0.71563956828136144,0.089565408548923475,0.40315760627385377,0.20097610486970741,0.20460863741505486,0.79520452248783968,-0.16353775673210036,-0.96384915830181161,0.010346778015448477,0.41871769284224625,-0.12820750606465503,-0.17365253035747474,-0.19756067189097859,-0.59077297147792018
716,-0.43198269286860458,-0.21238551630076619,0.2399484016859077,0.16853940262526956,-0.52269272386509424,0.15285343181397049,0.71563956828136144,0.089565408548923475,0.40315760627385377,0.20097610486970741,0.20460863741505486,0.79520452248783968,-0.16353775673210036,-0.96384915830181161,0.010346778015448477,0.41871769284224625,-0.12820750606465503,-0.17365253035747474,-0.19756067189097859,-0.59077297147792018
717,-0.72636770967227871,0.54038701737387229,-0.28354360307859072,0.10736468086428674,-0.69414644055787145,0.7932655736937777,0.75236486621151299,0.58418523021479474,0.97937558496136834,-0.68925656980243888,0.52818750963314454,0.7985991615095589,0.085205711431973974,-0.15967495515511665,0.84983903446540965,0.4137664369180154,0.17663925857157636,-0.16306572060398783,-0.77768289727113538,-0.93125863289432576
718,-0.76351189187717972,0.043020841091494955,0.21139198904509438,0.12175071453251296,-0.37348766829508029,0.64330870195742018,0.10141803575687103,0.16791733289594779,0.87639018968782345,-0.17685849007965126,0.096671691723802633,0.41805114955772216,0.27650859340528888,-0.52752104042645631,-0.12967005721045965,0.49260994687852788,-0.54721950267980413,0.27813776982938121,-0.81653540749125186,-0.82082175510670474
719,-0.76351189187717972,0.043020841091494955,0.21139198904509438,0.12175071453251296,-0.37348766829508029,0.64330870195742018,0.10141803575687103,0.16791733289594779,0.87639018968782345,-0.17685849007965126,0.096671691723802633,0.41805114955772216,0.27650859340528888,-0.52752104042645631,-0.12967005721045965,0.49260994687852788,-0.54721950267980413,0.27813776982938121,-0.81653540749125186,-0.82082175510670474
720,-0.19603633708728596,0.033214771914900298,-0.00012447817489746882,0.071496568481528522,0.18724001667190593,0.78661624460060819,0.43280813514603733,0.30210807329348488,0.86913764329763743,-0.60141185462026114,-0.062029259924900604,0.27136240921104915,-0.21136777038395449,-0.73785230219579168,0.011323933377284101,-0.58949168625399717,0.75590830860373814,0.50852347298385436,-0.82779467125564232,-0.34378547085494082
721,-0.43023911094401468,0.68247206985562325,-0.32557838531489769,0.035752200723020211,-0.10616844609952802,0.82649749094401503,-0.49076781393311175,-0.84231095464553918,0.45026469807801872,-0.97081365165082323,-0.88809443029591129,0.036610733416947649,0.1568898850823619,-0.44469931892553305,-0.048998176758696221,-0.0038673092977317136,0.52680092729315131,-0.40046078314612488,-0.45829225254831796,0.71282316512906241
722,-0.19603633708728596,0.033214771914900298,-0.00012447817489746882,0.071496568481528522,0.18724001667190593,0.78661624460060819,0.43280813514603733,0.30210807329348488,0.86913764329763743,-0.60141185462026114,-0.062029259924900604,0.27136240921104915,-0.21136777038395449,-0.73785230219579168,0.011323933377284101,-0.58949168625399717,0.75590830860373814,0.50852347298385436,-0.82779467125564232,-0.34378547085494082
723,-0.63089787384254525,0.6690818879892857,-0.040057718262865194,0.16654870751220341,-0.7305219398063405,0.58297437628817539,0.27165022287116192,-0.49831781558001675,0.055520079875316153,-0.91271550270220336,0.56078886964035046,-0.44877523643861394,-0.89279907737864139,-0.65252556285087171,-0.078290709643888734,-0.32520986969289178,0.70569138763054884,-0.84075997297232052,0.018942967105671116,0.15495311550536184
724,-0.74760628325054279,0.76068003056633327,-0.085709940128596562,0.19238059004854691,-0.87925703413445144,0.22442249609866671,0.94073673409967595,0.071873348678880289,-0.033584897852507511,-0.69712004200778543,0.098789847041494294,-0.33819585626673621,-0.40727313269015708,-0.00653311788091826,0.23031074625461034,-0.1210909723447724,0.7120631175957981,-0.97434632647981512,-0.86877750893841332,0.10451908061956017
725,-0.76351189187717972,0.043020841091494955,0.21139198904509438,0.12175071453251296,-0.37348766829508029,0.64330870195742018,0.10141803575687103,0.16791733289594779,0.87639018968782345,-0.17685849007965126,0.096671691723802633,0.41805114955772216,0.27650859340528888,-0.52752104042645631,-0.12967005721045965,0.49260994687852788,-0.54721950267980413,0.27813776982938121,-0.81653540749125186,-0.82082175510670474
726,-0.72636770967227871,0.54038701737387229,-0.28354360307859072,0.10736468086428674,-0.69414644055787145,0.7932655736937777,0.75236486621151299,0.58418523021479474,0.97937558496136834,-0.68925656980243888,0.52818750963314454,0.7985991615095589,0.085205711431973974,-0.15967495515511665,0.84983903446540965,0.4137664369180154,0.17663925857157636,-0.16306572060398783,-0.77768289727113538,-0.93125863289432576
727,-0.19603633708728596,0.033214771914900298,-0.00012447817489746882,0.071496568481528522,0.18724001667190593,0.78661624460060819,0.43280813514603733,0.30210807329348488,0.86913764329763743,-0.60141185462026114,-0.062029259924900604,0.27136240921104915,-0.21136777038395449,-0.73785230219579168,0.011323933377284101,-0.58949168625399717,0.75590830860373814,0.50852347298385436,-0.82779467125564232,-0.34378547085494082
728,-0.19603633708728596,0.033214771914900298,-0.00012447817489746882,0.071496568481528522,0.18724001667190593,0.78661624460060819,0.43280813514603733,0.30210807329348488,0.86913764329763743,-0.60141185462026114,-0.062029259924900604,0.27136240921104915,-0.21136777038395449,-0.73785230219579168,0.011323933377284101,-0.58949168625399717,0.75590830860373814,0.50852347298385436,-0.82779467125564232,-0.34378547085494082
729,-0.72636770967227871,0.54038701737387229,-0.28354360307859072,0.10736468086428674,-0.69414644055787145,0.7932655736937777,0.75236486621151299,0.58418523021479474,0.97937558496136834,-0.68925656980243888,0.52818750963314454,0.7985991615095589,0.085205711431973974,-0.15967495515511665,0.84983903446540965,0.4137664369180154,0.17663925857157636,-0.16306572060398783,-0.77768289727113538,-0.93125863289432576
730,-0.94821322828507038,0.30583203284468463,0.2621542166573636,0.66038905277773075,-0.13987023260961373,0.74641121020353274,0.29431920961163893,0.83474628831974007,0.39999413950944795,-0.66969121712649815,0.69259765126915984,0.63262382976930032,-0.64669218256247096,-0.80676724718609516,-0.98002712988590335,0.38150092871049646,-0.17292831635599182,-0.25531835824039728,-0.26591373100972437,-0.61614376352954414
731,-0.19603633708728596,0.033214771914900298,-0.00012447817489746882,0.071496568481528522,0.18724001667190593,0.78661624460060819,0.43280813514603733,0.30210807329348488,0.86913764329763743,-0.60141185462026114,-0.062029259924900604,0.27136240921104915,-0.21136777038395449,-0.73785230219579168,0.011323933377284101,-0.58949168625399717,0.75590830860373814,0.50852347298385436,-0.82779467125564232,-0.34378547085494082
732,-0.19603633708728596,0.033214771914900298,-0.00012447817489746882,0.071496568481528522,0.18724001667190593,0.78661624460060819,0.43280813514603733,0.30210807329348488,0.86913764329763743,-0.60141185462026114,-0.062029259924900604,0.27136240921104915,-0.21136777038395449,-0.73785230219579168,0.011323933377284101,-0.58949168625399717,0.75590830860373814,0.50852347298385436,-0.82779467125564232,-0.34378547085494082
733,-0.43198269286860458,-0.21238551630076619,0.2399484016859077,0.16853940262526956,-0.52269272386509424,0.15285343181397049,0.71563956828136144,0.089565408548923475,0.40315760627385377,0.20097610486970741,0.20460863741505486,0.79520452248783968,-0.16353775673210036,-0.96384915830181161,0.010346778015448477,0.41871769284224625,-0.12820750606465503,-0.17365253035747474,-0.19756067189097859,-0.59077297147792018
734,-0.55424916112706146,0.22697256085682582,0.10982463855608837,0.21379237403279361,-0.16927279573823273,0.18951575758634664,0.98118851421614295,-0.30790835637856095,0.6273652331131474,-0.3630988631831733,0.91073326441016511,-0.21195442654454233,-0.71476266379492559,-0.099036063172792455,-0.37674854135596747,-0.40999783314218408,0.80754895628629519,-0.92034794583730273,-0.85188865997651964,0.17687832550777327
735,-0.43023911094401468,0.68247206985562325,-0.32557838531489769,0.035752200723020211,-0.10616844609952802,0.82649749094401503,-0.49076781393311175,-0.84231095464553918,0.45026469807801872,-0.97081365165082323,-0.88809443029591129,0.036610733416947649,0.1568898850823619,-0.44469931892553305,-0.048998176758696221,-0.0038673092977317136,0.52680092729315131,-0.40046078314612488,-0.45829225254831796,0.71282316512906241
736,-0.19603633708728596,0.033214771914900298,-0.00012447817489746882,0.071496568481528522,0.18724001667190593,0.78661624460060819,0.43280813514603733,0.30210807329348488,0.86913764329763743,-0.60141185462026114,-0.062029259924900604,0.27136240921104915,-0.21136777038395449,-0.73785230219579168,0.011323933377284101,-0.58949168625399717,0.75590830860373814,0.50852347298385436,-0.82779467125564232,-0.34378547085494082
737,-0.74760628325054279,0.76068003056633327,-0.085709940128596562,0.19238059004854691,-0.87925703413445144,0.22442249609866671,0.94073673409967595,0.071873348678880289,-0.033584897852507511,-0.69712004200778543,0.098789847041494294,-0.33819585626673621,-0.40727313269015708,-0.00653311788091826,0.23031074625461034,-0.1210909723447724,0.7120631175957981,-0.97434632647981512,-0.86877750893841332,0.10451908061956017
738,-0.94821322828507038,0.30583203284468463,0.2621542166573636,0.66038905277773075,-0.13987023260961373,0.74641121020353274,0.29431920961163893,0.83474628831974007,0.39999413950944795,-0.66969121712649815,0.69259765126915984,0.63262382976930032,-0.64669218256247096,-0.80676724718609516,-0.98002712988590335,0.38150092871049646,-0.17292831635599182,-0.25531835824039728,-0.26591373100972437,-0.61614376352954414
739,-0.94821322828507038,0.30583203284468463,0.2621542166573636,0.66038905277773075,-0.13987023260961373,0.74641121020353274,0.29431920961163893,0.83474628831974007,0.39999413950944795,-0.66969121712649815,0.69259765126915984,0.63262382976930032,-0.64669218256247096,-0.80676724718609516,-0.98002712988590335,0.38150092871049646,-0.17292831635599182,-0.25531835824039728,-0.26591373100972437,-0.61614376352954414
740,-0.19603633708728596,0.033214771914900298,-0.00012447817489746882,0.071496568481528522,0.18724001667190593,0.78661624460060819,0.43280813514603733,0.30210807329348488,0.86913764329763743,-0.60141185462026114,-0.062029259924900604,0.27136240921104915,-0.21136777038395449,-0.73785230219579168,0.011323933377284101,-0.58949168625399717,0.75590830860373814,0.50852347298385436,-0.82779467125564232,-0.34378547085494082
741,-0.72636770967227871,0.54038701737387229,-0.28354360307859072,0.10736468086428674,-0.69414644055787145,0.7932655736937777,0.75236486621151299,0.58418523021479474,0.97937558496136834,-0.68925656980243888,0.52818750963314454,0.7985991615095589,0.085205711431973974,-0.15967495515511665,0.84983903446540965,0.4137664369180154,0.17663925857157636,-0.16306572060398783,-0.77768289727113538,-0.93125863289432576
742,-0.19603633708728596,0.033214771914900298,-0.00012447817489746882,0.071496568481528522,0.18724001667190593,0.78661624460060819,0.43280813514603733,0.30210807329348488,0.86913764329763743,-0.60141185462026114,-0.062029259924900604,0.27136240921104915,-0.21136777038395449,-0.73785230219579168,0.011323933377284101,-0.58949168625399717,0.75590830860373814,0.50852347298385436,-0.82779467125564232,-0.34378547085494082
743,-0.76351189187717972,0.043020841091494955,0.21139198904509438,0.12175071453251296,-0.37348766829508029,0.64330870195742018,0.10141803575687103,0.16791733289594779,0.87639018968782345,-0.17685849007965126,0.096671691723802633,0.41805114955772216,0.27650859340528888,-0.52752104042645631,-0.12967005721045965,0.49260994687852788,-0.54721950267980413,0.27813776982938121,-0.81653540749125186,-0.82082175510670474
744,-0.76351189187717972,0.043020841091494955,0.21139198904509438,0.12175071453251296,-0.37348766829508029,0.64330870195742018,0.10141803575687103,0.16791733289594779,0.87639018968782345,-0.17685849007965126,0.096671691723802633,0.41805114955772216,0.27650859340528888,-0.52752104042645631,-0.12967005721045965,0.49260994687852788,-0.54721950267980413,0.27813776982938121,-0.81653540749125186,-0.82082175510670474
745,-0.19603633708728596,0.033214771914900298,-0.00012447817489746882,0.071496568481528522,0.18724001667190593,0.78661624460060819,0.43280813514603733,0.30210807329348488,0.86913764329763743,-0.60141185462026114,-0.062029259924900604,0.27136240921104915,-0.21136777038395449,-0.73785230219579168,0.011323933377284101,-0.58949168625399717,0.75590830860373814,0.50852347298385436,-0.82779467125564232,-0.34378547085494082
746,-0.19603633708728596,0.033214771914900298,-0.00012447817489746882,0.071496568481528522,0.18724001667190593,0.78661624460060819,0.43280813514603733,0.30210807329348488,0.86913764329763743,-0.60141185462026114,-0.062029259924900604,0.27136240921104915,-0.21136777038395449,-0.73785230219579168,0.011323933377284101,-0.58949168625399717,0.75590830860373814,0.50852347298385436,-0.82779467125564232,-0.34378547085494082
747,-0.76351189187717972,0.043020841091494955,0.21139198904509438,0.12175071453251296,-0.37348766829508029,0.64330870195742018,0.10141803575687103,0.16791733289594779,0.87639018968782345,-0.17685849007965126,0.096671691723802633,0.41805114955772216,0.27650859340528888,-0.52752104042645631,-0.12967005721045965,0.49260994687852788,-0.54721950267980413,0.27813776982938121,-0.81653540749125186,-0.82082175510670474
748,-0.76351189187717972,0.043020841091494955,0.21139198904509438,0.12175071453251296,-0.37348766829508029,0.64330870195742018,0.10141803575687103,0.16791733289594779,0.87639018968782345,-0.17685849007965126,0.096671691723802633,0.41805114955772216,0.27650859340528888,-0.52752104042645631,-0.12967005721045965,0.49260994687852788,-0.54721950267980413,0.27813776982938121,-0.81653540749125186,-0.82082175510670474
749,-0.94821322828507038,0.30583203284468463,0.2621542166573636,0.66038905277773075,-0.13987023260961373,0.74641121020353274,0.29431920961163893,0.83474628831974007,0.39999413950944795,-0.66969121712649815,0.69259765126915984,0.63262382976930032,-0.64669218256247096,-0.80676724718609516,-0.98002712988590335,0.38150092871049646,-0.17292831635599182,-0.25531835824039728,-0.26591373100972437,-0.61614376352954414
750,-0.19603633708728596,0.033214771914900298,-0.00012447817489746882,0.071496568481528522,0.18724001667190593,0.78661624460060819,0.43280813514603733,0.30210807329348488,0.86913764329763743,-0.60141185462026114,-0.062029259924900604,0.27136240921104915,-0.21136777038395449,-0.73785230219579168,0.011323933377284101,-0.58949168625399717,0.75590830860373814,0.50852347298385436,-0.82779467125564232,-0.34378547085494082
751,-0.19603633708728596,0.033214771914900298,-0.00012447817489746882,0.071496568481528522,0.18724001667190593,0.78661624460060819,0.43280813514603733,0.30210807329348488,0.86913764329763743,-0.60141185462026114,-0.062029259924900604,0.27136240921104915,-0.21136777038395449,-0.73785230219579168,0.011323933377284101,-0.58949168625399717,0.75590830860373814,0.50852347298385436,-0.82779467125564232,-0.34378547085494082
752,-0.72636770967227871,0.54038701737387229,-0.28354360307859072,0.10736468086428674,-0.69414644055787145,0.7932655736937777,0.75236486621151299,0.58418523021479474,0.97937558496136834,-0.68925656980243888,0.52818750963314454,0.7985991615095589,0.085205711431973974,-0.15967495515511665,0.84983903446540965,0.4137664369180154,0.17663925857157636,-0.16306572060398783,-0.77768289727113538,-0.93125863289432576
753,-0.43198269286860458,-0.21238551630076619,0.2399484016859077,0.16853940262526956,-0.52269272386509424,0.15285343181397049,0.71563956828136144,0.089565408548923475,0.40315760627385377,0.20097610486970741,0.20460863741505486,0.79520452248783968,-0.16353775673210036,-0.96384915830181161,0.010346778015448477,0.41871769284224625,-0.12820750606465503,-0.17365253035747474,-0.19756067189097859,-0.59077297147792018
754,-0.19603633708728596,0.033214771914900298,-0.00012447817489746882,0.071496568481528522,0.18724001667190593,0.78661624460060819,0.43280813514603733,0.30210807329348488,0.86913764329763743,-0.60141185462026114,-0.062029259924900604,0.27136240921104915,-0.21136777038395449,-0.73785230219579168,0.011323933377284101,-0.58949168625399717,0.75590830860373814,0.50852347298385436,-0.82779467125564232,-0.34378547085494082
755,-0.72636770967227871,0.54038701737387229,-0.28354360307859072,0.10736468086428674,-0.69414644055787145,0.7932655736937777,0.75236486621151299,0.58418523021479474,0.97937558496136834,-0.68925656980243888,0.52818750963314454,0.7985991615095589,0.085205711431973974,-0.15967495515511665,0.84983903446540965,0.4137664369180154,0.17663925857157636,-0.16306572060398783,-0.77768289727113538,-0.93125863289432576
756,-0.72636770967227871,0.54038701737387229,-0.28354360307859072,0.10736468086428674,-0.69414644055787145,0.7932655736937777,0.75236486621151299,0.58418523021479474,0.97937558496136834,-0.68925656980243888,0.52818750963314454,0.7985991615095589,0.085205711431973974,-0.15967495515511665,0.84983903446540965,0.4137664369180154,0.17663925857157636,-0.16306572060398783,-0.77768289727113538,-0.93125863289432576
757,-0.59344157522195951,0.46208071964063713,-0.20323331368327668,-0.17367082705369952,-0.64291515807106481,0.17682461139976735,0.61004902864702903,0.13759641609798967,-0.12429107704068865,-0.71461403441064242,-0.1475921855933382,-0.12129645618676999,-0.18952669230410812,0.070038859951751409,0.254380631100529,0.12741442455423746,0.1604437766771698,-0.11829532343340099,-0.60622954938595353,-0.1340820276751018
758,-0.43023911094401468,0.68247206985562325,-0.32557838531489769,0.035752200723020211,-0.10616844609952802,0.82649749094401503,-0.49076781393311175,-0.84231095464553918,0.45026469807801872,-0.97081365165082323,-0.88809443029591129,0.036610733416947649,0.1568898850823619,-0.44469931892553305,-0.048998176758696221,-0.0038673092977317136,0.52680092729315131,-0.40046078314612488,-0.45829225254831796,0.71282316512906241
759,-0.19603633708728596,0.033214771914900298,-0.00012447817489746882,0.071496568481528522,0.18724001667190593,0.78661624460060819,0.43280813514603733,0.30210807329348488,0.86913764329763743,-0.60141185462026114,-0.062029259924900604,0.27136240921104915,-0.21136777038395449,-0.73785230219579168,0.011323933377284101,-0.58949168625399717,0.75590830860373814,0.50852347298385436,-0.82779467125564232,-0.34378547085494082
760,-0.19603633708728596,0.033214771914900298,-0.00012447817489746882,0.071496568481528522,0.18724001667190593,0.78661624460060819,0.43280813514603733,0.30210807329348488,0.86913764329763743,-0.60141185462026114,-0.062029259924900604,0.27136240921104915,-0.21136777038395449,-0.73785230219579168,0.011323933377284101,-0.58949168625399717,0.75590830860373814,0.50852347298385436,-0.82779467125564232,-0.34378547085494082
761,-0.43198269286860458,-0.21238551630076619,0.2399484016859077,0.16853940262526956,-0.52269272386509424,0.15285343181397049,0.71563956828136144,0.089565408548923475,0.40315760627385377,0.20097610486970741,0.20460863741505486,0.79520452248783968,-0.16353775673210036,-0.96384915830181161,0.010346778015448477,0.41871769284224625,-0.12820750606465503,-0.17365253035747474,-0.19756067189097859,-0.59077297147792018
762,-0.72636770967227871,0.54038701737387229,-0.28354360307859072,0.10736468086428674,-0.69414644055787145,0.7932655736937777,0.75236486621151299,0.58418523021479474,0.97937558496136834,-0.68925656980243888,0.52818750963314454,0.7985991615095589,0.085205711431973974,-0.15967495515511665,0.84983903446540965,0.4137664369180154,0.17663925857157636,-0.16306572060398783,-0.77768289727113538,-0.93125863289432576
763,-0.74760628325054279,0.76068003056633327,-0.085709940128596562,0.19238059004854691,-0.87925703413445144,0.22442249609866671,0.94073673409967595,0.071873348678880289,-0.033584897852507511,-0.69712004200778543,0.098789847041494294,-0.33819585626673621,-0.40727313269015708,-0.00653311788091826,0.23031074625461034,-0.1210909723447724,0.7120631175957981,-0.97434632647981512,-0.86877750893841332,0.10451908061956017
764,-0.94821322828507038,0.30583203284468463,0.2621542166573636,0.66038905277773075,-0.13987023260961373,0.74641121020353274,0.29431920961163893,0.83474628831974007,0.39999413950944795,-0.66969121712649815,0.69259765126915984,0.63262382976930032,-0.64669218256247096,-0.80676724718609516,-0.98002712988590335,0.38150092871049646,-0.17292831635599182,-0.25531835824039728,-0.26591373100972437,-0.61614376352954414
765,-0.76017093163806759,0.40424598512626364,-0.0070530892610072282,-0.066986419356005689,-0.17868365318646351,0.46405382596431832,-0.43117074859865578,0.9966426014744949,0.96715068345081479,-0.36252101977014428,-0.28449133920829484,-0.50881056628243382,-0.83866810876260534,-0.23520691445309372,-0.23152062029368792,-0.012416957607701784,0.35161795445745003,-0.73155695991331982,-0.59963174874136072,-0.25471190774281105
766,-0.19603633708728596,0.033214771914900298,-0.00012447817489746882,0.071496568481528522,0.18724001667190593,0.78661624460060819,0.43280813514603733,0.30210807329348488,0.86913764329763743,-0.60141185462026114,-0.062029259924900604,0.27136240921104915,-0.21136777038395449,-0.73785230219579168,0.011323933377284101,-0.58949168625399717,0.75590830860373814,0.50852347298385436,-0.82779467125564232,-0.34378547085494082
767,-0.43198269286860458,-0.21238551630076619,0.2399484016859077,0.16853940262526956,-0.52269272386509424,0.15285343181397049,0.71563956828136144,0.089565408548923475,0.40315760627385377,0.20097610486970741,0.20460863741505486,0.79520452248783968,-0.16353775673210036,-0.96384915830181161,0.010346778015448477,0.41871769284224625,-0.12820750606465503,-0.17365253035747474,-0.19756067189097859,-0.59077297147792018
768,-0.76351189187717972,0.043020841091494955,0.21139198904509438,0.12175071453251296,-0.37348766829508029,0.64330870195742018,0.10141803575687103,0.16791733289594779,0.87639018968782345,-0.17685849007965126,0.096671691723802633,0.41805114955772216,0.27650859340528888,-0.52752104042645631,-0.12967005721045965,0.49260994687852788,-0.54721950267980413,0.27813776982938121,-0.81653540749125186,-0.82082175510670474
769,-0.94821322828507038,0.30583203284468463,0.2621542166573636,0.66038905277773075,-0.13987023260961373,0.74641121020353274,0.29431920961163893,0.83474628831974007,0.39999413950944795,-0.66969121712649815,0.69259765126915984,0.63262382976930032,-0.64669218256247096,-0.80676724718609516,-0.98002712988590335,0.38150092871049646,-0.17292831635599182,-0.25531835824039728,-0.26591373100972437,-0.61614376352954414
770,-0.43198269286860458,-0.21238551630076619,0.2399484016859077,0.16853940262526956,-0.52269272386509424,0.15285343181397049,0.71563956828136144,0.089565408548923475,0.40315760627385377,0.20097610486970741,0.20460863741505486,0.79520452248783968,-0.16353775673210036,-0.96384915830181161,0.010346778015448477,0.41871769284224625,-0.12820750606465503,-0.17365253035747474,-0.19756067189097859,-0.59077297147792018
771,-0.19603633708728596,0.033214771914900298,-0.00012447817489746882,0.071496568481528522,0.18724001667190593,0.78661624460060819,0.43280813514603733,0.30210807329348488,0.86913764329763743,-0.60141185462026114,-0.062029259924900604,0.27136240921104915,-0.21136777038395449,-0.73785230219579168,0.011323933377284101,-0.58949168625399717,0.75590830860373814,0.50852347298385436,-0.82779467125564232,-0.34378547085494082
772,-0.19603633708728596,0.033214771914900298,-0.00012447817489746882,0.071496568481528522,0.18724001667190593,0.78661624460060819,0.43280813514603733,0.30210807329348488,0.86913764329763743,-0.60141185462026114,-0.062029259924900604,0.27136240921104915,-0.21136777038395449,-0.73785230219579168,0.011323933377284101,-0.58949168625399717,0.75590830860373814,0.50852347298385436,-0.82779467125564232,-0.34378547085494082
773,-0.40204813210994672,0.97012886586845837,-0.40858206511089512,0.12025655994716145,-0.44185863222860799,0.32265173216690379,0.49448872637422303,-0.91893965899413188,0.68140335591697387,-0.58391430961205737,-0.33813110057875728,0.85536403948889728,-0.61117519873370085,0.10306857361765775,-0.054456393815342174,0.0044063693945028959,-0.29339723760030378,0.099878794500046331,-0.94064241413173977,-0.58558838705011329
774,-0.43198269286860458,-0.21238551630076619,0.2399484016859077,0.16853940262526956,-0.52269272386509424,0.15285343181397049,0.71563956828136144,0.089565408548923475,0.40315760627385377,0.20097610486970741,0.20460863741505486,0.79520452248783968,-0.16353775673210036,-0.96384915830181161,0.010346778015448477,0.41871769284224625,-0.12820750606465503,-0.17365253035747474,-0.19756067189097859,-0.59077297147792018
775,-0.63089787384254525,0.6690818879892857,-0.040057718262865194,0.16654870751220341,-0.7305219398063405,0.58297437628817539,0.27165022287116192,-0.49831781558001675,0.055520079875316153,-0.91271550270220336,0.56078886964035046,-0.44877523643861394,-0.89279907737864139,-0.65252556285087171,-0.078290709643888734,-0.32520986969289178,0.70569138763054884,-0.84075997297232052,0.018942967105671116,0.15495311550536184
776,-0.72636770967227871,0.54038701737387229,-0.28354360307859072,0.10736468086428674,-0.69414644055787145,0.7932655736937777,0.75236486621151299,0.58418523021479474,0.97937558496136834,-0.68925656980243888,0.52818750963314454,0.7985991615095589,0.085205711431973974,-0.15967495515511665,0.84983903446540965,0.4137664369180154,0.17663925857157636,-0.16306572060398783,-0.77768289727113538,-0.93125863289432576
777,-0.94821322828507038,0.30583203284468463,0.2621542166573636,0.66038905277773075,-0.13987023260961373,0.74641121020353274,0.29431920961163893,0.83474628831974007,0.39999413950944795,-0.66969121712649815,0.69259765126915984,0.63262382976930032,-0.64669218256247096,-0.80676724718609516,-0.98002712988590335,0.38150092871049646,-0.17292831635599182,-0.25531835824039728,-0.26591373100972437,-0.61614376352954414
778,-0.72636770967227871,0.54038701737387229,-0.28354360307859072,0.10736468086428674,-0.69414644055787145,0.7932655736937777,0.75236486621151299,0.58418523021479474,0.97937558496136834,-0.68925656980243888,0.52818750963314454,0.7985991615095589,0.085205711431973974,-0.15967495515511665,0.84983903446540965,0.4137664369180154,0.17663925857157636,-0.16306572060398783,-0.77768289727113538,-0.93125863289432576
779,-0.72636770967227871,0.54038701737387229,-0.28354360307859072,0.10736468086428674,-0.69414644055787145,0.7932655736937777,0.75236486621151299,0.58418523021479474,0.97937558496136834,-0.68925656980243888,0.52818750963314454,0.7985991615095589,0.085205711431973974,-0.15967495515511665,0.84983903446540965,0.4137664369180154,0.17663925857157636,-0.16306572060398783,-0.77768289727113538,-0.93125863289432576
780,-0.43023911094401468,0.68247206985562325,-0.32557838531489769,0.035752200723020211,-0.10616844609952802,0.82649749094401503,-0.49076781393311175,-0.84231095464553918,0.45026469807801872,-0.97081365165082323,-0.88809443029591129,0.036610733416947649,0.1568898850823619,-0.44469931892553305,-0.048998176758696221,-0.0038673092977317136,0.52680092729315131,-0.40046078314612488,-0.45829225254831796,0.71282316512906241
781,-0.19603633708728596,0.033214771914900298,-0.00012447817489746882,0.071496568481528522,0.18724001667190593,0.78661624460060819,0.43280813514603733,0.30210807329348488,0.86913764329763743,-0.60141185462026114,-0.062029259924900604,0.27136240921104915,-0.21136777038395449,-0.73785230219579168,0.011323933377284101,-0.58949168625399717,0.75590830860373814,0.50852347298385436,-0.82779467125564232,-0.34378547085494082
782,-0.74760628325054279,0.76068003056633327,-0.085709940128596562,0.19238059004854691,-0.87925703413445144,0.22442249609866671,0.94073673409967595,0.071873348678880289,-0.033584897852507511,-0.69712004200778543,0.098789847041494294,-0.33819585626673621,-0.40727313269015708,-0.00653311788091826,0.23031074625461034,-0.1210909723447724,0.7120631175957981,-0.97434632647981512,-0.86877750893841332,0.10451908061956017
783,-0.19603633708728596,0.033214771914900298,-0.00012447817489746882,0.071496568481528522,0.18724001667190593,0.78661624460060819,0.43280813514603733,0.30210807329348488,0.86913764329763743,-0.60141185462026114,-0.062029259924900604,0.27136240921104915,-0.21136777038395449,-0.73785230219579168,0.011323933377284101,-0.58949168625399717,0.75590830860373814,0.50852347298385436,-0.82779467125564232,-0.34378547085494082
784,-0.76351189187717972,0.043020841091494955,0.21139198904509438,0.12175071453251296,-0.37348766829508029,0.64330870195742018,0.10141803575687103,0.16791733289594779,0.87639018968782345,-0.17685849007965126,0.096671691723802633,0.41805114955772216,0.27650859340528888,-0.52752104042645631,-0.12967005721045965,0.49260994687852788,-0.54721950267980413,0.27813776982938121,-0.81653540749125186,-0.82082175510670474
785,-0.39091288214958175,-0.40022008328755088,0.23790086004226274,-0.37676085280348426,-0.22289201003043413,0.65980697367460839,0.71751546343479466,-0.45182684331691125,0.59630031760498259,-0.50457028810505378,0.46157983774111799,0.07103803505744799,-0.076187305976538555,-0.85636870276326782,0.5126827410799295,-0.89712239777675129,0.58378303941580301,-0.19060146067890216,-0.88326876003412425,-0.53553500566430201
786,-0.43198269286860458,-0.21238551630076619,0.2399484016859077,0.16853940262526956,-0.52269272386509424,0.15285343181397049,0.71563956828136144,0.089565408548923475,0.40315760627385377,0.20097610486970741,0.20460863741505486,0.79520452248783968,-0.16353775673210036,-0.96384915830181161,0.010346778015448477,0.41871769284224625,-0.12820750606465503,-0.17365253035747474,-0.19756067189097859,-0.59077297147792018
787,-0.76351189187717972,0.043020841091494955,0.21139198904509438,0.12175071453251296,-0.37348766829508029,0.64330870195742018,0.10141803575687103,0.16791733289594779,0.87639018968782345,-0.17685849007965126,0.096671691723802633,0.41805114955772216,0.27650859340528888,-0.52752104042645631,-0.12967005721045965,0.49260994687852788,-0.54721950267980413,0.27813776982938121,-0.81653540749125186,-0.82082175510670474
788,-0.43198269286860458,-0.21238551630076619,0.2399484016859077,0.16853940262526956,-0.52269272386509424,0.15285343181397049,0.71563956828136144,0.089565408548923475,0.40315760627385377,0.20097610486970741,0.20460863741505486,0.79520452248783968,-0.16353775673210036,-0.96384915830181161,0.010346778015448477,0.41871769284224625,-0.12820750606465503,-0.17365253035747474,-0.19756067189097859,-0.59077297147792018
789,-0.19603633708728596,0.033214771914900298,-0.00012447817489746882,0.071496568481528522,0.18724001667190593,0.78661624460060819,0.43280813514603733,0.30210807329348488,0.86913764329763743,-0.60141185462026114,-0.062029259924900604,0.27136240921104915,-0.21136777038395449,-0.73785230219579168,0.011323933377284101,-0.58949168625399717,0.75590830860373814,0.50852347298385436,-0.82779467125564232,-0.34378547085494082
790,-0.72636770967227871,0.54038701737387229,-0.28354360307859072,0.10736468086428674,-0.69414644055787145,0.7932655736937777,0.75236486621151299,0.58418523021479474,0.97937558496136834,-0.68925656980243888,0.52818750963314454,0.7985991615095589,0.085205711431973974,-0.15967495515511665,0.84983903446540965,0.4137664369180154,0.17663925857157636,-0.16306572060398783,-0.77768289727113538,-0.93125863289432576
791,-0.19603633708728596,0.033214771914900298,-0.00012447817489746882,0.071496568481528522,0.18724001667190593,0.78661624460060819,0.43280813514603733,0.30210807329348488,0.86913764329763743,-0.60141185462026114,-0.062029259924900604,0.27136240921104915,-0.21136777038395449,-0.73785230219579168,0.011323933377284101,-0.58949168625399717,0.75590830860373814,0.50852347298385436,-0.82779467125564232,-0.34378547085494082
792,-0.19603633708728596,0.033214771914900298,-0.00012447817489746882,0.071496568481528522,0.18724001667190593,0.78661624460060819,0.43280813514603733,0.30210807329348488,0.86913764329763743,-0.60141185462026114,-0.062029259924900604,0.27136240921104915,-0.21136777038395449,-0.73785230219579168,0.011323933377284101,-0.58949168625399717,0.75590830860373814,0.50852347298385436,-0.82779467125564232,-0.34378547085494082
793,-0.72636770967227871,0.54038701737387229,-0.28354360307859072,0.10736468086428674,-0.69414644055787145,0.7932655736937777,0.75236486621151299,0.58418523021479474,0.97937558496136834,-0.68925656980243888,0.52818750963314454,0.7985991615095589,0.085205711431973974,-0.15967495515511665,0.84983903446540965,0.4137664369180154,0.17663925857157636,-0.16306572060398783,-0.77768289727113538,-0.93125863289432576
794,-0.19603633708728596,0.033214771914900298,-0.00012447817489746882,0.071496568481528522,0.18724001667190593,0.78661624460060819,0.43280813514603733,0.30210807329348488,0.86913764329763743,-0.60141185462026114,-0.062029259924900604,0.27136240921104915,-0.21136777038395449,-0.73785230219579168,0.011323933377284101,-0.58949168625399717,0.75590830860373814,0.50852347298385436,-0.82779467125564232,-0.34378547085494082
795,-0.76351189187717972,0.043020841091494955,0.21139198904509438,0.12175071453251296,-0.37348766829508029,0.64330870195742018,0.10141803575687103,0.16791733289594779,0.87639018968782345,-0.17685849007965126,0.096671691723802633,0.41805114955772216,0.27650859340528888,-0.52752104042645631,-0.12967005721045965,0.49260994687852788,-0.54721950267980413,0.27813776982938121,-0.81653540749125186,-0.82082175510670474
796,-0.72636770967227871,0.54038701737387229,-0.28354360307859072,0.10736468086428674,-0.69414644055787145,0.7932655736937777,0.75236486621151299,0.58418523021479474,0.97937558496136834,-0.68925656980243888,0.52818750963314454,0.7985991615095589,0.085205711431973974,-0.15967495515511665,0.84983903446540965,0.4137664369180154,0.17663925857157636,-0.16306572060398783,-0.77768289727113538,-0.93125863289432576
797,-0.76351189187717972,0.043020841091494955,0.21139198904509438,0.12175071453251296,-0.37348766829508029,0.64330870195742018,0.10141803575687103,0.16791733289594779,0.87639018968782345,-0.17685849007965126,0.096671691723802633,0.41805114955772216,0.27650859340528888,-0.52752104042645631,-0.12967005721045965,0.49260994687852788,-0.54721950267980413,0.27813776982938121,-0.81653540749125186,-0.82082175510670474
798,-0.72636770967227871,0.54038701737387229,-0.28354360307859072,0.10736468086428674,-0.69414644055787145,0.7932655736937777,0.75236486621151299,0.58418523021479474,0.97937558496136834,-0.68925656980243888,0.52818750963314454,0.7985991615095589,0.085205711431973974,-0.15967495515511665,0.84983903446540965,0.4137664369180154,0.17663925857157636,-0.16306572060398783,-0.77768289727113538,-0.93125863289432576
799,-0.94821322828507038,0.30583203284468463,0.2621542166573636,0.66038905277773075,-0.13987023260961373,0.74641121020353274,0.29431920961163893,0.83474628831974007,0.39999413950944795,-0.66969121712649815,0.69259765126915984,0.63262382976930032,-0.64669218256247096,-0.80676724718609516,-0.98002712988590335,0.38150092871049646,-0.17292831635599182,-0.25531835824039728,-0.26591373100972437,-0.61614376352954414
800,-0.94821322828507038,0.30583203284468463,0.2621542166573636,0.66038905277773075,-0.13987023260961373,0.74641121020353274,0.29431920961163893,0.83474628831974007,0.39999413950944795,-0.66969121712649815,0.69259765126915984,0.63262382976930032,-0.64669218256247096,-0.80676724718609516,-0.98002712988590335,0.38150092871049646,-0.17292831635599182,-0.25531835824039728,-0.26591373100972437,-0.61614376352954414
801,-0.72636770967227871,0.54038701737387229,-0.28354360307859072,0.10736468086428674,-0.69414644055787145,0.7932655736937777,0.75236486621151299,0.58418523021479474,0.97937558496136834,-0.68925656980243888,0.52818750963314454,0.7985991615095589,0.085205711431973974,-0.15967495515511665,0.84983903446540965,0.4137664369180154,0.17663925857157636,-0.16306572060398783,-0.77768289727113538,-0.93125863289432576
802,-0.19603633708728596,0.033214771914900298,-0.00012447817489746882,0.071496568481528522,0.18724001667190593,0.78661624460060819,0.43280813514603733,0.30210807329348488,0.86913764329763743,-0.60141185462026114,-0.062029259924900604,0.27136240921104915,-0.21136777038395449,-0.73785230219579168,0.011323933377284101,-0.58949168625399717,0.75590830860373814,0.50852347298385436,-0.82779467125564232,-0.34378547085494082
803,-0.19603633708728596,0.033214771914900298,-0.00012447817489746882,0.071496568481528522,0.18724001667190593,0.78661624460060819,0.43280813514603733,0.30210807329348488,0.86913764329763743,-0.60141185462026114,-0.062029259924900604,0.27136240921104915,-0.21136777038395449,-0.73785230219579168,0.011323933377284101,-0.58949168625399717,0.75590830860373814,0.50852347298385436,-0.82779467125564232,-0.34378547085494082
804,-0.76351189187717972,0.043020841091494955,0.21139198904509438,0.12175071453251296,-0.37348766829508029,0.64330870195742018,0.10141803575687103,0.16791733289594779,0.87639018968782345,-0.17685849007965126,0.096671691723802633,0.41805114955772216,0.27650859340528888,-0.52752104042645631,-0.12967005721045965,0.49260994687852788,-0.54721950267980413,0.27813776982938121,-0.81653540749125186,-0.82082175510670474
805,-0.72636770967227871,0.54038701737387229,-0.28354360307859072,0.10736468086428674,-0.69414644055787145,0.7932655736937777,0.75236486621151299,0.58418523021479474,0.97937558496136834,-0.68925656980243888,0.52818750963314454,0.7985991615095589,0.085205711431973974,-0.15967495515511665,0.84983903446540965,0.4137664369180154,0.17663925857157636,-0.16306572060398783,-0.77768289727113538,-0.93125863289432576
806,-0.40204813210994672,0.97012886586845837,-0.40858206511089512,0.12025655994716145,-0.44185863222860799,0.32265173216690379,0.49448872637422303,-0.91893965899413188,0.68140335591697387,-0.58391430961205737,-0.33813110057875728,0.85536403948889728,-0.61117519873370085,0.10306857361765775,-0.054456393815342174,0.0044063693945028959,-0.29339723760030378,0.099878794500046331,-0.94064241413173977,-0.58558838705011329
807,-0.94821322828507038,0.30583203284468463,0.2621542166573636,0.66038905277773075,-0.13987023260961373,0.74641121020353274,0.29431920961163893,0.83474628831974007,0.39999413950944795,-0.66969121712649815,0.69259765126915984,0.63262382976930032,-0.64669218256247096,-0.80676724718609516,-0.98002712988590335,0.38150092871049646,-0.17292831635599182,-0.25531835824039728,-0.26591373100972437,-0.61614376352954414
808,-0.72636770967227871,0.54038701737387229,-0.28354360307859072,0.10736468086428674,-0.69414644055787145,0.7932655736937777,0.75236486621151299,0.58418523021479474,0.97937558496136834,-0.68925656980243888,0.52818750963314454,0.7985991615095589,0.085205711431973974,-0.15967495515511665,0.84983903446540965,0.4137664369180154,0.17663925857157636,-0.16306572060398783,-0.77768289727113538,-0.93125863289432576
809,-0.72636770967227871,0.54038701737387229,-0.28354360307859072,0.10736468086428674,-0.69414644055787145,0.7932655736937777,0.75236486621151299,0.58418523021479474,0.97937558496136834,-0.68925656980243888,0.52818750963314454,0.7985991615095589,0.085205711431973974,-0.15967495515511665,0.84983903446540965,0.4137664369180154,0.17663925857157636,-0.16306572060398783,-0.77768289727113538,-0.93125863289432576
810,-0.43198269286860458,-0.21238551630076619,0.2399484016859077,0.16853940262526956,-0.52269272386509424,0.15285343181397049,0.71563956828136144,0.089565408548923475,0.40315760627385377,0.20097610486970741,0.20460863741505486,0.79520452248783968,-0.16353775673210036,-0.96384915830181161,0.010346778015448477,0.41871769284224625,-0.12820750606465503,-0.17365253035747474,-0.19756067189097859,-0.59077297147792018
811,-0.19603633708728596,0.033214771914900298,-0.00012447817489746882,0.071496568481528522,0.18724001667190593,0.78661624460060819,0.43280813514603733,0.30210807329348488,0.86913764329763743,-0.60141185462026114,-0.062029259924900604,0.27136240921104915,-0.21136777038395449,-0.73785230219579168,0.011323933377284101,-0.58949168625399717,0.75590830860373814,0.50852347298385436,-0.82779467125564232,-0.34378547085494082
812,-0.19603633708728596,0.033214771914900298,-0.00012447817489746882,0.071496568481528522,0.18724001667190593,0.78661624460060819,0.43280813514603733,0.30210807329348488,0.86913764329763743,-0.60141185462026114,-0.062029259924900604,0.27136240921104915,-0.21136777038395449,-0.73785230219579168,0.011323933377284101,-0.58949168625399717,0.75590830860373814,0.50852347298385436,-0.82779467125564232,-0.34378547085494082
813,-0.76351189187717972,0.043020841091494955,0.21139198904509438,0.12175071453251296,-0.37348766829508029,0.64330870195742018,0.10141803575687103,0.16791733289594779,0.87639018968782345,-0.17685849007965126,0.096671691723802633,0.41805114955772216,0.27650859340528888,-0.52752104042645631,-0.12967005721045965,0.49260994687852788,-0.54721950267980413,0.27813776982938121,-0.81653540749125186,-0.82082175510670474
814,-0.72636770967227871,0.54038701737387229,-0.28354360307859072,0.10736468086428674,-0.69414644055787145,0.7932655736937777,0.75236486621151299,0.58418523021479474,0.97937558496136834,-0.68925656980243888,0.52818750963314454,0.7985991615095589,0.085205711431973974,-0.15967495515511665,0.84983903446540965,0.4137664369180154,0.17663925857157636,-0.16306572060398783,-0.77768289727113538,-0.93125863289432576
815,-0.76351189187717972,0.043020841091494955,0.21139198904509438,0.12175071453251296,-0.37348766829508029,0.64330870195742018,0.10141803575687103,0.16791733289594779,0.87639018968782345,-0.17685849007965126,0.096671691723802633,0.41805114955772216,0.27650859340528888,-0.52752104042645631,-0.12967005721045965,0.49260994687852788,-0.54721950267980413,0.27813776982938121,-0.81653540749125186,-0.82082175510670474
816,-0.19603633708728596,0.033214771914900298,-0.00012447817489746882,0.071496568481528522,0.18724001667190593,0.78661624460060819,0.43280813514603733,0.30210807329348488,0.86913764329763743,-0.60141185462026114,-0.062029259924900604,0.27136240921104915,-0.21136777038395449,-0.73785230219579168,0.011323933377284101,-0.58949168625399717,0.75590830860373814,0.50852347298385436,-0.82779467125564232,-0.34378547085494082
817,-0.72636770967227871,0.54038701737387229,-0.28354360307859072,0.10736468086428674,-0.69414644055787145,0.7932655736937777,0.75236486621151299,0.58418523021479474,0.97937558496136834,-0.68925656980243888,0.52818750963314454,0.7985991615095589,0.085205711431973974,-0.15967495515511665,0.84983903446540965,0.4137664369180154,0.17663925857157636,-0.16306572060398783,-0.77768289727113538,-0.93125863289432576
818,-0.63089787384254525,0.6690818879892857,-0.040057718262865194,0.16654870751220341,-0.7305219398063405,0.58297437628817539,0.27165022287116192,-0.49831781558001675,0.055520079875316153,-0.91271550270220336,0.56078886964035046,-0.44877523643861394,-0.89279907737864139,-0.65252556285087171,-0.078290709643888734,-0.32520986969289178,0.70569138763054884,-0.84075997297232052,0.018942967105671116,0.15495311550536184
819,-0.76351189187717972,0.043020841091494955,0.21139198904509438,0.12175071453251296,-0.37348766829508029,0.64330870195742018,0.10141803575687103,0.16791733289594779,0.87639018968782345,-0.17685849007965126,0.096671691723802633,0.41805114955772216,0.27650859340528888,-0.52752104042645631,-0.12967005721045965,0.49260994687852788,-0.54721950267980413,0.27813776982938121,-0.81653540749125186,-0.82082175510670474
820,-0.72636770967227871,0.54038701737387229,-0.28354360307859072,0.10736468086428674,-0.69414644055787145,0.7932655736937777,0.75236486621151299,0.58418523021479474,0.97937558496136834,-0.68925656980243888,0.52818750963314454,0.7985991615095589,0.085205711431973974,-0.15967495515511665,0.84983903446540965,0.4137664369180154,0.17663925857157636,-0.16306572060398783,-0.77768289727113538,-0.93125863289432576
821,-0.94821322828507038,0.30583203284468463,0.2621542166573636,0.66038905277773075,-0.13987023260961373,0.74641121020353274,0.29431920961163893,0.83474628831974007,0.39999413950944795,-0.66969121712649815,0.69259765126915984,0.63262382976930032,-0.64669218256247096,-0.80676724718609516,-0.98002712988590335,0.38150092871049646,-0.17292831635599182,-0.25531835824039728,-0.26591373100972437,-0.61614376352954414
822,-0.72636770967227871,0.54038701737387229,-0.28354360307859072,0.10736468086428674,-0.69414644055787145,0.7932655736937777,0.75236486621151299,0.58418523021479474,0.97937558496136834,-0.68925656980243888,0.52818750963314454,0.7985991615095589,0.085205711431973974,-0.15967495515511665,0.84983903446540965,0.4137664369180154,0.17663925857157636,-0.16306572060398783,-0.77768289727113538,-0.93125863289432576
823,-0.43198269286860458,-0.21238551630076619,0.2399484016859077,0.16853940262526956,-0.52269272386509424,0.15285343181397049,0.71563956828136144,0.089565408548923475,0.40315760627385377,0.20097610486970741,0.20460863741505486,0.79520452248783968,-0.16353775673210036,-0.96384915830181161,0.010346778015448477,0.41871769284224625,-0.12820750606465503,-0.17365253035747474,-0.19756067189097859,-0.59077297147792018
824,-0.94821322828507038,0.30583203284468463,0.2621542166573636,0.66038905277773075,-0.13987023260961373,0.74641121020353274,0.29431920961163893,0.83474628831974007,0.39999413950944795,-0.66969121712649815,0.69259765126915984,0.63262382976930032,-0.64669218256247096,-0.80676724718609516,-0.98002712988590335,0.38150092871049646,-0.17292831635599182,-0.25531835824039728,-0.26591373100972437,-0.61614376352954414
825,-0.43023911094401468,0.68247206985562325,-0.32557838531489769,0.035752200723020211,-0.10616844609952802,0.82649749094401503,-0.49076781393311175,-0.84231095464553918,0.45026469807801872,-0.97081365165082323,-0.88809443029591129,0.036610733416947649,0.1568898850823619,-0.44469931892553305,-0.048998176758696221,-0.0038673092977317136,0.52680092729315131,-0.40046078314612488,-0.45829225254831796,0.71282316512906241
826,-0.19603633708728596,0.033214771914900298,-0.00012447817489746882,0.071496568481528522,0.18724001667190593,0.78661624460060819,0.43280813514603733,0.30210807329348488,0.86913764329763743,-0.60141185462026114,-0.062029259924900604,0.27136240921104915,-0.21136777038395449,-0.73785230219579168,0.011323933377284101,-0.58949168625399717,0.75590830860373814,0.50852347298385436,-0.82779467125564232,-0.34378547085494082
827,-0.72636770967227871,0.54038701737387229,-0.28354360307859072,0.10736468086428674,-0.69414644055787145,0.7932655736937777,0.75236486621151299,0.58418523021479474,0.97937558496136834,-0.68925656980243888,0.52818750963314454,0.7985991615095589,0.085205711431973974,-0.15967495515511665,0.84983903446540965,0.4137664369180154,0.17663925857157636,-0.16306572060398783,-0.77768289727113538,-0.93125863289432576
828,-0.76351189187717972,0.043020841091494955,0.21139198904509438,0.12175071453251296,-0.37348766829508029,0.64330870195742018,0.10141803575687103,0.16791733289594779,0.87639018968782345,-0.17685849007965126,0.096671691723802633,0.41805114955772216,0.27650859340528888,-0.52752104042645631,-0.12967005721045965,0.49260994687852788,-0.54721950267980413,0.27813776982938121,-0.81653540749125186,-0.82082175510670474
829,-0.94821322828507038,0.30583203284468463,0.2621542166573636,0.66038905277773075,-0.13987023260961373,0.74641121020353274,0.29431920961163893,0.83474628831974007,0.39999413950944795,-0.66969121712649815,0.69259765126915984,0.63262382976930032,-0.64669218256247096,-0.80676724718609516,-0.98002712988590335,0.38150092871049646,-0.17292831635599182,-0.25531835824039728,-0.26591373100972437,-0.61614376352954414
830,-0.94821322828507038,0.30583203284468463,0.2621542166573636,0.66038905277773075,-0.13987023260961373,0.74641121020353274,0.29431920961163893,0.83474628831974007,0.39999413950944795,-0.66969121712649815,0.69259765126915984,0.63262382976930032,-0.64669218256247096,-0.80676724718609516,-0.98002712988590335,0.38150092871049646,-0.17292831635599182,-0.25531835824039728,-0.26591373100972437,-0.61614376352954414
831,-0.39091288214958175,-0.40022008328755088,0.23790086004226274,-0.37676085280348426,-0.22289201003043413,0.65980697367460839,0.71751546343479466,-0.45182684331691125,0.59630031760498259,-0.50457028810505378,0.46157983774111799,0.07103803505744799,-0.076187305976538555,-0.85636870276326782,0.5126827410799295,-0.89712239777675129,0.58378303941580301,-0.19060146067890216,-0.88326876003412425,-0.53553500566430201
832,-0.43198269286860458,-0.21238551630076619,0.2399484016859077,0.16853940262526956,-0.52269272386509424,0.15285343181397049,0.71563956828136144,0.089565408548923475,0.40315760627385377,0.20097610486970741,0.20460863741505486,0.79520452248783968,-0.16353775673210036,-0.96384915830181161,0.010346778015448477,0.41871769284224625,-0.12820750606465503,-0.17365253035747474,-0.19756067189097859,-0.59077297147792018
833,-0.74760628325054279,0.76068003056633327,-0.085709940128596562,0.19238059004854691,-0.87925703413445144,0.22442249609866671,0.94073673409967595,0.071873348678880289,-0.033584897852507511,-0.69712004200778543,0.098789847041494294,-0.33819585626673621,-0.40727313269015708,-0.00653311788091826,0.23031074625461034,-0.1210909723447724,0.7120631175957981,-0.97434632647981512,-0.86877750893841332,0.10451908061956017
834,-0.76351189187717972,0.043020841091494955,0.21139198904509438,0.12175071453251296,-0.37348766829508029,0.64330870195742018,0.10141803575687103,0.16791733289594779,0.87639018968782345,-0.17685849007965126,0.096671691723802633,0.41805114955772216,0.27650859340528888,-0.52752104042645631,-0.12967005721045965,0.49260994687852788,-0.54721950267980413,0.27813776982938121,-0.81653540749125186,-0.82082175510670474
835,-0.72636770967227871,0.54038701737387229,-0.28354360307859072,0.10736468086428674,-0.69414644055787145,0.7932655736937777,0.75236486621151299,0.58418523021479474,0.97937558496136834,-0.68925656980243888,0.52818750963314454,0.7985991615095589,0.085205711431973974,-0.15967495515511665,0.84983903446540965,0.4137664369180154,0.17663925857157636,-0.16306572060398783,-0.77768289727113538,-0.93125863289432576
836,-0.72636770967227871,0.54038701737387229,-0.28354360307859072,0.10736468086428674,-0.69414644055787145,0.7932655736937777,0.75236486621151299,0.58418523021479474,0.97937558496136834,-0.68925656980243888,0.52818750963314454,0.7985991615095589,0.085205711431973974,-0.15967495515511665,0.84983903446540965,0.4137664369180154,0.17663925857157636,-0.16306572060398783,-0.77768289727113538,-0.93125863289432576
837,-0.43198269286860458,-0.21238551630076619,0.2399484016859077,0.16853940262526956,-0.52269272386509424,0.15285343181397049,0.71563956828136144,0.089565408548923475,0.40315760627385377,0.20097610486970741,0.20460863741505486,0.79520452248783968,-0.16353775673210036,-0.96384915830181161,0.010346778015448477,0.41871769284224625,-0.12820750606465503,-0.17365253035747474,-0.19756067189097859,-0.59077297147792018
838,-0.72636770967227871,0.54038701737387229,-0.28354360307859072,0.10736468086428674,-0.69414644055787145,0.7932655736937777,0.75236486621151299,0.58418523021479474,0.97937558496136834,-0.68925656980243888,0.52818750963314454,0.7985991615095589,0.085205711431973974,-0.15967495515511665,0.84983903446540965,0.4137664369180154,0.17663925857157636,-0.16306572060398783,-0.77768289727113538,-0.93125863289432576
839,-0.72636770967227871,0.54038701737387229,-0.28354360307859072,0.10736468086428674,-0.69414644055787145,0.7932655736937777,0.75236486621151299,0.58418523021479474,0.97937558496136834,-0.68925656980243888,0.52818750963314454,0.7985991615095589,0.085205711431973974,-0.15967495515511665,0.84983903446540965,0.4137664369180154,0.17663925857157636,-0.16306572060398783,-0.77768289727113538,-0.93125863289432576
840,-0.43198269286860458,-0.21238551630076619,0.2399484016859077,0.16853940262526956,-0.52269272386509424,0.15285343181397049,0.71563956828136144,0.089565408548923475,0.40315760627385377,0.20097610486970741,0.20460863741505486,0.79520452248783968,-0.16353775673210036,-0.96384915830181161,0.010346778015448477,0.41871769284224625,-0.12820750606465503,-0.17365253035747474,-0.19756067189097859,-0.59077297147792018
841,-0.19603633708728596,0.033214771914900298,-0.00012447817489746882,0.071496568481528522,0.18724001667190593,0.78661624460060819,0.43280813514603733,0.30210807329348488,0.86913764329763743,-0.60141185462026114,-0.062029259924900604,0.27136240921104915,-0.21136777038395449,-0.73785230219579168,0.011323933377284101,-0.58949168625399717,0.75590830860373814,0.50852347298385436,-0.82779467125564232,-0.34378547085494082
842,-0.19603633708728596,0.033214771914900298,-0.00012447817489746882,0.071496568481528522,0.18724001667190593,0.78661624460060819,0.43280813514603733,0.30210807329348488,0.86913764329763743,-0.60141185462026114,-0.062029259924900604,0.27136240921104915,-0.21136777038395449,-0.73785230219579168,0.011323933377284101,-0.58949168625399717,0.75590830860373814,0.50852347298385436,-0.82779467125564232,-0.34378547085494082
843,-0.19603633708728596,0.033214771914900298,-0.00012447817489746882,0.071496568481528522,0.18724001667190593,0.78661624460060819,0.43280813514603733,0.30210807329348488,0.86913764329763743,-0.60141185462026114,-0.062029259924900604,0.27136240921104915,-0.21136777038395449,-0.73785230219579168,0.011323933377284101,-0.58949168625399717,0.75590830860373814,0.50852347298385436,-0.82779467125564232,-0.34378547085494082
844,-0.43023911094401468,0.68247206985562325,-0.32557838531489769,0.035752200723020211,-0.10616844609952802,0.82649749094401503,-0.49076781393311175,-0.84231095464553918,0.45026469807801872,-0.97081365165082323,-0.88809443029591129,0.036610733416947649,0.1568898850823619,-0.44469931892553305,-0.048998176758696221,-0.0038673092977317136,0.52680092729315131,-0.40046078314612488,-0.45829225254831796,0.71282316512906241
845,-0.19603633708728596,0.033214771914900298,-0.00012447817489746882,0.071496568481528522,0.18724001667190593,0.78661624460060819,0.43280813514603733,0.30210807329348488,0.86913764329763743,-0.60141185462026114,-0.062029259924900604,0.27136240921104915,-0.21136777038395449,-0.73785230219579168,0.011323933377284101,-0.58949168625399717,0.75590830860373814,0.50852347298385436,-0.82779467125564232,-0.34378547085494082
846,-0.72636770967227871,0.54038701737387229,-0.28354360307859072,0.10736468086428674,-0.69414644055787145,0.7932655736937777,0.75236486621151299,0.58418523021479474,0.97937558496136834,-0.68925656980243888,0.52818750963314454,0.7985991615095589,0.085205711431973974,-0.15967495515511665,0.84983903446540965,0.4137664369180154,0.17663925857157636,-0.16306572060398783,-0.77768289727113538,-0.93125863289432576
847,-0.72636770967227871,0.54038701737387229,-0.28354360307859072,0.10736468086428674,-0.69414644055787145,0.7932655736937777,0.75236486621151299,0.58418523021479474,0.97937558496136834,-0.68925656980243888,0.52818750963314454,0.7985991615095589,0.085205711431973974,-0.15967495515511665,0.84983903446540965,0.4137664369180154,0.17663925857157636,-0.16306572060398783,-0.77768289727113538,-0.93125863289432576
848,-0.76351189187717972,0.043020841091494955,0.21139198904509438,0.12175071453251296,-0.37348766829508029,0.64330870195742018,0.10141803575687103,0.16791733289594779,0.87639018968782345,-0.17685849007965126,0.096671691723802633,0.41805114955772216,0.27650859340528888,-0.52752104042645631,-0.12967005721045965,0.49260994687852788,-0.54721950267980413,0.27813776982938121,-0.81653540749125186,-0.82082175510670474
849,-0.40204813210994672,0.97012886586845837,-0.40858206511089512,0.12025655994716145,-0.44185863222860799,0.32265173216690379,0.49448872637422303,-0.91893965899413188,0.68140335591697387,-0.58391430961205737,-0.33813110057875728,0.85536403948889728,-0.61117519873370085,0.10306857361765775,-0.054456393815342174,0.0044063693945028959,-0.29339723760030378,0.099878794500046331,-0.94064241413173977,-0.58558838705011329
850,-0.55099498939388925,0.11089819191093708,0.26853887772184426,0.40009004826838668,0.26246275462287549,0.72085079113802597,0.45865162974505758,0.028887985364020263,0.88228056337875294,0.13153168287834749,0.81031573546415903,0.18736182274456792,-0.73246043172951647,0.063224419983995528,0.006162519250562104,-0.91895959415307615,0.32655928871256656,-0.7852931321623684,-0.90576108188942839,-0.88765537732728728
851,-0.19603633708728596,0.033214771914900298,-0.00012447817489746882,0.071496568481528522,0.18724001667190593,0.78661624460060819,0.43280813514603733,0.30210807329348488,0.86913764329763743,-0.60141185462026114,-0.062029259924900604,0.27136240921104915,-0.21136777038395449,-0.73785230219579168,0.011323933377284101,-0.58949168625399717,0.75590830860373814,0.50852347298385436,-0.82779467125564232,-0.34378547085494082
852,-0.72636770967227871,0.54038701737387229,-0.28354360307859072,0.10736468086428674,-0.69414644055787145,0.7932655736937777,0.75236486621151299,0.58418523021479474,0.97937558496136834,-0.68925656980243888,0.52818750963314454,0.7985991615095589,0.085205711431973974,-0.15967495515511665,0.84983903446540965,0.4137664369180154,0.17663925857157636,-0.16306572060398783,-0.77768289727113538,-0.93125863289432576
853,-0.72636770967227871,0.54038701737387229,-0.28354360307859072,0.10736468086428674,-0.69414644055787145,0.7932655736937777,0.75236486621151299,0.58418523021479474,0.97937558496136834,-0.68925656980243888,0.52818750963314454,0.7985991615095589,0.085205711431973974,-0.15967495515511665,0.84983903446540965,0.4137664369180154,0.17663925857157636,-0.16306572060398783,-0.77768289727113538,-0.93125863289432576
854,-0.43198269286860458,-0.21238551630076619,0.2399484016859077,0.16853940262526956,-0.52269272386509424,0.15285343181397049,0.71563956828136144,0.089565408548923475,0.40315760627385377,0.20097610486970741,0.20460863741505486,0.79520452248783968,-0.16353775673210036,-0.96384915830181161,0.010346778015448477,0.41871769284224625,-0.12820750606465503,-0.17365253035747474,-0.19756067189097859,-0.59077297147792018
855,-0.19603633708728596,0.033214771914900298,-0.00012447817489746882,0.071496568481528522,0.18724001667190593,0.78661624460060819,0.43280813514603733,0.30210807329348488,0.86913764329763743,-0.60141185462026114,-0.062029259924900604,0.27136240921104915,-0.21136777038395449,-0.73785230219579168,0.011323933377284101,-0.58949168625399717,0.75590830860373814,0.50852347298385436,-0.82779467125564232,-0.34378547085494082
856,-0.43198269286860458,-0.21238551630076619,0.2399484016859077,0.16853940262526956,-0.52269272386509424,0.15285343181397049,0.71563956828136144,0.089565408548923475,0.40315760627385377,0.20097610486970741,0.20460863741505486,0.79520452248783968,-0.16353775673210036,-0.96384915830181161,0.010346778015448477,0.41871769284224625,-0.12820750606465503,-0.17365253035747474,-0.19756067189097859,-0.59077297147792018
857,-0.72636770967227871,0.54038701737387229,-0.28354360307859072,0.10736468086428674,-0.69414644055787145,0.7932655736937777,0.75236486621151299,0.58418523021479474,0.97937558496136834,-0.68925656980243888,0.52818750963314454,0.7985991615095589,0.085205711431973974,-0.15967495515511665,0.84983903446540965,0.4137664369180154,0.17663925857157636,-0.16306572060398783,-0.77768289727113538,-0.93125863289432576
858,-0.43023911094401468,0.68247206985562325,-0.32557838531489769,0.035752200723020211,-0.10616844609952802,0.82649749094401503,-0.49076781393311175,-0.84231095464553918,0.45026469807801872,-0.97081365165082323,-0.88809443029591129,0.036610733416947649,0.1568898850823619,-0.44469931892553305,-0.048998176758696221,-0.0038673092977317136,0.52680092729315131,-0.40046078314612488,-0.45829225254831796,0.71282316512906241
859,-0.72636770967227871,0.54038701737387229,-0.28354360307859072,0.10736468086428674,-0.69414644055787145,0.7932655736937777,0.75236486621151299,0.58418523021479474,0.97937558496136834,-0.68925656980243888,0.52818750963314454,0.7985991615095589,0.085205711431973974,-0.15967495515511665,0.84983903446540965,0.4137664369180154,0.17663925857157636,-0.16306572060398783,-0.77768289727113538,-0.93125863289432576
860,-0.76351189187717972,0.043020841091494955,0.21139198904509438,0.12175071453251296,-0.37348766829508029,0.64330870195742018,0.10141803575687103,0.16791733289594779,0.87639018968782345,-0.17685849007965126,0.096671691723802633,0.41805114955772216,0.27650859340528888,-0.52752104042645631,-0.12967005721045965,0.49260994687852788,-0.54721950267980413,0.27813776982938121,-0.81653540749125186,-0.82082175510670474
861,-0.19603633708728596,0.033214771914900298,-0.00012447817489746882,0.071496568481528522,0.18724001667190593,0.78661624460060819,0.43280813514603733,0.30210807329348488,0.86913764329763743,-0.60141185462026114,-0.062029259924900604,0.27136240921104915,-0.21136777038395449,-0.73785230219579168,0.011323933377284101,-0.58949168625399717,0.75590830860373814,0.50852347298385436,-0.82779467125564232,-0.34378547085494082
862,-0.19603633708728596,0.033214771914900298,-0.00012447817489746882,0.071496568481528522,0.18724001667190593,0.78661624460060819,0.43280813514603733,0.30210807329348488,0.86913764329763743,-0.60141185462026114,-0.062029259924900604,0.27136240921104915,-0.21136777038395449,-0.73785230219579168,0.011323933377284101,-0.58949168625399717,0.75590830860373814,0.50852347298385436,-0.82779467125564232,-0.34378547085494082
863,-0.94821322828507038,0.30583203284468463,0.2621542166573636,0.66038905277773075,-0.13987023260961373,0.74641121020353274,0.29431920961163893,0.83474628831974007,0.39999413950944795,-0.66969121712649815,0.69259765126915984,0.63262382976930032,-0.64669218256247096,-0.80676724718609516,-0.98002712988590335,0.38150092871049646,-0.17292831635599182,-0.25531835824039728,-0.26591373100972437,-0.61614376352954414
864,-0.40204813210994672,0.97012886586845837,-0.40858206511089512,0.12025655994716145,-0.44185863222860799,0.32265173216690379,0.49448872637422303,-0.91893965899413188,0.68140335591697387,-0.58391430961205737,-0.33813110057875728,0.85536403948889728,-0.61117519873370085,0.10306857361765775,-0.054456393815342174,0.0044063693945028959,-0.29339723760030378,0.099878794500046331,-0.94064241413173977,-0.58558838705011329
865,-0.94821322828507038,0.30583203284468463,0.2621542166573636,0.66038905277773075,-0.13987023260961373,0.74641121020353274,0.29431920961163893,0.83474628831974007,0.39999413950944795,-0.66969121712649815,0.69259765126915984,0.63262382976930032,-0.64669218256247096,-0.80676724718609516,-0.98002712988590335,0.38150092871049646,-0.17292831635599182,-0.25531835824039728,-0.26591373100972437,-0.61614376352954414
866,-0.74760628325054279,0.76068003056633327,-0.085709940128596562,0.19238059004854691,-0.87925703413445144,0.22442249609866671,0.94073673409967595,0.071873348678880289,-0.033584897852507511,-0.69712004200778543,0.098789847041494294,-0.33819585626673621,-0.40727313269015708,-0.00653311788091826,0.23031074625461034,-0.1210909723447724,0.7120631175957981,-0.97434632647981512,-0.86877750893841332,0.10451908061956017
867,-0.43198269286860458,-0.21238551630076619,0.2399484016859077,0.16853940262526956,-0.52269272386509424,0.15285343181397049,0.71563956828136144,0.089565408548923475,0.40315760627385377,0.20097610486970741,0.20460863741505486,0.79520452248783968,-0.16353775673210036,-0.96384915830181161,0.010346778015448477,0.41871769284224625,-0.12820750606465503,-0.17365253035747474,-0.19756067189097859,-0.59077297147792018
868,-0.19603633708728596,0.033214771914900298,-0.00012447817489746882,0.071496568481528522,0.18724001667190593,0.78661624460060819,0.43280813514603733,0.30210807329348488,0.86913764329763743,-0.60141185462026114,-0.062029259924900604,0.27136240921104915,-0.21136777038395449,-0.73785230219579168,0.011323933377284101,-0.58949168625399717,0.75590830860373814,0.50852347298385436,-0.82779467125564232,-0.34378547085494082
869,-0.76351189187717972,0.043020841091494955,0.21139198904509438,0.12175071453251296,-0.37348766829508029,0.64330870195742018,0.10141803575687103,0.16791733289594779,0.87639018968782345,-0.17685849007965126,0.096671691723802633,0.41805114955772216,0.27650859340528888,-0.52752104042645631,-0.12967005721045965,0.49260994687852788,-0.54721950267980413,0.27813776982938121,-0.81653540749125186,-0.82082175510670474
870,-0.19603633708728596,0.033214771914900298,-0.00012447817489746882,0.071496568481528522,0.18724001667190593,0.78661624460060819,0.43280813514603733,0.30210807329348488,0.86913764329763743,-0.60141185462026114,-0.062029259924900604,0.27136240921104915,-0.21136777038395449,-0.73785230219579168,0.011323933377284101,-0.58949168625399717,0.75590830860373814,0.50852347298385436,-0.82779467125564232,-0.34378547085494082
871,-0.43198269286860458,-0.21238551630076619,0.2399484016859077,0.16853940262526956,-0.52269272386509424,0.15285343181397049,0.71563956828136144,0.089565408548923475,0.40315760627385377,0.20097610486970741,0.20460863741505486,0.79520452248783968,-0.16353775673210036,-0.96384915830181161,0.010346778015448477,0.41871769284224625,-0.12820750606465503,-0.17365253035747474,-0.19756067189097859,-0.59077297147792018
872,-0.94821322828507038,0.30583203284468463,0.2621542166573636,0.66038905277773075,-0.13987023260961373,0.74641121020353274,0.29431920961163893,0.83474628831974007,0.39999413950944795,-0.66969121712649815,0.69259765126915984,0.63262382976930032,-0.64669218256247096,-0.80676724718609516,-0.98002712988590335,0.38150092871049646,-0.17292831635599182,-0.25531835824039728,-0.26591373100972437,-0.61614376352954414
873,-0.94821322828507038,0.30583203284468463,0.2621542166573636,0.66038905277773075,-0.13987023260961373,0.74641121020353274,0.29431920961163893,0.83474628831974007,0.39999413950944795,-0.66969121712649815,0.69259765126915984,0.63262382976930032,-0.64669218256247096,-0.80676724718609516,-0.98002712988590335,0.38150092871049646,-0.17292831635599182,-0.25531835824039728,-0.26591373100972437,-0.61614376352954414
874,-0.72636770967227871,0.54038701737387229,-0.28354360307859072,0.10736468086428674,-0.69414644055787145,0.7932655736937777,0.75236486621151299,0.58418523021479474,0.97937558496136834,-0.68925656980243888,0.52818750963314454,0.7985991615095589,0.085205711431973974,-0.15967495515511665,0.84983903446540965,0.4137664369180154,0.17663925857157636,-0.16306572060398783,-0.77768289727113538,-0.93125863289432576
875,0.016488135101274448,0.61141835812283762,-0.2812896499631139,-0.18322333137311153,-0.087261917159624058,0.11243153832423425,0.94923566541271409,0.93968338996383083,0.84807441628579272,-0.65989566116717402,0.3964606197166598,0.69699172365005024,-0.01631612416963546,-0.90897544250179219,-0.54983218399919154,-0.47979800399870554,0.59212657986796113,0.05162796074656395,-0.31955965395111607,-0.95588909791568555
876,-0.63089787384254525,0.6690818879892857,-0.040057718262865194,0.16654870751220341,-0.7305219398063405,0.58297437628817539,0.27165022287116192,-0.49831781558001675,0.055520079875316153,-0.91271550270220336,0.56078886964035046,-0.44877523643861394,-0.89279907737864139,-0.65252556285087171,-0.078290709643888734,-0.32520986969289178,0.70569138763054884,-0.84075997297232052,0.018942967105671116,0.15495311550536184
877,-0.72636770967227871,0.54038701737387229,-0.28354360307859072,0.10736468086428674,-0.69414644055787145,0.7932655736937777,0.75236486621151299,0.58418523021479474,0.97937558496136834,-0.68925656980243888,0.52818750963314454,0.7985991615095589,0.085205711431973974,-0.15967495515511665,0.84983903446540965,0.4137664369180154,0.17663925857157636,-0.16306572060398783,-0.77768289727113538,-0.93125863289432576
878,-0.19603633708728596,0.033214771914900298,-0.00012447817489746882,0.071496568481528522,0.18724001667190593,0.78661624460060819,0.43280813514603733,0.30210807329348488,0.86913764329763743,-0.60141185462026114,-0.062029259924900604,0.27136240921104915,-0.21136777038395449,-0.73785230219579168,0.011323933377284101,-0.58949168625399717,0.75590830860373814,0.50852347298385436,-0.82779467125564232,-0.34378547085494082
879,-0.72636770967227871,0.54038701737387229,-0.28354360307859072,0.10736468086428674,-0.69414644055787145,0.7932655736937777,0.75236486621151299,0.58418523021479474,0.97937558496136834,-0.68925656980243888,0.52818750963314454,0.7985991615095589,0.085205711431973974,-0.15967495515511665,0.84983903446540965,0.4137664369180154,0.17663925857157636,-0.16306572060398783,-0.77768289727113538,-0.93125863289432576
880,-0.19603633708728596,0.033214771914900298,-0.00012447817489746882,0.071496568481528522,0.18724001667190593,0.78661624460060819,0.43280813514603733,0.30210807329348488,0.86913764329763743,-0.60141185462026114,-0.062029259924900604,0.27136240921104915,-0.21136777038395449,-0.73785230219579168,0.011323933377284101,-0.58949168625399717,0.75590830860373814,0.50852347298385436,-0.82779467125564232,-0.34378547085494082
881,-0.72636770967227871,0.54038701737387229,-0.28354360307859072,0.10736468086428674,-0.69414644055787145,0.7932655736937777,0.75236486621151299,0.58418523021479474,0.97937558496136834,-0.68925656980243888,0.52818750963314454,0.7985991615095589,0.085205711431973974,-0.15967495515511665,0.84983903446540965,0.4137664369180154,0.17663925857157636,-0.16306572060398783,-0.77768289727113538,-0.93125863289432576
882,-0.19603633708728596,0.033214771914900298,-0.00012447817489746882,0.071496568481528522,0.18724001667190593,0.78661624460060819,0.43280813514603733,0.30210807329348488,0.86913764329763743,-0.60141185462026114,-0.062029259924900604,0.27136240921104915,-0.21136777038395449,-0.73785230219579168,0.011323933377284101,-0.58949168625399717,0.75590830860373814,0.50852347298385436,-0.82779467125564232,-0.34378547085494082
883,-0.76351189187717972,0.043020841091494955,0.21139198904509438,0.12175071453251296,-0.37348766829508029,0.64330870195742018,0.10141803575687103,0.16791733289594779,0.87639018968782345,-0.17685849007965126,0.096671691723802633,0.41805114955772216,0.27650859340528888,-0.52752104042645631,-0.12967005721045965,0.49260994687852788,-0.54721950267980413,0.27813776982938121,-0.81653540749125186,-0.82082175510670474
884,-0.43198269286860458,-0.21238551630076619,0.2399484016859077,0.16853940262526956,-0.52269272386509424,0.15285343181397049,0.71563956828136144,0.089565408548923475,0.40315760627385377,0.20097610486970741,0.20460863741505486,0.79520452248783968,-0.16353775673210036,-0.96384915830181161,0.010346778015448477,0.41871769284224625,-0.12820750606465503,-0.17365253035747474,-0.19756067189097859,-0.59077297147792018
885,-0.76351189187717972,0.043020841091494955,0.21139198904509438,0.12175071453251296,-0.37348766829508029,0.64330870195742018,0.10141803575687103,0.16791733289594779,0.87639018968782345,-0.17685849007965126,0.096671691723802633,0.41805114955772216,0.27650859340528888,-0.52752104042645631,-0.12967005721045965,0.49260994687852788,-0.54721950267980413,0.27813776982938121,-0.81653540749125186,-0.82082175510670474
886,-0.72636770967227871,0.54038701737387229,-0.28354360307859072,0.10736468086428674,-0.69414644055787145,0.7932655736937777,0.75236486621151299,0.58418523021479474,0.97937558496136834,-0.68925656980243888,0.52818750963314454,0.7985991615095589,0.085205711431973974,-0.15967495515511665,0.84983903446540965,0.4137664369180154,0.17663925857157636,-0.16306572060398783,-0.77768289727113538,-0.93125863289432576
887,-0.72636770967227871,0.54038701737387229,-0.28354360307859072,0.10736468086428674,-0.69414644055787145,0.7932655736937777,0.75236486621151299,0.58418523021479474,0.97937558496136834,-0.68925656980243888,0.52818750963314454,0.7985991615095589,0.085205711431973974,-0.15967495515511665,0.84983903446540965,0.4137664369180154,0.17663925857157636,-0.16306572060398783,-0.77768289727113538,-0.93125863289432576
888,-0.43198269286860458,-0.21238551630076619,0.2399484016859077,0.16853940262526956,-0.52269272386509424,0.15285343181397049,0.71563956828136144,0.089565408548923475,0.40315760627385377,0.20097610486970741,0.20460863741505486,0.79520452248783968,-0.16353775673210036,-0.96384915830181161,0.010346778015448477,0.41871769284224625,-0.12820750606465503,-0.17365253035747474,-0.19756067189097859,-0.59077297147792018
889,-0.19603633708728596,0.033214771914900298,-0.00012447817489746882,0.071496568481528522,0.18724001667190593,0.78661624460060819,0.43280813514603733,0.30210807329348488,0.86913764329763743,-0.60141185462026114,-0.062029259924900604,0.27136240921104915,-0.21136777038395449,-0.73785230219579168,0.011323933377284101,-0.58949168625399717,0.75590830860373814,0.50852347298385436,-0.82779467125564232,-0.34378547085494082
890,-0.43198269286860458,-0.21238551630076619,0.2399484016859077,0.16853940262526956,-0.52269272386509424,0.15285343181397049,0.71563956828136144,0.089565408548923475,0.40315760627385377,0.20097610486970741,0.20460863741505486,0.79520452248783968,-0.16353775673210036,-0.96384915830181161,0.010346778015448477,0.41871769284224625,-0.12820750606465503,-0.17365253035747474,-0.19756067189097859,-0.59077297147792018
891,-0.76351189187717972,0.043020841091494955,0.21139198904509438,0.12175071453251296,-0.37348766829508029,0.64330870195742018,0.10141803575687103,0.16791733289594779,0.87639018968782345,-0.17685849007965126,0.096671691723802633,0.41805114955772216,0.27650859340528888,-0.52752104042645631,-0.12967005721045965,0.49260994687852788,-0.54721950267980413,0.27813776982938121,-0.81653540749125186,-0.82082175510670474
892,-0.39091288214958175,-0.40022008328755088,0.23790086004226274,-0.37676085280348426,-0.22289201003043413,0.65980697367460839,0.71751546343479466,-0.45182684331691125,0.59630031760498259,-0.50457028810505378,0.46157983774111799,0.07103803505744799,-0.076187305976538555,-0.85636870276326782,0.5126827410799295,-0.89712239777675129,0.58378303941580301,-0.19060146067890216,-0.88326876003412425,-0.53553500566430201
893,-0.80748415608564827,0.95017828884553901,-0.29748812095272958,-0.40418622052710163,-0.25382524568984577,0.23900060873921314,0.57407367753313632,-0.75027416782344281,0.54296327178505877,-0.54333304131199434,0.47408699727701675,0.17931396591794835,-0.85179855122018955,0.093078584098332362,0.2236573436862761,-0.32345261940110404,0.89590134737363458,-0.99506596842680728,-0.63656766909847473,0.16713905895680425
894,-0.72636770967227871,0.54038701737387229,-0.28354360307859072,0.10736468086428674,-0.69414644055787145,0.7932655736937777,0.75236486621151299,0.58418523021479474,0.97937558496136834,-0.68925656980243888,0.52818750963314454,0.7985991615095589,0.085205711431973974,-0.15967495515511665,0.84983903446540965,0.4137664369180154,0.17663925857157636,-0.16306572060398783,-0.77768289727113538,-0.93125863289432576
895,-0.76351189187717972,0.043020841091494955,0.21139198904509438,0.12175071453251296,-0.37348766829508029,0.64330870195742018,0.10141803575687103,0.16791733289594779,0.87639018968782345,-0.17685849007965126,0.096671691723802633,0.41805114955772216,0.27650859340528888,-0.52752104042645631,-0.12967005721045965,0.49260994687852788,-0.54721950267980413,0.27813776982938121,-0.81653540749125186,-0.82082175510670474
896,-0.19603633708728596,0.033214771914900298,-0.00012447817489746882,0.071496568481528522,0.18724001667190593,0.78661624460060819,0.43280813514603733,0.30210807329348488,0.86913764329763743,-0.60141185462026114,-0.062029259924900604,0.27136240921104915,-0.21136777038395449,-0.73785230219579168,0.011323933377284101,-0.58949168625399717,0.75590830860373814,0.50852347298385436,-0.82779467125564232,-0.34378547085494082
897,-0.76351189187717972,0.043020841091494955,0.21139198904509438,0.12175071453251296,-0.37348766829508029,0.64330870195742018,0.10141803575687103,0.16791733289594779,0.87639018968782345,-0.17685849007965126,0.096671691723802633,0.41805114955772216,0.27650859340528888,-0.52752104042645631,-0.12967005721045965,0.49260994687852788,-0.54721950267980413,0.27813776982938121,-0.81653540749125186,-0.82082175510670474
898,-0.76351189187717972,0.043020841091494955,0.21139198904509438,0.12175071453251296,-0.37348766829508029,0.64330870195742018,0.10141803575687103,0.16791733289594779,0.87639018968782345,-0.17685849007965126,0.096671691723802633,0.41805114955772216,0.27650859340528888,-0.52752104042645631,-0.12967005721045965,0.49260994687852788,-0.54721950267980413,0.27813776982938121,-0.81653540749125186,-0.82082175510670474
899,-0.72636770967227871,0.54038701737387229,-0.28354360307859072,0.10736468086428674,-0.69414644055787145,0.7932655736937777,0.75236486621151299,0.58418523021479474,0.97937558496136834,-0.68925656980243888,0.52818750963314454,0.7985991615095589,0.085205711431973974,-0.15967495515511665,0.84983903446540965,0.4137664369180154,0.17663925857157636,-0.16306572060398783,-0.77768289727113538,-0.93125863289432576
900,-0.72636770967227871,0.54038701737387229,-0.28354360307859072,0.10736468086428674,-0.69414644055787145,0.7932655736937777,0.75236486621151299,0.58418523021479474,0.97937558496136834,-0.68925656980243888,0.52818750963314454,0.7985991615095589,0.085205711431973974,-0.15967495515511665,0.84983903446540965,0.4137664369180154,0.17663925857157636,-0.16306572060398783,-0.77768289727113538,-0.93125863289432576
901,-0.72636770967227871,0.54038701737387229,-0.28354360307859072,0.10736468086428674,-0.69414644055787145,0.7932655736937777,0.75236486621151299,0.58418523021479474,0.97937558496136834,-0.68925656980243888,0.52818750963314454,0.7985991615095589,0.085205711431973974,-0.15967495515511665,0.84983903446540965,0.4137664369180154,0.17663925857157636,-0.16306572060398783,-0.77768289727113538,-0.93125863289432576
902,-0.72636770967227871,0.54038701737387229,-0.28354360307859072,0.10736468086428674,-0.69414644055787145,0.7932655736937777,0.75236486621151299,0.58418523021479474,0.97937558496136834,-0.68925656980243888,0.52818750963314454,0.7985991615095589,0.085205711431973974,-0.15967495515511665,0.84983903446540965,0.4137664369180154,0.17663925857157636,-0.16306572060398783,-0.77768289727113538,-0.93125863289432576
903,-0.72636770967227871,0.54038701737387229,-0.28354360307859072,0.10736468086428674,-0.69414644055787145,0.7932655736937777,0.75236486621151299,0.58418523021479474,0.97937558496136834,-0.68925656980243888,0.52818750963314454,0.7985991615095589,0.085205711431973974,-0.15967495515511665,0.84983903446540965,0.4137664369180154,0.17663925857157636,-0.16306572060398783,-0.77768289727113538,-0.93125863289432576
904,-0.76351189187717972,0.043020841091494955,0.21139198904509438,0.12175071453251296,-0.37348766829508029,0.64330870195742018,0.10141803575687103,0.16791733289594779,0.87639018968782345,-0.17685849007965126,0.096671691723802633,0.41805114955772216,0.27650859340528888,-0.52752104042645631,-0.12967005721045965,0.49260994687852788,-0.54721950267980413,0.27813776982938121,-0.81653540749125186,-0.82082175510670474
905,-0.72636770967227871,0.54038701737387229,-0.28354360307859072,0.10736468086428674,-0.69414644055787145,0.7932655736937777,0.75236486621151299,0.58418523021479474,0.97937558496136834,-0.68925656980243888,0.52818750963314454,0.7985991615095589,0.085205711431973974,-0.15967495515511665,0.84983903446540965,0.4137664369180154,0.17663925857157636,-0.16306572060398783,-0.77768289727113538,-0.93125863289432576
906,-0.72636770967227871,0.54038701737387229,-0.28354360307859072,0.10736468086428674,-0.69414644055787145,0.7932655736937777,0.75236486621151299,0.58418523021479474,0.97937558496136834,-0.68925656980243888,0.52818750963314454,0.7985991615095589,0.085205711431973974,-0.15967495515511665,0.84983903446540965,0.4137664369180154,0.17663925857157636,-0.16306572060398783,-0.77768289727113538,-0.93125863289432576
907,-0.76351189187717972,0.043020841091494955,0.21139198904509438,0.12175071453251296,-0.37348766829508029,0.64330870195742018,0.10141803575687103,0.16791733289594779,0.87639018968782345,-0.17685849007965126,0.096671691723802633,0.41805114955772216,0.27650859340528888,-0.52752104042645631,-0.12967005721045965,0.49260994687852788,-0.54721950267980413,0.27813776982938121,-0.81653540749125186,-0.82082175510670474
908,-0.72636770967227871,0.54038701737387229,-0.28354360307859072,0.10736468086428674,-0.69414644055787145,0.7932655736937777,0.75236486621151299,0.58418523021479474,0.97937558496136834,-0.68925656980243888,0.52818750963314454,0.7985991615095589,0.085205711431973974,-0.15967495515511665,0.84983903446540965,0.4137664369180154,0.17663925857157636,-0.16306572060398783,-0.77768289727113538,-0.93125863289432576
909,-0.19603633708728596,0.033214771914900298,-0.00012447817489746882,0.071496568481528522,0.18724001667190593,0.78661624460060819,0.43280813514603733,0.30210807329348488,0.86913764329763743,-0.60141185462026114,-0.062029259924900604,0.27136240921104915,-0.21136777038395449,-0.73785230219579168,0.011323933377284101,-0.58949168625399717,0.75590830860373814,0.50852347298385436,-0.82779467125564232,-0.34378547085494082
910,-0.43198269286860458,-0.21238551630076619,0.2399484016859077,0.16853940262526956,-0.52269272386509424,0.15285343181397049,0.71563956828136144,0.089565408548923475,0.40315760627385377,0.20097610486970741,0.20460863741505486,0.79520452248783968,-0.16353775673210036,-0.96384915830181161,0.010346778015448477,0.41871769284224625,-0.12820750606465503,-0.17365253035747474,-0.19756067189097859,-0.59077297147792018
911,-0.19603633708728596,0.033214771914900298,-0.00012447817489746882,0.071496568481528522,0.18724001667190593,0.78661624460060819,0.43280813514603733,0.30210807329348488,0.86913764329763743,-0.60141185462026114,-0.062029259924900604,0.27136240921104915,-0.21136777038395449,-0.73785230219579168,0.011323933377284101,-0.58949168625399717,0.75590830860373814,0.50852347298385436,-0.82779467125564232,-0.34378547085494082
912,-0.47703164340807147,0.0050867687369404724,0.12358826884330409,-0.130851182087798,-0.075137229777033188,0.80617110525522029,0.17712383174157087,0.50223025950840849,0.83148929427957419,-0.58034728151992243,0.75147880021664704,0.14288938884160429,0.63174746977486262,-0.63443097778226121,-0.57144313633790089,0.79193218928645615,0.4467742114237192,-0.91650438208211016,0.16862218156145881,0.55202473957309905
913,-0.76017093163806759,0.40424598512626364,-0.0070530892610072282,-0.066986419356005689,-0.17868365318646351,0.46405382596431832,-0.43117074859865578,0.9966426014744949,0.96715068345081479,-0.36252101977014428,-0.28449133920829484,-0.50881056628243382,-0.83866810876260534,-0.23520691445309372,-0.23152062029368792,-0.012416957607701784,0.35161795445745003,-0.73155695991331982,-0.59963174874136072,-0.25471190774281105
914,-0.19603633708728596,0.033214771914900298,-0.00012447817489746882,0.071496568481528522,0.18724001667190593,0.78661624460060819,0.43280813514603733,0.30210807329348488,0.86913764329763743,-0.60141185462026114,-0.062029259924900604,0.27136240921104915,-0.21136777038395449,-0.73785230219579168,0.011323933377284101,-0.58949168625399717,0.75590830860373814,0.50852347298385436,-0.82779467125564232,-0.34378547085494082
915,-0.72636770967227871,0.54038701737387229,-0.28354360307859072,0.10736468086428674,-0.69414644055787145,0.7932655736937777,0.75236486621151299,0.58418523021479474,0.97937558496136834,-0.68925656980243888,0.52818750963314454,0.7985991615095589,0.085205711431973974,-0.15967495515511665,0.84983903446540965,0.4137664369180154,0.17663925857157636,-0.16306572060398783,-0.77768289727113538,-0.93125863289432576
916,-0.76351189187717972,0.043020841091494955,0.21139198904509438,0.12175071453251296,-0.37348766829508029,0.64330870195742018,0.10141803575687103,0.16791733289594779,0.87639018968782345,-0.17685849007965126,0.096671691723802633,0.41805114955772216,0.27650859340528888,-0.52752104042645631,-0.12967005721045965,0.49260994687852788,-0.54721950267980413,0.27813776982938121,-0.81653540749125186,-0.82082175510670474
917,-0.72636770967227871,0.54038701737387229,-0.28354360307859072,0.10736468086428674,-0.69414644055787145,0.7932655736937777,0.75236486621151299,0.58418523021479474,0.97937558496136834,-0.68925656980243888,0.52818750963314454,0.7985991615095589,0.085205711431973974,-0.15967495515511665,0.84983903446540965,0.4137664369180154,0.17663925857157636,-0.16306572060398783,-0.77768289727113538,-0.93125863289432576
918,-0.19603633708728596,0.033214771914900298,-0.00012447817489746882,0.071496568481528522,0.18724001667190593,0.78661624460060819,0.43280813514603733,0.30210807329348488,0.86913764329763743,-0.60141185462026114,-0.062029259924900604,0.27136240921104915,-0.21136777038395449,-0.73785230219579168,0.011323933377284101,-0.58949168625399717,0.75590830860373814,0.50852347298385436,-0.82779467125564232,-0.34378547085494082
919,-0.19603633708728596,0.033214771914900298,-0.00012447817489746882,0.071496568481528522,0.18724001667190593,0.78661624460060819,0.43280813514603733,0.30210807329348488,0.86913764329763743,-0.60141185462026114,-0.062029259924900604,0.27136240921104915,-0.21136777038395449,-0.73785230219579168,0.011323933377284101,-0.58949168625399717,0.75590830860373814,0.50852347298385436,-0.82779467125564232,-0.34378547085494082
920,-0.19603633708728596,0.033214771914900298,-0.00012447817489746882,0.071496568481528522,0.18724001667190593,0.78661624460060819,0.43280813514603733,0.30210807329348488,0.86913764329763743,-0.60141185462026114,-0.062029259924900604,0.27136240921104915,-0.21136777038395449,-0.73785230219579168,0.011323933377284101,-0.58949168625399717,0.75590830860373814,0.50852347298385436,-0.82779467125564232,-0.34378547085494082
921,-0.94821322828507038,0.30583203284468463,0.2621542166573636,0.66038905277773075,-0.13987023260961373,0.74641121020353274,0.29431920961163893,0.83474628831974007,0.39999413950944795,-0.66969121712649815,0.69259765126915984,0.63262382976930032,-0.64669218256247096,-0.80676724718609516,-0.98002712988590335,0.38150092871049646,-0.17292831635599182,-0.25531835824039728,-0.26591373100972437,-0.61614376352954414
922,-0.19603633708728596,0.033214771914900298,-0.00012447817489746882,0.071496568481528522,0.18724001667190593,0.78661624460060819,0.43280813514603733,0.30210807329348488,0.86913764329763743,-0.60141185462026114,-0.062029259924900604,0.27136240921104915,-0.21136777038395449,-0.73785230219579168,0.011323933377284101,-0.58949168625399717,0.75590830860373814,0.50852347298385436,-0.82779467125564232,-0.34378547085494082
923,-0.40204813210994672,0.97012886586845837,-0.40858206511089512,0.12025655994716145,-0.44185863222860799,0.32265173216690379,0.49448872637422303,-0.91893965899413188,0.68140335591697387,-0.58391430961205737,-0.33813110057875728,0.85536403948889728,-0.61117519873370085,0.10306857361765775,-0.054456393815342174,0.0044063693945028959,-0.29339723760030378,0.099878794500046331,-0.94064241413173977,-0.58558838705011329
924,-0.72636770967227871,0.54038701737387229,-0.28354360307859072,0.10736468086428674,-0.69414644055787145,0.7932655736937777,0.75236486621151299,0.58418523021479474,0.97937558496136834,-0.68925656980243888,0.52818750963314454,0.7985991615095589,0.085205711431973974,-0.15967495515511665,0.84983903446540965,0.4137664369180154,0.17663925857157636,-0.16306572060398783,-0.77768289727113538,-0.93125863289432576
925,-0.76351189187717972,0.043020841091494955,0.21139198904509438,0.12175071453251296,-0.37348766829508029,0.64330870195742018,0.10141803575687103,0.16791733289594779,0.87639018968782345,-0.17685849007965126,0.096671691723802633,0.41805114955772216,0.27650859340528888,-0.52752104042645631,-0.12967005721045965,0.49260994687852788,-0.54721950267980413,0.27813776982938121,-0.81653540749125186,-0.82082175510670474
926,-0.72636770967227871,0.54038701737387229,-0.28354360307859072,0.10736468086428674,-0.69414644055787145,0.7932655736937777,0.75236486621151299,0.58418523021479474,0.97937558496136834,-0.68925656980243888,0.52818750963314454,0.7985991615095589,0.085205711431973974,-0.15967495515511665,0.84983903446540965,0.4137664369180154,0.17663925857157636,-0.16306572060398783,-0.77768289727113538,-0.93125863289432576
927,-0.76351189187717972,0.043020841091494955,0.21139198904509438,0.12175071453251296,-0.37348766829508029,0.64330870195742018,0.10141803575687103,0.16791733289594779,0.87639018968782345,-0.17685849007965126,0.096671691723802633,0.41805114955772216,0.27650859340528888,-0.52752104042645631,-0.12967005721045965,0.49260994687852788,-0.54721950267980413,0.27813776982938121,-0.81653540749125186,-0.82082175510670474
928,-0.72636770967227871,0.54038701737387229,-0.28354360307859072,0.10736468086428674,-0.69414644055787145,0.7932655736937777,0.75236486621151299,0.58418523021479474,0.97937558496136834,-0.68925656980243888,0.52818750963314454,0.7985991615095589,0.085205711431973974,-0.15967495515511665,0.84983903446540965,0.4137664369180154,0.17663925857157636,-0.16306572060398783,-0.77768289727113538,-0.93125863289432576
929,-0.9098049492377267,-0.095780465437198981,0.13627524500132449,-0.12042142664806632,0.49669226537406796,0.91160066809142659,0.88341087296523968,0.40650428962953855,0.4428834327662865,-0.52102069052291999,0.76235020376641316,0.18907627605656474,-0.91354279032782593,-0.88194028701087968,-0.51772372843566949,-0.22573685986275827,-0.64113552406327146,-0.27672024754609414,-0.18952603852344518,-0.30960318828652067
930,-0.72636770967227871,0.54038701737387229,-0.28354360307859072,0.10736468086428674,-0.69414644055787145,0.7932655736937777,0.75236486621151299,0.58418523021479474,0.97937558496136834,-0.68925656980243888,0.52818750963314454,0.7985991615095589,0.085205711431973974,-0.15967495515511665,0.84983903446540965,0.4137664369180154,0.17663925857157636,-0.16306572060398783,-0.77768289727113538,-0.93125863289432576
931,-0.74760628325054279,0.76068003056633327,-0.085709940128596562,0.19238059004854691,-0.87925703413445144,0.22442249609866671,0.94073673409967595,0.071873348678880289,-0.033584897852507511,-0.69712004200778543,0.098789847041494294,-0.33819585626673621,-0.40727313269015708,-0.00653311788091826,0.23031074625461034,-0.1210909723447724,0.7120631175957981,-0.97434632647981512,-0.86877750893841332,0.10451908061956017
932,-0.76351189187717972,0.043020841091494955,0.21139198904509438,0.12175071453251296,-0.37348766829508029,0.64330870195742018,0.10141803575687103,0.16791733289594779,0.87639018968782345,-0.17685849007965126,0.096671691723802633,0.41805114955772216,0.27650859340528888,-0.52752104042645631,-0.12967005721045965,0.49260994687852788,-0.54721950267980413,0.27813776982938121,-0.81653540749125186,-0.82082175510670474
933,-0.76351189187717972,0.043020841091494955,0.21139198904509438,0.12175071453251296,-0.37348766829508029,0.64330870195742018,0.10141803575687103,0.16791733289594779,0.87639018968782345,-0.17685849007965126,0.096671691723802633,0.41805114955772216,0.27650859340528888,-0.52752104042645631,-0.12967005721045965,0.49260994687852788,-0.54721950267980413,0.27813776982938121,-0.81653540749125186,-0.82082175510670474
934,-0.43198269286860458,-0.21238551630076619,0.2399484016859077,0.16853940262526956,-0.52269272386509424,0.15285343181397049,0.71563956828136144,0.089565408548923475,0.40315760627385377,0.20097610486970741,0.20460863741505486,0.79520452248783968,-0.16353775673210036,-0.96384915830181161,0.010346778015448477,0.41871769284224625,-0.12820750606465503,-0.17365253035747474,-0.19756067189097859,-0.59077297147792018
935,-0.19603633708728596,0.033214771914900298,-0.00012447817489746882,0.071496568481528522,0.18724001667190593,0.78661624460060819,0.43280813514603733,0.30210807329348488,0.86913764329763743,-0.60141185462026114,-0.062029259924900604,0.27136240921104915,-0.21136777038395449,-0.73785230219579168,0.011323933377284101,-0.58949168625399717,0.75590830860373814,0.50852347298385436,-0.82779467125564232,-0.34378547085494082
936,-0.76351189187717972,0.043020841091494955,0.21139198904509438,0.12175071453251296,-0.37348766829508029,0.64330870195742018,0.10141803575687103,0.16791733289594779,0.87639018968782345,-0.17685849007965126,0.096671691723802633,0.41805114955772216,0.27650859340528888,-0.52752104042645631,-0.12967005721045965,0.49260994687852788,-0.54721950267980413,0.27813776982938121,-0.81653540749125186,-0.82082175510670474
937,-0.94821322828507038,0.30583203284468463,0.2621542166573636,0.66038905277773075,-0.13987023260961373,0.74641121020353274,0.29431920961163893,0.83474628831974007,0.39999413950944795,-0.66969121712649815,0.69259765126915984,0.63262382976930032,-0.64669218256247096,-0.80676724718609516,-0.98002712988590335,0.38150092871049646,-0.17292831635599182,-0.25531835824039728,-0.26591373100972437,-0.61614376352954414
938,-0.19603633708728596,0.033214771914900298,-0.00012447817489746882,0.071496568481528522,0.18724001667190593,0.78661624460060819,0.43280813514603733,0.30210807329348488,0.86913764329763743,-0.60141185462026114,-0.062029259924900604,0.27136240921104915,-0.21136777038395449,-0.73785230219579168,0.011323933377284101,-0.58949168625399717,0.75590830860373814,0.50852347298385436,-0.82779467125564232,-0.34378547085494082
939,-0.76351189187717972,0.043020841091494955,0.21139198904509438,0.12175071453251296,-0.37348766829508029,0.64330870195742018,0.10141803575687103,0.16791733289594779,0.87639018968782345,-0.17685849007965126,0.096671691723802633,0.41805114955772216,0.27650859340528888,-0.52752104042645631,-0.12967005721045965,0.49260994687852788,-0.54721950267980413,0.27813776982938121,-0.81653540749125186,-0.82082175510670474
940,-0.72636770967227871,0.54038701737387229,-0.28354360307859072,0.10736468086428674,-0.69414644055787145,0.7932655736937777,0.75236486621151299,0.58418523021479474,0.97937558496136834,-0.68925656980243888,0.52818750963314454,0.7985991615095589,0.085205711431973974,-0.15967495515511665,0.84983903446540965,0.4137664369180154,0.17663925857157636,-0.16306572060398783,-0.77768289727113538,-0.93125863289432576
941,-0.76351189187717972,0.043020841091494955,0.21139198904509438,0.12175071453251296,-0.37348766829508029,0.64330870195742018,0.10141803575687103,0.16791733289594779,0.87639018968782345,-0.17685849007965126,0.096671691723802633,0.41805114955772216,0.27650859340528888,-0.52752104042645631,-0.12967005721045965,0.49260994687852788,-0.54721950267980413,0.27813776982938121,-0.81653540749125186,-0.82082175510670474
942,-0.19603633708728596,0.033214771914900298,-0.00012447817489746882,0.071496568481528522,0.18724001667190593,0.78661624460060819,0.43280813514603733,0.30210807329348488,0.86913764329763743,-0.60141185462026114,-0.062029259924900604,0.27136240921104915,-0.21136777038395449,-0.73785230219579168,0.011323933377284101,-0.58949168625399717,0.75590830860373814,0.50852347298385436,-0.82779467125564232,-0.34378547085494082
943,-0.76351189187717972,0.043020841091494955,0.21139198904509438,0.12175071453251296,-0.37348766829508029,0.64330870195742018,0.10141803575687103,0.16791733289594779,0.87639018968782345,-0.17685849007965126,0.096671691723802633,0.41805114955772216,0.27650859340528888,-0.52752104042645631,-0.12967005721045965,0.49260994687852788,-0.54721950267980413,0.27813776982938121,-0.81653540749125186,-0.82082175510670474
944,-0.43023911094401468,0.68247206985562325,-0.32557838531489769,0.035752200723020211,-0.10616844609952802,0.82649749094401503,-0.49076781393311175,-0.84231095464553918,0.45026469807801872,-0.97081365165082323,-0.88809443029591129,0.036610733416947649,0.1568898850823619,-0.44469931892553305,-0.048998176758696221,-0.0038673092977317136,0.52680092729315131,-0.40046078314612488,-0.45829225254831796,0.71282316512906241
945,-0.74760628325054279,0.76068003056633327,-0.085709940128596562,0.19238059004854691,-0.87925703413445144,0.22442249609866671,0.94073673409967595,0.071873348678880289,-0.033584897852507511,-0.69712004200778543,0.098789847041494294,-0.33819585626673621,-0.40727313269015708,-0.00653311788091826,0.23031074625461034,-0.1210909723447724,0.7120631175957981,-0.97434632647981512,-0.86877750893841332,0.10451908061956017
946,-0.72636770967227871,0.54038701737387229,-0.28354360307859072,0.10736468086428674,-0.69414644055787145,0.7932655736937777,0.75236486621151299,0.58418523021479474,0.97937558496136834,-0.68925656980243888,0.52818750963314454,0.7985991615095589,0.085205711431973974,-0.15967495515511665,0.84983903446540965,0.4137664369180154,0.17663925857157636,-0.16306572060398783,-0.77768289727113538,-0.93125863289432576
947,-0.72636770967227871,0.54038701737387229,-0.28354360307859072,0.10736468086428674,-0.69414644055787145,0.7932655736937777,0.75236486621151299,0.58418523021479474,0.97937558496136834,-0.68925656980243888,0.52818750963314454,0.7985991615095589,0.085205711431973974,-0.15967495515511665,0.84983903446540965,0.4137664369180154,0.17663925857157636,-0.16306572060398783,-0.77768289727113538,-0.93125863289432576
948,-0.74760628325054279,0.76068003056633327,-0.085709940128596562,0.19238059004854691,-0.87925703413445144,0.22442249609866671,0.94073673409967595,0.071873348678880289,-0.033584897852507511,-0.69712004200778543,0.098789847041494294,-0.33819585626673621,-0.40727313269015708,-0.00653311788091826,0.23031074625461034,-0.1210909723447724,0.7120631175957981,-0.97434632647981512,-0.86877750893841332,0.10451908061956017
949,-0.94821322828507038,0.30583203284468463,0.2621542166573636,0.66038905277773075,-0.13987023260961373,0.74641121020353274,0.29431920961163893,0.83474628831974007,0.39999413950944795,-0.66969121712649815,0.69259765126915984,0.63262382976930032,-0.64669218256247096,-0.80676724718609516,-0.98002712988590335,0.38150092871049646,-0.17292831635599182,-0.25531835824039728,-0.26591373100972437,-0.61614376352954414
950,-0.94821322828507038,0.30583203284468463,0.2621542166573636,0.66038905277773075,-0.13987023260961373,0.74641121020353274,0.29431920961163893,0.83474628831974007,0.39999413950944795,-0.66969121712649815,0.69259765126915984,0.63262382976930032,-0.64669218256247096,-0.80676724718609516,-0.98002712988590335,0.38150092871049646,-0.17292831635599182,-0.25531835824039728,-0.26591373100972437,-0.61614376352954414
951,-0.19603633708728596,0.033214771914900298,-0.00012447817489746882,0.071496568481528522,0.18724001667190593,0.78661624460060819,0.43280813514603733,0.30210807329348488,0.86913764329763743,-0.60141185462026114,-0.062029259924900604,0.27136240921104915,-0.21136777038395449,-0.73785230219579168,0.011323933377284101,-0.58949168625399717,0.75590830860373814,0.50852347298385436,-0.82779467125564232,-0.34378547085494082
952,-0.72636770967227871,0.54038701737387229,-0.28354360307859072,0.10736468086428674,-0.69414644055787145,0.7932655736937777,0.75236486621151299,0.58418523021479474,0.97937558496136834,-0.68925656980243888,0.52818750963314454,0.7985991615095589,0.085205711431973974,-0.15967495515511665,0.84983903446540965,0.4137664369180154,0.17663925857157636,-0.16306572060398783,-0.77768289727113538,-0.93125863289432576
953,-0.43198269286860458,-0.21238551630076619,0.2399484016859077,0.16853940262526956,-0.52269272386509424,0.15285343181397049,0.71563956828136144,0.089565408548923475,0.40315760627385377,0.20097610486970741,0.20460863741505486,0.79520452248783968,-0.16353775673210036,-0.96384915830181161,0.010346778015448477,0.41871769284224625,-0.12820750606465503,-0.17365253035747474,-0.19756067189097859,-0.59077297147792018
954,-0.72636770967227871,0.54038701737387229,-0.28354360307859072,0.10736468086428674,-0.69414644055787145,0.7932655736937777,0.75236486621151299,0.58418523021479474,0.97937558496136834,-0.68925656980243888,0.52818750963314454,0.7985991615095589,0.085205711431973974,-0.15967495515511665,0.84983903446540965,0.4137664369180154,0.17663925857157636,-0.16306572060398783,-0.77768289727113538,-0.93125863289432576
955,-0.94821322828507038,0.30583203284468463,0.2621542166573636,0.66038905277773075,-0.13987023260961373,0.74641121020353274,0.29431920961163893,0.83474628831974007,0.39999413950944795,-0.66969121712649815,0.69259765126915984,0.63262382976930032,-0.64669218256247096,-0.80676724718609516,-0.98002712988590335,0.38150092871049646,-0.17292831635599182,-0.25531835824039728,-0.26591373100972437,-0.61614376352954414
956,-0.19603633708728596,0.033214771914900298,-0.00012447817489746882,0.071496568481528522,0.18724001667190593,0.78661624460060819,0.43280813514603733,0.30210807329348488,0.86913764329763743,-0.60141185462026114,-0.062029259924900604,0.27136240921104915,-0.21136777038395449,-0.73785230219579168,0.011323933377284101,-0.58949168625399717,0.75590830860373814,0.50852347298385436,-0.82779467125564232,-0.34378547085494082
957,-0.94821322828507038,0.30583203284468463,0.2621542166573636,0.66038905277773075,-0.13987023260961373,0.74641121020353274,0.29431920961163893,0.83474628831974007,0.39999413950944795,-0.66969121712649815,0.69259765126915984,0.63262382976930032,-0.64669218256247096,-0.80676724718609516,-0.98002712988590335,0.38150092871049646,-0.17292831635599182,-0.25531835824039728,-0.26591373100972437,-0.61614376352954414
958,-0.76351189187717972,0.043020841091494955,0.21139198904509438,0.12175071453251296,-0.37348766829508029,0.64330870195742018,0.10141803575687103,0.16791733289594779,0.87639018968782345,-0.17685849007965126,0.096671691723802633,0.41805114955772216,0.27650859340528888,-0.52752104042645631,-0.12967005721045965,0.49260994687852788,-0.54721950267980413,0.27813776982938121,-0.81653540749125186,-0.82082175510670474
959,-0.36134180239605218,0.77612929670661601,-0.35771031015149268,0.073182135334639797,-0.44888168689984642,0.81391388279148291,0.22305587355580281,0.49392803278298447,0.73683710259093593,0.2501242905639911,-0.80806046678865195,0.54024673220578334,-0.97499640239659136,-0.87639372719856978,0.69418046477515216,-0.16912494147859802,-0.11035079476520337,-0.60797022667821032,-0.65600674785421664,0.52608754456504792
960,-0.59073706383365265,0.12354596438561294,0.0086269858054444093,-0.26161113376544698,0.67192538523758483,0.76618177938655729,0.5141000161450231,0.068356894883264019,0.056732580546063227,-0.22794487027123966,0.26327961464225136,0.41104244349122721,-0.030951702178711571,-0.19295209943571634,-0.50653383830342236,0.52932033689943503,0.008987324626093196,-0.80852768604781522,-0.71646106751974492,-0.53466874994215963
961,-0.76351189187717972,0.043020841091494955,0.21139198904509438,0.12175071453251296,-0.37348766829508029,0.64330870195742018,0.10141803575687103,0.16791733289594779,0.87639018968782345,-0.17685849007965126,0.096671691723802633,0.41805114955772216,0.27650859340528888,-0.52752104042645631,-0.12967005721045965,0.49260994687852788,-0.54721950267980413,0.27813776982938121,-0.81653540749125186,-0.82082175510670474
962,-0.56152083477900305,-0.22281019935813107,0.23227853026221923,0.18124360262468309,-0.2956766394360637,0.084090887715422058,0.55795401820974511,-0.51093747852149063,0.69430229992397074,-0.061383681165818826,-0.6411015239724287,0.57735414835108378,-0.86143721858926936,-0.052518443093517719,0.18930056471455137,-0.12207800821616033,0.62616273177908988,0.14649522190299846,-0.7858492505753798,0.26159379976943264
963,-0.76351189187717972,0.043020841091494955,0.21139198904509438,0.12175071453251296,-0.37348766829508029,0.64330870195742018,0.10141803575687103,0.16791733289594779,0.87639018968782345,-0.17685849007965126,0.096671691723802633,0.41805114955772216,0.27650859340528888,-0.52752104042645631,-0.12967005721045965,0.49260994687852788,-0.54721950267980413,0.27813776982938121,-0.81653540749125186,-0.82082175510670474
964,-0.94821322828507038,0.30583203284468463,0.2621542166573636,0.66038905277773075,-0.13987023260961373,0.74641121020353274,0.29431920961163893,0.83474628831974007,0.39999413950944795,-0.66969121712649815,0.69259765126915984,0.63262382976930032,-0.64669218256247096,-0.80676724718609516,-0.98002712988590335,0.38150092871049646,-0.17292831635599182,-0.25531835824039728,-0.26591373100972437,-0.61614376352954414
965,-0.19603633708728596,0.033214771914900298,-0.00012447817489746882,0.071496568481528522,0.18724001667190593,0.78661624460060819,0.43280813514603733,0.30210807329348488,0.86913764329763743,-0.60141185462026114,-0.062029259924900604,0.27136240921104915,-0.21136777038395449,-0.73785230219579168,0.011323933377284101,-0.58949168625399717,0.75590830860373814,0.50852347298385436,-0.82779467125564232,-0.34378547085494082
966,-0.72636770967227871,0.54038701737387229,-0.28354360307859072,0.10736468086428674,-0.69414644055787145,0.7932655736937777,0.75236486621151299,0.58418523021479474,0.97937558496136834,-0.68925656980243888,0.52818750963314454,0.7985991615095589,0.085205711431973974,-0.15967495515511665,0.84983903446540965,0.4137664369180154,0.17663925857157636,-0.16306572060398783,-0.77768289727113538,-0.93125863289432576
967,-0.9098049492377267,-0.095780465437198981,0.13627524500132449,-0.12042142664806632,0.49669226537406796,0.91160066809142659,0.88341087296523968,0.40650428962953855,0.4428834327662865,-0.52102069052291999,0.76235020376641316,0.18907627605656474,-0.91354279032782593,-0.88194028701087968,-0.51772372843566949,-0.22573685986275827,-0.64113552406327146,-0.27672024754609414,-0.18952603852344518,-0.30960318828652067
968,-0.72636770967227871,0.54038701737387229,-0.28354360307859072,0.10736468086428674,-0.69414644055787145,0.7932655736937777,0.75236486621151299,0.58418523021479474,0.97937558496136834,-0.68925656980243888,0.52818750963314454,0.7985991615095589,0.085205711431973974,-0.15967495515511665,0.84983903446540965,0.4137664369180154,0.17663925857157636,-0.16306572060398783,-0.77768289727113538,-0.93125863289432576
969,-0.44212273820108261,0.020448622569188446,-0.24851073779141797,-0.23382612683166837,0.035399033313846529,0.58168131205356777,0.92367813754167161,0.8316229725249864,-0.38182165820096525,-0.92481656225776798,0.85521322740656269,-0.12280443554780596,-0.24750034458659087,-0.96040352487087222,-0.88556418734997333,-0.65987364717947194,-0.59416684342949799,-0.55303632155067062,0.20554421078513219,-0.63504964274035891
970,-0.19603633708728596,0.033214771914900298,-0.00012447817489746882,0.071496568481528522,0.18724001667190593,0.78661624460060819,0.43280813514603733,0.30210807329348488,0.86913764329763743,-0.60141185462026114,-0.062029259924900604,0.27136240921104915,-0.21136777038395449,-0.73785230219579168,0.011323933377284101,-0.58949168625399717,0.75590830860373814,0.50852347298385436,-0.82779467125564232,-0.34378547085494082
971,-0.76351189187717972,0.043020841091494955,0.21139198904509438,0.12175071453251296,-0.37348766829508029,0.64330870195742018,0.10141803575687103,0.16791733289594779,0.87639018968782345,-0.17685849007965126,0.096671691723802633,0.41805114955772216,0.27650859340528888,-0.52752104042645631,-0.12967005721045965,0.49260994687852788,-0.54721950267980413,0.27813776982938121,-0.81653540749125186,-0.82082175510670474
972,-0.72636770967227871,0.54038701737387229,-0.28354360307859072,0.10736468086428674,-0.69414644055787145,0.7932655736937777,0.75236486621151299,0.58418523021479474,0.97937558496136834,-0.68925656980243888,0.52818750963314454,0.7985991615095589,0.085205711431973974,-0.15967495515511665,0.84983903446540965,0.4137664369180154,0.17663925857157636,-0.16306572060398783,-0.77768289727113538,-0.93125863289432576
973,-0.74760628325054279,0.76068003056633327,-0.085709940128596562,0.19238059004854691,-0.87925703413445144,0.22442249609866671,0.94073673409967595,0.071873348678880289,-0.033584897852507511,-0.69712004200778543,0.098789847041494294,-0.33819585626673621,-0.40727313269015708,-0.00653311788091826,0.23031074625461034,-0.1210909723447724,0.7120631175957981,-0.97434632647981512,-0.86877750893841332,0.10451908061956017
974,-0.72636770967227871,0.54038701737387229,-0.28354360307859072,0.10736468086428674,-0.69414644055787145,0.7932655736937777,0.75236486621151299,0.58418523021479474,0.97937558496136834,-0.68925656980243888,0.52818750963314454,0.7985991615095589,0.085205711431973974,-0.15967495515511665,0.84983903446540965,0.4137664369180154,0.17663925857157636,-0.16306572060398783,-0.77768289727113538,-0.93125863289432576
975,-0.72636770967227871,0.54038701737387229,-0.28354360307859072,0.10736468086428674,-0.69414644055787145,0.7932655736937777,0.75236486621151299,0.58418523021479474,0.97937558496136834,-0.68925656980243888,0.52818750963314454,0.7985991615095589,0.085205711431973974,-0.15967495515511665,0.84983903446540965,0.4137664369180154,0.17663925857157636,-0.16306572060398783,-0.77768289727113538,-0.93125863289432576
976,-0.72636770967227871,0.54038701737387229,-0.28354360307859072,0.10736468086428674,-0.69414644055787145,0.7932655736937777,0.75236486621151299,0.58418523021479474,0.97937558496136834,-0.68925656980243888,0.52818750963314454,0.7985991615095589,0.085205711431973974,-0.15967495515511665,0.84983903446540965,0.4137664369180154,0.17663925857157636,-0.16306572060398783,-0.77768289727113538,-0.93125863289432576
977,-0.19603633708728596,0.033214771914900298,-0.00012447817489746882,0.071496568481528522,0.18724001667190593,0.78661624460060819,0.43280813514603733,0.30210807329348488,0.86913764329763743,-0.60141185462026114,-0.062029259924900604,0.27136240921104915,-0.21136777038395449,-0.73785230219579168,0.011323933377284101,-0.58949168625399717,0.75590830860373814,0.50852347298385436,-0.82779467125564232,-0.34378547085494082
978,-0.72636770967227871,0.54038701737387229,-0.28354360307859072,0.10736468086428674,-0.69414644055787145,0.7932655736937777,0.75236486621151299,0.58418523021479474,0.97937558496136834,-0.68925656980243888,0.52818750963314454,0.7985991615095589,0.085205711431973974,-0.15967495515511665,0.84983903446540965,0.4137664369180154,0.17663925857157636,-0.16306572060398783,-0.77768289727113538,-0.93125863289432576
979,-0.43198269286860458,-0.21238551630076619,0.2399484016859077,0.16853940262526956,-0.52269272386509424,0.15285343181397049,0.71563956828136144,0.089565408548923475,0.40315760627385377,0.20097610486970741,0.20460863741505486,0.79520452248783968,-0.16353775673210036,-0.96384915830181161,0.010346778015448477,0.41871769284224625,-0.12820750606465503,-0.17365253035747474,-0.19756067189097859,-0.59077297147792018
980,-0.099578829278393011,-0.57977233380443427,-0.01761712983659236,-0.27376231696803632,-0.1669421346477542,0.11381386316590714,0.72387373742360928,0.88277052707556569,0.81578175713727985,-0.99777226347592474,0.37556705537860346,0.89518268082810803,-0.12455118767182083,-0.67185959213071089,-0.33236160513353785,0.67092586455117753,0.15251734090320612,-0.81511623577144721,0.0022340589281966139,-0.72341893461825757
981,-0.43023911094401468,0.68247206985562325,-0.32557838531489769,0.035752200723020211,-0.10616844609952802,0.82649749094401503,-0.49076781393311175,-0.84231095464553918,0.45026469807801872,-0.97081365165082323,-0.88809443029591129,0.036610733416947649,0.1568898850823619,-0.44469931892553305,-0.048998176758696221,-0.0038673092977317136,0.52680092729315131,-0.40046078314612488,-0.45829225254831796,0.71282316512906241
982,-0.97567640884451312,0.78468076341574733,-0.060837414552058711,0.054506913989995409,0.27920900558293216,0.03058150258418002,0.9464556877571304,0.93512213500293639,0.44856539987242483,-0.11950633367878472,-0.63969028026492003,-0.13292696268200288,-0.88552663901180262,-0.56162410878341751,-0.78849909685810537,-0.63645566366139783,0.91206158815401128,-0.95930825616652404,-0.083273198151233796,0.5737830776184154
983,-0.72636770967227871,0.54038701737387229,-0.28354360307859072,0.10736468086428674,-0.69414644055787145,0.7932655736937777,0.75236486621151299,0.58418523021479474,0.97937558496136834,-0.68925656980243888,0.52818750963314454,0.7985991615095589,0.085205711431973974,-0.15967495515511665,0.84983903446540965,0.4137664369180154,0.17663925857157636,-0.16306572060398783,-0.77768289727113538,-0.93125863289432576
984,-0.76351189187717972,0.043020841091494955,0.21139198904509438,0.12175071453251296,-0.37348766829508029,0.64330870195742018,0.10141803575687103,0.16791733289594779,0.87639018968782345,-0.17685849007965126,0.096671691723802633,0.41805114955772216,0.27650859340528888,-0.52752104042645631,-0.12967005721045965,0.49260994687852788,-0.54721950267980413,0.27813776982938121,-0.81653540749125186,-0.82082175510670474
985,-0.43023911094401468,0.68247206985562325,-0.32557838531489769,0.035752200723020211,-0.10616844609952802,0.82649749094401503,-0.49076781393311175,-0.84231095464553918,0.45026469807801872,-0.97081365165082323,-0.88809443029591129,0.036610733416947649,0.1568898850823619,-0.44469931892553305,-0.048998176758696221,-0.0038673092977317136,0.52680092729315131,-0.40046078314612488,-0.45829225254831796,0.71282316512906241
986,-0.19603633708728596,0.033214771914900298,-0.00012447817489746882,0.071496568481528522,0.18724001667190593,0.78661624460060819,0.43280813514603733,0.30210807329348488,0.86913764329763743,-0.60141185462026114,-0.062029259924900604,0.27136240921104915,-0.21136777038395449,-0.73785230219579168,0.011323933377284101,-0.58949168625399717,0.75590830860373814,0.50852347298385436,-0.82779467125564232,-0.34378547085494082
987,-0.94821322828507038,0.30583203284468463,0.2621542166573636,0.66038905277773075,-0.13987023260961373,0.74641121020353274,0.29431920961163893,0.83474628831974007,0.39999413950944795,-0.66969121712649815,0.69259765126915984,0.63262382976930032,-0.64669218256247096,-0.80676724718609516,-0.98002712988590335,0.38150092871049646,-0.17292831635599182,-0.25531835824039728,-0.26591373100972437,-0.61614376352954414
988,-0.19603633708728596,0.033214771914900298,-0.00012447817489746882,0.071496568481528522,0.18724001667190593,0.78661624460060819,0.43280813514603733,0.30210807329348488,0.86913764329763743,-0.60141185462026114,-0.062029259924900604,0.27136240921104915,-0.21136777038395449,-0.73785230219579168,0.011323933377284101,-0.58949168625399717,0.75590830860373814,0.50852347298385436,-0.82779467125564232,-0.34378547085494082
989,-0.97567640884451312,0.78468076341574733,-0.060837414552058711,0.054506913989995409,0.27920900558293216,0.03058150258418002,0.9464556877571304,0.93512213500293639,0.44856539987242483,-0.11950633367878472,-0.63969028026492003,-0.13292696268200288,-0.88552663901180262,-0.56162410878341751,-0.78849909685810537,-0.63645566366139783,0.91206158815401128,-0.95930825616652404,-0.083273198151233796,0.5737830776184154
990,-0.94821322828507038,0.30583203284468463,0.2621542166573636,0.66038905277773075,-0.13987023260961373,0.74641121020353274,0.29431920961163893,0.83474628831974007,0.39999413950944795,-0.66969121712649815,0.69259765126915984,0.63262382976930032,-0.64669218256247096,-0.80676724718609516,-0.98002712988590335,0.38150092871049646,-0.17292831635599182,-0.25531835824039728,-0.26591373100972437,-0.61614376352954414
991,-0.76351189187717972,0.043020841091494955,0.21139198904509438,0.12175071453251296,-0.37348766829508029,0.64330870195742018,0.10141803575687103,0.16791733289594779,0.87639018968782345,-0.17685849007965126,0.096671691723802633,0.41805114955772216,0.27650859340528888,-0.52752104042645631,-0.12967005721045965,0.49260994687852788,-0.54721950267980413,0.27813776982938121,-0.81653540749125186,-0.82082175510670474
992,-0.19603633708728596,0.033214771914900298,-0.00012447817489746882,0.071496568481528522,0.18724001667190593,0.78661624460060819,0.43280813514603733,0.30210807329348488,0.86913764329763743,-0.60141185462026114,-0.062029259924900604,0.27136240921104915,-0.21136777038395449,-0.73785230219579168,0.011323933377284101,-0.58949168625399717,0.75590830860373814,0.50852347298385436,-0.82779467125564232,-0.34378547085494082
993,-0.76351189187717972,0.043020841091494955,0.21139198904509438,0.12175071453251296,-0.37348766829508029,0.64330870195742018,0.10141803575687103,0.16791733289594779,0.87639018968782345,-0.17685849007965126,0.096671691723802633,0.41805114955772216,0.27650859340528888,-0.52752104042645631,-0.12967005721045965,0.49260994687852788,-0.54721950267980413,0.27813776982938121,-0.81653540749125186,-0.82082175510670474
994,-0.76351189187717972,0.043020841091494955,0.21139198904509438,0.12175071453251296,-0.37348766829508029,0.64330870195742018,0.10141803575687103,0.16791733289594779,0.87639018968782345,-0.17685849007965126,0.096671691723802633,0.41805114955772216,0.27650859340528888,-0.52752104042645631,-0.12967005721045965,0.49260994687852788,-0.54721950267980413,0.27813776982938121,-0.81653540749125186,-0.82082175510670474
995,-0.19603633708728596,0.033214771914900298,-0.00012447817489746882,0.071496568481528522,0.18724001667190593,0.78661624460060819,0.43280813514603733,0.30210807329348488,0.86913764329763743,-0.60141185462026114,-0.062029259924900604,0.27136240921104915,-0.21136777038395449,-0.73785230219579168,0.011323933377284101,-0.58949168625399717,0.75590830860373814,0.50852347298385436,-0.82779467125564232,-0.34378547085494082
996,-0.72636770967227871,0.54038701737387229,-0.28354360307859072,0.10736468086428674,-0.69414644055787145,0.7932655736937777,0.75236486621151299,0.58418523021479474,0.97937558496136834,-0.68925656980243888,0.52818750963314454,0.7985991615095589,0.085205711431973974,-0.15967495515511665,0.84983903446540965,0.4137664369180154,0.17663925857157636,-0.16306572060398783,-0.77768289727113538,-0.93125863289432576
997,-0.94821322828507038,0.30583203284468463,0.2621542166573636,0.66038905277773075,-0.13987023260961373,0.74641121020353274,0.29431920961163893,0.83474628831974007,0.39999413950944795,-0.66969121712649815,0.69259765126915984,0.63262382976930032,-0.64669218256247096,-0.80676724718609516,-0.98002712988590335,0.38150092871049646,-0.17292831635599182,-0.25531835824039728,-0.26591373100972437,-0.61614376352954414
998,-0.72636770967227871,0.54038701737387229,-0.28354360307859072,0.10736468086428674,-0.69414644055787145,0.7932655736937777,0.75236486621151299,0.58418523021479474,0.97937558496136834,-0.68925656980243888,0.52818750963314454,0.7985991615095589,0.085205711431973974,-0.15967495515511665,0.84983903446540965,0.4137664369180154,0.17663925857157636,-0.16306572060398783,-0.77768289727113538,-0.93125863289432576
999,-0.59073706383365265,0.12354596438561294,0.0086269858054444093,-0.26161113376544698,0.67192538523758483,0.76618177938655729,0.5141000161450231,0.068356894883264019,0.056732580546063227,-0.22794487027123966,0.26327961464225136,0.41104244349122721,-0.030951702178711571,-0.19295209943571634,-0.50653383830342236,0.52932033689943503,0.008987324626093196,-0.80852768604781522,-0.71646106751974492,-0.53466874994215963
