,x0,x1,x2,x3,x4,x5,x6,x7,x8,x9,x10,x11,x12,x13,x14,x15,x16,x17,x18,x19
0,-0.6734815,0.59929854,-0.1341627,-0.071123846,-0.41008613,0.6010641,0.84094185,-0.8751517,0.89403665,-0.40107054,-0.117886476,0.64615893,-0.51738495,-0.62345207,0.07040891,-0.28359216,0.80391157,-0.50422335,-0.55287004,0.5407261
1,-0.46638924,0.45823473,-0.12115722,-0.008101838,-0.4251599,0.4472553,0.9229906,0.07365159,0.39312828,-0.6390395,0.14999701,0.78115505,-0.73390394,-0.86756414,0.03047784,-0.13389134,0.8090225,-0.68904024,-0.22816204,0.26923865
2,-0.6572836,0.59241545,-0.16167417,-0.010698105,-0.4787122,0.041277133,0.5855538,-0.57530934,0.23492299,-0.803442,-0.25089896,0.7192039,-0.93187547,-0.88440603,0.1493932,-0.012249455,0.46138632,-0.8958301,-0.7378396,0.082791485
3,-0.49278337,0.60906315,-0.13598068,-0.044926576,-0.4665224,-0.114934966,0.65509534,-0.028509278,0.18138172,-0.8181186,0.71944934,0.8035251,-0.43175402,-0.9285427,-0.20335242,-0.061719507,0.69623554,-0.4300669,0.1794454,-0.18159685
4,-0.437859,0.46527115,-0.114985235,-0.008339147,-0.59575665,0.024519028,0.5566649,-0.780657,0.2892189,-0.59404916,-0.0029110971,0.9560973,-0.93252134,-0.57767975,0.18197091,-0.42716303,0.8582307,-0.60970163,-0.80774134,-0.034085486
5,-0.7320047,0.52839804,-0.053605452,-0.06924075,-0.5306456,0.118306756,0.13123372,-0.57881397,0.080269724,-0.8920058,0.105947316,0.53472483,-0.525814,-0.9191188,0.3532462,0.11683155,0.63465244,-0.72249156,-0.5090457,0.13978441
6,-0.40699437,0.34651265,-0.1814952,0.14984874,-0.637256,0.7781236,0.91862774,-0.13444741,0.64946693,-0.77488595,0.37064108,0.38510534,-0.16528241,-0.86544704,-0.08703946,-0.055579677,0.75707716,-0.5629524,-0.30502042,0.11951174
7,-0.56095487,0.53280264,-0.11565239,0.096341275,-0.45595375,0.051529404,0.42599636,-0.27456826,-0.012481989,-0.9014017,0.58313525,0.5047032,-0.59734,-0.7153632,-0.021600505,-0.38129365,0.87912035,-0.4836025,-0.026733914,0.26705435
8,-0.7169134,0.6200672,-0.09703201,0.013692469,-0.40424183,0.102958165,0.43354347,-0.96250635,0.20256746,-0.8198388,0.2492361,0.4865949,-0.60525095,-0.81993914,0.07056565,-0.60666347,0.769636,-0.3723127,-0.8104994,0.09495449
9,-0.45068318,0.45839903,-0.106607296,0.012285415,-0.56744397,-0.35982114,0.33675173,-0.75838757,0.13984148,-0.5713466,0.6157149,0.94741005,-0.9290069,-0.36021674,0.4006163,-0.36445493,0.95332116,-0.56528777,-0.7163862,-0.2618034
10,-0.37941208,0.32036906,-0.14691828,0.11508996,-0.5441688,0.47932905,0.9771757,-0.78289014,0.6985347,-0.74344134,-0.34790328,0.8297888,-0.79683024,-0.75744957,0.23372081,-0.33478028,0.86463207,-0.39351714,-0.9802726,0.47512618
11,-0.44976506,0.40660733,-0.14060791,0.042914525,-0.4850504,0.49661577,0.77205056,-0.3814661,0.013319483,-0.94299024,0.14092706,0.5252208,-0.48846945,-0.9540425,-0.035594698,-0.074040174,0.8212688,-0.840451,-0.44282746,0.22798938
12,-0.46932063,0.24339019,-0.080876954,0.026197,-0.49675617,0.50054467,0.92877954,-0.4104115,0.54045635,-0.83286214,0.28105304,0.3984889,-0.3472009,-0.8100614,0.15539636,-0.40065697,0.95981944,-0.47205713,-0.5699636,0.09789724
13,-0.70264196,0.56726986,-0.11339632,0.1194348,-0.43912846,0.41460773,0.40427265,-0.28310028,0.34208035,-0.77241546,0.04679189,0.85974634,-0.9734751,-0.56493443,-0.19370848,0.16393445,0.14317276,-0.8980421,-0.4814166,-0.37164757
14,-0.5431159,0.49669415,-0.030333953,-0.12220809,-0.39340478,0.4007907,0.63845056,-0.63333255,0.63751525,-0.47672415,-0.013130222,0.837214,-0.8882727,-0.40037918,0.046953775,-0.07438244,0.34650165,-0.8404461,-0.79575026,0.0045978
15,-0.33500206,0.3416594,-0.12769872,0.0327696,-0.45767388,0.091555454,0.7455425,-0.53537714,0.330849,-0.7995353,0.4254801,0.90897125,-0.4683082,-0.8209172,-0.010887303,-0.37808165,0.9101453,-0.39122632,-0.1841413,0.24413778
16,-0.4616333,0.25183168,-0.1266578,0.051468343,-0.52357835,0.06393116,0.1287429,-0.74835545,0.1498889,-0.5774754,0.12084521,0.5005238,-0.9330446,-0.61042255,0.39345738,-0.45540252,0.8239,-0.9451468,-0.696647,-0.13116351
17,-0.46567532,0.38444066,-0.16241886,-0.06980402,-0.49144948,0.18480101,0.8548957,-0.31191766,0.30294326,-0.6197461,0.36415672,0.61053175,-0.8589664,-0.9414981,-0.019924758,-0.347542,0.8003672,-0.79576015,-0.26887152,0.2778726
18,-0.43243045,0.30593294,-0.17707963,0.016969126,-0.51323456,0.1206246,0.58228934,-0.65954953,0.33707565,-0.5842071,0.40322796,0.9722552,-0.88377416,-0.5402046,0.033874407,-0.4034423,0.726469,-0.71009654,-0.74205655,-0.2255397
19,-0.29417512,0.24529615,-0.13728893,0.016623162,-0.4740855,0.37275806,0.73695284,-0.69916004,0.4310219,-0.8170605,0.09837993,0.3337395,-0.60974103,-0.6567988,0.14497659,-0.04902056,0.86909986,-0.6273665,-0.54126924,0.23297177
20,-0.39907417,0.26155296,-0.12488623,-0.04567005,-0.56058913,0.9392897,0.97363997,-0.28857684,0.72074836,-0.266439,-0.2916937,0.7828429,-0.3950923,-0.9748272,-0.031981066,0.2960812,0.03219208,-0.6057313,-0.4449644,0.21395576
21,-0.46308455,0.46516034,-0.13320822,-0.022715233,-0.5645248,0.04366837,0.45224166,-0.24779822,0.18728551,-0.5885303,0.663921,0.60029525,-0.7942913,-0.8637351,0.10520403,-0.38082844,0.7975524,-0.6476519,-0.24993558,-0.020629127
22,-0.55264485,0.4110956,-0.026759604,-0.029441467,-0.49439752,0.6217176,0.88114345,-0.258377,0.5316398,-0.9075269,0.11913435,0.44410887,-0.64655095,-0.80465096,-0.35442424,0.1026388,0.35611743,-0.9979989,-0.28657138,0.47825295
23,-0.5797009,0.5001744,-0.13305868,-0.032128222,-0.4942656,0.030161062,0.33542573,-0.064885385,-0.15451632,-0.85820353,0.39946434,0.55999196,-0.6109739,-0.94199103,-0.24295434,-0.13608491,0.51228446,-0.7488736,-0.19380108,-0.102888785
24,-0.4961097,0.5745106,-0.19587189,-0.04681559,-0.5082218,0.43572715,0.43348533,-0.27259824,0.23979357,-0.95722455,0.15500133,0.71789765,-0.60302657,-0.73377126,-0.06453511,0.14229661,0.14011909,-0.58806986,-0.53914815,-0.105696745
25,-0.30950934,0.34283298,-0.13356428,0.17011267,-0.5880686,0.5143932,0.90597284,-0.42590243,0.45263645,-0.81967163,0.19375439,0.9116995,-0.28531098,-0.8224047,-0.22568478,0.08739269,0.7446738,-0.7526674,-0.39519757,0.06491995
26,-0.3839579,0.3706928,-0.15159723,-0.0127224615,-0.593736,0.3936812,0.64205354,-0.5626503,0.47067258,-0.9398132,0.12937501,0.61056983,-0.41094163,-0.79438597,-0.00830389,-0.13570729,0.85672706,-0.81583816,-0.6035651,0.72021484
27,-0.47452196,0.2842125,-0.098804764,-0.049871802,-0.49166006,0.41291255,0.6326535,-0.7685057,0.61604184,-0.49827284,0.008886188,0.52539086,-0.47975543,-0.7898211,0.048469353,-0.46571425,0.70245445,-0.36605224,-0.40055,0.32513937
28,-0.6146884,0.3481833,-0.020467393,-0.018497325,-0.34749222,0.5447637,0.72858965,-0.4000127,0.8528059,-0.32324165,0.008723445,0.805866,-0.52796364,-0.74490005,0.10857161,-0.049363952,0.45123863,-0.5790084,-0.5537981,0.25778913
29,-0.50248724,0.4372242,-0.13048127,-0.05372605,-0.5641422,0.56836224,0.84735084,-0.23642167,0.8176474,-0.39739123,0.16869017,0.62155735,-0.406432,-0.7246568,0.10098343,0.11023784,0.5169141,-0.6149018,-0.21700683,-0.01940143
30,-0.49627858,0.385679,-0.106906705,0.012293109,-0.50925815,0.38808158,0.8770254,-0.46491057,0.28597388,-0.6969765,0.26661658,0.7863411,-0.81854576,-0.6898766,0.2822653,-0.22004236,0.5475794,-0.8177373,-0.7348133,-0.32713583
31,-0.6198566,0.46478984,-0.10582404,0.042012863,-0.51438236,0.1108318,0.5232404,-0.51071614,0.35195673,-0.8593677,-0.09544397,0.87005204,-0.88724625,-0.42390043,-0.0038857416,-0.17942534,0.66397303,-0.9083585,-0.8969678,-0.22153059
32,-0.4016785,0.22855483,-0.03593059,0.008963664,-0.34187955,0.18863687,-0.024071004,-0.42065006,0.35700393,-0.924067,0.13501921,0.6065897,-0.78179324,-0.87641394,0.037660394,-0.45395046,0.7795596,-0.81513906,-0.6765972,0.21399398
33,-0.47879887,0.5419026,-0.21226086,-0.036265288,-0.5151706,0.5442914,0.7991538,-0.47114518,0.72248054,-0.863722,-0.18524249,0.046664156,-0.54873633,-0.96231526,0.26130262,-0.25522813,0.8301533,-0.6895188,-0.5239095,0.9120033
34,-0.430277,0.49151707,-0.14612831,-0.03265273,-0.7091503,0.7281905,0.64324385,-0.35155568,0.56954694,-0.91108716,0.084559746,0.5890412,-0.38194117,-0.6345925,0.21505336,0.06109616,0.4193933,-0.50365317,-0.6574584,-0.06729318
35,-0.4434303,0.56884384,-0.14264399,-0.016651217,-0.5389185,0.24677622,0.8995456,-0.4007969,0.34275946,-0.7173514,-0.1344625,0.9339935,-0.64010054,-0.69458044,-0.16766454,0.03462008,0.7321138,-0.6101394,-0.49299592,-0.004639039
36,-0.50158495,0.48147133,-0.09916479,0.12268365,-0.45087743,0.88941145,0.64481264,-0.6700008,0.9863234,-0.36113322,-0.14509769,0.17811817,0.06992614,-0.9675236,0.39295998,-0.06331939,0.7574796,-0.5888355,-0.42326507,0.72178894
37,-0.3962537,0.40287703,-0.2018742,0.102306105,-0.6247667,-0.23088928,0.51582813,-0.3389636,-0.06410731,-0.77358353,0.50278276,0.96154416,-0.628393,-0.7304802,0.071695,-0.37260363,0.93728626,-0.49625564,-0.41161808,-0.35250273
38,-0.35561666,0.49442217,-0.15183114,0.025489803,-0.5013585,0.3335256,0.3245725,-0.7069892,0.7021212,-0.87177783,0.052412134,0.63889384,-0.19920865,-0.7633599,0.40403047,-0.33100984,0.8565184,-0.5972075,-0.86016,0.935362
39,-0.58554554,0.480516,-0.09036426,0.051665768,-0.60987705,0.74264467,0.8416802,-0.68267494,0.42066345,-0.9400841,0.23317693,0.5869207,-0.15892212,-0.8832713,-0.09826352,0.07076504,0.658351,-0.96211094,-0.38381976,0.3267043
40,-0.538153,0.59900856,-0.08923154,0.16526704,-0.5450012,0.91615677,0.7467989,-0.21101184,0.89730704,-0.81110305,0.44178972,0.5193802,-0.23303966,-0.9829455,-0.11441106,0.007000424,0.34071663,-0.49537918,-0.23298769,-0.02937254
41,-0.5305839,0.52493644,-0.12374719,0.12443158,-0.6724797,0.45497426,0.6093425,-0.75183934,0.35721242,-0.70810527,0.14147902,0.846614,-0.5951833,-0.496684,0.093861215,-0.0025744038,0.5933963,-0.6376508,-0.7190485,-0.08143597
42,-0.46832415,0.4287381,-0.1193811,0.08808193,-0.46860924,0.3488794,0.6954733,-0.39465395,0.4578872,-0.36476567,0.05177544,0.9063623,-0.6470276,-0.8517785,0.16938719,0.032268014,0.3090011,-0.74669516,-0.6437033,-0.13073827
43,-0.53902537,0.6250331,-0.13837041,-0.0046404228,-0.510342,0.38746175,0.9794289,-0.5943513,0.6366075,-0.38647547,-0.16113804,0.76686794,-0.7749893,-0.6509304,-0.07623938,0.048074055,0.8208983,-0.9009041,-0.36115882,0.4249381
44,-0.39311707,0.38657627,-0.113886885,0.033591136,-0.4513926,0.41934356,0.8913939,-0.26120096,0.38788477,-0.8522309,-0.011404838,0.94088304,-0.70455164,-0.55202746,0.2118249,0.34140906,0.8244079,-0.68329406,-0.5968566,0.09949236
45,-0.50402206,0.44174403,-0.0019229522,0.102202065,-0.5263742,0.6757076,0.97304726,-0.34259242,0.4482835,-0.8243393,0.14094359,0.67819715,-0.56736565,-0.83174694,-0.20503846,0.16434497,0.5495086,-0.9184297,-0.4517278,0.12582877
46,-0.46875927,0.43455452,-0.09909474,0.16156523,-0.5922134,0.63846576,0.8860092,-0.36694655,0.65044755,-0.71369433,0.405324,0.6057919,-0.41687217,-0.72963834,0.13987103,-0.3077204,0.6213389,-0.34230152,-0.34382185,0.098293275
47,-0.4320544,0.37189472,-0.096987374,0.002982856,-0.5747476,0.4913335,0.65291435,-0.6098428,0.44348478,-0.91790056,0.36625823,0.67517793,-0.5376706,-0.8365628,0.2430168,-0.43376487,0.8022144,-0.5087736,-0.5420518,0.22547074
48,-0.4794127,0.14969048,-0.029619213,0.08477237,-0.47774956,0.39948475,0.557364,-0.7151831,0.44445124,-0.92039627,0.037227336,0.9496707,-0.80546564,-0.6193912,-0.06909551,-0.10710267,0.46735543,-0.60449976,-0.8565054,-0.1515072
49,-0.5140978,0.3587232,-0.07118067,-0.004486201,-0.46698284,0.17600444,0.53731054,-0.7522291,0.43135175,-0.3217374,0.14645997,0.9653534,-0.91380364,-0.623013,0.42100182,-0.56844485,0.62536895,-0.52581525,-0.810263,-0.34513056
50,-0.44760615,0.39517465,-0.18139409,-0.014445239,-0.5583054,0.80205005,0.6916741,-0.520427,0.81794024,-0.5387271,-0.29972216,0.32530323,-0.92934406,-0.6293955,0.057410102,0.08106493,0.2250147,-0.81264305,-0.88843465,0.058040287
51,-0.3110142,0.4916592,-0.1965071,0.0708267,-0.36454728,0.19059385,0.7583449,0.0029942694,0.22906774,-0.3924821,-0.06673232,0.720235,-0.710137,-0.91904825,0.10221925,0.18786895,0.6116039,-0.9242709,-0.02338524,0.59851205
52,-0.5507654,0.54019535,-0.14060755,0.0682151,-0.47538894,0.68846756,0.6921593,-0.18505794,0.9484118,-0.4879395,-0.22259812,0.7093102,-0.58299005,-0.92496246,0.26579753,0.20198111,0.42058593,-0.79342425,-0.58525175,0.5620385
53,-0.47658414,0.50691617,-0.121747784,0.07633194,-0.46705982,0.035007745,0.6663658,-0.45054197,0.2894576,-0.725958,0.265524,0.75177807,-0.65595824,-0.6787455,0.035991978,-0.03465342,0.8995852,-0.5665062,-0.4533918,0.12368826
54,-0.4154898,0.4053179,-0.10322911,0.08280867,-0.45643437,-0.13276869,0.47714138,-0.65644664,0.14352019,-0.8531465,0.11682314,0.80920535,-0.50419766,-0.7883106,0.20243806,-0.13509242,0.90869135,-0.3436868,-0.3650325,0.4909741
55,-0.44965068,0.34777698,-0.12582757,-0.06441412,-0.3699503,0.27636456,0.58353806,-0.29863608,0.5004116,-0.64908326,0.12578085,0.8691803,-0.6100153,-0.5447412,0.2690719,-0.2884465,0.53469914,-0.5688181,-0.51181763,0.08347479
56,-0.56194997,0.5573916,-0.15709339,0.011084188,-0.4860243,0.067262776,0.54759663,-0.37980977,0.079077035,-0.89861983,0.5837535,0.37975377,-0.49052796,-0.8019574,0.18146898,-0.5738144,0.9656189,-0.5371099,-0.22859994,0.05357273
57,-0.44825587,0.37905854,-0.08652612,0.14958397,-0.62164146,0.41002837,0.7252591,-0.39615482,0.4191163,-0.75980586,0.29815453,0.5619171,-0.49941713,-0.9465045,-0.07596145,-0.18964264,0.80393064,-0.5177351,-0.19620591,0.19673815
58,-0.65135634,0.5670891,-0.15625277,0.01698463,-0.46797815,0.11907089,0.49560606,-0.24553934,0.029156458,-0.86495847,0.30329385,0.76350015,-0.8453367,-0.8380699,-0.19237122,-0.3644414,0.6892329,-0.6348274,-0.10489332,0.099885575
59,-0.46673772,0.62412876,-0.20936905,-0.0041052024,-0.5080505,0.50557655,0.58606094,-0.43596455,0.40346602,-0.7735836,0.484416,0.4121212,-0.7062217,-0.83099425,0.22153148,-0.19735405,0.41773912,-0.6186312,-0.559947,-0.1741177
60,-0.5409984,0.4481021,-0.069993235,0.040169183,-0.44074953,0.5254354,0.83775556,-0.6087694,0.48485726,-0.058066282,0.06440485,0.7302553,-0.61103284,-0.81503826,-0.14673598,-0.31697807,0.45410597,-0.6671851,-0.46541202,0.039322287
61,-0.42684546,0.35443524,-0.14250472,-0.099981,-0.42293122,0.3669353,0.80128604,0.16791518,0.1952896,-0.85716283,0.13950875,0.5660718,-0.79686713,-0.84821427,-0.4395537,0.31835243,0.45695993,-0.88155967,-0.13667561,0.17365983
62,-0.3850075,0.13221782,0.06940039,-0.024434695,-0.4759228,0.33971298,0.96492445,0.054510348,0.21471222,-0.91693443,0.28246275,0.6153042,-0.88340956,-0.67549646,-0.020649187,0.107904516,0.6417862,-0.95793736,-0.45199662,0.0059382804
63,-0.43231916,0.30791274,-0.16904768,0.020838406,-0.44359004,0.6831958,0.860253,-0.49362126,0.80075145,-0.33758426,-0.4277826,0.9567068,-0.5282149,-0.80053383,-0.1227966,0.1858792,0.17228076,-0.60880435,-0.54474896,0.50848264
64,-0.5855168,0.5664567,-0.0707976,0.16103806,-0.49716416,-0.07503115,0.3641089,-0.29801255,-0.026275912,-0.6995375,0.011306683,0.91187143,-0.95152414,-0.8329738,0.16594058,-0.09240768,0.6918104,-0.7778108,-0.7423424,0.0032216322
65,-0.3617598,0.34779254,-0.16284993,-0.0252509,-0.47967187,0.25168616,0.63018745,-0.7669253,0.46862295,-0.37156737,-0.045745768,0.7488172,-0.3837664,-0.78129166,0.091445066,-0.3429753,0.68573207,-0.7141791,-0.6181435,0.100392506
66,-0.2657383,0.36242062,-0.22426309,0.046276517,-0.5568291,0.11144089,0.5805003,-0.86066526,0.44573012,-0.7480553,-0.3305189,0.8221701,-0.48295593,-0.8714272,0.06601016,-0.18129285,0.79714346,-0.53843635,-0.4604837,0.5940163
67,-0.49937925,0.509443,-0.11382545,-0.07063775,-0.48322365,0.24407254,0.9362088,-0.25506514,0.29399228,-0.7465094,0.22199745,0.31176695,-0.6103137,-0.931391,-0.015411325,-0.22259031,0.9869249,-0.47847468,0.04562455,0.56307715
68,-0.63193494,0.37132344,-0.0078746565,0.043347247,-0.58206004,-0.5760832,0.93418795,-0.33654246,-0.16419414,-0.5564156,0.79934645,0.87319565,-0.9445824,-0.46736974,0.17551574,-0.71701187,0.96471304,-0.48696607,-0.5968749,-0.8233985
69,-0.54517317,0.48932493,-0.09910488,0.09445309,-0.53443485,0.64633,0.959788,-0.40799525,0.5222468,-0.95323056,-0.19596401,0.4724957,-0.39345706,-0.8989814,-0.102905236,0.19033626,0.8758799,-0.6218552,-0.3838729,0.740334
70,-0.26221046,0.41741833,-0.08818208,-0.061328083,-0.47458664,0.24902384,0.9718676,-0.5350474,0.50942016,-0.45198342,0.2716032,0.9202696,-0.9019359,-0.60998297,-0.122520804,-0.44524625,0.9614207,-0.74875444,-0.67444146,-0.23353139
71,-0.6032522,0.5619618,-0.122735225,0.048802894,-0.4765326,0.19338271,0.7065792,-0.8243325,0.51919824,-0.8687486,-0.40204358,0.82042384,-0.72050345,-0.57394254,-0.13430445,0.102345556,0.4841623,-0.9609644,-0.8283833,0.17349714
72,-0.5990464,0.56627905,-0.11876324,0.031231644,-0.52844465,0.117523775,0.8371423,-0.26726457,0.1853267,-0.49588138,0.39754257,0.8022734,-0.91592455,-0.5194375,0.2420275,-0.3235944,0.74959534,-0.5534458,-0.5437356,-0.14083001
73,-0.3243642,0.29661193,-0.07970525,-0.03493073,-0.45169747,-0.31608647,0.50034523,-0.841376,0.010021406,-0.8685339,0.5591314,0.75981694,-0.96937037,-0.4543239,0.14888762,-0.67009395,0.94124,-0.2666393,-0.39135692,-0.40982327
74,-0.47253367,0.43617007,-0.05177232,-0.03701888,-0.34500492,0.36032474,0.46623635,0.04672879,0.37570697,-0.9139822,0.16522464,0.6338482,-0.69490975,-0.91239756,-0.07161765,0.0048593665,0.8650017,-0.7939313,-0.24202456,0.537269
75,-0.45999256,0.41751158,-0.1626073,0.005111783,-0.57587683,0.19518052,0.92655516,-0.28343728,0.7390274,0.14455701,-0.2989347,0.9835993,-0.9106823,-0.7242652,0.23049423,-0.08876678,0.36268285,-0.96382624,-0.82098615,0.4733739
76,-0.5683538,0.67213917,-0.1721837,0.090002194,-0.5070044,0.6546083,0.8740399,-0.2661453,0.4549617,-0.67133397,0.35544237,0.79234034,-0.52464247,-0.9308482,0.03642801,0.17079496,0.9330042,-0.6717104,-0.29249838,0.11829012
77,-0.3472935,0.34331217,-0.20896286,-0.0061438805,-0.5156792,0.6531717,0.65415114,-0.93333876,0.5480393,-0.4628536,-0.4329876,0.87634385,-0.1688681,-0.8951661,0.14404503,0.16833608,0.15514795,-0.7949706,-0.5378399,0.48903543
78,-0.66932887,0.6056377,-0.073390104,0.0011957505,-0.5597234,0.20028757,0.6489995,-0.30546847,0.52621114,-0.3988894,-0.010326886,0.9810331,-0.82439864,-0.5684536,0.27107236,0.094306,0.31490177,-0.8078242,-0.86814666,-0.0061236247
79,-0.40066856,0.45544305,-0.16363354,0.021437895,-0.43872607,0.14325777,0.63274825,-0.728203,0.25151294,-0.8247623,0.357459,0.75551087,-0.27571225,-0.8860409,-0.37297592,0.08036984,0.86456776,-0.61372703,-0.010479151,0.27599362
80,-0.44099224,0.53264546,-0.21008179,0.033089645,-0.5227707,0.4744165,0.8701308,0.039535966,0.43263903,-0.82851505,0.7621506,0.32548186,-0.26073736,-0.9108044,-0.26925847,-0.010614022,0.80139726,-0.7751062,0.059933808,0.21309857
81,-0.48929498,0.3911094,-0.07947117,-0.12562299,-0.57107496,-0.06120969,0.3288667,-0.24978547,0.071132265,-0.8424565,0.13780531,0.5733374,-0.7601721,-0.7612003,0.12735747,-0.11512347,0.35396808,-0.93740076,-0.60143256,-0.32850406
82,-0.5733012,0.6314822,-0.11763087,0.011702615,-0.5104551,0.274065,0.85266846,-0.82721126,0.3535046,-0.75852495,0.07441185,0.82188034,-0.6568458,-0.5754042,0.4995243,-0.24179818,0.90889037,-0.6784901,-0.7066545,0.038224656
83,-0.48582906,0.36680302,-0.0861332,-0.09648272,-0.442314,0.3037517,0.9450676,-0.42372835,0.25426298,-0.4025063,-0.209515,0.9703536,-0.6015505,-0.6167436,-0.12489661,0.1564553,0.5054886,-0.845352,-0.3733015,0.019951181
84,-0.46271202,0.37846288,-0.14162813,-0.020747155,-0.55355704,0.042547856,0.91719353,-0.770719,0.26677665,-0.7914452,0.1833085,0.6669599,-0.5523763,-0.73543704,-0.056464765,0.051858794,0.85115075,-0.6695061,-0.42144322,0.35291493
85,-0.4979212,0.35509947,-0.003227845,0.097179726,-0.3904382,0.53391033,0.8592725,-0.5163025,0.46971786,-0.6881408,0.068421744,0.93329203,-0.9294588,-0.82329905,-0.14979133,0.04801068,0.67528564,-0.7710187,-0.58518,0.38171157
86,-0.6368105,0.47742894,-0.08616657,-0.03957958,-0.4906534,0.50317687,0.7281113,-0.12235252,0.3619846,-0.81952024,-0.15843731,0.5598917,-0.9404961,-0.8921551,0.19738646,-0.008194725,0.7741333,-0.8058887,-0.5515962,0.75305384
87,-0.54381555,0.7158686,-0.059237406,0.09905916,-0.45883825,0.6942127,0.8335443,-0.16678543,0.79810804,-0.602196,0.6988993,0.6475981,-0.22868107,-0.9811318,-0.016536828,-0.0049922764,0.6802614,-0.22535561,0.06854003,0.29553908
88,-0.6170161,0.5192953,-0.13809529,-0.08673039,-0.4278327,0.3515032,0.46815148,-0.6989765,0.2572252,-0.91677177,-0.35838777,0.56270903,-0.54067016,-0.69880575,0.26672438,-0.15722212,0.74094886,-0.6321624,-0.80201656,0.23558937
89,-0.41733873,0.4586229,-0.14091364,0.0040720566,-0.41036916,0.2043859,0.8684324,0.10005548,0.53106976,-0.35138488,0.46008173,0.90295106,-0.81286824,-0.816835,-0.16541773,0.0026218833,0.5661158,-0.69423705,-0.2815331,-0.23404275
90,-0.4152918,0.5855842,-0.13910319,-0.050324704,-0.4630899,0.117360964,0.40903762,-0.5980266,0.41438198,-0.5481382,0.105567895,0.746483,-0.67744875,-0.7471443,0.061475616,-0.5226251,0.9316979,-0.47720295,-0.53717506,0.29358673
91,-0.47019288,0.6338918,-0.19433995,0.15140446,-0.6270626,0.16213661,0.7575226,-0.76516473,0.62491965,-0.49947262,-0.28636006,0.98141456,-0.41063958,-0.8590515,0.36481485,0.23236737,0.76636004,-0.86465764,-0.5714457,0.2986071
92,-0.45286682,0.5058943,-0.115059055,-0.08794541,-0.48882368,0.5110292,0.97125477,0.19546437,0.37457028,-0.85013205,0.47543126,0.308141,-0.71695375,-0.92123204,-0.20504674,-0.22363171,0.8240878,-0.8285708,-0.21079615,0.18933198
93,-0.5390324,0.5810114,-0.08183243,0.17052716,-0.43745404,0.32445112,0.84533256,0.3310167,0.40051767,-0.66949207,0.6021435,0.879699,-0.6042682,-0.9951378,-0.4672905,0.40383285,0.22058386,-0.760603,0.32404616,-0.03310235
94,-0.6356346,0.5695072,-0.03802451,-0.013021496,-0.39422348,0.4037346,0.45381522,-0.90175503,0.4594792,-0.85588676,-0.35994107,0.48673347,-0.50720495,-0.92856354,0.29284987,-0.24299172,0.83060116,-0.7061133,-0.7169632,0.7013194
95,-0.5867092,0.53355485,-0.15005961,0.02351865,-0.5162341,0.12753701,0.96813834,-0.34299335,0.1880115,-0.9652339,0.51065874,0.6109566,-0.77415425,-0.8523735,-0.13614793,-0.23036219,0.93781894,-0.52732986,0.047223464,-0.018858513
96,-0.42407787,0.44914645,-0.1379743,-0.00941089,-0.4987713,0.61753285,0.8403285,-0.56582844,0.3599408,-0.9313131,0.038663466,0.21144107,-0.3748057,-0.9329931,-0.06334105,-0.0378065,0.88293976,-0.43940824,-0.12252651,0.60282093
97,-0.51058483,0.47008952,-0.16846384,-0.05097,-0.5354961,0.47385973,0.7370202,-0.18349758,0.47765872,-0.574477,0.22821003,0.73791206,-0.35385504,-0.7258404,-0.07473208,0.33367166,0.315773,-0.82576466,-0.2155999,-0.10704195
98,-0.43794128,0.39389098,-0.08060685,-0.0002894797,-0.5489979,0.57698524,0.9410011,-0.35049072,0.6411233,-0.6160773,-0.062318306,0.51726675,-0.68829024,-0.6278385,0.045638468,-0.14880149,0.9297274,-0.6320076,-0.64024466,0.5865397
99,-0.49684066,0.40533355,-0.14594151,0.02077603,-0.7203925,0.58601815,0.7353722,-0.31823033,0.53817075,-0.6428296,0.16322063,0.56788653,-0.7468346,-0.5461223,0.18597396,-0.15154918,0.45185208,-0.8439409,-0.63769233,-0.15124282
100,-0.5098398,0.38448706,-0.14570142,-0.0028442037,-0.41049504,0.036581483,0.43292874,-0.60471267,0.29180166,-0.9071488,0.18533328,0.7266667,-0.9095531,-0.52473706,0.022929644,-0.15609677,0.69557,-0.7821737,-0.65804464,-0.1605525
101,-0.49779165,0.37575105,-0.051757164,0.102036476,-0.50951034,0.4354544,0.79812986,-0.22530013,0.21212155,-0.9377881,0.16533723,0.6080734,-0.74489766,-0.84422463,0.012264884,0.053133745,0.9437152,-0.80270183,-0.2848827,0.25583667
102,-0.3540688,0.26373816,-0.068992466,-0.058656186,-0.4156234,0.12895818,0.91179717,-0.17374243,0.15921983,-0.91028094,0.39344943,0.6863752,-0.93369585,-0.761605,-0.099084355,-0.14850473,0.84749824,-0.6918869,-0.2745232,-0.040800214
103,-0.46534872,0.27080378,-0.13140279,0.030623278,-0.47724542,0.48330355,0.61283416,-0.41711238,0.53940403,-0.46644425,-0.3706554,0.5107647,-0.51251036,-0.8069648,0.13256983,-0.04765909,0.75439847,-0.7254541,-0.52560097,0.6559716
104,-0.5475517,0.5672747,-0.17742097,-0.0779034,-0.58304983,-0.19028017,0.16925603,-0.9592558,0.3045785,-0.69867134,-0.0035605354,0.77233005,-0.5368432,-0.49959219,0.3594999,-0.37741634,0.90121216,-0.4499823,-0.75967413,-0.017395694
105,-0.40389872,0.21937197,-0.09616532,0.0652869,-0.6624838,0.20676371,0.8597031,-0.3323183,-0.009517484,-0.8994117,0.42268738,0.6648107,-0.65568006,-0.6716241,-0.2442884,-0.14076875,0.9047802,-0.8161467,-0.32135493,-0.06334128
106,-0.33007708,0.20856757,-0.09359256,0.0062570265,-0.5200615,0.45497534,0.68442553,-0.3437411,0.34210062,-0.6786188,0.109291635,0.4840162,-0.96176624,-0.8793052,-0.08041354,-0.16314709,0.35237664,-0.7140114,-0.2915047,0.25631684
107,-0.5063517,0.47122362,-0.08977665,0.0037985875,-0.3029431,-0.01091564,0.9781884,0.14779763,0.03771391,-0.8722387,0.6706783,0.98947304,-0.5291352,-0.7905144,-0.3022887,0.15118413,0.8402126,-0.64473426,0.21605211,0.002686325
108,-0.4194059,0.43538892,-0.1084981,0.075607345,-0.5738234,0.76489234,0.9221228,-0.08279406,0.6303812,-0.41489422,-0.14022473,0.8232096,-0.80095327,-0.70382005,0.1158229,0.19500704,0.22754353,-0.7355777,-0.7266604,0.20404747
109,-0.48292312,0.53919286,-0.14422807,-0.0023079182,-0.49332377,-0.17427258,0.7846158,-0.36092222,-0.19716164,-0.7691722,0.8335219,0.70461756,-0.74595594,-0.91010267,-0.31406683,-0.38640615,0.9495813,-0.5611288,0.17894283,0.035572365
110,-0.56788945,0.5349606,-0.076462805,-0.0012920413,-0.42068577,0.57365036,0.9333044,-0.26592165,0.30419245,-0.9002433,-0.06702547,0.5883384,-0.55058193,-0.8617956,0.062105175,0.13642636,0.8268663,-0.74807096,-0.40870124,0.39252475
111,-0.5954788,0.5487687,-0.04027392,-0.03379472,-0.389637,0.18499976,0.5889181,-0.3596678,0.45903867,-0.4865242,0.27363023,0.8731141,-0.51045394,-0.7097357,0.0761717,-0.021805888,0.65333736,-0.5244861,-0.39989167,-0.19795176
112,-0.5142852,0.50795716,-0.1091113,-0.026541548,-0.54863495,0.56583065,0.6002868,-0.788298,0.7364161,-0.20914914,-0.29655415,0.62511355,-0.3060063,-0.6691695,0.31573614,-0.14521109,0.75947994,-0.6036675,-0.69912153,0.37576556
113,-0.36819673,0.3528137,-0.02393614,-0.024206618,-0.43743107,0.6801873,0.9597452,0.18996911,0.75337905,-0.6275416,0.5973321,0.4797703,-0.301013,-0.87718076,-0.2539075,-0.08620163,0.54987735,-0.3810346,0.3286134,0.5321342
114,-0.49375772,0.48905936,-0.116691895,-0.049652778,-0.5420256,0.3810641,0.93960696,-0.6646783,0.7970625,-0.74140376,0.0036914481,0.8874848,-0.8832273,-0.83935684,0.24573909,-0.21695806,0.7473975,-0.47355548,-0.8821286,-0.04356399
115,-0.37370676,0.49516493,-0.18106991,0.079659134,-0.41842964,0.6130554,0.74811083,-0.07694554,0.517841,-0.77550274,0.34739125,0.9881531,-0.38858366,-0.78379005,-0.332862,0.11638129,0.12883173,-0.61752975,-0.13234116,-0.09872442
116,-0.66404647,0.70666945,-0.07874181,0.13374455,-0.47823006,-0.19827104,0.39408532,-0.7036185,0.16573808,-0.82627577,0.32319385,0.84574234,-0.75980633,-0.59212947,0.04733811,-0.4305303,0.91669613,-0.4376497,-0.41985598,-0.14054795
117,-0.54818213,0.60416955,-0.1571385,-0.036575805,-0.48210537,0.15456116,0.98008114,-0.6367779,0.3733351,-0.4873845,-0.08832546,0.42081603,0.08234268,-0.9140451,-0.039113224,-0.035000432,0.78158754,-0.7093284,-0.15196274,0.6667018
118,-0.59254646,0.53558755,-0.15156852,0.10574574,-0.72106135,-0.24937233,0.941016,-0.34103456,-0.3162907,-0.73573256,0.7469013,0.8750437,-0.93198043,-0.9561341,-0.30516234,-0.49364126,0.9691282,-0.7679524,-0.35908014,-0.37080488
119,-0.4283728,0.30810717,-0.17613058,-0.053280488,-0.49556592,0.3206216,0.91408366,-0.2560349,0.3521439,-0.6130696,0.0027425457,0.9173941,-0.59890866,-0.82489365,-0.1759649,0.18170604,0.44114107,-0.46669468,-0.38719696,-0.12109201
120,-0.61988515,0.56767076,-0.11873134,0.0075336485,-0.44515052,-0.14572924,0.4574515,-0.96853685,0.33774707,-0.84904546,-0.19691475,0.91139,-0.9197328,-0.729739,-0.17999783,-0.48369735,0.7392478,-0.6427571,-0.7275443,0.23410845
121,-0.4623312,0.37117633,-0.07405998,0.062209677,-0.42528874,0.38731885,0.55474484,-0.476005,0.4344682,-0.8477703,-0.13439034,0.9293413,-0.9094437,-0.34699634,0.019829879,0.27000245,0.4748674,-0.82346225,-0.8325206,-0.27446142
122,-0.6565214,0.6722832,-0.18182722,0.07879996,-0.62367314,0.46534058,0.41665813,-0.60602224,0.489944,-0.81051064,0.00540332,0.4179669,-0.58764607,-0.98377395,0.50671065,-0.20585407,0.60574627,-0.68445945,-0.984074,0.2807443
123,-0.40704474,0.38077372,-0.17054056,-0.06834548,-0.6401992,0.03417281,0.8626683,-0.74871963,0.03215654,-0.8070685,-0.10204369,0.64847106,-0.72318745,-0.49284527,-0.009774752,-0.011763827,0.7680471,-0.7387206,-0.78537166,-0.17561066
124,-0.7903057,0.6934794,-0.20688598,-0.032173317,-0.50292534,0.11592495,0.77614844,-0.95678294,0.2644514,-0.7412932,-0.024818284,0.79141456,-0.8837292,-0.599092,0.1856619,-0.300859,0.79811984,-0.8030142,-0.9175615,0.14119112
125,-0.5552773,0.4625937,-0.064491645,-0.004953956,-0.4049742,-0.06824951,0.3455799,-0.38273188,-0.12864546,-0.94022393,0.14255969,0.6267185,-0.8134906,-0.9543103,-0.14141904,-0.25863168,0.6207228,-0.9622775,-0.40036687,0.24439225
126,-0.511504,0.52125883,-0.1480944,-0.028225327,-0.445465,-0.06406593,0.72199875,-0.54760784,0.21694511,-0.7750569,0.5781948,0.85809374,-0.612718,-0.68067443,-0.12789205,-0.1413463,0.8173132,-0.6693255,-0.29352492,-0.3544367
127,-0.71855545,0.62420624,-0.08275708,0.015903182,-0.4304932,0.27316266,0.6680324,-0.45248485,0.2936609,-0.79479945,0.011555695,0.67480206,-0.7690969,-0.5881616,-0.059837434,0.06642133,0.62129444,-0.8663302,-0.49549332,0.21640101
128,-0.49221104,0.45499587,-0.18137173,-0.087046355,-0.55066776,0.4790636,0.84247917,-0.06432236,0.535176,-0.76204914,-0.30728635,0.5483737,-0.7968102,-0.84784406,-0.30276713,0.26649898,0.7686739,-0.96725154,-0.41044828,0.85421497
129,-0.46240464,0.4552318,-0.14343539,0.05792022,-0.51033634,0.53971684,0.36609113,-0.77363974,0.6122884,-0.83106244,-0.5261217,0.49387258,-0.02246071,-0.9503818,0.36710134,0.17090046,0.6501806,-0.6078971,-0.79918927,0.5806744
130,-0.60030484,0.54944235,-0.041908175,-0.04974078,-0.40798983,0.058806792,0.67311954,-0.21626338,0.25695348,-0.49556884,0.2997973,0.48308596,-0.8107198,-0.87891024,0.073975936,-0.402481,0.8584965,-0.6022022,-0.31002674,0.121906735
131,-0.3791933,0.43389702,-0.13857955,-0.026303468,-0.55037296,0.032426596,0.66291535,-0.30131513,0.24057768,-0.79544854,0.23497313,0.8880963,-0.7687444,-0.96358776,0.04334381,0.07333108,0.31385422,-0.8504127,-0.34138536,0.13934389
132,-0.6488709,0.63745105,-0.1407924,0.043714043,-0.5066933,0.59213036,0.80813736,-0.058004737,0.7591643,-0.4203079,-0.051688783,0.9579532,-0.6795573,-0.83049756,-0.1972334,0.41405642,0.28532973,-0.7652675,-0.33225167,0.24907075
133,-0.55596244,0.49825257,-0.047975566,0.03836693,-0.44001853,0.0749703,0.7505414,-0.19716595,0.075491264,-0.89331126,0.67649144,0.5438453,-0.7969122,-0.82753813,-0.5110783,-0.12700918,0.5887145,-0.39320582,0.15280032,-0.14665811
134,-0.5776586,0.48545954,-0.08233037,0.007832506,-0.4223403,-0.17264943,0.3414556,-0.80200654,-0.15275197,-0.7308086,0.3412666,0.77584213,-0.4769985,-0.86142325,0.02311016,-0.087157875,0.85592175,-0.5662823,-0.20519243,0.22428168
135,-0.338055,0.35615125,-0.14908533,0.09222522,-0.4765198,0.74464196,0.86383003,-0.27468452,0.6003771,-0.9671729,-0.12249917,0.50122106,-0.71823347,-0.8979653,-0.001188884,0.06184015,0.82851946,-0.9730565,-0.5992897,0.5092582
136,-0.41131353,0.46378797,-0.17619102,0.020064455,-0.48420885,0.74960715,0.90772694,-0.5576162,0.6951204,-0.46893057,0.045659885,0.7306344,-0.54986846,-0.7375954,0.19808462,0.12506847,0.3871277,-0.52354455,-0.46001092,0.0817506
137,-0.6800222,0.6461605,-0.03714863,-0.017906476,-0.5125218,0.41575006,0.84573394,0.07995526,0.17826442,-0.96638817,0.3989611,0.7256317,-0.69965804,-0.9758812,-0.327507,0.024627687,0.62620145,-0.8103158,0.07792355,0.17488983
138,-0.47679016,0.5000729,-0.19395238,0.01896987,-0.5659328,-0.10168484,0.6802795,-0.42264563,0.35908374,-0.49129605,0.08478268,0.9091184,-0.55722165,-0.92703956,0.3639241,-0.4285979,0.8886504,-0.5791377,-0.80040646,0.15155149
139,-0.48450524,0.3337375,-0.15377393,0.052358996,-0.5307961,0.15625189,0.72410834,-0.10945141,0.12279085,-0.7951091,0.3625667,0.83002687,-0.75647765,-0.86330706,0.03470873,-0.07209695,0.38678834,-0.64557046,-0.5105596,-0.3035455
140,-0.38514796,0.20358752,-0.16657257,-0.018160712,-0.4432065,0.39625245,0.55405337,-0.5825972,0.35092977,-0.7764929,-0.030536363,0.573681,-0.8066789,-0.5100349,0.10906691,-0.25680616,0.87076783,-0.5854288,-0.8389984,-0.025482226
141,-0.48804697,0.4482897,-0.108294085,0.06109012,-0.4817552,0.41136554,0.5216233,-0.22842507,0.41053715,-0.9009172,-0.08903267,0.91296405,-0.682709,-0.7427256,0.4073175,0.16593204,0.57551193,-0.7994902,-0.7215078,0.11939353
142,-0.51936233,0.5011458,-0.17957604,-0.12588279,-0.41544133,0.10848015,0.5297831,-0.72786826,0.09930971,-0.8314541,-0.27610233,0.8257025,-0.8180865,-0.6171956,-0.11983406,0.26279125,0.31320277,-0.89918584,-0.32537395,-0.0038092092
143,-0.54139984,0.30785796,-0.06852136,0.054749142,-0.5024133,0.30787975,0.77244115,-0.43345132,0.35671732,-0.36926338,-0.1658763,0.7656027,-0.52867544,-0.90957046,0.1878754,0.09071518,0.5401305,-0.87306756,-0.54253185,0.27942488
144,-0.3612066,0.33971375,-0.12865202,0.02155507,-0.49796218,0.48013982,0.91356343,-0.2696108,0.49381253,-0.5267158,-0.10990463,0.64434844,-0.53567135,-0.7243138,-0.059623323,0.060435962,0.9591857,-0.91141236,-0.30206928,0.6400577
145,-0.7039401,0.6582536,-0.12799264,0.07902142,-0.4460721,0.07405113,0.5197066,-0.5206061,0.49690565,-0.5543291,-0.127364,0.71104217,-0.9110217,-0.6598962,0.011509698,-0.11445568,0.7217652,-0.77620906,-0.4895927,0.4204892
146,-0.44649303,0.4164187,-0.08282323,0.095514655,-0.4917733,0.043926615,0.8738119,-0.23443347,0.13660827,-0.86624396,0.73187083,0.5275108,-0.4555716,-0.8302118,-0.2593441,-0.23302911,0.6501762,-0.46859667,0.14770529,-0.22556672
147,-0.45993146,0.3490642,-0.109402634,0.059705433,-0.5429161,0.20847364,0.3517104,-0.9462364,0.49988964,-0.9028251,-0.23259497,0.52248776,-0.6012668,-0.9422977,0.30316222,-0.5337648,0.87681943,-0.43392834,-0.6316154,0.5126916
148,-0.77741313,0.64229023,-0.03369114,-0.07464971,-0.31079212,0.4599469,0.36064819,0.033097997,0.43634236,-0.6044908,0.2019142,0.8005689,-0.34019664,-0.89669836,0.06204307,0.104570754,0.55746853,-0.783611,-0.47747257,0.28645542
149,-0.77359486,0.7802519,-0.096610546,0.0078228,-0.5711015,0.6480572,0.79919875,-0.70024985,0.79070234,-0.7259232,-0.29950136,0.74012464,-0.77933633,-0.7454151,0.44932616,-0.22787994,0.956757,-0.68676585,-0.84221137,0.41438603
150,-0.42876917,0.5169921,-0.15843414,0.02882055,-0.4881472,0.3324653,0.5992692,-0.16897419,0.53978103,-0.53410536,0.42718518,0.83092725,-0.5859895,-0.48361328,0.10180936,-0.20026325,0.4120881,-0.59035677,-0.49608067,-0.35455167
151,-0.51298,0.59144896,-0.18076406,-0.016503919,-0.54636693,0.54089874,0.73385316,-0.010580355,0.35188878,-0.6781926,0.6874568,0.5210819,-0.29145673,-0.95629305,-0.32375178,-0.27821776,0.53591377,-0.6846821,0.30208436,-0.07761479
152,-0.63168895,0.6057349,-0.14506575,-0.06458645,-0.49308142,0.6219308,0.9463942,-0.051780988,0.63807833,-0.6311125,0.045516733,0.5336716,-0.72418547,-0.7630432,0.038519442,-0.05113984,0.37734574,-0.9603223,-0.50041395,0.122557946
153,-0.46555838,0.2990455,-0.10998524,0.08831321,-0.62834114,0.12906161,0.6054829,-0.105791055,0.0016700734,-0.88787216,0.66259146,0.9606733,-0.8053613,-0.53952694,-0.15220758,0.040775992,0.6103638,-0.6868183,-0.31786737,-0.65121555
154,-0.5986657,0.4425133,-0.080973,0.13574104,-0.51886374,0.4188107,0.74423224,-0.84806764,0.31311727,-0.86651814,-0.14865431,0.87675107,-0.8892478,-0.4036761,-0.07006078,-0.3262587,0.76118356,-0.78421104,-0.76675177,0.086496934
155,-0.6658626,0.50466114,-0.17319474,0.030428577,-0.61019504,-0.03735686,0.5630524,-0.61473006,0.21231689,-0.7151088,-0.26857424,0.8240663,-0.6267671,-0.9155556,0.286978,0.086557195,0.6830222,-0.8357953,-0.95802903,0.2513737
156,-0.31378618,0.36765778,-0.12659831,-0.07953812,-0.40961495,0.09088746,0.54422617,-0.31014472,0.22110438,-0.6699941,0.43597627,0.531005,-0.14182374,-0.92780715,-0.07686047,-0.26503086,0.8695483,-0.6120242,0.034034926,0.45508826
157,-0.4845865,0.3793816,-0.08402583,0.08422828,-0.47824287,0.67908067,0.72544473,-0.5297912,0.6730688,-0.45950475,0.18414168,0.7713894,-0.5828719,-0.7032265,0.4731532,-0.122262746,0.54172367,-0.6857417,-0.83836067,0.047258522
158,-0.55194896,0.46868077,-0.119707815,0.052624475,-0.5457934,0.5542006,0.8036309,-0.12523171,0.68934774,-0.4359412,-0.36003253,0.6441907,-0.7422528,-0.66255325,0.37361422,0.1741298,0.3554215,-0.952264,-0.8261009,0.29066297
159,-0.5230383,0.40651876,-0.08516126,-0.0153561905,-0.39718544,0.20426728,0.88044614,-0.053165488,0.08282442,-0.86564857,0.2917935,0.948362,-0.601173,-0.48680633,-0.24107507,0.18121815,0.35380757,-0.68794096,-0.3827502,-0.010220097
160,-0.42304653,0.44504872,-0.09925288,0.033178534,-0.5041317,0.093789294,0.4369282,-0.19983646,0.328531,-0.30581856,-0.20413521,0.9096743,-0.63011116,-0.87784874,0.098237365,-0.07672026,0.59485376,-0.7911684,-0.8675096,0.03487372
161,-0.48017442,0.3307788,-0.109234534,0.11231752,-0.51301324,0.5629037,0.8763038,-0.02863099,0.4815207,-0.87238854,0.09699444,0.72708666,-0.7279343,-0.76209575,-0.3366046,0.2960996,0.06882354,-0.78066945,-0.37811065,-0.35899603
162,-0.5782094,0.4805154,-0.046480697,0.069758154,-0.54174614,0.048030727,0.2546153,-0.42999044,0.1266616,-0.65022767,0.21098888,0.67645794,-0.53007543,-0.9813608,0.0032725593,0.12641546,0.29574704,-0.73513025,-0.35312384,-0.14488773
163,-0.38982743,0.36576584,-0.13663433,0.050981414,-0.38291514,0.5801743,0.94298744,-0.15241171,0.29165888,-0.7587638,0.39177456,0.9104514,-0.53528935,-0.71880496,-0.50666434,0.49246275,0.20672402,-0.66732126,0.14853385,-0.050489012
164,-0.56931704,0.4466836,-0.04229827,0.046297703,-0.49561417,0.6875987,0.81892115,-0.20700945,0.6560909,-0.6796518,0.18149826,0.7684478,-0.1312821,-0.77752286,-0.10506777,-0.02823529,0.53304493,-0.73396415,-0.44537574,0.37281397
165,-0.48065162,0.31422922,-0.08050501,-0.024879904,-0.51008815,0.5497559,0.84940857,-0.5229805,0.38372374,-0.9210443,0.17295736,0.6578861,-0.9717311,-0.46771955,0.1557639,-0.32853907,0.93866414,-0.93157697,-0.88597214,0.14800932
166,-0.60833246,0.61323416,-0.14110018,-0.12029434,-0.46704054,0.48833933,0.32353038,-0.08757097,0.48040545,-0.85670066,-0.06935592,0.4676362,-0.22718212,-0.7268832,-0.07070915,0.08063793,0.5807346,-0.63847715,-0.5570799,0.5416339
167,-0.35153198,0.27491388,-0.14116557,-0.05800367,-0.49825153,0.0073803887,0.21921808,-0.5100192,-0.09758042,-0.7718506,0.063776776,0.82599753,-0.8505386,-0.9044791,0.23883902,-0.23567721,0.93013895,-0.829245,-0.94526327,-0.10610954
168,-0.58454144,0.54610467,-0.07426723,0.06749856,-0.5746215,0.35950536,0.86348385,-0.16820948,0.08241655,-0.6019358,0.6155459,0.96046835,-0.1680754,-0.97057265,-0.3021167,0.072054826,0.55434936,-0.6997212,-0.0022965763,-0.19434306
169,-0.68429613,0.61000305,-0.084054485,-0.03362055,-0.5989832,0.26201466,0.9358055,-0.7905647,0.43884483,-0.54912794,-0.1661305,0.60035926,-0.43762308,-0.8427792,0.10053569,-0.38055274,0.569992,-0.6332701,-0.69763404,0.040575996
170,-0.4348299,0.21150649,-0.11813258,0.15827118,-0.4571267,0.6471904,0.8501175,-0.8224452,0.5914467,-0.6180302,-0.45256564,0.5880371,-0.7886881,-0.5476709,0.23983647,0.29842412,0.27779347,-0.75294924,-0.6673866,0.24796249
171,-0.3443154,0.45830187,-0.18390629,0.10874165,-0.50653684,0.5021733,0.8287796,-0.39225242,0.7184791,-0.48685712,-0.25402007,0.9815925,-0.8871413,-0.5353707,0.17536989,-0.025362646,0.96161115,-0.7010917,-0.78961724,0.5089392
172,-0.28446707,0.27499866,-0.16340642,0.094613224,-0.48451084,0.23933542,0.77246755,-0.90180767,0.70475227,-0.13705873,-0.21897902,0.84074426,-0.4688879,-0.66950375,0.3446556,-0.17418379,0.68838024,-0.51946044,-0.6393968,0.5005064
173,-0.47408572,0.4081495,-0.05295115,0.04002952,-0.3519537,0.12305672,0.9208887,-0.05050104,0.29587188,-0.7194765,0.8062264,0.5143627,-0.61884654,-0.7848439,-0.36193517,-0.14175959,0.94345134,-0.7043168,0.15499382,0.17708474
174,-0.5633732,0.67447954,-0.1183288,-0.07555255,-0.43708938,0.3530602,0.9777917,-0.21577355,0.5244521,-0.54194015,0.04774581,0.9081558,-0.5509784,-0.8536286,-0.04210617,0.06974299,0.5770275,-0.57707167,-0.073243625,0.24052659
175,-0.5268254,0.48585042,-0.16287145,-0.036527336,-0.4636828,0.5115657,0.7573744,-0.6249431,0.41801867,-0.83642983,0.26418346,0.8881684,-0.70406514,-0.7391767,-0.073908165,-0.067678,0.5340336,-0.665359,-0.63466537,-0.21225464
176,-0.41357696,0.2521308,-0.053513117,0.04711912,-0.5191514,-0.26244885,0.27524135,-0.7865334,0.19467679,-0.649165,0.24059409,0.82822824,-0.32507694,-0.95086133,-0.018099073,-0.5912651,0.8142283,-0.10794492,-0.28658253,0.008731375
177,-0.551909,0.30325264,-0.038952813,0.1494346,-0.65737545,-0.133826,0.22213046,-0.6971435,-0.07592566,-0.57840127,0.35740012,0.67316794,-0.8428849,-0.6771657,0.121066846,-0.7060217,0.74699,-0.7145935,-0.71561193,-0.5158343
178,-0.49771875,0.4135149,-0.042874213,0.082533136,-0.5226177,0.6341596,0.79107445,-0.13249406,0.5739032,-0.85979104,0.45411912,0.38801187,-0.10592586,-0.9079313,-0.2880872,0.38696346,0.45516294,-0.691086,0.14995863,0.27474368
179,-0.36019656,0.29770294,-0.13397808,-0.026215233,-0.570724,0.83632815,0.7020992,0.062410533,0.74539065,-0.7748345,-0.32609582,0.76230574,-0.33882973,-0.9609158,-0.1329527,0.57931983,0.056587514,-0.7736947,-0.5302467,0.15771563
180,-0.5793873,0.35851696,-0.08345531,0.0868594,-0.5956239,0.3541667,0.352233,-0.23622526,0.6735731,-0.58634764,0.11948686,0.7601989,-0.75089306,-0.65482545,0.4352536,-0.04099251,0.24038959,-0.82088864,-0.94868743,-0.17267063
181,-0.5244174,0.48172852,-0.12792361,-0.119154304,-0.47900918,0.45437402,0.98919296,-0.314699,0.5130251,-0.348471,0.21376625,0.96835387,-0.8420464,-0.5733873,0.025006171,0.15151986,-0.021078205,-0.84892684,-0.45892724,-0.67769384
182,-0.4283687,0.43281427,-0.18528281,0.009795611,-0.65925366,0.23916295,0.79795134,-0.39545405,0.28251538,-0.70701164,-0.2531434,0.4029309,-0.86685437,-0.96480995,0.5168324,-0.29462466,0.98795074,-0.95060414,-0.94409305,0.2487744
183,-0.5406209,0.29362935,-0.07467165,0.006273123,-0.50682735,-0.0065802615,0.50246483,-0.4572069,0.30181855,-0.689017,0.35811448,0.7112345,-0.84024245,-0.7620884,-0.09113822,-0.062214747,0.22807987,-0.6349582,-0.23922265,-0.6312743
184,-0.41195017,0.31955305,-0.13829719,-0.07939597,-0.5000897,0.20328966,0.6400569,0.114720896,0.22583431,-0.5352661,0.2798637,0.669947,-0.7081211,-0.8194196,-0.02941912,-0.1729979,0.61525965,-0.67773026,-0.48934966,0.22924863
185,-0.5709218,0.4250107,-0.12273057,-0.055421367,-0.49716008,0.25346997,0.8955747,-0.8726992,0.581151,-0.32262325,-0.37067115,0.8619041,-0.83442205,-0.584778,0.23097415,-0.14777671,0.85427344,-0.84572357,-0.84129965,0.39871225
186,-0.44880933,0.47091624,-0.18955651,-0.016062617,-0.49778354,0.37929454,0.6835973,-0.37669486,0.31343386,-0.7801999,-0.102844834,0.5474749,-0.24730563,-0.88267034,0.10849543,0.10685114,0.5886356,-0.67475426,-0.37209177,0.1306328
187,-0.6008395,0.6162786,-0.07432377,0.10154493,-0.50402105,0.5759067,0.9461715,-0.034369018,0.6599476,-0.27097893,0.11633208,0.97744924,-0.14501576,-0.80150217,0.011721207,0.4244725,0.010351051,-0.7051345,-0.25586653,0.15491423
188,-0.59178,0.39819434,-0.029622693,0.07213493,-0.3929659,0.6095759,0.11482693,-0.22770642,0.5930306,-0.6836066,-0.10361288,0.7922708,-0.6640749,-0.6001993,0.016593248,0.074205376,0.09289184,-0.6120206,-0.6242405,-0.04929541
189,-0.48863092,0.51248604,-0.12090256,-0.005645529,-0.5208439,0.4518898,0.6267348,-0.64745426,0.9604912,-0.5773199,-0.3998491,0.8539598,-0.39455298,-0.9131324,0.22294852,0.31731448,0.70184326,-0.7700669,-0.73643625,0.65800923
190,-0.37598523,0.5069118,-0.16504268,-0.0437044,-0.36097154,0.42649525,0.92987853,0.27844712,0.30200607,-0.6823766,0.06444356,0.69433093,-0.57791895,-0.8874439,-0.30026048,0.24507439,0.16799764,-0.83725256,-0.12444793,-0.09077085
191,-0.31360853,0.23836043,-0.044023976,0.068020046,-0.5867142,0.3340554,0.94100314,-0.74977344,0.35050333,-0.6711216,0.26421013,0.7388983,-0.8692442,-0.33753303,0.22260997,-0.48459473,0.9747856,-0.6465339,-0.9851654,-0.08286564
192,-0.56183195,0.49616572,-0.18110411,0.05212583,-0.59632784,0.17870681,0.9445732,-0.4010205,0.11122041,-0.7123484,0.31327134,0.72290677,-0.66450405,-0.7938987,-0.0037079463,-0.21562989,0.9369318,-0.66647613,-0.6277591,-0.07136806
193,-0.49991384,0.39848462,-0.09802281,0.035332553,-0.40298298,0.08600272,0.6910452,-0.21797793,0.14675623,-0.6594426,0.4896796,0.74671435,-0.5204192,-0.8698785,-0.27257612,-0.27560845,0.8450927,-0.76191133,-0.1590041,-0.062978275
194,-0.5005031,0.36554736,-0.09059752,0.06619838,-0.5916467,0.72312057,0.55551094,-0.015560971,0.5398253,-0.7646438,0.37961486,0.797203,-0.5848918,-0.768099,-0.14586043,0.17690957,0.22151281,-0.73776776,-0.40155032,-0.1217857
195,-0.47610345,0.66100866,-0.19438522,0.067745216,-0.48017523,0.47853002,0.7838073,-0.5730164,0.37128997,-0.65497327,0.34881604,0.88462776,-0.17748393,-0.6590519,0.14503632,-0.034271635,0.89399964,-0.45775804,-0.2538036,0.05869021
196,-0.536408,0.44782323,-0.055673495,0.025043234,-0.52306706,-0.19458438,0.51327264,-0.4061924,0.08577323,-0.71022266,0.23456067,0.96382695,-0.5819371,-0.8710442,0.19455557,-0.3549442,0.9461903,-0.57534033,-0.5177975,0.25388917
197,-0.5269368,0.4611476,-0.06313328,-0.011555796,-0.28374892,0.05493618,0.9404917,-0.28516465,0.038578417,-0.784701,0.6792715,0.6045393,-0.5969672,-0.47418553,0.04547475,-0.21835715,0.92809427,-0.45855117,-0.123428166,-0.106990986
198,-0.7202099,0.7239802,-0.06456034,-0.03680122,-0.3551303,0.41170755,0.8771846,-0.38515398,0.4573594,-0.714692,-0.13788135,0.9346256,-0.6203027,-0.7367703,-0.12355386,0.079473585,0.7257706,-0.8371827,-0.28317094,0.6335953
199,-0.52878535,0.50019467,-0.13568074,-0.09918586,-0.40766093,0.19123745,0.30768123,-0.08816908,0.540209,-0.58050823,-0.18870932,0.66902703,-0.96318656,-0.71944755,0.25424403,0.17049874,0.2788488,-0.8267541,-0.85103667,0.042131487
200,-0.5793465,0.4902878,-0.15360224,0.11979048,-0.6185599,0.77893347,0.89833254,-0.47618553,0.5767945,-0.9018788,0.24128553,0.49888217,-0.67652285,-0.7782125,0.18831772,-0.2503531,0.9623249,-0.5689673,-0.7727278,0.03927958
201,-0.67698276,0.61194426,-0.14947583,0.13597609,-0.539205,0.26058382,0.8334824,-0.46538994,0.3785864,-0.947554,0.24344733,0.78287745,-0.88369966,-0.45278972,-0.13847476,0.024432225,0.5901176,-0.5006271,-0.34348592,-0.03558305
202,-0.5953885,0.5613149,-0.1588773,0.08745971,-0.527371,-0.04535915,0.84251267,-0.47132847,0.42958128,-0.54444057,0.31980467,0.79827935,-0.43775317,-0.60043466,0.17025274,-0.43886793,0.9837222,-0.37809068,-0.4013202,0.11043399
203,-0.79100806,0.56632537,-0.057942595,-0.07445737,-0.43639818,0.2700068,0.76306033,-0.8474941,0.53632617,-0.6954721,-0.8039739,0.8931967,-0.70153385,-0.8502393,-0.113367364,0.2752061,0.29484367,-0.88710606,-0.81915337,0.7512131
204,-0.55101347,0.62289405,-0.121948786,0.067437604,-0.53961116,0.40692544,0.8311781,0.006704439,0.36337692,-0.34330907,0.53083426,0.70465773,-0.6467253,-0.9490844,0.046478707,-0.14893857,0.7337831,-0.9827576,-0.042454176,0.04749211
205,-0.42603466,0.37991533,-0.14529611,0.059441373,-0.6135535,0.56597465,0.7555926,-0.4763884,0.6316156,-0.79189086,0.046777256,0.6010979,-0.5168523,-0.31777656,0.27659148,-0.15919852,0.87021554,-0.3606152,-0.80575246,-0.0588066
206,-0.47473502,0.4648897,-0.1451605,-0.018058982,-0.42898384,0.3377645,0.6555332,-0.17653322,0.792948,-0.24943355,0.035697386,0.82196116,-0.60596156,-0.92209345,0.45883152,-0.4944215,0.7668985,-0.30231592,-0.63209575,0.36294994
207,-0.57787704,0.36983624,0.012008934,0.0668058,-0.56667453,0.15974845,0.8554921,-0.4035279,0.24599582,-0.8633795,0.93908477,0.7803566,-0.50929546,-0.8763881,-0.684079,-0.24819618,0.5721715,-0.5100794,0.013168628,-0.24329038
208,-0.5719957,0.5250459,-0.09805742,-0.022638181,-0.50712425,0.4902691,0.8171634,-0.30319968,0.71327287,-0.5205733,-0.016892197,0.66731817,-0.7586024,-0.8000995,0.14449525,-0.047269415,0.122980654,-0.5440419,-0.41117477,-0.01226913
209,-0.54930645,0.4836644,-0.08052365,-0.060007848,-0.5187203,0.17455028,0.88810784,-0.5657222,0.28190553,-0.48207974,-0.06377574,0.97020066,-0.88615143,-0.55127597,0.46500197,-0.04923655,0.82037973,-0.7163649,-0.9576345,-0.16463742
210,-0.4449746,0.44363055,-0.04783989,0.040176876,-0.5015315,0.43497032,0.85993147,0.2680121,0.33282772,-0.74843144,0.3338459,0.6194163,-0.88773185,-0.91560316,-0.12652805,0.08426055,0.7437962,-0.93389297,-0.25169694,0.27189815
211,-0.5338879,0.26546723,-0.1518954,0.058792885,-0.51805073,0.56597084,0.28307518,-0.4437109,0.5729351,-0.75117713,0.15484095,0.5860562,-0.49797875,-0.31995517,0.23330642,0.19946076,0.18543482,-0.7844046,-0.9220418,-0.12439021
212,-0.32920182,0.42534047,-0.19802101,-0.03265001,-0.5452846,0.06824121,0.77781534,-0.5395749,0.12359403,-0.61396646,0.2213675,0.8102772,-0.4918888,-0.8424893,0.07305834,-0.22468758,0.9201211,-0.89550245,-0.6643329,0.0915369
213,-0.39617568,0.15540801,-0.09144357,0.08378325,-0.5051136,0.6563134,0.95818126,-0.3216813,0.6345806,-0.43720028,0.48116234,0.734315,-0.82129645,-0.62115616,0.12393275,-0.37338373,0.6468994,-0.7640053,-0.63036793,-0.09703279
214,-0.5132803,0.29654327,-0.17512628,0.06485701,-0.4587535,0.9225059,0.91841286,-0.044684406,0.67501855,-0.70297396,0.113951944,0.9934421,-0.7731675,-0.600955,-0.24420364,0.45340925,0.19065873,-0.9187708,-0.5327378,-0.35248116
215,-0.59968615,0.57285196,-0.07687784,0.21745373,-0.5675578,0.22764808,0.46045414,-0.65498656,0.3912688,-0.8125648,-0.17713177,0.7330276,-0.83132035,-0.9761724,0.18393789,-0.16668189,0.8761183,-0.85322046,-0.86324346,0.19447906
216,-0.5711665,0.4107491,-0.10246661,-0.06600629,-0.36134207,0.535975,0.74686897,-0.84378725,0.66264737,-0.96345264,-0.7880729,0.7060083,-0.48027515,-0.4332025,0.27636862,0.2839406,0.62621564,-0.7140856,-0.85670143,0.52349025
217,-0.5112209,0.5981834,-0.13895668,-0.06807651,-0.41116115,-0.024385247,0.4382438,-0.7328036,0.026767166,-0.8176136,-0.04904099,0.8886102,-0.7898692,-0.8282307,0.1570009,-0.30350232,0.74614763,-0.65192693,-0.44777253,0.20073842
218,-0.59447575,0.6442322,-0.16994326,0.023875147,-0.5590652,0.27204344,0.65947175,-0.5500612,0.5313054,-0.53509015,0.35964358,0.8606901,-0.79723436,-0.92355466,-0.117589496,-0.4733749,0.8506084,-0.8030233,-0.38256025,-0.024448773
219,-0.70310026,0.4943211,-0.00360367,0.050093602,-0.42065206,0.53890014,0.93726635,-0.24864362,0.41593778,-0.81189334,0.38276374,0.9205108,-0.5483017,-0.7366052,-0.16688369,0.40294206,0.28789222,-0.8428329,-0.48168716,-0.39968058
220,-0.50217074,0.5397503,-0.14943273,-0.13163806,-0.46129355,0.014623258,0.41930303,-0.39739302,0.40828532,-0.6039431,0.30239755,0.5248294,-0.25098288,-0.9636307,-0.01685285,-0.35597935,0.69008183,-0.4411209,-0.072842665,0.54391706
221,-0.45606738,0.3340716,-0.15613095,0.113391265,-0.5176168,0.378084,0.92038643,-0.48945242,0.3125355,-0.9236332,0.19955178,0.55411,-0.79382354,-0.595457,0.06463228,-0.061933838,0.98784786,-0.9386483,-0.4826661,0.041311566
222,-0.66360235,0.74358314,-0.18501784,0.055989902,-0.52691305,0.30226856,0.5508091,-0.33071524,0.6798197,-0.5900939,-0.44706312,0.9472894,-0.56864583,-0.86228293,0.16652897,0.2801313,0.6807035,-0.79019374,-0.7968692,0.46431172
223,-0.3439179,0.34631407,-0.12784018,0.12966128,-0.6305983,0.08807257,0.85413796,-0.02821966,0.16155086,-0.96285504,0.5187468,0.90994024,-0.77569306,-0.8616641,-0.23445909,0.0014900574,0.62770814,-0.7127581,-0.25487733,-0.3459117
224,-0.46389192,0.35449073,-0.05787473,0.16290541,-0.6955535,0.7479182,0.9369826,-0.17224506,0.6019134,-0.92637587,0.26606828,0.5873525,-0.40202346,-0.9322371,0.03237752,0.264549,0.7790411,-0.74982476,-0.24252307,0.26240063
225,-0.30549678,0.39671952,-0.20224176,0.07639905,-0.6566406,0.53048635,0.9424441,-0.642582,0.62521726,-0.76767397,-0.07103858,0.9066782,-0.78657305,-0.4075032,-0.013729603,0.026691485,0.9714785,-0.82645154,-0.95956457,0.02295834
226,-0.41698146,0.4714682,-0.18146908,0.07344149,-0.5011581,0.41214287,0.9544185,-0.09017029,0.38584498,-0.8258061,0.79374874,0.25629297,-0.36286932,-0.94448084,-0.13669102,-0.15199018,0.91923517,-0.7342429,0.022815222,0.23504469
227,-0.47857213,0.41299188,-0.15255412,0.10336672,-0.593466,0.44076645,0.9876123,-0.31714287,0.076294675,-0.816693,0.62683094,0.8837872,-0.90612906,-0.60125905,-0.27349758,0.028039185,0.28714466,-0.8891909,-0.27740952,-0.2720632
228,-0.5349077,0.5717367,-0.18876871,0.19648841,-0.5494989,0.54390544,0.8905446,-0.63724464,0.69590175,-0.9040402,-0.08490013,0.6856373,-0.9233909,-0.47928256,0.14976713,-0.1562813,0.9844399,-0.65320474,-0.90303975,0.052301086
229,-0.43298593,0.46999753,-0.0911079,0.055310164,-0.61665124,0.22168136,0.9076943,-0.4450302,0.5530137,-0.18027997,-0.19350971,0.78866845,-0.57404625,-0.9776423,0.117047824,0.03428458,0.9808003,-0.92023796,-0.31567463,0.6560939
230,-0.5153478,0.50219053,-0.10483536,0.023537468,-0.48855346,0.13733357,0.47301638,-0.6936141,0.21228303,-0.4861123,-0.1343,0.85671806,-0.49338537,-0.9060007,0.39139175,0.02407192,0.5177237,-0.7012157,-0.5947717,0.21836281
231,-0.5845856,0.6171357,-0.103483886,-0.007648699,-0.39898542,0.45270756,0.8349149,-0.47231317,0.6781775,-0.6721491,-0.3220958,0.89959687,-0.5797217,-0.9591598,-0.21367206,-0.013173951,0.6457505,-0.65346235,-0.76014894,0.18787122
232,-0.46187127,0.47666627,-0.15776391,-0.005514979,-0.49261132,0.36904544,0.96681106,-0.44628677,0.4146048,-0.5991499,0.014819291,0.8171261,-0.34203655,-0.5706579,-0.21089801,0.20917295,0.39227837,-0.5810494,-0.32067245,-0.1971254
233,-0.5012374,0.35534817,-0.06343062,-0.016094042,-0.5567519,0.03593823,0.47209442,0.15116273,-0.16484495,-0.91374743,0.32441413,0.9452008,-0.9017977,-0.7796158,-0.13797852,0.1134426,0.41057727,-0.971371,-0.46866667,-0.52872944
234,-0.457846,0.39526862,-0.12218269,0.10262307,-0.46997392,0.6873791,0.9332724,-0.6533117,0.71691763,-0.6759332,-0.26073137,0.87508285,-0.5268866,-0.63560003,0.14509855,0.30802226,0.08747867,-0.943286,-0.744876,-0.17455384
235,-0.3278856,0.16030398,-0.13935862,0.046882637,-0.5658918,0.7862832,0.8271142,-0.16593617,0.44007874,-0.89160323,0.28386712,0.58344567,-0.78644514,-0.7346962,0.08307733,-0.05696577,0.44347686,-0.8447289,-0.6449943,0.022235395
236,-0.51839787,0.59317976,-0.19303316,-0.044671632,-0.5771718,-0.08520719,0.5521806,-0.4760352,0.1114134,-0.55193204,0.20082775,0.8292603,-0.97735876,-0.8778979,0.43571106,-0.46877262,0.74768883,-0.9578693,-0.6352991,-0.18720314
237,-0.44180602,0.5573956,-0.19521022,0.02859969,-0.42065313,0.5686552,0.7402376,-0.51182723,0.28926578,-0.90391636,0.183828,0.33340284,-0.5580282,-0.7563866,0.2216913,-0.15996903,0.8978908,-0.8930848,-0.43964937,0.67365646
238,-0.30028328,0.16767839,-0.09738784,-0.050679367,-0.5612558,0.20768054,0.86368114,-0.28460696,0.08431676,-0.60784197,-0.0021941538,0.7853199,-0.52441895,-0.90949917,0.023842752,-0.23466781,0.75900483,-0.52083576,-0.32137138,-0.092933014
239,-0.39101577,0.38590312,-0.12329714,0.13836399,-0.5598346,0.9319261,0.9805067,-0.5709988,0.9794446,-0.62953925,-0.13194972,0.757129,-0.26011926,-0.38730898,0.3527236,-0.21791157,0.8749421,-0.44958213,-0.89155453,0.2620671
240,-0.58638084,0.4890947,-0.13009165,0.10398834,-0.4591433,0.1490022,0.98702484,-0.3952688,0.26951107,-0.9267773,0.45152903,0.8801461,-0.9792559,-0.5498628,-0.040842853,-0.12515599,0.93697333,-0.48342085,-0.64971757,-0.023907153
241,-0.46039414,0.27634442,-0.14159612,-0.05704887,-0.52611786,0.3260086,0.78037053,0.14978303,0.3443321,-0.555232,0.37684432,0.8793461,-0.9443565,-0.76528037,0.018085284,0.15385994,0.251701,-0.8912459,-0.49155837,-0.2681717
242,-0.40269256,0.22453056,-0.07133775,0.039144192,-0.54798806,0.36388656,0.86305046,-0.67679036,0.4198972,-0.8369219,0.18363161,0.8257336,-0.30644122,-0.82820153,-0.11579203,0.040903926,0.72987163,-0.4866974,-0.45409483,0.008903146
243,-0.49044558,0.39496315,-0.08373738,0.119237386,-0.4474405,0.034594227,0.9578445,-0.3703265,0.098754324,-0.74044156,0.7114734,0.6326948,-0.8850211,-0.97119224,-0.2837951,-0.48411846,0.9478309,-0.705286,-0.19948679,-0.29334348
244,-0.41485313,0.49827388,-0.098085016,-0.021028554,-0.35684228,-0.11671688,0.8161601,-0.24151966,-0.04929852,-0.7497589,0.32979998,0.82115245,-0.8905891,-0.64404696,-0.05947599,0.06416741,0.8234927,-0.7193292,-0.38310626,-0.2435363
245,-0.34903353,0.30814543,-0.07288067,0.10010675,-0.62381285,0.11166614,0.84743696,-0.6765633,0.1558288,-0.2389083,0.69665647,0.906282,-0.30369943,-0.63917005,-0.10853466,-0.44215333,0.6963551,-0.32233563,0.08170582,-0.2357428
246,-0.47445735,0.4321397,-0.04181944,0.16983724,-0.6757262,0.9646051,0.7807997,-0.38304353,0.72883433,-0.5967084,-0.20609733,0.69595253,-0.29217595,-0.8737125,0.06843128,0.33882877,0.22054748,-0.64289796,-0.5735369,0.2406441
247,-0.55382466,0.55801696,-0.10341744,-0.04445326,-0.49801615,0.7299132,0.9832235,-0.035113487,0.86250234,-0.21954937,0.31644917,0.8072202,-0.30535686,-0.87100756,0.060326632,-0.10143102,0.6911897,-0.8867111,-0.3780984,0.07592999
248,-0.6464391,0.7233146,-0.13782962,0.15109932,-0.6810565,0.46945128,0.78336793,-0.10849819,0.71963876,-0.8727835,0.0544774,0.9183409,-0.55998164,-0.9725579,-0.06678316,0.18427101,0.85875857,-0.93630385,-0.6111563,0.21271668
249,-0.5061814,0.46872362,-0.16322169,0.038246203,-0.5328157,0.36098754,0.7330566,-0.5111717,0.4597296,-0.53609127,0.35208282,0.7889807,-0.47351718,-0.9444415,-0.14458399,-0.42521885,0.7373538,-0.63685346,-0.50982934,-0.296241
250,-0.59778607,0.6135022,-0.14385077,-0.07404572,-0.54022187,0.64441246,0.97087467,-0.20013694,0.6418206,-0.87602776,0.17179787,0.46116433,-0.36555117,-0.7421029,0.27367294,-0.023299916,0.66846645,-0.49263835,-0.5665631,0.1347101
251,-0.64569265,0.51827574,-0.067615405,0.10013835,-0.5378899,0.9239722,0.970924,-0.17537765,0.57408214,-0.8989037,0.10744009,0.34023026,-0.30000818,-0.98941934,0.030402252,0.18962573,0.46331546,-0.68594825,-0.5427865,0.129324
252,-0.44301593,0.31373367,-0.033533834,0.019392647,-0.5131828,-0.36641017,0.7337649,-0.576366,-0.26174396,-0.7993667,0.81159574,0.98296756,-0.59664965,-0.9101248,0.005504878,-0.44100443,0.691953,-0.46666354,-0.20637652,-0.31333417
253,-0.47810784,0.44027746,-0.112055995,0.07334515,-0.4445788,0.19998056,0.47054657,-0.860681,0.5512216,-0.5510748,-0.16849299,0.6538625,-0.700506,-0.883033,0.1911389,-0.31358477,0.3295988,-0.8004006,-0.6703733,0.18463331
254,-0.4973825,0.4770369,-0.17108336,0.0295874,-0.44405106,-0.21448237,0.4033523,-0.59663934,0.18104003,-0.598728,0.33011922,0.84254944,-0.7612894,-0.6336621,0.30151534,-0.61598295,0.72914153,-0.59678775,-0.76088685,-0.14488319
255,-0.42833868,0.1540651,-0.13788262,0.16249281,-0.66704834,0.64060795,0.7347887,-0.06710852,0.5273365,-0.77961975,-0.025987875,0.77956486,-0.54452765,-0.7797252,0.029402316,0.1658702,0.2826844,-0.88582,-0.66493756,-0.12736581
256,-0.3054935,0.4831507,-0.20094594,0.05136123,-0.53075886,0.8798119,0.802983,-0.83253497,0.768006,-0.95454186,-0.2749338,0.6304249,-0.30026627,-0.60818136,0.10241597,-0.2666424,0.926376,-0.122764766,-0.606445,0.55947065
257,-0.5801413,0.49417368,-0.12601218,0.08820834,-0.5653049,0.21994881,0.66759264,-0.65406173,0.2924141,-0.4504833,-0.0013922396,0.6083156,-0.6506581,-0.868027,-0.044766355,-0.23052959,0.73404634,-0.7809441,-0.42860222,0.2688241
258,-0.31028065,0.21353315,-0.13465473,0.10065156,-0.55081177,0.22988652,0.96717554,-0.23265201,0.48434106,-0.525514,0.14790767,0.39117128,-0.8091653,-0.8309043,0.126144,-0.19397601,0.59869355,-0.9198647,-0.55555767,0.07599122
259,-0.50326973,0.46266624,-0.102905884,-0.046472587,-0.4566665,0.39545652,0.89345336,-0.51286346,0.40887612,-0.76634425,0.17487948,0.8733969,-0.76194334,-0.7335445,-0.06898798,-0.16103107,0.7190666,-0.7197197,-0.43462846,0.11137224
260,-0.50693506,0.3553132,-0.038813192,-0.089090064,-0.51486564,0.02125374,0.3785432,-0.50043553,0.23143631,-0.89974636,0.04549974,0.897437,-0.96199965,-0.83667725,0.16501446,-0.5365223,0.9561825,-0.5266476,-0.5438376,0.08310942
261,-0.4650561,0.38948128,-0.13875662,-0.043197587,-0.5388251,0.11027408,0.8284139,0.017659562,0.015572622,-0.88615733,0.4810513,0.5315751,-0.72539604,-0.93081295,0.03279959,-0.07946895,0.83993006,-0.7986866,-0.0152631,0.100507535
262,-0.5232626,0.5212032,-0.1247127,0.020909185,-0.42436275,0.20758922,0.4200688,-0.58624583,0.08833573,-0.7846399,0.07571521,0.3792896,-0.65497726,-0.9212653,0.17356093,-0.5218181,0.86100453,-0.46556085,-0.31611723,0.116701126
263,-0.6472126,0.57119364,-0.03659928,0.026096275,-0.4264161,-0.3053411,0.25816178,-0.32225612,-0.078904554,-0.652289,0.39347988,0.69276094,-0.9787007,-0.70514905,0.43527868,-0.18913226,0.84962654,-0.71910167,-0.4379577,-0.10586102
264,-0.44851285,0.48227322,-0.12854695,0.031303253,-0.6182112,0.928141,0.94803166,0.33576968,0.5866026,-0.7537879,0.63855606,0.38923764,-0.13284895,-0.8948132,-0.2326925,0.55343086,0.011316021,-0.93298733,0.13743843,0.19036591
265,-0.4701094,0.54329014,-0.1131863,-0.004466435,-0.5479511,0.2571761,0.82799965,-0.5788087,0.29003108,-0.5784516,0.32003292,0.75527084,-0.86264646,-0.7299936,0.11646582,-0.10750053,0.6398698,-0.90206736,-0.7039833,-0.29252744
266,-0.553998,0.5344639,-0.11122769,0.006578845,-0.63947934,0.13641559,0.7111967,-0.60260993,0.1880257,-0.85247076,0.12002678,0.9865109,-0.7303257,-0.8791584,0.12582804,-0.3884286,0.95318025,-0.41545355,-0.91205066,-0.35455355
267,-0.53352606,0.47173908,-0.117276624,-0.036043603,-0.56492746,0.6795704,0.5080646,-0.43008712,0.72780704,-0.8752506,-0.3311258,0.72206885,-0.63775736,-0.8823603,0.29191145,-0.0048104627,0.90343803,-0.8158804,-0.8464931,0.6873589
268,-0.48162112,0.5936299,-0.111435354,0.057971355,-0.41257426,0.09582274,0.66614443,-0.07348889,0.23926435,-0.31693757,0.13027984,0.88772905,-0.84128916,-0.8840867,0.39748174,-0.26754558,0.7874774,-0.8374088,-0.5223963,0.40421763
269,-0.602448,0.6209926,-0.14212424,-0.011460753,-0.5022874,-0.14003572,0.84139717,-0.79899544,0.07896504,-0.47748613,0.081277154,0.9351654,-0.9096657,-0.9238895,-0.029956292,-0.47850722,0.98106045,-0.91933477,-0.35799485,0.36535603
270,-0.6763032,0.6557017,-0.1153554,0.011702377,-0.42530355,-0.5850125,0.3090581,-0.5955767,-0.08619526,-0.7879807,0.45977584,0.94695413,-0.5925647,-0.6642979,0.06334134,-0.49910727,0.80782175,-0.55297667,-0.6411391,-0.67893225
271,-0.37049842,0.32078147,-0.17223671,0.12944409,-0.62512213,0.69865185,0.9257726,-0.32784325,0.7005236,-0.43406412,0.41680124,0.56070065,0.08213138,-0.88131815,0.08553121,-0.14617558,0.74490213,-0.12939672,0.03613971,0.35147873
272,-0.47394282,0.40610245,-0.1781028,0.033504378,-0.42515346,-0.2512101,0.27204436,-0.9787871,0.090181716,-0.7945623,0.13972212,0.804924,-0.8116029,-0.69070935,0.07933677,-0.614645,0.7972017,-0.50018597,-0.59642434,0.0020212461
273,-0.51226616,0.39327717,-0.104142554,0.09559242,-0.49849546,0.15364411,0.72015595,-0.5268582,0.18402769,-0.7216813,0.012594112,0.69301325,-0.87463737,-0.547557,0.3434133,-0.29430068,0.705123,-0.8017194,-0.845685,0.07469953
274,-0.36204615,0.48879698,-0.20727289,0.0003050977,-0.7139475,0.842592,0.97617596,-0.258031,0.78679156,-0.49109286,-0.051945467,0.90652865,-0.8796296,-0.43022048,0.22768334,0.30149513,0.4189262,-0.9115899,-0.9828685,-0.17095616
275,-0.300237,0.4506036,-0.23291992,0.006749282,-0.45528758,-0.05224499,0.6131535,-0.38474768,-0.20533101,-0.9388837,0.098326474,0.5697374,-0.5801856,-0.84284544,-0.06518555,-0.011426012,0.78105694,-0.8451751,-0.43129793,-0.41126582
276,-0.4474804,0.4651945,-0.16386968,0.027275134,-0.5075065,0.5940486,0.9546233,-0.50231504,0.34611082,-0.8068521,-0.0900289,0.53333586,-0.55985236,-0.7847153,0.2561397,-0.22689687,0.77450126,-0.5230921,-0.81914496,-0.021191804
277,-0.53024393,0.47855845,-0.08802694,0.015851105,-0.650709,-0.12113614,0.45287138,-0.49785134,0.026006846,-0.6595927,0.5113987,0.71838576,-0.9458577,-0.8650793,0.17536704,-0.49946946,0.91542494,-0.8796401,-0.45950705,-0.10457233
278,-0.25320476,0.29356292,-0.10925198,0.017934818,-0.43024796,0.38557488,0.7242544,-0.16517948,0.40919682,-0.8941434,-0.40658233,0.8762254,-0.74017155,-0.97961324,-0.25427043,0.058921758,0.8085864,-0.9789312,-0.8056889,0.7254293
279,-0.5576352,0.6781193,-0.06162803,0.09453546,-0.47624794,0.51205826,0.8489837,-0.51404375,0.47667405,-0.87513155,0.8019175,0.88625515,-0.3007136,-0.827624,-0.25389302,-0.122618005,0.47559476,-0.20794617,0.2245477,-0.23162846
280,-0.5362277,0.50367594,-0.058966003,-0.17556986,-0.3594607,0.072853796,0.70080006,-0.36222407,0.629138,-0.5789646,0.01787046,0.8442587,-0.80822986,-0.6893325,-0.22373258,0.20177782,0.832936,-0.65964496,-0.37921336,0.3630515
281,-0.37740043,0.45514145,-0.05253057,-0.10555548,-0.40028408,0.18663028,0.7281683,-0.24762414,0.15148875,-0.8532209,0.2762876,0.88867074,-0.67960477,-0.92014176,-0.17341131,-0.22076422,0.6509626,-0.71131563,-0.22416595,0.07600125
282,-0.50841427,0.44077915,-0.11870522,-0.01161746,-0.43593428,0.58961135,0.46918637,-0.8162593,0.47918907,-0.65152985,0.33603638,-0.078927554,-0.26088178,-0.77296317,0.52389467,-0.8318836,0.9198899,-0.51890165,-0.50460845,0.20365109
283,-0.563724,0.47638562,-0.097215794,0.10663864,-0.49375546,0.072232924,0.65493095,-0.66298825,0.38660708,-0.42931294,0.10606533,0.8452423,-0.49924523,-0.7205116,-0.08820927,-0.018582433,0.48788512,-0.7402164,-0.5238465,-0.038824737
284,-0.5011545,0.34031957,-0.053655513,0.029454837,-0.5015373,0.85366905,0.93418884,-0.20748277,0.94395727,-0.5630539,-0.2901468,0.91378325,-0.5960077,-0.8036936,-0.0035480135,0.036005165,0.3627272,-0.88843805,-0.6243308,0.3215008
285,-0.40402386,0.34383506,-0.08211781,0.10977823,-0.5610278,0.34693667,0.96948296,-0.68731415,0.31582314,-0.7736257,-0.16248,0.558258,-0.95339316,-0.65171635,-0.12654698,-0.19112372,0.78756315,-0.637483,-0.50412744,0.48805624
286,-0.5795519,0.59679323,0.004865662,0.08954201,-0.4079628,0.2968253,0.9805221,-0.1366028,0.1895564,-0.7506722,0.29279852,0.792099,-0.8736223,-0.88230944,-0.069737956,0.108916365,0.5371229,-0.8756491,-0.208303,-0.007829471
287,-0.39328355,0.4191534,-0.17193826,0.11249375,-0.5331424,0.15033464,0.9364844,-0.4970458,0.60214686,-0.16121185,-0.13860591,0.9562972,-0.6487603,-0.83600056,0.29064795,0.1262651,0.68376666,-0.6533776,-0.33271837,0.5088079
288,-0.49793372,0.4860857,-0.08951727,0.04660828,-0.6013352,0.45220074,0.9461169,0.28642163,0.5363945,-0.49322718,0.5069527,0.6246299,-0.5795333,-0.90380096,-0.1734452,0.0060075694,0.45308328,-0.6330693,-0.10237986,0.0910899
289,-0.30285943,0.40804553,-0.19781151,-0.010306041,-0.57999474,0.4913321,0.7922053,-0.49347365,0.5669193,-0.82533175,-0.090424135,0.73870677,-0.4708261,-0.9063266,0.33579162,-0.012996231,0.854461,-0.4795954,-0.4513259,0.50413305
290,-0.3503825,0.439699,-0.14868592,-0.013828943,-0.53937787,0.18647335,0.60911834,-0.09965761,0.46978796,-0.7273146,0.379285,0.938532,-0.30490997,-0.976411,-0.16211261,-0.037149325,0.51344466,-0.53398985,-0.0636643,-0.09356547
291,-0.37108272,0.38798925,-0.13583085,0.026607351,-0.53439873,0.875683,0.8877425,-0.23118451,0.5071025,-0.8822202,-0.076034285,0.3139081,-0.57478166,-0.7455556,-0.2191487,0.048640978,0.65048015,-0.85439616,-0.5124046,0.19279121
292,-0.38489485,0.25663167,-0.0595025,0.07715714,-0.4833379,0.010314388,0.8501307,-0.3279162,-0.13010034,-0.73593104,0.59998125,0.84560716,-0.723151,-0.9901517,-0.21473588,-0.23545808,0.72854537,-0.8240179,-0.14338827,-0.016100574
293,-0.4641042,0.4698673,-0.1326703,-0.077607855,-0.51853585,0.30487823,0.5202633,-0.7773462,0.25243536,-0.81053156,-0.15227279,0.61254555,-0.3766166,-0.89909023,0.19860654,-0.028303234,0.58549184,-0.6189239,-0.5799768,-0.06056388
294,-0.38954663,0.45014337,-0.07336316,-0.055321474,-0.35777783,0.34160024,0.9737466,-0.34592292,0.38570482,-0.7121735,0.29859462,0.87202525,-0.4543761,-0.59787035,-0.22108687,0.19766909,0.5252462,-0.6741057,-0.051315747,-0.0004634647
295,-0.42809978,0.39465106,-0.16394952,0.08179564,-0.555468,0.36915925,0.7205109,-0.3437551,0.53184503,-0.6687563,-0.2867518,0.75980717,-0.8187508,-0.68208724,0.116180256,0.16721791,0.55720687,-0.8228734,-0.8144177,0.5419441
296,-0.6605061,0.46510875,-0.028736962,-0.01996847,-0.5103606,0.015506969,0.71726054,-0.43563008,0.084257446,-0.53646296,0.59559995,0.97988296,-0.9058538,-0.5801964,0.051403034,-0.4287822,0.8229333,-0.9658254,-0.64377725,-0.5447409
297,-0.45117676,0.4082661,-0.13858593,-0.15989697,-0.4942865,0.28338465,0.9517743,-0.60806376,0.43463206,-0.42791432,-0.190061,0.81414497,-0.81569946,-0.60223675,0.19861765,-0.018091524,0.4310131,-0.8582847,-0.85621357,0.14716391
298,-0.43902874,0.43160596,-0.18890403,-0.029846491,-0.5168374,0.43351558,0.78088075,-0.17427316,0.29921567,-0.47041285,0.4389093,0.467794,-0.8718774,-0.7858189,0.2651493,-0.56972265,0.7796202,-0.6135308,-0.4280333,0.14019968
299,-0.39699522,0.62999856,-0.15268396,0.040455967,-0.6609216,0.068302825,0.82430106,-0.11781025,0.31671986,-0.5592984,0.43309304,0.76810086,-0.7782167,-0.85860264,0.03333759,-0.37369195,0.9651404,-0.8060759,-0.43540105,0.15995915
300,-0.39321914,0.25723466,-0.08942052,0.028671298,-0.43364757,0.6534402,0.5395978,-0.55896604,0.38663384,-0.76308143,0.45967174,0.67012686,-0.18368578,-0.6357519,0.023116194,-0.20216706,0.49461094,-0.3090073,-0.53415704,-0.36624408
301,-0.46018422,0.47632992,-0.10834892,0.048151802,-0.65767705,0.12989067,0.93269783,-0.41461092,0.2319344,-0.58588547,0.45013398,0.9359987,-0.9184378,-0.67407334,0.060445633,-0.21645677,0.768353,-0.82108694,-0.4976623,-0.17298804
302,-0.5446597,0.63013613,-0.096426465,-0.014974008,-0.60802364,-0.027900593,0.6942776,-0.6585126,0.28668007,-0.3383202,0.27985826,0.8740489,-0.85021025,-0.71114486,0.29805773,-0.44562596,0.6486545,-0.66362363,-0.6299684,-0.13946941
303,-0.50240934,0.43617702,-0.09459451,0.014072166,-0.46603495,0.63253886,0.7265018,-0.42653468,0.67125845,-0.79281235,-0.29525316,0.74511564,-0.6982834,-0.70041215,-0.05819546,0.35335013,0.3937837,-0.7417295,-0.54199463,0.3394036
304,-0.46978527,0.3579624,-0.057810225,0.016566822,-0.4972437,0.40389943,0.8734627,-0.31531337,0.43707427,-0.41042557,0.15030585,0.5757256,-0.65348405,-0.8274861,-0.090421595,-0.1109665,0.5675643,-0.5807602,0.06413419,0.43778336
305,-0.5314193,0.48437113,-0.10522174,0.01764614,-0.4883883,0.59553844,0.92132396,0.22825386,0.46813422,-0.62082565,0.34151548,0.7101946,-0.83692646,-0.8596818,-0.06676985,0.23805048,0.2199154,-0.8389437,-0.24407297,0.028654128
306,-0.6417783,0.6532839,-0.10931785,0.011988215,-0.5891268,0.11664278,0.89118576,-0.28653815,-0.104555905,-0.9622892,0.44877195,0.7881185,-0.62727547,-0.6743878,-0.1173396,0.010093037,0.66743565,-0.6650528,-0.39172438,-0.2502193
307,-0.5947712,0.4898636,-0.071777664,0.039604966,-0.4776599,0.16098489,0.62474835,0.1223862,0.18638098,-0.54124856,0.6332743,0.70922357,-0.90967965,-0.9713889,-0.30829495,-0.15184936,0.22995608,-0.7860019,0.13827358,0.14657688
308,-0.43351445,0.3735151,-0.1604977,-0.039106973,-0.4786827,-0.029014803,0.5281382,-0.51195616,0.2920825,-0.75254476,0.111978844,0.98103863,-0.8550876,-0.60358113,0.1303943,-0.38254362,0.8343995,-0.5703916,-0.79256904,0.01631357
309,-0.4102742,0.40895128,-0.15191957,-0.017468784,-0.6086265,0.687231,0.8162328,-0.30807182,0.7682382,-0.576086,0.35274076,0.3942046,-0.026478661,-0.9832709,0.07601414,-0.020574907,0.7592353,-0.6024339,-0.31189182,0.45963937
310,-0.34786147,0.287056,-0.10082611,0.08137428,-0.61147326,0.31100848,0.80851763,-0.3027506,0.34223416,-0.6913349,0.8266727,0.81345147,-0.3707076,-0.6787411,0.036127187,-0.24419487,0.88749146,-0.1919757,-0.10414947,-0.25935012
311,-0.66590154,0.592974,-0.08471262,0.031036707,-0.47181097,0.22518769,0.552597,-0.4523391,0.6988627,-0.61258096,-0.24687241,0.7497887,-0.79851663,-0.85431135,-0.1553267,-0.005484194,0.4780492,-0.7499167,-0.6197577,0.47927025
312,-0.116015986,0.3095563,-0.21887028,0.091455996,-0.49786344,0.20796199,0.6684316,-0.46077108,0.3540067,-0.81785655,-0.050341934,0.6002275,-0.68276435,-0.8689859,0.032903098,-0.119580165,0.7781595,-0.78147733,-0.3331597,0.4606996
313,-0.47604445,0.49906823,-0.06920131,0.08918137,-0.46014997,0.650241,0.93166834,0.07548774,0.25102398,-0.85734135,0.28548688,0.49509704,-0.6826516,-0.72600025,-0.17486277,0.14388108,0.6898604,-0.9464507,-0.11241363,0.52114195
314,-0.6161064,0.47808632,-0.04478783,0.12811278,-0.57381666,0.191919,0.93587613,-0.32640773,0.40128937,-0.4536599,0.23824368,0.64959633,-0.7575171,-0.9083505,-0.04993395,-0.23844145,0.6108841,-0.60806113,-0.33447808,-0.2809814
315,-0.45708722,0.36876738,-0.075871296,0.08022821,-0.5564486,0.4936,0.66151077,-0.5199611,0.5563244,-0.681734,0.019957207,0.7058629,-0.8196311,-0.869247,0.32800484,-0.15818904,0.7551634,-0.6125972,-0.71972805,0.18539801
316,-0.5329026,0.32390386,0.01311589,-0.0337946,-0.4626834,0.36211467,0.82192487,0.20694992,0.192272,-0.80135834,0.5245161,0.9030599,-0.8403122,-0.88495946,-0.2698552,0.005120219,0.44756883,-0.9560007,-0.21270797,0.11725537
317,-0.49449018,0.38166746,-0.064954676,0.06501207,-0.6429396,-0.09038699,0.82973224,-0.57784563,0.1829065,-0.34985414,0.4340368,0.92991024,-0.8594296,-0.6737766,0.02433509,-0.18355253,0.71364486,-0.5937637,-0.17522228,-0.43534467
318,-0.5418288,0.56277794,-0.07355832,0.017993169,-0.43934545,0.36560014,0.915284,-0.23324561,0.31251323,-0.5202117,0.19434765,0.93236905,-0.65565586,-0.63567334,-0.053474717,-0.018119354,0.34257886,-0.83786696,-0.54550546,-0.5834594
319,-0.44354865,0.41406134,-0.069402665,0.08826728,-0.49054092,0.28976962,0.85205317,-0.13022082,0.20585476,-0.8669798,0.21456863,0.8057016,-0.5690436,-0.96450764,-0.10389955,0.3337667,0.6010762,-0.9794243,-0.50085044,0.083653994
320,-0.37213904,0.40722433,-0.1508398,0.0758185,-0.4771134,-0.038927536,0.4726682,-0.39164105,0.14693819,-0.86851585,0.9112658,0.88837296,-0.49893677,-0.79413795,-0.21155809,-0.36852077,0.7713623,-0.3545088,-0.24337195,-0.6424043
321,-0.5759724,0.6155336,-0.13920668,0.04006704,-0.5544667,0.7112869,0.6695046,-0.40372702,0.47418556,-0.86479115,-0.46729645,0.5947369,-0.89048004,-0.55310756,0.038809024,0.07137267,0.6097459,-0.9812849,-0.9684336,0.7209958
322,-0.47096923,0.42850903,-0.11984431,0.02514384,-0.5185137,-0.5599505,0.5733883,-0.3188652,-0.23878984,-0.892133,0.7684551,0.9807431,-0.6138001,-0.7263444,-0.012329421,0.05540772,0.8141103,-0.5846724,-0.2283063,-0.4495723
323,-0.48650193,0.5078032,-0.19157468,0.0757721,-0.610003,0.8473549,0.89855945,-0.17879708,0.7954073,-0.6033521,0.21295065,0.8943896,-0.4561275,-0.61679006,0.24543944,-0.00082599,0.5747724,-0.68981934,-0.7857653,0.15791148
324,-0.44226405,0.408626,-0.15013102,0.05756112,-0.76585394,0.3506396,0.9467982,0.30392265,0.24969904,-0.9302593,0.29614308,0.99303025,-0.79210335,-0.8729635,0.09627818,0.22005732,0.673193,-0.8355266,-0.39143413,-0.4035063
325,-0.48558098,0.48186207,-0.12794253,0.032681424,-0.53374404,0.34779269,0.6528188,-0.30984965,0.65740556,-0.5874354,0.23294137,0.64227104,-0.4057405,-0.6292778,0.17055711,-0.3026068,0.6173615,-0.42119706,-0.53006667,0.15740642
326,-0.6442671,0.6958978,-0.13816476,0.12722805,-0.7189667,0.29157686,0.88322735,-0.52092576,0.50604784,-0.7069988,0.0217796,0.94159865,-0.86332434,-0.6887786,0.19510373,-0.107729405,0.8526116,-0.6552427,-0.8980912,0.00032436615
327,-0.7006955,0.60248524,-0.06796517,0.0056188335,-0.58079445,-0.0929371,0.9687782,-0.49455738,0.20542452,-0.6664803,0.19923265,0.97225696,-0.71407896,-0.37925562,0.23615423,-0.05933623,0.61950004,-0.4286781,-0.57079816,-0.4013423
328,-0.48752683,0.32953802,-0.02422995,0.039314512,-0.49157012,0.27693126,0.93770504,-0.4594493,0.7554252,-0.33563825,0.17840707,0.8986243,-0.8719802,-0.7289237,0.35276085,-0.14800973,0.42905968,-0.40648758,-0.51879644,-0.28779185
329,-0.5639137,0.43530187,-0.05823045,0.07509071,-0.676293,0.30161917,0.9206985,-0.33038026,0.38322648,-0.42498368,0.0710726,0.9556004,-0.96240747,-0.51462597,0.20904878,-0.22799012,0.7783003,-0.6210421,-0.82749945,-0.17294958
330,-0.46109885,0.53997064,-0.07282973,0.059275907,-0.5345802,0.2328257,0.9679532,-0.41463402,0.12664881,-0.8168136,0.6424454,0.80544734,-0.6504146,-0.7594068,0.01806269,-0.20553833,0.817714,-0.71669704,-0.26400468,-0.168157
331,-0.61032736,0.73942256,-0.1986571,0.113199405,-0.49818197,-0.1521513,0.10056938,-0.61466277,0.15598154,-0.8687413,0.08942162,0.9547252,-0.81552595,-0.91431016,-0.108584866,-0.26593068,0.5944895,-0.6299475,-0.5034228,0.30347532
332,-0.46549726,0.4167289,-0.1020481,-0.05684304,-0.61210746,0.8996089,0.9372044,0.086377904,0.68750423,-0.6517945,0.3681932,0.6912206,-0.17033353,-0.6346474,-0.052559774,0.45436507,0.35322136,-0.74948376,-0.42716375,-0.15816884
333,-0.49914825,0.3425874,-0.061512288,0.021519562,-0.33256122,0.62396437,0.87040347,-0.58324754,0.5990241,-0.79894185,-0.15553272,0.86837053,-0.48330712,-0.57221,-0.11970671,0.38642383,0.33858392,-0.5590536,-0.38540983,0.0009473282
334,-0.39116693,0.4313331,-0.12594979,0.00026343524,-0.48420572,0.8702394,0.9368614,0.66502845,0.6313427,-0.4950812,0.31931043,0.78659517,-0.39166814,-0.814714,-0.54863864,0.9317291,-0.21334788,-0.7328266,0.24092217,-0.024721352
335,-0.5814027,0.57939655,-0.117326565,-0.029393887,-0.5503027,0.25473738,0.80378133,-0.65367347,0.071171336,-0.8727692,0.57247174,0.6842739,-0.043727767,-0.740263,-0.17208233,0.04020005,0.80895525,-0.496587,0.013052704,0.16535398
336,-0.55236334,0.32217255,-0.0844556,0.017763788,-0.43839657,0.11560485,0.59431165,-0.82680935,0.29772416,-0.69901836,-0.251625,0.84966606,-0.85504854,-0.8661176,0.12021005,-0.092482276,0.5984022,-0.6902971,-0.74826384,0.23826692
337,-0.46396542,0.5542133,-0.14737159,0.10945902,-0.5023969,0.5995693,0.98050404,-0.3361954,0.5877017,-0.7639434,0.3278093,0.46350592,-0.13520561,-0.8676862,-0.35631356,0.14910561,0.8970663,-0.6391708,0.157776,0.29826087
338,-0.48524562,0.4661404,-0.15825495,0.12837921,-0.6059093,0.012364795,0.6588805,-0.22452758,-0.015382147,-0.8642528,0.24635653,0.71640235,-0.606896,-0.9863714,-0.08885391,-0.06322659,0.96478546,-0.75498545,-0.47858807,0.10070868
339,-0.3465186,0.24716689,-0.07773108,-0.06982716,-0.41232347,0.8299817,0.9562706,-0.5469821,0.75087476,-0.60322887,-0.083130196,0.9549333,-0.728437,-0.5977493,-0.24299273,0.39920053,0.33512065,-0.801314,-0.5806802,0.18645978
340,-0.34278765,0.58602816,-0.24531448,0.021787172,-0.645214,0.45723885,0.8192745,-0.75512314,0.6148194,-0.701414,0.027893739,0.13675539,-0.30506802,-0.58786637,0.3048964,-0.27238932,0.9824202,-0.54593253,-0.7261382,0.37443647
341,-0.39955848,0.4344071,-0.13865303,0.0810785,-0.4207005,-0.12834802,0.8923908,-0.9373893,0.07680874,-0.5178981,0.4735816,0.8313349,-0.8280601,-0.90717465,-0.0028768156,-0.50688833,0.70214325,-0.5294247,-0.2149487,-0.19524172
342,-0.5326002,0.5818985,-0.19589967,-0.13947362,-0.44701946,0.46310073,0.6121978,-0.67028594,0.24792576,-0.9402463,0.08449283,0.8661853,-0.5082567,-0.7983168,-0.40265113,0.45888537,0.36536387,-0.75710624,0.032920685,0.36932406
343,-0.47843993,0.5887915,-0.23680753,0.084626675,-0.572568,0.62928927,0.67195106,-0.35244375,0.5176762,-0.7036857,0.38762975,0.79010785,-0.6852715,-0.47231245,0.0017617134,-0.02680511,0.24331395,-0.4286481,-0.540204,-0.6931946
344,-0.39172682,0.32528365,-0.111767195,-0.0003397232,-0.5852879,0.30722892,0.83164936,-0.3824826,0.33119187,-0.40883723,0.3585098,0.42658737,-0.7306208,-0.85534376,-0.0066619744,-0.34805065,0.98427004,-0.71276593,-0.26749396,0.41270667
345,-0.5669685,0.55309445,-0.0778424,-0.18656453,-0.44088104,0.37479126,0.674396,-0.5466654,0.65690553,-0.68310004,-0.24124986,0.9207114,-0.9238884,-0.8230104,0.06889203,-0.14626013,0.569274,-0.5752274,-0.6852846,0.38064533
346,-0.5287091,0.60765475,-0.17238148,0.05994736,-0.50121933,0.25679344,0.77111065,-0.618694,0.5229321,-0.59042335,-0.024301555,0.88055766,-0.7623655,-0.6070223,0.1591523,-0.15630771,0.66555566,-0.7267855,-0.5287639,-0.029622702
347,-0.44945395,0.36875266,-0.18208824,-0.00235467,-0.5576004,0.31061473,0.7659419,-0.50846183,0.23637627,-0.62177026,0.59808534,0.5102132,-0.72279495,-0.77024245,0.2542561,-0.40614852,0.62533057,-0.47750127,-0.39000252,-0.38749343
348,-0.42397764,0.49776325,-0.21809015,0.07024165,-0.667863,0.051315926,0.63298965,0.0024849747,0.17434667,-0.9404209,0.40085313,0.80596006,-0.9691213,-0.9063472,-0.36009678,-0.047473777,0.82945347,-0.59544826,-0.41353327,0.39008963
349,-0.3645712,0.31771314,-0.17258112,-0.061062545,-0.6635759,0.46483636,0.8274888,-0.3141091,0.42832455,-0.8745802,0.38783452,0.79715115,-0.31899947,-0.66000706,-0.02791561,0.06258153,0.5708244,-0.4761357,-0.41121542,-0.4655396
350,-0.44256458,0.3529807,-0.112456344,0.023819992,-0.45026425,0.46778047,0.9679313,0.019584646,0.09813537,-0.7839965,0.31086963,0.6842008,-0.8448167,-0.9235564,-0.14024426,0.08932511,0.74686867,-0.79276246,-0.14369741,0.2907472
351,-0.74116796,0.54554343,-0.024668215,0.035121165,-0.4304781,0.18422008,0.7675979,-0.68851984,0.35454515,-0.83228904,0.28324106,0.954089,-0.6862713,-0.5341453,-0.15376605,-0.43136972,0.74547154,-0.7649111,-0.6954484,-0.29027915
352,-0.4488501,0.3422565,-0.080147825,-0.0013438234,-0.45290226,0.5371198,0.7547395,-0.033655602,0.43153206,-0.8378768,0.46206132,0.37066594,-0.5491536,-0.8553771,-0.18408269,0.19783619,0.5253176,-0.726131,-0.16014285,0.27624184
353,-0.28133383,0.25751635,-0.07398704,0.08640005,-0.41928414,0.5768759,0.9589223,-0.65869004,0.45011184,-0.84127986,0.016563086,0.9231463,-0.43764764,-0.7778155,-0.39791057,0.28744838,0.53427964,-0.82809716,-0.14609212,0.44840375
354,-0.46936983,0.4429879,-0.049379807,-0.052835636,-0.4889823,0.43110383,0.98166883,0.2502953,0.5907005,-0.5305642,0.51693076,0.744955,-0.5121218,-0.81656927,-0.1659449,0.34432733,0.42942306,-0.79190534,-0.09580255,-0.07531229
355,-0.62767965,0.7038964,-0.15592387,-0.05729624,-0.46618828,0.2096679,0.45247057,-0.32962245,0.32083648,-0.7556511,-0.18107668,0.65396523,-0.7015998,-0.90911174,0.06482829,-0.3014652,0.8027107,-0.6391896,-0.41515243,0.28643137
356,-0.49460858,0.5608134,-0.07444683,0.08893104,-0.52896947,0.48880482,0.9098063,-0.42600965,0.51215637,-0.5696682,0.05102321,0.80107343,-0.43977308,-0.5661708,-0.15467136,0.09539059,0.7765781,-0.4682762,-0.24152017,0.17620736
357,-0.5707004,0.69593596,-0.2005884,0.14975204,-0.6343185,0.52515626,0.8806033,0.16540861,0.30567187,-0.82382447,0.90184194,0.5462325,-0.909875,-0.8610953,0.037417535,-0.49213645,0.8271326,-0.637135,-0.09724018,0.0038474847
358,-0.42112342,0.24380744,-0.16541372,-0.06334422,-0.64265525,0.51365685,0.8981856,-0.56837875,0.23837522,-0.9040456,0.25645146,0.4941778,-0.95174444,-0.21761443,0.3473185,-0.4308875,0.9317574,-0.5470441,-0.9148736,-0.3537213
359,-0.34763783,0.40612248,-0.04860746,0.037777144,-0.51383996,0.429421,0.72621226,0.07614998,0.2578542,-0.6966,0.42642057,0.66928834,-0.49694696,-0.9099516,-0.16372466,0.06697129,0.46637803,-0.38292047,0.10000635,-0.109337546
360,-0.66339415,0.5340004,-0.109613895,-0.04419127,-0.49706548,0.33250558,0.5587872,-0.16957231,0.67172503,-0.7315362,-0.43632668,0.9357643,-0.71709466,-0.87548953,0.21962659,0.5262587,0.36160126,-0.93977803,-0.63343596,0.5200119
361,-0.47417346,0.37913626,-0.120807104,0.05809492,-0.5541255,0.60781014,0.8405405,-0.7221935,0.3655029,-0.6746541,0.016225327,0.41409045,-0.21821798,-0.97219193,-0.05547713,-0.2821158,0.7940396,-0.6454092,-0.35059094,0.26019746
362,-0.6529872,0.58269817,-0.123131454,0.020201277,-0.500486,0.3590903,0.88490385,-0.15914275,0.31544167,-0.5270365,0.4914371,0.17089623,-0.33087242,-0.8478563,-0.29982832,-0.48067892,0.891487,-0.6023031,0.0058784597,0.26624057
363,-0.49872464,0.4695738,-0.08825076,-0.030761763,-0.4550499,0.38922375,0.63822556,0.12574703,0.75535274,-0.2623189,0.24514157,0.72763735,-0.3826951,-0.98836625,-0.5019544,0.20951961,0.11247263,-0.5903468,0.021921165,0.10037717
364,-0.48599625,0.55292666,-0.06793156,-0.115746684,-0.46075165,0.30671576,0.88716835,-0.24672233,0.45767763,-0.76771945,0.9147955,0.8266558,0.07074283,-0.9838803,-0.27745503,-0.17779644,0.96315354,-0.19466773,0.6087593,0.2876918
365,-0.5312761,0.21385501,-0.053494193,0.09300437,-0.58843344,0.03675738,0.5767299,-0.7923748,0.26623726,-0.7008427,-0.072153114,0.8165304,-0.8885104,-0.64020795,0.16025692,0.049984403,0.27618584,-0.6046703,-0.64422876,-0.13728365
366,-0.44075832,0.5162895,-0.15510549,0.095972225,-0.4678013,0.40088803,0.7726129,-0.28690645,0.34004745,-0.9287244,0.41258126,0.67642516,-0.73991853,-0.77582365,-0.22706425,-0.09766942,0.64100456,-0.76126426,-0.2295162,0.09643837
367,-0.55213314,0.57150257,-0.071928315,-0.12717497,-0.43430084,-0.26282963,0.028738359,-0.1288432,0.24020274,-0.6317474,0.2327345,0.95437324,-0.82031137,-0.9716156,0.17345743,-0.23101035,0.56427765,-0.5806512,-0.52584195,0.12418056
368,-0.3569987,0.09205537,-0.14250284,-0.02607693,-0.61163527,-0.03792201,0.91131115,-0.56023425,0.055324532,-0.63539684,0.29168716,0.4523631,-0.67601573,-0.7023075,0.43293446,-0.5871237,0.8882782,-0.7593668,-0.8750199,-0.18442915
369,-0.3603063,0.31832,-0.12602727,0.061476205,-0.5329569,0.5325581,0.9043586,-0.40526465,0.48946393,-0.5452569,-0.15307204,0.7470285,-0.34930596,-0.90160763,0.018008158,0.0069124843,0.8480995,-0.5534405,-0.6218516,0.6273598
370,-0.569362,0.38826108,0.00955021,0.08814431,-0.5796313,0.19505753,0.77300453,-0.25261948,-0.081432484,-0.93272895,0.67047864,0.6575895,-0.7286648,-0.9542694,-0.23684974,0.07216579,0.4735158,-0.8561964,-0.20872383,-0.3597515
371,-0.6389363,0.57111347,-0.09146397,-0.035886303,-0.34803236,0.55876803,0.65638745,-0.3626443,0.5661237,-0.84780693,0.0075952187,0.6302966,-0.46864796,-0.6287574,-0.03515157,0.28271207,0.7666961,-0.79545945,-0.53953457,0.6383513
372,-0.4470752,0.3522139,-0.13504341,-0.046936374,-0.6413874,0.67006046,0.95112354,-0.20767388,0.79228866,-0.7265656,-0.09021489,0.7788416,-0.8673346,-0.75859386,0.20545478,-0.22510064,0.8415868,-0.74301094,-0.9842857,0.34704053
373,-0.44426352,0.5088849,-0.13911264,0.063459784,-0.6190132,0.4691598,0.90330935,-0.63374895,0.38655925,-0.7476058,0.2722405,0.52119166,-0.11739254,-0.8732147,0.04327934,-0.36228248,0.86301696,-0.52766764,-0.29399773,0.28222004
374,-0.5802071,0.63355654,-0.17692699,-0.018847136,-0.5542118,0.32073742,0.69037193,-0.28827354,0.50716144,-0.93527234,-0.1224116,0.7839855,-0.7321768,-0.6116831,0.17299053,0.29739663,0.7271139,-0.70589036,-0.9122321,0.18204059
375,-0.5549304,0.45058253,-0.07397,-0.020042859,-0.49282882,0.63980585,0.88254803,0.35581577,0.78378534,-0.51896244,-0.11420812,0.811898,-0.85222757,-0.8389961,0.07120255,0.31461716,0.13843767,-0.8573238,-0.18685591,0.3739582
376,-0.66186225,0.5061003,-0.05768098,0.14019229,-0.51284236,-0.20949219,0.59732467,-0.2652372,0.15345207,-0.61797655,0.15054366,0.8090434,-0.9295028,-0.8739004,0.017863484,-0.2514662,0.6176239,-0.7813533,-0.7119088,-0.1657708
377,-0.5579244,0.502206,-0.093208075,0.0030824554,-0.41803554,0.29465494,0.96206576,0.06498907,0.34873715,-0.84200186,-0.10494958,0.66458493,-0.9135909,-0.83164984,-0.11719936,0.1465404,0.7948138,-0.8418282,0.008695167,0.61890507
378,-0.6197924,0.4268922,-0.017099295,0.00980946,-0.39921984,-0.23911405,0.38589573,-0.54355544,0.07013398,-0.6055219,0.41660097,0.86881644,-0.32690072,-0.87830424,0.15702349,-0.20554492,0.7284271,-0.35779545,-0.15596868,0.015717328
379,-0.63000774,0.62556094,-0.09932753,-0.00536703,-0.5262032,0.24084319,0.7762849,0.031847857,0.2510434,-0.6258885,0.36571053,0.87713057,-0.90694344,-0.8311489,-0.034290925,0.2910737,0.26106194,-0.8758784,-0.48493865,-0.33073658
380,-0.47974092,0.43787804,-0.079583146,-0.04280073,-0.62040144,0.52245873,0.8409427,-0.8757958,0.6970051,-0.62086964,-0.052938685,0.7902557,-0.6245883,-0.8249267,0.13364324,-0.6400537,0.78280854,-0.6741644,-0.74372023,0.20767812
381,-0.6095989,0.44156197,0.0061597056,0.13476208,-0.39927894,0.03930731,0.82244366,-0.53921473,0.4146601,-0.6140034,0.42847404,0.90628225,-0.5460526,-0.6610534,-0.1471542,-0.1439639,0.6099868,-0.54642,-0.38875952,-0.19568855
382,-0.4650115,0.3882932,-0.105237775,0.025170706,-0.65509874,0.3317306,0.73973143,-0.29065686,0.17482167,-0.8952884,0.37259743,0.58138794,-0.59276974,-0.9803336,0.07482044,-0.46733132,0.9909699,-0.561526,-0.3829317,0.21427865
383,-0.72745097,0.58602077,-0.08001056,0.02897844,-0.5015524,0.34588978,0.63864535,-0.30150762,0.14786522,-0.95152587,0.39270666,0.21752737,-0.5671414,-0.7265287,-0.2862112,0.30416444,0.3169641,-0.81679493,-0.19587146,-0.10025242
384,-0.40642777,0.33248362,-0.0580492,0.06568151,-0.5559328,0.5407014,0.8964795,-0.24510711,0.5947814,-0.77700204,0.6118807,0.69766146,-0.3483834,-0.7589977,-0.24581149,-0.042999167,0.4219909,-0.555853,-0.29638886,-0.38250437
385,-0.4411409,0.5267182,-0.193194,-0.06879566,-0.3700716,0.74578047,0.7915535,-0.199953,0.75817525,-0.9121147,-0.4855749,0.71091294,-0.5934348,-0.7830638,-0.11141398,0.50615215,0.8807247,-0.9743046,-0.46008503,0.9844223
386,-0.5149547,0.56961507,-0.17182328,0.061274994,-0.5415421,0.4112873,0.91562366,-0.6187362,0.5371038,-0.26171568,0.21034192,0.43445012,-0.2826732,-0.977607,0.026854863,-0.056431245,0.85474545,-0.38693908,-0.17634189,0.20681007
387,-0.5705609,0.57698256,-0.071663335,0.07363122,-0.5506159,0.4121979,0.5851609,-0.39308545,0.5568932,-0.5589878,0.4725019,0.8291784,-0.26280677,-0.9459494,0.026278654,-0.4125599,0.71257865,-0.2109082,-0.2852454,0.056327425
388,-0.5018115,0.4216999,-0.15695365,0.03469495,-0.5030841,0.031199815,0.20335028,-0.5776027,0.23305131,-0.8959775,-0.005177877,0.7157399,-0.532578,-0.9879523,-0.061801285,-0.110221215,0.60926425,-0.78082496,-0.5114301,0.002377292
389,-0.38731503,0.30817217,-0.10333666,-0.09912964,-0.34194502,0.652421,0.72622913,-0.20774134,0.88773674,-0.024369534,0.003098303,0.73061234,-0.7638932,-0.801848,0.05076271,0.095063396,0.19824533,-0.9834708,-0.28274062,0.46429968
390,-0.69412166,0.5777597,-0.10489698,0.036759254,-0.58884156,0.41084176,0.73258007,-0.5423636,0.51189,-0.8601299,0.2129104,0.62798315,-0.33159217,-0.6287721,-0.018953271,-0.29302862,0.65715843,-0.5011291,-0.42010704,0.20944007
391,-0.4943614,0.41464865,-0.13559589,-0.023471193,-0.4423245,0.115105204,0.53430104,-0.72062767,0.48710722,-0.58294415,-0.019428289,0.94456244,-0.40707964,-0.53521836,0.08936712,-0.08819642,0.6809716,-0.55822223,-0.61030275,0.06920783
392,-0.48544973,0.4471854,-0.16796367,-0.08085374,-0.46169943,0.11440599,0.37928382,-0.6471892,0.21751648,-0.74343026,-0.26484466,0.78366095,-0.64751375,-0.91630757,0.16329458,-0.041149758,0.77862036,-0.6490026,-0.71665764,0.43086243
393,-0.53490627,0.48107728,-0.04218371,0.012749147,-0.49258074,0.35397384,0.73233414,-0.47396097,0.1847345,-0.83231103,0.051009286,0.56287754,-0.60164064,-0.9374289,-0.047997784,-0.07651495,0.45660782,-0.51300657,-0.16706975,0.22817
394,-0.48054585,0.49231577,-0.1517769,0.018396536,-0.49583602,-0.030617936,0.19749103,-0.5126126,0.0665424,-0.6564017,0.25664145,0.6467063,-0.3884565,-0.7752034,0.0705944,-0.20523867,0.65179944,-0.8013016,-0.5587808,0.16596119
395,-0.42257848,0.31736514,-0.065041,0.06580022,-0.48809734,0.22523682,0.73425055,-0.11548149,0.08969714,-0.9256242,0.5714569,0.96023726,-0.6205655,-0.8552793,-0.07294969,0.27013785,0.47969496,-0.8445651,-0.35672405,-0.40301287
396,-0.45965683,0.45845413,-0.089566976,0.015704457,-0.6081069,0.1699081,0.8918576,-0.14754498,0.15823562,-0.77710396,0.79012156,0.52761346,-0.5077087,-0.65864825,-0.11935739,-0.4555481,0.9628648,-0.63161844,-0.35560545,-0.09676741
397,-0.6379757,0.48856497,-0.12782827,-0.029098522,-0.49000213,0.3789915,0.65675807,-0.29634556,0.29086965,-0.7947612,0.33121073,0.39055273,-0.5421213,-0.88477874,0.15689999,-0.08416448,0.45584303,-0.8531613,-0.40579098,-0.21471258
398,-0.6394271,0.6777839,-0.1105919,-0.036211673,-0.40537432,0.10688674,0.788085,-0.070688896,0.20324951,-0.76891214,0.70486516,0.8532491,-0.95222104,-0.46668446,-0.22418712,0.1671613,0.18528287,-0.5909317,-0.14124273,-0.6568606
399,-0.5566027,0.45052683,-0.035880823,0.1496905,-0.4435111,0.16270588,0.34282136,-0.5751371,0.43444806,-0.49651897,-0.2425652,0.63233757,-0.69196516,-0.773738,0.2322988,-0.4815029,0.7852029,-0.6367507,-0.6708689,0.6311573
400,-0.4621466,0.46786383,-0.09943678,-0.06644611,-0.3499144,0.6929509,0.8022609,-0.47196946,0.6864778,-0.795945,-0.07243405,0.6181917,-0.6588418,-0.809753,-0.13059399,0.07628674,0.7254079,-0.44915426,-0.29496297,0.13596652
401,-0.42263195,0.45991564,-0.19198759,-0.05043744,-0.5247485,0.66643417,0.95607615,-0.31704432,0.7734032,-0.6017823,0.0985572,0.9785865,-0.2841251,-0.7106987,0.013544585,0.19309835,0.70098364,-0.52301306,-0.48959184,0.1998844
402,-0.54726034,0.63031936,-0.09608236,0.0073472327,-0.57927036,0.285481,0.91833687,-0.6118358,0.50699025,-0.6551725,0.27951777,0.9566684,-0.116215184,-0.93665093,-0.22063257,-0.21674356,0.8187535,-0.29770565,-0.00058209477,0.05660655
403,-0.5499885,0.41950306,-0.07511104,-0.08547833,-0.5025708,0.2135595,0.72955495,-0.34892133,0.4567924,-0.4427332,-0.028623335,0.65914124,-0.8273075,-0.9722782,-0.041936003,-0.30331326,0.6936146,-0.820006,-0.42559028,0.23460524
404,-0.24147765,0.27429676,-0.098737076,-0.070129275,-0.4991487,0.18547349,0.7501101,-0.72309774,0.64102226,-0.580906,-0.17644982,0.56749994,-0.7224653,-0.77352303,0.18257242,-0.50637484,0.96188337,-0.7240616,-0.65590394,0.5741313
405,-0.5803979,0.47239894,-0.16513148,0.022208057,-0.4788335,0.34373617,0.8072561,-0.3826841,0.50385666,-0.20858599,0.021393217,0.5518409,-0.32345003,-0.960064,0.011583277,0.11289822,0.47596437,-0.43149924,-0.04464013,0.37539232
406,-0.4970281,0.35629338,-0.081562914,0.12353382,-0.57481223,0.67865014,0.96031547,-0.23117709,0.3129159,-0.61981565,0.50468504,0.7068451,-0.5270973,-0.6705521,-0.47469577,0.3059567,0.4917904,-0.8367243,-0.12236847,0.042017758
407,-0.5917461,0.5489754,-0.06171989,0.10624415,-0.5382096,0.0413146,0.8471461,0.0041718576,0.32138288,-0.40011162,0.5140027,0.98255026,-0.857719,-0.787718,0.011885398,-0.18291019,0.6803838,-0.7997919,-0.30809724,-0.1472741
408,-0.43156755,0.39937896,-0.20672554,-0.050288722,-0.63360566,0.3147139,0.8036121,-0.8084484,0.58648485,-0.81367576,0.27563366,0.5521383,-0.60885286,-0.84152675,0.13494352,-0.46708465,0.7495316,-0.3825996,-0.6254224,0.024902552
409,-0.4911668,0.5766729,-0.18396106,-0.0012512073,-0.50893456,0.3250822,0.64354473,-0.31342748,0.23396567,-0.93596655,0.46830538,0.77842295,-0.3153221,-0.6991182,-0.3109666,0.18015896,0.98978233,-0.62106246,-0.20421626,0.17643587
410,-0.49671575,0.41688836,-0.10208914,-0.013474397,-0.4929491,0.8220441,0.9729568,-0.105760954,0.96675265,-0.3760104,-0.06307148,0.8827109,-0.7005333,-0.61501956,0.07165951,0.51945806,0.32984462,-0.7733384,-0.6284024,0.080556706
411,-0.5512923,0.5606972,-0.2628743,-0.107665055,-0.5872587,-0.008644924,0.4028709,-0.89724994,0.2923928,-0.45042154,-0.2664082,0.6609905,-0.8351568,-0.78071994,0.43343106,-0.5542214,0.73460215,-0.8354782,-0.9423954,0.4186881
412,-0.4727613,0.5056988,-0.2043256,0.013965879,-0.51883006,-0.22436412,0.9183866,-0.63683736,-0.4519075,-0.93320274,0.70530766,0.8255098,-0.84226835,-0.57902545,-0.24994035,-0.52986264,0.8738649,-0.43922848,-0.19307254,-0.6686437
413,-0.44541097,0.26961148,-0.14775507,0.09216805,-0.4688838,0.36866432,0.42305955,-0.98967886,-0.110496044,-0.91507065,-0.05620948,0.017120382,-0.85342383,-0.8218996,0.26972702,-0.48956588,0.8313124,-0.9012456,-0.81608224,0.1208892
414,-0.3505898,0.45500565,-0.2011618,0.027386509,-0.4734142,0.26669946,0.9694538,-0.31910482,0.3103728,-0.7236358,0.53969544,0.8421289,-0.49878228,-0.79664356,-0.31529453,-0.16091874,0.6758769,-0.4081034,0.21191381,0.30238795
415,-0.48412836,0.5172774,-0.09939804,0.0732043,-0.5449399,-0.20750363,0.6843699,-0.94217837,0.12773767,-0.49843827,-0.119664736,0.78688633,-0.85384756,-0.6909155,0.3733929,-0.49543554,0.8437254,-0.66288626,-0.7406398,0.31009272
416,-0.44207892,0.53943455,-0.13109742,0.05068528,-0.48365754,0.03647074,0.6977507,-0.37535864,0.39536095,-0.27932635,0.45718423,0.94238985,-0.30908403,-0.7441105,0.24184532,-0.22156416,0.83555,-0.2896574,0.0005593613,0.13906099
417,-0.42944166,0.53146327,-0.08676138,0.064264864,-0.6024242,0.4658486,0.97946346,-0.23310786,0.54192203,-0.41857636,0.73334163,0.9916736,-0.2814037,-0.7200883,0.1875843,-0.05563385,0.52698606,-0.42703912,-0.17537455,-0.3629742
418,-0.4137031,0.4489213,-0.13275138,0.0036944314,-0.40714583,0.016101686,0.86237085,-0.23937882,0.087978065,-0.75853306,0.1361688,0.60145634,-0.8835527,-0.97323865,-0.14523329,-0.038106397,0.99048424,-0.81875116,-0.098678224,0.61565393
419,-0.2678623,0.23446548,-0.13975485,0.12797418,-0.5538743,0.6298001,0.941272,-0.60377955,0.97694254,-0.5438477,-0.46725973,0.6751385,-0.41279802,-0.8036886,0.5225442,-0.09266723,0.797419,-0.65141165,-0.8578821,0.5699504
420,-0.40010062,0.40310925,-0.1484644,-0.009256194,-0.4890605,0.26843956,0.9024002,-0.31119657,0.10967988,-0.59948623,0.16970003,0.5669878,-0.71408606,-0.8056056,-0.0872754,0.039973732,0.6678361,-0.81964713,-0.27495584,0.09942606
421,-0.50968564,0.6923066,-0.20251364,-0.09854879,-0.47748753,0.69396704,0.9145772,0.045788452,0.64415604,-0.6939756,0.12682447,0.45792514,-0.92846686,-0.79121065,0.18830363,-0.021891275,0.8710635,-0.99271107,-0.34078613,0.6514673
422,-0.32708234,0.22373529,-0.08645442,-0.010950151,-0.47448653,0.09994759,0.5766816,-0.33972427,0.4898557,-0.63633734,0.17323281,0.73697144,-0.43798268,-0.84824914,-0.09725252,0.14272137,0.47704387,-0.7374137,-0.3375757,-0.062215164
423,-0.43436128,0.39864138,-0.13301104,-0.010789952,-0.59411323,0.7660389,0.8579839,-0.14009175,0.40731144,-0.7763634,0.21307126,0.3926292,-0.61887443,-0.94447887,0.13496883,0.22996143,0.7166693,-0.9933696,-0.30812752,0.42492962
424,-0.52290547,0.46572807,-0.047738597,-0.18099573,-0.42170554,0.5472276,0.6903237,-0.074170485,0.542691,-0.64775366,0.36699453,0.44220045,-0.71537924,-0.9236762,-0.18237826,-0.22587962,0.7571759,-0.64740276,-0.14224452,0.33246496
425,-0.60272926,0.638636,-0.11342751,0.04459002,-0.41027626,0.8586224,0.94233847,0.32914302,0.5847863,-0.887349,0.2676595,0.7083354,-0.7009062,-0.71442753,-0.28276616,0.4956604,0.047711402,-0.9926642,-0.19260019,0.26177078
426,-0.44055492,0.4485827,-0.1125587,0.13455294,-0.68732965,0.65562737,0.9242266,-0.52953476,0.588649,-0.89934385,0.31590086,0.6041108,-0.49420843,-0.94576424,-0.004559897,-0.17517272,0.72054386,-0.33564,-0.3872024,0.09927199
427,-0.6454634,0.61136484,-0.099842206,0.042296927,-0.5584831,-0.025562605,0.72890633,-0.41288954,0.23291682,-0.7213689,0.4041638,0.80447865,-0.73813,-0.9411142,0.08515327,-0.4058847,0.8316143,-0.8524259,-0.5309627,-0.044736832
428,-0.45837015,0.30310377,-0.10602062,0.11326747,-0.5248025,0.5103149,0.93991244,-0.14186905,0.5403479,-0.8812339,0.117935784,0.7306748,-0.5446458,-0.6828069,-0.09304221,0.31637633,0.47314855,-0.85046774,-0.49970224,-0.15874727
429,-0.42755878,0.48904312,-0.12543516,0.006845745,-0.6739122,0.28724867,0.946417,-0.6797589,0.27191633,-0.64118975,0.41052425,0.90000564,-0.6153469,-0.8661197,0.035138372,-0.2883874,0.9683215,-0.45241144,-0.4956827,-0.15687543
430,-0.46461225,0.45371962,-0.12931152,0.055529483,-0.46708453,0.20863387,0.8940511,-0.2939094,-0.03516167,-0.65578735,0.5570717,0.47222137,-0.46015316,-0.81906664,-0.094846606,-0.24383278,0.9186059,-0.7815796,-0.18577088,0.060625456
431,-0.47669828,0.57561654,-0.105062485,0.17364296,-0.5068049,0.20765603,0.86266947,0.028118214,0.4082807,-0.6653415,0.5767105,0.86481464,-0.9182469,-0.58539194,-0.016591953,-0.089877605,0.5433082,-0.6143944,-0.4986882,-0.5029066
432,-0.68723905,0.4831248,-0.03906437,0.0368382,-0.39786232,0.48073548,0.8368071,-0.23616411,0.4681829,-0.9010688,0.366467,0.6701161,-0.8091948,-0.7820323,-0.16081144,-0.21901296,0.7669781,-0.76245207,-0.37891883,0.1430268
433,-0.39862812,0.52927375,-0.11235593,0.10069997,-0.5958278,0.3831126,0.89082885,-0.3801451,0.4257425,-0.8777004,-0.13395768,0.5684206,-0.38608816,-0.9690183,0.22288536,-0.06184922,0.8377937,-0.75302416,-0.32491466,0.46044853
434,-0.739185,0.81374115,-0.18129107,0.12070078,-0.6031144,0.38529614,0.6549148,-0.42637306,0.69053847,-0.44174442,0.06226913,0.92769086,-0.97847575,-0.47490266,0.3790413,-0.24648973,0.7658507,-0.86015767,-0.9202175,-0.22856344
435,-0.5787292,0.43860915,-0.108606465,0.0838919,-0.53736955,0.21882582,0.92354023,-0.31126675,0.4010276,-0.57391566,0.550008,0.51908314,-0.31407923,-0.96240956,-0.10438089,-0.124848664,0.4999713,-0.54952705,0.027917786,-0.095590144
436,-0.6572321,0.4772193,-0.07063032,0.082000755,-0.38168284,0.57163125,0.47453755,-0.14746815,0.58603936,-0.36525038,-0.33630556,0.87492836,-0.8305242,-0.8472913,0.030533675,0.4760205,-0.04927321,-0.90075576,-0.64088905,0.30472004
437,-0.4748737,0.3922905,-0.12817113,0.039944656,-0.44840965,0.46435863,0.30363622,-0.3224637,0.42640835,-0.6819136,-0.036675286,0.59690195,-0.68298244,-0.6310721,0.36300424,0.13090739,0.12061094,-0.9360688,-0.7526169,-0.0074991435
438,-0.58009046,0.46825752,-0.09781225,0.009476989,-0.63576794,0.14163774,0.506995,-0.5753834,0.0026374636,-0.7794966,0.24445555,0.48332343,-0.53076047,-0.80708396,0.370073,-0.11255049,0.8421721,-0.71786773,-0.5267358,0.01251905
439,-0.55152154,0.47117698,-0.1082409,0.021479793,-0.39980912,0.4227065,0.54289794,-0.62541705,0.65987617,-0.64856136,-0.1568545,0.39269707,-0.5311813,-0.8345329,0.2545207,-0.1572719,0.76645124,-0.5684734,-0.4789698,0.72928715
440,-0.45319024,0.49393803,-0.10429232,0.0840769,-0.41522786,0.352756,0.8587956,-0.7564205,0.36918128,-0.53091735,0.29189146,0.5110031,-0.16541305,-0.9914132,0.077504165,-0.34626722,0.89292496,-0.46163428,-0.14110266,0.50681543
441,-0.720379,0.6117099,-0.040400866,0.07977868,-0.5582799,0.37987405,0.75004876,-0.13935007,0.26510105,-0.8125986,0.48639867,0.7334971,-0.7017313,-0.8280259,-0.15117294,-0.24069816,0.8077726,-0.6702224,-0.3253161,0.14164792
442,-0.38069507,0.36287782,-0.17824273,-0.11148054,-0.53719026,0.44540566,0.68196577,-0.48070252,0.31586802,-0.69309103,0.21579245,0.7076245,-0.5507692,-0.6212878,0.092632145,-0.3435066,0.740669,-0.73518527,-0.64058924,0.14608575
443,-0.5059436,0.32857043,-0.12168499,-0.14175504,-0.43341017,0.38724652,0.8092743,0.05679024,0.10521812,-0.81723535,0.5586187,0.67121005,-0.8981681,-0.62332016,-0.13320734,0.13407762,0.45910543,-0.85564405,-0.44683152,-0.47655407
444,-0.44126004,0.46917456,-0.12508564,0.124179475,-0.6262595,0.60679334,0.7889049,-0.3913015,0.5944931,-0.68384296,0.015466251,0.6554963,-0.5800973,-0.8204348,0.0021844946,0.023402937,0.6670888,-0.74594706,-0.5827132,0.068749264
445,-0.37468138,0.41529474,-0.06433558,0.09250572,-0.47838,0.31030738,0.8904475,-0.44412377,0.22648737,-0.6890354,0.3458549,0.8583995,-0.49219933,-0.9206877,-0.24214551,0.10521185,0.6109536,-0.8393647,-0.17009893,-0.02831378
446,-0.5731942,0.39692068,-0.03057664,0.18917441,-0.49083334,0.8282395,0.81958425,-0.20518108,0.7450994,-0.67877024,-0.28592208,0.5287122,-0.4855232,-0.84188515,0.015274747,0.07133849,0.064316906,-0.9491091,-0.6150041,0.25854808
447,-0.47684035,0.37164024,-0.10829031,0.023639139,-0.5443987,0.75690633,0.7770323,-0.37931123,0.7666877,-0.56801534,-0.13125579,0.43865287,-0.7248197,-0.42798042,0.33144918,-0.1751519,0.8482203,-0.8677463,-0.95600915,0.5103686
448,-0.42662546,0.38683325,-0.08034205,-0.12759793,-0.29712012,0.13477446,0.74010414,0.023392186,0.1416575,-0.27928546,0.14504132,0.8302692,-0.8145135,-0.8151218,0.06774447,0.03734681,0.4901544,-0.7425822,0.017546428,0.40850785
449,-0.34756047,0.4401121,-0.19057237,0.013478594,-0.56999844,0.09463531,0.7646152,-0.27965704,0.05016496,-0.81945634,0.27055982,0.5731508,-0.58291006,-0.9546834,-0.048549328,-0.28385666,0.865844,-0.6147276,-0.13918824,0.27399006
450,-0.2486407,0.46324435,-0.09607446,-0.030479832,-0.4393644,0.33654878,0.65756667,-0.44042113,0.353457,-0.912883,0.35084084,0.7252582,-0.34172425,-0.9284671,-0.11906456,-0.07392037,0.968805,-0.54340965,-0.19931385,0.3554331
451,-0.79217297,0.72830355,-0.04119892,-0.09503986,-0.29216468,0.32747394,0.96167153,-0.6679872,0.30579478,-0.880064,-0.23193638,0.53704536,-0.46687818,-0.7972648,-0.28832775,-0.014310405,0.6518513,-0.6184209,-0.1293336,0.47563356
452,-0.656343,0.62466425,-0.13788316,0.047672566,-0.65115637,0.92617106,0.8763773,-0.28508386,0.71802104,-0.76832616,-0.01736125,0.63978153,-0.3063793,-0.86435264,0.21649536,0.11822981,0.3839709,-0.51909745,-0.5127542,0.20026782
453,-0.5518968,0.68705976,-0.12645215,-0.06647742,-0.39937863,0.027463984,0.37138686,-0.98383385,0.28191975,-0.87277406,0.26053572,0.7699299,-0.89384454,-0.46042305,-0.07347095,-0.34362054,0.8765515,-0.55889946,-0.98694664,-0.23454295
454,-0.6045019,0.46632424,-0.09196975,0.19040215,-0.68363863,0.121964835,0.58544064,-0.2539434,0.14907496,-0.95675135,0.15288496,0.8941589,-0.7469413,-0.6698189,0.052905835,-0.032699812,0.73390996,-0.80549234,-0.73331845,0.26365706
455,-0.51441205,0.5815561,-0.05390569,-0.016362125,-0.43392357,0.49018237,0.8668913,-0.2079242,0.53591347,-0.8531179,0.58943385,0.6941611,-0.5888558,-0.88157386,-0.033803258,-0.106035285,0.9387946,-0.50815773,-0.16079144,0.05070525
456,-0.56202364,0.4060351,-0.12454767,0.08985613,-0.49328423,0.77748907,0.21934125,-0.45835665,0.9603339,-0.65964556,-0.43924958,0.5268851,-0.27557904,-0.7069454,0.24974273,-0.059596963,0.59768647,-0.8683745,-0.9683761,0.8127072
457,-0.41613302,0.503982,-0.17410469,0.06076321,-0.7013458,0.25105563,0.94561875,-0.13078474,0.15521672,-0.85300374,0.59156036,0.83087164,-0.7744462,-0.81313485,-0.21018174,0.072127104,0.6207849,-0.80616796,-0.1894205,-0.33953917
458,-0.40837932,0.4237633,-0.0699134,0.011433229,-0.40325314,0.09035636,0.63833195,-0.34747633,0.042061664,-0.55207145,0.3898797,0.6023859,-0.4121195,-0.9332123,0.054717384,-0.08413558,0.7948917,-0.88433284,-0.111394756,0.21382564
459,-0.43111774,0.45414382,-0.24000853,0.04448527,-0.48196873,0.12959366,0.42922747,-0.8779831,0.40069893,-0.39580628,-0.123590395,0.73440075,-0.5760242,-0.7828958,0.23841138,-0.3692263,0.867022,-0.6449606,-0.5588259,0.20330389
460,-0.5975802,0.37978613,-0.06699589,0.032320194,-0.42188495,0.14266777,0.88171184,-0.3510248,0.54145247,-0.5029101,-0.16855235,0.583845,-0.9761995,-0.7203636,0.24070758,-0.16291027,0.8755705,-0.58107644,-0.81009173,0.31621462
461,-0.46205148,0.36588183,-0.07389105,-0.0065818094,-0.4717206,0.5126981,0.912725,-0.8465232,0.8933978,-0.43818322,-0.65829027,0.97496444,-0.62426186,-0.4572779,0.04299934,0.3223541,0.6552284,-0.7397822,-0.76764876,0.40606898
462,-0.42811987,0.2964944,-0.08650106,-0.023341589,-0.45943728,0.13104227,0.5709425,-0.7286432,0.34007278,-0.5710481,-0.054694574,0.6143055,-0.62968826,-0.802393,0.11391423,-0.12473456,0.68148804,-0.9893144,-0.7267299,0.36449113
463,-0.5030862,0.4864422,-0.12979984,0.041697673,-0.42769486,0.1574915,0.5292502,-0.9459648,0.3682051,-0.5018152,-0.09594495,0.6769546,-0.9237592,-0.7656327,-0.04985357,-0.19434968,0.79501,-0.9350822,-0.59564525,0.5338341
464,-0.5280149,0.42727503,-0.08024977,0.05004034,-0.4502532,0.19458003,0.7293974,-0.8544086,0.70183706,-0.46126992,0.22347182,0.89890736,0.074189164,-0.9560703,0.0806063,-0.26080838,0.9001788,-0.24986517,-0.021519903,0.3775904
465,-0.5097185,0.51833826,-0.15939723,0.083170265,-0.5025722,-0.24776319,0.5266888,-0.9533114,0.217086,-0.88525325,0.6694204,0.8522576,-0.9144484,-0.25215495,0.07976866,-0.8629393,0.89281696,-0.48592916,-0.5753041,-0.46857554
466,-0.4142495,0.32892704,-0.13495266,-0.021313682,-0.58120185,0.2753945,0.7873871,-0.76966673,0.023287356,-0.7010954,0.8149268,0.56286466,-0.31306443,-0.65189415,0.13282701,-0.36702132,0.40710098,-0.36853996,-0.48361388,-0.8339808
467,-0.5694264,0.49813163,-0.11336383,-0.019181322,-0.47289923,0.06816781,0.7807013,-0.53380936,0.5000369,-0.32762766,0.03380194,0.95283836,-0.9620343,-0.82552266,-0.172732,-0.47075677,0.72081167,-0.48118696,-0.436541,0.1257731
468,-0.60728097,0.6370692,-0.109238304,0.001095027,-0.46628466,0.111201964,0.9087604,-0.34860197,0.19107042,-0.6015992,0.5567912,0.9496907,-0.488588,-0.6539011,0.14376384,-0.10725867,0.6894575,-0.45973748,-0.31169343,-0.42164534
469,-0.37867394,0.38604444,-0.15807222,0.002345255,-0.58326906,0.15621679,0.7443004,0.026356284,0.23600297,-0.5918649,0.37340242,0.91121703,-0.57731205,-0.96879447,-0.39474273,0.20895578,0.016621014,-0.7047946,-0.042338666,-0.20234853
470,-0.39730817,0.55552036,-0.1739922,-0.030099425,-0.52163076,0.24643539,0.9099531,-0.43440893,0.17907281,-0.737091,0.25440022,0.5233056,-0.6261295,-0.9730531,0.024677787,-0.2844442,0.9441266,-0.7193771,-0.2694581,0.5687742
471,-0.58035797,0.5758044,-0.15041675,0.007349955,-0.5267519,0.45829105,0.7503116,-0.012574192,0.3616973,-0.5722813,0.13227205,0.9532911,-0.6327047,-0.7757968,-0.42945313,0.25432873,0.3014424,-0.79341966,-0.15824641,0.10115934
472,-0.5432982,0.40706146,-0.10719662,-0.13157077,-0.44202158,0.2696562,0.5432648,0.19875489,0.038082708,-0.8837309,0.37864417,0.71987796,-0.81430453,-0.8082995,-0.22694768,0.105615236,0.30123895,-0.88913584,-0.3009898,-0.065295994
473,-0.41033676,0.24107745,-0.044772796,0.06650765,-0.4594365,0.3773894,0.6312167,-0.33067328,0.5119569,-0.81452477,-0.23511182,0.7109021,-0.47945952,-0.92794275,-0.07922517,0.09800517,0.50969726,-0.67728555,-0.4809341,0.22617374
474,-0.33092335,0.28236142,-0.115203924,0.1227652,-0.57731855,0.38788882,0.96649766,-0.16069658,0.25038785,-0.9686104,0.9407943,0.87138927,-0.11687719,-0.91189885,-0.48965874,-0.02975899,0.45512128,-0.20262893,0.43796948,-0.25064835
475,-0.5405606,0.44435555,-0.040753108,0.05090874,-0.6252453,-0.028158013,0.50383496,-0.13738562,0.060847808,-0.7637994,0.49486202,0.40402195,-0.9113971,-0.5062682,0.2783421,-0.30249706,0.79374874,-0.8629322,-0.4337512,0.18345428
476,-0.7319523,0.57595325,0.019334989,0.097802535,-0.33489367,0.20310341,0.6282334,-0.5413171,0.425102,-0.8588796,0.0012703044,0.8871811,-0.2999018,-0.84904605,-0.11153973,-0.18594964,0.8458771,-0.42878705,-0.21766509,0.34209034
477,-0.3524849,0.17427127,-0.082607724,0.028764091,-0.5732322,0.6660481,0.6645157,-0.35827738,0.91455954,-0.5130551,-0.2539525,0.78379375,-0.83629113,-0.55704147,0.3345448,0.1413504,0.34477058,-0.8200783,-0.9283362,0.2629445
478,-0.547549,0.6011799,-0.076731436,0.14607604,-0.4437755,0.26768652,0.62793005,-0.4909953,0.62225616,-0.96048874,0.049419146,0.9202411,-0.4153206,-0.9147092,0.0066840285,-0.050368376,0.99094623,-0.36664858,-0.39922222,0.410013
479,-0.42106223,0.5594436,-0.079123706,0.15460962,-0.5897013,0.29038343,0.8938196,-0.4927226,0.53538483,-0.51027846,0.3112043,0.80876863,-0.31699353,-0.81156385,0.15848963,-0.18255083,0.7560173,-0.32844713,-0.1883839,-0.07232749
480,-0.5566736,0.36192435,-0.05495103,-0.0049856175,-0.42699108,-0.06638042,0.9138476,-0.3774666,0.1370751,-0.86013883,0.3230474,0.6774149,-0.89739364,-0.8917735,0.02895623,-0.530321,0.8738151,-0.5816306,-0.30179262,0.118938975
481,-0.47937015,0.4482691,-0.096805885,0.010136959,-0.61636263,0.07276921,0.68510765,0.10361817,0.111101545,-0.6417724,0.45927367,0.7775373,-0.66075367,-0.9197926,0.1309879,-0.16657093,0.85294527,-0.7050262,-0.056854267,0.20750211
482,-0.19827874,0.16056861,-0.09806962,0.0941347,-0.6587148,0.19176926,0.81834745,-0.37596217,0.14358364,-0.50424695,0.3292274,0.9397944,-0.706476,-0.6577671,0.152497,-0.3228185,0.796688,-0.65664476,-0.490914,-0.31163034
483,-0.5808005,0.43607774,-0.0022955346,0.07803761,-0.5772196,0.27902243,0.81523377,-0.8865641,0.4353257,-0.8474244,0.52181035,0.91003793,-0.21945138,-0.73233134,0.040938426,-0.11814583,0.65147126,-0.44265282,-0.11875155,-0.28585383
484,-0.64530355,0.47873664,-0.0716223,0.0114113325,-0.617831,0.16459736,0.71423286,-0.39867577,0.34370792,-0.9109212,-0.12646024,0.58903575,-0.72077745,-0.9806703,0.096285045,-0.3851778,0.822624,-0.64576954,-0.61273205,0.48193055
485,-0.5293385,0.62972546,-0.10275423,0.054947037,-0.5550694,0.4598629,0.5592447,-0.30532816,0.17730142,-0.6435918,0.23035413,0.3041071,-0.46000338,-0.991524,0.20543171,-0.4825832,0.78271925,-0.6871855,-0.3226599,0.35358918
486,-0.54450554,0.3009346,-0.05308694,0.03743816,-0.4676882,0.05490626,0.83192456,-0.40235066,0.17593232,-0.25311723,0.06623598,0.9357999,-0.86181676,-0.84261644,-0.061449897,0.055130016,0.115353815,-0.9465059,-0.37329656,-0.5872125
487,-0.5636708,0.54745656,-0.11183677,-0.047076337,-0.5221178,-0.10135844,0.6931889,-0.34081605,0.33897644,-0.6774891,-0.022763638,0.9635194,-0.8640896,-0.7907249,-0.12695302,-0.4061038,0.77896684,-0.91878295,-0.6209717,0.3165472
488,-0.5421014,0.41737723,-0.090789795,0.077679105,-0.53597724,0.42587945,0.36968872,-0.18426181,0.5542091,-0.66806656,0.18204832,0.7947287,-0.34438878,-0.93830085,0.14122632,0.19746448,0.5005697,-0.57910115,-0.39248395,0.21850696
489,-0.6176848,0.46197036,-0.007992581,-0.04291323,-0.35055304,0.28162867,0.86617666,-0.24472167,0.5858825,-0.43604952,0.21253334,0.9200509,-0.92750955,-0.7685542,0.03476693,0.01864635,0.4514496,-0.5636634,-0.27246746,0.042935006
490,-0.44925794,0.42378792,-0.119658105,-0.096786425,-0.3541095,0.72948986,0.78922045,-0.54049873,0.3983222,-0.7832036,0.15080222,0.084812485,-0.023836402,-0.85684335,-0.04579326,-0.05155337,0.7690476,-0.71846753,-0.05831911,0.47517595
491,-0.51234895,0.5744079,-0.19387639,-0.010294678,-0.5932236,0.166218,0.4934087,-0.81646276,0.12919107,-0.961893,-0.27838337,0.9739443,-0.8491264,-0.8125164,0.18681787,-0.31612128,0.94430894,-0.77838945,-0.78157574,0.24567062
492,-0.28778493,0.3190013,-0.14411575,0.04246535,-0.551363,0.5622047,0.82327807,-0.18735647,0.53020054,-0.5318806,0.12700915,0.520558,-0.5840949,-0.79471725,0.13463418,0.0052951495,0.7938371,-0.8577207,-0.38858646,0.4568003
493,-0.49938032,0.40018874,-0.029898223,0.047994856,-0.4799983,0.59326506,0.97347003,0.023749607,0.5606882,-0.8429228,0.20867412,0.60549295,-0.4863143,-0.7504891,-0.15962495,0.11616802,0.6289697,-0.6772862,-0.2104531,0.29254678
494,-0.5918624,0.50808537,-0.07005939,-0.00628816,-0.45907208,0.44262117,0.94994223,-0.14263251,0.13017657,-0.8355093,0.22066802,0.51947105,-0.79070103,-0.65175265,0.24629755,-0.1584299,0.71022445,-0.49069092,-0.43693593,-0.11791296
495,-0.8048593,0.6739404,-0.071071945,0.11266016,-0.56846154,0.26471928,0.87281585,0.08889873,0.2916532,-0.93976974,0.16360418,0.94945365,-0.9619532,-0.77813685,-0.17322546,0.4354841,0.3886019,-0.6753492,-0.27084517,0.0411674
496,-0.61643064,0.46636674,-0.119822845,0.032001335,-0.39623868,0.065274104,0.42157933,-0.28675997,0.1920101,-0.76521176,0.45198044,0.53841066,-0.4240485,-0.96531445,0.083934955,-0.11340633,0.452944,-0.5681961,-0.40427426,-0.346958
497,-0.546582,0.7133553,-0.15507889,-0.1830305,-0.45700103,0.48487127,0.97953516,-0.4978293,0.66649824,-0.34825158,0.061004948,0.913721,-0.35085335,-0.8871075,-0.082880616,0.19163351,0.58815503,-0.48296306,-0.06599711,0.33751366
498,-0.5122573,0.45214754,-0.093224816,-0.019333532,-0.44122943,0.44878465,0.6624323,-0.5020235,0.43297112,-0.9164013,-0.064488195,0.57614475,-0.79200333,-0.9116132,-0.086345375,-0.2065221,0.5448894,-0.6769641,-0.4674484,0.12130896
499,-0.5344368,0.46263102,-0.03393395,0.036816068,-0.40462577,0.24146771,0.96549094,-0.7767583,0.55319387,-0.7706422,0.13128921,0.9465907,-0.53645706,-0.94503164,-0.12508476,-0.18268459,0.81416035,-0.5927987,-0.1416061,0.41656643
500,-0.5672211,0.50649554,0.008438477,0.0312146,-0.39918086,0.5942472,0.87089574,-0.035962507,0.60936254,-0.50638765,0.035265923,0.9493351,-0.19816458,-0.94539106,-0.1913542,0.45167834,0.4944097,-0.5777383,0.0149351815,0.47859344
501,-0.53743035,0.35842487,-0.10347097,0.04094917,-0.44011548,-0.09607709,0.3775805,-0.81565964,0.2128003,-0.6365208,0.048307206,0.8555518,-0.6852269,-0.93879515,0.075472586,-0.19974272,0.48053545,-0.6364042,-0.5810673,0.018442765
502,-0.4222767,0.37217864,-0.10911637,-0.05178372,-0.510906,0.08536017,0.7565068,-0.5865757,0.0058963527,-0.7749892,0.5316433,0.3600058,-0.88125974,-0.59533787,0.35049883,-0.28388703,0.9537147,-0.5430733,-0.6329364,-0.29610482
503,-0.57037,0.35031384,-0.051467307,-0.05767605,-0.48753393,0.05746962,0.47764498,-0.66808903,-0.012053702,-0.8160407,0.20260164,0.759313,-0.6328116,-0.5655564,-0.12419732,-0.0100480495,0.5213586,-0.5599097,-0.6520702,-0.160922
504,-0.6146917,0.4692045,-0.08075726,-0.006908185,-0.4430744,0.2029255,0.92861044,-0.0010856701,0.33288372,-0.8703911,0.34166926,0.84183216,-0.5298695,-0.89079183,-0.0675445,0.16367325,0.75803286,-0.5823609,-0.2966526,-0.0034041454
505,-0.68938273,0.5759263,-0.095294744,-0.05145663,-0.6045527,0.15876518,0.7233943,0.11795086,-0.025509436,-0.6238904,0.38157108,0.8721601,-0.72221285,-0.7429224,-0.17644547,0.054597747,0.2619402,-0.77384984,-0.1404785,-0.04356246
506,-0.5851427,0.46488827,-0.10154957,-0.03817821,-0.5198496,0.0056266333,0.60517764,-0.5253129,0.21206045,-0.8002255,0.11337638,0.7707901,-0.6477235,-0.81095773,-0.10164831,0.3203622,0.6043592,-0.88325703,-0.564032,0.23306768
507,-0.43386984,0.2724955,-0.10465093,0.09970989,-0.29481038,0.31250846,0.4380595,0.028776176,0.2565031,-0.65585256,0.34847853,0.7878295,-0.29702297,-0.83994484,-0.34882453,0.30745155,0.13666847,-0.7901745,0.02366074,0.0021336754
508,-0.3840147,0.46132475,-0.22928637,0.049709763,-0.4897295,0.6540699,0.9629507,-0.6587802,0.44051963,-0.82631177,-0.04097913,0.47804466,-0.6495378,-0.8485602,-0.07079917,0.03658597,0.6343302,-0.80071515,-0.46712655,0.6274791
509,-0.45977834,0.47530922,-0.15776585,0.008313044,-0.49658397,0.19596785,0.62899905,-0.40321666,0.23573291,-0.46078637,0.35504937,0.6878552,-0.5726685,-0.64643437,0.15839936,-0.2576463,0.790005,-0.6947266,-0.4616864,-0.054994795
510,-0.44874156,0.08629934,-0.078872,0.08077586,-0.616418,0.0796544,0.6242107,-0.44417903,-0.00983466,-0.46376434,0.212539,0.981362,-0.9128841,-0.91016763,0.09514067,-0.38731557,0.22586562,-0.6888188,-0.45183158,-0.13563827
511,-0.5419955,0.3973808,-0.06670986,0.11687612,-0.44600767,0.121008076,0.6503275,-0.49776542,0.10948406,-0.8334043,0.22948542,-0.3058212,-0.87674636,-0.9665707,0.28478792,-0.5605951,0.97589517,-0.6735154,-0.5045529,0.37688315
512,-0.588167,0.41179878,-0.030047396,0.09284234,-0.49043047,0.60639924,0.93175113,-0.20670089,0.5982487,-0.36142296,-0.17259002,0.6253589,-0.5411264,-0.96665525,-0.106786214,0.4312687,-0.022648806,-0.9139227,-0.33896533,0.20220011
513,-0.6075712,0.2714622,-0.026033131,0.16651395,-0.42934123,-0.19669235,-0.1540035,-0.90393794,0.24058929,-0.81236243,-0.036776602,0.55304897,-0.5249233,-0.92662203,0.36706206,-0.51711804,0.9657208,-0.7654,-0.7551212,0.42746475
514,-0.37089425,0.30770722,-0.14308922,-0.008278311,-0.39459857,0.8128367,0.91940045,-0.73566675,0.84016937,-0.45705992,-0.35988843,0.37152442,0.018598132,-0.8904973,0.09123817,-0.14948715,0.5793994,-0.2633948,-0.4390295,0.34699452
515,-0.5786301,0.61551344,-0.11542356,0.0032824231,-0.5051099,0.3411648,0.71265924,-0.46510544,0.60262525,-0.84092146,0.50580746,0.8127137,-0.4650961,-0.7172302,-0.06999377,-0.3541474,0.80785674,-0.43347493,-0.34040478,0.090391256
516,-0.4355545,0.2310614,-0.074403666,0.014677455,-0.4926325,0.19544195,0.51760495,-0.72801864,0.15755948,-0.76034737,0.19333485,0.9025427,-0.5865369,-0.50177485,-0.16605309,0.37896153,0.294207,-0.79681623,-0.32036203,-0.46293303
517,-0.614622,0.5545118,-0.15699145,0.08389616,-0.5030873,0.20535032,0.7682346,-0.536258,0.2909464,-0.55079335,-0.08617104,0.8065774,-0.7246253,-0.7691829,0.18989433,-0.3164207,0.7329862,-0.3171423,-0.4573126,0.044771273
518,-0.39357564,0.4440955,-0.12421848,0.099893115,-0.5726815,0.38917875,0.55369467,-0.9486716,0.52094823,-0.8484429,-0.027762473,0.7627988,-0.4910732,-0.6804456,-0.033313345,-0.24695103,0.55591285,-0.5741209,-0.5977131,-0.11030788
519,-0.42478168,0.47934902,-0.13704836,0.042600635,-0.5064917,0.6108701,0.97716284,0.1778345,0.919396,-0.40372008,0.7232942,0.9620775,-0.09412025,-0.66378266,-0.1213009,0.19427444,0.5969132,-0.36464128,0.21040833,0.1752926
520,-0.4445671,0.39877197,-0.062215883,0.16516656,-0.47863585,0.1078773,0.97399324,-0.4126138,0.47366935,-0.5333687,0.5040541,0.66929877,-0.8778554,-0.9345936,0.07108993,-0.46176922,0.8261684,-0.62180907,-0.1735402,0.26724476
521,-0.593359,0.59673,-0.19187903,0.13411182,-0.47676912,0.4525273,0.9002198,-0.50008273,0.819122,-0.9668943,-0.09627911,0.823951,-0.9364094,-0.5185996,0.16294882,0.06519718,0.8438397,-0.8186531,-0.6088376,0.21297304
522,-0.7076496,0.6166161,-0.12477237,0.11282551,-0.51055956,0.3780939,0.7129429,-0.28461,0.6075417,-0.54332787,-0.35401943,0.732089,-0.79906255,-0.87566006,-0.08143696,0.10404739,0.6557004,-0.7358062,-0.67310774,0.32856202
523,-0.5191886,0.39632583,-0.09626957,-0.16321807,-0.47717303,0.704043,0.84697396,-0.31685385,0.74778754,-0.6587256,-0.55024755,0.87380826,-0.7328543,-0.8505516,0.39625221,0.30706728,0.3421277,-0.84722686,-0.84272116,0.2804187
524,-0.4740295,0.5116327,-0.12990043,0.07852597,-0.519029,0.16290228,0.98315823,-0.89802235,0.7372689,-0.27488357,-0.39613885,0.94805133,-0.68601406,-0.5412747,0.19309749,0.060091678,0.75758344,-0.6680177,-0.82779926,0.52355903
525,-0.5976082,0.4967721,-0.06213121,0.0518987,-0.59572744,0.3556193,0.52311045,0.042634837,0.5737126,-0.48116344,0.4827715,0.8840031,-0.7335325,-0.5424446,0.082713574,-0.21745342,0.34844673,-0.717808,-0.8067684,-0.5755583
526,-0.35041285,0.30011708,-0.17047557,-0.003406765,-0.61964417,0.7776564,0.7437081,-0.4630911,0.69297034,-0.6085213,-0.43129787,0.34351915,-0.8375968,-0.8233156,0.32332987,0.34401,0.47922385,-0.8165138,-0.7733092,0.4323023
527,-0.7041056,0.64426357,-0.05854077,0.05505285,-0.5864845,0.6547974,0.84958076,0.044390354,0.7161128,0.1103393,0.44359934,0.9605952,-0.27187365,-0.77734816,-0.23831818,0.22494683,0.025769463,-0.5858847,-0.29045916,-0.33170074
528,-0.4759725,0.43540353,-0.1226854,0.121146165,-0.5022543,0.29486582,0.81481653,-0.5973314,0.5473855,-0.79996693,-0.13769636,0.829419,-0.86958176,-0.7376245,0.14115132,-0.073289596,0.90054756,-0.9321024,-0.6817079,0.36194587
529,-0.5912888,0.47969466,-0.042992905,0.02273369,-0.68134433,0.34593454,0.9808011,-0.33564517,0.42826146,-0.7308737,0.229803,0.7204272,-0.39149985,-0.86711013,-0.044239182,-0.3322878,0.9576729,-0.38385722,-0.21145836,0.4115149
530,-0.5828297,0.5580464,-0.12291388,-0.06181241,-0.46931273,0.581056,0.64177626,-0.005493938,0.20368414,-0.84437525,0.5693893,0.5145489,-0.15927124,-0.8041163,-0.117200136,0.3827535,0.4665951,-0.5914187,0.0061981943,-0.06996152
531,-0.5258135,0.6511602,-0.040466078,0.030223578,-0.5077593,0.073961236,0.8432448,-0.6175749,0.22186968,-0.74047303,0.42532963,0.77336454,-0.17847845,-0.8765884,-0.024129504,-0.17300875,0.960422,-0.37576166,-0.038369898,0.4187958
532,-0.40545356,0.54631245,-0.18899496,-0.13983722,-0.4266255,0.71430206,0.61529756,-0.40806755,0.9327645,-0.43645912,-0.14642607,0.95697266,-0.04771284,-0.7861247,-0.054381732,0.28643167,0.27350506,-0.56766176,-0.34354123,0.47803542
533,-0.4707681,0.48688018,-0.11886276,0.015379206,-0.507941,0.29499105,0.72388875,-0.10331802,0.4627149,-0.50770414,0.5978507,0.90702313,-0.7468164,-0.68936324,-0.12089208,-0.08264523,0.20498487,-0.5327152,-0.20449895,-0.35516694
534,-0.4611074,0.4247315,-0.112305105,-0.059244193,-0.42806068,0.3470639,0.76199317,-0.35246608,0.46631974,-0.43439564,0.16853026,0.76292807,-0.7579977,-0.5097343,0.3021564,-0.0039602583,0.47574708,-0.5934286,-0.6407923,-0.059067026
535,-0.35631096,0.36280692,-0.10348224,0.05678338,-0.5168364,0.5348195,0.6831065,-0.5314198,0.8931613,-0.23216204,-0.12220655,0.90710586,-0.5154263,-0.76873714,0.16963997,-0.17681427,0.5918854,-0.86617,-0.7804053,0.44544697
536,-0.6027213,0.58600026,-0.10005689,-0.08292509,-0.41458237,0.17405687,0.6282842,-0.2660466,0.5954563,-0.039268043,-0.17476663,0.73497903,-0.8774554,-0.90904975,0.14311358,-0.072433814,0.4987839,-0.9672,-0.3608896,0.8003217
537,-0.54191,0.46519494,-0.21679187,-0.028976316,-0.5338415,-0.05735039,0.9142216,-0.51507306,0.051659793,-0.91356754,0.27141485,0.5506667,-0.97925,-0.6512673,0.16813931,-0.25889286,0.76080406,-0.9581896,-0.43956828,0.07312917
538,-0.4662964,0.37834734,-0.17715251,0.03000343,-0.7141917,0.6390038,0.8268523,-0.70851034,0.7768339,-0.8588715,0.2376064,0.71531504,-0.76569,-0.47907668,0.51218575,-0.09903249,0.69042045,-0.7481023,-0.9901881,-0.37529877
539,-0.52658963,0.39717388,-0.11948553,-0.006518132,-0.47490928,0.6514851,0.8307308,-0.5994023,0.9189518,-0.4435636,-0.095331155,0.8418838,-0.5629098,-0.6578556,0.38593546,-0.35098892,0.7202292,-0.3796907,-0.9703602,0.43237874
540,-0.599716,0.5328206,-0.095468506,-0.06387926,-0.36879364,0.06070581,0.4159936,-0.75988704,0.33037993,-0.8607164,-0.04217858,0.7782958,-0.7561378,-0.64470005,0.2937153,-0.43781894,0.781313,-0.574498,-0.86561495,0.018947812
541,-0.5195571,0.41099903,-0.018865803,0.035596967,-0.53038454,-0.24836574,0.6751523,-0.55857795,0.039513607,-0.46434572,0.17642431,0.8860662,-0.7057443,-0.6327884,0.23266278,-0.45391473,0.8571568,-0.4181724,-0.41089997,-0.06313949
542,-0.6213336,0.48347208,-0.054763295,0.09598738,-0.5648738,0.41809982,0.8445007,-0.5991627,0.49793994,-0.66542834,-0.1565997,0.7906572,-0.819004,-0.6917588,-0.07547555,-0.10249591,0.746215,-0.61836815,-0.69399935,0.07984532
543,-0.47615913,0.55873626,-0.17978837,0.10305555,-0.49599907,-0.10067431,0.5280704,-0.14575176,0.11603972,-0.6508459,0.3408821,0.8375013,-0.9534104,-0.9312303,-0.0022172104,-0.22112535,0.41968477,-0.6763745,-0.38017237,-0.20410617
544,-0.4858006,0.42958388,-0.14214776,-0.0056274203,-0.32977724,0.53403085,0.7031649,-0.21456908,0.45259562,-0.46628046,0.27302057,0.41356665,-0.40186206,-0.8537937,0.10550118,-0.044530045,0.4266759,-0.8488554,-0.40778917,0.20484875
545,-0.56877553,0.43385935,-0.066983216,0.12286001,-0.48578328,0.18845944,0.7467856,-0.37980258,0.04403433,-0.9350261,0.39420003,0.8583124,-0.86179394,-0.8609118,0.14387622,-0.47594735,0.7966555,-0.9530382,-0.5655758,-0.41171345
546,-0.54558235,0.550222,-0.13678232,-0.14762378,-0.49946126,0.61592966,0.9816673,-0.025500117,0.3447655,-0.8393667,-0.03758188,0.20073614,-0.4042705,-0.8237354,0.16302346,-0.0141510805,0.86202055,-0.8817992,-0.39152515,0.82643974
547,-0.5348853,0.5484608,-0.03844957,-0.054983143,-0.48771238,-0.2500266,0.5068521,-0.061063,-0.11957644,-0.89215076,0.9688534,0.81583446,-0.85550576,-0.71326154,-0.07961926,-0.774536,0.8396799,-0.87721604,-0.3888508,-0.5505712
548,-0.5208878,0.36767745,-0.096103,0.053254977,-0.43552002,-0.3555895,0.43332934,-0.6859255,0.07243305,-0.79318637,0.008163462,0.78630996,-0.84249693,-0.7113286,0.032070428,-0.21322899,0.9605573,-0.9043351,-0.6151131,0.18311214
549,-0.43246248,0.43471128,-0.07405656,-0.034335263,-0.45220655,0.32256904,0.98830575,-0.6849294,0.3914535,-0.8759983,-0.18149833,0.9192271,-0.7041949,-0.40111846,-0.021215815,-0.040642414,0.7241494,-0.722555,-0.72569406,0.041628916
550,-0.49157333,0.37060893,-0.04993429,0.09475088,-0.42076927,0.5201813,0.7272037,-0.2952438,0.37200436,-0.8289371,0.30943102,0.66454256,-0.5615021,-0.8852577,-0.11401839,0.10690134,0.22945985,-0.65333587,-0.1858315,-0.098394446
551,-0.64374316,0.6391536,-0.14620024,-0.0033307783,-0.5310281,0.22566636,0.9381778,-0.43730915,0.28973415,-0.91437346,0.17330115,0.8725904,-0.9792653,-0.9685992,0.09184099,-0.1574072,0.85677844,-0.8930194,-0.6216854,-0.0036798508
552,-0.5473178,0.55588096,-0.11915522,0.06976869,-0.45952243,0.38766912,0.5127372,-0.16530819,0.84969705,-0.59480983,-0.25091666,0.66877145,-0.8210331,-0.90215653,0.16366473,-0.038126096,0.90027416,-0.8374356,-0.67776585,0.9218818
553,-0.49878278,0.41253412,-0.09790535,0.21343319,-0.54095316,0.22417238,0.961936,-0.75275344,0.56328964,-0.53487796,0.14352848,0.8800542,-0.5038269,-0.83500946,0.19103692,-0.46977928,0.97677356,-0.55593836,-0.485867,0.2895159
554,-0.7303586,0.6679511,-0.15873207,0.106334336,-0.5611072,0.14320935,0.7377281,-0.6080036,0.41465273,-0.79520684,-0.013823739,0.89520437,-0.88634557,-0.5716905,0.19193986,-0.45896417,0.9783427,-0.6267826,-0.5538686,-0.026129844
555,-0.49227333,0.39331615,-0.06195627,0.019748436,-0.3907311,0.26767626,0.78295976,0.2563857,0.3832466,-0.52492124,0.1845165,0.9479183,-0.9252055,-0.81487966,-0.045947693,0.36115173,0.38882473,-0.7558291,-0.11180072,-0.08656766
556,-0.58591145,0.5334863,-0.09213325,0.03564928,-0.52914494,0.43418473,0.65891516,-0.7498091,0.7394464,-0.18584432,-0.14552502,0.8797744,-0.8336609,-0.3258557,0.5258722,-0.34082556,0.50680035,-0.7084788,-0.9330046,0.03805784
557,-0.5290619,0.4588793,-0.05254761,0.028311841,-0.41424856,0.8451253,0.87014425,-0.13887426,0.7149877,-0.52732533,0.42319226,0.3828659,-0.5087177,-0.5975987,0.0616126,0.068130285,0.27778688,-0.48670626,-0.25915158,0.1250767
558,-0.7779133,0.6687851,-0.10986148,0.14767554,-0.5410072,0.20323147,0.8880119,-0.75110734,0.18318105,-0.90975296,0.15829797,0.64082193,-0.8000851,-0.7496911,-0.10792881,-0.4345215,0.9178315,-0.87482065,-0.5245673,0.19087403
559,-0.43281958,0.25454602,-0.12962997,0.07679994,-0.5760778,0.32994363,0.83134,-0.6583992,0.38394582,-0.71905303,0.29699066,0.4517118,-0.657618,-0.82556504,-0.07655581,-0.4041224,0.94466424,-0.5000759,-0.24050888,0.26660535
560,-0.42117915,0.42690384,-0.18843333,0.009761642,-0.5576912,-0.05599019,0.7217439,-0.5934708,-0.051589545,-0.7730857,0.33717737,0.64371854,-0.54613173,-0.7375797,-0.052910574,-0.20160441,0.75003296,-0.64481646,-0.33239356,-0.35581553
561,-0.71036786,0.5557282,-0.036397096,0.1893523,-0.49823126,0.792179,0.82875043,-0.4900854,0.4808679,-0.69932514,0.039679576,0.4424939,-0.017482653,-0.9309515,0.24418849,-0.1390121,0.9804985,-0.4669946,-0.5498257,0.48152533
562,-0.56080115,0.6006764,-0.10478996,0.07696729,-0.44843623,0.5376339,0.868055,-0.24958906,0.60412675,-0.69954365,0.14995654,0.7211552,-0.7305388,-0.64525294,0.12496415,0.09354813,0.86351454,-0.7864119,-0.50978607,0.39675504
563,-0.41511443,0.453439,-0.18713264,0.008246763,-0.41186818,0.8815033,0.7921963,-0.23424187,0.6165226,-0.474736,-0.3744097,0.22792205,-0.30841693,-0.8753646,0.14212926,-0.0146025885,0.32891545,-0.69961613,-0.41781646,0.6727214
564,-0.4844037,0.44290993,-0.10399032,-0.007105016,-0.5120916,0.33170527,0.70842403,-0.58768016,0.3542854,-0.8084186,0.038653906,0.9306102,-0.42275783,-0.6627871,0.10922305,-0.018512236,0.8983853,-0.5959154,-0.6053916,0.1311736
565,-0.6358917,0.64446765,-0.08852989,0.013648439,-0.47075713,0.08017937,0.6400161,-0.4314228,0.15650211,-0.88109344,0.2247634,0.8984431,-0.7618152,-0.8714179,-0.033581637,-0.21954101,0.5589399,-0.5067979,-0.42790034,-0.119945064
566,-0.6341592,0.7007692,-0.11119544,0.15923344,-0.55750185,0.7303949,0.5994357,-0.5946514,0.83255535,-0.9519552,-0.024535224,0.37870887,-0.16659322,-0.89436364,0.2755828,-0.05509482,0.8048559,-0.41937116,-0.39487666,0.6761619
567,-0.5467469,0.53029835,-0.1273344,0.046363037,-0.5450315,0.6846546,0.97847986,-0.42628908,0.42595977,-0.90679306,0.25404853,0.3339807,-0.7148104,-0.840979,-0.17932688,-0.1841744,0.8825042,-0.6328609,-0.25703913,0.39899138
568,-0.67970437,0.5633336,-0.10637657,-0.08046907,-0.5287,0.41126907,0.6585232,-0.51299685,0.39370367,-0.6652737,-0.2284351,0.47931758,-0.9376849,-0.75539184,0.0543101,-0.14490247,0.7165387,-0.86034054,-0.72078145,0.44358498
569,-0.5382713,0.42252356,-0.15363702,-0.0034058772,-0.3908876,0.06002285,0.36024654,-0.6631541,0.23429811,-0.6294,-0.20442778,0.6881127,-0.72506315,-0.732578,0.08757899,-0.1734608,0.8386782,-0.75960547,-0.7401263,0.11485778
570,-0.48509336,0.43451,-0.08447848,0.059365742,-0.5646705,0.488181,0.6640516,-0.25242656,0.38405877,-0.8140378,0.33776662,0.39116845,-0.10817091,-0.9669451,-0.14931543,-0.10309838,0.7770031,-0.47234118,0.057875324,0.4682911
571,-0.6363396,0.5034335,-0.036327343,0.013645362,-0.40618846,-0.27997422,0.7386243,-0.43773234,-0.44439116,-0.9079638,0.62923014,0.4548917,-0.96799546,-0.38098416,0.407968,-0.774685,0.8503145,-0.69009566,-0.47289097,-0.5917552
572,-0.5034207,0.44049215,-0.22354652,0.0621015,-0.633863,-0.042444944,0.7028988,-0.7247688,0.09045994,-0.24575631,0.4190289,0.6944384,-0.8752291,-0.45493108,0.1698555,-0.30252844,0.35233277,-0.51227564,-0.6589488,-0.53793865
573,-0.5219211,0.5034592,-0.040799983,0.058194816,-0.52536786,0.7263284,0.8152865,-0.31892696,0.258485,-0.5590937,0.6735216,0.20651571,-0.52844244,-0.8545837,0.13757531,-0.5413552,0.8575826,-0.692791,-0.30430135,0.2802613
574,-0.54563785,0.4516786,-0.06693751,-0.004530822,-0.50521463,0.3116701,0.8759269,-0.42598313,0.3624725,-0.4347118,0.18941839,0.9387702,-0.63603014,-0.81734395,0.0003756672,0.17941818,0.30192983,-0.7821215,-0.26814693,-0.30101344
575,-0.65606886,0.6108248,-0.09970636,-0.041376214,-0.53440976,0.5896156,0.9500181,-0.93441397,0.8818674,-0.8717657,-0.3896839,0.75170016,-0.46257788,-0.67826587,0.020942075,0.35235906,0.52973557,-0.9475436,-0.71812195,0.38623258
576,-0.3500804,0.31278726,-0.16800936,0.091683365,-0.62171286,0.2660019,0.34479243,-0.9215105,0.69834703,-0.34809512,-0.600956,0.58803177,-0.74794745,-0.7803275,0.54583055,-0.28117147,0.7925441,-0.83437264,-0.96180147,0.43004343
577,-0.62260467,0.57345515,-0.13568722,-0.008745652,-0.5169613,0.25170514,0.5727853,-0.74418485,0.36587074,-0.80185163,0.11567048,0.73065406,-0.90612566,-0.7838129,0.045215923,-0.4244696,0.92972594,-0.97859484,-0.65314025,0.11594326
578,-0.50091535,0.4395572,-0.015813151,-0.016147895,-0.52607405,0.62547684,0.9710053,0.24878596,0.5501076,-0.71432143,0.28489044,0.98235595,-0.55656976,-0.80874795,-0.17672199,0.16289568,0.40039757,-0.7504409,-0.15495081,0.0010612322
579,-0.5309445,0.60749835,-0.13501653,-0.07546136,-0.48026025,0.6574245,0.9669037,0.2804044,0.4872242,-0.6505514,0.36620134,0.662381,-0.24306601,-0.9783054,-0.42449397,0.533138,0.38265744,-0.7573433,0.37070933,0.48765796
580,-0.42706954,0.20350696,-0.0989399,-0.09748374,-0.40041393,0.46531677,0.6393525,-0.64817864,0.45489007,-0.81652516,0.07763331,0.82188165,-0.54028577,-0.6684558,-0.09431008,-0.05520851,0.5932542,-0.5830882,-0.42184153,0.1995122
581,-0.36496305,0.44745532,-0.10519963,0.10543599,-0.59584963,0.571209,0.98232275,-0.26753515,0.58133674,-0.58641124,0.11676779,0.7164489,-0.8920932,-0.69449484,-0.020724837,0.093363345,0.54840374,-0.9484428,-0.3093573,0.4331339
582,-0.43827578,0.3983897,-0.20943314,0.071541704,-0.4139067,-0.058828525,0.56211,-0.5005196,0.00018944904,-0.5439099,0.28055313,0.71737987,-0.5994584,-0.82025284,-0.10756086,-0.2560687,0.8189701,-0.63546866,-0.23089203,0.23506215
583,-0.25218737,0.13719988,-0.10684845,0.13772544,-0.60215974,0.38961443,0.7374503,-0.17901272,0.40953875,-0.5187928,-0.21258482,0.47573653,-0.5732828,-0.9630263,-0.11623338,0.10309607,0.64974374,-0.83396286,-0.3585538,0.571055
584,-0.28771368,0.23440354,-0.115177035,-0.17315882,-0.41487014,0.6732925,0.9407695,-0.28410587,0.80753356,-0.5882818,-0.3347683,0.88903993,-0.68451786,-0.620377,0.0037432497,0.20756891,0.62126744,-0.686313,-0.4739212,0.32708877
585,-0.6934532,0.62946343,-0.04680098,0.109163836,-0.44410166,0.008135919,0.19452012,-0.61791396,0.6193876,-0.58935267,0.14992726,0.92477745,-0.8989622,-0.92319304,0.08263373,-0.73138475,0.9234061,-0.6989213,-0.84960216,0.032691084
586,-0.46093228,0.39352164,-0.12505238,0.08134788,-0.5392168,0.63596046,0.6298114,-0.34011483,0.709801,-0.6347842,-0.41480315,0.859947,-0.5174868,-0.71681184,0.24719918,0.15090524,0.42178804,-0.82201016,-0.7976026,0.39312536
587,-0.36688557,0.28093606,-0.123272724,0.069500245,-0.5446887,0.5817246,0.4920695,-0.14396347,0.4993134,-0.8473531,0.3496123,0.5161798,-0.6291305,-0.94573975,0.20086476,0.13090277,0.3847574,-0.85959446,-0.4027912,0.13946646
588,-0.55610454,0.5365251,-0.10066473,0.094949365,-0.5210894,0.11385404,0.9266684,-0.19655786,-0.016388549,-0.67620194,0.18473141,0.7558929,-0.95244604,-0.91690236,0.08388457,-0.21223073,0.94747186,-0.912626,-0.38743886,0.013179233
589,-0.7117579,0.51978105,-0.015212975,0.012281273,-0.35623494,0.81383234,0.72843933,0.13964072,0.68880314,-0.79173404,-0.18396197,0.49504814,-0.42373484,-0.97820604,0.1588186,0.11233854,0.365071,-0.79306346,-0.30205902,0.699166
590,-0.35946864,0.17006294,-0.07087012,-0.019034913,-0.5954143,0.08945097,0.93490285,-0.23975584,0.20831083,-0.5739743,0.5305475,0.7158433,-0.924669,-0.92401284,-0.08936878,-0.60439336,0.88033384,-0.7146285,-0.27376527,0.12457224
591,-0.6136351,0.5773561,-0.024309961,0.147104,-0.5101615,0.35914236,0.87405074,-0.23138708,0.53158987,-0.9266979,0.1699376,0.8268366,-0.7583765,-0.9495169,-0.3524172,0.26417884,0.51696604,-0.5567125,-0.013076026,0.4461725
592,-0.5150166,0.4704003,-0.12654378,0.06601291,-0.5870516,0.170502,0.76275706,-0.34137386,0.50812614,-0.37850103,0.09938991,0.9375338,-0.7585912,-0.7024085,-0.09033909,0.12741259,0.1530156,-0.9579347,-0.44690892,-0.10175771
593,-0.49347985,0.42105594,-0.13236246,0.03508128,-0.50678587,0.1611563,0.7509748,-0.32409537,0.11880882,-0.7671745,0.37062573,0.9928105,-0.92499,-0.35427046,0.04573807,-0.21125698,0.5996137,-0.6878229,-0.57704777,-0.6521581
594,-0.42476004,0.36131632,-0.12202379,0.07248219,-0.6126674,0.4554389,0.9461587,-0.23432606,0.39235944,-0.5879911,0.22235328,0.8925439,-0.27822405,-0.85987985,-0.025619768,0.44721606,0.35869566,-0.56063735,-0.13725217,-0.17179272
595,-0.6008971,0.53398,-0.08087902,0.026449578,-0.40404844,-0.17542279,0.3216115,-0.6741481,0.17468588,-0.6424138,-0.11959516,0.9057897,-0.78905374,-0.8744149,0.301735,-0.43096772,0.8260939,-0.9054489,-0.8692065,0.21515095
596,-0.4704091,0.42582968,-0.17629196,-0.15852939,-0.42188618,0.3194886,0.49326724,-0.8020158,0.46805596,-0.64272845,-0.49735096,0.7350081,-0.8469733,-0.62353504,-0.009139634,-0.1423893,0.44953388,-0.9206936,-0.88602805,0.16410877
597,-0.70512736,0.52215594,-0.13546364,0.0149563085,-0.46613508,0.5397714,0.8554828,-0.07729673,0.20325437,-0.9413818,0.37720016,0.5896681,-0.53876853,-0.9804162,-0.25067785,-0.09074656,0.9166347,-0.8125558,-0.24051937,0.13099734
598,-0.49783778,0.41485947,-0.09789339,0.0102641955,-0.3860043,0.3190441,0.7674396,-0.53994393,0.2310069,-0.92684245,0.14596537,0.7551393,-0.53118086,-0.96799964,-0.24435523,0.09994139,0.5337516,-0.5089691,-0.14274327,0.1971697
599,-0.4035885,0.4541402,-0.14608586,0.12520257,-0.570402,0.7164778,0.9115619,-0.4885917,0.91008794,-0.27334976,-0.16211474,0.605269,-0.4496857,-0.8561846,0.38102427,-0.24402006,0.6809748,-0.9889906,-0.50175744,0.73954487
600,-0.35463712,0.49814245,-0.17996855,-0.058852956,-0.504435,0.16359949,0.9816799,-0.5321283,0.5698361,-0.41261294,-0.044271402,0.73397005,-0.60506153,-0.8841195,0.09131281,-0.3592983,0.9600829,-0.3645504,-0.512453,0.11271561
601,-0.3917828,0.3386368,-0.1407664,0.008887559,-0.42583355,0.13630791,0.6965235,-0.2013869,0.32271576,-0.6045261,0.074314244,0.80185413,-0.9735316,-0.90018076,0.017501742,-0.058475226,0.72159624,-0.8914667,-0.36531135,0.26158944
602,-0.41144904,0.33777848,-0.031668916,0.032294393,-0.42255896,0.53942263,0.75604737,-0.4514751,0.9870212,-0.5997525,-0.09962007,0.614896,-0.22882773,-0.9812721,-0.05827519,-0.13606106,0.86435634,-0.53177416,-0.66522586,0.35201254
603,-0.409336,0.4497326,-0.11541071,-0.0601597,-0.37922895,-0.2294568,0.76686835,-0.31747454,0.13797867,-0.043281984,0.22730674,0.9644297,-0.97754896,-0.6238535,-0.039140962,-0.16345096,0.4117415,-0.71355504,-0.27382594,-0.18804713
604,-0.41558638,0.23435879,-0.13635539,-0.037010595,-0.49405774,-0.04343928,0.7098451,-0.4999544,0.1583327,-0.31478482,0.29688552,0.95482504,-0.72683907,-0.53938186,0.21844378,-0.42672154,0.6142033,-0.53989357,-0.60346407,-0.33737487
605,-0.5675886,0.5694746,-0.0853283,0.09220947,-0.46506992,0.39236593,0.87609506,-0.6939606,0.7917642,-0.0809037,-0.16621777,0.787483,-0.48717663,-0.44400224,0.63404316,-0.28906262,0.6334228,-0.37427983,-0.8337753,-0.16282505
606,-0.35326713,0.14486094,-0.10099669,0.16037987,-0.46916208,0.43946555,0.6942552,-0.71492004,0.64981675,-0.4488826,-0.19913638,0.53305036,-0.51081455,-0.75624985,0.09227218,-0.036949113,0.7508085,-0.9347881,-0.64698416,0.36720985
607,-0.50146264,0.35134184,-0.09742853,0.10245938,-0.5101562,0.539772,0.60973275,-0.5513888,0.56510955,-0.6549307,0.031484593,0.9395567,-0.55343634,-0.6745799,0.36841157,-0.12850037,0.53365755,-0.4954988,-0.69993865,-0.26547694
608,-0.59349436,0.6528522,-0.21967836,0.022796184,-0.412644,0.053948678,0.20839101,-0.58535254,0.039490163,-0.9432487,0.19241172,0.6451316,-0.90581614,-0.675016,0.3533102,-0.2396294,0.59335643,-0.7508316,-0.7679039,-0.12875141
609,-0.3921157,0.324651,-0.17114379,0.0064735054,-0.47998253,0.8538289,0.73345953,-0.04393186,0.8748209,-0.535789,-0.35174868,0.96242803,-0.49138075,-0.888864,-0.056062687,0.45115128,-0.088401936,-0.6899824,-0.44766554,0.4090594
610,-0.33222637,0.42700183,-0.19998698,-0.054223575,-0.4674379,0.29983398,0.7174268,-0.33399907,0.42664278,-0.5389837,0.12104077,0.6322447,-0.5238926,-0.8990896,0.0658856,-0.054998573,0.87085605,-0.79868203,-0.34502792,0.3165132
611,-0.5518072,0.3275641,-0.0279086,0.026814124,-0.5091037,0.3586689,0.87744087,-0.12268262,0.54942423,-0.81385535,0.5006854,0.9045271,-0.57967144,-0.74530303,-0.1752235,0.0665126,0.36987227,-0.8392291,-0.40735456,-0.3480076
612,-0.25141007,0.23830731,-0.10028495,0.09555631,-0.4932159,0.26646763,0.6366953,-0.092922784,0.0097719515,-0.8847759,0.111499585,0.6301755,-0.9524065,-0.746983,-0.10432169,0.19615643,0.50003254,-0.85852677,-0.32055464,0.03355147
613,-0.37824166,0.35042596,-0.16347174,-0.028634138,-0.4439992,0.32394415,0.8142816,-0.42713547,0.27534336,-0.5866217,0.37877896,0.7401252,-0.54279184,-0.73521256,-0.04262051,-0.09599726,0.5891356,-0.6301714,-0.1717009,0.06902816
614,-0.46893603,0.5003911,-0.11376719,0.11615282,-0.6647385,-0.115368746,0.85350585,-0.67481345,0.4517884,-0.23535253,0.102883875,0.6880073,-0.72166145,-0.6717833,0.062200166,-0.5691427,0.82892954,-0.37202197,-0.41836485,-0.12285814
615,-0.29952154,0.04485651,-0.07073044,-0.011795828,-0.38109776,0.48880953,0.5180742,-0.10013918,0.5315959,-0.57152176,-0.1136381,0.6979749,-0.52605015,-0.47871402,0.15093729,0.13404272,0.34267098,-0.9733859,-0.738093,0.18273947
616,-0.39808142,0.23125266,-0.080060504,0.1819139,-0.5220813,0.27304745,0.85091347,-0.26458767,0.28312296,-0.8192213,0.27163,0.9848544,-0.22753519,-0.72897357,-0.27259493,0.1744717,0.7637453,-0.7035069,-0.12188104,-0.07488646
617,-0.46786472,0.50027287,-0.14169194,0.039846774,-0.54054236,0.4772454,0.7904342,0.24606979,0.22935544,-0.60317737,0.7158506,0.770668,-0.21577123,-0.97978806,-0.46276185,0.4019092,0.18304153,-0.94342893,-0.03962504,-0.27026385
618,-0.3624629,0.34079465,-0.085528776,-0.04036259,-0.47824034,0.23342995,0.69056123,-0.4531697,0.38874775,-0.53625065,-0.29990962,0.6404174,-0.9168559,-0.93249923,0.22001922,-0.18219255,0.76866055,-0.9156534,-0.8764191,0.5846689
619,-0.53889436,0.71276844,-0.18568452,-0.08868918,-0.5249467,-0.05198021,0.788327,-0.23280792,0.14083527,-0.8756414,0.33297214,0.8643017,-0.68673974,-0.72472584,-0.2164616,0.073944174,0.46409607,-0.78147006,-0.39828265,-0.0008088338
620,-0.66165644,0.7421337,-0.1038695,0.027216308,-0.53701603,-0.101953864,0.8194701,-0.29417354,0.25549296,-0.48429745,0.37003556,0.8099494,-0.9558882,-0.93030614,0.03195237,-0.67049223,0.97959596,-0.5098183,-0.2899568,0.006253684
621,-0.37147066,0.35323694,-0.15446922,0.12562819,-0.60027015,0.5102623,0.66808873,-0.32675767,0.39376843,-0.96219486,0.7115641,0.48257867,-0.40699202,-0.8903846,0.11861758,-0.33701935,0.95596075,-0.4976721,-0.38082546,-0.23963813
622,-0.5041178,0.46714944,-0.0962155,0.11041655,-0.59593445,0.023048846,0.10857525,-0.58331877,-0.1275356,-0.9340093,0.060439654,0.82159305,-0.97299546,-0.48287398,0.18236364,-0.4704204,0.7968587,-0.63716507,-0.8276326,0.065956
623,-0.5019371,0.3623992,-0.10606189,0.12822405,-0.5533928,0.06610951,0.57830685,-0.4641471,0.10651417,-0.9397077,-0.0949001,0.55878305,-0.7638087,-0.8029709,0.26815963,-0.33045286,0.9239082,-0.8632607,-0.75054663,0.22856343
624,-0.6237504,0.4774804,-0.02306179,-0.027343255,-0.48605582,0.546197,0.843908,-0.48171788,0.43164477,-0.8079935,-0.1480472,0.73772943,-0.8563207,-0.6303159,-0.13521123,0.104735956,0.7817184,-0.7662768,-0.61549705,0.26808652
625,-0.40307117,0.26133287,-0.11859172,0.09430632,-0.47659656,0.60186714,0.9436294,-0.35860357,0.5438383,-0.61752284,-0.07699847,0.65716106,-0.8867085,-0.6904048,0.22216222,0.045601413,0.7889522,-0.75573593,-0.8428138,0.3090897
626,-0.5489616,0.50119126,-0.1574642,0.06326189,-0.5411328,0.650294,0.7643668,-0.665111,0.513977,-0.9279898,0.04468024,0.081472315,-0.38666627,-0.9522681,0.23886469,-0.50073284,0.9460023,-0.47701335,-0.43416622,0.5264206
627,-0.43883353,0.35424328,-0.092970334,-0.005284415,-0.35901332,0.7625044,0.9410205,-0.067073904,0.80412894,-0.41703084,-0.07252032,0.91514915,-0.5127524,-0.66111577,-0.23963667,0.27724937,0.29376054,-0.7391147,-0.4078749,0.18905368
628,-0.52145934,0.3838424,-0.09500388,0.025996972,-0.5226802,0.108839706,0.8309825,-0.26072562,0.1475561,-0.2878449,0.66704124,0.831937,-0.2537088,-0.8494971,-0.1634731,-0.13146909,0.66622686,-0.5165618,0.024222221,-0.19021131
629,-0.41639584,0.47443008,-0.19048953,0.054218538,-0.5621652,0.49132493,0.8587679,-0.605504,0.35823914,-0.7687803,0.3696205,0.79524565,-0.742681,-0.1458286,0.059385367,0.059997804,0.6623955,-0.4735902,-0.71100575,-0.43395233
630,-0.42050946,0.44391814,-0.108629875,-0.0034833434,-0.55361575,0.66092896,0.9460407,-0.19473739,0.7966588,-0.33929625,0.19475126,0.90842354,-0.121625684,-0.67663133,0.10345033,0.18418592,0.4084272,-0.55945075,-0.11707795,0.26846957
631,-0.49997258,0.46209517,-0.14127077,0.0679424,-0.5705617,0.1120296,0.7365331,-0.29098082,0.4019437,-0.35979953,-0.022662321,0.8831737,-0.43047097,-0.9654781,-0.0177187,-0.116173595,0.55083877,-0.48942137,-0.31437826,-0.03936518
632,-0.53186846,0.43566167,-0.08166876,-0.00049240654,-0.5247803,-0.083964095,0.9698247,-0.12974928,0.08135575,-0.374677,0.4592843,0.93015194,-0.9184343,-0.30982098,0.1457125,-0.113670684,0.5214791,-0.594642,-0.4751283,-0.46307838
633,-0.45237878,0.30744955,-0.04436124,-0.024189515,-0.27564055,0.7503297,0.7841356,-0.2785822,0.3477778,-0.90029544,0.011949395,0.27970645,-0.22605696,-0.9255462,-0.03605486,0.5709171,0.17051755,-0.95978147,-0.2548912,0.15806815
634,-0.6433903,0.56884456,-0.070654556,-0.037131973,-0.3312308,0.35198185,0.59836537,-0.79836285,0.5950923,-0.60546625,-0.28300893,0.7424825,-0.90543914,-0.8380465,-0.13589963,0.11851226,0.4013068,-0.8185946,-0.4184805,0.19460401
635,-0.6647252,0.5746268,-0.050533935,-0.036326125,-0.4376332,0.5347308,0.9010788,-0.1698165,0.424172,-0.64355844,0.2706304,0.7852789,-0.5745881,-0.7015504,-0.19129482,-0.09253354,0.44451648,-0.68596035,-0.26228604,-0.060757887
636,-0.38477424,0.46528786,-0.07886616,0.03452369,-0.54812354,0.13621047,0.8993735,-0.043727383,0.17602064,-0.71508014,0.71256375,0.68228686,-0.33717144,-0.7497032,-0.070394196,-0.029379044,0.9295239,-0.46650538,0.16996022,0.06099259
637,-0.6466743,0.56139076,-0.14311239,0.063242,-0.5160059,0.30687514,0.7772208,0.27577347,0.29912,-0.7400703,-0.21063532,0.6853294,-0.7216588,-0.76630163,0.021446953,0.3864332,0.48454198,-0.9395059,-0.2662891,0.56206185
638,-0.4305314,0.43101394,-0.082223885,-0.038261537,-0.55028087,0.45072478,0.8368677,-0.5558651,0.54775447,-0.6300618,-0.2463621,0.9799243,-0.5698428,-0.8245724,0.20503117,-0.20482004,0.77716386,-0.40704703,-0.7198502,0.033273168
639,-0.63358414,0.5657111,-0.060579326,0.024798468,-0.47246632,0.057499073,0.92517203,-0.5527672,0.008196613,-0.9281457,0.23799503,0.7036171,-0.9414191,-0.6238844,0.020745708,-0.34514922,0.87284803,-0.7233882,-0.70066977,-0.46663547
640,-0.41959098,0.5370072,-0.13101748,0.094624825,-0.46488094,0.30630645,0.67579275,-0.5471547,0.41881272,-0.6737076,0.4819941,0.9668666,-0.46216634,-0.6796614,-0.04084244,-0.0034280499,0.79053104,-0.3786818,-0.38798863,-0.10321681
641,-0.60243785,0.62978125,-0.12005021,0.091830485,-0.52242315,-0.12629214,-0.27503687,-0.86546665,0.2057933,-0.8064719,-0.16199724,0.6020429,-0.4419687,-0.877606,0.577515,-0.3559254,0.84317565,-0.4264663,-0.782883,0.2616096
642,-0.5527346,0.49970773,-0.13875897,0.010197322,-0.56375444,0.38064784,0.606244,-0.75447506,0.33126396,-0.76190734,0.094405174,0.49358362,-0.5591532,-0.6447607,-0.21547852,-0.33958367,0.7293998,-0.76799536,-0.4390058,0.17472632
643,-0.49824256,0.42126852,-0.07724034,0.04039087,-0.4816097,0.50360096,0.51130986,-0.15875539,0.6772732,-0.59013665,-0.2554225,0.96041864,-0.8308555,-0.8926646,-0.039853506,0.6409906,0.041534252,-0.81158715,-0.38499779,0.364099
644,-0.41157788,0.29916668,-0.119761996,0.020269807,-0.42296824,0.40354964,0.49053112,-0.09524857,0.5182132,-0.73511153,-0.21950382,0.6598506,-0.49785307,-0.7787185,0.093445174,0.32946667,0.4163522,-0.88569355,-0.53476614,0.45076123
645,-0.60936356,0.6637918,-0.14278668,0.016708024,-0.47257167,-0.14841966,0.8454806,-0.17977281,0.08418629,-0.94439924,0.718799,0.91214114,-0.7805388,-0.90907264,-0.12811734,-0.3173127,0.9599455,-0.7035917,-0.055745326,0.16082485
646,-0.5303474,0.6148026,-0.19813162,-0.031907067,-0.5012314,0.7018803,0.80908376,-0.40349668,0.9086397,-0.36810863,-0.12793756,0.47881806,-0.47530878,-0.80635524,0.22568275,-0.13190925,0.42290917,-0.60395396,-0.5485259,0.49276283
647,-0.5683393,0.46309716,-0.112724975,-0.021833753,-0.4680755,0.08855819,0.6942709,-0.7802404,0.48438358,-0.27156347,0.36322027,0.78516644,-0.854801,-0.7114962,0.5144327,-0.48187867,0.8153173,-0.42600292,-0.75114375,-0.4374183
648,-0.6147369,0.45469898,-0.019432725,0.088702485,-0.39949656,0.24555768,0.60720086,-0.8839693,0.30647874,-0.83226,0.07608825,0.75855434,-0.45524836,-0.59974676,0.22644103,0.02471527,0.8065494,-0.5232256,-0.4069583,0.21509245
649,-0.5995293,0.5832843,-0.06038676,0.024871731,-0.42906746,0.41401902,0.8243144,0.084956534,0.28462738,-0.93541694,0.40541962,0.8046944,-0.6608366,-0.92384523,-0.37063384,0.19821133,0.55364215,-0.7767079,-0.061375912,0.06967371
650,-0.408926,0.2898716,-0.16970482,0.04550742,-0.7056535,0.44841012,0.7363948,-0.23194121,0.44659948,-0.51124316,-0.057595097,0.9644006,-0.7869086,-0.9001915,0.20728904,0.16135098,0.48744768,-0.94931215,-0.5922983,0.12821752
651,-0.46269467,0.45720664,-0.21996586,0.11263602,-0.6068512,0.022107998,0.562342,-0.6858605,0.650153,-0.2754177,-0.015952973,0.853296,-0.9254997,-0.61813724,0.5354839,-0.47507954,0.80111635,-0.582359,-0.9435756,-0.3128592
652,-0.5352531,0.5967109,-0.21897517,-0.016683057,-0.52627516,0.055555288,0.5555978,-0.67628926,0.15159921,-0.8234982,-0.011312196,0.59123313,-0.5102631,-0.836261,0.21064125,-0.31892848,0.76395136,-0.53280413,-0.6953511,0.1441662
653,-0.37613794,0.3657881,-0.13667601,0.06171174,-0.46387884,0.27475667,0.96268207,-0.57066184,0.40763676,-0.4417076,-0.18426627,0.7949957,-0.8628544,-0.76948756,-0.22071485,-0.10880652,0.69139373,-0.969717,-0.3950133,0.19041745
654,-0.60728097,0.6370692,-0.109238304,0.001095027,-0.46628466,0.111201964,0.9087604,-0.34860197,0.19107042,-0.6015992,0.5567912,0.9496907,-0.488588,-0.6539011,0.14376384,-0.10725867,0.6894575,-0.45973748,-0.31169343,-0.42164534
655,-0.7904915,0.5061317,-0.05081253,0.03954543,-0.58159983,-0.09610006,0.41745362,-0.6225636,0.26865283,-0.4355377,0.3503807,0.88158983,-0.791537,-0.7293241,-0.17535688,-0.24340957,0.6464792,-0.73597956,-0.5549223,-0.04054769
656,-0.5812416,0.5756251,-0.08186233,-0.09423655,-0.42075545,-0.21376583,0.538142,-0.2419241,-0.44651628,-0.7625615,0.4930762,0.5810684,-0.92227864,-0.7969503,0.076537825,-0.19681051,0.80861497,-0.8393275,-0.11532282,-0.22104897
657,-0.6670771,0.66308254,-0.115139715,0.007095838,-0.49752128,0.18698914,0.92494434,-0.2678168,0.021897184,-0.88907427,0.42711875,0.5698872,-0.7462368,-0.79794466,-0.4729215,-0.016969133,0.78213036,-0.77198863,-0.07103387,0.12882484
658,-0.65297884,0.665297,-0.12792237,0.06871103,-0.55087763,0.11213445,0.8940644,-0.47753346,0.20824037,-0.7177927,0.5223188,0.83886003,-0.22978407,-0.7798529,-0.08688876,-0.06838698,0.9773641,-0.5557284,-0.06851752,0.14254346
659,-0.660432,0.48387155,-0.000455088,0.0018468446,-0.5680378,0.42301717,0.7940265,-0.5316886,0.26053047,-0.9342402,0.21143119,0.9599415,-0.36476892,-0.6918668,-0.059432987,-0.019192671,0.6029748,-0.36814454,-0.39698738,-0.35589626
660,-0.38887557,0.4191089,-0.114229575,-0.079672754,-0.4242287,0.36635497,0.78064734,-0.3577233,0.37202778,-0.7693439,0.17400935,0.5620101,-0.68631375,-0.9867902,0.14019255,-0.30617595,0.8746501,-0.5526738,-0.3502841,0.42930302
661,-0.5604578,0.46132675,-0.050575916,0.023860825,-0.5353043,0.52358186,0.901431,-0.1143311,0.3840371,-0.88022697,0.15737037,0.6513256,-0.78145266,-0.8905866,0.08636672,-0.024461115,0.7013421,-0.8919578,-0.38362032,0.40136465
662,-0.5638433,0.6439967,-0.16908772,0.0056169396,-0.58027476,0.16483028,0.090519175,-0.6162411,0.18910947,-0.9343413,0.05303915,0.50444496,-0.4887212,-0.8789957,0.4627532,-0.2982572,0.76123315,-0.6354042,-0.8973337,0.29318112
663,-0.6700128,0.67334014,-0.10562876,-0.08152857,-0.5094021,0.6970646,0.6658779,-0.5880297,0.6946505,-0.8341111,-0.20005111,0.4196624,-0.8063016,-0.8472976,0.388874,0.067849256,0.9123586,-0.8623461,-0.6803103,0.3680162
664,-0.30071202,0.2378538,-0.13815539,0.057995617,-0.4639703,0.20187415,0.437161,-0.81803375,0.075151116,-0.5769591,-0.13199946,0.91598284,-0.40120512,-0.62119704,0.10933283,0.20421794,0.52091485,-0.74170583,-0.5206139,-0.10102757
665,-0.58556443,0.41722083,-0.05033588,0.00500668,-0.5033282,0.41766533,0.8392746,0.012274977,0.06839703,-0.95430356,0.20900078,0.8560102,-0.8371931,-0.54664075,-0.048990976,0.32246363,0.23706909,-0.9978806,-0.55308986,-0.37923992
666,-0.47948965,0.49551776,-0.09827487,0.07110532,-0.5243121,0.68820864,0.73306274,-0.31127298,0.7443385,-0.5559581,0.5185181,0.7701856,-0.008127565,-0.71822953,0.02151083,0.18384163,0.20806786,-0.4711224,0.09894913,-0.048373383
667,-0.47721076,0.341448,-0.10834815,0.01618322,-0.45658538,0.081319675,0.5895414,-0.5657339,0.16372077,-0.9032549,0.7441229,0.7703243,-0.34414688,-0.74577385,-0.20115222,-0.11461162,0.34021795,-0.65141493,-0.20514159,-0.6166922
668,-0.3922331,0.31883737,-0.14647365,0.12714235,-0.4907333,0.7100097,0.7450035,-0.33997744,0.6113377,-0.7826232,0.041079238,0.6287899,-0.756756,-0.6808563,0.2410168,-0.062464148,0.42179295,-0.51099956,-0.54619616,0.34696326
669,-0.47137082,0.5335287,-0.23657563,-0.04660438,-0.5767421,-0.1197777,0.27871257,-0.63247526,0.4994819,-0.60434765,0.08960467,0.7736078,-0.9571283,-0.61016047,0.1730104,-0.54788864,0.565619,-0.7201983,-0.8925024,-0.111546434
670,-0.45192102,0.52473825,-0.17953542,0.045100264,-0.52923924,-0.18164882,0.4542715,-0.86525583,0.10426659,-0.87543327,0.028287556,0.8171586,-0.4381736,-0.92675173,-0.00096507254,-0.13111548,0.90750015,-0.64669555,-0.5103592,0.05256417
671,-0.48592958,0.522818,-0.20909241,-0.021941105,-0.629502,0.65497977,0.67197645,-0.37033746,0.5311035,-0.7013283,-0.20510489,0.7121612,-0.41009235,-0.65860444,0.24200763,0.38069493,0.6079788,-0.9200908,-0.8234289,0.3259069
672,-0.3948546,0.2682322,-0.100171395,-0.067512885,-0.49924022,0.35097492,0.76992357,-0.35324427,0.24628282,-0.8997653,-0.0710528,0.32824615,-0.8779864,-0.68626136,0.05471502,-0.16279687,0.86490476,-0.76741695,-0.52572834,0.36072257
673,-0.4901148,0.45692164,-0.18721259,0.0001565569,-0.508016,0.14879107,0.7664919,-0.7613681,0.37155777,-0.6959304,-0.031490814,0.90145767,-0.9199568,-0.4227288,0.22697204,-0.41569096,0.881825,-0.33543634,-0.9734987,-0.30960342
674,-0.43512443,0.46757305,-0.115815364,0.022380743,-0.6024543,0.31950969,0.86732435,-0.74855936,0.27378115,-0.62010974,0.23183097,0.8901463,-0.4522289,-0.8977774,0.049145047,-0.32251823,0.79170555,-0.5885933,-0.47099596,-0.42182544
675,-0.43898803,0.61306244,-0.15041274,-0.017923106,-0.52571434,0.6840986,0.94506156,-0.1867152,0.5875176,-0.9464358,0.51623875,0.5969572,-0.86542046,-0.6473557,-0.28329322,-0.29554808,0.88557464,-0.5641509,-0.31431854,0.19915403
676,-0.5797312,0.49733233,-0.16356851,0.06381321,-0.6184711,0.52083766,0.86084765,-0.50759876,0.40168917,-0.5024831,0.22338733,0.40492544,-0.39406332,-0.695246,0.06564949,-0.33277184,0.8237584,-0.6037092,-0.6314556,-0.12049772
677,-0.8230707,0.5799643,-0.06031706,-0.008380928,-0.49398452,0.45348063,0.98799205,-0.24796227,0.10615591,-0.82309747,0.25248873,0.33712435,-0.88010746,-0.51288533,0.19282363,0.08604854,0.69378424,-0.9976643,-0.59427166,-0.06902221
678,-0.5269025,0.41211653,-0.14744723,-0.09311694,-0.5676508,0.073192276,0.7882852,-0.5257455,0.21513087,-0.74731106,0.11638388,0.9062985,-0.95489895,-0.23578387,0.019356823,-0.37913212,0.94553226,-0.71394914,-0.7099984,-0.05987143
679,-0.48282522,0.45373613,-0.11220882,0.051926274,-0.6011983,0.5411035,0.92613286,-0.014444061,0.33947703,-0.8699728,0.31677204,0.72270125,-0.428661,-0.7904174,-0.3325717,0.07587778,0.66696405,-0.8004691,-0.34247622,0.038258042
680,-0.59498924,0.5385155,-0.1963989,0.07103525,-0.5807737,0.016107695,0.23416777,-0.9871464,0.37312767,-0.84439164,0.11758445,0.8851513,-0.96617454,-0.22140674,0.2671727,-0.43527842,0.45676693,-0.40706226,-0.97875786,-0.40704298
681,-0.33699384,0.41831973,-0.097208776,0.031447176,-0.5960884,0.3135616,0.9092757,-0.07709789,0.21440724,-0.72299695,0.57737243,0.7894008,-0.7421123,-0.78686917,-0.364318,0.096968524,0.286525,-0.787892,-0.11565127,-0.18150765
682,-0.36762315,0.4263907,-0.08903196,0.03719896,-0.47733387,0.55951333,0.90278435,-0.13255255,0.4176379,-0.8409555,0.3100343,0.46142298,-0.3428313,-0.76385325,-0.048131455,-0.22752556,0.98811346,-0.5540285,-0.23787966,0.2644141
683,-0.47089636,0.5165389,-0.17369904,0.00882909,-0.44341058,0.16380213,0.44487035,-0.63200295,0.40728575,-0.5462761,0.34136182,0.828245,-0.4877572,-0.4766916,0.20114334,-0.09436669,0.39265373,-0.46593377,-0.62778884,-0.3746928
684,-0.52366817,0.5329771,-0.12142243,0.057804346,-0.57640326,0.33493853,0.89598745,0.19225043,0.45842305,-0.66307795,0.21514927,0.76976573,-0.6599888,-0.9436364,-0.27694464,0.17137767,0.62115437,-0.6870293,-0.07216726,0.16698875
685,-0.67267776,0.483323,-0.0754246,0.052626014,-0.46010178,0.5763315,0.9071094,-0.62612236,0.5827345,-0.9543258,-0.22168085,0.46446678,-0.40286034,-0.6483552,0.037220694,-0.35133463,0.85181427,-0.6706807,-0.7147105,0.6277956
686,-0.31188038,0.2936887,-0.13513368,0.037372,-0.5780107,0.27919382,0.7277562,-0.09628277,0.34857708,-0.73380506,0.15094668,0.8447782,-0.5552613,-0.96122444,-0.09713606,-0.014808138,0.674536,-0.7847292,-0.62456626,0.12136877
687,-0.6101452,0.52465206,-0.10634485,0.08591122,-0.60878587,0.4004056,0.87497354,-0.6311555,0.7507911,-0.8166245,-0.18266639,0.83364606,-0.95468503,-0.72677267,0.02609743,-0.047531452,0.7723593,-0.39347684,-0.8881871,0.3786333
688,-0.45842323,0.50081146,-0.062467944,0.088522226,-0.5589758,0.25738558,0.95680356,0.025801273,0.06405354,-0.9669205,0.9422336,0.69203,-0.40717864,-0.8162597,-0.30836657,-0.10080577,0.8202616,-0.48394254,0.37792233,0.08457537
689,-0.39978468,0.4239282,-0.15283632,-0.13995889,-0.52669,-0.25276068,0.9811793,-0.62032187,-0.060875,-0.9274367,0.40735766,0.9265742,-0.8317855,-0.5805407,-0.06484516,-0.3010635,0.8434333,-0.64570826,-0.6532956,-0.52575386
690,-0.42502132,0.5947276,-0.19791016,0.022645395,-0.37351772,0.67354137,0.82360667,-0.22667608,0.824144,-0.84907705,-0.06368274,0.6528308,-0.6540553,-0.97593826,0.17089282,-0.08968944,0.8426139,-0.80832344,-0.7700021,0.7987346
691,-0.34806672,0.40784696,-0.17921029,-0.05390418,-0.5204318,0.39507657,0.33849612,-0.18702239,0.44284678,-0.840901,0.01080441,0.27792048,-0.48951057,-0.8832054,-0.25115108,-0.05473772,0.5721772,-0.7301086,-0.37208182,0.61029226
692,-0.5871205,0.56324005,-0.09176208,-0.087847464,-0.50100935,0.44360006,0.7617172,-0.3591186,0.41513485,-0.7919773,0.031720858,0.45189846,-0.8185384,-0.67698866,-0.043666165,0.0658912,0.36822945,-0.75780904,-0.5379598,0.11576441
693,-0.5888954,0.45822603,-0.09820618,-0.0521572,-0.50667864,0.27741992,0.6563163,-0.3165117,0.4943434,-0.4866517,-0.025758335,0.83767146,-0.79965395,-0.5603216,0.11953151,0.15272242,0.274455,-0.8341685,-0.9102112,-0.17634127
694,-0.61067003,0.60645425,-0.07300898,0.052850187,-0.5881937,0.25751504,0.767605,-0.49763408,0.1996654,-0.8517837,0.5577275,0.9348826,-0.90404296,-0.53640485,-0.0006284089,-0.30488324,0.9582596,-0.52550286,-0.5825697,-0.3133218
695,-0.50922155,0.4901214,-0.091236375,-0.0036063185,-0.576018,0.64335096,0.8946748,-0.14108361,0.4691426,-0.8333271,-0.020705331,0.29243553,-0.34817487,-0.97376055,0.16563538,0.035178576,0.7461143,-0.76835316,-0.2967906,0.7360474
696,-0.44429803,0.25512695,-0.073506735,0.09607568,-0.3270144,-0.41643283,0.59608036,-0.74298644,-0.10118673,-0.7514935,0.40052575,0.8842698,-0.88524514,-0.7204734,0.19626278,-0.45785555,0.7783309,-0.598649,-0.51505375,-0.4908668
697,-0.34450406,0.3335506,-0.12725256,-0.015703693,-0.642033,0.7215309,0.8363581,-0.17475733,0.69795483,-0.7384257,0.18966669,0.8811774,-0.34562588,-0.85913956,-0.17094465,-0.042175427,0.82401204,-0.33629945,-0.37739295,0.19695783
698,-0.42118746,0.32647803,-0.058639824,0.059408944,-0.41402853,-0.800343,-0.32596982,-0.98450124,-0.35320666,-0.91944975,0.13418071,0.8245749,-0.7513584,-0.91958,0.3445553,-0.6303431,0.9633819,-0.51934046,-0.52413553,-0.031757325
699,-0.65671647,0.71576786,-0.12190764,0.18640043,-0.61597276,0.06643479,0.69267,-0.90347767,0.11788583,-0.84362584,0.07473863,0.91736037,-0.6184037,-0.6966687,0.25827584,-0.25228053,0.9457176,-0.76040316,-0.8715835,-0.19240043
700,-0.4345378,0.38431442,-0.0829786,-0.022922361,-0.27249822,0.45651007,0.29454768,-0.60295695,0.48056266,-0.8795503,0.58937895,0.8232712,-0.2254326,-0.8140402,-0.011097866,-0.15407433,0.3840671,-0.086526066,-0.22691314,-0.4892513
701,-0.703512,0.56590647,-0.0963316,-0.0010478662,-0.2943786,0.54713935,0.46408498,-0.85768676,0.50893843,-0.7734241,-0.20737338,0.57607174,-0.3412466,-0.7967142,-0.25262827,-0.07666496,0.8721477,-0.7535164,-0.44342375,0.4048212
702,-0.38642034,0.457915,-0.21469252,0.017498901,-0.6014576,0.3621506,0.7831973,-0.6519628,0.5857381,-0.4815564,0.5148688,0.94329345,-0.13529293,-0.6871516,-0.035276607,-0.2967627,0.5204204,-0.41838425,-0.32776412,-0.17921612
703,-0.60308385,0.55205184,-0.087131076,0.04769659,-0.42853823,0.29677826,0.97291404,-0.43451846,0.54905987,-0.9028186,-0.10554508,0.8399407,-0.86283314,-0.9080121,-0.41542146,0.12832545,0.72917557,-0.8180983,-0.3185487,0.43235242
704,-0.5131938,0.43742737,-0.020146875,-0.03617581,-0.48100814,0.32471478,0.5286012,-0.5030871,0.5715877,-0.6823637,0.2210256,0.3755081,-0.54710066,-0.7885492,0.026799502,-0.5061265,0.6901762,-0.48896942,-0.06747049,0.566187
705,-0.60862076,0.59624183,-0.08067454,0.019465793,-0.3532651,0.24201849,0.9088374,0.12153172,0.5535762,-0.6368317,0.047189366,0.8596384,-0.8325979,-0.92234534,0.066631444,0.005089007,0.76616776,-0.47973734,-0.18555382,0.46802485
706,-0.5648318,0.548731,-0.11995769,-0.00045133592,-0.50882614,0.30965692,0.8586913,-0.65512633,0.47733623,-0.5137695,-0.068563975,0.62612104,-0.9646228,-0.8172764,-0.10969872,-0.14468719,0.7537741,-0.93019783,-0.4337211,0.32981703
707,-0.47030035,0.42625505,-0.17037828,-0.12520713,-0.40698725,-0.17904647,0.1646206,-0.83564216,0.04377931,-0.67953,-0.14210564,0.74836904,-0.39167327,-0.64111966,0.08291728,-0.018236548,0.7620047,-0.70952916,-0.7040909,0.13518448
708,-0.6361575,0.68646985,-0.09319675,0.044614635,-0.53891444,0.7193098,0.8332746,-0.054121677,0.77212256,-0.7177229,0.02605742,0.41222396,-0.45139143,-0.9028097,0.06378246,0.08455974,0.90215045,-0.71636355,-0.2304033,0.66634643
709,-0.50141823,0.4756437,-0.12285368,0.031855278,-0.5388306,-0.3313422,0.8826298,-0.32880002,0.2298592,-0.45490068,0.28110933,0.8746489,-0.92158103,-0.8915493,0.26653606,-0.4582393,0.9308945,-0.7008337,-0.35600743,0.1027468
710,-0.2813053,0.22816584,-0.13944224,-0.1134127,-0.40302944,0.36319995,0.9505598,-0.41175735,0.55549663,-0.036195736,-0.1830087,0.9716878,-0.5868544,-0.76421523,0.012857536,0.14886102,0.35615993,-0.85994464,-0.5725491,0.1722018
711,-0.49087518,0.5755785,-0.17904273,-0.08407856,-0.56205577,0.20922151,0.6800932,-0.588663,0.36106044,-0.6482721,0.33998188,0.69991565,-0.75141156,-0.682312,0.03883907,-0.29154396,0.62367004,-0.9980725,-0.716322,-0.22350118
712,-0.49294955,0.49740288,-0.16233283,0.012913429,-0.55381817,0.6273497,0.9738337,-0.27075014,0.4564583,-0.8376699,0.31612343,0.6373167,-0.72588813,-0.83995986,-0.57804865,-0.20437512,0.4199185,-0.8301843,-0.21489704,-0.13945408
713,-0.4501331,0.50573283,-0.12285327,0.009449884,-0.4395949,0.8017263,0.48916075,-0.18440111,0.7112873,-0.93596834,-0.51871383,0.67531097,-0.30597797,-0.6967008,0.24555987,0.32483232,0.75614667,-0.57627636,-0.9637502,0.6962595
714,-0.35815734,0.27770603,-0.11968252,-0.037144285,-0.3615607,0.19409123,0.6862081,-0.42380542,0.28828752,-0.7403858,0.04785875,0.65630424,-0.5318531,-0.9517818,0.0012250153,-0.18583968,0.8952381,-0.7541733,-0.38879502,0.276356
715,-0.53196853,0.4848184,-0.122516476,0.022214213,-0.4240823,0.2515555,0.643292,-0.30873293,0.44468436,-0.687203,-0.1025423,0.64354604,-0.69227755,-0.7331404,-0.0083489595,0.080138415,0.7585194,-0.7778906,-0.42574993,0.4815804
716,-0.5818978,0.43637487,-0.10755464,0.009057997,-0.45442343,0.5660321,0.6913087,-0.5868145,0.62682366,-0.76481575,-0.4290859,0.7259838,-0.8989462,-0.6465724,-0.060943007,0.22767736,0.5075504,-0.9773215,-0.8117859,0.27886698
717,-0.29459772,0.31273592,-0.17553583,0.08125769,-0.65130997,0.56946397,0.88740635,-0.3070262,0.526417,-0.6909547,0.54971546,0.5899389,-0.4518771,-0.9625855,0.0065243323,-0.38011548,0.72870106,-0.6279178,-0.29834026,0.19328022
718,-0.52938515,0.5007382,-0.10835682,-0.123977974,-0.36146107,0.0640055,0.7442032,-0.8444083,-0.063521385,-0.8761307,0.3762978,0.8140032,-0.7008377,-0.71043825,-0.055706266,-0.39759654,0.63008606,-0.7571989,-0.7895501,-0.19238298
719,-0.5620879,0.57543045,-0.119989,0.09212828,-0.69390905,0.14814958,0.56699204,-0.26687783,0.23885494,-0.8762368,0.4471056,0.9681353,-0.6769649,-0.71018666,0.06791162,-0.41166377,0.9861262,-0.87462604,-0.5976284,-0.3245426
720,-0.5194505,0.41617846,-0.11983057,-0.013374739,-0.44919488,0.2625182,0.28346586,-0.5192005,0.52419764,-0.40146628,-0.08155634,0.5700666,-0.47271475,-0.8144752,0.43277866,0.005126153,0.23695317,-0.8158114,-0.8919349,-0.100718416
721,-0.4285545,0.2888547,-0.0882148,0.034864206,-0.5863474,0.1870729,0.79213166,-0.53985626,0.46567687,-0.54233795,0.31446448,0.9689844,-0.5700283,-0.71173877,0.016077014,-0.48937914,0.8556467,-0.52989763,-0.44499776,-0.11806191
722,-0.50508666,0.48516664,-0.1399917,-0.077877186,-0.39378643,0.38802785,0.42157757,-0.23586048,0.39782637,-0.731252,-0.43790093,0.5722629,-0.8974113,-0.9927678,0.40885767,0.18479936,0.74309844,-0.8904615,-0.7034601,0.6662203
723,-0.35729444,0.051438805,-0.09341497,0.015878918,-0.51143736,0.2721735,0.6394385,-0.5041923,0.41555312,-0.9325162,0.14352812,0.7051212,-0.67436504,-0.75186074,-0.12578493,-0.20654792,0.98775107,-0.5114424,-0.39388588,-0.010221926
724,-0.6120567,0.6795981,-0.13459654,-0.043164447,-0.47813475,0.13933603,0.528154,-0.19246587,0.47647396,-0.26720265,0.19604105,0.86598545,-0.68484557,-0.6234429,0.26201284,0.09257259,0.55507576,-0.90736395,-0.45845824,-0.1361281
725,-0.5497516,0.41802576,-0.012830489,0.12882294,-0.3303455,0.33132628,0.46688175,-0.13988934,0.6420465,-0.5913507,-0.27380314,0.84715927,-0.60426986,-0.91551256,-0.013269382,0.5760303,-0.002558368,-0.94933444,-0.3806459,0.10879533
726,-0.5292232,0.52849424,-0.16701938,0.0036960884,-0.4859581,0.10921058,0.5648597,-0.27590847,-0.27091286,-0.791654,0.43418726,0.9371832,-0.8815219,-0.7897768,-0.28368756,0.40531263,0.18078291,-0.80223924,-0.25248823,-0.34900677
727,-0.47747976,0.4401742,-0.11014561,-0.0043290197,-0.5231124,0.20338722,0.9340804,-0.19260237,0.43414262,-0.34047043,0.18863983,0.93219304,-0.87361586,-0.93684906,0.035864223,-0.13307099,0.5704474,-0.8003972,-0.17503726,0.19638872
728,-0.32145387,0.1942604,-0.114841364,-0.1027896,-0.47490025,0.40851083,0.5715065,-0.25866458,0.48214203,-0.6705707,0.09081197,0.5803122,-0.92976385,-0.379161,0.3582822,-0.30974206,0.58797055,-0.8888705,-0.9182592,0.09711885
729,-0.37877232,0.4221094,-0.16323325,0.13525376,-0.4995229,0.087761424,0.5684977,-0.7085287,0.36751345,-0.53615105,-0.046975665,0.6212894,-0.61410147,-0.8227404,0.16668713,-0.3026917,0.9539952,-0.53410935,-0.5802606,0.60242784
730,-0.4054901,0.38228717,-0.15579015,-0.0021074768,-0.5804682,0.44099277,0.6070827,-0.59711146,0.28117895,-0.57934904,-0.31619492,0.86057436,-0.48531353,-0.5158083,0.107354134,0.43273506,0.4146398,-0.7590615,-0.6453322,0.024615403
731,-0.58120614,0.53248024,-0.069469474,0.048611745,-0.43216515,0.66857094,0.9541583,-0.43712837,0.94726694,-0.6982778,0.03133542,0.5902158,-0.7558186,-0.40412515,0.24573092,0.13159275,0.6389203,-0.6138249,-0.72811645,0.28759682
732,-0.47488207,0.4708437,-0.13026258,0.109218515,-0.56867665,0.46091837,0.8884957,-0.18258372,0.26827693,-0.9532264,0.16417526,0.71804315,-0.49708304,-0.9927511,-0.21719036,0.22274822,0.52768064,-0.7860536,-0.16843358,-0.10122671
733,-0.28864047,0.40429685,-0.1968512,0.0042237337,-0.50423133,0.38494045,0.8311008,-0.106631115,0.49571285,-0.8206252,-0.18242323,0.8563654,-0.92759955,-0.5855054,-0.007795109,0.13858795,0.9523003,-0.85079056,-0.9148362,0.2614033
734,-0.52155817,0.45493418,-0.102479994,-0.04023902,-0.32008278,0.57736415,0.8355474,-0.4748462,0.5193629,-0.07206148,-0.20434622,0.9683243,-0.86327904,-0.6196871,0.09371997,0.14354996,0.3576536,-0.96433896,-0.592902,0.066812724
735,-0.5159542,0.44788328,-0.09347912,-0.062928535,-0.44466418,0.47430044,0.9716541,-0.6707204,0.8326971,-0.4109286,0.20810777,0.84794384,-0.34757125,-0.81498295,0.18166867,-0.2587088,0.7137799,-0.4597491,-0.43432143,0.112265185
736,-0.43255964,0.35663915,-0.12432249,-0.042045243,-0.45993742,0.41590038,0.4940906,0.00592595,0.28188932,-0.7875027,0.18679136,0.35481057,-0.35741028,-0.9366761,-0.027982978,-0.046285044,0.5063298,-0.8277872,-0.22709598,0.43446288
737,-0.32435438,0.14880699,-0.1117383,-0.0023383957,-0.5421783,0.2999042,0.624304,-0.28748515,0.0013976508,-0.80277514,0.21630405,0.19791469,-0.68058366,-0.91162395,-0.07240796,-0.42512593,0.7235248,-0.68806416,-0.29452324,0.25806072
738,-0.48255438,0.3611319,-0.006955141,-0.026252693,-0.38851833,0.1300364,0.9812687,-0.21135157,0.46572837,-0.44048354,0.7669643,0.8248235,-0.4210089,-0.69692576,-0.1520842,-0.28075242,0.9016592,-0.418643,0.04823026,-0.059440766
739,-0.39774632,0.20852683,-0.10498636,0.07211291,-0.5243201,0.44093952,0.76546156,-0.19751601,0.31494182,-0.65648705,0.0019502498,0.60064864,-0.9023071,-0.8375693,0.14952782,-0.104313456,0.6384783,-0.8934355,-0.6192706,0.3279823
740,-0.49088973,0.46157077,-0.08077241,-0.024011265,-0.35086107,-0.13321102,0.40553808,-0.618356,0.38891467,-0.3832339,0.18082345,0.9237821,-0.73356014,-0.9952653,0.12841524,-0.32122856,0.66872305,-0.7858056,-0.45826587,0.2679813
741,-0.38915175,0.3566142,-0.14841604,0.03366215,-0.5069056,0.7440048,0.69332683,-0.53467125,0.90358984,-0.76279515,-0.20119014,0.55274886,-0.36679187,-0.81050205,-0.0120403115,0.03005765,0.7518707,-0.54553723,-0.303947,0.8328801
742,-0.58318824,0.46728098,-0.08138532,0.1726787,-0.5660889,0.45341054,0.48223403,-0.7418632,0.32980466,-0.96875256,-0.05071262,0.33377308,-0.38793167,-0.980846,0.2515532,-0.1656888,0.7051797,-0.6764948,-0.5668894,0.54881704
743,-0.43380833,0.43292567,-0.1495013,-0.035840083,-0.539374,0.8688135,0.6493797,-0.5327322,0.8912951,-0.6506139,0.08277654,0.8923558,-0.31648833,-0.47385642,-0.2564737,0.2920101,0.1464306,-0.73754495,-0.65335923,-0.2555504
744,-0.38000184,0.46728945,-0.12685268,0.060841918,-0.506488,0.3552197,0.868998,-0.7610272,0.7014834,-0.24405175,-0.25436696,0.8975607,-0.8107474,-0.60495096,0.11672902,0.11921696,0.5350725,-0.747457,-0.5591037,0.19493976
745,-0.34544384,0.36902976,-0.12396394,0.046461158,-0.46337348,0.1227325,0.9167823,-0.47015747,0.43817058,-0.6205636,0.29949495,0.8390264,-0.8171269,-0.8701422,-0.22818704,-0.24252549,0.83896756,-0.44317684,-0.25717327,-0.01176951
746,-0.4906744,0.517852,-0.14759493,-0.005437631,-0.5522452,0.1878858,0.78596383,-0.67879444,0.6099225,-0.7474,-0.14550006,0.73358697,-0.9660631,-0.54932195,0.6627827,-0.12831073,0.8107724,-0.70796186,-0.9521819,0.08127729
747,-0.49331263,0.33037323,0.009697144,-0.07644889,-0.38366184,0.4410294,0.82467026,-0.59391934,0.6980353,-0.5553065,0.2596151,0.8355335,-0.73735946,-0.5976805,-0.0029654175,-0.26886064,0.61495024,-0.6272603,-0.56787425,-0.24434406
748,-0.48221678,0.62429196,-0.15716869,0.097347796,-0.5470046,0.006099768,0.26754558,-0.05077629,0.02927331,-0.9095672,0.18275288,0.8540775,-0.72068936,-0.80943805,0.09075577,0.025860626,0.8237149,-0.80496925,-0.4248505,0.4466588
749,-0.58587843,0.5837911,-0.06044389,0.12207777,-0.39480183,0.6762986,0.89303774,0.22017495,0.4931384,-0.9472593,0.20646523,0.807896,-0.49029237,-0.71375465,-0.28017554,0.3980432,0.5178085,-0.7993041,-0.21939035,0.31795296
750,-0.52677923,0.44616988,-0.16109268,-0.037219502,-0.56640154,0.41781494,0.76175416,-0.54396015,0.6883554,-0.7725482,-0.36282596,0.94503605,-0.8938251,-0.75440794,0.15096083,0.04447089,0.56831044,-0.74792737,-0.77459216,0.37973776
751,-0.47064266,0.5382109,-0.072663635,-0.09335306,-0.40650547,0.5949849,0.8552553,-0.72789055,0.8434385,-0.58217907,0.29419428,0.5014192,-0.91895056,-0.64963347,0.28431973,-0.3547923,0.9463948,-0.66299033,-0.5407685,0.17128502
752,-0.51789796,0.45139888,-0.061255682,0.06171553,-0.529921,0.018081052,0.46392724,-0.6969885,0.079192,-0.38752383,0.26876304,0.9564953,-0.43594345,-0.73019576,-0.006546993,0.099181265,0.40753698,-0.77479756,-0.39672172,-0.26517096
753,-0.5671693,0.6254534,-0.15030566,-0.07312589,-0.5218165,0.21950783,0.7503818,-0.80469203,0.38163233,-0.7426556,-0.16318908,0.57647294,-0.45048088,-0.7109515,0.23570494,-0.19412312,0.91736424,-0.5281285,-0.6722216,0.32120067
754,-0.5295425,0.53699213,-0.12342302,0.0020481735,-0.55046064,0.26297954,0.37214,-0.26880938,0.07874494,-0.78505987,-0.16891502,0.45421046,-0.42009956,-0.98265797,0.001758756,0.0206158,0.3742896,-0.8176248,-0.27982354,0.5016852
755,-0.65923375,0.8080041,-0.13721722,-0.07261293,-0.564541,0.15254256,0.7697914,0.07834188,0.1705034,-0.84489924,0.46799183,0.72961956,-0.83028764,-0.66031146,0.031139812,-0.0050726207,0.77542377,-0.7048355,-0.51701444,0.1351
756,-0.28000194,0.1555213,-0.116587356,-0.016951732,-0.3895473,0.29077268,0.7306424,-0.4648664,0.46217728,-0.7121929,0.16024983,0.6459322,-0.5315505,-0.76655835,-0.08223207,-0.04816513,0.94878846,-0.5645838,-0.16907763,0.5082974
757,-0.588827,0.45449537,-0.028823517,-0.014336585,-0.38013735,0.4414786,0.8575818,0.38208428,0.49684647,-0.32642922,0.37092078,0.9569102,-0.5944364,-0.8578575,-0.14990754,0.31316134,0.033957988,-0.8662969,-0.17439632,0.025803402
758,-0.51211804,0.45904675,-0.13548711,-0.015358202,-0.41431937,0.67798007,0.88162524,0.22975467,0.5328658,-0.82859796,-0.16811268,0.90114313,-0.67198485,-0.8226189,-0.3258854,0.61752397,0.30474696,-0.7859315,-0.26309627,0.3351682
759,-0.48883027,0.44871202,-0.0818046,0.018455006,-0.5634615,0.7005858,0.9391299,-0.06351353,0.24426018,-0.91165584,0.68358946,0.5153037,-0.4356522,-0.8443802,-0.18701129,-0.26667857,0.89233696,-0.5649169,-0.13374074,-0.024895541
760,-0.57949936,0.35244438,-0.12188016,-0.009817454,-0.6251269,0.42633536,0.7758692,-0.81826687,0.35911644,-0.8418125,-0.14809468,0.668409,-0.95602715,-0.5694767,0.17015219,-0.054049272,0.7080542,-0.93934774,-0.9525054,-0.23335041
761,-0.52845657,0.46475944,-0.0894803,0.08642987,-0.5325226,0.6418849,0.9591542,-0.18290938,0.4554021,-0.8422836,0.20585473,0.48742577,-0.3529622,-0.9098011,-0.07479927,-0.13813928,0.87763995,-0.68594253,-0.33490014,0.4487506
762,-0.54729974,0.33155313,-0.103662014,-0.10103067,-0.42664722,0.22342768,0.87221396,-0.06583522,0.2372474,-0.9617932,0.41284397,0.96142584,-0.75648546,-0.7953551,-0.089881346,0.043754436,0.50521344,-0.7438518,-0.1328888,-0.31181094
763,-0.55213696,0.5881954,-0.11576324,-0.03295845,-0.5332421,0.52376634,0.6310559,-0.76781535,0.6047406,-0.93364286,-0.10517705,0.54563165,-0.28868037,-0.7800676,-0.01918146,0.005525858,0.7501376,-0.73681116,-0.6557502,0.49304077
764,-0.5445134,0.37739486,-0.17136566,0.17004105,-0.63310117,0.18360746,0.3585661,-0.7763697,0.25963175,-0.89132303,0.026635813,0.88913924,-0.63088304,-0.5859857,0.08655351,-0.07164995,0.73634565,-0.6716558,-0.861736,0.26814243
765,-0.57297504,0.5569563,-0.072563924,0.15868308,-0.6343356,0.14188102,0.903984,-0.9096471,0.40550724,-0.5397594,-0.0032161076,0.8164315,-0.48511398,-0.80172735,0.18184102,-0.35467932,0.93273985,-0.73300534,-0.42034593,0.04396551
766,-0.439327,0.4587116,-0.07090992,-0.015115803,-0.499244,0.51390576,0.6392654,-0.48264498,0.6852138,-0.47353482,0.30572852,0.4181683,-0.091831885,-0.9899356,0.29901698,-0.46343017,0.8328273,-0.6389755,-0.2703257,0.28290617
767,-0.47696382,0.5537495,-0.13118699,0.0447949,-0.3570333,0.12394208,0.63122237,-0.3736558,0.33510405,-0.8332353,0.07646555,0.82465285,-0.64117503,-0.83043486,-0.19714431,0.031215109,0.7049729,-0.7483437,-0.21044178,0.24558225
768,-0.36395967,0.3384925,-0.08154771,-0.04276096,-0.44091162,0.17203827,0.75436395,-0.5591971,0.57895964,-0.310379,0.23101513,0.8230532,-0.60545236,-0.7866054,0.08291917,-0.21438526,0.45121422,-0.45840788,-0.21389307,-0.038104743
769,-0.63861907,0.6490932,-0.082220934,0.05638806,-0.4222512,0.25307977,0.6543737,-0.8775505,0.49576765,-0.7647334,-0.74572456,0.87227446,-0.72273386,-0.9335029,0.10527891,0.06416611,0.8620093,-0.87980944,-0.6465371,0.85647756
770,-0.5451225,0.32565144,-0.105862185,0.15185955,-0.42143732,0.17184696,0.41632774,-0.74666584,0.58339775,-0.8940763,-0.27107882,0.66859907,-0.9083047,-0.58564407,-0.01596411,-0.16331828,0.8027744,-0.5511143,-0.75836724,0.3156461
771,-0.5062044,0.58923197,-0.1733241,-0.011534372,-0.5293975,-0.26146007,0.318667,-0.5901459,0.31236926,-0.4210979,-0.06368735,0.8409756,-0.9097146,-0.726124,0.32178554,-0.35822213,0.93602866,-0.69128776,-0.7580879,0.1440527
772,-0.3133761,0.37600693,-0.16113897,0.08406234,-0.5131111,0.13558206,0.91687214,-0.39673597,0.18519445,-0.78333014,0.59675306,0.7252829,-0.75685525,-0.77267265,-0.1562042,-0.1889733,0.93656415,-0.6205908,-0.18622805,-0.23058994
773,-0.5294397,0.61932254,-0.0533916,-0.0035253016,-0.48329785,0.6651981,0.8338683,-0.026958475,0.7828342,-0.7237438,0.30695835,0.6151007,-0.19667451,-0.8615526,-0.24903351,0.026059885,0.66084546,-0.55863065,0.057494562,0.59908694
774,-0.6342517,0.52763337,-0.08253048,0.028646206,-0.42856947,0.23238249,0.50111,-0.35861224,0.24890049,-0.48299617,0.094339326,0.7157983,-0.7417588,-0.625429,0.05726957,-0.127042,0.42666286,-0.80264634,-0.51800483,0.051781766
775,-0.47131872,0.40612942,-0.12273929,-0.11112529,-0.55832464,0.4212487,0.5696815,-0.41166416,0.7889173,-0.7841751,-0.01317619,0.5092522,-0.83447796,-0.96934676,0.19318478,-0.53988737,0.6596815,-0.9800734,-0.84472114,0.79809964
776,-0.56807035,0.56789094,-0.13434453,-0.0002674649,-0.5693258,0.23389873,0.942026,-0.10071069,0.28662372,-0.8707802,-0.0031545628,0.9627896,-0.56909233,-0.935007,0.037679676,0.027379695,0.96013945,-0.9349345,-0.50582147,0.5519258
777,-0.5361603,0.4036869,-0.12747714,0.08985152,-0.5164402,0.41543868,0.7792056,0.06303549,0.42668042,-0.50716,0.5919445,0.6883613,-0.44882253,-0.6501578,-0.07022947,0.21776912,0.16799577,-0.5709764,-0.22850887,-0.46371147
778,-0.44451442,0.25779417,-0.06170627,0.042556845,-0.5155888,0.29446113,0.6298816,-0.3178789,0.22346242,-0.45935124,0.22005245,0.69037306,-0.17688797,-0.64453113,0.09787255,-0.16097404,0.59696555,-0.6885897,-0.5482034,-0.117014885
779,-0.53767383,0.59839183,-0.127442,-0.02415306,-0.5481176,-0.112660185,0.65650547,0.12082637,0.20072775,-0.469133,0.5050327,0.9636444,-0.680469,-0.90638244,-0.18102285,0.032974027,0.49992496,-0.9948989,-0.09732318,-0.246104
780,-0.59906137,0.48187268,-0.03193301,0.018567922,-0.48339897,0.131348,0.5615054,-0.25885877,0.37181824,-0.880186,0.15840666,0.9233015,-0.68507844,-0.8759378,-0.3451667,0.36326444,0.29217896,-0.83970636,-0.19712219,0.07965857
781,-0.48104227,0.42826393,-0.073503435,0.1923694,-0.5196162,0.2106725,0.8009512,-0.5664008,0.43798625,-0.54703104,0.1714712,0.93636477,-0.69773686,-0.76104915,-0.19336626,-0.22083864,0.6508574,-0.695517,-0.1659922,0.17101155
782,-0.6479376,0.4888701,-0.027239852,-0.040676594,-0.3256135,0.28416327,0.76730955,-0.47010764,0.34476742,-0.628657,-0.021027159,0.99333125,-0.8476509,-0.40582708,0.085508734,0.18157953,0.12522012,-0.54488224,-0.59362435,-0.3867141
783,-0.20535634,0.3249222,-0.044846382,0.019267423,-0.44728932,0.21842267,0.92148584,-0.10781648,0.29360667,-0.7779156,0.35905707,0.91845244,-0.95531195,-0.7389125,-0.18745223,0.03444242,0.89910936,-0.96081245,-0.3704058,0.15879439
784,-0.40300664,0.30898818,-0.18434566,0.08379023,-0.5165127,-0.042242482,0.6002856,-0.78946877,0.20087206,-0.6089186,-0.028096337,0.6989881,-0.8820774,-0.65071386,0.30432838,-0.35203838,0.7874315,-0.6151659,-0.82451844,-0.27116057
785,-0.4492354,0.24426968,-0.12079095,0.038230814,-0.47682062,0.80278236,0.9766898,-0.07770147,0.71900535,-0.59878874,0.1392772,0.5733423,-0.5520141,-0.61334825,0.085091986,0.1760068,0.32097182,-0.6441826,-0.48515528,-0.05801263
786,-0.46574864,0.51250076,-0.12363298,-0.00535188,-0.4454401,0.13491806,0.7883596,0.09815046,-0.09226682,-0.80808353,0.80685115,0.858894,-0.6668289,-0.83105564,-0.3535248,0.20736633,0.4407305,-0.8783796,-0.0099946605,-0.32590774
787,-0.54460704,0.2978305,-0.05804684,0.08244508,-0.47718373,0.69427127,0.8916879,-0.26138425,0.86631554,-0.102720566,-0.15880223,0.9527112,-0.5435841,-0.7969162,0.10730327,0.04982775,0.38429803,-0.9740287,-0.6260575,0.3915466
788,-0.42399302,0.3777816,-0.17646083,-0.015982015,-0.55556977,0.33897924,0.5079623,-0.18950623,0.34133685,-0.74328196,0.24070667,0.46126106,-0.38107064,-0.8708978,0.13055564,-0.23965593,0.76626205,-0.5941152,-0.3138553,0.19125873
789,-0.73720324,0.6046523,-0.20153357,-0.115938775,-0.53407,0.15249132,0.64328325,-0.010429193,0.5356615,-0.36321002,-0.048087843,0.6969894,-0.75059736,-0.7703335,-0.09070059,0.0324433,0.26196462,-0.7696745,-0.67271316,-0.3671753
790,-0.4955945,0.6119753,-0.16682799,-0.0007364632,-0.43460828,0.0418305,0.6974391,-0.42302513,0.18456602,-0.7115253,0.40193498,0.9063652,-0.86383504,-0.79047704,-0.08783315,-0.3411306,0.6375021,-0.69716895,-0.3095958,-0.15697105
791,-0.4544371,0.46195987,-0.20396382,-0.009863259,-0.6003872,0.1473011,0.7111536,0.12298895,-0.36752445,-0.96301734,0.6298272,0.8884036,-0.94884914,-0.8234373,-0.4149879,0.28005263,0.26076603,-0.43041486,0.10446096,-0.58196867
792,-0.47678784,0.28453022,-0.133594,0.004249536,-0.46751282,0.42859632,0.42363322,-0.4649694,0.3409425,-0.72145885,-0.30643234,0.41135657,-0.91994166,-0.68615365,0.23902237,-0.44968075,0.32281655,-0.8698283,-0.85258806,0.13889523
793,-0.5489294,0.47734427,-0.09226851,0.11744625,-0.65523213,0.41756305,0.9083768,0.34408,0.34740308,-0.5515728,0.20966533,0.9647615,-0.7853073,-0.8795212,-0.03491043,0.3767724,-0.035712577,-0.7245142,-0.25891584,-0.45535555
794,-0.5380005,0.44723144,-0.06520131,0.09559455,-0.42862794,0.32637662,0.87522477,-0.16696124,0.46561435,-0.8419304,0.53646976,0.7025987,-0.37263104,-0.9650268,-0.057527218,-0.0022263825,0.70739967,-0.66397285,-0.14044398,-0.012380556
795,-0.44826669,0.37895644,-0.13521323,0.008314819,-0.5912388,-0.048488602,0.78929204,-0.5678532,-0.027443033,-0.6010004,0.22531688,0.52052677,-0.9754335,-0.7590011,0.50621927,-0.62794876,0.94668615,-0.9057482,-0.9737476,-0.3181042
796,-0.47701666,0.6748574,-0.22119316,0.028215142,-0.50552976,0.7342719,0.9477766,-0.2479508,0.89331967,-0.36002082,0.105555385,0.8424422,-0.18935488,-0.714216,0.103364095,0.045064397,0.5897757,-0.56729895,-0.5733045,0.2506779
797,-0.41730165,0.522929,-0.18270074,-0.027675902,-0.47465754,0.41322404,0.6277148,-0.27450442,0.49102542,-0.68386936,0.15955731,0.6239341,-0.6113744,-0.7310378,0.14472888,-0.1491031,0.85731465,-0.6164866,-0.56733084,-0.014485508
798,-0.50792795,0.3459901,-0.036135305,0.014530926,-0.46408966,0.7117499,0.8405469,-0.18932942,0.88611805,-0.5257207,0.106031105,0.99168867,-0.7283502,-0.58210486,0.06937905,0.1466313,0.08251442,-0.6163232,-0.57475376,-0.24452367
799,-0.7200101,0.6844093,-0.093504414,0.020415153,-0.5068216,0.23732036,0.7971349,-0.050154604,0.24532595,-0.6839041,0.25730023,0.8704357,-0.87438345,-0.96345776,0.09638749,0.015852923,0.6141723,-0.8448302,-0.4556852,-0.07430208
800,-0.4718717,0.5858033,-0.2093733,0.08217013,-0.5418898,-0.20774804,0.5932134,-0.81319565,0.61977154,-0.5136801,-0.363758,0.90198064,-0.76387864,-0.8018805,-0.10741595,-0.23185249,0.97283787,-0.7669871,-0.51689875,0.4404472
801,-0.59098023,0.7525348,-0.27110067,0.07169889,-0.6495081,0.35961598,0.83535683,-0.6159649,0.40600058,-0.7323375,0.33652803,0.7191109,-0.9484743,-0.65485203,0.24490938,-0.19873463,0.9605142,-0.8442876,-0.63277185,-0.0034390658
802,-0.36945322,0.42900118,-0.13300031,-0.0147601925,-0.40247518,0.16858661,0.7082059,-0.15232213,0.22205354,-0.65022796,0.060687132,0.82786566,-0.9610627,-0.9410919,0.020927407,-0.13810849,0.569988,-0.7985346,-0.20113666,0.09822709
803,-0.5444863,0.3150701,-0.05893658,0.06489986,-0.436533,0.37317678,0.73910886,-0.7096646,0.5741682,-0.810172,-0.20299478,0.6156247,-0.23544912,-0.8055645,-0.079166666,0.01509315,0.8056654,-0.8763324,-0.5965613,0.68619025
804,-0.43723404,0.4588495,-0.13197467,0.0078038624,-0.4763746,0.24584857,0.8634501,-0.12019464,0.11105265,-0.7673719,0.7486263,0.8988633,-0.52321434,-0.77170336,-0.4049653,0.057786014,0.68318355,-0.6562995,0.19637345,-0.09926887
805,-0.58686155,0.49248853,-0.008193937,0.02788705,-0.4555512,0.36917114,0.98564,-0.10338613,0.38799974,-0.81022316,0.081088684,0.7325122,-0.88961434,-0.92664504,-0.28336924,0.34599605,0.32175314,-0.84685725,-0.14502554,-0.17669702
806,-0.42414978,0.36890188,-0.2026197,0.05640191,-0.4482153,-0.15447156,0.8277125,-0.82944864,-0.06237569,-0.6457081,0.19477427,0.8946621,-0.7271131,-0.8580825,0.119181134,-0.3878151,0.86667913,-0.5635324,-0.60609764,-0.21397842
807,-0.5895572,0.66429096,-0.12049213,3.778345e-05,-0.4336967,0.16513695,0.9690652,-0.3671065,0.6526879,-0.3678472,0.24745904,0.9920971,-0.25862685,-0.92046326,-0.1214024,0.029941583,0.8756435,-0.378831,0.12610905,0.39349684
808,-0.42566735,0.40380916,-0.1681826,-0.02010843,-0.53428924,0.47153738,0.7849471,-0.5999219,0.58681613,-0.5997383,-0.37126234,0.8127408,-0.45190278,-0.82276213,0.282591,-0.14755365,0.9115337,-0.68347144,-0.6834744,0.612208
809,-0.5935973,0.5597254,-0.08446675,0.04747727,-0.52141476,0.57988155,0.78305733,0.026051586,0.57206964,-0.74139434,0.35944685,0.42566398,-0.32841137,-0.9322808,-0.13078338,-0.026386773,0.5900238,-0.53784746,-0.14771871,0.12519361
810,-0.49576426,0.272097,-0.078256905,-0.04724778,-0.57833093,0.2191472,0.83577853,0.21463874,0.20624806,-0.4459516,0.32989156,0.85104805,-0.9663683,-0.79374135,-0.07161522,0.12135707,0.26574472,-0.8968256,-0.34618688,-0.33536512
811,-0.48950037,0.26103702,-0.081398055,-0.0112968255,-0.43521935,0.39335215,0.7140417,-0.5072571,0.63845307,-0.21937656,-0.18160379,0.7467537,-0.76536304,-0.74033546,0.14556025,-0.08590927,0.48985192,-0.8316754,-0.5581764,0.40101817
812,-0.59297687,0.58054876,-0.10941407,0.110159114,-0.53528285,0.2667573,0.83867276,-0.7013666,0.45710108,-0.5934635,0.4551567,0.7135676,-0.86724955,-0.872839,0.10526826,-0.285436,0.6732318,-0.610346,-0.21048856,-0.104930215
813,-0.47948614,0.50513774,-0.11091985,0.07424207,-0.4572119,0.8744646,0.9509389,-0.41174105,0.7528641,-0.6835558,-0.16821595,0.5897163,-0.48417568,-0.5710204,0.21829496,-0.05191943,0.8404499,-0.580228,-0.6207544,0.2263867
814,-0.5010814,0.48759997,-0.13727112,0.13016501,-0.6126905,0.32509965,0.6223011,-0.44816944,0.31361014,-0.7714167,0.21114382,0.8332164,-0.8546761,-0.43376133,0.26479748,-0.047037102,0.26763052,-0.8030045,-0.59383994,-0.169791
815,-0.53421754,0.52318716,-0.12802108,0.021830374,-0.49411827,0.33484393,0.74593484,-0.29932576,0.29590753,-0.56264836,0.110428356,0.896062,-0.963073,-0.65046835,0.23374896,-0.025440143,0.23894495,-0.8579093,-0.71428144,-0.44805148
816,-0.48999664,0.51653147,-0.09505795,0.0076637254,-0.4542792,0.66184247,0.92776513,-0.22027403,0.8438799,-0.50729483,-0.045244556,0.97150964,-0.8246756,-0.6826001,0.11196901,0.26318207,0.5366205,-0.66089064,-0.5562775,0.38183287
817,-0.47772762,0.4641778,-0.19275108,-0.019353002,-0.5764238,0.33694816,0.8072588,-0.8344868,0.6603823,-0.76504713,-0.32096422,0.6248914,-0.97198004,-0.6154059,0.2628674,-0.44639933,0.96155506,-0.720869,-0.8329257,0.5456848
818,-0.3387248,0.21897356,-0.03079486,-0.02128563,-0.4165651,0.330673,0.7614417,0.020783134,0.14381273,-0.87994397,0.39981034,0.5260978,-0.4544068,-0.75859857,-0.4574741,0.16859598,0.6824854,-0.65341556,0.06660819,0.012777414
819,-0.58882654,0.56344795,-0.09706644,0.014231477,-0.38984498,0.5284589,0.8923166,0.006683777,0.5898633,-0.645846,0.41364825,0.7243701,-0.5164043,-0.9834558,-0.5821723,0.19222714,0.47719535,-0.87731075,0.09926981,0.16565233
820,-0.324813,0.38955322,-0.21411091,-0.01703476,-0.52253264,0.4449376,0.48786378,0.08309581,0.52007306,-0.68122303,0.043995988,0.62015754,-0.55671906,-0.9894858,-0.31054696,0.64571816,0.5724637,-0.8932926,0.022612825,0.5089044
821,-0.6525534,0.67851585,-0.08770076,0.12311093,-0.5610031,0.6544534,0.5746299,-0.4656276,0.70002776,-0.5410165,0.07665213,0.5772884,-0.29808506,-0.98426116,0.016005091,0.03218945,0.49571788,-0.633612,-0.26906773,0.7052781
822,-0.51256645,0.41913867,-0.08833243,0.05893231,-0.30442464,0.4153522,0.52435195,-0.4157432,0.27678406,-0.83389705,-0.11438242,0.82513756,-0.9126928,-0.9155206,-0.034514263,0.21025968,0.41403717,-0.9303834,-0.95339876,0.0949204
823,-0.4591303,0.32286185,-0.15749799,0.04211418,-0.56483555,0.17746624,0.786072,-0.067305334,0.3851036,-0.80120075,0.25227442,0.7330183,-0.76523876,-0.898436,-0.009851466,-0.1140593,0.80735934,-0.67025906,-0.3438774,0.20123355
824,-0.4369965,0.47499597,-0.12595692,0.071401216,-0.60312814,0.67052513,0.927881,-0.55011445,0.52242625,-0.95527965,0.063339055,0.6572744,-0.54592925,-0.82736254,-0.015011965,-0.11823122,0.6421719,-0.5837341,-0.29571524,0.33819744
825,-0.3652838,0.39981565,-0.17628731,0.08966179,-0.5416695,0.1921677,0.7291742,-0.800206,0.32500276,-0.18200423,0.16842464,0.69640386,-0.40697753,-0.84368706,0.074007876,-0.52829254,0.8085579,-0.4384315,-0.226685,0.14469697
826,-0.502674,0.40741038,-0.08133904,-0.008409098,-0.5318464,0.37176904,0.7597247,-0.7599179,0.62816435,-0.9029925,-0.1570759,0.79931515,-0.74551725,-0.4822224,0.35549602,-0.22262408,0.67755306,-0.36930346,-0.8393201,0.30754635
827,-0.2918525,0.2649925,-0.10012623,0.09643821,-0.5495574,0.18762697,0.932777,-0.4769031,0.4668048,-0.8458364,0.1815254,0.90762526,-0.9496564,-0.6924754,-0.13172801,-0.23740005,0.9284166,-0.5999255,-0.35787764,0.1792288
828,-0.438889,0.3031251,-0.13965078,-0.10468957,-0.515272,0.47610652,0.89344317,-0.28716165,0.44332212,-0.6654465,0.1496399,0.5977341,-0.4560338,-0.85547364,0.0063724434,-0.058018733,0.59381694,-0.49109477,-0.3530649,0.1645081
829,-0.4981897,0.31210527,-0.12680332,0.0870457,-0.68251973,0.0018540451,0.61458987,-0.7394565,0.51784575,-0.36022207,0.016684642,0.8247411,-0.88196874,-0.8335148,-0.015609585,-0.711881,0.61937064,-0.47018763,-0.8374409,-0.35906988
830,-0.4566609,0.64132535,-0.14688827,0.04539924,-0.51626635,0.37242585,0.91163284,-0.15342978,0.5228609,-0.4511204,0.23894128,0.849074,-0.680505,-0.7547239,0.16318871,-0.09813375,0.72661424,-0.6438297,-0.47697997,0.12388445
831,-0.4636467,0.43801397,-0.027544864,0.07700825,-0.5360854,0.18940948,0.8687247,-0.651044,0.023439845,-0.9019024,0.71100277,0.45468926,-0.646737,-0.91374296,-0.09477983,-0.37739527,0.9295935,-0.32423922,-0.061762974,-0.35969356
832,-0.49025682,0.54905653,-0.20570856,0.15913107,-0.49905807,0.66288614,0.74672234,-0.50879836,0.76465917,-0.54661846,-0.4662512,0.7148076,-0.82271314,-0.8204143,0.09484684,-0.08969965,0.57079035,-0.8816997,-0.5589763,0.7420755
833,-0.43077543,0.5546058,-0.10056608,-0.07528411,-0.5137468,0.29131448,0.9561341,0.26302114,0.54670715,-0.6317947,0.413101,0.9932834,-0.9287893,-0.8312252,-0.16125587,0.18292533,0.9492619,-0.55295384,-0.016427588,0.34624776
834,-0.5205683,0.51416683,-0.09572611,-0.0045338403,-0.41451606,0.19003,0.92944396,-0.27220073,0.70998347,-0.060896505,-0.17684765,0.8801385,-0.79116404,-0.6901225,0.2833128,-0.2496717,0.587159,-0.7304187,-0.66342837,0.07069454
835,-0.6001384,0.59910715,-0.13570821,0.0031342374,-0.6442041,0.35531476,0.5631449,-0.49893388,0.13735841,-0.8899538,0.34393644,0.4247334,-0.7310065,-0.6743764,0.068910606,-0.46329215,0.8599547,-0.90426314,-0.402743,0.1656652
836,-0.510639,0.4462973,-0.14053786,-0.022495616,-0.6951475,0.36102477,0.76028657,-0.38759074,0.5617838,-0.8102315,-0.009227868,0.8399809,-0.5413927,-0.7080519,-0.18092164,0.12669541,0.48273396,-0.6412752,-0.40790692,-0.03982345
837,-0.6880794,0.5011434,-0.08689021,0.014952284,-0.4512755,-0.052435905,0.8232849,-0.46602297,0.18428318,-0.92221147,0.13971092,0.71445894,-0.80842537,-0.8383907,0.0088544795,-0.15058182,0.7370885,-0.6896773,-0.42225185,0.24786882
838,-0.45352337,0.3976261,-0.084152184,0.11929361,-0.5364142,-0.3725654,0.6456463,-0.5957042,0.033279497,-0.37535593,0.39103,0.90816146,-0.85660005,-0.6268778,0.1991508,-0.53143317,0.9144123,-0.62908113,-0.5293758,-0.37687176
839,-0.6346285,0.567507,-0.008701602,-0.025266051,-0.53908837,0.392269,0.98280096,-0.2143478,0.056815933,-0.88459325,0.2726087,0.63836616,-0.5829844,-0.85888594,-0.10172727,0.13850251,0.7415563,-0.8391646,-0.38021755,-0.078690596
840,-0.4488789,0.45424688,-0.14786546,-0.075592026,-0.4628054,0.6297996,0.98979646,0.021015398,0.31515172,-0.7525363,0.15437043,0.090983294,-0.5941336,-0.92121726,-0.13658947,-0.1486805,0.7223559,-0.90004337,-0.19913785,0.4320351
841,-0.46608162,0.43853426,-0.13788728,0.0037475748,-0.6908329,0.28668976,0.6292617,0.0028369331,0.37435836,-0.8288179,0.68147755,0.8324555,-0.31490138,-0.8995716,-0.21067035,0.03634838,0.25205547,-0.41684553,-0.07174833,-0.40531662
842,-0.51872474,0.36938766,-0.011476481,0.112277985,-0.5488347,0.15037481,0.9060616,-0.32040864,0.25952473,-0.5839687,0.55802405,0.7715557,-0.8476274,-0.879678,0.19230255,-0.24950306,0.9213762,-0.7917243,-0.6267329,-0.1449463
843,-0.49591148,0.4144719,-0.047904693,0.0859304,-0.55438495,0.32142144,0.71328187,-0.6798026,0.39072502,-0.7110811,0.02556093,0.7420889,-0.54636055,-0.6828284,0.34228653,-0.11419565,0.9351227,-0.7237761,-0.7560976,0.029674014
844,-0.38442826,0.5233586,-0.13997218,0.083674,-0.5786595,0.7403208,0.94671404,0.03765612,0.7520828,-0.6256558,0.44810092,0.51849514,-0.22408773,-0.9689312,-0.05370604,-0.10617663,0.8248041,-0.21962023,0.114822075,0.5294867
845,-0.6434251,0.67459166,-0.190841,0.11573679,-0.6363923,0.20878856,0.93510616,-0.3809173,0.1404769,-0.9008324,0.49669257,0.4670139,-0.2780425,-0.72003555,-0.10786304,-0.014329453,0.8848417,-0.5757449,-0.07747075,-0.04029788
846,-0.64859873,0.5327634,-0.058588173,-0.11751846,-0.43826422,-0.07151268,0.5521819,-0.7695311,0.109091826,-0.1430229,0.09784403,0.9627349,-0.91092247,-0.5044961,0.4673567,-0.45240042,0.54520315,-0.6546903,-0.7925342,-0.23087443
847,-0.44651887,0.57096153,-0.14636587,0.058021065,-0.5727463,0.2870981,0.90855336,-0.46026725,0.20241651,-0.64373606,0.13410059,0.71672904,-0.48476243,-0.96552,0.010181853,-0.1373626,0.91608375,-0.71465117,-0.3166563,0.31250682
848,-0.43012288,0.37036678,-0.12457048,0.0020821425,-0.39427313,0.38746446,0.52332884,-0.3788147,0.71257186,-0.65948933,-0.039262004,0.95368963,-0.78837806,-0.29891717,-0.009698572,0.35600507,0.48221627,-0.9656396,-0.86428016,0.06403774
849,-0.5249837,0.47054043,-0.09176556,-0.009523804,-0.40172577,-0.2741772,0.35647056,-0.16288966,-0.038080003,-0.9516516,0.38415536,0.89602184,-0.9004881,-0.7954246,-0.25929695,-0.076988354,0.8693683,-0.78784376,-0.18137859,0.07176728
850,-0.5347502,0.53338844,-0.16920577,0.017286327,-0.6542595,0.69043916,0.932635,-0.5829136,0.78143346,-0.4773678,0.10007971,0.4125762,-0.38793132,-0.94454175,0.083763555,-0.25109163,0.82575375,-0.51367444,-0.48063678,0.4885463
851,-0.35078895,0.40695804,-0.20879294,0.03735164,-0.6242276,0.5273238,0.82963127,-0.09545417,0.4864191,-0.6155518,0.059425313,0.5879712,-0.70318,-0.6895285,0.029909795,0.27155557,0.4306518,-0.9719063,-0.63617456,0.40874133
852,-0.455,0.44665837,-0.14163457,-0.12857369,-0.4906946,0.33335394,0.76563334,-0.15699644,0.21938957,-0.8863261,0.2687458,0.57763463,-0.2689134,-0.9795914,-0.23277192,0.5045314,0.7853293,-0.66398346,-0.14766505,0.2917376
853,-0.49615362,0.39039904,-0.062644064,-0.01000316,-0.4578933,0.19394855,0.89464504,-0.84602886,0.4233504,-0.49649465,-0.054466393,0.8421202,-0.94518507,-0.7388288,0.37510827,-0.40439734,0.7024305,-0.86140954,-0.8452813,0.15002385
854,-0.6673598,0.6830094,-0.075166166,-0.00365023,-0.43284824,0.36582422,0.90867585,-0.2502491,0.15083842,-0.8953322,0.15590616,0.73431087,-0.7588498,-0.59995365,-0.018417224,0.1920865,0.7326777,-0.6170532,-0.22466946,0.10767729
855,-0.45741758,0.47469825,-0.16668212,0.0071737184,-0.50278586,0.010677486,0.83580804,0.03553879,0.23049426,-0.80868727,0.54407287,0.9367895,-0.9344731,-0.76646614,-0.17309865,-0.15919448,0.32855183,-0.7422555,-0.37291226,-0.34339467
856,-0.60467976,0.6586041,-0.22147658,0.030775487,-0.6171342,0.32353476,0.69829774,-0.67186284,0.4999647,-0.3999009,-0.16839056,0.56067663,-0.69245344,-0.9263772,0.15759048,-0.28120688,0.7577375,-0.63295066,-0.8404124,0.37729403
857,-0.6039467,0.6035583,-0.12432874,-0.1156456,-0.58182454,-0.047431294,0.7978441,-0.4843703,0.15867367,-0.36341828,0.14775272,0.89178145,-0.7116095,-0.51567996,0.40216866,-0.25097412,0.86096007,-0.6059479,-0.7605277,-0.1188541
858,-0.50974286,0.5033768,-0.1954446,-0.08357825,-0.60439587,0.19645631,0.93170774,-0.08151127,0.35879618,-0.70705587,0.3193024,0.9083951,-0.9128014,-0.8630866,-0.028117182,-0.15182486,0.28037205,-0.6163597,-0.41148412,-0.21734682
859,-0.42406225,0.45066673,-0.15328798,-0.11783235,-0.47500318,0.088065736,0.8443046,0.14429146,-0.14934202,-0.7079784,0.4005836,0.9213817,-0.7958705,-0.948582,-0.048884097,-0.08285446,0.8320722,-0.8184861,-0.10041232,-0.030814417
860,-0.56035465,0.63160735,-0.20225897,-0.1597482,-0.5999294,0.65244234,0.52131945,-0.42561352,0.7922888,-0.7370296,0.15083893,0.73702073,-0.32025596,-0.91529083,0.22281733,0.22915335,0.32639718,-0.23212844,-0.38513038,0.021864956
861,-0.546008,0.5446778,-0.16219251,0.07705452,-0.5858866,0.36949632,0.75857943,-0.51916754,0.4200201,-0.896492,-0.09641229,0.7418037,-0.46774483,-0.7755975,0.1480793,-0.14030306,0.93851537,-0.90080106,-0.8379204,0.39900187
862,-0.48577207,0.4758101,-0.058218718,-0.073380426,-0.2755202,0.07543695,0.12112193,-0.69084805,0.62123466,-0.2782573,0.014060925,0.41382965,-0.17366938,-0.97924256,0.25241852,-0.30793035,0.7927286,-0.35133144,-0.106830105,0.688922
863,-0.43479198,0.33058485,-0.094706714,0.007393156,-0.4831487,0.47386608,0.52184606,-0.19300307,0.5518964,-0.712553,-0.188177,0.75900567,-0.41602638,-0.85119724,0.048467696,0.16834879,0.4867397,-0.3306707,-0.6761779,0.22288688
864,-0.61310816,0.63248086,-0.12442178,-0.08865947,-0.5511464,0.43035066,0.8502927,-0.32672265,0.334809,-0.43678996,0.06557887,0.7746568,-0.7341886,-0.90050644,-0.062443916,0.055001844,0.3022444,-0.7863592,-0.52009296,-0.12484352
865,-0.5319548,0.47209427,-0.11176548,-0.12642351,-0.40925673,-0.011176535,0.8779965,-0.22376934,0.2460156,-0.6980418,-0.074508406,0.99103326,-0.87899405,-0.97848237,-0.17879343,0.08786514,0.4323228,-0.7710452,-0.3259839,0.1681502
866,-0.5345081,0.4994352,-0.09345772,0.050201662,-0.6258686,0.8477842,0.9202185,0.07369066,0.6246992,-0.68670976,0.79860824,0.65090895,0.017344706,-0.8028228,-0.28153473,-0.0009891713,0.4087202,-0.2941354,-0.0073884786,-0.18397407
867,-0.3789378,0.32558948,-0.2229336,-0.052412856,-0.47005364,0.04676825,0.4424547,-0.6556151,0.29921034,-0.6574756,-0.27163503,0.6387825,-0.80153954,-0.7058294,0.17360672,0.11067385,0.52744424,-0.84307164,-0.64967144,0.32181662
868,-0.48954558,0.30721155,-0.055250265,-0.05770919,-0.46786383,0.26272047,0.80821604,-0.35882786,0.3464133,-0.886493,0.13761142,0.73796874,-0.8836163,-0.48373327,-0.0432409,0.25979263,0.4605489,-0.6830178,-0.55708456,-0.04104348
869,-0.5510054,0.581166,-0.12211736,0.041704066,-0.5157136,0.6195065,0.70927566,-0.57861334,0.53803164,-0.918633,-0.14910962,0.67108834,-0.35655618,-0.9459268,0.2701582,0.0868152,0.8322395,-0.8302984,-0.3673633,0.78434706
870,-0.78597516,0.8832675,-0.13999718,0.11842887,-0.60861343,-0.47370112,0.8594898,-0.5880632,-0.14688925,-0.5812096,0.48133028,0.99279577,-0.6556226,-0.90544116,0.20640941,-0.61458147,0.97259474,-0.3701562,-0.3581545,-0.19964345
871,-0.4418498,0.29726085,-0.058357395,-0.04764535,-0.44859013,0.43539867,0.9110012,-0.4465949,0.43476573,-0.41496983,0.061348964,0.64492184,-0.63596016,-0.90322816,-0.03028645,-0.097596735,0.4892143,-0.9497686,-0.49647796,0.13149685
872,-0.61679834,0.6290073,-0.13501523,-0.013818764,-0.49934828,0.1761497,0.70666915,-0.6328303,0.4083617,-0.9323628,0.071587145,0.5548059,-0.6926602,-0.9072045,-0.12818564,-0.41716126,0.8798611,-0.66787887,-0.23063102,0.58871126
873,-0.375472,0.47033224,-0.1464615,0.07401624,-0.5274992,0.17082293,0.8685069,-0.043832116,0.11824918,-0.9436488,0.43999693,0.59299093,-0.6226917,-0.7199128,-0.29655153,0.24402742,0.1382274,-0.8704883,-0.096675225,-0.2870542
874,-0.7132124,0.65357184,-0.1293828,-0.0620512,-0.37828273,0.7759176,0.7909885,-0.3124071,0.7318038,-0.8413557,0.12859717,0.44966325,-0.24495918,-0.70217377,-0.2499394,0.06596075,0.8972555,-0.5177366,-0.31377196,0.7439605
875,-0.4164174,0.20246872,-0.029163612,0.026694344,-0.49717098,0.33076537,0.41098943,-0.41762316,0.13796423,-0.64490587,-0.07995033,0.7536524,-0.74594826,-0.8051337,0.23727186,-0.1416926,0.8528295,-0.65831614,-0.61502016,0.3019289
876,-0.527566,0.69306654,-0.15381168,0.08488908,-0.5480216,0.07904142,0.34540763,-0.80824894,0.23903395,-0.9304227,0.056639325,0.7490612,-0.48446062,-0.8078713,0.17869039,-0.26837912,0.8430054,-0.4517095,-0.63909906,0.24584474
877,-0.34657237,0.40143684,-0.18999831,0.059260994,-0.4913892,0.90417784,0.9331157,-0.20931268,0.9814264,-0.5710554,0.071608864,0.87167114,0.08819404,-0.82719594,0.06562358,-0.007936068,0.76749694,-0.21178679,-0.24561986,0.6558708
878,-0.5236685,0.5725476,-0.1389582,0.027400594,-0.5456845,0.08217476,0.9550235,-0.41899008,0.15881243,-0.75371635,0.28145313,0.9346849,-0.62661546,-0.56681615,-0.24295872,0.11545347,0.9831423,-0.519249,-0.41359192,-0.121047296
879,-0.5053089,0.402871,-0.07119459,0.06695718,-0.6158978,0.107555434,0.7004808,-0.4798669,0.35470167,-0.75801384,0.008835678,0.66744363,-0.7814865,-0.74897635,0.010586298,-0.050220385,0.61964154,-0.47503793,-0.37095502,0.112131044
880,-0.4763086,0.28148252,-0.07904635,-0.06686226,-0.4489825,0.2692183,0.8206713,0.07656214,0.012208245,-0.74441445,0.7001089,0.4347511,-0.7052039,-0.92209655,-0.20252661,-0.36579147,0.5073789,-0.7652455,-0.053413052,-0.29863432
881,-0.46060562,0.4155603,-0.14438963,0.01420094,-0.50903,0.048113313,0.3097777,-0.4405764,0.33711118,-0.69821113,0.4067126,0.19262308,-0.37793878,-0.6286302,0.2664718,-0.26438224,0.88506097,-0.26357225,-0.20463549,0.49869373
882,-0.4238998,0.48874208,-0.22747917,0.02263853,-0.5976435,-0.09608074,0.2805412,-0.6768363,0.5810472,-0.3579187,0.075712495,0.8052174,-0.5161932,-0.9233383,0.14544882,-0.2711249,0.61096805,-0.34747288,-0.3202043,0.33202928
883,-0.64230365,0.6126679,-0.10312021,-0.12843129,-0.42639408,0.28879648,0.9692866,-0.56973463,0.5636375,-0.56447035,0.041477777,0.9073103,-0.60702205,-0.78783387,-0.1032118,-0.18102643,0.7598693,-0.7510109,-0.3071405,0.26498085
884,-0.533436,0.47101304,-0.10203029,0.030375788,-0.34075513,0.44014993,0.5146063,-0.5623147,0.51677084,-0.61742884,0.013922611,0.66256684,-0.3319977,-0.8090611,0.14085571,-0.16482376,0.40637147,-0.3410261,-0.1912386,0.53865886
885,-0.4844536,0.4610374,-0.06409088,0.08676412,-0.48809323,0.34992096,0.91396624,0.14405148,0.03603344,-0.6759534,0.3422021,0.67088926,-0.876977,-0.72584146,0.0628949,0.10359677,0.64552385,-0.6715978,-0.34054732,-0.10462708
886,-0.52089155,0.53979725,-0.13211876,0.11921442,-0.69271046,0.7019606,0.97616404,-0.58103836,0.7450189,-0.82651836,0.25169107,0.83414596,-0.46933955,-0.5191957,0.27232012,0.11828534,0.7209631,-0.34170517,-0.52622926,-0.21216239
887,-0.5320914,0.43579993,-0.0486429,0.05434755,-0.5075472,0.14090341,0.47745466,-0.36211708,0.35197413,-0.4219994,-0.42072812,0.8561173,-0.8952847,-0.83625466,0.19013801,0.20969063,0.26015693,-0.6989194,-0.9045745,0.22336042
888,-0.41771334,0.35681087,-0.10371897,-0.08834984,-0.48380536,0.4460733,0.966747,0.21178092,0.36912456,-0.24987209,0.055600435,0.53082186,-0.77633464,-0.9905602,0.024518564,0.18704462,0.16100349,-0.9707298,-0.36383975,-0.033795033
889,-0.6352916,0.71055615,-0.15176055,0.03394278,-0.49051157,0.059686616,0.725637,-0.55195475,0.27203676,-0.9353918,0.12601972,0.836862,-0.913009,-0.5988835,-0.43550858,-0.018990207,0.49616858,-0.65725446,-0.34236118,0.16299297
890,-0.63440454,0.57825905,-0.05416984,0.004200417,-0.43723005,0.6524632,0.9356753,-0.24094382,0.5402308,-0.7109563,-0.20510317,0.9721543,-0.41406724,-0.9502683,0.033380058,0.39073646,0.33596182,-0.70626736,-0.39373702,0.20897797
891,-0.3361321,0.47680265,-0.18288635,-0.11343921,-0.42979026,0.258301,0.6440227,-0.20404452,0.33268517,-0.7681237,0.535956,0.6898214,-0.24220455,-0.8447215,-0.097847715,-0.0387288,0.6335028,-0.5216944,0.074313514,0.17706704
892,-0.43820158,0.39427018,-0.09102759,0.01684982,-0.51305604,0.27369082,0.64070314,-0.26565826,0.33305892,-0.7925331,0.06654836,0.80518746,-0.8285334,-0.94553417,-0.2503031,0.13950746,0.68801904,-0.89806134,-0.46263635,0.32382193
893,-0.4938199,0.4624282,-0.08886745,0.06723272,-0.47845396,0.19068292,0.7078783,-0.85193163,0.29061785,-0.8963649,-0.064641915,0.82273304,-0.73985595,-0.5410297,-0.16944546,-0.08385835,0.598554,-0.75812405,-0.56177425,0.24755454
894,-0.5315681,0.53361034,-0.17212757,-0.01054122,-0.37512535,0.7259607,0.9544987,0.11292987,0.64239776,-0.6298367,0.1324159,0.6384337,-0.47605455,-0.8329621,-0.101668715,0.25585586,0.15019849,-0.6482028,-0.28841293,0.28513944
895,-0.50126487,0.46156427,-0.08924051,-0.08181748,-0.41159767,0.35193333,0.8755398,-0.026460936,0.30390295,-0.6003576,0.2001206,0.928571,-0.7293385,-0.90693086,-0.34683654,0.13986777,0.59949493,-0.6014123,-0.1521387,0.0050814934
896,-0.67721957,0.6786105,-0.11819478,0.05996677,-0.57304686,0.6851291,0.9769506,-0.50070786,0.57936054,-0.9649851,-0.03181329,0.7359034,-0.8962662,-0.40376133,0.13940461,0.016696481,0.8262334,-0.70188755,-0.5748427,0.06832692
897,-0.4189958,0.3513754,-0.07519423,0.009293649,-0.45604587,0.26025078,0.9749992,-0.0911786,0.35027164,-0.8289847,0.4913506,0.8225948,-0.9529465,-0.5399544,-0.1287382,-0.15146698,0.5926449,-0.52559346,-0.37839517,0.036535267
898,-0.4717405,0.26663265,-0.07681829,-0.0072643277,-0.6062147,0.559408,0.7758819,-0.023099758,0.5232425,-0.7711552,0.057135463,0.835719,-0.9136788,-0.6527122,0.03585121,0.5111002,0.16043429,-0.88166696,-0.6849883,-0.39363784
899,-0.66484797,0.748728,-0.19045593,-0.03976434,-0.57009184,0.5311962,0.9323429,-0.17823625,0.59293145,-0.44728225,0.0675037,0.49766833,-0.66260314,-0.8937288,0.16363622,-0.1600836,0.6560666,-0.8276493,-0.63272333,0.41082853
900,-0.46283916,0.2914631,-0.117773086,0.20279802,-0.4182829,0.29613936,0.73419285,-0.4368183,0.7013327,-0.3253126,-0.29844046,0.8258745,-0.6636478,-0.9471486,0.107589774,0.24302389,0.70356786,-0.9150814,-0.41875887,0.6427161
901,-0.40863588,0.4524918,-0.14845537,0.07512077,-0.61886656,-0.36066923,0.5529717,-0.9089529,0.18248762,-0.5862868,-0.2026638,0.93234396,-0.5151292,-0.95944893,0.10958444,-0.28501347,0.8679461,-0.59588313,-0.39798683,0.6165082
902,-0.45096168,0.21114694,-0.018526593,-0.021505365,-0.42874056,0.15290308,0.69946253,0.038684446,-0.1530077,-0.9557634,0.52586406,0.7407557,-0.65055746,-0.6648962,-0.4331695,0.39559308,0.4214521,-0.72411436,0.14093113,-0.14535114
903,-0.4402255,0.49616832,-0.17039786,-0.04506796,-0.5523115,0.41887537,0.92179537,-0.4511384,0.4468874,-0.79402053,-0.07131969,0.75219756,-0.41316453,-0.5257067,-0.05368179,0.0014956946,0.94535524,-0.6233765,-0.7354492,0.13062772
904,-0.49627173,0.47865596,-0.1403292,0.049206972,-0.60434586,0.15776931,0.74414915,-0.4804462,-0.11694811,-0.9424428,-0.09933128,0.4925094,-0.6941022,-0.86143315,-0.08367229,0.023307163,0.8378222,-0.81483495,-0.4861429,0.32101664
905,-0.40021184,0.27816427,-0.14341499,0.01560184,-0.56593347,-0.028141106,0.420842,-0.62608814,-0.09067248,-0.89931726,0.21884185,0.5458685,-0.70434207,-0.889857,0.1913613,-0.2045774,0.7068402,-0.7822889,-0.34753036,-0.26449168
906,-0.35378984,0.13172732,-0.0013407595,0.03383389,-0.44994235,0.014168149,0.55820715,-0.5706546,0.29311594,-0.47369495,0.055119053,0.7615361,-0.7884768,-0.98345774,0.124072455,-0.12660225,0.9346043,-0.78171533,-0.5003507,0.41738823
907,-0.58946764,0.5135836,-0.068727314,0.029899156,-0.5004696,0.1386625,0.93979657,-0.20926529,0.47996193,-0.5354783,0.36499676,0.982564,-0.7939343,-0.84872806,0.07458385,-0.23212722,0.82453334,-0.4533849,-0.23766232,0.04794879
908,-0.4830318,0.67801696,-0.23108141,0.08990584,-0.59597516,0.5306258,0.91240805,-0.46608484,0.8690549,-0.57065237,-0.36573285,0.96071714,-0.6160462,-0.71405905,0.012958558,0.13063478,0.90089536,-0.9089124,-0.9266481,0.4427464
909,-0.3326685,0.26060092,-0.18474714,-0.13491945,-0.3944852,0.22669533,0.8109838,-0.18103957,0.4285437,-0.7632002,0.44408816,0.8080293,-0.47699806,-0.47641283,-0.39386138,-0.15391743,0.5992332,-0.3957705,-0.21805923,-0.08373222
910,-0.39020586,0.2994539,-0.0901086,0.037721395,-0.56276125,0.5850816,0.8590458,-0.49071196,0.745397,-0.804303,-0.1833883,0.2615103,-0.81454605,-0.9670432,0.06129995,-0.17950688,0.8740116,-0.71429455,-0.5680788,0.7700158
911,-0.49269393,0.47452644,-0.0639854,-0.13345653,-0.5162768,0.18884633,0.82843834,-0.1527138,0.29011455,-0.75625867,0.47561195,0.8668712,-0.582087,-0.79732126,-0.1691412,0.09447381,0.81357485,-0.6882317,-0.21206349,0.019731514
912,-0.686347,0.6822113,-0.053376503,0.035616614,-0.37881896,0.18536898,0.560077,-0.21456605,0.33105004,-0.8870458,0.28165644,0.9683969,-0.781232,-0.67828655,-0.06754722,0.19275466,0.33395362,-0.45521817,-0.15439239,-0.17711808
913,-0.43863472,0.55366224,-0.23591809,0.0063807117,-0.59374976,0.2374628,0.9284764,0.09868719,0.05420489,-0.54048514,0.2344593,0.4590465,-0.7532322,-0.7685699,0.0008025888,0.00809724,0.6205809,-0.9348007,-0.042115238,0.24685967
914,-0.76862204,0.7528726,-0.0315586,0.007964831,-0.53545696,0.023193756,0.79441315,-0.30000344,0.1822931,-0.8059026,0.4097299,0.69372714,-0.8538679,-0.6837483,-0.11145556,-0.25283113,0.6458214,-0.78649527,-0.32141265,-0.11987168
915,-0.32053414,0.2312974,-0.15792659,-0.03756369,-0.51110464,0.46637863,0.7866575,-0.27428642,0.09847243,-0.937158,0.3673003,0.4212438,-0.8209441,-0.6985129,-0.08871734,0.026175002,0.5608813,-0.8802206,-0.30968118,-0.17452182
916,-0.53956324,0.41928,-0.08463444,-0.035352442,-0.51879984,0.15530562,0.9298757,-0.32200357,0.33551013,-0.503286,0.2271565,0.7714373,-0.76747155,-0.87058157,-0.36699915,-0.009992686,0.4875284,-0.8685829,0.008283658,0.17128938
917,-0.45225838,0.44963002,-0.16112995,-0.11120015,-0.4666627,0.69157714,0.6054465,-0.5619892,0.7024034,-0.71433747,0.4625243,0.65971196,-0.2686949,-0.76054686,-0.07770894,-0.20309827,0.8634742,-0.38952243,-0.26343384,0.35816443
918,-0.59215796,0.47370264,0.0155761475,-0.028989749,-0.4416242,0.38275373,0.5678378,-0.2268118,0.30147627,-0.9419612,0.25541127,0.48093292,-0.57210535,-0.8216007,0.15361,-0.06495216,0.8508555,-0.88608724,-0.57098186,0.2784911
919,-0.637957,0.5833697,-0.16043255,0.03101706,-0.5264812,0.6078112,0.98136854,-0.33873495,0.5481811,-0.79590213,-0.18097217,0.8453734,-0.6616621,-0.545069,-0.13125898,0.23438086,0.36521485,-0.8173525,-0.77028596,-0.13436422
920,-0.46935573,0.6019442,-0.18482491,0.020247793,-0.6209494,0.10886339,0.576913,-0.4676677,0.1487032,-0.6726433,-0.1886408,0.8265018,-0.8820091,-0.6508886,0.23576717,-0.0054953494,0.85695034,-0.76544374,-0.74301857,-0.07971526
921,-0.55952,0.37834287,0.02170916,0.09045953,-0.39314148,0.255967,0.93417686,0.12202533,0.0570127,-0.6467357,0.5577663,0.8790265,-0.5018618,-0.9468681,-0.42482314,0.36123493,0.17768994,-0.849896,0.0636944,-0.1760133
922,-0.55745804,0.4330935,-0.15035036,-0.09015482,-0.5650847,0.23327139,0.91042376,-0.12845966,0.31973284,-0.7625238,0.47887993,0.85289955,-0.8258643,-0.78343475,0.16435793,-0.17857864,0.93674356,-0.6643898,-0.42729253,0.015856065
923,-0.44883657,0.29127634,-0.16693383,0.01285496,-0.71049273,0.06178827,0.5971517,-0.45906395,-0.027442558,-0.6247613,0.28091544,0.9633174,-0.9015277,-0.8860471,0.1604753,-0.097608365,0.47335038,-0.94904846,-0.62724686,-0.60295033
924,-0.5794541,0.48120436,-0.17542191,0.03888167,-0.4880171,0.93622327,0.7862617,-0.34280065,0.7104687,-0.7922254,-0.014302941,0.12444548,-0.6868463,-0.7463533,0.35659721,-0.38829827,0.84871125,-0.6482246,-0.65496427,0.7985091
925,-0.4000542,0.51335245,-0.15340284,0.06544515,-0.5451563,0.09416441,0.7052635,-0.7119663,0.55458724,-0.5202411,0.28105044,0.9826208,-0.8499485,-0.4648397,0.17524615,-0.45891005,0.9128141,-0.4427312,-0.55474263,0.32858917
926,-0.5981075,0.35837623,-0.09438608,-0.016191155,-0.5734652,0.5026429,0.69584066,-0.18857278,0.5148859,-0.864166,0.23209403,0.59518135,-0.4987691,-0.5609723,0.24623142,-0.030800028,0.8294368,-0.9274897,-0.7607737,0.11854907
927,-0.39777786,0.35293028,-0.10084604,0.10298809,-0.6335144,0.90198284,0.95363665,-0.23790324,0.67563426,-0.7689408,0.18402354,0.58440596,-0.3556338,-0.94517016,0.21468748,0.08796222,0.6837471,-0.71716934,-0.4016867,0.1797533
928,-0.6241832,0.5356034,-0.12546541,0.07624707,-0.5618508,-0.07570485,0.7076383,-0.33821094,0.16296591,-0.8550911,0.39941263,0.95589226,-0.9130816,-0.87934315,0.036786202,-0.12424086,0.78972906,-0.7411849,-0.27804628,-0.16476873
929,-0.25248873,0.20129316,-0.21906863,0.07431782,-0.69903576,0.3671476,0.43853277,-0.40084153,0.5242502,-0.6661167,-0.01893988,0.34525752,-0.7767962,-0.908546,0.576475,-0.25940514,0.81789094,-0.69979835,-0.5920839,0.45836112
930,-0.42139044,0.3569822,-0.04585652,-0.01443938,-0.48955983,0.43264624,0.5548542,-0.7465088,0.81911206,-0.2737981,-0.40028733,0.74987835,-0.61113256,-0.6866493,0.4100243,-0.31355757,0.92595327,-0.53704363,-0.8847933,0.75646484
931,-0.5271635,0.44250363,-0.14520508,-0.07376864,-0.36150372,0.5305759,0.7296954,-0.31230783,0.74532026,-0.63833964,-0.102263846,0.81652755,-0.35654038,-0.9493732,-0.120897874,0.31015432,0.68899953,-0.5244922,-0.27674097,0.40608314
932,-0.3569412,0.34703788,-0.15187335,-0.06757153,-0.5884883,0.4850472,0.8214354,-0.30914152,0.6878924,-0.19062944,0.22841784,0.7682786,-0.65355,-0.7726445,-0.13202545,-0.09971263,0.21861051,-0.60427755,-0.09479398,-0.08045667
933,-0.49422643,0.52930284,-0.14364152,-0.046315406,-0.48715276,0.085139275,0.7445462,-0.87232095,-0.052694567,-0.957041,0.2048391,0.77025026,-0.9384174,-0.43578482,-0.19903357,-0.25806552,0.90313905,-0.8654954,-0.6574938,-0.29522303
934,-0.38510555,0.32709455,-0.10903418,-0.027148612,-0.42606112,0.65624297,0.79533535,-0.0726087,0.54357433,-0.5148799,0.0077183084,0.6939872,-0.4881571,-0.87308854,-0.11448648,0.40613592,0.12069847,-0.9967759,-0.19258192,0.2766944
935,-0.5942051,0.5008385,-0.08801586,0.0942185,-0.5844476,0.0033281136,0.61803603,-0.352038,0.14941344,-0.8168162,0.17587058,0.8316807,-0.9537386,-0.7492116,0.13978551,-0.107384704,0.8604217,-0.88940674,-0.7052119,-0.011428151
936,-0.40921122,0.32295382,-0.040482115,-0.017434755,-0.62480295,0.55951023,0.9304413,-0.2865467,0.4094547,-0.70797056,0.42365652,0.9805707,-0.60179526,-0.4643452,-0.067111306,0.24339974,0.27275062,-0.5214298,-0.37292567,-0.57736015
937,-0.36128187,0.3058148,-0.098939374,0.038594533,-0.5288893,0.6507597,0.85770637,-0.18116651,0.53831756,-0.8854622,-0.011397758,0.8503105,-0.77331483,-0.58001316,-0.14025567,0.52165866,0.35013694,-0.7800111,-0.48880175,0.2153902
938,-0.32742292,0.24702321,-0.17146325,0.009983566,-0.43721965,0.19242689,0.5230833,-0.7012604,0.2500018,-0.6274683,-0.22090307,0.5633461,-0.42493078,-0.8112976,0.16380112,-0.24292311,0.87913865,-0.7493758,-0.7609418,0.012026863
939,-0.5232045,0.47334144,-0.06969347,-0.14587377,-0.40760913,0.29009712,0.6348192,0.41082862,0.11637347,-0.895234,0.34034997,0.5118102,-0.71884745,-0.8437101,-0.0954819,0.38248733,0.53646094,-0.87350047,0.045597456,0.15921673
940,-0.6140777,0.4757618,-0.08667995,-0.047040235,-0.50325793,0.22212669,0.53744733,-0.35783476,0.1586513,-0.69693756,0.44080853,0.6708775,-0.41427726,-0.94066256,-0.22368301,-0.16276672,0.49877262,-0.6820627,-0.10991082,0.32476965
941,-0.47818935,0.2732431,-0.062189642,-0.031572938,-0.49254382,0.050259266,0.2962981,-0.17405401,-0.042694967,-0.6988826,0.64452505,0.85171765,-0.9689246,-0.70268756,-0.22247878,-0.52838457,0.41252083,-0.73542684,-0.5422744,-0.60370874
942,-0.27095163,0.3815954,-0.23771442,0.13917392,-0.6203849,0.1488098,0.7719509,-0.14015724,0.40793288,-0.16432685,-0.15825953,0.86973715,-0.58416736,-0.8731936,0.06287751,0.033906117,0.31229973,-0.885148,-0.45123005,0.16400306
943,-0.70538193,0.63717914,-0.10484356,0.0021717404,-0.36533192,0.83898574,0.8109615,-0.5244394,0.490999,-0.9119402,-0.07640043,0.05928022,-0.8030974,-0.6724213,0.42580205,-0.4102651,0.9540056,-0.55581504,-0.756375,0.49371392
944,-0.68448406,0.6478279,-0.09643784,0.0034344555,-0.4355954,0.008712376,0.53583765,-0.14363056,0.44718114,-0.5567521,0.024105446,0.25053272,-0.910819,-0.9053752,0.3521171,-0.42934763,0.8133259,-0.8661256,-0.49070254,0.74924636
945,-0.559903,0.5898435,-0.14587052,-0.024446117,-0.48250213,0.43117428,0.866462,-0.28389272,0.50436753,-0.722289,0.16881964,0.7532878,-0.6151185,-0.826282,-0.1434735,-0.050961763,0.720232,-0.36462075,-0.070008285,0.3317007
946,-0.4772877,0.43150845,-0.07035414,0.13474977,-0.52561104,0.0071146036,0.27015886,-0.6999473,-0.008008446,-0.8621378,0.16814588,0.8527232,-0.7259233,-0.79833096,0.17518145,-0.19641204,0.6540543,-0.7404591,-0.67935747,-0.4316679
947,-0.55250806,0.6366193,-0.10947121,0.10028323,-0.60613996,0.27215725,0.78442395,0.007046185,0.2254326,-0.5883393,0.9003834,0.89403045,-0.6310883,-0.91905755,-0.18767609,-0.094436474,0.6499304,-0.6877614,-0.009303649,-0.42249227
948,-0.43071622,0.35110345,-0.1056853,-0.017655792,-0.50493956,0.5379647,0.91357553,-0.8692367,0.58042383,-0.9388541,-0.0922323,0.7013958,-0.49690723,-0.6870553,-0.16103928,-0.15531765,0.9008627,-0.43241513,-0.26530388,0.64382
949,-0.75069106,0.6254155,-0.010519171,-0.076705016,-0.49742085,0.11746063,0.9184747,-0.34080562,0.45658642,-0.806287,-0.07110337,0.96344763,-0.9360605,-0.96925426,-0.04753886,-0.39723676,0.75730675,-0.7945548,-0.45500454,0.071963236
950,-0.50881153,0.53064466,-0.1377664,0.01298042,-0.46444702,0.114723966,0.37703243,-0.58227575,0.13066375,-0.68496114,0.2882378,0.70395637,-0.7749545,-0.7178165,-0.00014766371,-0.045763753,0.48488227,-0.4920985,-0.43064138,-0.32308078
951,-0.5016372,0.4269971,-0.15603255,0.026381403,-0.5557295,0.29866174,0.76459104,-0.5972527,0.270039,-0.784835,0.4404251,0.9684546,-0.8552807,-0.26318136,0.024431618,-0.052033123,0.8039167,-0.75486565,-0.51967365,-0.26585174
952,-0.6005574,0.53650117,-0.15129416,0.055484626,-0.50934964,-0.104005866,0.31546104,-0.5475241,0.29115796,-0.6989495,0.1603092,0.701895,-0.33824474,-0.7845283,0.48858497,-0.18940243,0.80346894,-0.41987136,-0.48961893,0.078579105
953,-0.42510378,0.41606966,-0.12488623,0.0035290837,-0.5413963,0.47534367,0.80930704,-0.3887083,0.47922376,-0.7328171,-0.1328526,0.9327147,-0.6432472,-0.9093428,0.17121542,0.15976118,0.5103567,-0.72610813,-0.53308797,0.60048044
954,-0.48099202,0.54067874,-0.14178833,-0.004122128,-0.44420147,0.5810772,0.6954014,-0.24464163,0.5799851,-0.8635053,-0.18244293,0.9934578,-0.7131151,-0.805545,0.026496788,0.3034856,0.42150196,-0.9534961,-0.5649607,0.09823712
955,-0.43189308,0.40370283,-0.15413438,0.06968063,-0.42729425,0.425745,0.5561915,-0.598252,0.46640474,-0.8601908,-0.1101311,0.44389263,-0.2858815,-0.7592284,0.21924794,0.15789331,0.84046555,-0.67996544,-0.47494674,0.22204041
956,-0.39894328,0.5045237,-0.21569334,-0.051227253,-0.5090765,0.54463893,0.8837434,-0.87513804,0.6518186,-0.79897213,-0.16304345,0.7494855,-0.43647,-0.76993334,0.0965324,-0.27929315,0.8409238,-0.4585151,-0.6510846,0.25563836
957,-0.610712,0.48435712,-0.06979311,0.02399457,-0.49427256,0.38659102,0.57356286,-0.29951707,0.6353335,-0.55257434,-0.39299604,0.8491601,-0.6456405,-0.89455986,0.31195843,0.018103756,0.61969906,-0.6213166,-0.8830257,0.51464266
958,-0.3955851,0.2755662,-0.12277909,0.119176194,-0.50501746,0.4660061,0.7882378,0.28911227,0.5094366,-0.6261288,0.2699641,0.9876136,-0.77891946,-0.8677103,-0.32672915,0.23117739,0.12447035,-0.7252131,-0.27217683,-0.19603598
959,-0.5279355,0.3709632,-0.038424924,-0.069997005,-0.3698727,0.34477916,0.3536215,-0.4800638,0.6967337,-0.5402959,-0.20296828,0.8487592,-0.59241617,-0.6452747,0.049973812,0.3534879,-0.14594877,-0.6171986,-0.57574564,0.20002703
960,-0.4614043,0.47196403,-0.115247265,0.032434765,-0.5309354,0.3047768,0.91999984,-0.47442573,0.41502333,-0.65362036,-0.16165406,0.71469724,-0.95456374,-0.6265585,0.17608592,-0.094725035,0.91702586,-0.75642014,-0.48598397,0.36996597
961,-0.46607402,0.28372893,-0.051772907,-0.0548336,-0.35260528,0.51793826,0.6656806,-0.30308205,0.41617587,-0.5816504,0.05189275,0.5891145,-0.35624364,-0.8696663,-0.2450812,0.021679267,0.035935216,-0.8638285,-0.2623288,-0.06022783
962,-0.5322813,0.5136771,-0.13341935,-0.0117713865,-0.44714803,0.4191666,0.5554643,-0.5754194,0.49638924,-0.698556,0.11926794,0.50483537,-0.26149535,-0.749124,0.006628194,-0.17957748,0.839728,-0.55494297,-0.56856346,0.25455347
963,-0.47184783,0.42010626,0.025291115,0.04495362,-0.5014963,0.6516593,0.79126346,-0.4429328,0.48630863,-0.7828845,0.11453694,0.9624174,-0.38170624,-0.78485864,-0.07688744,0.20685768,0.27101907,-0.7478482,-0.543733,-0.19284242
964,-0.57173043,0.64050734,-0.08362365,0.041668322,-0.56017756,0.3010446,0.39016965,-0.4066285,0.27200964,-0.80235314,0.46221286,0.8515348,-0.1648525,-0.9610102,0.13323168,-0.0680475,0.9613811,-0.64160776,-0.22572209,0.09283332
965,-0.5586389,0.5324462,-0.099254765,0.01193235,-0.5113362,0.30165204,0.9705587,-0.08263524,0.1402954,-0.5941604,0.15977624,0.6684033,-0.8873425,-0.7261705,-0.013621187,0.061135918,0.4558015,-0.890197,-0.32504913,-0.00624095
966,-0.32537618,0.18752925,-0.1321811,0.05097715,-0.5021121,0.44202352,0.87764066,-0.20557353,0.28656453,-0.9217041,0.02171894,0.6407088,-0.9744433,-0.7554072,-0.093535975,-0.3062147,0.9043334,-0.9195956,-0.5649809,-0.10397415
967,-0.5402299,0.74170595,-0.19879973,0.020077948,-0.6206447,0.59534234,0.98672116,-0.13265182,0.7960896,-0.84183216,0.37149492,0.7084641,-0.5669822,-0.82279325,0.06965361,-0.059797112,0.955788,-0.7873417,-0.462528,0.35180128
968,-0.42313385,0.43365052,-0.13478073,0.087965705,-0.5017616,0.6092934,0.69168854,-0.0025946742,0.5091969,-0.9554438,-0.014131405,0.7609373,-0.81391656,-0.88870406,-0.21973325,0.01561533,0.8085579,-0.90036917,-0.47773802,0.36808676
969,-0.5278622,0.38541663,-0.09117417,0.08851678,-0.5124994,0.6622588,0.96267813,-0.7434815,0.6091756,-0.54131836,-0.14765915,0.8049075,-0.8179961,-0.5720726,0.14274722,0.1553573,0.27478918,-0.60062885,-0.9803849,-0.35814014
970,-0.54782706,0.43042287,-0.17355764,0.040003005,-0.5297656,0.4247092,0.6306272,-0.57251674,0.57603526,-0.24744464,0.023674808,0.61288023,-0.48680007,-0.5730751,0.50935733,-0.48981652,0.77345914,-0.56221706,-0.8960783,0.12955204
971,-0.4423212,0.53729284,-0.17402227,0.114992075,-0.48103407,-0.11656401,0.23025492,-0.15590838,0.16330309,-0.45438182,-0.3249156,0.8537934,-0.8180063,-0.9790403,0.5775742,-0.107567765,0.9664995,-0.6000612,-0.57767594,0.79891837
972,-0.5052302,0.34426174,-0.051341776,0.10797705,-0.5467629,0.9630885,0.9853255,0.23641445,0.66522175,-0.8329486,0.24077052,0.6574539,-0.6168404,-0.8529444,-0.13886999,0.34501982,0.092496306,-0.85910493,-0.33813083,0.2680713
973,-0.75494033,0.60438234,-0.023972815,0.097118415,-0.4369958,0.23175502,0.32695535,-0.54705894,0.4485615,-0.5807382,-0.011340992,0.90421253,-0.2687042,-0.79137963,0.13559034,0.153582,0.42283303,-0.69986105,-0.39261305,0.3219438
974,-0.5703704,0.51284355,-0.13760379,0.10275918,-0.52543545,0.8276689,0.9802129,-0.44325683,0.9360861,-0.64213306,-0.30686408,0.42250198,-0.5356766,-0.86640036,0.5625852,-0.33610535,0.7972593,-0.41124627,-0.8271204,0.3959972
975,-0.5205308,0.46899226,-0.09016698,0.06304186,-0.49752584,0.1723109,0.7897382,0.0038267865,-0.07554687,-0.92118263,0.83220094,0.8679117,-0.45699838,-0.7816908,-0.3755093,-0.14845833,0.9109652,-0.8084705,-0.13810912,-0.061129566
976,-0.47937676,0.35530144,-0.12111831,0.07077699,-0.50524604,0.23690271,0.70379215,-0.5838068,0.13412356,-0.7834066,0.20118262,0.7436945,-0.6260594,-0.6370877,-0.12156475,-0.22398987,0.5496587,-0.46920756,-0.4178704,-0.17991471
977,-0.45401156,0.23586057,-0.0852286,-0.10488646,-0.44602877,0.54616815,0.5558602,-0.34722814,0.60168016,-0.48469937,-0.68891495,0.87500155,-0.9045113,-0.7269585,-0.23902474,0.524334,0.15566821,-0.9790403,-0.92039585,0.18960851
978,-0.53355896,0.53356653,-0.1361913,0.15637542,-0.50673753,0.0833298,0.9695398,-0.14834929,0.13952264,-0.90524614,0.5516558,0.7772752,-0.7836393,-0.8701749,-0.12375934,-0.18438783,0.8431272,-0.7130582,-0.23471212,-0.049351152
979,-0.49319726,0.40495327,-0.08360071,0.07702919,-0.65766895,0.021024477,0.6993783,0.0016881996,0.41823167,-0.9517884,0.3525759,0.87313056,-0.68242145,-0.97290283,-0.20847009,-0.051173303,0.592758,-0.88257825,-0.2218124,0.052005563
980,-0.5569696,0.4762974,-0.15033774,0.009308208,-0.42958835,0.3601234,0.6903992,-0.31863734,0.4331248,-0.73440564,-0.032052446,0.51020175,-0.43957716,-0.9193466,0.03620822,0.030656496,0.65729266,-0.8489641,-0.36923134,0.4486325
981,-0.4645448,0.45725492,-0.10804143,-0.042085484,-0.47587377,0.30570552,0.7922494,-0.30093226,0.21466438,-0.9459858,0.24866302,0.16128367,-0.79829293,-0.89430994,0.20488438,-0.3362179,0.85233384,-0.79465365,-0.23174974,0.42242986
982,-0.4717694,0.3836601,-0.1667702,-0.03971451,-0.5546216,0.42706463,0.8186214,-0.60810256,0.54865575,-0.5863261,-0.18392745,0.39876994,-0.97852224,-0.91062367,0.0279227,-0.18573506,0.7312685,-0.75914377,-0.5425282,0.29627004
983,-0.334116,0.3338813,-0.08302259,0.06370337,-0.4689049,0.7268206,0.94865173,-0.64204663,0.550327,-0.9203723,0.33851412,0.3070993,-0.024512317,-0.7547516,-0.15485418,-0.09798338,0.8642586,-0.5294232,-0.17867881,0.28261727
984,-0.5744891,0.5575516,-0.14156304,0.11288244,-0.6018696,0.553063,0.5788133,-0.5344175,0.5675423,-0.80715686,-0.35082704,0.49282473,-0.43342963,-0.8516073,0.0308494,0.12732963,0.74913305,-0.9491267,-0.80560625,0.664289
985,-0.37414557,0.31980506,-0.13562135,0.0047804955,-0.41522437,0.20578541,0.41999364,-0.49626514,-0.056899358,-0.7003229,0.24287201,0.30752248,-0.32971883,-0.68651587,0.38300663,-0.3153783,0.8091434,-0.73169565,-0.51249844,0.10938898
986,-0.523264,0.32144663,-0.06925049,0.12556842,-0.49868006,0.4526132,0.7137483,-0.4033055,0.31131083,-0.9453588,-0.043884017,0.9518148,-0.8430543,-0.40721363,-0.19281429,0.16791739,0.86261415,-0.5940572,-0.718266,-0.16759786
987,-0.52134883,0.6030513,-0.090964325,0.12580289,-0.48343793,0.05634746,0.2585665,-0.6758162,0.48015207,-0.7878669,0.15763354,0.6074763,-0.36764315,-0.97506183,0.020295128,-0.32907876,0.8208098,-0.43810457,-0.15393688,0.25046837
988,-0.5340217,0.51471126,-0.11160481,0.00013939482,-0.4136952,-0.2065222,0.9340316,-0.017168593,0.07209693,-0.8987036,0.3747865,0.84607273,-0.8350237,-0.9074449,-0.235734,-0.10737254,0.95177066,-0.6871099,-0.17528537,0.021848677
989,-0.3711961,0.45884442,-0.16154586,-0.03433722,-0.51577944,0.43425813,0.83152217,-0.26588684,0.53098595,-0.5526808,0.2978837,0.61760205,-0.5509825,-0.8685763,0.17264985,-0.038088594,0.58342546,-0.6696125,-0.34738293,-0.19302352
990,-0.4415987,0.19844034,-0.07542053,0.029035844,-0.5008229,0.54834354,0.7414816,-0.5236194,0.39228272,-0.69776094,0.26883823,0.68964964,-0.43694362,-0.8127588,0.0512043,0.13348602,0.50318676,-0.70288235,-0.40203345,-0.0033672194
991,-0.6105615,0.51835066,-0.06887673,-0.021577623,-0.554282,0.7755551,0.8260129,-0.16023631,0.7868297,-0.8505684,-0.19428283,0.7421538,-0.8040494,-0.70751363,0.047918696,0.36939532,0.2863815,-0.86558723,-0.8087845,0.3062865
992,-0.37334493,0.45147485,-0.13072078,0.1155054,-0.5937876,-0.14785305,0.5401073,-0.61184496,0.41738525,-0.55636114,0.21387246,0.9887225,-0.44423744,-0.93118805,-0.06944873,-0.42590195,0.9085529,-0.20159954,-0.079225816,0.13690831
993,-0.4170764,0.3246066,-0.13398616,0.11286658,-0.58894455,0.20436929,0.909218,-0.7559011,0.32825384,-0.3949758,0.10193503,0.70381445,-0.6495624,-0.4083742,0.4740934,-0.29759058,0.9542136,-0.6602739,-0.8168243,-0.19249463
994,-0.5798562,0.47244442,-0.06519365,0.093997285,-0.4276256,0.28402483,0.65195805,0.08775213,0.27912247,-0.93006253,0.69126964,0.5752345,-0.7800877,-0.61101615,-0.14665808,-0.028774442,0.50446296,-0.69342566,-0.21737522,-0.35392717
995,-0.5425884,0.5529078,-0.10591673,0.0374326,-0.44240588,0.12237035,0.9876747,-0.64720374,0.3884107,-0.80638564,0.22548717,0.71697,-0.5104157,-0.8823028,-0.18788588,-0.20423675,0.75495267,-0.73364204,-0.24619348,0.12907732
996,-0.4694136,0.41881883,-0.14064282,-0.06400987,-0.56703156,-0.097421326,0.6787236,-0.8417805,0.29668716,-0.75069827,0.15389824,0.8687831,-0.9696059,-0.47547036,0.0349633,-0.3553305,0.86415297,-0.6317891,-0.80607826,-0.4804547
997,-0.54170173,0.4361982,-0.102062546,-0.0052387286,-0.5725408,0.7440285,0.8468772,-0.060672864,0.63534737,-0.68080133,0.18923959,0.70739967,-0.4595001,-0.981714,0.02843361,0.2618462,0.35107398,-0.64200765,-0.22294031,0.004882471
998,-0.51319796,0.4825881,-0.103335656,0.061782755,-0.49774817,0.77148575,0.95077145,0.03536186,0.8880792,-0.14223869,-0.0065061986,0.7565509,-0.43187958,-0.8731464,-0.050951574,0.16979451,-0.02897503,-0.95403045,-0.689013,-0.12667868
999,-0.4975686,0.5310878,-0.071589515,-0.040012483,-0.34670293,0.43146104,0.73104554,-0.3677241,0.88518286,-0.05986929,-0.23729393,0.77537113,-0.5970009,-0.6641608,0.21114448,-0.17982535,0.5874726,-0.44948766,-0.3918808,0.35470968
