,x0,x1,x2,x3,x4,x5,x6,x7,x8,x9,x10,x11,x12,x13,x14,x15,x16,x17,x18,x19
0,0.094523972899294595,-0.71051126915290386,0.90707348967034829,0.19598166098950376,0.79415785882134005,-0.65741233833031876,-0.0078085300529942003,0.8912305175097559,0.41716723027546787,-0.36355151926170959,0.31899383382422397,-0.91439049635863179,0.6264282554778533,-0.99089171824304523,-0.35738123381220799,0.37004585406591151,-0.46115850092209754,-0.63728407563002754,-0.69772515465790974,-0.022403825425660884
1,0.92905919913304125,-0.62369983665475592,0.93772893435904536,0.63440583985725629,0.2452936371574661,-0.47312443969884344,-0.45520203649762503,-0.97932226429543268,0.33716403894972413,0.10039800258326359,-0.47224890927687024,-0.054720283957744087,-0.87330431335509062,0.15480319052509328,-0.97210641672201703,0.98685407208903531,0.27316868305185449,-0.22739217837162307,0.86986671995740017,0.2791971170688945
2,0.31192389559676692,-0.52789702478629885,0.83811257251207194,0.035901156175234039,0.85367136305761893,0.02198165187729284,-0.73909390790124774,-0.25303756682715806,-0.26989704442212803,-0.9119416950954975,0.22570816071464184,0.56898313008770951,0.6987892938694209,0.59689618331212801,-0.33898357718967986,0.76279308119913325,-0.39217531554923091,0.77640534921412918,0.86686716615814663,-0.083281839227213439
3,0.90477490206475153,-0.4513522715353453,0.78104436783786135,0.82126455330008952,0.97410237276359357,-0.59342516287467695,-0.032077126150044988,0.69121238673324958,-0.7579265299461877,-0.67938723473080409,0.45882985859523262,0.0021569162898695815,-0.40887120035788382,-0.13186156864583376,-0.6068048613355963,0.7284489981207718,-0.43829438645846985,-0.20349042417873675,0.62620555828935243,0.78724448781418133
4,0.86116512176985993,-0.55268364046690577,0.99378351102681162,0.98284481086394049,0.22229693618384339,-0.30709071331089577,-0.98278030595212895,0.86582272871203347,-0.11002805477993749,-0.58639026152731089,-0.90499422978169219,-0.12110937042126091,-0.96369532541565972,0.30031052221423793,0.19585496633868349,0.76408507554054328,-0.097163153674454605,0.84933500278394369,0.30761098092526562,0.72329431883651241
5,0.2836129068837494,-0.73752532229821544,0.95820103617320984,0.52200982654930383,0.33331264924151016,-0.47011730019266573,-0.10889489531148921,0.13898316951138434,-0.67812992339054623,0.47542000336908141,0.19005027344841174,0.35875218045111423,-0.20732746847303019,-0.063448432219161521,0.40624728765891582,-0.64732387837861394,-0.21298157150739216,0.73579776240434502,0.83363927505319735,0.60707637725352037
6,0.86116512176985993,-0.55268364046690577,0.99378351102681162,0.98284481086394049,0.22229693618384339,-0.30709071331089577,-0.98278030595212895,0.86582272871203347,-0.11002805477993749,-0.58639026152731089,-0.90499422978169219,-0.12110937042126091,-0.96369532541565972,0.30031052221423793,0.19585496633868349,0.76408507554054328,-0.097163153674454605,0.84933500278394369,0.30761098092526562,0.72329431883651241
7,0.31352392573819921,-0.24674438719486025,0.87724011438953098,0.64862402471945124,0.6329045412096197,-0.90876485187526601,-0.86326681840349817,-0.54678419086319718,-0.50078577806212832,0.15092677970469892,0.17009685746723902,0.32380921539538554,0.043683714793486317,0.27451863424757317,-0.029000637625082426,-0.95762037473400685,0.95398116065217287,0.46777107087364711,0.85198336450936685,0.25607137487692699
8,0.95359181303177465,-0.62522279841880124,0.9165518284159897,0.69369476987466672,0.80232221944853288,0.97041641477825369,0.7624947545191727,0.8595368758222055,0.058795800641438412,-0.51220605582370515,-0.98144703425346402,-0.098826962892562875,-0.85896359227540175,-0.54851803655904741,0.52307201543477455,-0.20786316597971233,-0.25410292032608095,-0.47210231687202064,0.64224253599621717,-0.59465427272724414
9,0.90477490206475153,-0.4513522715353453,0.78104436783786135,0.82126455330008952,0.97410237276359357,-0.59342516287467695,-0.032077126150044988,0.69121238673324958,-0.7579265299461877,-0.67938723473080409,0.45882985859523262,0.0021569162898695815,-0.40887120035788382,-0.13186156864583376,-0.6068048613355963,0.7284489981207718,-0.43829438645846985,-0.20349042417873675,0.62620555828935243,0.78724448781418133
10,0.90477490206475153,-0.4513522715353453,0.78104436783786135,0.82126455330008952,0.97410237276359357,-0.59342516287467695,-0.032077126150044988,0.69121238673324958,-0.7579265299461877,-0.67938723473080409,0.45882985859523262,0.0021569162898695815,-0.40887120035788382,-0.13186156864583376,-0.6068048613355963,0.7284489981207718,-0.43829438645846985,-0.20349042417873675,0.62620555828935243,0.78724448781418133
11,0.83687484985319149,-0.66369241451881167,0.99390838326079956,0.89428122889592432,0.58840602250964724,0.49677015455968498,-0.61748876457653168,0.69245273357557457,-0.12514605607359752,-0.12988383223091593,-0.57007240144580029,-0.31692072640764057,0.032483642521430101,-0.99923657685155898,-0.9055974762865886,-0.37639559708662951,0.93348236016813479,-0.209261609800657,0.19769567731116133,0.54342686175426724
12,0.77644319606053935,-0.47203089024365119,0.89353541164092354,0.67830055237944809,0.1361845007677438,-0.43624291122523884,-0.8513638309213285,0.56937674876098954,-0.10820098518936283,0.90553077786411817,-0.33722634328899148,0.76263274529661085,0.64516024009461503,-0.08182641706175442,0.32851448732993793,-0.43282902179061566,-0.32102803144760284,-0.69860361171824015,-0.50045359420693658,-0.55560801178122299
13,0.95359181303177465,-0.62522279841880124,0.9165518284159897,0.69369476987466672,0.80232221944853288,0.97041641477825369,0.7624947545191727,0.8595368758222055,0.058795800641438412,-0.51220605582370515,-0.98144703425346402,-0.098826962892562875,-0.85896359227540175,-0.54851803655904741,0.52307201543477455,-0.20786316597971233,-0.25410292032608095,-0.47210231687202064,0.64224253599621717,-0.59465427272724414
14,0.18658860836494706,-0.90460843440061978,0.81491437791899002,0.39036267800592461,0.87837573737973829,-0.19261285153474406,-0.63696753577682008,0.83950860964685381,-0.49960983402937775,-0.44701778565745309,0.87867082439618538,-0.47787492858529079,-0.4599809830913808,0.45947026515362221,0.34166761537707568,-0.033949650383016117,0.91313052256589278,0.78717311374226262,0.87719539128704027,-0.42062865104413905
15,0.72009180214640245,-0.61236711818540823,0.80933366539790574,0.75800096064355915,0.5530194363603822,0.15450697436325256,-0.90691054437518726,0.69619061969160523,0.98019953614068078,-0.97442441484212106,-0.44056611803023826,-0.24386084007246289,0.93946527653987388,0.33142722448943629,-0.40582758593020296,-0.66754977698953089,0.5750419279041068,0.9423503897029788,-0.040582485578466887,-0.037712897801766676
16,0.3744763640249289,-0.15287695383142497,0.98536006252000896,0.82663950521326024,0.39557609844954778,-0.57525818155880803,0.62450466502298019,0.70579020554934857,-0.9953275714794787,-0.80380109515212972,-0.7549794801941212,-0.35418734489125203,0.84401659998203815,0.86400177169883596,0.96634109440815541,-0.13451408065333226,-0.42514416740489169,0.55934025858612002,0.1300122754232742,0.26977419761017396
17,0.72009180214640245,-0.61236711818540823,0.80933366539790574,0.75800096064355915,0.5530194363603822,0.15450697436325256,-0.90691054437518726,0.69619061969160523,0.98019953614068078,-0.97442441484212106,-0.44056611803023826,-0.24386084007246289,0.93946527653987388,0.33142722448943629,-0.40582758593020296,-0.66754977698953089,0.5750419279041068,0.9423503897029788,-0.040582485578466887,-0.037712897801766676
18,0.20916321635155821,-0.26802779416997424,0.84042487121273157,0.80483549381224506,0.50392617406861162,0.24082325738815169,0.24387194867351258,0.58267173059765764,-0.19021359244080349,-0.88709779731083116,0.37276698198522973,-0.70078482769466777,-0.79720841812790266,0.23659343343501504,-0.11319624953795704,0.66391215775786883,-0.88638100560648203,-0.54662713056348977,-0.74766437493895332,-0.40513640704299858
19,0.49913761920842559,-0.86847535529428099,0.89528215008914436,0.20132662966391957,0.55593232361990697,-0.3599742394053338,-0.88092009300522167,0.88445815563860131,-0.84119807234644339,-0.85167276999817965,-0.69805993559244439,-0.6565569841938883,-0.10425284559542836,-0.0026483941624182439,-0.74594019552024693,-0.17279217041898653,-0.54997391496411141,0.89397025493107307,-0.063626165734372186,-0.67588821924762477
20,0.4216521236672568,-0.81611914843831435,0.97739913181978033,0.24937207332308087,0.36604985281377678,-0.73435172956240358,-0.0504635656509691,0.38369947640418722,-0.040857997826342141,0.38914332003206864,-0.70413938839476264,0.55592012390596124,0.14744246805273931,0.30498960586155555,0.53236601155469709,0.6432774404167878,-0.33497842936481437,-0.77617672574851038,0.043184404753420669,0.11782682807782097
21,0.77077267107348102,0.11339280984811273,0.85670129238365433,0.81807680914579572,0.61227499182135059,0.62962002134396422,0.25523350443492498,0.73475332046211861,0.4550422220728747,-0.62070046621730457,-0.53449982963146336,-0.97008157277631657,-0.21068708741815856,0.4128215006508984,0.41772003907915622,-0.39570236680764159,0.89907317953357668,-0.25911998401545078,0.33959202792978482,0.37234495920995325
22,0.81027159243358149,0.061988878837640149,0.73401508464271803,-0.16378712298129838,0.73449643475402815,-0.85524660749446468,-0.31544860386155116,0.90464704109506111,-0.79321637967037106,-0.3935166603301703,-0.64653516578384451,0.98502217149267191,-0.51919257866020563,0.073507432820915541,0.023613413680237727,0.021105206346011096,0.50011053997328458,-0.24095351743142945,0.84410803800852063,0.24338830692003022
23,0.35883894245164427,-0.604785728823936,0.85568015483615012,0.66166648862033894,0.55840731550860401,-0.59118105219459349,-0.33046865483483678,-0.52214933842482236,-0.11421151182286993,-0.89265386542475378,-0.66366809011686945,0.14832790099106541,-0.02735433466631676,-0.51767168106926387,-0.48314352322035514,-0.42428252712766978,0.39126968720711885,-0.65631287741188959,0.079918743625310373,0.38672959633352355
24,0.29329752488716077,-0.68442167624822825,0.99249771675997644,0.34208926706863885,0.29674843479271296,0.54469160911523784,-0.95551143149954565,0.88692128394657455,0.61001839022257687,-0.4151586390265436,-0.9506784305000322,0.68829733940264526,0.51361105096030113,-0.91604115569975897,0.82231799548277795,-0.67630563213590067,-0.35277991510315831,-0.70269456870875335,0.31071806135434832,-0.64118918208782905
25,0.18658860836494706,-0.90460843440061978,0.81491437791899002,0.39036267800592461,0.87837573737973829,-0.19261285153474406,-0.63696753577682008,0.83950860964685381,-0.49960983402937775,-0.44701778565745309,0.87867082439618538,-0.47787492858529079,-0.4599809830913808,0.45947026515362221,0.34166761537707568,-0.033949650383016117,0.91313052256589278,0.78717311374226262,0.87719539128704027,-0.42062865104413905
26,0.83687484985319149,-0.66369241451881167,0.99390838326079956,0.89428122889592432,0.58840602250964724,0.49677015455968498,-0.61748876457653168,0.69245273357557457,-0.12514605607359752,-0.12988383223091593,-0.57007240144580029,-0.31692072640764057,0.032483642521430101,-0.99923657685155898,-0.9055974762865886,-0.37639559708662951,0.93348236016813479,-0.209261609800657,0.19769567731116133,0.54342686175426724
27,0.70136373712669964,-0.60241497469794636,0.85118706005310396,0.4949463493840538,0.53115609004587472,0.54636351957827922,-0.60148581117380928,0.77815691602828418,-0.63555393400143534,0.06340845558506425,-0.016362250181262583,-0.11444687518352303,0.46735113336459611,0.68082577854764659,-0.22880728436055287,-0.3899823038383563,-0.19046487392157285,-0.28126446902049818,0.49393354974284276,0.27729031899154033
28,0.4765436734445867,-0.88447182896722487,0.95094876940992923,0.89113027740736639,0.73732564421465163,0.053407108641832179,-0.9569208791823105,0.78709129078724116,0.067123090241353767,-0.64538888111685089,0.010413607541210679,-0.91867624777086054,0.48336415350279682,-0.27003581519008613,0.86515981400108055,-0.042592134215015953,0.17825980359181859,-0.61344904160985481,0.28499690583135151,-0.10869967234165001
29,0.24293138675286219,-0.80510588438017971,0.75803874755914058,0.17084797678366215,0.76177591775878239,-0.33619354598242923,0.35024767009749902,-0.75409247790525225,-0.14059324070259516,-0.86511672424863395,-0.15784021836289885,-0.76949532813683574,0.78261827133901152,0.19483096772477704,0.034744780518663365,-0.46793982709910953,-0.68152611431192289,0.035657876758040663,0.44923204583669829,0.5507075509348589
30,0.18497888408222218,-0.93319468940159411,0.72061225796150752,0.60106810059740079,0.26778224358353464,-0.59302026514300499,-0.70011673701507582,0.93553901751144242,-0.55960611398706428,0.82852680429478776,0.54187818485887584,-0.81810589559865932,0.92569540374132631,0.42082891433680847,-0.63717354258326675,0.32319005379193788,0.33474870872918316,-0.43857293500963723,0.30461958605473827,0.52900878637577087
31,0.8172077756941154,-0.62039929226513624,0.84448997816327864,0.24481046162433184,0.16644251160127443,0.69873884654758722,-0.34580950317484604,0.60714851043722184,-0.62171891161380866,-0.78951889305579304,0.8962000394669285,-0.7055203658086715,-0.092272910342398928,-0.55999023476436438,-0.72954435667123407,-0.64519235031691546,-0.4985949261761744,0.53958724536302061,-0.71922541676150464,0.63767967459565833
32,0.85018261841250031,-0.56332959855618525,0.93692184056425543,0.50097453642492495,0.25000503685093456,-0.91800139453184992,0.93425898613233116,0.60275756760532562,0.24154243496428585,-0.68718401208701385,0.47282323484209932,-0.476081151997376,-0.85304459950476086,0.81096154828597222,-0.85241393949692124,0.76198938208567557,0.43463179974489785,0.96671127875476137,0.13837606091851806,0.31265094624852474
33,0.75539310012124905,-0.9608490138335315,0.75927931848800512,0.12581004935193318,0.53989810606242261,-0.52547979782192145,-0.21333405296429353,0.93519633394274782,-0.32706417498588758,0.3284260533269665,0.3126649455364654,0.55741064437214294,0.54430100846898477,0.45564989334187356,-0.981023188233904,0.99916597603352231,0.37607112907181794,-0.49293836989133055,0.42468608852180778,0.31601812964949882
34,0.72245004355113673,-0.2704834286226363,0.7297626775754178,0.99706987006199066,0.33275233542043248,0.81796888528239364,-0.92198356832873674,0.73691274945140939,-0.29588799373770236,-0.1046579647862298,0.52466638169738666,0.74404028855315185,0.43926749600677018,-0.80802555069746784,-0.74578889940293114,-0.6500544295299342,0.10177615728764922,-0.66733908550584964,0.81877026400313069,0.73665074804617814
35,0.1369268973925668,-0.58251015801421357,0.99850621007070783,0.24584759307163462,0.60025216993496966,-0.12598237815629609,-0.012674324473510579,0.65460795792138504,-0.65724156692216229,-0.35846129785935332,-0.65591395334129698,0.85752739614803941,-0.51687741611103899,-0.29946357402104762,-0.16361014047502764,0.058140778536247328,-0.70727697109178478,-0.53750997803290068,0.71888553532571908,0.52105700470767236
36,0.4765436734445867,-0.88447182896722487,0.95094876940992923,0.89113027740736639,0.73732564421465163,0.053407108641832179,-0.9569208791823105,0.78709129078724116,0.067123090241353767,-0.64538888111685089,0.010413607541210679,-0.91867624777086054,0.48336415350279682,-0.27003581519008613,0.86515981400108055,-0.042592134215015953,0.17825980359181859,-0.61344904160985481,0.28499690583135151,-0.10869967234165001
37,0.56648144957803015,0.01857006474513101,0.94066992616760348,0.59888413127869966,0.4415886468332022,0.19036651862063914,0.38020545122019755,0.36258415644740283,0.037689167391447675,-0.56272966996444018,0.36322748530695126,0.49827603635810447,0.81911895377390609,0.044028597588386287,-0.89926981152921881,0.50972622207167539,-0.85935193163116619,0.21769962427775624,0.60260511272615491,0.23626264934435159
38,0.88633203805631133,0.0837682410845495,0.92970282028316609,0.21907060466590589,0.72725477285174844,-0.64954433035099957,-0.8038767434302212,0.98177062938991688,-0.96907958481386114,-0.79731536188246865,0.54181376558504302,0.66288846276524516,-0.014434286459422685,0.021752989436215842,-0.75156154742050441,0.68809915065764748,-0.54036968618270875,0.22102709996704251,0.29203487619199642,0.21782513756322985
39,0.42568932721801556,-0.70757355302967939,0.9754244683104436,0.27744189203364966,0.86096202563271573,0.00055470893192999249,-0.41220654969664183,0.78765896785553746,-0.39473821423107225,-0.83176373873620046,-0.16554704989377189,-0.77421032986639715,0.80081874480870963,-0.39865751886164857,0.67155502937841693,-0.4828562181513012,0.78861472752153383,0.070704146256461042,0.97568008440266896,0.45701585223442343
40,0.25166157031497938,-0.30706688000159987,0.99445581206615774,0.99222378309857873,0.93685070212454269,-0.17246541417511563,0.29014897531903605,0.51278415706309355,-0.92514273878249265,-0.63849219426490844,-0.79137303454519881,-0.65277387013000343,-0.77536350308225965,0.021147989075939844,-0.95471813882442991,-0.97575971795789229,0.41036269411970117,0.15027124549414728,-0.020902633547830174,0.90453449763663207
41,0.48521339112503847,-0.17019515066533786,0.93124604602436345,0.35509211871926705,0.9113445411535519,-0.52181362343196547,-0.31506046203400939,0.86921102359629532,-0.33850542458424582,-0.76570569557118917,0.26071351155603173,0.21422194009163809,-0.73124581577400805,0.92221729963583843,-0.83744413487476632,-0.2547359675089842,0.043358142888401119,-0.098487090746210981,-0.58622574002093608,-0.81012476126145172
42,0.74430046323766974,-0.44231795253143824,0.82349043330235117,0.51883695997182033,0.8681873802006641,0.12545315891545128,0.93443059175823029,-0.8059954828028999,-0.42858212231786874,-0.68188085383927555,-0.077126282747546293,-0.46550438314795506,-0.71102717686111783,0.43197518129044621,0.75455832164069814,0.68240374539307758,-0.43313845710129351,0.54091045401171578,0.03204759616596986,0.24448216907213993
43,0.39032790197068823,-0.78741040964555076,0.85866830216885526,0.8956993931075925,0.78458835830882268,-0.51545004363612867,0.65761613097173455,0.98673335974914322,-0.94779976476178529,0.95031508254205743,-0.67627379714993063,0.0042568835351830536,-0.012557255133514467,0.29940943650613461,-0.63670681895820747,0.99409291624781226,-0.32122666246012166,0.81430458264023131,0.43618096275980656,0.85109078795963078
44,0.30218812274583651,-0.44380033697051235,0.77934939086275956,0.29069370330137656,0.3018248151963645,0.13699909942927646,-0.30413415533754229,0.96139708928789136,-0.68948781239495194,-0.85688564605572215,-0.98062445113005126,-0.25988677217418799,-0.45050483186168599,-0.31835570598183605,-0.39497430714591641,0.92193294071920096,0.42414953744913397,-0.16740306999072696,0.99750115754502411,0.9056113108127628
45,0.28900513790126903,-0.70509860978552652,0.85627109960795256,0.59609135749189313,0.69594147913167315,-0.89545814616785302,0.4749731998076776,-0.29888793947485626,-0.15828100151870705,-0.69971979108333748,-0.02913513357121289,-0.19588039277844427,0.28475701942644505,-0.1971965026636191,0.81505517477454892,0.68362441679381436,-0.72845714491760316,-0.81759702508580356,0.007165179911917674,0.76247957919280807
46,0.99139333096117421,-0.58601947262896958,0.99644112531985174,0.55648314143017519,0.44733760106453624,0.14137798457195649,0.48116155932000337,0.63726701289181698,-0.34519797965529442,0.53792654250068295,-0.021511017615728489,-0.73871040199793758,0.6018233192795881,-0.17769795044153169,0.26323983643436177,0.91674809833297966,-0.52699362848184506,0.92464987751444405,0.37978284992682099,0.92997749143761621
47,0.66105781595482083,-0.49927722142297681,0.91389474201900178,0.36450427091401871,0.92704647605180401,-0.82905555299817535,-0.32037489433039434,0.79348663497654348,-0.5424049220284235,-0.93159398152512063,-0.75665581181312391,0.54821223213402726,-0.99751471759876664,-0.48404735442132751,0.50480052646098228,0.85256477333833658,0.0086445373647405788,-0.80137057921004717,-0.60035944508527384,-0.45761579188290891
48,0.51532780275039558,-0.36963128504346821,0.96903940775990494,0.58535836501243765,0.56880060398324694,-0.7526509171066651,0.79683191979036017,0.163197387520992,-0.23539806736540503,0.13558105994863467,-0.61328971670116661,-0.92759697723100065,-0.47502736150590641,0.46116951751465995,0.61209351758162378,-0.21302287077905691,-0.42940838593070518,-0.18182382630977068,0.545817245614441,0.35197782310985892
49,0.5238981556266058,-0.37527438837513261,0.74479200782168498,0.63629338778600131,0.17160281813187916,-0.28017871702807784,-0.81133531296188899,-0.13029784468910499,-0.30065405257394251,0.55834024437090957,-0.85395286622911071,-0.96277365886102695,0.42929615173650237,0.10225148497840353,-0.78351025528400742,-0.9215027799550255,-0.4567688459266841,-0.40815867721690702,-0.11883195377468447,0.25369759697040872
50,0.82696683042472685,-0.80094517355998573,0.81346395615856526,0.95671145335171826,0.41718401439557162,0.97892835866201633,-0.46523593668340535,0.8747869130476893,-0.95950696414494341,0.17531666365983889,0.13647610189869264,-0.34774445161458267,0.6590807053757648,-0.059316946718110941,-0.64374502914328158,-0.53574189650634185,0.163424563286372,0.7581461586866387,-0.023821984319201572,0.077078511531543992
51,0.68283364653913625,-0.055878884253570016,0.78830874580956145,0.94144439960361392,0.91814605098273061,0.42771335301950808,0.55269543811904809,0.23094836477996106,-0.48022650225608587,-0.86677601032357132,-0.44809187755511792,0.91136461236687527,0.87490735808642373,0.19230721270867068,0.42384988355677389,0.47584991738253102,-0.14791308546832926,0.37563741212071622,0.57430859860473205,0.56503212144285575
52,0.86178267586399859,-0.57073731760598712,0.95707119651307049,0.50669537234963014,0.75018640019208416,-0.61576627549167018,0.14970137591919608,0.68501772437158626,-0.248743843117474,-0.4410882274548098,-0.75215336266604704,0.95668037890086,0.33541179572841084,0.049431317723866997,-0.70588156572308058,-0.057059089008851149,0.065437109956548722,-0.13322832590431477,-0.8394594687009711,0.40282048878903343
53,0.42568932721801556,-0.70757355302967939,0.9754244683104436,0.27744189203364966,0.86096202563271573,0.00055470893192999249,-0.41220654969664183,0.78765896785553746,-0.39473821423107225,-0.83176373873620046,-0.16554704989377189,-0.77421032986639715,0.80081874480870963,-0.39865751886164857,0.67155502937841693,-0.4828562181513012,0.78861472752153383,0.070704146256461042,0.97568008440266896,0.45701585223442343
54,0.91294246149283209,-0.59716601884183484,0.75494882023118759,0.93633697186387854,0.36024078855823327,0.021341043253754854,0.090854910575628889,0.27632366151253462,-0.97331792962744501,-0.61351170925059884,-0.5396077631462648,-0.008343069356445465,-0.79625990035428207,-0.077136661112980232,-0.079027936707274149,0.52842639881293496,-0.56661008956120695,0.83029774588020566,-0.063470939957696704,0.64647801985813724
55,0.38962213479877583,-0.63526914263255829,0.96823466112610235,0.80696589231683125,0.92557802924659072,0.14014131636369176,0.476945858259054,0.92893985099778731,0.99238346391493448,-0.16158530021517081,0.14597231324844406,-0.53980135663950102,0.77579303281565593,0.61524724142801812,-0.56910627277749204,-0.41954215607667789,0.10780774000373916,0.022201070335292616,0.79796308221548995,0.63087962955218102
56,0.096295930880385017,-0.96916975473755596,0.83431470113857875,0.92074214432962376,0.94735287792439848,0.68560722436454125,-0.36576903907323444,0.52718529336780606,0.90787213317529569,-0.44093422122427306,-0.38232046893973393,0.29527149225008165,-0.18925762532922286,-0.9711858080356699,0.56475876971329542,0.66509687465725831,-0.65968204142182874,-0.6477645841261559,0.37291431539747744,0.30563842406609409
57,0.25166157031497938,-0.30706688000159987,0.99445581206615774,0.99222378309857873,0.93685070212454269,-0.17246541417511563,0.29014897531903605,0.51278415706309355,-0.92514273878249265,-0.63849219426490844,-0.79137303454519881,-0.65277387013000343,-0.77536350308225965,0.021147989075939844,-0.95471813882442991,-0.97575971795789229,0.41036269411970117,0.15027124549414728,-0.020902633547830174,0.90453449763663207
58,0.86116512176985993,-0.55268364046690577,0.99378351102681162,0.98284481086394049,0.22229693618384339,-0.30709071331089577,-0.98278030595212895,0.86582272871203347,-0.11002805477993749,-0.58639026152731089,-0.90499422978169219,-0.12110937042126091,-0.96369532541565972,0.30031052221423793,0.19585496633868349,0.76408507554054328,-0.097163153674454605,0.84933500278394369,0.30761098092526562,0.72329431883651241
59,0.3744763640249289,-0.15287695383142497,0.98536006252000896,0.82663950521326024,0.39557609844954778,-0.57525818155880803,0.62450466502298019,0.70579020554934857,-0.9953275714794787,-0.80380109515212972,-0.7549794801941212,-0.35418734489125203,0.84401659998203815,0.86400177169883596,0.96634109440815541,-0.13451408065333226,-0.42514416740489169,0.55934025858612002,0.1300122754232742,0.26977419761017396
60,0.39240198485059818,-0.34431216884609284,0.92896290597206854,0.91260821210267995,0.85056130015696096,-0.6382692452554064,-0.23665272245731139,-0.72439455849568635,0.10783912803651519,-0.89608574592984769,0.21264485544148992,-0.15842563442011826,-0.37242890292881103,0.41258915246646755,0.92882429201990213,-0.91623663304460767,0.583373502585393,-0.34825813194731037,0.30644081194083017,0.45555261752671727
61,0.38945535014890797,-0.37546282268847442,0.76319730516861828,0.76144144611939524,0.6684801574664192,0.15257001778235479,0.38567332673780252,0.73126765652851256,-0.71768023076524368,0.27745240973492669,-0.057969318277046211,-0.74350162814000109,0.6735620784711025,0.17468539505518565,0.81656804851483544,0.074535636114747339,-0.41591783526787895,0.32145591052318268,0.66808178455729927,-0.34860097708098281
62,0.86178267586399859,-0.57073731760598712,0.95707119651307049,0.50669537234963014,0.75018640019208416,-0.61576627549167018,0.14970137591919608,0.68501772437158626,-0.248743843117474,-0.4410882274548098,-0.75215336266604704,0.95668037890086,0.33541179572841084,0.049431317723866997,-0.70588156572308058,-0.057059089008851149,0.065437109956548722,-0.13322832590431477,-0.8394594687009711,0.40282048878903343
63,0.29709020928009111,-0.6716886422037831,0.84803750787030685,0.78471192512365895,0.78481585966919365,-0.71620290247104279,0.31783667036798691,-0.16179919635689166,-0.20612920569138948,0.24525609292646511,-0.86810999183520243,-0.95560139113344578,0.73704993578239031,-0.86515555123743737,0.24951708770669478,-0.0008380730257366853,0.78469118206455812,0.27008152180101797,0.95541804292671206,-0.19951993232565934
64,0.98824065401694461,-0.83706074034842648,0.91858806959095829,0.53229620434405156,0.39273768424373712,0.14000692653654156,-0.93516559506868746,0.66913886755062602,-0.60983399956449191,-0.65122196925003983,-0.79312961582871955,0.13822131628364587,0.88716404978439001,0.39423767639007834,0.015411186235780194,-0.22712877787972885,0.029573830838123039,0.86476402646360695,0.18757854740844193,-0.26210638389949703
65,0.41035518122141101,-0.38304822507976022,0.97940400577292208,0.23749073867788506,-0.16165322180476616,-0.61183554727291201,-0.43660362575721212,0.98256818174556426,0.8573016467044301,-0.44071409040813303,-0.62962437181817887,-0.6067849768549225,0.13004549713901015,0.046076536530045509,-0.57499821188784583,0.47706425999754076,-0.14487635665227772,0.78341373736514375,0.542132950443867,-0.81558270443890191
66,0.31956793273723783,-0.91147618611516301,0.9817226449855152,0.60004769727556662,0.9250408232120233,-0.85009243977472426,-0.54977217971940751,0.41395038089869574,0.68209971606820674,0.12676625464289626,0.77144049003284598,0.067811738120109766,-0.16898858824927654,-0.19967085586037947,-0.4689084633836389,0.46080022303117851,0.54113450497613602,-0.54948669313160203,0.055664032269233665,0.30883781475281658
67,0.73035509656087894,-0.44662771455155048,0.78988648338384126,0.22111175928858384,0.94461384189729758,0.20306284206838798,0.8344396218244452,-0.26948737376093446,-0.32241681734054572,-0.13418417859218201,-0.66218464512260278,-0.98672033073527032,0.46860946883737409,0.49454159250508756,0.69936636588856715,0.44493817128788704,0.28961015160201686,0.7216651876484812,-0.035742695526274737,0.48996682692546756
68,0.79295665987706077,-0.22128229378554831,0.99374384629753809,-0.031058393814978436,0.26262411678387476,-0.71257169326844538,0.024865198606293548,0.19532469447065437,0.7238505188565505,0.97962423341044746,0.19826199055348348,0.71675967127482543,0.31760529969877704,-0.12268699612210954,-0.084892361565695129,-0.60129122620771125,-0.34476236295547413,0.40464873024668946,0.16282769716692047,-0.19469294452821462
69,0.64547716569098235,-0.78505874825092725,0.90250902606060501,0.45367007603213416,0.65767441107061453,-0.38183717797556538,0.66655628912935216,0.70483281690951838,-0.5549032090676298,0.76649587433204114,-0.25552428357140777,-0.14489699810730827,-0.26042919572835665,-0.36890130910136953,-0.66544586035318321,0.49676238631194525,0.50250804506013091,0.083023657871266643,0.2101645795148348,-0.74531159439278039
70,0.64184295031497229,-0.9973273581520663,0.70300977917872887,0.82381084780933067,0.42271787379140502,-0.95466066062132082,0.63778299718478415,0.45171143398263669,-0.062096074927456613,0.44099480509117739,-0.20006220438632405,-0.67619470658282577,0.51914481743579,-0.6405380696474432,-0.72370233439783105,-0.28948724603467957,0.37202942587682664,-0.41394956360775081,0.023383334985869419,0.54821981638555917
71,0.51141457377447419,0.22997256650160791,0.86547307303164489,0.2408909858367656,0.48349799935032989,0.79289574865451229,-0.58651114813308203,0.70874022196788289,-0.21742701190315161,-0.31445827348699806,0.49405607017471076,0.081849168494396274,0.70764581590922493,0.68574681833539874,0.84972563644737686,0.55269193383278514,0.96240828201493844,-0.019047066957136316,0.18547034524161288,0.81915007161882114
72,0.2209271823203387,-0.63314010385535524,0.75364166156527879,-0.15562631154637319,0.59255878653792604,-0.4121490216496515,-0.96423594996609197,0.90844172216577479,-0.51346706510839191,-0.91620956279911447,0.69915531073177895,0.97197567351574898,-0.080554501380628141,0.47129959777872288,-0.89390452215332261,0.91165483892108234,-0.68447440434260232,-0.55259004127044631,0.55655763412582782,0.51862999428110679
73,0.19471069041108868,0.007193166659727579,0.87596162496750352,0.61492431874433495,0.2084438677874938,-0.98214312728191855,0.33538589322130274,0.83451709810771102,-0.1475623814030369,0.81346317805566692,0.55641948824715315,0.6267569561135462,0.064772333523762882,-0.48317808011460439,0.64955638314699549,0.73755137699099449,-0.81862825351134272,-0.57372897122718003,0.10528123101412401,-0.44648281384404798
74,0.7188927596994461,-0.33125291255544553,0.77557494939555105,-0.17429135842397314,0.77088751767665054,0.98447155534888431,-0.091622205187613881,0.9364737963691252,-0.97455821897540429,0.64294751032511854,-0.19082737484913603,0.30680016489756312,0.21970898030555897,-0.71152648652011496,0.90019729873835286,0.38189723857350866,-0.79574769684944235,0.70454583586572705,-0.10166773149276498,0.71057564948527752
75,0.23028747781490488,-0.22774119197732134,0.98081085636734189,0.80109742633596293,0.35666925222749057,0.053616566234924834,0.73207725098807219,0.31415793485848953,-0.52064264004392791,-0.99683702614948633,0.40394802490771986,0.61427271540878103,0.63566284662812356,0.73749850881188994,0.12422334122199485,-0.63994329043395637,-0.20378335961745964,-0.87239476551380135,-0.17618148630501929,0.10291195971451605
76,0.45689240926647989,-0.86672011892549206,0.94561894609947528,0.51564154513432126,0.91351162567634181,-0.87684790545282931,0.15965321823874001,0.45931393328131231,-0.79064270975409556,0.1044210620996282,-0.18136764541115524,0.61488022089399164,0.48389694584842458,0.11911935462470202,-0.052689210295772337,-0.09635411636868696,0.19120525893980855,0.6188372237186377,0.45157277225507353,-0.11643596743642948
77,0.30218812274583651,-0.44380033697051235,0.77934939086275956,0.29069370330137656,0.3018248151963645,0.13699909942927646,-0.30413415533754229,0.96139708928789136,-0.68948781239495194,-0.85688564605572215,-0.98062445113005126,-0.25988677217418799,-0.45050483186168599,-0.31835570598183605,-0.39497430714591641,0.92193294071920096,0.42414953744913397,-0.16740306999072696,0.99750115754502411,0.9056113108127628
78,0.99364726591287966,-0.74106430335915152,0.77003730326071551,0.45079745452061326,0.54291694461720397,0.54264958929828588,-0.069151874112127532,0.39634632018604932,0.60425829055821279,-0.93581561622907139,0.22240341540715924,-0.03776274259561041,0.14900730518990812,0.10521064943743919,-0.90246996951159697,0.0097012240849516651,0.7754480048940755,0.3382648872717875,0.8668444757290239,-0.12033242830641577
79,0.18911468265280518,-0.29891301243202406,0.96756529361711552,0.46721250927977409,0.28716733376414538,0.20176620535196155,-0.32071577252656369,0.78827373498329778,-0.89811461940028825,-0.93003298889673691,0.05464202171269994,-0.12878234272429046,0.14130054355830435,0.81288718350334555,-0.23504001724712231,0.90527000918081368,-0.94424756266511101,-0.50719681413761175,0.76326979832150554,0.020720301855170264
80,0.49387581605340847,-0.29240067599666864,0.90355965688253104,0.90819715861985917,0.25916150075809674,-0.50521894976551418,0.79220351222086394,0.6639509675514883,-0.28439994833121696,0.025594681031750666,-0.055102792271430667,0.31807962287207703,0.59063492597537715,-0.79160445412100033,-0.32195889043297354,-0.42206104861503801,-0.78435219469726714,0.59821455948014268,-0.84717342375346671,-0.016459451870834974
81,0.98824065401694461,-0.83706074034842648,0.91858806959095829,0.53229620434405156,0.39273768424373712,0.14000692653654156,-0.93516559506868746,0.66913886755062602,-0.60983399956449191,-0.65122196925003983,-0.79312961582871955,0.13822131628364587,0.88716404978439001,0.39423767639007834,0.015411186235780194,-0.22712877787972885,0.029573830838123039,0.86476402646360695,0.18757854740844193,-0.26210638389949703
82,0.72648408144285481,-0.84866337574932826,0.81672506691257163,0.67269722051513825,0.85516233820712029,0.37298340828374155,-0.22667194476312691,-0.96214420898867892,-0.22084915473471156,-0.74508486021254416,0.63497449421187069,-0.79227639124603622,-0.53140567502789193,-0.81797752031156379,0.64272762152637641,-0.73475400572392324,0.20898825211436711,0.17582903435743313,0.084172896952528609,0.17279654614422668
83,0.2477605710727333,-0.81371895067907118,0.85769689440361407,0.71632946872173897,0.20565054567679564,-0.9134839658173215,0.13476333136889829,0.21290263633318784,-0.32580866085112525,0.95040072692997946,0.59673335612671785,-0.55848990673472909,-0.77995498932035212,0.37712344142133603,-0.28319544248164674,-0.26903264454990694,0.93876575249087457,-0.74049706862957709,0.066862176950175822,0.11393461050966835
84,0.99719388290840039,-0.2175159302974552,0.73943464860917718,0.53770868192950849,0.32079395977783332,-0.81976811276017059,0.29774445174672581,0.76066089163902273,-0.97618494926266508,0.52713059867363654,-0.92177793202461822,-0.891873545954325,0.40855208835810886,-0.15753835907983915,-0.50253903824333679,0.75459269318687672,0.22572218935618205,-0.95449879470527743,0.53007588443651055,0.26777491906402706
85,0.43824915200891534,-0.56065726293730211,0.85094824124351098,0.23697320813241518,0.45047381361188954,-0.82136307221132188,0.065806918415406201,0.54557813320512372,-0.43322425286924782,-0.26691168944525279,-0.15372654426557864,0.016233228997041271,-0.90917348083924021,-0.6287078278085958,0.85932929624412768,0.53333580399665004,-0.75122327280008139,0.40220006440592115,-0.86344174369536986,-0.057339026647053259
86,0.81919859898069181,-0.78681335102082905,0.8475508203091946,0.58142708304205848,0.44150369227419017,-0.73073544901236498,0.2007908947635535,0.91911108014492071,-0.50020034551386527,-0.47377871591300247,0.74183570271211607,0.17227639708341003,-0.72934924772927001,0.65760219666056607,0.48705920270717895,0.7509997374703683,-0.17321767452062553,-0.41593006513943642,-0.49397272985367824,0.334027764002371
87,0.53976421211940728,0.25331342353197206,0.83759064190152266,0.8470817807334412,0.30037688356868353,0.18514176645816227,0.35843620553331568,0.92450435511547568,0.90888005111581549,-0.96167646147005836,-0.75129639692505723,-0.29065811128006724,0.0028522844430147742,-0.45366654171223497,0.12987893451695087,0.47576738862362133,-0.023390868222346484,0.63204314299276709,0.8931252200318196,-0.15012476901704908
88,0.5079709005809403,-0.62383008270884743,0.89326994990890074,0.47850048825719793,0.55071001449956558,0.68082384971896115,0.057801955080479361,-0.29001221590495629,-0.35594447289132369,-0.36483659048656469,0.28335401644823355,0.90921822825544418,-0.54203519676322243,-0.65664710747625632,0.13067846971977604,0.3424314205205945,-0.27440157394542286,-0.80873406012640903,0.91925543893269945,0.54836206008783384
89,0.4765436734445867,-0.88447182896722487,0.95094876940992923,0.89113027740736639,0.73732564421465163,0.053407108641832179,-0.9569208791823105,0.78709129078724116,0.067123090241353767,-0.64538888111685089,0.010413607541210679,-0.91867624777086054,0.48336415350279682,-0.27003581519008613,0.86515981400108055,-0.042592134215015953,0.17825980359181859,-0.61344904160985481,0.28499690583135151,-0.10869967234165001
90,0.85018261841250031,-0.56332959855618525,0.93692184056425543,0.50097453642492495,0.25000503685093456,-0.91800139453184992,0.93425898613233116,0.60275756760532562,0.24154243496428585,-0.68718401208701385,0.47282323484209932,-0.476081151997376,-0.85304459950476086,0.81096154828597222,-0.85241393949692124,0.76198938208567557,0.43463179974489785,0.96671127875476137,0.13837606091851806,0.31265094624852474
91,0.97610212661075146,-0.31127046261829516,0.91170805145678391,0.11348594010365454,0.26250710991884207,-0.72309397033267331,0.045259722028297311,0.90437328529688532,0.14290041452778635,0.78411386704132768,0.44785792621818277,0.85713342146870453,0.099128532322152907,0.86326176773245611,0.39949801991546452,0.013921980207949547,0.50926461971517889,-0.75467747748437453,0.74484661290636245,-0.4062122562970587
92,0.48898293613399901,-0.62894356091442516,0.85904772605382984,0.85638612405316317,0.32029285248771489,-0.8169524222504978,0.38102781386616114,0.60879763427935307,0.56998876108005869,-0.23388729703707578,-0.89059675475420952,-0.28195637523719674,-0.3139528757219392,-0.19822242467610129,-0.6625604681306847,-0.39866287977938519,0.98568913153944471,-0.33037867292991629,0.78213631505838266,-0.26313746034396779
93,0.62395800390294975,-0.90660353615551292,0.9286217290814005,0.40924117254165138,0.62503262122482628,0.13336619246251336,-0.85447204922128273,-0.35387256798892008,-0.99630589173299344,-0.44255728234537717,-0.7180343959619635,0.54690500552718357,-0.10010071490580175,0.46798247410906857,-0.51623341268498901,-0.75253255999493596,0.9322122268420765,-0.17309607352165157,0.095496852709092694,0.20644511199810966
94,0.66970379231546273,-0.63836110819169467,0.90787596380294433,0.29480953475572957,0.96646040558340274,-0.94102885235364186,-0.54437107442223387,0.47917851673418754,-0.91725358635505772,0.70003500684757891,0.31832588098443204,0.35608128023794205,0.7930156412479179,0.46343179659048017,-0.86816266010166854,0.95848799254420447,-0.057102444444278033,-0.44426328218584321,0.011430295882493668,-0.93047762705542603
95,0.19257282523250185,-0.2687434637639321,0.82384108315022586,0.23986861047026831,0.80228812555172291,0.047432445127250977,-0.2088011268456591,0.96211716741694286,0.46861195812155798,0.005695750455990245,-0.29538798755609963,-0.35533537281894967,-0.5998919469758992,0.3942286064244509,-0.60691552071295729,-0.31924974306822707,0.5351095634644143,-0.18216132458713674,0.36548701224771762,-0.93814187513379133
96,0.80595922635681161,-0.57331246434942429,0.84706394635673066,0.59647408549090741,0.40097737557780366,-0.93287651311376885,0.55298535089050449,-0.021845063569265077,0.48316576234609387,0.666423551402201,-0.54159944231801727,0.61428388952729462,0.014640489007180069,-0.043824719175332927,-0.099902910271639112,0.071708251739733164,-0.5804308433512253,0.099675299537521189,0.72864197611743786,0.93873329074663081
97,0.53426670971105006,-0.94386742781283806,0.87140614037458586,0.93346269239956969,0.61784863862365791,-0.62012697152547025,-0.31504704829568775,-0.28863623061458066,0.88108797869518107,-0.47826015538539512,0.94009963839680588,-0.41147383531247961,-0.083405239571442635,-0.60430521403984705,0.74365004237247101,-0.42097274471823143,0.68924746588633301,0.40154732614365929,0.7107301046957446,0.87757841187890739
98,0.38945535014890797,-0.37546282268847442,0.76319730516861828,0.76144144611939524,0.6684801574664192,0.15257001778235479,0.38567332673780252,0.73126765652851256,-0.71768023076524368,0.27745240973492669,-0.057969318277046211,-0.74350162814000109,0.6735620784711025,0.17468539505518565,0.81656804851483544,0.074535636114747339,-0.41591783526787895,0.32145591052318268,0.66808178455729927,-0.34860097708098281
99,0.44771293998212047,-0.99772994835775908,0.78217469933884032,0.56811699955142969,0.24311686504397279,-0.050319966698937346,0.42337332048758691,0.88486682187856713,-0.7400974167726122,-0.92729201224164792,0.088695201270408974,0.13391873770787832,-0.015651552577101935,0.46930918240077246,-0.97465798553420346,0.41963353634921408,-0.88314116827770728,-0.66186938612650437,-0.444130753979183,-0.18479920070906242
100,0.95359181303177465,-0.62522279841880124,0.9165518284159897,0.69369476987466672,0.80232221944853288,0.97041641477825369,0.7624947545191727,0.8595368758222055,0.058795800641438412,-0.51220605582370515,-0.98144703425346402,-0.098826962892562875,-0.85896359227540175,-0.54851803655904741,0.52307201543477455,-0.20786316597971233,-0.25410292032608095,-0.47210231687202064,0.64224253599621717,-0.59465427272724414
101,0.29329752488716077,-0.68442167624822825,0.99249771675997644,0.34208926706863885,0.29674843479271296,0.54469160911523784,-0.95551143149954565,0.88692128394657455,0.61001839022257687,-0.4151586390265436,-0.9506784305000322,0.68829733940264526,0.51361105096030113,-0.91604115569975897,0.82231799548277795,-0.67630563213590067,-0.35277991510315831,-0.70269456870875335,0.31071806135434832,-0.64118918208782905
102,0.39167729396763895,-0.14938669143771333,0.94191418993976717,0.44954348027243629,0.87555576216193498,-0.75146069166108442,-0.21950765929803184,0.87361596860364532,0.081024238485175371,0.056023920791032911,-0.59607448475843516,0.014359075667909948,0.40286602593759224,0.14661983973588844,-0.36635752639569241,0.34643554745438698,0.46990061210499379,-0.045782106628375008,-0.6270561391333449,0.3832370015013038
103,0.99719388290840039,-0.2175159302974552,0.73943464860917718,0.53770868192950849,0.32079395977783332,-0.81976811276017059,0.29774445174672581,0.76066089163902273,-0.97618494926266508,0.52713059867363654,-0.92177793202461822,-0.891873545954325,0.40855208835810886,-0.15753835907983915,-0.50253903824333679,0.75459269318687672,0.22572218935618205,-0.95449879470527743,0.53007588443651055,0.26777491906402706
104,0.89241002806364689,-0.51603308030899298,0.87907413985869676,0.65875744434544581,0.033326158507578585,0.35215570647955619,-0.46206505378551355,0.89263397570283409,-0.74838797553578651,-0.93425419190657033,-0.19148602702173356,0.49915274546395949,0.26715689137698129,-0.40000679555949969,0.49368998739054071,-0.28846211576630965,-0.11366432382317693,0.91334047691142106,-0.75282713063852702,-0.18307352191166459
105,0.17425105728170154,-0.40281019386402361,0.84920232213911606,0.861728581488163,0.56688666964654422,0.033135756799214766,-0.093262987359926441,0.66487066275890072,-0.59827035189379241,-0.086939144467003127,0.35353949988169875,-0.14336223609875431,-0.525947663930044,-0.68297071856068148,0.79980681749864169,-0.79688355031130098,0.78795495418424011,0.14762409877592542,0.2196038905592208,-0.97236636367856089
106,0.93947673596200354,0.63516492624022236,0.93250921880094095,0.59152931555341981,0.33941296117756359,-0.63566446929462139,-0.6977263495683943,0.98433672754942414,0.57390550857407963,0.6939222839436443,-0.96115413133170224,-0.048878852748398538,0.49174611493996734,-0.10205083489957789,0.28345112533491568,0.48282439871849636,-0.090669088179964996,0.41885421641173348,0.42455796810013924,0.8480713550935115
107,0.32016138329014687,-0.66141077759264122,0.69798225143401105,0.81425101249907317,0.38943645450471531,0.40001386750485035,0.62091413615218016,0.99983388876019164,-0.42697008189070762,0.35317832875794641,-0.32041585544161588,-0.15763893967110021,-0.68230313986770863,0.88490499284414637,0.14488238489887117,-0.38638947086519693,0.39208375958660335,0.48351924149350189,0.9944219957542082,0.67180735782370404
108,0.99139333096117421,-0.58601947262896958,0.99644112531985174,0.55648314143017519,0.44733760106453624,0.14137798457195649,0.48116155932000337,0.63726701289181698,-0.34519797965529442,0.53792654250068295,-0.021511017615728489,-0.73871040199793758,0.6018233192795881,-0.17769795044153169,0.26323983643436177,0.91674809833297966,-0.52699362848184506,0.92464987751444405,0.37978284992682099,0.92997749143761621
109,0.88131402511637003,0.26136947806199151,0.79318251053566224,0.40770263963581366,0.40021884711108568,-0.63182924161306508,-0.98030086003358718,0.61524675991924638,-0.96430889960488253,-0.45112877604056334,-0.043802923487692658,0.80688907732116966,-0.51259882458007766,0.36893309886798575,-0.14132172752950223,-0.77501875291648537,-0.30765586691678992,0.2801508052615771,0.83052013685378534,0.71027992009390606
110,0.86116512176985993,-0.55268364046690577,0.99378351102681162,0.98284481086394049,0.22229693618384339,-0.30709071331089577,-0.98278030595212895,0.86582272871203347,-0.11002805477993749,-0.58639026152731089,-0.90499422978169219,-0.12110937042126091,-0.96369532541565972,0.30031052221423793,0.19585496633868349,0.76408507554054328,-0.097163153674454605,0.84933500278394369,0.30761098092526562,0.72329431883651241
111,0.96588776023802425,-0.131452099380863,0.5601473446268137,0.51301968635000716,0.91190047713040134,0.53733410386513425,0.38686498421340065,0.89639907405760599,-0.58384114786299124,0.0019232997031952692,0.31706056027878504,-0.32900902429568224,-0.12101458292432032,-0.29786455295779923,0.82218423257376982,0.15337476588331378,-0.34111389089552691,0.62378911892543121,0.48770552596186145,0.70460817883051963
112,0.36372663138111339,-0.53176641832551352,0.77703264261256155,0.30013528169121795,0.45952226124888496,-0.778985240844138,0.28325903184174228,0.30584277874721333,-0.61913940546727875,-0.58205719954282942,-0.68484999072582742,-0.16911152929143314,0.79933132269051965,-0.25739523562165201,0.20977368744787106,-0.27545723243660425,-0.23018967580572869,-0.47249816760723062,0.11412959985128257,-0.77524689552219828
113,0.75539310012124905,-0.9608490138335315,0.75927931848800512,0.12581004935193318,0.53989810606242261,-0.52547979782192145,-0.21333405296429353,0.93519633394274782,-0.32706417498588758,0.3284260533269665,0.3126649455364654,0.55741064437214294,0.54430100846898477,0.45564989334187356,-0.981023188233904,0.99916597603352231,0.37607112907181794,-0.49293836989133055,0.42468608852180778,0.31601812964949882
114,0.63626850864835838,-0.97159486608169465,0.82350254948804058,0.77919187569369552,0.26611969059389917,-0.96834445896775101,-0.30446879395752924,0.48960794147772813,0.53450683901298746,-0.41909929255692857,-0.33126915046930794,-0.92575729744563029,-0.020141294646760288,-0.80506106390731502,0.0041944776714233356,0.78977954842160836,-0.20791739113629237,-0.96630805306101375,0.20670501841370847,0.13711158437052351
115,0.4216521236672568,-0.81611914843831435,0.97739913181978033,0.24937207332308087,0.36604985281377678,-0.73435172956240358,-0.0504635656509691,0.38369947640418722,-0.040857997826342141,0.38914332003206864,-0.70413938839476264,0.55592012390596124,0.14744246805273931,0.30498960586155555,0.53236601155469709,0.6432774404167878,-0.33497842936481437,-0.77617672574851038,0.043184404753420669,0.11782682807782097
116,0.56868135336155778,-0.31632966597571888,0.9954356730069438,0.6614961213361843,0.82106781978870336,-0.73830807694755385,0.43517858643287988,-0.62228039138704117,-0.92830774663773052,-0.27887432258688594,0.13592231895741258,-0.30013982401009476,0.36573527404160733,-0.017095565917396138,-0.24581827106665832,-0.03318806453762746,0.10651784855589352,0.58545143487369833,0.15967400154107025,0.45584089392785065
117,0.51401329338164881,-0.74447555202859061,0.9726598189898179,0.78564499214673633,0.60941523066504755,0.98239150581435974,0.72107842750282769,0.63612831687866178,-0.05510545129924993,-0.8641820460306624,0.43558409598409997,-0.44186715108886609,0.4431571647294712,-0.87100286246609149,0.079079988168896387,0.30866997358496695,0.036659635635039489,-0.82539480177042246,-0.89985090846600824,-0.37757461531377046
118,0.17394854289784467,-0.84074165213486274,0.81915926443757425,0.9689217957155476,0.82409605188100632,-0.31881470757836161,-0.28416274316148682,-0.20817180890320053,-0.2367079581947098,-0.55395862809957341,0.61385784838294422,0.42542404232490671,-0.44910815660632775,0.41619916550255276,0.27265506800541339,0.013376353133426777,-0.071461608631615992,-0.49541467083465029,0.18679251383066964,0.94657929864655843
119,0.86650778346511315,-0.98266579075189942,0.91294580435712014,-0.60698602340306063,0.90080542465632729,0.46300219951255817,-0.25519371964118132,-0.69640741256806682,-0.23231287038668813,0.72013685948641903,0.25263163464508631,-0.99494955929152895,0.37177869958896648,0.3130416108986438,-0.53384343981915983,0.96478441409144988,-0.46486379516653575,-0.080612638884711929,0.42684771357464357,0.28192851740540026
120,0.90477490206475153,-0.4513522715353453,0.78104436783786135,0.82126455330008952,0.97410237276359357,-0.59342516287467695,-0.032077126150044988,0.69121238673324958,-0.7579265299461877,-0.67938723473080409,0.45882985859523262,0.0021569162898695815,-0.40887120035788382,-0.13186156864583376,-0.6068048613355963,0.7284489981207718,-0.43829438645846985,-0.20349042417873675,0.62620555828935243,0.78724448781418133
121,0.83013702028736036,-0.77003028847458488,0.9795281669971323,0.9984316396401709,0.17024686495097074,-0.79837313506652485,-0.99189925737524409,0.89398684002823536,0.013876949565013064,0.75781106437184809,-0.801144458802455,-0.49606712831106381,0.85866354725740446,-0.15134073805438741,0.64017906590791585,-0.62156038768475086,-0.33745689763077369,-0.18081696607949826,-0.85653390143858754,-0.46190062103378482
122,0.91294246149283209,-0.59716601884183484,0.75494882023118759,0.93633697186387854,0.36024078855823327,0.021341043253754854,0.090854910575628889,0.27632366151253462,-0.97331792962744501,-0.61351170925059884,-0.5396077631462648,-0.008343069356445465,-0.79625990035428207,-0.077136661112980232,-0.079027936707274149,0.52842639881293496,-0.56661008956120695,0.83029774588020566,-0.063470939957696704,0.64647801985813724
123,0.11615738740395654,-0.57662438816032502,0.98571363124157863,0.67626408171608943,0.45995680191959032,0.32853132588973954,0.063982378932388118,0.43801487838645747,0.64050552500152058,0.32366380663175454,0.39695009104094914,-0.088342578562674579,-0.51406530070942713,0.78155270038866664,-0.10813434676442335,-0.17312939131697624,-0.58038306083202151,0.68467341113625668,-0.33481339975920865,0.49291537775706029
124,0.90477490206475153,-0.4513522715353453,0.78104436783786135,0.82126455330008952,0.97410237276359357,-0.59342516287467695,-0.032077126150044988,0.69121238673324958,-0.7579265299461877,-0.67938723473080409,0.45882985859523262,0.0021569162898695815,-0.40887120035788382,-0.13186156864583376,-0.6068048613355963,0.7284489981207718,-0.43829438645846985,-0.20349042417873675,0.62620555828935243,0.78724448781418133
125,0.23150960490165207,-0.37491724247441383,0.81395624263536859,0.7368258236813503,0.67780500978771729,-0.8710480475921929,-0.25096569544232006,0.71944046947998364,-0.50573610534857361,0.42704888167880051,-0.56809456425204607,-0.40559654431126857,-0.93004706191373598,-0.92704911966406889,0.11327197899467367,0.6401998497109862,0.2713722248291679,0.21069685554422746,0.60097194576385315,-0.23308059500750189
126,0.37507431957047621,-0.072835958165359038,0.93321946784288223,0.39979564977024595,0.32560562067409959,-0.90400996683160173,-0.24483215634246513,0.91120485306717125,-0.088861693532727104,0.85158561958712342,-0.65029775678849289,0.29075028859473284,-0.32760359165759967,0.24188171051357954,-0.89196784168250032,0.75187951994596069,-0.71842048487236099,-0.81430090726885296,0.66944582216304305,0.50517511813227478
127,0.19471069041108868,0.007193166659727579,0.87596162496750352,0.61492431874433495,0.2084438677874938,-0.98214312728191855,0.33538589322130274,0.83451709810771102,-0.1475623814030369,0.81346317805566692,0.55641948824715315,0.6267569561135462,0.064772333523762882,-0.48317808011460439,0.64955638314699549,0.73755137699099449,-0.81862825351134272,-0.57372897122718003,0.10528123101412401,-0.44648281384404798
128,0.96268610068695781,-0.79792771412484464,0.73821786444567872,0.7580280041154499,0.78450132522127491,-0.47527629669869342,0.65435377473259515,0.69906618658519037,0.77666808651433983,-0.31036043574327477,-0.30943829250675314,0.090073746074632366,0.31911245293942581,0.22991785485549032,-0.85549460913878805,-0.64864215949001136,-0.51106830403230963,0.87627704788768757,0.69631267961071375,-0.0012298018016312362
129,0.96268610068695781,-0.79792771412484464,0.73821786444567872,0.7580280041154499,0.78450132522127491,-0.47527629669869342,0.65435377473259515,0.69906618658519037,0.77666808651433983,-0.31036043574327477,-0.30943829250675314,0.090073746074632366,0.31911245293942581,0.22991785485549032,-0.85549460913878805,-0.64864215949001136,-0.51106830403230963,0.87627704788768757,0.69631267961071375,-0.0012298018016312362
130,0.4279557263778424,-0.10479798357245529,0.78734546979011411,0.59199775472878247,0.59322331061032263,0.63622829519355251,0.22121586735671528,0.88330648484610896,0.13549581823906887,0.19925738559376849,-0.23348482969371975,-0.59729450363066539,-0.9857839546057594,0.10602560440434283,0.95349498714259506,-0.71633671020789258,0.68270895426334732,0.3677820951080768,0.4693132417926611,0.61709374709096121
131,0.61401435904875568,-0.24133828113880873,0.9185812665221873,0.85415913555831602,0.46588004049950604,-0.42296917493265962,0.15371766414713828,0.68647935569190865,0.92140653626307789,-0.0044455135041376881,-0.18035230202357111,-0.83947467782258256,-0.37207300621576178,0.4190372846162338,0.17441972715142429,0.06301050318741086,0.14272237195727011,-0.55064813988914785,0.16752807697804539,-0.59439411651441532
132,0.66728528998108638,-0.46887859915533836,0.65734443667600728,0.1708824285421493,0.66074921984924484,-0.082134744693656669,0.008477622663860096,0.8423645172117753,-0.72521447142645257,0.31848793903793227,0.639836780842721,0.73922691487364345,-0.10278784715157263,-0.48529557659061062,-0.21030466832986439,-0.24816211604902749,0.62421091618130808,-0.034100605537198181,-0.21072228156903128,0.65493146741958919
133,0.80302477766642522,-0.26973502430574237,0.98020395265224569,0.87060050855292803,0.77275228314052513,0.70288971494665797,-0.84601842879882705,-0.38748468711481854,-0.14680114524130516,-0.084650174609840478,-0.10511131977474819,0.93452020452786044,-0.41691044958857826,0.72331095468619222,-0.18393795358211085,0.69696392460002721,-0.69869363344447133,0.32442341474341663,0.55663007036366086,0.86359524970135726
134,0.24597931707388399,-0.87305652469411665,0.95555210755682296,0.97389364291423108,0.69134821743534602,-0.64493434295270391,0.1808205098855411,0.26459027193902207,-0.24097211920252182,-0.24915827686850078,-0.76703957202955642,-0.66996715459408618,0.80935291127950704,-0.87643405635758942,0.16962179039346825,-0.82312416848422232,0.046187348382963789,0.12066230326930749,0.8263870244053757,0.4449466947519618
135,0.86178267586399859,-0.57073731760598712,0.95707119651307049,0.50669537234963014,0.75018640019208416,-0.61576627549167018,0.14970137591919608,0.68501772437158626,-0.248743843117474,-0.4410882274548098,-0.75215336266604704,0.95668037890086,0.33541179572841084,0.049431317723866997,-0.70588156572308058,-0.057059089008851149,0.065437109956548722,-0.13322832590431477,-0.8394594687009711,0.40282048878903343
136,0.11811044320672459,0.10188791640238093,0.98206006869513041,0.51362295038277117,0.56012429141175191,0.15713186981595983,0.82361974832049256,0.71918270594223199,-0.71414918351937184,-0.28178517639205558,-0.68442649646677522,0.36037072944133053,0.7719299128050916,0.57608860780186988,-0.84611471150587358,0.60705508793373197,-0.80670842296105327,0.8553637946717465,-0.30368343242136708,0.84243974392253773
137,0.90477490206475153,-0.4513522715353453,0.78104436783786135,0.82126455330008952,0.97410237276359357,-0.59342516287467695,-0.032077126150044988,0.69121238673324958,-0.7579265299461877,-0.67938723473080409,0.45882985859523262,0.0021569162898695815,-0.40887120035788382,-0.13186156864583376,-0.6068048613355963,0.7284489981207718,-0.43829438645846985,-0.20349042417873675,0.62620555828935243,0.78724448781418133
138,0.85220304674067648,-0.89201659272710443,0.86885720153500623,-0.54250178178139929,0.4627601981176741,0.41843038056315818,-0.64255252209358127,-0.25736750574339662,-0.85558572890152718,0.1273491053037914,0.63742602260033698,0.61989805352900151,0.66790829646589223,-0.07618917677772119,-0.65366928322842477,-0.78925412959406116,0.42697596542836713,-0.388423244474007,-0.15258338954121342,-0.13186244593875407
139,0.80729337930049394,-0.041549399191695535,0.89912740034369731,0.73916167342109418,0.57197052950757699,0.86353663991693974,-0.5982257097031507,0.61832006986620036,-0.85708722391400038,-0.56708617113182536,0.59655501916487652,-0.40469220884510837,0.23241048307748846,0.23214085103561954,-0.60741236460407055,-0.021855321197002509,-0.58044371145483731,0.80735103355183147,-0.42387433134359287,0.29829185521508972
140,0.8768940893303121,-0.91636723716329449,0.82603229720899329,0.3208585270478066,0.45540519139381774,-0.010915574008353746,0.9341923000122847,0.7941435350054209,-0.79449357719579616,0.35405127875696918,0.98882671930231103,0.85257717843845682,-0.45177511429366302,-0.36011963960249305,0.99922427778286416,0.0037450999919701466,0.88589123026933647,0.80171336541619076,-0.77673140871256896,-0.91972767332883665
141,0.36529376186604701,-0.58651138262739866,0.95075146582567927,0.72149998419853811,0.5796421651634811,0.68008820963177996,0.48488997127708844,-0.5452669382351587,0.047296671952786973,-0.19654191148898859,0.22647151886482542,0.51777136770750642,0.10009943561526868,0.8123598959497127,0.90829148836015405,0.16383918647813767,0.10269377373947175,0.33520162988138669,0.43841801582850715,0.49663583735105044
142,0.90477490206475153,-0.4513522715353453,0.78104436783786135,0.82126455330008952,0.97410237276359357,-0.59342516287467695,-0.032077126150044988,0.69121238673324958,-0.7579265299461877,-0.67938723473080409,0.45882985859523262,0.0021569162898695815,-0.40887120035788382,-0.13186156864583376,-0.6068048613355963,0.7284489981207718,-0.43829438645846985,-0.20349042417873675,0.62620555828935243,0.78724448781418133
143,0.90477490206475153,-0.4513522715353453,0.78104436783786135,0.82126455330008952,0.97410237276359357,-0.59342516287467695,-0.032077126150044988,0.69121238673324958,-0.7579265299461877,-0.67938723473080409,0.45882985859523262,0.0021569162898695815,-0.40887120035788382,-0.13186156864583376,-0.6068048613355963,0.7284489981207718,-0.43829438645846985,-0.20349042417873675,0.62620555828935243,0.78724448781418133
144,0.24597931707388399,-0.87305652469411665,0.95555210755682296,0.97389364291423108,0.69134821743534602,-0.64493434295270391,0.1808205098855411,0.26459027193902207,-0.24097211920252182,-0.24915827686850078,-0.76703957202955642,-0.66996715459408618,0.80935291127950704,-0.87643405635758942,0.16962179039346825,-0.82312416848422232,0.046187348382963789,0.12066230326930749,0.8263870244053757,0.4449466947519618
145,0.63872708094909059,-0.8687680603099337,0.6528210969347461,0.46401480024457897,0.7268453610822907,0.15394767196374404,0.55714945270059557,0.73482862720139042,-0.36617478285183513,0.71067168895918154,0.81343670144326374,0.81307579144981124,-0.68003265472069652,0.37883132445484757,-0.080556929408537981,0.13223071712343559,-0.98867548317938359,-0.7967120474641527,0.67293172710187132,0.27248612676653572
146,0.53426670971105006,-0.94386742781283806,0.87140614037458586,0.93346269239956969,0.61784863862365791,-0.62012697152547025,-0.31504704829568775,-0.28863623061458066,0.88108797869518107,-0.47826015538539512,0.94009963839680588,-0.41147383531247961,-0.083405239571442635,-0.60430521403984705,0.74365004237247101,-0.42097274471823143,0.68924746588633301,0.40154732614365929,0.7107301046957446,0.87757841187890739
147,0.5457786689067019,-0.60910706930451419,0.85182809414805516,0.46192724321741374,0.64052132771996884,-0.3405289162790921,0.89359341059084052,0.87265512738276163,-0.94769143617078178,0.88850490174670416,0.73326651222963801,-0.17203755322459502,-0.54642466194200656,0.14690166435608765,-0.99349478374140321,0.46213954120855316,0.45428126161736393,0.019364506319708985,0.49378242835085628,0.90937726115293116
148,0.81919859898069181,-0.78681335102082905,0.8475508203091946,0.58142708304205848,0.44150369227419017,-0.73073544901236498,0.2007908947635535,0.91911108014492071,-0.50020034551386527,-0.47377871591300247,0.74183570271211607,0.17227639708341003,-0.72934924772927001,0.65760219666056607,0.48705920270717895,0.7509997374703683,-0.17321767452062553,-0.41593006513943642,-0.49397272985367824,0.334027764002371
149,0.1333714515647344,-0.43531521144513707,0.770766660519552,0.28632914904664286,0.42603631738602821,-0.56797988687994638,0.62577843461321825,0.24125681279725963,-0.23092308934541284,-0.22206092970530955,-0.53972671210300716,-0.67950309986482726,0.31223264352787283,0.15445829419691726,-0.11602995567177432,0.61201867933388465,0.83534263530107111,0.78101141261403639,0.28054334275234782,0.11301390979091308
150,0.98824065401694461,-0.83706074034842648,0.91858806959095829,0.53229620434405156,0.39273768424373712,0.14000692653654156,-0.93516559506868746,0.66913886755062602,-0.60983399956449191,-0.65122196925003983,-0.79312961582871955,0.13822131628364587,0.88716404978439001,0.39423767639007834,0.015411186235780194,-0.22712877787972885,0.029573830838123039,0.86476402646360695,0.18757854740844193,-0.26210638389949703
151,0.085067480010482921,0.46048921197605019,0.80771484681123029,0.90231251215507347,0.68718945294242362,-0.59879717289390144,0.076160485989039017,0.72243319191051247,-0.90457764392307727,-0.24569911584991933,-0.43470444326537105,-0.0087360133009277696,0.95479439905253227,0.47300300302215303,0.88236320828521286,0.09653018692755122,0.99017664971358355,-0.61003816426831881,-0.73409558940342845,0.24121455237750067
152,0.38856497547504021,0.21331630445940197,0.92211488904263761,0.93158534991344411,0.51070296749888588,0.25985381502633587,-0.52133142631175233,0.85873368107962667,0.1024423575551725,0.33424135014113521,-0.34992536427684895,0.80516831799576871,-0.98516862179732234,-0.21676811658794937,0.56699606393248314,-0.47206433098734846,-0.0075509394274153596,0.57648875113189857,0.51383519680449541,-0.17450859914257233
153,0.698075226968778,-0.32773146005593889,0.84412109885196185,0.006701986246917091,0.65804370660286127,0.47235338091806356,0.35435002709214203,0.26788274537457846,-0.48623754850892231,-0.99600788923939865,-0.40402594229261468,-0.2592562842600139,0.74300821331249511,0.12978735846211342,-0.52954306413384256,0.051932733744548765,0.9496433040957537,0.8632287721692582,0.96054130846281538,0.055826366425452356
154,0.68283364653913625,-0.055878884253570016,0.78830874580956145,0.94144439960361392,0.91814605098273061,0.42771335301950808,0.55269543811904809,0.23094836477996106,-0.48022650225608587,-0.86677601032357132,-0.44809187755511792,0.91136461236687527,0.87490735808642373,0.19230721270867068,0.42384988355677389,0.47584991738253102,-0.14791308546832926,0.37563741212071622,0.57430859860473205,0.56503212144285575
155,0.57563953063075979,-0.21274405459899492,0.84745683589334919,0.17848743036270664,0.41548017525279057,0.64877866871907974,0.1908885133263889,0.48883111969545023,-0.054888953268573015,-0.51034259533756088,0.02868809587251353,0.13769804727284751,0.34571474737861307,-0.26796149994776064,-0.6718434096083894,-0.8591958868059677,0.85417589487859003,0.043710683969246933,0.2983901184999338,0.88597170754265742
156,0.46640512961460567,0.33962942485541969,0.81435136247745343,0.95202234094732274,0.69348629598316602,-0.32394694920786726,-0.23104659675607953,0.67136848988978048,0.80464763969478437,-0.43273463084263275,-0.38771842809433532,0.82899720059368698,0.47538764459858673,-0.14166276861355387,0.95809306506406111,0.46394456167293252,0.2859808971831419,-0.95944066695106467,-0.16223243913258423,0.49859234570711286
157,0.97616013778306643,-0.26278043079426738,0.91840057081257287,0.033316807772331591,0.36489874199762729,-0.26288710874454124,-0.52704846788571724,0.7832587804055593,0.78549302182161762,-0.9059564243872722,0.053407239240674365,-0.84016874341590042,-0.096454216030643858,0.72058858388039626,-0.16602965074295306,0.74370408652743936,0.055521574320997802,-0.13965749112435799,-0.09960307890267539,-0.43507841777185075
158,0.75701947639584555,-0.80061394677030062,0.87624685086088583,0.87837535061929084,0.35788772648183431,0.0057910527993096927,0.0070504969232172421,0.79085820643628191,-0.6482187853118806,0.033313770537684251,0.069300253261782352,-0.62040674289308706,-0.58024579826826606,0.34244684034644068,-0.97115249950685989,0.76626855815739359,0.15644517100855748,0.83528448251878129,0.39016699738904914,-0.20636246211614151
159,0.79231389933005492,-0.30388516782677644,0.70598763263359188,-0.48691480192640024,0.87808378222134587,-0.6217095683699676,0.54481803387679673,-0.80307230580578737,-0.84319874121035432,0.088021857810533843,0.94776113290607111,-0.30129202967346691,-0.79423029425117009,0.16776552740323925,0.70038180486057433,0.71086831956557428,0.21404023095230817,-0.35158658158688638,0.49708371848113542,0.35490583337023596
160,0.36529376186604701,-0.58651138262739866,0.95075146582567927,0.72149998419853811,0.5796421651634811,0.68008820963177996,0.48488997127708844,-0.5452669382351587,0.047296671952786973,-0.19654191148898859,0.22647151886482542,0.51777136770750642,0.10009943561526868,0.8123598959497127,0.90829148836015405,0.16383918647813767,0.10269377373947175,0.33520162988138669,0.43841801582850715,0.49663583735105044
161,0.88633203805631133,0.0837682410845495,0.92970282028316609,0.21907060466590589,0.72725477285174844,-0.64954433035099957,-0.8038767434302212,0.98177062938991688,-0.96907958481386114,-0.79731536188246865,0.54181376558504302,0.66288846276524516,-0.014434286459422685,0.021752989436215842,-0.75156154742050441,0.68809915065764748,-0.54036968618270875,0.22102709996704251,0.29203487619199642,0.21782513756322985
162,0.66970379231546273,-0.63836110819169467,0.90787596380294433,0.29480953475572957,0.96646040558340274,-0.94102885235364186,-0.54437107442223387,0.47917851673418754,-0.91725358635505772,0.70003500684757891,0.31832588098443204,0.35608128023794205,0.7930156412479179,0.46343179659048017,-0.86816266010166854,0.95848799254420447,-0.057102444444278033,-0.44426328218584321,0.011430295882493668,-0.93047762705542603
163,0.75539310012124905,-0.9608490138335315,0.75927931848800512,0.12581004935193318,0.53989810606242261,-0.52547979782192145,-0.21333405296429353,0.93519633394274782,-0.32706417498588758,0.3284260533269665,0.3126649455364654,0.55741064437214294,0.54430100846898477,0.45564989334187356,-0.981023188233904,0.99916597603352231,0.37607112907181794,-0.49293836989133055,0.42468608852180778,0.31601812964949882
164,0.95359181303177465,-0.62522279841880124,0.9165518284159897,0.69369476987466672,0.80232221944853288,0.97041641477825369,0.7624947545191727,0.8595368758222055,0.058795800641438412,-0.51220605582370515,-0.98144703425346402,-0.098826962892562875,-0.85896359227540175,-0.54851803655904741,0.52307201543477455,-0.20786316597971233,-0.25410292032608095,-0.47210231687202064,0.64224253599621717,-0.59465427272724414
165,0.1369268973925668,-0.58251015801421357,0.99850621007070783,0.24584759307163462,0.60025216993496966,-0.12598237815629609,-0.012674324473510579,0.65460795792138504,-0.65724156692216229,-0.35846129785935332,-0.65591395334129698,0.85752739614803941,-0.51687741611103899,-0.29946357402104762,-0.16361014047502764,0.058140778536247328,-0.70727697109178478,-0.53750997803290068,0.71888553532571908,0.52105700470767236
166,0.8717222964961755,-0.2510446116114442,0.82397060336496408,0.47361984748765673,0.46405140897153041,0.65933282043094366,-0.4938807345229439,0.84483185849358211,0.060328016431747011,-0.98905868347245396,-0.72367721024822362,-0.74521180248491525,-0.4588192391533279,-0.26192313662803102,-0.82122780460109746,-0.75950929876142714,-0.87765492287396896,-0.28382262873462727,0.032567781983526611,-0.85039135497923968
167,0.16793824642083166,-0.50924697790017093,0.91643682388715497,-0.096004320517075969,0.31742862537398042,-0.61783404925020768,0.76063130858302497,0.81235125765906235,0.85812862027328629,-0.65635885255387527,0.19124954628787627,-0.19539056581612524,-0.39467531296775915,0.11614978394803055,0.11472086955652516,0.34977169045251211,0.44586153595781419,0.37639051631957465,-0.64961819370221896,-0.44060230303814896
168,0.83687484985319149,-0.66369241451881167,0.99390838326079956,0.89428122889592432,0.58840602250964724,0.49677015455968498,-0.61748876457653168,0.69245273357557457,-0.12514605607359752,-0.12988383223091593,-0.57007240144580029,-0.31692072640764057,0.032483642521430101,-0.99923657685155898,-0.9055974762865886,-0.37639559708662951,0.93348236016813479,-0.209261609800657,0.19769567731116133,0.54342686175426724
169,0.90477490206475153,-0.4513522715353453,0.78104436783786135,0.82126455330008952,0.97410237276359357,-0.59342516287467695,-0.032077126150044988,0.69121238673324958,-0.7579265299461877,-0.67938723473080409,0.45882985859523262,0.0021569162898695815,-0.40887120035788382,-0.13186156864583376,-0.6068048613355963,0.7284489981207718,-0.43829438645846985,-0.20349042417873675,0.62620555828935243,0.78724448781418133
170,0.3744763640249289,-0.15287695383142497,0.98536006252000896,0.82663950521326024,0.39557609844954778,-0.57525818155880803,0.62450466502298019,0.70579020554934857,-0.9953275714794787,-0.80380109515212972,-0.7549794801941212,-0.35418734489125203,0.84401659998203815,0.86400177169883596,0.96634109440815541,-0.13451408065333226,-0.42514416740489169,0.55934025858612002,0.1300122754232742,0.26977419761017396
171,0.42568932721801556,-0.70757355302967939,0.9754244683104436,0.27744189203364966,0.86096202563271573,0.00055470893192999249,-0.41220654969664183,0.78765896785553746,-0.39473821423107225,-0.83176373873620046,-0.16554704989377189,-0.77421032986639715,0.80081874480870963,-0.39865751886164857,0.67155502937841693,-0.4828562181513012,0.78861472752153383,0.070704146256461042,0.97568008440266896,0.45701585223442343
172,0.82120489296303845,-0.055251569267923406,0.99035936996760743,0.19011178753957858,0.48820086678771779,-0.90418718021497479,0.32599708915362657,0.67693390309300017,-0.77920530375515495,-0.58522963142612294,-0.46635237852066846,-0.088889515113498296,0.66520102498388467,-0.16161213974820288,0.71926099622117046,-0.45113901425597391,-0.54944289545963731,0.99355073172535202,0.25044428856886469,0.60763935854000994
173,0.63981425050181051,-0.77189814764181564,0.93427810253000643,-0.67639400046238363,0.3350518201862327,-0.44832375696089022,0.4106665917891279,0.54915392726214063,0.046059242341886186,-0.8741303587661613,-0.88040322391232739,0.37241491248659742,-0.73173294060583394,-0.85543453161354055,0.66693476608707813,-0.13894613577814852,-0.49593870244687177,-0.8330091448462007,-0.12467362359540801,0.85915055954642527
174,0.55231828910015079,-0.10813456355191997,0.88566376385257728,0.37919053856272944,0.42572862583194548,0.11515971088351917,0.75247115086951988,0.60407098074006349,-0.67917419619036057,0.68787997648145494,0.57409572296577549,-0.99122270109318888,-0.015199591793797262,-0.42745509380091495,-0.3173027825574124,0.25405373996618663,0.23895657939547776,-0.5377311907726281,-0.67575556084944788,0.093579072372340422
175,0.72009180214640245,-0.61236711818540823,0.80933366539790574,0.75800096064355915,0.5530194363603822,0.15450697436325256,-0.90691054437518726,0.69619061969160523,0.98019953614068078,-0.97442441484212106,-0.44056611803023826,-0.24386084007246289,0.93946527653987388,0.33142722448943629,-0.40582758593020296,-0.66754977698953089,0.5750419279041068,0.9423503897029788,-0.040582485578466887,-0.037712897801766676
176,0.12614725180940756,-0.21840899795998081,0.9692210977256499,-0.20013881204860384,0.93417906872596324,-0.64170290558625265,0.028123558081674771,-0.81376890710855965,-0.53848499619544588,0.62219776736673071,0.97723737763460616,-0.95428549610106761,-0.57306253787135053,-0.65116790621636778,-0.55289997177843997,-0.19414564185171246,-0.34543951137787321,-0.80392050505189272,0.57426824858363745,0.082561435688252249
177,0.49913761920842559,-0.86847535529428099,0.89528215008914436,0.20132662966391957,0.55593232361990697,-0.3599742394053338,-0.88092009300522167,0.88445815563860131,-0.84119807234644339,-0.85167276999817965,-0.69805993559244439,-0.6565569841938883,-0.10425284559542836,-0.0026483941624182439,-0.74594019552024693,-0.17279217041898653,-0.54997391496411141,0.89397025493107307,-0.063626165734372186,-0.67588821924762477
178,0.12499291903241994,-0.93797319215873176,0.73786890691953744,0.12269476782724387,0.64771110365746742,-0.17963470877909771,0.57709712789624867,-0.47536931373620162,-0.84848706569850862,-0.38419277340727853,-0.94426869553807302,0.71689200540341025,0.75682427455498513,0.66822594025783633,0.45508232735002352,-0.13662496878768371,-0.82515919356622547,0.33106848429763902,0.17248558594451624,0.2873162846222288
179,0.90477490206475153,-0.4513522715353453,0.78104436783786135,0.82126455330008952,0.97410237276359357,-0.59342516287467695,-0.032077126150044988,0.69121238673324958,-0.7579265299461877,-0.67938723473080409,0.45882985859523262,0.0021569162898695815,-0.40887120035788382,-0.13186156864583376,-0.6068048613355963,0.7284489981207718,-0.43829438645846985,-0.20349042417873675,0.62620555828935243,0.78724448781418133
180,0.56858791211454451,-0.27516229073279441,0.85771495458579405,0.40354010655807704,0.63961605446439918,0.66656625013345594,0.16915086401287804,-0.039606475692901544,0.4757074166386559,-0.088517567845769252,-0.24201750926759713,-0.56692344118197724,-0.8386025103076169,-0.70975343839040184,-0.60171670368132846,-0.10966381337770748,0.83735689698255222,-0.90849284643558126,0.50875838350888647,0.66884080010067759
181,0.63914587655267985,-0.64597317479446037,0.64051700002300094,0.89435582934043434,0.84518487263183562,-0.60895781559246753,-0.77271205168466284,0.44152843557336863,-0.31595276873741351,-0.56935341865128053,-0.47813576403477964,-0.18450445909508062,0.85793245179852029,-0.84702398490819641,0.046688909764076802,0.89723815760893055,0.33007025416141045,-0.12479382095524816,-0.098296756220776604,0.17123417955673226
182,0.2209271823203387,-0.63314010385535524,0.75364166156527879,-0.15562631154637319,0.59255878653792604,-0.4121490216496515,-0.96423594996609197,0.90844172216577479,-0.51346706510839191,-0.91620956279911447,0.69915531073177895,0.97197567351574898,-0.080554501380628141,0.47129959777872288,-0.89390452215332261,0.91165483892108234,-0.68447440434260232,-0.55259004127044631,0.55655763412582782,0.51862999428110679
183,0.80595922635681161,-0.57331246434942429,0.84706394635673066,0.59647408549090741,0.40097737557780366,-0.93287651311376885,0.55298535089050449,-0.021845063569265077,0.48316576234609387,0.666423551402201,-0.54159944231801727,0.61428388952729462,0.014640489007180069,-0.043824719175332927,-0.099902910271639112,0.071708251739733164,-0.5804308433512253,0.099675299537521189,0.72864197611743786,0.93873329074663081
184,0.23150960490165207,-0.37491724247441383,0.81395624263536859,0.7368258236813503,0.67780500978771729,-0.8710480475921929,-0.25096569544232006,0.71944046947998364,-0.50573610534857361,0.42704888167880051,-0.56809456425204607,-0.40559654431126857,-0.93004706191373598,-0.92704911966406889,0.11327197899467367,0.6401998497109862,0.2713722248291679,0.21069685554422746,0.60097194576385315,-0.23308059500750189
185,0.99719388290840039,-0.2175159302974552,0.73943464860917718,0.53770868192950849,0.32079395977783332,-0.81976811276017059,0.29774445174672581,0.76066089163902273,-0.97618494926266508,0.52713059867363654,-0.92177793202461822,-0.891873545954325,0.40855208835810886,-0.15753835907983915,-0.50253903824333679,0.75459269318687672,0.22572218935618205,-0.95449879470527743,0.53007588443651055,0.26777491906402706
186,0.85018261841250031,-0.56332959855618525,0.93692184056425543,0.50097453642492495,0.25000503685093456,-0.91800139453184992,0.93425898613233116,0.60275756760532562,0.24154243496428585,-0.68718401208701385,0.47282323484209932,-0.476081151997376,-0.85304459950476086,0.81096154828597222,-0.85241393949692124,0.76198938208567557,0.43463179974489785,0.96671127875476137,0.13837606091851806,0.31265094624852474
187,0.24597931707388399,-0.87305652469411665,0.95555210755682296,0.97389364291423108,0.69134821743534602,-0.64493434295270391,0.1808205098855411,0.26459027193902207,-0.24097211920252182,-0.24915827686850078,-0.76703957202955642,-0.66996715459408618,0.80935291127950704,-0.87643405635758942,0.16962179039346825,-0.82312416848422232,0.046187348382963789,0.12066230326930749,0.8263870244053757,0.4449466947519618
188,0.86332712368556397,-0.15872626297515469,0.93837536370685704,0.87103977796679843,0.34569313732314888,0.17062794848264673,-0.9595867498780366,0.067518013236806063,-0.029525184624882295,0.5450742184308861,-0.8964744401498792,0.076035268117302213,0.66727848287706859,0.1491646004853282,-0.0031803334455400289,0.36413508328770439,0.58257890786726807,-0.63364769801366849,0.63565449674994778,-0.41215692101464652
189,0.3744763640249289,-0.15287695383142497,0.98536006252000896,0.82663950521326024,0.39557609844954778,-0.57525818155880803,0.62450466502298019,0.70579020554934857,-0.9953275714794787,-0.80380109515212972,-0.7549794801941212,-0.35418734489125203,0.84401659998203815,0.86400177169883596,0.96634109440815541,-0.13451408065333226,-0.42514416740489169,0.55934025858612002,0.1300122754232742,0.26977419761017396
190,0.72648408144285481,-0.84866337574932826,0.81672506691257163,0.67269722051513825,0.85516233820712029,0.37298340828374155,-0.22667194476312691,-0.96214420898867892,-0.22084915473471156,-0.74508486021254416,0.63497449421187069,-0.79227639124603622,-0.53140567502789193,-0.81797752031156379,0.64272762152637641,-0.73475400572392324,0.20898825211436711,0.17582903435743313,0.084172896952528609,0.17279654614422668
191,0.62395800390294975,-0.90660353615551292,0.9286217290814005,0.40924117254165138,0.62503262122482628,0.13336619246251336,-0.85447204922128273,-0.35387256798892008,-0.99630589173299344,-0.44255728234537717,-0.7180343959619635,0.54690500552718357,-0.10010071490580175,0.46798247410906857,-0.51623341268498901,-0.75253255999493596,0.9322122268420765,-0.17309607352165157,0.095496852709092694,0.20644511199810966
192,0.92982384910100246,-0.59807033993457037,0.88272910606715804,0.58725736205084478,0.50493158021497986,-0.66204445918244992,0.56852813428345006,0.42925695469983394,-0.87321914320896554,-0.28298440055735585,0.20913099619012221,0.078175208671174001,0.38403767446068948,0.68536504225606465,0.75207364908956009,-0.28293525895850324,-0.84235529071120752,-0.71967429770006008,0.3422067694523685,0.36557371058643007
193,0.79474662929463213,-0.87012261979973027,0.806081189185609,0.66524539063784971,0.91992726246573153,0.75751573029874364,-0.456421680897513,0.98257981288552698,0.35833428582721205,-0.084039273279538529,-0.739599208848009,0.56090710142893352,0.43399101861513256,0.15646607372913079,-0.25943211794296639,-0.53109201422404873,0.57434491575601943,0.093458799897153222,-0.24716551276717702,0.37595029175564232
194,0.92982384910100246,-0.59807033993457037,0.88272910606715804,0.58725736205084478,0.50493158021497986,-0.66204445918244992,0.56852813428345006,0.42925695469983394,-0.87321914320896554,-0.28298440055735585,0.20913099619012221,0.078175208671174001,0.38403767446068948,0.68536504225606465,0.75207364908956009,-0.28293525895850324,-0.84235529071120752,-0.71967429770006008,0.3422067694523685,0.36557371058643007
195,0.71061180737814,-0.19326128967906997,0.99417210443925508,0.26634467885060897,0.50028046840702323,0.97555508587259987,0.97076837858447318,0.86433465686615096,-0.95903294145235218,0.83536523566386567,-0.092872522813546521,-0.49177571622214278,0.54130419661918561,-0.43417586440869194,-0.59708694620217773,0.93691760730438589,-0.27280930868191833,0.70097918329811093,-0.037363607444300229,0.26142926715102943
196,0.2783616343009867,-0.91921236641980486,0.79847590588318518,0.75547562122455947,0.31777387332115925,0.66217002946880843,0.85185215917973678,0.41132793963427394,-0.32042170502162293,0.39569101171753895,-0.61942587635978974,0.29216774384769018,0.18696110817244493,0.57193285689901985,-0.26059820012634693,0.096022505808681879,-0.024122568925976973,0.30051906634644454,0.32257984860422639,-0.018369166814468763
197,0.32338997939680469,0.29208609108314665,0.71869302455718054,0.9380174514459354,0.85825708498527531,-0.46787488216616491,-0.97517000878348004,0.57024801153048266,-0.33159771721681719,-0.16829164537017283,-0.31836265222250448,0.93918807912084379,-0.99564723655399345,0.92244106067782639,0.55183410524207455,-0.64768623938308223,-0.16807148811720274,-0.45099207881088499,0.073840856854770154,0.62059689144949259
198,0.92982384910100246,-0.59807033993457037,0.88272910606715804,0.58725736205084478,0.50493158021497986,-0.66204445918244992,0.56852813428345006,0.42925695469983394,-0.87321914320896554,-0.28298440055735585,0.20913099619012221,0.078175208671174001,0.38403767446068948,0.68536504225606465,0.75207364908956009,-0.28293525895850324,-0.84235529071120752,-0.71967429770006008,0.3422067694523685,0.36557371058643007
199,0.83687484985319149,-0.66369241451881167,0.99390838326079956,0.89428122889592432,0.58840602250964724,0.49677015455968498,-0.61748876457653168,0.69245273357557457,-0.12514605607359752,-0.12988383223091593,-0.57007240144580029,-0.31692072640764057,0.032483642521430101,-0.99923657685155898,-0.9055974762865886,-0.37639559708662951,0.93348236016813479,-0.209261609800657,0.19769567731116133,0.54342686175426724
200,0.80302477766642522,-0.26973502430574237,0.98020395265224569,0.87060050855292803,0.77275228314052513,0.70288971494665797,-0.84601842879882705,-0.38748468711481854,-0.14680114524130516,-0.084650174609840478,-0.10511131977474819,0.93452020452786044,-0.41691044958857826,0.72331095468619222,-0.18393795358211085,0.69696392460002721,-0.69869363344447133,0.32442341474341663,0.55663007036366086,0.86359524970135726
201,0.24905649504669514,0.17485651465026564,0.97849124206467764,0.12464240986189457,0.48271668167672277,-0.38898850446865185,0.51265065374280683,0.75140180689863367,0.55454043108016782,-0.88171985020093957,-0.14948888023534379,-0.2176729732451026,0.75553314883714684,-0.77031827203783787,-0.98583279032678761,0.50239046480136995,0.20876776950204179,0.46247342787899814,0.48964298153284225,0.21180282037311793
202,0.98824065401694461,-0.83706074034842648,0.91858806959095829,0.53229620434405156,0.39273768424373712,0.14000692653654156,-0.93516559506868746,0.66913886755062602,-0.60983399956449191,-0.65122196925003983,-0.79312961582871955,0.13822131628364587,0.88716404978439001,0.39423767639007834,0.015411186235780194,-0.22712877787972885,0.029573830838123039,0.86476402646360695,0.18757854740844193,-0.26210638389949703
203,0.1369268973925668,-0.58251015801421357,0.99850621007070783,0.24584759307163462,0.60025216993496966,-0.12598237815629609,-0.012674324473510579,0.65460795792138504,-0.65724156692216229,-0.35846129785935332,-0.65591395334129698,0.85752739614803941,-0.51687741611103899,-0.29946357402104762,-0.16361014047502764,0.058140778536247328,-0.70727697109178478,-0.53750997803290068,0.71888553532571908,0.52105700470767236
204,0.88662546972182987,-0.19258475488610927,0.65713101122095252,0.51939003276689366,0.31193476632993877,0.56427941441723184,-0.75664206140583223,0.86718342011552108,0.73652901384070213,-0.800538435670616,0.65799184642349973,-0.79145615817812098,0.60848800690053628,0.6934692977041772,0.61863737687221976,0.37716295174702186,-0.5676407019908436,-0.14871744113786578,0.3471608701397042,0.3387146251609443
205,0.47210494574158779,-0.35572726131487875,0.88020406217265834,0.7230410731139616,0.54268648285737675,0.855094054412886,-0.11964661187563785,-0.0085005693384365699,-0.62107373936783783,-0.031429184542204558,-0.54586493407224146,0.90888748530435781,0.82418127854352297,0.52798187985907341,0.25376954922729289,-0.54363454596435901,-0.36174366044365103,-0.45060156444040578,0.45329383678597446,0.3831318743678076
206,0.69573636807051642,0.93835017776761598,0.89095655395662976,0.6246997993814325,0.76623231582042539,-0.39742184588233886,0.64321459804445147,0.63972820074550696,-0.59423621032003537,-0.54097946422982868,-0.24788599847674186,0.37210362633598137,-0.5436579475728387,-0.070614869897046573,-0.21527475524102813,-0.49865622234896567,0.16660429433971058,-0.37059726688085104,0.20834180287625337,0.46911139222594667
207,0.74140777757838028,-0.93253609324552889,0.95975604349786936,0.25207663592622609,0.67720870062037619,-0.4856641426118895,-0.33724653700860663,-0.19532666894835904,-0.95497853268393551,0.05496676906738962,0.05407071528283125,-0.28949394262839689,-0.064572383733583649,-0.32271042129068239,0.6111202981220345,-0.26367754214335526,-0.099492961752665643,0.031885291968600349,0.29223797582905875,0.60454035002831485
208,0.32016138329014687,-0.66141077759264122,0.69798225143401105,0.81425101249907317,0.38943645450471531,0.40001386750485035,0.62091413615218016,0.99983388876019164,-0.42697008189070762,0.35317832875794641,-0.32041585544161588,-0.15763893967110021,-0.68230313986770863,0.88490499284414637,0.14488238489887117,-0.38638947086519693,0.39208375958660335,0.48351924149350189,0.9944219957542082,0.67180735782370404
209,0.39032790197068823,-0.78741040964555076,0.85866830216885526,0.8956993931075925,0.78458835830882268,-0.51545004363612867,0.65761613097173455,0.98673335974914322,-0.94779976476178529,0.95031508254205743,-0.67627379714993063,0.0042568835351830536,-0.012557255133514467,0.29940943650613461,-0.63670681895820747,0.99409291624781226,-0.32122666246012166,0.81430458264023131,0.43618096275980656,0.85109078795963078
210,0.76790741342342916,-0.53128140312831218,0.8618402579373774,0.90591232305633373,0.30339225613453014,0.87750306566414449,0.024533879339787346,0.96379490157254244,0.31896257800672778,-0.75342585617776803,0.86846398970379379,-0.93719010001794567,-0.38647308521911894,0.49219345068807518,0.88122502235034084,-0.28953672022084453,-0.82386436969431465,0.059880241655396071,0.85340021711522285,-0.088495502271641602
211,0.75932659359936716,-0.578175967431658,0.9641418870860472,0.75882959469261158,0.75210118821941974,-0.54344453955229555,0.44844038843942702,0.16593842674698145,0.27777749179746425,-0.45656771322561873,-0.26218194351060853,0.74454064572343071,-0.53029897040257867,-0.043508514551818145,0.23928455196591658,-0.12650971546490197,-0.63108572009015607,-0.088333333338920017,0.2775552816016047,0.39821909249189025
212,0.87744129720781583,-0.8544781374514423,0.85128055762908761,0.075501623712459498,0.48485058324607611,0.69440406647406339,-0.44183382910630042,0.94860331742101578,-0.66513092014082908,0.0042854481338434613,-0.90886403868184473,-0.74069537555699738,0.72278101449807286,0.64675526488464818,0.91472750415988857,-0.71619125593935329,-0.98710791822813082,-0.80108750682561358,0.29840948060669148,-0.097005082053093217
213,0.82696683042472685,-0.80094517355998573,0.81346395615856526,0.95671145335171826,0.41718401439557162,0.97892835866201633,-0.46523593668340535,0.8747869130476893,-0.95950696414494341,0.17531666365983889,0.13647610189869264,-0.34774445161458267,0.6590807053757648,-0.059316946718110941,-0.64374502914328158,-0.53574189650634185,0.163424563286372,0.7581461586866387,-0.023821984319201572,0.077078511531543992
214,0.47798485793811318,-0.54499014355603803,0.96307573454590911,0.95835454883669691,0.30347277658713989,-0.43768356241579043,0.71308596689861736,0.81041518714326921,-0.81868819414268623,-0.9968102390668252,0.5344245881126406,-0.45510019404715818,-0.18168201992914357,-0.79063871775002004,0.6026311008248062,-0.18995232335921908,0.43844628430298327,-0.79809353213583267,0.85358197164764271,-0.78537478661684834
215,0.18911468265280518,-0.29891301243202406,0.96756529361711552,0.46721250927977409,0.28716733376414538,0.20176620535196155,-0.32071577252656369,0.78827373498329778,-0.89811461940028825,-0.93003298889673691,0.05464202171269994,-0.12878234272429046,0.14130054355830435,0.81288718350334555,-0.23504001724712231,0.90527000918081368,-0.94424756266511101,-0.50719681413761175,0.76326979832150554,0.020720301855170264
216,0.30218812274583651,-0.44380033697051235,0.77934939086275956,0.29069370330137656,0.3018248151963645,0.13699909942927646,-0.30413415533754229,0.96139708928789136,-0.68948781239495194,-0.85688564605572215,-0.98062445113005126,-0.25988677217418799,-0.45050483186168599,-0.31835570598183605,-0.39497430714591641,0.92193294071920096,0.42414953744913397,-0.16740306999072696,0.99750115754502411,0.9056113108127628
217,0.53790621603257827,-0.91993003328536349,0.85799939541447023,0.96279442239195401,0.30906051502872423,-0.80431640200284971,0.42700371516533586,0.72432057152306095,0.078092329565328189,0.11288920466943964,-0.11187087342554358,-0.013174557528046194,-0.43764536456891734,-0.74086502494277084,0.9213030531540074,-0.0015334139285136938,0.90721950419091435,-0.91858133072164305,0.48201037617045417,0.6058446460243927
218,0.3744763640249289,-0.15287695383142497,0.98536006252000896,0.82663950521326024,0.39557609844954778,-0.57525818155880803,0.62450466502298019,0.70579020554934857,-0.9953275714794787,-0.80380109515212972,-0.7549794801941212,-0.35418734489125203,0.84401659998203815,0.86400177169883596,0.96634109440815541,-0.13451408065333226,-0.42514416740489169,0.55934025858612002,0.1300122754232742,0.26977419761017396
219,0.19053340073459091,-0.64301483876496901,0.8740573046382194,0.21855895272036308,0.62539693254427475,-0.87037899206607894,0.80636099754539048,0.70912477970593102,-0.76261545832558086,0.99467092773065358,0.76916166609049297,0.14554172024390866,0.44733383960429363,-0.91176400594497031,0.10546919353280382,-0.85406343334672519,-0.11585143922105678,0.50429600793555851,0.01389391850195798,0.93198022297368222
220,0.268736291078991,0.24878259462324337,0.73165228402578464,0.70399477443813763,0.54811746573830034,0.047299917612681375,0.77188891066193444,0.705748254812534,-0.80233677987168406,0.89582703491662019,-0.38754987324762391,0.58772403015371011,-0.41517248521422734,-0.85499237647603343,0.22536884429530812,0.72544692464702232,-0.43191032098456317,-0.033031769928611565,-0.1620283651070249,0.056097708331555474
221,0.39281928034657732,-0.94292761505133016,0.72160658237091679,0.61017925702325759,0.26377815614197275,-0.93851946499800243,0.91472359921161273,0.5500315513561933,-0.12609287081024068,-0.34825738667965367,0.5434808766817345,-0.11004449746105194,-0.57430719161207633,0.94336316829775879,-0.64227936921836326,-0.6204736341919781,-0.50873715174177758,0.94854531738987591,0.68432949980237079,0.43903835415116998
222,0.51155988292114674,-0.22079107999024727,0.74873246664907644,0.97897191608004297,0.64120706886419887,-0.033537475750581525,0.60647297644738907,-0.41632156185427593,-0.83783356845816215,-0.68819305003116371,0.50586866164358391,-0.071679543002629575,-0.85125061087825205,-0.74916382056620168,-0.25987598351335595,-0.20817086873142499,0.90573907444414736,0.61863376277411031,0.4127859644992633,0.71710984880048967
223,0.83687484985319149,-0.66369241451881167,0.99390838326079956,0.89428122889592432,0.58840602250964724,0.49677015455968498,-0.61748876457653168,0.69245273357557457,-0.12514605607359752,-0.12988383223091593,-0.57007240144580029,-0.31692072640764057,0.032483642521430101,-0.99923657685155898,-0.9055974762865886,-0.37639559708662951,0.93348236016813479,-0.209261609800657,0.19769567731116133,0.54342686175426724
224,0.45854295999321493,-0.038262109522990695,0.87591657741927453,0.50101640092954303,0.96320364017015447,0.82098133513677896,-0.48266560495831223,0.77756043025338162,0.25301750176618953,0.79483871053867849,-0.021754335013681958,-0.34744248873418981,-0.55343359295674666,-0.65554012123823258,0.47041127109627201,0.61216534120317267,-0.66957789953171276,-0.7435215459791753,0.92299488016677911,0.37808529030197691
225,0.45857005202196488,-0.93848644814431714,0.938160606779884,-0.063078123735115454,0.61341484975198224,-0.59948128212193152,-0.1752229675741992,0.9740990116696564,-0.31944593887071648,-0.51017799282824505,0.12317564392481151,-0.60327262270620485,0.31511392339015609,-0.84608437225969224,0.62739457447753066,-0.80234515113239313,0.038458647980065264,0.50322753168683265,-0.11215821183069874,0.55378985768936251
226,0.2954345558938376,0.24997337480221926,0.97523034267179942,0.52756075053753837,0.55871515634332058,-0.48070872945474341,0.34679169606796378,0.17368899690895767,0.0021331648074807141,0.23693838904545905,0.90391267445445744,-0.67670845047132566,-0.30183962631259287,-0.0027415036411666538,0.45131879854710277,-0.78425850883409409,0.68893776286932162,-0.6118130960860686,0.42745922462775621,-0.038330008793610926
227,0.90477490206475153,-0.4513522715353453,0.78104436783786135,0.82126455330008952,0.97410237276359357,-0.59342516287467695,-0.032077126150044988,0.69121238673324958,-0.7579265299461877,-0.67938723473080409,0.45882985859523262,0.0021569162898695815,-0.40887120035788382,-0.13186156864583376,-0.6068048613355963,0.7284489981207718,-0.43829438645846985,-0.20349042417873675,0.62620555828935243,0.78724448781418133
228,0.36372663138111339,-0.53176641832551352,0.77703264261256155,0.30013528169121795,0.45952226124888496,-0.778985240844138,0.28325903184174228,0.30584277874721333,-0.61913940546727875,-0.58205719954282942,-0.68484999072582742,-0.16911152929143314,0.79933132269051965,-0.25739523562165201,0.20977368744787106,-0.27545723243660425,-0.23018967580572869,-0.47249816760723062,0.11412959985128257,-0.77524689552219828
229,0.90477490206475153,-0.4513522715353453,0.78104436783786135,0.82126455330008952,0.97410237276359357,-0.59342516287467695,-0.032077126150044988,0.69121238673324958,-0.7579265299461877,-0.67938723473080409,0.45882985859523262,0.0021569162898695815,-0.40887120035788382,-0.13186156864583376,-0.6068048613355963,0.7284489981207718,-0.43829438645846985,-0.20349042417873675,0.62620555828935243,0.78724448781418133
230,0.46640512961460567,0.33962942485541969,0.81435136247745343,0.95202234094732274,0.69348629598316602,-0.32394694920786726,-0.23104659675607953,0.67136848988978048,0.80464763969478437,-0.43273463084263275,-0.38771842809433532,0.82899720059368698,0.47538764459858673,-0.14166276861355387,0.95809306506406111,0.46394456167293252,0.2859808971831419,-0.95944066695106467,-0.16223243913258423,0.49859234570711286
231,0.62176729943507825,-0.58127472634430388,0.78661507200749603,0.098985960583400923,0.49803413886593462,-0.80566982512578078,-0.32263927156697791,-0.86402421847087774,-0.86862489006340704,-0.35310668133367185,0.33993094634798271,0.86050363305810396,-0.023474829757861526,-0.095204137091443153,0.75559015909133675,-0.8716378510840177,0.4103424988606148,0.11958652495173494,0.33961998755138056,0.77301617914423626
232,0.59938579466734043,-0.23207353702398592,0.79132270265205396,0.28795091954174268,0.78954021653709971,0.72873065591410935,0.32550810552785725,0.18488198053156801,0.48696378768143367,0.83164417491004161,-0.57643797562882293,-0.78003266473342681,0.49274231504981558,-0.4403315236562253,-0.74023359482331674,-0.58122071892031779,0.95437007992983114,-0.38282085452208192,0.014190780563057448,0.80780188647587403
233,0.15577062048094059,-0.39008539717672397,0.98515512445874709,-0.95079171445379451,0.51941328675146248,-0.8275198646576567,0.69674220844504586,0.63833551487308826,-0.51055832272965818,-0.44116351507338791,-0.22421262952929055,0.49638291285335168,0.60785459773450268,0.26351265034354343,-0.18573299486714268,-0.98153358405043978,0.11073090296556898,-0.42924567917321044,-0.019614725698781754,-0.40082249652823165
234,0.17988881643324484,-0.91297313790963508,0.78551514023631763,0.28349189739302605,0.76909884138970019,0.94221526811289902,-0.45068670673066746,0.46851480208487484,-0.17533130756591064,0.91064480119978719,0.33454669220028044,0.96638897855608241,0.84126100008108806,0.3012141250807987,-0.14444087801573713,0.65533756279765165,0.73812315474144397,0.059273321552459679,0.16981697005800234,0.42838755057266908
235,0.79009040819962606,-0.9897105918743927,0.7327310213670688,0.80570442012888988,0.38302847354738279,-0.84025542196817415,0.74208216002767391,-0.015650341638851151,-0.74505252749283768,-0.62770897838020212,0.90055111805152244,-0.34230144596694978,-0.38582517785250525,-0.14755941142777806,-0.83616932130322352,0.64916275405738277,-0.46916801380915119,0.54887296217431381,-0.76559981616744599,-0.26127316039239568
236,0.19471069041108868,0.007193166659727579,0.87596162496750352,0.61492431874433495,0.2084438677874938,-0.98214312728191855,0.33538589322130274,0.83451709810771102,-0.1475623814030369,0.81346317805566692,0.55641948824715315,0.6267569561135462,0.064772333523762882,-0.48317808011460439,0.64955638314699549,0.73755137699099449,-0.81862825351134272,-0.57372897122718003,0.10528123101412401,-0.44648281384404798
237,0.98824065401694461,-0.83706074034842648,0.91858806959095829,0.53229620434405156,0.39273768424373712,0.14000692653654156,-0.93516559506868746,0.66913886755062602,-0.60983399956449191,-0.65122196925003983,-0.79312961582871955,0.13822131628364587,0.88716404978439001,0.39423767639007834,0.015411186235780194,-0.22712877787972885,0.029573830838123039,0.86476402646360695,0.18757854740844193,-0.26210638389949703
238,0.65005641248410728,-0.53796292238171683,0.97699348523238516,0.45821204450507103,0.28394423952988102,-0.6541670510216504,-0.14742208228156017,0.92986965195154103,0.83334723053969695,0.56174006706566448,-0.95962903298341962,0.77135590723842928,-0.69641107694576099,0.18140502815691684,0.25723113595590852,-0.89620357285636509,0.65419033575621599,-0.65131039776253741,0.2050410562803906,-0.11823737533838075
239,0.85736417153409672,-0.36403533404299382,0.80381362778829502,0.891321042904476,0.96151007500940877,-0.18505615918480434,0.38189366850663786,0.51115086509117158,-0.99907693864369351,-0.060315854306484118,-0.10988126370661488,0.29625102269035675,0.23188847980706861,0.056589893521329149,0.25142712094311448,-0.86440434944166911,-0.31052506239074984,-0.68267301939401626,-0.28732071648450419,0.51582415976392215
240,0.2209271823203387,-0.63314010385535524,0.75364166156527879,-0.15562631154637319,0.59255878653792604,-0.4121490216496515,-0.96423594996609197,0.90844172216577479,-0.51346706510839191,-0.91620956279911447,0.69915531073177895,0.97197567351574898,-0.080554501380628141,0.47129959777872288,-0.89390452215332261,0.91165483892108234,-0.68447440434260232,-0.55259004127044631,0.55655763412582782,0.51862999428110679
241,0.18911468265280518,-0.29891301243202406,0.96756529361711552,0.46721250927977409,0.28716733376414538,0.20176620535196155,-0.32071577252656369,0.78827373498329778,-0.89811461940028825,-0.93003298889673691,0.05464202171269994,-0.12878234272429046,0.14130054355830435,0.81288718350334555,-0.23504001724712231,0.90527000918081368,-0.94424756266511101,-0.50719681413761175,0.76326979832150554,0.020720301855170264
242,0.99139333096117421,-0.58601947262896958,0.99644112531985174,0.55648314143017519,0.44733760106453624,0.14137798457195649,0.48116155932000337,0.63726701289181698,-0.34519797965529442,0.53792654250068295,-0.021511017615728489,-0.73871040199793758,0.6018233192795881,-0.17769795044153169,0.26323983643436177,0.91674809833297966,-0.52699362848184506,0.92464987751444405,0.37978284992682099,0.92997749143761621
243,0.48898293613399901,-0.62894356091442516,0.85904772605382984,0.85638612405316317,0.32029285248771489,-0.8169524222504978,0.38102781386616114,0.60879763427935307,0.56998876108005869,-0.23388729703707578,-0.89059675475420952,-0.28195637523719674,-0.3139528757219392,-0.19822242467610129,-0.6625604681306847,-0.39866287977938519,0.98568913153944471,-0.33037867292991629,0.78213631505838266,-0.26313746034396779
244,0.82696683042472685,-0.80094517355998573,0.81346395615856526,0.95671145335171826,0.41718401439557162,0.97892835866201633,-0.46523593668340535,0.8747869130476893,-0.95950696414494341,0.17531666365983889,0.13647610189869264,-0.34774445161458267,0.6590807053757648,-0.059316946718110941,-0.64374502914328158,-0.53574189650634185,0.163424563286372,0.7581461586866387,-0.023821984319201572,0.077078511531543992
245,0.91294246149283209,-0.59716601884183484,0.75494882023118759,0.93633697186387854,0.36024078855823327,0.021341043253754854,0.090854910575628889,0.27632366151253462,-0.97331792962744501,-0.61351170925059884,-0.5396077631462648,-0.008343069356445465,-0.79625990035428207,-0.077136661112980232,-0.079027936707274149,0.52842639881293496,-0.56661008956120695,0.83029774588020566,-0.063470939957696704,0.64647801985813724
246,0.39032790197068823,-0.78741040964555076,0.85866830216885526,0.8956993931075925,0.78458835830882268,-0.51545004363612867,0.65761613097173455,0.98673335974914322,-0.94779976476178529,0.95031508254205743,-0.67627379714993063,0.0042568835351830536,-0.012557255133514467,0.29940943650613461,-0.63670681895820747,0.99409291624781226,-0.32122666246012166,0.81430458264023131,0.43618096275980656,0.85109078795963078
247,0.47981341285918622,-0.70957422192146025,0.77265299629433803,0.038284551456315929,0.50857096925615264,-0.47425144735799352,-0.93437322056276595,-0.33614385396113033,-0.75067963435698881,0.21625661022496612,-0.19576511728274104,0.75536123785686837,-0.93593834458104941,-0.0090689491351430007,-0.48585022904298758,-0.8232734926377927,-0.58000025496186924,0.44283264288684121,-0.36194674143636085,0.67358673904304167
248,0.99139333096117421,-0.58601947262896958,0.99644112531985174,0.55648314143017519,0.44733760106453624,0.14137798457195649,0.48116155932000337,0.63726701289181698,-0.34519797965529442,0.53792654250068295,-0.021511017615728489,-0.73871040199793758,0.6018233192795881,-0.17769795044153169,0.26323983643436177,0.91674809833297966,-0.52699362848184506,0.92464987751444405,0.37978284992682099,0.92997749143761621
249,0.96573661621856943,-0.50858551416000819,0.86253810714773937,0.5212727523636167,0.32173967107986856,-0.42003304884039738,-0.6813441510445899,-0.96621286567042253,0.94457021879853231,0.84641235106055568,-0.58774513213393575,0.96048430643140859,0.53488039319084324,0.028807417512518585,0.78657741857729424,-0.94052431022655147,-0.72287947884768222,-0.96531097327506621,0.63394212358225954,0.75883343295929739
250,0.90477490206475153,-0.4513522715353453,0.78104436783786135,0.82126455330008952,0.97410237276359357,-0.59342516287467695,-0.032077126150044988,0.69121238673324958,-0.7579265299461877,-0.67938723473080409,0.45882985859523262,0.0021569162898695815,-0.40887120035788382,-0.13186156864583376,-0.6068048613355963,0.7284489981207718,-0.43829438645846985,-0.20349042417873675,0.62620555828935243,0.78724448781418133
251,0.20161040097175231,0.89171156716206967,0.8373411627685563,0.52796790721963305,0.54193581756750153,-0.73989206678977415,0.41628760308051338,0.83090686689793913,-0.95544998610490728,-0.26291747586261738,-0.90926322617581556,-0.8208073038889645,-0.45260145276423169,-0.68167752860293351,0.2811266947915112,0.72025332905760853,0.89950150141462215,0.29296218524356088,0.194448538933367,0.56942933164903264
252,0.75539310012124905,-0.9608490138335315,0.75927931848800512,0.12581004935193318,0.53989810606242261,-0.52547979782192145,-0.21333405296429353,0.93519633394274782,-0.32706417498588758,0.3284260533269665,0.3126649455364654,0.55741064437214294,0.54430100846898477,0.45564989334187356,-0.981023188233904,0.99916597603352231,0.37607112907181794,-0.49293836989133055,0.42468608852180778,0.31601812964949882
253,0.75099230059384281,-0.66615914045156122,0.8523744924928407,0.18755087120945624,0.21778032384905321,0.40786194285220034,0.15272937571586831,0.97912851610895135,0.59781265519288174,0.32184116217564607,-0.85919959195988338,-0.063666223879426331,-0.60542805715595782,0.14230554322360867,0.38476200467251509,0.52702782519256708,0.26449083147424601,-0.39212376728005771,-0.042394634401284659,0.80479489594732034
254,0.81148759816760929,-0.75612475436667803,0.67476093612978549,0.81456218871986663,0.42143910982577082,-0.04014910398329552,-0.17794541808667397,0.27185546030745367,-0.8886751534007975,-0.82736987704555842,-0.90738559044484202,-0.44346459596451693,0.20630760370960699,0.32321290050900942,-0.90305352170807884,-0.40587942545326694,0.62626062554223605,-0.36478100815319769,0.11717509995902176,0.34264047595397318
255,0.47210494574158779,-0.35572726131487875,0.88020406217265834,0.7230410731139616,0.54268648285737675,0.855094054412886,-0.11964661187563785,-0.0085005693384365699,-0.62107373936783783,-0.031429184542204558,-0.54586493407224146,0.90888748530435781,0.82418127854352297,0.52798187985907341,0.25376954922729289,-0.54363454596435901,-0.36174366044365103,-0.45060156444040578,0.45329383678597446,0.3831318743678076
256,0.39032790197068823,-0.78741040964555076,0.85866830216885526,0.8956993931075925,0.78458835830882268,-0.51545004363612867,0.65761613097173455,0.98673335974914322,-0.94779976476178529,0.95031508254205743,-0.67627379714993063,0.0042568835351830536,-0.012557255133514467,0.29940943650613461,-0.63670681895820747,0.99409291624781226,-0.32122666246012166,0.81430458264023131,0.43618096275980656,0.85109078795963078
257,0.79246368261822453,0.18646439015435345,0.82225965002539048,0.80594692167230342,0.42267770937374949,-0.53198559542234092,0.64506351479259871,0.79167130098383143,-0.85193114184774488,0.86721095215601651,0.36626241037224228,-0.84361828260190674,-0.44473603238152215,0.96069543313958627,-0.038265179920997872,-0.80516511674153901,0.63744360422637714,-0.19432592574895891,-0.4499027761830281,0.95812158361463684
258,0.29044112375163222,-0.46172297038865584,0.78398116295667797,0.69808563989378269,-0.061664348430154448,-0.63475834544544707,0.74738821374280939,-0.80813493493770205,0.11386229621196464,-0.1237185384693773,-0.49225393158487174,0.84180548074838346,0.39894504032465683,0.36156989251639549,-0.072018952580286122,0.72890371706758361,-0.76636479960626724,-0.47745949182829106,0.16593754895521085,0.40277343006450028
259,0.22685456864552389,-0.15418678087266069,0.96207631398065763,0.96766163724432586,0.95467488575159987,0.12591954724568843,0.79272496964559513,0.33114703962009107,-0.96386059042119032,-0.90499708357654951,0.94555884238842292,-0.27854192787263088,0.65276036726690445,-0.47364291412760973,0.47598372012533385,0.42266190196764009,0.32199081591739342,-0.74272075637920465,-0.23193318392303608,0.61530896366636489
260,0.3462835531565136,-0.094793434051228642,0.97355896773892225,0.48236172202603522,0.38426350261917208,0.5120127239337311,0.37937395317920575,0.71114350149516303,0.055956876308733472,-0.58672532827700818,-0.4226465455776347,-0.090732254985981697,-0.084472000336116126,0.016947596998831749,-0.35167843429803725,-0.97722979024934964,0.57096750828341802,-0.4524126401365427,0.031841040864645009,0.56923328197409195
261,0.2836129068837494,-0.73752532229821544,0.95820103617320984,0.52200982654930383,0.33331264924151016,-0.47011730019266573,-0.10889489531148921,0.13898316951138434,-0.67812992339054623,0.47542000336908141,0.19005027344841174,0.35875218045111423,-0.20732746847303019,-0.063448432219161521,0.40624728765891582,-0.64732387837861394,-0.21298157150739216,0.73579776240434502,0.83363927505319735,0.60707637725352037
262,0.75701947639584555,-0.80061394677030062,0.87624685086088583,0.87837535061929084,0.35788772648183431,0.0057910527993096927,0.0070504969232172421,0.79085820643628191,-0.6482187853118806,0.033313770537684251,0.069300253261782352,-0.62040674289308706,-0.58024579826826606,0.34244684034644068,-0.97115249950685989,0.76626855815739359,0.15644517100855748,0.83528448251878129,0.39016699738904914,-0.20636246211614151
263,0.48025657902134378,-0.91233779127755454,0.91984665735944349,0.85191214261783155,0.16482071882034499,-0.55852332676433192,-0.97742701729293602,0.90489512658980109,0.86522714826220004,-0.83248099869351755,-0.20163689314621447,0.24872206330988123,-0.30920039901181084,-0.88134022744514673,-0.80682336099815011,0.3394708991664579,-0.041052493870233464,0.5962332555213079,0.62115951508084555,-0.60752993380430653
264,0.43114159614050052,-0.3171138938873157,0.85718828467647534,0.77774171324646302,0.25633800263828288,-0.28397484216601909,-0.7631568377961071,0.75312714094847477,-0.4644469676673697,-0.20707811707039503,-0.69885191294265625,-0.66675043416706359,0.9855627072010642,0.89712318231288535,-0.8971741882177382,-0.095658372855778717,-0.71765957531797242,-0.050701553758897733,0.6640213415523164,0.34746492406376572
265,0.2209271823203387,-0.63314010385535524,0.75364166156527879,-0.15562631154637319,0.59255878653792604,-0.4121490216496515,-0.96423594996609197,0.90844172216577479,-0.51346706510839191,-0.91620956279911447,0.69915531073177895,0.97197567351574898,-0.080554501380628141,0.47129959777872288,-0.89390452215332261,0.91165483892108234,-0.68447440434260232,-0.55259004127044631,0.55655763412582782,0.51862999428110679
266,0.18504687642852979,-0.65881535700718219,0.75932044142994215,0.85259327636877069,0.25719419714353497,-0.92362261900629594,0.78200915602064169,0.6766610510038531,-0.27283455400977275,-0.82068995062015149,0.60476063424822368,0.9354816002844768,0.37215074082999444,-0.45364936784055132,-0.26644688868486566,0.13403534726062483,-0.39878528999467622,0.52695157154505035,0.68735237434752872,-0.16281858774111702
267,0.5657861720823214,-0.56167728359746305,0.78736879531611814,0.52447972871558557,0.29355610899652818,-0.39341928403796422,-0.091786722799684251,0.53569073654122157,0.43433768957382068,0.63953984117934182,0.4292116862500992,0.058561249545663108,0.62102304290185328,-0.060187207811483789,-0.56003472408828658,0.075670247561882231,-0.54262968193567063,-0.71533986292787599,0.67432609962485501,0.37792855256774849
268,0.90477490206475153,-0.4513522715353453,0.78104436783786135,0.82126455330008952,0.97410237276359357,-0.59342516287467695,-0.032077126150044988,0.69121238673324958,-0.7579265299461877,-0.67938723473080409,0.45882985859523262,0.0021569162898695815,-0.40887120035788382,-0.13186156864583376,-0.6068048613355963,0.7284489981207718,-0.43829438645846985,-0.20349042417873675,0.62620555828935243,0.78724448781418133
269,0.12001733630036693,-0.32358084611446425,0.90599447381169518,0.96882173789878534,0.80590961542603501,0.71879495520267223,-0.96733022969597404,0.6271382143460118,-0.34764334809261266,-0.78008932950101628,-0.27313691033166743,-0.59455624207193081,-0.99918595967219925,-0.42785499479683575,0.54584378811305867,0.599090137391324,0.53591749258787824,-0.32612046429751307,-0.50776963464594749,0.9120855212411072
270,0.86768753934326548,-0.25358375842159986,0.79265751743696899,0.72420429113235651,0.77426829898017635,-0.18417833011027485,0.15805910657574773,0.4704011380167632,-0.60796910212849498,-0.90560521457897392,-0.12616892701496152,-0.54460330423708436,0.18943607901885695,-0.12276134347879575,-0.87174801438728711,0.58684236797139255,-0.71141638443664323,-0.75733184041002533,0.47522238266216821,-0.8032312872228462
271,0.90477490206475153,-0.4513522715353453,0.78104436783786135,0.82126455330008952,0.97410237276359357,-0.59342516287467695,-0.032077126150044988,0.69121238673324958,-0.7579265299461877,-0.67938723473080409,0.45882985859523262,0.0021569162898695815,-0.40887120035788382,-0.13186156864583376,-0.6068048613355963,0.7284489981207718,-0.43829438645846985,-0.20349042417873675,0.62620555828935243,0.78724448781418133
272,0.6742597054083217,0.059525012616637119,0.76560366616521214,0.56114349988437295,0.24657297914871856,-0.1192840270017903,-0.4630366772996759,0.98179233686693546,-0.4482781288211386,0.28344363631079594,0.68970214157256127,-0.46407499112407824,-0.2534092298585322,-0.42567756728494377,-0.80931646509759569,-0.15415678621740048,-0.0055860711897428583,-0.84563015047540491,0.93306662087379277,0.94466866853697873
273,0.81975989765451573,-0.50632379545523731,0.84460464179752837,0.31534973522631082,0.51196642395719882,0.22329963673691333,-0.80521511373727672,0.5109610803632143,-0.47486249196251418,-0.70281896550476697,0.40413864838042679,0.75013322570088548,0.8715830302002805,-0.65488815982626214,0.17570745525576226,0.040477888841978338,-0.38051357088716165,0.11247746815469117,-0.89480967658003041,0.93818971394744
274,0.7742432412122402,-0.52528329872193957,0.98414871660920822,0.88081617337471951,0.78819102111678574,-0.2995076117290616,-0.11980208238467061,0.80658033245184768,-0.97984742927237667,-0.65924945764948673,0.28832090942252098,-0.352067164762496,-0.59353057229180095,-0.72886594614544853,-0.56441103239177903,-0.50856897745329666,0.71387628817099014,0.91460944640927822,-0.44245685073799579,-0.29687158496270882
275,0.95359181303177465,-0.62522279841880124,0.9165518284159897,0.69369476987466672,0.80232221944853288,0.97041641477825369,0.7624947545191727,0.8595368758222055,0.058795800641438412,-0.51220605582370515,-0.98144703425346402,-0.098826962892562875,-0.85896359227540175,-0.54851803655904741,0.52307201543477455,-0.20786316597971233,-0.25410292032608095,-0.47210231687202064,0.64224253599621717,-0.59465427272724414
276,0.90477490206475153,-0.4513522715353453,0.78104436783786135,0.82126455330008952,0.97410237276359357,-0.59342516287467695,-0.032077126150044988,0.69121238673324958,-0.7579265299461877,-0.67938723473080409,0.45882985859523262,0.0021569162898695815,-0.40887120035788382,-0.13186156864583376,-0.6068048613355963,0.7284489981207718,-0.43829438645846985,-0.20349042417873675,0.62620555828935243,0.78724448781418133
277,0.94285259685539002,-0.54631925565695583,0.81008309324916405,0.30619019480500675,0.64911445742645091,0.38951540226690184,0.52971963068143357,0.25457101660707759,0.16768618695534188,-0.70912965472035738,0.86480012801535522,-0.46420501741877751,-0.27830123668712647,0.95935938329916093,0.20501517362779986,0.90458057578438411,0.33274915219145473,0.435542520061317,0.41659448031287827,-0.46544508696696996
278,0.45322054216191177,-0.41334030751657869,0.93348348574250473,0.064551936479762206,0.17136180175012017,0.78697140410313393,-0.68511108892712014,0.50987061075430207,0.64804856042842784,0.042124680327215058,-0.49144504498043884,0.082835435108998379,0.11526701083631652,-0.40005024891621677,-0.11627130924495055,0.64563948163678164,-0.36459131720915128,-0.69994612209336604,0.086772581096069334,-0.78101846206356251
279,0.41895173093116789,-0.81772295175548315,0.71742472756693387,-0.42832252286081585,0.5029982930508563,-0.77771659871944698,-0.84620233397294142,0.82074564751144985,-0.94146686315075057,-0.61894432335155258,-0.16307278636707401,-0.62131683368678559,-0.17037559393233837,-0.015328960518199874,-0.86748039542948296,0.63689976953493499,-0.52602452410897427,-0.97286399700741533,0.69660610692895264,0.9631036144213494
280,0.82696683042472685,-0.80094517355998573,0.81346395615856526,0.95671145335171826,0.41718401439557162,0.97892835866201633,-0.46523593668340535,0.8747869130476893,-0.95950696414494341,0.17531666365983889,0.13647610189869264,-0.34774445161458267,0.6590807053757648,-0.059316946718110941,-0.64374502914328158,-0.53574189650634185,0.163424563286372,0.7581461586866387,-0.023821984319201572,0.077078511531543992
281,0.91294246149283209,-0.59716601884183484,0.75494882023118759,0.93633697186387854,0.36024078855823327,0.021341043253754854,0.090854910575628889,0.27632366151253462,-0.97331792962744501,-0.61351170925059884,-0.5396077631462648,-0.008343069356445465,-0.79625990035428207,-0.077136661112980232,-0.079027936707274149,0.52842639881293496,-0.56661008956120695,0.83029774588020566,-0.063470939957696704,0.64647801985813724
282,0.93228848358777627,-0.57448319181941088,0.94802756631055352,0.1130551419466288,0.3953518209593736,0.31482449621792985,-0.56348878189098328,0.7325951174683365,-0.15377216879784639,0.10767679398153662,0.32361829804919129,-0.96531288942217519,-0.73079358377023529,-0.45826672435303228,0.144013236072289,0.55697349890428538,0.92172113244362008,0.79413026063459635,0.85398554642109703,0.95205294905211679
283,0.20193779538506851,-0.8655836019360692,0.84213844177613639,0.89943738672601947,0.64943910691920692,-0.2448191475284649,-0.89804507141716239,-0.36669070028856887,-0.1417353393572649,-0.97727690861686067,-0.19452209908522189,-0.17055244932000635,0.50180016223049551,-0.52565784795875525,-0.1463415373125605,-0.60554556337957477,-0.57104816416390336,0.15870016042008528,0.47168082131308187,0.34939830361247082
284,0.48025657902134378,-0.91233779127755454,0.91984665735944349,0.85191214261783155,0.16482071882034499,-0.55852332676433192,-0.97742701729293602,0.90489512658980109,0.86522714826220004,-0.83248099869351755,-0.20163689314621447,0.24872206330988123,-0.30920039901181084,-0.88134022744514673,-0.80682336099815011,0.3394708991664579,-0.041052493870233464,0.5962332555213079,0.62115951508084555,-0.60752993380430653
285,0.51532780275039558,-0.36963128504346821,0.96903940775990494,0.58535836501243765,0.56880060398324694,-0.7526509171066651,0.79683191979036017,0.163197387520992,-0.23539806736540503,0.13558105994863467,-0.61328971670116661,-0.92759697723100065,-0.47502736150590641,0.46116951751465995,0.61209351758162378,-0.21302287077905691,-0.42940838593070518,-0.18182382630977068,0.545817245614441,0.35197782310985892
286,0.9011508966447217,-0.56227078314351497,0.92350598533289818,0.49829177995387597,0.58798676308757902,-0.92201806328328662,0.50650822846423904,0.60763713109021045,0.80849192387474944,-0.20127044035576636,-0.25741703925290582,0.36456392739020904,0.24890198598709667,0.48252796282867494,-0.71853286519574278,0.75477795299406614,0.44810860478133163,-0.17511220115864412,-0.94743935874304164,-0.052680007461594958
287,0.18497888408222218,-0.93319468940159411,0.72061225796150752,0.60106810059740079,0.26778224358353464,-0.59302026514300499,-0.70011673701507582,0.93553901751144242,-0.55960611398706428,0.82852680429478776,0.54187818485887584,-0.81810589559865932,0.92569540374132631,0.42082891433680847,-0.63717354258326675,0.32319005379193788,0.33474870872918316,-0.43857293500963723,0.30461958605473827,0.52900878637577087
288,0.58625474905102126,-0.89473012892219073,0.97409292924255797,0.46538576847776558,0.62391047519479703,0.77756364909715314,0.15631440439127764,0.48507789946601299,-0.20204350170362839,-0.21398423828464797,-0.77790305306669749,-0.4239095874906198,0.087351250501695565,0.11442756924702047,0.74145300754629218,-0.50683867118110504,0.44061279334486314,0.60020004612256961,0.83852253003677535,0.96727967357802491
289,0.84255119327581873,-0.30101729232551744,0.88112239379833568,0.39852382501260997,0.81365613465403319,0.22493070675704208,0.78693174443237313,0.010689802190205766,-0.66595006792613254,-0.90669286394031645,-0.72592207312146173,-0.83994494551371912,-0.58674115581867592,-0.048464840144998078,0.29597628252614205,0.66305234384113954,0.618792815379688,-0.34901904342286705,-0.21312296029560729,-0.37830070822874995
290,0.88633203805631133,0.0837682410845495,0.92970282028316609,0.21907060466590589,0.72725477285174844,-0.64954433035099957,-0.8038767434302212,0.98177062938991688,-0.96907958481386114,-0.79731536188246865,0.54181376558504302,0.66288846276524516,-0.014434286459422685,0.021752989436215842,-0.75156154742050441,0.68809915065764748,-0.54036968618270875,0.22102709996704251,0.29203487619199642,0.21782513756322985
291,0.97610212661075146,-0.31127046261829516,0.91170805145678391,0.11348594010365454,0.26250710991884207,-0.72309397033267331,0.045259722028297311,0.90437328529688532,0.14290041452778635,0.78411386704132768,0.44785792621818277,0.85713342146870453,0.099128532322152907,0.86326176773245611,0.39949801991546452,0.013921980207949547,0.50926461971517889,-0.75467747748437453,0.74484661290636245,-0.4062122562970587
292,0.70994943264045274,-0.51233070616738186,0.74624851726291896,0.13252153799348054,0.58077233073194146,0.6318150775700222,-0.87270024675627478,0.56164692170257191,-0.2245240864883582,0.85856350626597755,0.58393008783961342,-0.65250658621040336,-0.11378705382546772,0.94263807259360122,0.70144687126521954,0.19955699045058184,0.096707766068110157,-0.99845206646715345,-0.93652858161771224,0.38978748195482904
293,0.36420075936191632,-0.41160508734450785,0.60856805578838036,0.29632183443758198,0.45153222647382951,-0.67790829370665584,0.44295329558014407,0.96790885169215324,-0.80141288733772398,0.31703969390675346,-0.078074639811098745,0.95916887731476952,0.79514115221177906,-0.74655665677428584,0.059381133279322373,-0.31189407336320407,0.16182894093291811,0.94145626253088266,-0.18068352910008834,0.74422341345944831
294,0.61566612112782093,-0.45698812884662443,0.78780722018817761,0.86680450093326922,0.549680101909372,0.41268329122577141,-0.91630473710864369,0.53636780294227604,-0.99923121872861298,0.037718549879635743,-0.8247147598292115,-0.78640463193640397,0.24411901965795324,0.7299229357112309,-0.09744637912715981,-0.63605214812309252,0.26992427876867264,0.20380190955741928,0.30908392411199648,0.43225224284869146
295,0.75245708676844192,-0.43233205740953995,0.98787999602919663,0.3170677178844501,0.94795600192048135,-0.65383669315907977,0.65656885415486399,-0.8523479671766423,-0.43789177134331436,-0.96438896375658101,-0.031820333402170053,0.82908047774620997,0.53834361595956381,0.59960379832190625,0.94728178310205813,-0.72608187602163743,-0.40704355761691269,-0.92971140337604474,0.44600927511755173,0.13559646771316713
296,0.35883894245164427,-0.604785728823936,0.85568015483615012,0.66166648862033894,0.55840731550860401,-0.59118105219459349,-0.33046865483483678,-0.52214933842482236,-0.11421151182286993,-0.89265386542475378,-0.66366809011686945,0.14832790099106541,-0.02735433466631676,-0.51767168106926387,-0.48314352322035514,-0.42428252712766978,0.39126968720711885,-0.65631287741188959,0.079918743625310373,0.38672959633352355
297,0.86116512176985993,-0.55268364046690577,0.99378351102681162,0.98284481086394049,0.22229693618384339,-0.30709071331089577,-0.98278030595212895,0.86582272871203347,-0.11002805477993749,-0.58639026152731089,-0.90499422978169219,-0.12110937042126091,-0.96369532541565972,0.30031052221423793,0.19585496633868349,0.76408507554054328,-0.097163153674454605,0.84933500278394369,0.30761098092526562,0.72329431883651241
298,0.8980018971519379,-0.67227345481555423,0.89279829493466822,0.50091461444142849,0.3233727426653048,-0.70359838741759995,0.64936111604530544,0.54989853490855056,-0.22661434895401178,-0.088353102271953254,-0.91156761058317493,0.76838949824186287,0.099006059249670875,-0.70040436504966053,-0.93133944310682093,-0.7757240195293118,0.34313413342274024,-0.41676466759934105,-0.78573368085815698,0.097360225366567521
299,0.83687484985319149,-0.66369241451881167,0.99390838326079956,0.89428122889592432,0.58840602250964724,0.49677015455968498,-0.61748876457653168,0.69245273357557457,-0.12514605607359752,-0.12988383223091593,-0.57007240144580029,-0.31692072640764057,0.032483642521430101,-0.99923657685155898,-0.9055974762865886,-0.37639559708662951,0.93348236016813479,-0.209261609800657,0.19769567731116133,0.54342686175426724
300,0.586692581196955,-0.74004538282913312,0.82539169286661673,0.81060855687583788,0.58475412805732074,0.24517788502672588,0.97853664992668143,0.69308326983542567,-0.65143003466224458,-0.39902991806047727,0.50284151964434898,-0.36552372796377774,-0.35725885067630547,0.59410849053513304,-0.24181660651693226,-0.23147189750039487,-0.051408672727195404,0.073201391363999946,0.66713422976263903,-0.73702823960664587
301,0.45710715350670728,-0.16197348762520503,0.7667717767779938,0.74609784752637021,0.94100855990230237,0.30454653364047957,-0.074909592989311324,0.93753281554892109,-0.21546422022930378,-0.89746593727254176,-0.47794789439158691,-0.63657490683459206,0.640802675658946,-0.22115897616186309,0.44233696945869072,0.20977549795266448,-0.85065003821331464,-0.030751458514287178,-0.68387792251331647,0.33714064342855732
302,0.8901566634622462,-0.90459801796095429,0.88636024962311,0.88916973113600051,0.33488250921317997,-0.57697682138786943,0.11575012995098488,0.74368490166376233,0.92709720735761536,0.98088597465427418,0.81977496758324064,0.47302175613268904,0.93592357579493202,-0.63403788487521751,0.53324428507140831,-0.45495655008082281,-0.091052535736771967,-0.18535780308998673,0.79498004476763984,-0.83605288741076111
303,0.88633203805631133,0.0837682410845495,0.92970282028316609,0.21907060466590589,0.72725477285174844,-0.64954433035099957,-0.8038767434302212,0.98177062938991688,-0.96907958481386114,-0.79731536188246865,0.54181376558504302,0.66288846276524516,-0.014434286459422685,0.021752989436215842,-0.75156154742050441,0.68809915065764748,-0.54036968618270875,0.22102709996704251,0.29203487619199642,0.21782513756322985
304,0.94285259685539002,-0.54631925565695583,0.81008309324916405,0.30619019480500675,0.64911445742645091,0.38951540226690184,0.52971963068143357,0.25457101660707759,0.16768618695534188,-0.70912965472035738,0.86480012801535522,-0.46420501741877751,-0.27830123668712647,0.95935938329916093,0.20501517362779986,0.90458057578438411,0.33274915219145473,0.435542520061317,0.41659448031287827,-0.46544508696696996
305,0.53790621603257827,-0.91993003328536349,0.85799939541447023,0.96279442239195401,0.30906051502872423,-0.80431640200284971,0.42700371516533586,0.72432057152306095,0.078092329565328189,0.11288920466943964,-0.11187087342554358,-0.013174557528046194,-0.43764536456891734,-0.74086502494277084,0.9213030531540074,-0.0015334139285136938,0.90721950419091435,-0.91858133072164305,0.48201037617045417,0.6058446460243927
306,0.44332979691615759,-0.055809983352600234,0.73296402573325459,0.82275709687351761,0.6659571942545921,-0.6587659381465909,-0.15065198357745624,0.47483041138022375,-0.045465977662301649,-0.41500856684422205,-0.95993464236467863,-0.53611602290852156,-0.34225560856508319,0.50793344051682432,-0.87972567058844775,-0.83551137417109933,0.61985551866612409,-0.84198069482224591,-0.86884925597964968,0.70426052386212912
307,0.70321504552606795,-0.94665197189394523,0.82919572883378567,0.1792418800246578,0.38195518556885499,0.27784697275357595,0.21232274580487909,0.30220044976338079,-0.040122947462830627,0.17435575571477613,-0.055326428166744934,0.81217234363829816,-0.54982751814134123,0.86212649395140639,-0.20729905442728125,-0.81399951656879743,0.056931994538953035,0.14284419918802205,0.31507831001659836,0.46076940523817189
308,0.83013702028736036,-0.77003028847458488,0.9795281669971323,0.9984316396401709,0.17024686495097074,-0.79837313506652485,-0.99189925737524409,0.89398684002823536,0.013876949565013064,0.75781106437184809,-0.801144458802455,-0.49606712831106381,0.85866354725740446,-0.15134073805438741,0.64017906590791585,-0.62156038768475086,-0.33745689763077369,-0.18081696607949826,-0.85653390143858754,-0.46190062103378482
309,0.93835330834173303,-0.39903890473252845,0.7355333383214242,0.3089722649410902,0.85390995052615404,0.1076691767304121,0.560582662194409,-0.50034940742859679,-0.94302501764435154,0.70342580221682183,-0.82324042267774966,-0.46467337202344239,0.20180100441644044,0.0090472714535867471,-0.46581488718252051,0.63899735265930468,0.76036395442286153,0.48230167347259933,-0.71778341754339459,0.90176234565704894
310,0.88944741785184989,0.46827298396084349,0.73624516779280191,0.32208360254039592,0.89535434478996856,-0.30210411513851554,0.046093082140002295,0.85923953823339261,-0.92393047798546024,0.51352520373172261,-0.50680377815266109,0.77470058396938657,0.53893779673744668,0.39664543754328174,0.52830362030699396,-0.076252885389416658,0.15689564753662788,0.82302629832712881,0.57476014512482854,0.19482904568851445
311,0.85676406938990124,-0.58143081587862988,0.61794297268021281,-0.082871486182982235,0.54942773563017666,0.21134179441688916,0.80673661132203422,0.66928916730917432,-0.77954503032561395,0.17231854080720055,0.27332813562759228,-0.58704290088689515,0.89096753230955539,-0.50888141290311539,0.085369685719568711,-0.77052542608857411,-0.87418464523614769,0.89759546298699333,0.19327988354133874,0.14973203597259555
312,0.86768753934326548,-0.25358375842159986,0.79265751743696899,0.72420429113235651,0.77426829898017635,-0.18417833011027485,0.15805910657574773,0.4704011380167632,-0.60796910212849498,-0.90560521457897392,-0.12616892701496152,-0.54460330423708436,0.18943607901885695,-0.12276134347879575,-0.87174801438728711,0.58684236797139255,-0.71141638443664323,-0.75733184041002533,0.47522238266216821,-0.8032312872228462
313,0.82120489296303845,-0.055251569267923406,0.99035936996760743,0.19011178753957858,0.48820086678771779,-0.90418718021497479,0.32599708915362657,0.67693390309300017,-0.77920530375515495,-0.58522963142612294,-0.46635237852066846,-0.088889515113498296,0.66520102498388467,-0.16161213974820288,0.71926099622117046,-0.45113901425597391,-0.54944289545963731,0.99355073172535202,0.25044428856886469,0.60763935854000994
314,0.85018261841250031,-0.56332959855618525,0.93692184056425543,0.50097453642492495,0.25000503685093456,-0.91800139453184992,0.93425898613233116,0.60275756760532562,0.24154243496428585,-0.68718401208701385,0.47282323484209932,-0.476081151997376,-0.85304459950476086,0.81096154828597222,-0.85241393949692124,0.76198938208567557,0.43463179974489785,0.96671127875476137,0.13837606091851806,0.31265094624852474
315,0.26311147946992186,-0.30584686432917185,0.92006216320776102,0.4565556188249813,0.17944094327842319,-0.62540648688342193,-0.85492696003816748,0.56066417227401044,0.62152469050986792,-0.76799299272743937,0.26652003993305229,-0.24427083378176451,0.38747204647840316,0.96794891455605203,-0.61655215789050133,-0.57154023941939447,-0.12349400444857994,-0.91674014321280861,-0.74557233350861707,0.36187227293273527
316,0.37428540282359357,-0.66774358910847731,0.8852519806661574,0.43567458537117232,0.16720529515836247,-0.45026210325778626,-0.96382404445192038,0.53504608918524954,-0.7348037299461847,0.19791612245809631,-0.25309021478661031,0.91671204050510835,-0.97336810633964022,0.33911682761620332,0.96019116696024809,-0.9963163722193713,-0.56288974666928682,-0.29886016323932174,0.15967649168678366,0.96585579320204462
317,0.57563953063075979,-0.21274405459899492,0.84745683589334919,0.17848743036270664,0.41548017525279057,0.64877866871907974,0.1908885133263889,0.48883111969545023,-0.054888953268573015,-0.51034259533756088,0.02868809587251353,0.13769804727284751,0.34571474737861307,-0.26796149994776064,-0.6718434096083894,-0.8591958868059677,0.85417589487859003,0.043710683969246933,0.2983901184999338,0.88597170754265742
318,0.46915379739524909,-0.22557893599401058,0.75587499420209436,0.82977139868137817,0.99975779338626491,0.61904473389132431,-0.97917963648869488,-0.99700809557516457,0.87416133429806586,-0.23729691412775211,0.30070461356152633,0.24771139523463948,0.67044931457767287,-0.5711545526076478,0.59869553549476695,0.32350390690303099,-0.97863444245744335,0.45333463254517725,0.80263704650108258,0.39934058248755644
319,0.83687484985319149,-0.66369241451881167,0.99390838326079956,0.89428122889592432,0.58840602250964724,0.49677015455968498,-0.61748876457653168,0.69245273357557457,-0.12514605607359752,-0.12988383223091593,-0.57007240144580029,-0.31692072640764057,0.032483642521430101,-0.99923657685155898,-0.9055974762865886,-0.37639559708662951,0.93348236016813479,-0.209261609800657,0.19769567731116133,0.54342686175426724
320,0.99719388290840039,-0.2175159302974552,0.73943464860917718,0.53770868192950849,0.32079395977783332,-0.81976811276017059,0.29774445174672581,0.76066089163902273,-0.97618494926266508,0.52713059867363654,-0.92177793202461822,-0.891873545954325,0.40855208835810886,-0.15753835907983915,-0.50253903824333679,0.75459269318687672,0.22572218935618205,-0.95449879470527743,0.53007588443651055,0.26777491906402706
321,0.5657861720823214,-0.56167728359746305,0.78736879531611814,0.52447972871558557,0.29355610899652818,-0.39341928403796422,-0.091786722799684251,0.53569073654122157,0.43433768957382068,0.63953984117934182,0.4292116862500992,0.058561249545663108,0.62102304290185328,-0.060187207811483789,-0.56003472408828658,0.075670247561882231,-0.54262968193567063,-0.71533986292787599,0.67432609962485501,0.37792855256774849
322,0.18452755271996701,-0.78789736451470804,0.76529802263228253,0.91388960947705677,0.51574515434120993,0.22946049559014225,-0.27084387225961937,0.73887412738552283,-0.18969121001926004,-0.63895239222894529,-0.15667112873348721,-0.32670880793959256,-0.49349668044268036,0.8823081143678444,-0.71592574867418013,0.68892541203842206,0.51788859270663901,0.77736084000971961,0.40656703017437001,-0.36462105402530787
323,0.30310258260744272,-0.76305202225814739,0.98437508070169,0.19577054912268532,0.67363557850754852,0.75272745380457673,0.6748298733236191,0.79711339629448297,-0.90503477151673839,0.27365403952598011,-0.1667720094723808,0.042650067423388727,0.72805439051606502,-0.43957338780645361,-0.82982439062378144,0.66774700728764369,0.36988347838935098,-0.019984262409650899,0.40343983886903212,0.26608059241435633
324,0.51532780275039558,-0.36963128504346821,0.96903940775990494,0.58535836501243765,0.56880060398324694,-0.7526509171066651,0.79683191979036017,0.163197387520992,-0.23539806736540503,0.13558105994863467,-0.61328971670116661,-0.92759697723100065,-0.47502736150590641,0.46116951751465995,0.61209351758162378,-0.21302287077905691,-0.42940838593070518,-0.18182382630977068,0.545817245614441,0.35197782310985892
325,0.48898293613399901,-0.62894356091442516,0.85904772605382984,0.85638612405316317,0.32029285248771489,-0.8169524222504978,0.38102781386616114,0.60879763427935307,0.56998876108005869,-0.23388729703707578,-0.89059675475420952,-0.28195637523719674,-0.3139528757219392,-0.19822242467610129,-0.6625604681306847,-0.39866287977938519,0.98568913153944471,-0.33037867292991629,0.78213631505838266,-0.26313746034396779
326,0.5657861720823214,-0.56167728359746305,0.78736879531611814,0.52447972871558557,0.29355610899652818,-0.39341928403796422,-0.091786722799684251,0.53569073654122157,0.43433768957382068,0.63953984117934182,0.4292116862500992,0.058561249545663108,0.62102304290185328,-0.060187207811483789,-0.56003472408828658,0.075670247561882231,-0.54262968193567063,-0.71533986292787599,0.67432609962485501,0.37792855256774849
327,0.24976679258559242,-0.54009397860454045,0.73862939790646065,0.90453410257970801,0.21082291167289013,-0.41330682918265826,-0.15120952939352317,0.79650512855296896,-0.20110598307641969,-0.060054629260806625,-0.79803562523072991,0.59682422433953275,-0.34831920578501552,-0.21778956308936825,0.85965131684470664,0.019076354618160707,0.02708964924426871,0.53467955411403056,0.74447651263678916,-0.034738187677689547
328,0.38962213479877583,-0.63526914263255829,0.96823466112610235,0.80696589231683125,0.92557802924659072,0.14014131636369176,0.476945858259054,0.92893985099778731,0.99238346391493448,-0.16158530021517081,0.14597231324844406,-0.53980135663950102,0.77579303281565593,0.61524724142801812,-0.56910627277749204,-0.41954215607667789,0.10780774000373916,0.022201070335292616,0.79796308221548995,0.63087962955218102
329,0.53790621603257827,-0.91993003328536349,0.85799939541447023,0.96279442239195401,0.30906051502872423,-0.80431640200284971,0.42700371516533586,0.72432057152306095,0.078092329565328189,0.11288920466943964,-0.11187087342554358,-0.013174557528046194,-0.43764536456891734,-0.74086502494277084,0.9213030531540074,-0.0015334139285136938,0.90721950419091435,-0.91858133072164305,0.48201037617045417,0.6058446460243927
330,0.96080028890295877,0.49300527939458871,0.75365058803742757,0.99227542383791567,0.38280110154789537,0.6648197765444126,0.25900656653211684,0.68689744788010954,-0.39070798634000159,-0.80637479913258914,-0.82828027674703719,-0.29201561623333738,-0.49841373772770137,0.2251005139111284,-0.60729250730801909,0.37646498811004081,-0.89132573102436718,-0.15250227951044271,-0.30574162020971762,-0.34855801887327376
331,0.85018261841250031,-0.56332959855618525,0.93692184056425543,0.50097453642492495,0.25000503685093456,-0.91800139453184992,0.93425898613233116,0.60275756760532562,0.24154243496428585,-0.68718401208701385,0.47282323484209932,-0.476081151997376,-0.85304459950476086,0.81096154828597222,-0.85241393949692124,0.76198938208567557,0.43463179974489785,0.96671127875476137,0.13837606091851806,0.31265094624852474
332,0.84367056595470635,-0.40304923041877716,0.61378687333398352,0.91829108416757421,0.31978907224701869,0.71637658867569476,-0.1973198055837615,0.94290050566704564,0.40704251275659309,0.75709029601592404,0.26694621594910717,0.16745522178788086,0.33363140766200439,0.01139191852641086,-0.54723122879148178,0.12164540974430804,-0.17447617619026445,-0.45779462171300533,0.18880299533818734,0.062897130557441949
333,0.39032790197068823,-0.78741040964555076,0.85866830216885526,0.8956993931075925,0.78458835830882268,-0.51545004363612867,0.65761613097173455,0.98673335974914322,-0.94779976476178529,0.95031508254205743,-0.67627379714993063,0.0042568835351830536,-0.012557255133514467,0.29940943650613461,-0.63670681895820747,0.99409291624781226,-0.32122666246012166,0.81430458264023131,0.43618096275980656,0.85109078795963078
334,0.15782512732639664,0.038700577963568517,0.81583938789761068,0.70041465228788513,0.44455247004976761,-0.5193394648734404,0.3936584986993219,0.90166663081829657,0.86899859420545367,-0.52141716950024741,-0.47420511017266609,-0.37303290871955075,0.5496861911499118,-0.83043623651141729,0.30012019728225758,-0.39699972316532706,0.13713766419556572,-0.91516951612271646,0.23651465688802786,0.069722262478078223
335,0.1333714515647344,-0.43531521144513707,0.770766660519552,0.28632914904664286,0.42603631738602821,-0.56797988687994638,0.62577843461321825,0.24125681279725963,-0.23092308934541284,-0.22206092970530955,-0.53972671210300716,-0.67950309986482726,0.31223264352787283,0.15445829419691726,-0.11602995567177432,0.61201867933388465,0.83534263530107111,0.78101141261403639,0.28054334275234782,0.11301390979091308
336,0.16753911721841575,-0.83276916841015081,0.56737085939876164,0.60577514215591743,0.3606545653500175,-0.41284812518364067,0.034846025209340548,0.8229076842812113,0.58734368971573758,0.93007283929224149,0.046823534070324468,-0.33352945838154247,0.4477352940241035,0.32047937221839273,0.5207679442084836,0.94540160272657858,-0.37693834181323882,-0.47605586236985609,0.10436782821086088,0.4771680209242819
337,0.41610283026905925,-0.9376625375437333,0.9952364942284988,0.96679260039455062,0.60621885494701422,-0.85358424683014755,0.59613098679163801,0.37528422645133586,0.087123266352781004,0.022385375621730264,-0.26324504997555676,0.0056065927492259249,0.82667331683721046,-0.56060807190664863,-0.57052599481120714,0.23741557745743735,-0.63027273388417115,0.17511685033580937,0.78401774031656957,0.74660861428083725
338,0.82696683042472685,-0.80094517355998573,0.81346395615856526,0.95671145335171826,0.41718401439557162,0.97892835866201633,-0.46523593668340535,0.8747869130476893,-0.95950696414494341,0.17531666365983889,0.13647610189869264,-0.34774445161458267,0.6590807053757648,-0.059316946718110941,-0.64374502914328158,-0.53574189650634185,0.163424563286372,0.7581461586866387,-0.023821984319201572,0.077078511531543992
339,0.46640512961460567,0.33962942485541969,0.81435136247745343,0.95202234094732274,0.69348629598316602,-0.32394694920786726,-0.23104659675607953,0.67136848988978048,0.80464763969478437,-0.43273463084263275,-0.38771842809433532,0.82899720059368698,0.47538764459858673,-0.14166276861355387,0.95809306506406111,0.46394456167293252,0.2859808971831419,-0.95944066695106467,-0.16223243913258423,0.49859234570711286
340,0.9168037113516343,0.040311900646789134,0.75897842651510161,0.91530950353996587,0.78045434417319459,-0.24848619743131017,0.91294452507705715,-0.31737017235382958,-0.6442727955651899,0.040427451384555946,0.96557479364915721,0.47605714018598633,0.12474712309965064,-0.029258978710023476,0.78560420508849749,0.62532759858001663,-0.1582981828078065,0.60684425373603079,0.16775671421326543,0.44161708443169534
341,0.92329257987294544,-0.53345715154141393,0.76698072231950976,0.87589562429250667,0.73839251169560804,-0.90162510003659935,0.73676539679830233,0.077018511412440871,0.76134297478233304,-0.36972736619783286,-0.53765659666578447,-0.49134522862819274,0.17855619577113457,-0.49090758095137943,0.20949881431999806,-0.77327457419551027,-0.5072804012948755,-0.66446968164617726,0.1088687399576993,0.38339476801619932
342,0.1513391375482207,-0.40806802365859207,0.84077787239695967,0.59315713254391822,0.94669355624102702,-0.77440855461737357,0.16743335266170956,0.029039274909023138,-0.68837694250534143,0.63039533281369864,-0.55068635090505946,0.33664614837170093,0.032966480436415813,-0.0073837684482023214,-0.74430226509247666,0.40210830777559603,-0.40760492671627113,-0.1529193717915629,0.9351914462583697,-0.13810279508868861
343,0.36372663138111339,-0.53176641832551352,0.77703264261256155,0.30013528169121795,0.45952226124888496,-0.778985240844138,0.28325903184174228,0.30584277874721333,-0.61913940546727875,-0.58205719954282942,-0.68484999072582742,-0.16911152929143314,0.79933132269051965,-0.25739523562165201,0.20977368744787106,-0.27545723243660425,-0.23018967580572869,-0.47249816760723062,0.11412959985128257,-0.77524689552219828
344,0.36326185829430035,0.67308141602591376,0.99424422493934173,0.57134190825402964,0.16888033398993252,-0.23429235156466288,-0.99356567041697019,0.87126857532233437,-0.35764327105968086,-0.67916696357675299,-0.99657691630334222,-0.86562596105728695,-0.64872604219128238,0.56880502308904735,-0.17398720079643581,0.6232015600520644,0.024256831731460649,-0.54183531921484795,0.98682102948385775,0.78398863825746967
345,0.67711584777749412,-0.55550606413892933,0.92085733214622234,-0.12473542102062218,0.76662752018816671,0.48097207317244428,-0.85176731611870893,0.5756798097946807,0.31890929138379742,0.11464431377412043,0.25017163798108366,-0.89527613455061639,0.87488516798072857,0.44644277141868915,-0.21210259175591317,0.59576422151937747,0.77617535917764058,-0.20094577726586627,0.04436487377524978,0.26388575068754228
346,0.33241615981313033,-0.88297250906004665,0.92090992404756977,0.54706664649035952,0.47906518277070154,0.20168743632553277,0.8545971192759636,0.37806115564527243,-0.66988292101744906,-0.54593800185886598,-0.23872325031271702,-0.48734939529160926,0.66089085114094503,-0.70285649388476013,-0.19391636537213142,0.93503087714453192,-0.030648138765043464,0.67916885098391444,0.18485109830151791,-0.96200884118337604
347,0.91294246149283209,-0.59716601884183484,0.75494882023118759,0.93633697186387854,0.36024078855823327,0.021341043253754854,0.090854910575628889,0.27632366151253462,-0.97331792962744501,-0.61351170925059884,-0.5396077631462648,-0.008343069356445465,-0.79625990035428207,-0.077136661112980232,-0.079027936707274149,0.52842639881293496,-0.56661008956120695,0.83029774588020566,-0.063470939957696704,0.64647801985813724
348,0.5457786689067019,-0.60910706930451419,0.85182809414805516,0.46192724321741374,0.64052132771996884,-0.3405289162790921,0.89359341059084052,0.87265512738276163,-0.94769143617078178,0.88850490174670416,0.73326651222963801,-0.17203755322459502,-0.54642466194200656,0.14690166435608765,-0.99349478374140321,0.46213954120855316,0.45428126161736393,0.019364506319708985,0.49378242835085628,0.90937726115293116
349,0.12001733630036693,-0.32358084611446425,0.90599447381169518,0.96882173789878534,0.80590961542603501,0.71879495520267223,-0.96733022969597404,0.6271382143460118,-0.34764334809261266,-0.78008932950101628,-0.27313691033166743,-0.59455624207193081,-0.99918595967219925,-0.42785499479683575,0.54584378811305867,0.599090137391324,0.53591749258787824,-0.32612046429751307,-0.50776963464594749,0.9120855212411072
350,0.93729968400295971,-0.27646888681476711,0.87205505575176989,0.87769135230630813,0.22375087072052624,-0.17135763020690598,0.99655922961200538,0.55575434913786337,-0.65673533529996053,-0.17247555754012089,0.63336139553333148,0.24030123350845378,0.771614771146649,-0.34491934772974231,0.4871180921733238,-0.2596776060382886,0.20715559953977047,-0.055246473941658047,-0.84710591967869453,0.50933276872514766
351,0.30218812274583651,-0.44380033697051235,0.77934939086275956,0.29069370330137656,0.3018248151963645,0.13699909942927646,-0.30413415533754229,0.96139708928789136,-0.68948781239495194,-0.85688564605572215,-0.98062445113005126,-0.25988677217418799,-0.45050483186168599,-0.31835570598183605,-0.39497430714591641,0.92193294071920096,0.42414953744913397,-0.16740306999072696,0.99750115754502411,0.9056113108127628
352,0.98498362428339004,-0.39962270388983012,0.52698732835827733,0.88180140344893343,0.61558468834759306,0.086922088151790922,-0.7385162531201741,0.79784580877522249,-0.69064755576858161,-0.86498608064262128,-0.0035195943214345604,0.67274699954620565,0.0418360050615878,-0.5099539086333762,-0.5101378344088896,0.64522736432714622,0.9839997580128188,0.22850393586383788,0.6910712918990507,0.58185205096005599
353,0.45627827936025556,-0.79745166002836565,0.82598121262641788,0.89869651409113605,0.40260898067569806,-0.66844167946879129,0.84645662806413102,-0.15568879192328655,-0.50578664132001649,0.30148262996291231,-0.67901029185708595,0.35920751686537877,-0.10982230352002365,0.48411429349075097,0.76443332357687854,-0.15936020579188703,-0.40555619376602325,-0.15091358755138029,0.33979696239486046,-0.96164686473868777
354,0.089439911062029642,-0.78210366951347332,0.8774073537508964,0.8428257989646708,0.20555498082204315,-0.93799129233050382,0.82464942666613017,0.71639765176809389,-0.90284618397619854,-0.93284154555152221,-0.79887781829157589,0.65730303555589353,-0.43533795857575264,0.98789547022032886,0.78681472281874876,-0.035082610402576542,-0.17687457323978117,0.0059288168883020465,0.79755815095609517,-0.77342049477419628
355,0.78744346995887349,-0.14156037746748695,0.97190483275236872,0.73832907785163981,0.68153105248154922,-0.79862064063634364,-0.035273787194799899,-0.17912265995832399,0.51535556136557625,0.87742100188914418,0.50010349601473392,-0.039964126449490101,0.45010508912877967,-0.3049722549277043,0.82110761832702739,-0.66674853363150399,-0.62843718327177234,0.0024140599801305562,0.94538867607128352,0.18891672182468744
356,0.90477490206475153,-0.4513522715353453,0.78104436783786135,0.82126455330008952,0.97410237276359357,-0.59342516287467695,-0.032077126150044988,0.69121238673324958,-0.7579265299461877,-0.67938723473080409,0.45882985859523262,0.0021569162898695815,-0.40887120035788382,-0.13186156864583376,-0.6068048613355963,0.7284489981207718,-0.43829438645846985,-0.20349042417873675,0.62620555828935243,0.78724448781418133
357,0.76983596969070178,0.44525982923349439,0.984837538534588,0.96667147474956239,0.7751760851143461,-0.36956483741597479,0.76920070186357004,0.17322456533614727,-0.91509658849302222,0.17645677832325535,0.058311380249229439,0.26908897031097001,0.55844013639243495,-0.23929521468306336,0.7155638010067753,-0.063258282675653144,-0.29846505220224362,0.90897087304762869,0.75595466427883173,-0.45347038447666188
358,0.81975989765451573,-0.50632379545523731,0.84460464179752837,0.31534973522631082,0.51196642395719882,0.22329963673691333,-0.80521511373727672,0.5109610803632143,-0.47486249196251418,-0.70281896550476697,0.40413864838042679,0.75013322570088548,0.8715830302002805,-0.65488815982626214,0.17570745525576226,0.040477888841978338,-0.38051357088716165,0.11247746815469117,-0.89480967658003041,0.93818971394744
359,0.25166157031497938,-0.30706688000159987,0.99445581206615774,0.99222378309857873,0.93685070212454269,-0.17246541417511563,0.29014897531903605,0.51278415706309355,-0.92514273878249265,-0.63849219426490844,-0.79137303454519881,-0.65277387013000343,-0.77536350308225965,0.021147989075939844,-0.95471813882442991,-0.97575971795789229,0.41036269411970117,0.15027124549414728,-0.020902633547830174,0.90453449763663207
360,0.32609746391624328,-0.81957550414867852,0.67339041702501223,0.91214226975816337,0.75602007542194838,-0.93953359710127127,-0.052113443165888729,0.47943898070219193,-0.06176396814566254,-0.76234495117155654,0.92119592387281668,-0.34745700104062394,0.30202093471818703,0.24683415455425228,0.63796753180728794,0.69059057522962397,-0.66713578644590976,-0.56384511201531939,0.77719538802460009,0.80955624457914488
361,0.92982384910100246,-0.59807033993457037,0.88272910606715804,0.58725736205084478,0.50493158021497986,-0.66204445918244992,0.56852813428345006,0.42925695469983394,-0.87321914320896554,-0.28298440055735585,0.20913099619012221,0.078175208671174001,0.38403767446068948,0.68536504225606465,0.75207364908956009,-0.28293525895850324,-0.84235529071120752,-0.71967429770006008,0.3422067694523685,0.36557371058643007
362,0.96401764181754657,-0.36051958968136133,0.94116881046126188,-0.75340009530436181,0.55767915917876487,-0.44082734604778895,0.44482544687347625,0.82846276624117832,0.025986700796077011,-0.75192042896362699,-0.015238443653784017,-0.0071699756187124652,0.0298815829821788,-0.31112251232666233,-0.63877988680057851,-0.23819482925787172,-0.98680304885168857,-0.80133938836124496,0.013330243447120305,0.66799588158329493
363,0.49934652816252001,-0.11982311999982875,0.96682780925105116,-0.14894295482675002,0.75594326044575078,-0.12431971796318342,0.33562870098113029,-0.61022597737832451,0.84816399182945568,-0.30987242358946854,-0.094868663854988489,0.127678329584475,0.11084953531069708,0.014167185093783674,0.95365166501786636,0.49482175660179961,-0.53196679625321885,-0.72460327664522639,0.84933347731734732,0.94048314553058177
364,0.88633203805631133,0.0837682410845495,0.92970282028316609,0.21907060466590589,0.72725477285174844,-0.64954433035099957,-0.8038767434302212,0.98177062938991688,-0.96907958481386114,-0.79731536188246865,0.54181376558504302,0.66288846276524516,-0.014434286459422685,0.021752989436215842,-0.75156154742050441,0.68809915065764748,-0.54036968618270875,0.22102709996704251,0.29203487619199642,0.21782513756322985
365,0.21237993923460108,-0.60033693009634281,0.85176408434898776,0.82653749982096403,0.58987068476873117,-0.95552202639561123,0.81852095552723569,-0.41440537493801166,-0.76234303223421263,-0.11431428525397602,-0.66066813242806677,0.45935610931288751,-0.50327534989320677,0.0057273113790439201,-0.063265675241723329,-0.25688261298956094,-0.92709429919600805,-0.55842940236451311,-0.01712905276626131,0.89624342509516519
366,0.87861630972232208,-0.84982611478913217,0.77431902291207888,0.37934543570359014,0.44710750480279682,0.32045027320421293,0.14467957518849395,0.67959111605069111,0.7502862466985829,-0.1835763713729035,0.77379501089957836,0.13947962767822353,0.5691792230424606,-0.79685786047575924,-0.60658108691711687,0.48983707668995713,-0.77936664949671264,-0.18210981580254093,0.40769524641589849,0.4635966943157086
367,0.28900513790126903,-0.70509860978552652,0.85627109960795256,0.59609135749189313,0.69594147913167315,-0.89545814616785302,0.4749731998076776,-0.29888793947485626,-0.15828100151870705,-0.69971979108333748,-0.02913513357121289,-0.19588039277844427,0.28475701942644505,-0.1971965026636191,0.81505517477454892,0.68362441679381436,-0.72845714491760316,-0.81759702508580356,0.007165179911917674,0.76247957919280807
368,0.86116512176985993,-0.55268364046690577,0.99378351102681162,0.98284481086394049,0.22229693618384339,-0.30709071331089577,-0.98278030595212895,0.86582272871203347,-0.11002805477993749,-0.58639026152731089,-0.90499422978169219,-0.12110937042126091,-0.96369532541565972,0.30031052221423793,0.19585496633868349,0.76408507554054328,-0.097163153674454605,0.84933500278394369,0.30761098092526562,0.72329431883651241
369,0.23169276526497606,-0.52608773870622505,0.97493851126129205,0.17814007049163227,0.87469609007569926,-0.11286410548409709,-0.7025178613320151,0.69204060541567625,0.29757673355561276,-0.83813018369094805,-0.21647427826981258,0.4187980678056713,-0.2817507901018439,-0.52833981802523033,-0.1312480016081079,0.76022805654871095,0.22766396683447243,-0.23473408690831965,0.066580359592679716,0.5216925102434018
370,0.32016138329014687,-0.66141077759264122,0.69798225143401105,0.81425101249907317,0.38943645450471531,0.40001386750485035,0.62091413615218016,0.99983388876019164,-0.42697008189070762,0.35317832875794641,-0.32041585544161588,-0.15763893967110021,-0.68230313986770863,0.88490499284414637,0.14488238489887117,-0.38638947086519693,0.39208375958660335,0.48351924149350189,0.9944219957542082,0.67180735782370404
371,0.77077267107348102,0.11339280984811273,0.85670129238365433,0.81807680914579572,0.61227499182135059,0.62962002134396422,0.25523350443492498,0.73475332046211861,0.4550422220728747,-0.62070046621730457,-0.53449982963146336,-0.97008157277631657,-0.21068708741815856,0.4128215006508984,0.41772003907915622,-0.39570236680764159,0.89907317953357668,-0.25911998401545078,0.33959202792978482,0.37234495920995325
372,0.8882320348399122,-0.89864648585908169,0.91346944631052973,0.18731296184706725,0.63106972282091656,-0.46841647110275098,-0.24159478880007024,0.64078121084389683,-0.18062532956709654,-0.85387060519251068,-0.69345100988726793,-0.46440980732786663,0.46031684946871554,0.90712258048651573,-0.63011311236013867,0.69621154779421524,0.24858987643823816,-0.39285637466912982,-0.10700769351919925,-0.72753629192275193
373,0.39032790197068823,-0.78741040964555076,0.85866830216885526,0.8956993931075925,0.78458835830882268,-0.51545004363612867,0.65761613097173455,0.98673335974914322,-0.94779976476178529,0.95031508254205743,-0.67627379714993063,0.0042568835351830536,-0.012557255133514467,0.29940943650613461,-0.63670681895820747,0.99409291624781226,-0.32122666246012166,0.81430458264023131,0.43618096275980656,0.85109078795963078
374,0.63872708094909059,-0.8687680603099337,0.6528210969347461,0.46401480024457897,0.7268453610822907,0.15394767196374404,0.55714945270059557,0.73482862720139042,-0.36617478285183513,0.71067168895918154,0.81343670144326374,0.81307579144981124,-0.68003265472069652,0.37883132445484757,-0.080556929408537981,0.13223071712343559,-0.98867548317938359,-0.7967120474641527,0.67293172710187132,0.27248612676653572
375,0.66970379231546273,-0.63836110819169467,0.90787596380294433,0.29480953475572957,0.96646040558340274,-0.94102885235364186,-0.54437107442223387,0.47917851673418754,-0.91725358635505772,0.70003500684757891,0.31832588098443204,0.35608128023794205,0.7930156412479179,0.46343179659048017,-0.86816266010166854,0.95848799254420447,-0.057102444444278033,-0.44426328218584321,0.011430295882493668,-0.93047762705542603
376,0.18452755271996701,-0.78789736451470804,0.76529802263228253,0.91388960947705677,0.51574515434120993,0.22946049559014225,-0.27084387225961937,0.73887412738552283,-0.18969121001926004,-0.63895239222894529,-0.15667112873348721,-0.32670880793959256,-0.49349668044268036,0.8823081143678444,-0.71592574867418013,0.68892541203842206,0.51788859270663901,0.77736084000971961,0.40656703017437001,-0.36462105402530787
377,0.70136373712669964,-0.60241497469794636,0.85118706005310396,0.4949463493840538,0.53115609004587472,0.54636351957827922,-0.60148581117380928,0.77815691602828418,-0.63555393400143534,0.06340845558506425,-0.016362250181262583,-0.11444687518352303,0.46735113336459611,0.68082577854764659,-0.22880728436055287,-0.3899823038383563,-0.19046487392157285,-0.28126446902049818,0.49393354974284276,0.27729031899154033
378,0.094523972899294595,-0.71051126915290386,0.90707348967034829,0.19598166098950376,0.79415785882134005,-0.65741233833031876,-0.0078085300529942003,0.8912305175097559,0.41716723027546787,-0.36355151926170959,0.31899383382422397,-0.91439049635863179,0.6264282554778533,-0.99089171824304523,-0.35738123381220799,0.37004585406591151,-0.46115850092209754,-0.63728407563002754,-0.69772515465790974,-0.022403825425660884
379,0.36398626599014983,-0.29713696993263605,0.78999556354756395,0.83574105137055099,0.28066198446558577,-0.53977652779338792,-0.30902488761866675,-0.61051484338992279,-0.053241909277521149,-0.84890128482400984,0.58246113264970378,0.65632451517122359,0.5777583749270081,-0.12295434249371118,-0.89545068028125385,0.70020436092292737,-0.43854195546596642,-0.56194758037039749,-0.24412629779605521,0.24136311640216723
380,0.5457786689067019,-0.60910706930451419,0.85182809414805516,0.46192724321741374,0.64052132771996884,-0.3405289162790921,0.89359341059084052,0.87265512738276163,-0.94769143617078178,0.88850490174670416,0.73326651222963801,-0.17203755322459502,-0.54642466194200656,0.14690166435608765,-0.99349478374140321,0.46213954120855316,0.45428126161736393,0.019364506319708985,0.49378242835085628,0.90937726115293116
381,0.60353987615477789,-0.79984723427077387,0.81945528816484692,0.58399473489468745,0.083600342308613795,-0.80740099389942355,0.15685912575959926,0.94594034322932874,-0.24555348229539842,0.19246516458496954,0.57842732890854154,-0.18060134233527325,-0.86309632729798591,-0.99158235173942377,-0.69889677931252936,-0.67812674528918082,-0.23659722771504477,-0.66173075994184893,-0.60543510127592248,0.45785540215585119
382,0.19174482655221681,-0.83131580727474841,0.98821796211134361,0.036018159790510929,0.96055274815699732,-0.9772717755013971,-0.22080116388708659,0.0063326915301438191,-0.80221844758953909,-0.38394312065515068,0.75007478583563403,-0.76445747353545523,-0.64253108549751703,-0.90092953361388783,0.57575720552263032,-0.82003734161195974,0.68238878740030495,0.73958934506493579,0.9400246443058784,-0.32618826866906359
383,0.18504687642852979,-0.65881535700718219,0.75932044142994215,0.85259327636877069,0.25719419714353497,-0.92362261900629594,0.78200915602064169,0.6766610510038531,-0.27283455400977275,-0.82068995062015149,0.60476063424822368,0.9354816002844768,0.37215074082999444,-0.45364936784055132,-0.26644688868486566,0.13403534726062483,-0.39878528999467622,0.52695157154505035,0.68735237434752872,-0.16281858774111702
384,0.83687484985319149,-0.66369241451881167,0.99390838326079956,0.89428122889592432,0.58840602250964724,0.49677015455968498,-0.61748876457653168,0.69245273357557457,-0.12514605607359752,-0.12988383223091593,-0.57007240144580029,-0.31692072640764057,0.032483642521430101,-0.99923657685155898,-0.9055974762865886,-0.37639559708662951,0.93348236016813479,-0.209261609800657,0.19769567731116133,0.54342686175426724
385,0.30218812274583651,-0.44380033697051235,0.77934939086275956,0.29069370330137656,0.3018248151963645,0.13699909942927646,-0.30413415533754229,0.96139708928789136,-0.68948781239495194,-0.85688564605572215,-0.98062445113005126,-0.25988677217418799,-0.45050483186168599,-0.31835570598183605,-0.39497430714591641,0.92193294071920096,0.42414953744913397,-0.16740306999072696,0.99750115754502411,0.9056113108127628
386,0.51401329338164881,-0.74447555202859061,0.9726598189898179,0.78564499214673633,0.60941523066504755,0.98239150581435974,0.72107842750282769,0.63612831687866178,-0.05510545129924993,-0.8641820460306624,0.43558409598409997,-0.44186715108886609,0.4431571647294712,-0.87100286246609149,0.079079988168896387,0.30866997358496695,0.036659635635039489,-0.82539480177042246,-0.89985090846600824,-0.37757461531377046
387,0.83687484985319149,-0.66369241451881167,0.99390838326079956,0.89428122889592432,0.58840602250964724,0.49677015455968498,-0.61748876457653168,0.69245273357557457,-0.12514605607359752,-0.12988383223091593,-0.57007240144580029,-0.31692072640764057,0.032483642521430101,-0.99923657685155898,-0.9055974762865886,-0.37639559708662951,0.93348236016813479,-0.209261609800657,0.19769567731116133,0.54342686175426724
388,0.25166157031497938,-0.30706688000159987,0.99445581206615774,0.99222378309857873,0.93685070212454269,-0.17246541417511563,0.29014897531903605,0.51278415706309355,-0.92514273878249265,-0.63849219426490844,-0.79137303454519881,-0.65277387013000343,-0.77536350308225965,0.021147989075939844,-0.95471813882442991,-0.97575971795789229,0.41036269411970117,0.15027124549414728,-0.020902633547830174,0.90453449763663207
389,0.30086180370141036,0.95277836331266563,0.94441281211633865,0.51832916937921381,0.95814294712588222,-0.008351575171958725,0.97161071770922414,0.98100932301898469,-0.43224981354932623,-0.36812492098755167,-0.22148167740476121,-0.39589424063278411,0.27390040970656715,-0.25857294677955456,0.47544278283487018,0.10863665409196588,0.81953988885681817,-0.66256633063500381,0.28563947539098189,0.13791181876583614
390,0.82696683042472685,-0.80094517355998573,0.81346395615856526,0.95671145335171826,0.41718401439557162,0.97892835866201633,-0.46523593668340535,0.8747869130476893,-0.95950696414494341,0.17531666365983889,0.13647610189869264,-0.34774445161458267,0.6590807053757648,-0.059316946718110941,-0.64374502914328158,-0.53574189650634185,0.163424563286372,0.7581461586866387,-0.023821984319201572,0.077078511531543992
391,0.16253994759924262,-0.48705599948590317,0.83340733669005851,0.60268910049173896,0.33539142350086149,-0.86961176082686475,-0.64936515647611848,0.48525840357758376,-0.5987084057716372,0.1954312409820691,-0.32641497952003795,0.76254492849597688,0.46183507553794501,0.61332215527576994,-0.39698272939130774,0.33792061496786685,0.9298288477035519,-0.6980296537480557,0.7065579606752046,0.20457599601645327
392,0.8901566634622462,-0.90459801796095429,0.88636024962311,0.88916973113600051,0.33488250921317997,-0.57697682138786943,0.11575012995098488,0.74368490166376233,0.92709720735761536,0.98088597465427418,0.81977496758324064,0.47302175613268904,0.93592357579493202,-0.63403788487521751,0.53324428507140831,-0.45495655008082281,-0.091052535736771967,-0.18535780308998673,0.79498004476763984,-0.83605288741076111
393,0.5457786689067019,-0.60910706930451419,0.85182809414805516,0.46192724321741374,0.64052132771996884,-0.3405289162790921,0.89359341059084052,0.87265512738276163,-0.94769143617078178,0.88850490174670416,0.73326651222963801,-0.17203755322459502,-0.54642466194200656,0.14690166435608765,-0.99349478374140321,0.46213954120855316,0.45428126161736393,0.019364506319708985,0.49378242835085628,0.90937726115293116
394,0.75932659359936716,-0.578175967431658,0.9641418870860472,0.75882959469261158,0.75210118821941974,-0.54344453955229555,0.44844038843942702,0.16593842674698145,0.27777749179746425,-0.45656771322561873,-0.26218194351060853,0.74454064572343071,-0.53029897040257867,-0.043508514551818145,0.23928455196591658,-0.12650971546490197,-0.63108572009015607,-0.088333333338920017,0.2775552816016047,0.39821909249189025
395,0.63626850864835838,-0.97159486608169465,0.82350254948804058,0.77919187569369552,0.26611969059389917,-0.96834445896775101,-0.30446879395752924,0.48960794147772813,0.53450683901298746,-0.41909929255692857,-0.33126915046930794,-0.92575729744563029,-0.020141294646760288,-0.80506106390731502,0.0041944776714233356,0.78977954842160836,-0.20791739113629237,-0.96630805306101375,0.20670501841370847,0.13711158437052351
396,0.41610283026905925,-0.9376625375437333,0.9952364942284988,0.96679260039455062,0.60621885494701422,-0.85358424683014755,0.59613098679163801,0.37528422645133586,0.087123266352781004,0.022385375621730264,-0.26324504997555676,0.0056065927492259249,0.82667331683721046,-0.56060807190664863,-0.57052599481120714,0.23741557745743735,-0.63027273388417115,0.17511685033580937,0.78401774031656957,0.74660861428083725
397,0.2783616343009867,-0.91921236641980486,0.79847590588318518,0.75547562122455947,0.31777387332115925,0.66217002946880843,0.85185215917973678,0.41132793963427394,-0.32042170502162293,0.39569101171753895,-0.61942587635978974,0.29216774384769018,0.18696110817244493,0.57193285689901985,-0.26059820012634693,0.096022505808681879,-0.024122568925976973,0.30051906634644454,0.32257984860422639,-0.018369166814468763
398,0.97610212661075146,-0.31127046261829516,0.91170805145678391,0.11348594010365454,0.26250710991884207,-0.72309397033267331,0.045259722028297311,0.90437328529688532,0.14290041452778635,0.78411386704132768,0.44785792621818277,0.85713342146870453,0.099128532322152907,0.86326176773245611,0.39949801991546452,0.013921980207949547,0.50926461971517889,-0.75467747748437453,0.74484661290636245,-0.4062122562970587
399,0.85018261841250031,-0.56332959855618525,0.93692184056425543,0.50097453642492495,0.25000503685093456,-0.91800139453184992,0.93425898613233116,0.60275756760532562,0.24154243496428585,-0.68718401208701385,0.47282323484209932,-0.476081151997376,-0.85304459950476086,0.81096154828597222,-0.85241393949692124,0.76198938208567557,0.43463179974489785,0.96671127875476137,0.13837606091851806,0.31265094624852474
400,0.18934365441384071,-0.21662400095312417,0.79928371526033959,0.048243337514364049,0.78811144384287135,-0.19810068019925953,-0.39778054544557606,0.68463447864827565,-0.36613299204669403,0.24515282392973536,-0.83752978321298688,0.023473935888312258,0.23087350772268955,-0.54146099070858611,0.62996646827224745,-0.34810840481873506,-0.24040519052908582,-0.98862097931371751,0.52506774059660044,0.62909887992642055
401,0.13442156815558848,-0.83399642223591974,0.84943614053653027,0.5392513057225532,0.78368064898938128,-0.88204797721761952,-0.54598031103761024,0.78580053327060795,-0.41188293049077784,-0.21331282800128615,-0.39302475309141149,0.18188340635212286,-0.0063794097097353841,0.10820124855695856,0.7134688241889986,0.85454331716994947,-0.30978988165961985,0.79098781397855511,-0.061931924057916588,-0.057450628767019341
402,0.8717222964961755,-0.2510446116114442,0.82397060336496408,0.47361984748765673,0.46405140897153041,0.65933282043094366,-0.4938807345229439,0.84483185849358211,0.060328016431747011,-0.98905868347245396,-0.72367721024822362,-0.74521180248491525,-0.4588192391533279,-0.26192313662803102,-0.82122780460109746,-0.75950929876142714,-0.87765492287396896,-0.28382262873462727,0.032567781983526611,-0.85039135497923968
403,0.25166157031497938,-0.30706688000159987,0.99445581206615774,0.99222378309857873,0.93685070212454269,-0.17246541417511563,0.29014897531903605,0.51278415706309355,-0.92514273878249265,-0.63849219426490844,-0.79137303454519881,-0.65277387013000343,-0.77536350308225965,0.021147989075939844,-0.95471813882442991,-0.97575971795789229,0.41036269411970117,0.15027124549414728,-0.020902633547830174,0.90453449763663207
404,0.65005641248410728,-0.53796292238171683,0.97699348523238516,0.45821204450507103,0.28394423952988102,-0.6541670510216504,-0.14742208228156017,0.92986965195154103,0.83334723053969695,0.56174006706566448,-0.95962903298341962,0.77135590723842928,-0.69641107694576099,0.18140502815691684,0.25723113595590852,-0.89620357285636509,0.65419033575621599,-0.65131039776253741,0.2050410562803906,-0.11823737533838075
405,0.39281928034657732,-0.94292761505133016,0.72160658237091679,0.61017925702325759,0.26377815614197275,-0.93851946499800243,0.91472359921161273,0.5500315513561933,-0.12609287081024068,-0.34825738667965367,0.5434808766817345,-0.11004449746105194,-0.57430719161207633,0.94336316829775879,-0.64227936921836326,-0.6204736341919781,-0.50873715174177758,0.94854531738987591,0.68432949980237079,0.43903835415116998
406,0.71134291278079842,-0.58531648172691875,0.80045895578218462,-0.57061990328204937,0.23769199388333218,0.16058372172816315,-0.82674876386962137,0.79455724500359293,0.25136637998194522,-0.65158710340354631,-0.59294485785788842,0.80234711602342723,-0.8299996337247586,-0.24957333134255966,0.60484034674274434,0.030590648666734888,0.0024866498983897589,-0.36712625130590237,-0.08833285926982537,0.32543716023026792
407,0.75099230059384281,-0.66615914045156122,0.8523744924928407,0.18755087120945624,0.21778032384905321,0.40786194285220034,0.15272937571586831,0.97912851610895135,0.59781265519288174,0.32184116217564607,-0.85919959195988338,-0.063666223879426331,-0.60542805715595782,0.14230554322360867,0.38476200467251509,0.52702782519256708,0.26449083147424601,-0.39212376728005771,-0.042394634401284659,0.80479489594732034
408,0.88633203805631133,0.0837682410845495,0.92970282028316609,0.21907060466590589,0.72725477285174844,-0.64954433035099957,-0.8038767434302212,0.98177062938991688,-0.96907958481386114,-0.79731536188246865,0.54181376558504302,0.66288846276524516,-0.014434286459422685,0.021752989436215842,-0.75156154742050441,0.68809915065764748,-0.54036968618270875,0.22102709996704251,0.29203487619199642,0.21782513756322985
409,0.41895173093116789,-0.81772295175548315,0.71742472756693387,-0.42832252286081585,0.5029982930508563,-0.77771659871944698,-0.84620233397294142,0.82074564751144985,-0.94146686315075057,-0.61894432335155258,-0.16307278636707401,-0.62131683368678559,-0.17037559393233837,-0.015328960518199874,-0.86748039542948296,0.63689976953493499,-0.52602452410897427,-0.97286399700741533,0.69660610692895264,0.9631036144213494
410,0.25166157031497938,-0.30706688000159987,0.99445581206615774,0.99222378309857873,0.93685070212454269,-0.17246541417511563,0.29014897531903605,0.51278415706309355,-0.92514273878249265,-0.63849219426490844,-0.79137303454519881,-0.65277387013000343,-0.77536350308225965,0.021147989075939844,-0.95471813882442991,-0.97575971795789229,0.41036269411970117,0.15027124549414728,-0.020902633547830174,0.90453449763663207
411,0.13442156815558848,-0.83399642223591974,0.84943614053653027,0.5392513057225532,0.78368064898938128,-0.88204797721761952,-0.54598031103761024,0.78580053327060795,-0.41188293049077784,-0.21331282800128615,-0.39302475309141149,0.18188340635212286,-0.0063794097097353841,0.10820124855695856,0.7134688241889986,0.85454331716994947,-0.30978988165961985,0.79098781397855511,-0.061931924057916588,-0.057450628767019341
412,0.95359181303177465,-0.62522279841880124,0.9165518284159897,0.69369476987466672,0.80232221944853288,0.97041641477825369,0.7624947545191727,0.8595368758222055,0.058795800641438412,-0.51220605582370515,-0.98144703425346402,-0.098826962892562875,-0.85896359227540175,-0.54851803655904741,0.52307201543477455,-0.20786316597971233,-0.25410292032608095,-0.47210231687202064,0.64224253599621717,-0.59465427272724414
413,0.61191841520556833,-0.36518031225588232,0.91634276496600164,-0.027768677593063451,0.73676883872938426,-0.34226606228838463,-0.16453979994113554,0.031198715688117273,0.30285749513692317,-0.40892285758909841,0.46075068124691043,-0.20954155996928736,0.078324363100838568,-0.42738269128077389,-0.56089312327648977,0.98442880538683464,-0.86891145242221035,0.39922886474798913,0.51493615836780382,0.29179492320125822
414,0.90477490206475153,-0.4513522715353453,0.78104436783786135,0.82126455330008952,0.97410237276359357,-0.59342516287467695,-0.032077126150044988,0.69121238673324958,-0.7579265299461877,-0.67938723473080409,0.45882985859523262,0.0021569162898695815,-0.40887120035788382,-0.13186156864583376,-0.6068048613355963,0.7284489981207718,-0.43829438645846985,-0.20349042417873675,0.62620555828935243,0.78724448781418133
415,0.8901566634622462,-0.90459801796095429,0.88636024962311,0.88916973113600051,0.33488250921317997,-0.57697682138786943,0.11575012995098488,0.74368490166376233,0.92709720735761536,0.98088597465427418,0.81977496758324064,0.47302175613268904,0.93592357579493202,-0.63403788487521751,0.53324428507140831,-0.45495655008082281,-0.091052535736771967,-0.18535780308998673,0.79498004476763984,-0.83605288741076111
416,0.70448295289440588,-0.31223742823811951,0.88499155950810171,0.29986444939536128,0.1848135893356706,-0.99063692255904034,-0.65379089796987833,0.96779543983532057,0.30557831093610055,-0.53154812196390466,-0.080815000835453565,0.73827454905810663,0.88467811947876851,-0.45220303528480987,0.040275809520424755,-0.54642569574392597,-0.5007421741000091,-0.67418969610981128,0.96345141535986634,0.48843666226956062
417,0.88633203805631133,0.0837682410845495,0.92970282028316609,0.21907060466590589,0.72725477285174844,-0.64954433035099957,-0.8038767434302212,0.98177062938991688,-0.96907958481386114,-0.79731536188246865,0.54181376558504302,0.66288846276524516,-0.014434286459422685,0.021752989436215842,-0.75156154742050441,0.68809915065764748,-0.54036968618270875,0.22102709996704251,0.29203487619199642,0.21782513756322985
418,0.96401764181754657,-0.36051958968136133,0.94116881046126188,-0.75340009530436181,0.55767915917876487,-0.44082734604778895,0.44482544687347625,0.82846276624117832,0.025986700796077011,-0.75192042896362699,-0.015238443653784017,-0.0071699756187124652,0.0298815829821788,-0.31112251232666233,-0.63877988680057851,-0.23819482925787172,-0.98680304885168857,-0.80133938836124496,0.013330243447120305,0.66799588158329493
419,0.39283533617684818,-0.89807982388325991,0.79756760030915252,0.09372255325444323,0.23904715862633918,0.2939504545788918,0.71568151319509976,0.10114999653220336,-0.18651655982793658,-0.94938503221588788,-0.43018034305468467,0.10055494999598258,0.66413685262197775,0.29369510807392651,0.34019367433629633,-0.57767627906760777,0.359770457844794,-0.26635395005365847,-0.61869312202524029,0.55714165817241401
420,0.70448295289440588,-0.31223742823811951,0.88499155950810171,0.29986444939536128,0.1848135893356706,-0.99063692255904034,-0.65379089796987833,0.96779543983532057,0.30557831093610055,-0.53154812196390466,-0.080815000835453565,0.73827454905810663,0.88467811947876851,-0.45220303528480987,0.040275809520424755,-0.54642569574392597,-0.5007421741000091,-0.67418969610981128,0.96345141535986634,0.48843666226956062
421,0.13442156815558848,-0.83399642223591974,0.84943614053653027,0.5392513057225532,0.78368064898938128,-0.88204797721761952,-0.54598031103761024,0.78580053327060795,-0.41188293049077784,-0.21331282800128615,-0.39302475309141149,0.18188340635212286,-0.0063794097097353841,0.10820124855695856,0.7134688241889986,0.85454331716994947,-0.30978988165961985,0.79098781397855511,-0.061931924057916588,-0.057450628767019341
422,0.63626850864835838,-0.97159486608169465,0.82350254948804058,0.77919187569369552,0.26611969059389917,-0.96834445896775101,-0.30446879395752924,0.48960794147772813,0.53450683901298746,-0.41909929255692857,-0.33126915046930794,-0.92575729744563029,-0.020141294646760288,-0.80506106390731502,0.0041944776714233356,0.78977954842160836,-0.20791739113629237,-0.96630805306101375,0.20670501841370847,0.13711158437052351
423,0.8768940893303121,-0.91636723716329449,0.82603229720899329,0.3208585270478066,0.45540519139381774,-0.010915574008353746,0.9341923000122847,0.7941435350054209,-0.79449357719579616,0.35405127875696918,0.98882671930231103,0.85257717843845682,-0.45177511429366302,-0.36011963960249305,0.99922427778286416,0.0037450999919701466,0.88589123026933647,0.80171336541619076,-0.77673140871256896,-0.91972767332883665
424,0.71061180737814,-0.19326128967906997,0.99417210443925508,0.26634467885060897,0.50028046840702323,0.97555508587259987,0.97076837858447318,0.86433465686615096,-0.95903294145235218,0.83536523566386567,-0.092872522813546521,-0.49177571622214278,0.54130419661918561,-0.43417586440869194,-0.59708694620217773,0.93691760730438589,-0.27280930868191833,0.70097918329811093,-0.037363607444300229,0.26142926715102943
425,0.97074134003605606,0.43108065711438903,0.94286064417538973,0.57183909717718073,0.55270145783789881,0.08769781245818864,0.57358440352384377,0.36654171319047135,-0.82654672281126951,-0.6839931744002925,-0.30085882252841523,-0.53797612134589134,0.56376185357830222,-0.89010417615835524,0.80548083139447857,0.2548246644676142,0.82265994646629137,0.45131050901164671,0.14996506301422174,0.038722676236901066
426,0.28570380014951136,-0.73366880556028491,0.85188024396476281,0.51405891411812799,0.58898414721867987,-0.90716763287526958,0.36680160328229916,0.6644289843663389,-0.8514443270246006,0.7695151730891685,0.43225187338750648,-0.36993979050721704,0.94207914389604408,-0.14936203523196245,0.52388208024904293,-0.22154217202485982,-0.10221756834154938,0.064547850109397453,-0.83572348731619606,0.42838264919466762
427,0.90477490206475153,-0.4513522715353453,0.78104436783786135,0.82126455330008952,0.97410237276359357,-0.59342516287467695,-0.032077126150044988,0.69121238673324958,-0.7579265299461877,-0.67938723473080409,0.45882985859523262,0.0021569162898695815,-0.40887120035788382,-0.13186156864583376,-0.6068048613355963,0.7284489981207718,-0.43829438645846985,-0.20349042417873675,0.62620555828935243,0.78724448781418133
428,0.96268610068695781,-0.79792771412484464,0.73821786444567872,0.7580280041154499,0.78450132522127491,-0.47527629669869342,0.65435377473259515,0.69906618658519037,0.77666808651433983,-0.31036043574327477,-0.30943829250675314,0.090073746074632366,0.31911245293942581,0.22991785485549032,-0.85549460913878805,-0.64864215949001136,-0.51106830403230963,0.87627704788768757,0.69631267961071375,-0.0012298018016312362
429,0.24158722766035545,-0.17121740954971498,0.87360019394761057,-0.65865338460458189,0.8370992211907673,-0.57839623701818521,0.97800130244450045,0.3412640996903713,-0.12795510885298822,-0.54645374462600405,-0.15491661043487337,-0.055701206881615395,-0.59383374957899249,0.69944022896331037,-0.70661614430388764,0.6623675369656632,0.62930928125258911,0.1423052520722754,0.15921479542542349,0.85325717112791732
430,0.17618849620839794,-0.035144419307094221,0.80430719000328676,0.90898158319017619,0.52522859654830523,-0.96303683005687346,0.48070330914925674,-0.099786622785260404,-0.34551508689155952,-0.98962091880710923,0.017229586533939356,0.54460182227941067,-0.20251497782406602,-0.34464768094614517,0.43544283420087182,-0.042549134198821337,0.16855956076559542,-0.58296571410565345,0.74980600756861748,-0.8559485480935336
431,0.4456969412236127,-0.69940542994483779,0.73716673663220789,0.41730077197242221,0.52185320675703006,-0.037999390823086454,0.88816016112380791,-0.99269978116887558,-0.14803270686100345,0.42073269197598839,-0.87169176909960844,0.93887692770620079,0.60696038234657368,0.09226147230135906,-0.33977005054009735,0.33064587645628696,0.57833618208268778,0.68591744656757281,-0.81953382562159938,0.84056758571050771
432,0.3744763640249289,-0.15287695383142497,0.98536006252000896,0.82663950521326024,0.39557609844954778,-0.57525818155880803,0.62450466502298019,0.70579020554934857,-0.9953275714794787,-0.80380109515212972,-0.7549794801941212,-0.35418734489125203,0.84401659998203815,0.86400177169883596,0.96634109440815541,-0.13451408065333226,-0.42514416740489169,0.55934025858612002,0.1300122754232742,0.26977419761017396
433,0.37507431957047621,-0.072835958165359038,0.93321946784288223,0.39979564977024595,0.32560562067409959,-0.90400996683160173,-0.24483215634246513,0.91120485306717125,-0.088861693532727104,0.85158561958712342,-0.65029775678849289,0.29075028859473284,-0.32760359165759967,0.24188171051357954,-0.89196784168250032,0.75187951994596069,-0.71842048487236099,-0.81430090726885296,0.66944582216304305,0.50517511813227478
434,0.39281928034657732,-0.94292761505133016,0.72160658237091679,0.61017925702325759,0.26377815614197275,-0.93851946499800243,0.91472359921161273,0.5500315513561933,-0.12609287081024068,-0.34825738667965367,0.5434808766817345,-0.11004449746105194,-0.57430719161207633,0.94336316829775879,-0.64227936921836326,-0.6204736341919781,-0.50873715174177758,0.94854531738987591,0.68432949980237079,0.43903835415116998
435,0.4765436734445867,-0.88447182896722487,0.95094876940992923,0.89113027740736639,0.73732564421465163,0.053407108641832179,-0.9569208791823105,0.78709129078724116,0.067123090241353767,-0.64538888111685089,0.010413607541210679,-0.91867624777086054,0.48336415350279682,-0.27003581519008613,0.86515981400108055,-0.042592134215015953,0.17825980359181859,-0.61344904160985481,0.28499690583135151,-0.10869967234165001
436,0.91294246149283209,-0.59716601884183484,0.75494882023118759,0.93633697186387854,0.36024078855823327,0.021341043253754854,0.090854910575628889,0.27632366151253462,-0.97331792962744501,-0.61351170925059884,-0.5396077631462648,-0.008343069356445465,-0.79625990035428207,-0.077136661112980232,-0.079027936707274149,0.52842639881293496,-0.56661008956120695,0.83029774588020566,-0.063470939957696704,0.64647801985813724
437,0.30801155288128723,-0.19586376638240099,0.74192751385737399,0.93012875454826993,0.57443499772400508,0.48547404904306291,0.33040517853437557,0.66929684377713472,0.42648557955911182,-0.86044833911321739,0.9203333380106089,-0.22641168946065604,-0.90370155896399296,-0.62472105221927188,-0.98798748930657143,-0.64612427190816568,0.6330570230279049,0.79442185708262958,0.17258312427349431,0.52419139448513064
438,0.52307095612605226,-0.20753510673914621,0.94787798763134901,0.55478840912012384,0.64024535132782012,-0.094036227040095843,0.72494627885423624,-0.57702703658188792,0.43482542839490756,0.020818646089150405,-0.23123150515298718,0.70483933856251868,-0.25667351942686945,0.30545415521327568,0.6204538939955313,-0.0022272140516810257,-0.089692133686799957,0.41197263775580972,0.10878396177605021,0.56251680656323799
439,0.98824065401694461,-0.83706074034842648,0.91858806959095829,0.53229620434405156,0.39273768424373712,0.14000692653654156,-0.93516559506868746,0.66913886755062602,-0.60983399956449191,-0.65122196925003983,-0.79312961582871955,0.13822131628364587,0.88716404978439001,0.39423767639007834,0.015411186235780194,-0.22712877787972885,0.029573830838123039,0.86476402646360695,0.18757854740844193,-0.26210638389949703
440,0.99984378073824431,0.98451239759081299,0.99446477113395182,0.79374859971058154,0.54085110441991491,-0.090558056788866192,-0.45964420649966775,0.98170958267997244,-0.0045062411540275349,0.43478987305577577,0.31385514390048952,-0.99123009501309345,0.6864006925443924,-0.038831610877463341,0.46652368937282196,0.80207321910818519,-0.13598812794735404,-0.56706290690206229,0.091104852459192198,0.58485367665673738
441,0.91294246149283209,-0.59716601884183484,0.75494882023118759,0.93633697186387854,0.36024078855823327,0.021341043253754854,0.090854910575628889,0.27632366151253462,-0.97331792962744501,-0.61351170925059884,-0.5396077631462648,-0.008343069356445465,-0.79625990035428207,-0.077136661112980232,-0.079027936707274149,0.52842639881293496,-0.56661008956120695,0.83029774588020566,-0.063470939957696704,0.64647801985813724
442,0.75701947639584555,-0.80061394677030062,0.87624685086088583,0.87837535061929084,0.35788772648183431,0.0057910527993096927,0.0070504969232172421,0.79085820643628191,-0.6482187853118806,0.033313770537684251,0.069300253261782352,-0.62040674289308706,-0.58024579826826606,0.34244684034644068,-0.97115249950685989,0.76626855815739359,0.15644517100855748,0.83528448251878129,0.39016699738904914,-0.20636246211614151
443,0.77907079530469026,-0.48145054490158645,0.93929327629536474,-0.24593848722180667,0.56561584366196827,-0.69090822000964369,0.064344392957308205,0.90560678832280517,-0.65564254671304112,0.54363636197292364,0.44281115267414006,0.37349856338627507,0.10700942052482154,0.16394636521327111,0.36434439325980916,-0.2335101430543125,0.98613560063056127,0.16876002129997159,-0.11562157089092007,0.29560152308730303
444,0.85274553597622904,-0.44625982721743052,0.92474177378579414,0.72448497650774568,0.18725296991406015,0.98591829431431077,-0.41718333649326023,0.34761276881485892,-0.93156022474832767,0.96864408580618599,-0.82886737607050764,-0.46692219257595191,0.48866109728266216,-0.96879175663131933,0.97199911927363813,0.3351633252855919,0.01025105388939318,0.81918235762380021,-0.073651539755093198,-0.12382985341570252
445,0.16334709295057226,-0.35078527475688448,0.80802705336071234,-0.41890569146163315,0.45268534430104701,-0.5007423432891025,0.99162730619556605,-0.010557336300907494,-0.22830776345534098,0.9061822327570761,0.56338585696190457,0.046752062979153131,0.61345824301231011,0.19069226714259369,0.76781871937276036,-0.96076283788946437,-0.35847446747470513,-0.90476321817778316,0.51641968532915228,0.65524457856324525
446,0.77963086762232625,-0.71549219748770532,0.52482250877675907,0.74344395641416883,0.64133313973927586,-0.67702810628145826,0.64014781832707546,0.61314961923803946,-0.35616294881874655,-0.91998580292415655,-0.35643787292688467,-0.83879356742719091,-0.19325497539701919,0.073115359775058009,0.4886735733827321,0.73526792578085542,-0.15943256781027793,-0.80994120251691526,-0.96494075850573968,0.8807304807482137
447,0.5657861720823214,-0.56167728359746305,0.78736879531611814,0.52447972871558557,0.29355610899652818,-0.39341928403796422,-0.091786722799684251,0.53569073654122157,0.43433768957382068,0.63953984117934182,0.4292116862500992,0.058561249545663108,0.62102304290185328,-0.060187207811483789,-0.56003472408828658,0.075670247561882231,-0.54262968193567063,-0.71533986292787599,0.67432609962485501,0.37792855256774849
448,0.88633203805631133,0.0837682410845495,0.92970282028316609,0.21907060466590589,0.72725477285174844,-0.64954433035099957,-0.8038767434302212,0.98177062938991688,-0.96907958481386114,-0.79731536188246865,0.54181376558504302,0.66288846276524516,-0.014434286459422685,0.021752989436215842,-0.75156154742050441,0.68809915065764748,-0.54036968618270875,0.22102709996704251,0.29203487619199642,0.21782513756322985
449,0.10203358517109495,-0.13848747150785989,0.77374766015157137,0.49074957795313789,0.38342895540606148,-0.82871563831835826,-0.55153918835595861,0.51915903725970147,-0.36248952601650797,0.24400583449131652,0.73850786794322554,0.68217662830160175,0.6718984079880661,-0.92722758908906755,-0.43412289463088527,0.29582388675527094,-0.49256232475106643,-0.039588353788025055,-0.4713774886556128,0.71554159889314994
450,0.32609746391624328,-0.81957550414867852,0.67339041702501223,0.91214226975816337,0.75602007542194838,-0.93953359710127127,-0.052113443165888729,0.47943898070219193,-0.06176396814566254,-0.76234495117155654,0.92119592387281668,-0.34745700104062394,0.30202093471818703,0.24683415455425228,0.63796753180728794,0.69059057522962397,-0.66713578644590976,-0.56384511201531939,0.77719538802460009,0.80955624457914488
451,0.88633203805631133,0.0837682410845495,0.92970282028316609,0.21907060466590589,0.72725477285174844,-0.64954433035099957,-0.8038767434302212,0.98177062938991688,-0.96907958481386114,-0.79731536188246865,0.54181376558504302,0.66288846276524516,-0.014434286459422685,0.021752989436215842,-0.75156154742050441,0.68809915065764748,-0.54036968618270875,0.22102709996704251,0.29203487619199642,0.21782513756322985
452,0.8882320348399122,-0.89864648585908169,0.91346944631052973,0.18731296184706725,0.63106972282091656,-0.46841647110275098,-0.24159478880007024,0.64078121084389683,-0.18062532956709654,-0.85387060519251068,-0.69345100988726793,-0.46440980732786663,0.46031684946871554,0.90712258048651573,-0.63011311236013867,0.69621154779421524,0.24858987643823816,-0.39285637466912982,-0.10700769351919925,-0.72753629192275193
453,0.94062881714208069,-0.26881228351262054,0.82702778065726856,0.40228096498807298,0.2330531518388117,0.86422313808853368,0.44715304803216682,-0.4219955149400898,-0.093897306770333921,0.70940625595620954,-0.90872658758174074,-0.13952756233107277,0.31757176588248659,0.19145680579955826,0.93764132261864264,0.037261318302379109,0.17989708125347703,-0.86009016608656541,-0.50117874800145334,0.43341175601594562
454,0.60353987615477789,-0.79984723427077387,0.81945528816484692,0.58399473489468745,0.083600342308613795,-0.80740099389942355,0.15685912575959926,0.94594034322932874,-0.24555348229539842,0.19246516458496954,0.57842732890854154,-0.18060134233527325,-0.86309632729798591,-0.99158235173942377,-0.69889677931252936,-0.67812674528918082,-0.23659722771504477,-0.66173075994184893,-0.60543510127592248,0.45785540215585119
455,0.35424498817603745,-0.52873631180934377,0.99333903181901118,-0.4235234935381389,0.9283480504205972,0.61084163889793897,-0.61950940217797701,-0.048228809377799386,-0.62951232207297925,-0.63847690536222701,-0.58776337700116632,0.63941518464431191,0.29624297209881223,0.25893433766377982,-0.49169179086221293,0.076461901909706365,-0.92754504543372462,-0.13534697363674075,0.7830313436137688,0.091714811315202871
456,0.32016138329014687,-0.66141077759264122,0.69798225143401105,0.81425101249907317,0.38943645450471531,0.40001386750485035,0.62091413615218016,0.99983388876019164,-0.42697008189070762,0.35317832875794641,-0.32041585544161588,-0.15763893967110021,-0.68230313986770863,0.88490499284414637,0.14488238489887117,-0.38638947086519693,0.39208375958660335,0.48351924149350189,0.9944219957542082,0.67180735782370404
457,0.14717019327251624,0.21988835338383117,0.936379106444714,0.55852574926628029,0.48586234727849154,0.72358444659439636,0.8393842168990886,0.95648366470118562,-0.62644303381134359,-0.5298905500662372,0.76158154736372885,0.66073354461679012,0.0013969943797234041,-0.84455292536284343,-0.44598838324643264,-0.78661448981807025,0.67143582858333861,0.83716968148581627,-0.88571861677960206,0.97258214221684236
458,0.30218812274583651,-0.44380033697051235,0.77934939086275956,0.29069370330137656,0.3018248151963645,0.13699909942927646,-0.30413415533754229,0.96139708928789136,-0.68948781239495194,-0.85688564605572215,-0.98062445113005126,-0.25988677217418799,-0.45050483186168599,-0.31835570598183605,-0.39497430714591641,0.92193294071920096,0.42414953744913397,-0.16740306999072696,0.99750115754502411,0.9056113108127628
459,0.48025657902134378,-0.91233779127755454,0.91984665735944349,0.85191214261783155,0.16482071882034499,-0.55852332676433192,-0.97742701729293602,0.90489512658980109,0.86522714826220004,-0.83248099869351755,-0.20163689314621447,0.24872206330988123,-0.30920039901181084,-0.88134022744514673,-0.80682336099815011,0.3394708991664579,-0.041052493870233464,0.5962332555213079,0.62115951508084555,-0.60752993380430653
460,0.99139333096117421,-0.58601947262896958,0.99644112531985174,0.55648314143017519,0.44733760106453624,0.14137798457195649,0.48116155932000337,0.63726701289181698,-0.34519797965529442,0.53792654250068295,-0.021511017615728489,-0.73871040199793758,0.6018233192795881,-0.17769795044153169,0.26323983643436177,0.91674809833297966,-0.52699362848184506,0.92464987751444405,0.37978284992682099,0.92997749143761621
461,0.93479951823320229,0.52777681447149671,0.79375316442916555,0.49344343442153971,0.72732810889822086,-0.016781933252343562,-0.028350472892798129,-0.04762764633473493,-0.44688069412154952,-0.52310103700042987,-0.9091899118636857,-0.73076195188217596,-0.21667460218491597,0.032600205500976642,0.17544145390731503,-0.026749629326770163,-0.92124414983517244,0.71099779864350832,0.11671208937045674,0.08351913112311582
462,0.32482562646670976,-0.47054302681640081,0.70303543857261763,0.6212043051601539,0.4583601898903642,0.10097997821300519,-0.19162626523575543,-0.17723616099059081,0.059833055116942813,-0.71814356208751651,-0.30491118995875643,0.56928166045426254,-0.14136931704001543,0.56193588904923941,-0.23511526618344125,0.89687531289735167,-0.3939605683751588,-0.91019882577477307,0.11303695190523033,0.12777378426160224
463,0.99139333096117421,-0.58601947262896958,0.99644112531985174,0.55648314143017519,0.44733760106453624,0.14137798457195649,0.48116155932000337,0.63726701289181698,-0.34519797965529442,0.53792654250068295,-0.021511017615728489,-0.73871040199793758,0.6018233192795881,-0.17769795044153169,0.26323983643436177,0.91674809833297966,-0.52699362848184506,0.92464987751444405,0.37978284992682099,0.92997749143761621
464,0.85018261841250031,-0.56332959855618525,0.93692184056425543,0.50097453642492495,0.25000503685093456,-0.91800139453184992,0.93425898613233116,0.60275756760532562,0.24154243496428585,-0.68718401208701385,0.47282323484209932,-0.476081151997376,-0.85304459950476086,0.81096154828597222,-0.85241393949692124,0.76198938208567557,0.43463179974489785,0.96671127875476137,0.13837606091851806,0.31265094624852474
465,0.92329257987294544,-0.53345715154141393,0.76698072231950976,0.87589562429250667,0.73839251169560804,-0.90162510003659935,0.73676539679830233,0.077018511412440871,0.76134297478233304,-0.36972736619783286,-0.53765659666578447,-0.49134522862819274,0.17855619577113457,-0.49090758095137943,0.20949881431999806,-0.77327457419551027,-0.5072804012948755,-0.66446968164617726,0.1088687399576993,0.38339476801619932
466,0.75539310012124905,-0.9608490138335315,0.75927931848800512,0.12581004935193318,0.53989810606242261,-0.52547979782192145,-0.21333405296429353,0.93519633394274782,-0.32706417498588758,0.3284260533269665,0.3126649455364654,0.55741064437214294,0.54430100846898477,0.45564989334187356,-0.981023188233904,0.99916597603352231,0.37607112907181794,-0.49293836989133055,0.42468608852180778,0.31601812964949882
467,0.43298774679608476,-0.64956473379078372,0.91708811878646257,0.50166738094000651,0.52479252245757846,0.4784129444104146,-0.50739673774522798,0.35425946522634599,0.5838994868832541,-0.91456660541680668,0.62977835510749713,0.45793619060409374,0.46611365673996263,0.13206589249273537,0.28898668912990755,-0.95014861351906643,-0.19476322922528655,0.069628811922671563,-0.57680508070184944,0.52644265547815361
468,0.90477490206475153,-0.4513522715353453,0.78104436783786135,0.82126455330008952,0.97410237276359357,-0.59342516287467695,-0.032077126150044988,0.69121238673324958,-0.7579265299461877,-0.67938723473080409,0.45882985859523262,0.0021569162898695815,-0.40887120035788382,-0.13186156864583376,-0.6068048613355963,0.7284489981207718,-0.43829438645846985,-0.20349042417873675,0.62620555828935243,0.78724448781418133
469,0.3744763640249289,-0.15287695383142497,0.98536006252000896,0.82663950521326024,0.39557609844954778,-0.57525818155880803,0.62450466502298019,0.70579020554934857,-0.9953275714794787,-0.80380109515212972,-0.7549794801941212,-0.35418734489125203,0.84401659998203815,0.86400177169883596,0.96634109440815541,-0.13451408065333226,-0.42514416740489169,0.55934025858612002,0.1300122754232742,0.26977419761017396
470,0.46965564738076848,-0.7652357391291158,0.83708569039435599,-0.90915700726736604,0.39643040581507161,0.010581190639921134,-0.08000622096096488,-0.4069130593303909,-0.89163659718704835,-0.39542429199569051,-0.93256447510334395,0.61360430471594385,0.66538205587594734,0.6255233285315045,-0.18165104568113977,-0.79164080730667208,-0.30718558466037882,-0.51802661246298887,0.094106649807783826,0.12993404720544977
471,0.85018261841250031,-0.56332959855618525,0.93692184056425543,0.50097453642492495,0.25000503685093456,-0.91800139453184992,0.93425898613233116,0.60275756760532562,0.24154243496428585,-0.68718401208701385,0.47282323484209932,-0.476081151997376,-0.85304459950476086,0.81096154828597222,-0.85241393949692124,0.76198938208567557,0.43463179974489785,0.96671127875476137,0.13837606091851806,0.31265094624852474
472,0.1369268973925668,-0.58251015801421357,0.99850621007070783,0.24584759307163462,0.60025216993496966,-0.12598237815629609,-0.012674324473510579,0.65460795792138504,-0.65724156692216229,-0.35846129785935332,-0.65591395334129698,0.85752739614803941,-0.51687741611103899,-0.29946357402104762,-0.16361014047502764,0.058140778536247328,-0.70727697109178478,-0.53750997803290068,0.71888553532571908,0.52105700470767236
473,0.47210494574158779,-0.35572726131487875,0.88020406217265834,0.7230410731139616,0.54268648285737675,0.855094054412886,-0.11964661187563785,-0.0085005693384365699,-0.62107373936783783,-0.031429184542204558,-0.54586493407224146,0.90888748530435781,0.82418127854352297,0.52798187985907341,0.25376954922729289,-0.54363454596435901,-0.36174366044365103,-0.45060156444040578,0.45329383678597446,0.3831318743678076
474,0.98498362428339004,-0.39962270388983012,0.52698732835827733,0.88180140344893343,0.61558468834759306,0.086922088151790922,-0.7385162531201741,0.79784580877522249,-0.69064755576858161,-0.86498608064262128,-0.0035195943214345604,0.67274699954620565,0.0418360050615878,-0.5099539086333762,-0.5101378344088896,0.64522736432714622,0.9839997580128188,0.22850393586383788,0.6910712918990507,0.58185205096005599
475,0.16253994759924262,-0.48705599948590317,0.83340733669005851,0.60268910049173896,0.33539142350086149,-0.86961176082686475,-0.64936515647611848,0.48525840357758376,-0.5987084057716372,0.1954312409820691,-0.32641497952003795,0.76254492849597688,0.46183507553794501,0.61332215527576994,-0.39698272939130774,0.33792061496786685,0.9298288477035519,-0.6980296537480557,0.7065579606752046,0.20457599601645327
476,0.3744763640249289,-0.15287695383142497,0.98536006252000896,0.82663950521326024,0.39557609844954778,-0.57525818155880803,0.62450466502298019,0.70579020554934857,-0.9953275714794787,-0.80380109515212972,-0.7549794801941212,-0.35418734489125203,0.84401659998203815,0.86400177169883596,0.96634109440815541,-0.13451408065333226,-0.42514416740489169,0.55934025858612002,0.1300122754232742,0.26977419761017396
477,0.68268881965896333,-0.52655025478067441,0.76353461165094494,0.57927387950012066,0.53636348967172287,0.35266052881530152,-0.059388164377291996,-0.0020560731058503201,0.71217403911716626,0.35157056875545312,0.71340438303151266,0.3095385396155661,0.57419518483166909,0.60098663404962882,-0.44803212181166896,0.30182931822937786,-0.86101741418849875,0.96515625697038776,0.57663108494404747,-0.14646096679941922
478,0.4765436734445867,-0.88447182896722487,0.95094876940992923,0.89113027740736639,0.73732564421465163,0.053407108641832179,-0.9569208791823105,0.78709129078724116,0.067123090241353767,-0.64538888111685089,0.010413607541210679,-0.91867624777086054,0.48336415350279682,-0.27003581519008613,0.86515981400108055,-0.042592134215015953,0.17825980359181859,-0.61344904160985481,0.28499690583135151,-0.10869967234165001
479,0.53981683735881991,-0.64261464264508628,0.714515248805627,0.78627218371441598,0.63641059546795353,-0.41554795848083104,-0.4501547965436119,-0.99228928355647272,-0.20784885017064614,-0.22478378846875335,-0.98012181502641949,0.065682951524196787,0.46135779638844365,-0.48069170613685874,-0.49247694529864527,0.41404268759806717,0.16315705804537139,0.11552548397336393,0.74108906316933898,0.4766237696261526
480,0.23169276526497606,-0.52608773870622505,0.97493851126129205,0.17814007049163227,0.87469609007569926,-0.11286410548409709,-0.7025178613320151,0.69204060541567625,0.29757673355561276,-0.83813018369094805,-0.21647427826981258,0.4187980678056713,-0.2817507901018439,-0.52833981802523033,-0.1312480016081079,0.76022805654871095,0.22766396683447243,-0.23473408690831965,0.066580359592679716,0.5216925102434018
481,0.3744763640249289,-0.15287695383142497,0.98536006252000896,0.82663950521326024,0.39557609844954778,-0.57525818155880803,0.62450466502298019,0.70579020554934857,-0.9953275714794787,-0.80380109515212972,-0.7549794801941212,-0.35418734489125203,0.84401659998203815,0.86400177169883596,0.96634109440815541,-0.13451408065333226,-0.42514416740489169,0.55934025858612002,0.1300122754232742,0.26977419761017396
482,0.90693496349145297,-0.21883339561552906,0.88573704763565186,0.37353019035403445,0.60347446619307732,0.37115713538840822,-0.24634328816130702,-0.50260313019315572,-0.58636656350165972,0.33188158872829776,-0.39280228212544088,-0.95295534764851753,0.095906156188171554,-0.28647009923245981,-0.28482369689049514,-0.66985946109140015,-0.55185790761713704,-0.91866473092657919,-0.48088823026619942,0.70189531634771241
483,0.95359181303177465,-0.62522279841880124,0.9165518284159897,0.69369476987466672,0.80232221944853288,0.97041641477825369,0.7624947545191727,0.8595368758222055,0.058795800641438412,-0.51220605582370515,-0.98144703425346402,-0.098826962892562875,-0.85896359227540175,-0.54851803655904741,0.52307201543477455,-0.20786316597971233,-0.25410292032608095,-0.47210231687202064,0.64224253599621717,-0.59465427272724414
484,0.61401435904875568,-0.24133828113880873,0.9185812665221873,0.85415913555831602,0.46588004049950604,-0.42296917493265962,0.15371766414713828,0.68647935569190865,0.92140653626307789,-0.0044455135041376881,-0.18035230202357111,-0.83947467782258256,-0.37207300621576178,0.4190372846162338,0.17441972715142429,0.06301050318741086,0.14272237195727011,-0.55064813988914785,0.16752807697804539,-0.59439411651441532
485,0.75037364820545904,-0.013272480351665061,0.98840067627256656,0.17740493601965923,0.83339558242326484,-0.75333512700755612,0.28784653751495726,0.31268974665164695,-0.53844941450153638,0.34881683063046931,-0.23415645949288377,0.79859121260629928,0.92607700112016578,-0.073267161400201841,-0.98851034239114211,-0.36582335516750519,0.013468002513611133,-0.1835653544285063,0.84191555163663989,0.33351234065413249
486,0.76790741342342916,-0.53128140312831218,0.8618402579373774,0.90591232305633373,0.30339225613453014,0.87750306566414449,0.024533879339787346,0.96379490157254244,0.31896257800672778,-0.75342585617776803,0.86846398970379379,-0.93719010001794567,-0.38647308521911894,0.49219345068807518,0.88122502235034084,-0.28953672022084453,-0.82386436969431465,0.059880241655396071,0.85340021711522285,-0.088495502271641602
487,0.18911468265280518,-0.29891301243202406,0.96756529361711552,0.46721250927977409,0.28716733376414538,0.20176620535196155,-0.32071577252656369,0.78827373498329778,-0.89811461940028825,-0.93003298889673691,0.05464202171269994,-0.12878234272429046,0.14130054355830435,0.81288718350334555,-0.23504001724712231,0.90527000918081368,-0.94424756266511101,-0.50719681413761175,0.76326979832150554,0.020720301855170264
488,0.4765436734445867,-0.88447182896722487,0.95094876940992923,0.89113027740736639,0.73732564421465163,0.053407108641832179,-0.9569208791823105,0.78709129078724116,0.067123090241353767,-0.64538888111685089,0.010413607541210679,-0.91867624777086054,0.48336415350279682,-0.27003581519008613,0.86515981400108055,-0.042592134215015953,0.17825980359181859,-0.61344904160985481,0.28499690583135151,-0.10869967234165001
489,0.18133858351225185,0.23796547526738787,0.81228277170740726,0.74128178052374238,0.92055599263195198,0.27435050114989412,0.57194105091481284,0.61071265067774649,-0.079665528851654122,-0.36702916749820558,-0.47114917107666243,-0.58898424417333684,0.54442661916650503,0.17141489399567833,-0.49527331569409583,-0.88788848884639782,-0.2152460827288647,-0.34117838548717283,0.87397039525004372,0.73277011647032286
490,0.16253994759924262,-0.48705599948590317,0.83340733669005851,0.60268910049173896,0.33539142350086149,-0.86961176082686475,-0.64936515647611848,0.48525840357758376,-0.5987084057716372,0.1954312409820691,-0.32641497952003795,0.76254492849597688,0.46183507553794501,0.61332215527576994,-0.39698272939130774,0.33792061496786685,0.9298288477035519,-0.6980296537480557,0.7065579606752046,0.20457599601645327
491,0.98824065401694461,-0.83706074034842648,0.91858806959095829,0.53229620434405156,0.39273768424373712,0.14000692653654156,-0.93516559506868746,0.66913886755062602,-0.60983399956449191,-0.65122196925003983,-0.79312961582871955,0.13822131628364587,0.88716404978439001,0.39423767639007834,0.015411186235780194,-0.22712877787972885,0.029573830838123039,0.86476402646360695,0.18757854740844193,-0.26210638389949703
492,0.69815377431993997,-0.89031654493326151,0.82614521542662911,0.25528414070182581,0.31464268783359084,-0.92771049729510935,-0.63971721696255757,-0.49838711478937636,-0.67248171842086868,0.76071924241531841,0.35109820902934996,-0.94026460756410701,-0.77755703780798302,0.82109445014902649,0.91832021935341812,0.44640322141798072,-0.547066448546637,0.36635022437210552,-0.41167728047161822,0.74642534090562784
493,0.96488038689356448,-0.87445440907344518,0.75659726749299572,0.17228130924348295,0.91809081788227509,0.67697736491839144,0.25487461916123721,0.87195878137585159,-0.27369295428286389,-0.93482622408850258,-0.70780428827965447,0.22443008519594754,-0.47571440374314067,-0.95012099111621118,-0.19164385627658254,-0.99490451800890845,-0.51946052860621106,0.533033904405944,0.2769743179641726,-0.76664564977295369
494,0.93574526859720053,-0.56827098444383739,0.95408696705107099,0.36483307170109924,0.3738079325393886,0.70585123646863202,0.66836600735874074,0.5379248538945729,-0.73329421077724644,0.35528104402362359,0.1390357868134946,-0.92502852572569938,0.68967969342205881,-0.18725021683728182,0.84026322521140862,0.051109471388239847,-0.39329115985191287,-0.56906193735900668,0.84851594323909563,-0.24207914794510943
495,0.79295665987706077,-0.22128229378554831,0.99374384629753809,-0.031058393814978436,0.26262411678387476,-0.71257169326844538,0.024865198606293548,0.19532469447065437,0.7238505188565505,0.97962423341044746,0.19826199055348348,0.71675967127482543,0.31760529969877704,-0.12268699612210954,-0.084892361565695129,-0.60129122620771125,-0.34476236295547413,0.40464873024668946,0.16282769716692047,-0.19469294452821462
496,0.19174482655221681,-0.83131580727474841,0.98821796211134361,0.036018159790510929,0.96055274815699732,-0.9772717755013971,-0.22080116388708659,0.0063326915301438191,-0.80221844758953909,-0.38394312065515068,0.75007478583563403,-0.76445747353545523,-0.64253108549751703,-0.90092953361388783,0.57575720552263032,-0.82003734161195974,0.68238878740030495,0.73958934506493579,0.9400246443058784,-0.32618826866906359
497,0.51335012709775407,0.87061211479045975,0.947379570749733,0.81770991964219242,0.63986193154333337,-0.94219876511209399,0.20693045256313169,0.95653224850157215,-0.62448449026585684,0.62264405549547419,0.94506094683295938,0.99684293371731658,0.12672572430537543,0.59701244397118081,0.304817319162902,-0.11452442912132188,0.56321557057096716,0.26764724019842734,0.97851637257472257,0.87746101358901574
498,0.19525721600069623,-0.12793567104033432,0.88045172492968971,0.038805682576485756,0.46888583632211134,-0.38762294006219022,-0.17268281204412861,0.94734281451557245,-0.8520072749149008,-0.06035026020899581,0.95274047586425237,-0.035142017774652867,0.19881973312409484,0.023174652980691102,0.66907887247880482,-0.24888318126290709,-0.99124480252222957,-0.34342284120094213,0.3011866695886285,-0.052601762928147222
499,0.48898293613399901,-0.62894356091442516,0.85904772605382984,0.85638612405316317,0.32029285248771489,-0.8169524222504978,0.38102781386616114,0.60879763427935307,0.56998876108005869,-0.23388729703707578,-0.89059675475420952,-0.28195637523719674,-0.3139528757219392,-0.19822242467610129,-0.6625604681306847,-0.39866287977938519,0.98568913153944471,-0.33037867292991629,0.78213631505838266,-0.26313746034396779
500,0.76790741342342916,-0.53128140312831218,0.8618402579373774,0.90591232305633373,0.30339225613453014,0.87750306566414449,0.024533879339787346,0.96379490157254244,0.31896257800672778,-0.75342585617776803,0.86846398970379379,-0.93719010001794567,-0.38647308521911894,0.49219345068807518,0.88122502235034084,-0.28953672022084453,-0.82386436969431465,0.059880241655396071,0.85340021711522285,-0.088495502271641602
501,0.91240457301847688,0.094396820016385607,0.78198830585946233,0.3398085845881238,0.49205411741973792,0.99946486074765861,0.68263750806635359,0.53586673998174605,0.27534744071710171,-0.65928851330948812,0.31710375004653013,-0.85204301494987145,-0.55765230026148815,-0.89587751511766478,-0.90507895280615114,-0.77157717749468735,-0.4067731058182078,0.19622056038003377,0.72628811154623607,0.25795585949022559
502,0.7555428975739773,-0.44113343708328268,0.77414453883585344,0.92605696144233218,0.7385404159927198,0.14470828187953999,-0.3677592745278031,0.91156716573144903,-0.40132482150148108,-0.8449603680563873,-0.23073839262921192,0.91567248644500188,0.20926102390956247,0.42629236928676484,-0.21457444955523419,-0.3806118940390788,-0.81002025557202662,-0.22736892139117515,-0.27382587083501253,0.49645308591342219
503,0.9168037113516343,0.040311900646789134,0.75897842651510161,0.91530950353996587,0.78045434417319459,-0.24848619743131017,0.91294452507705715,-0.31737017235382958,-0.6442727955651899,0.040427451384555946,0.96557479364915721,0.47605714018598633,0.12474712309965064,-0.029258978710023476,0.78560420508849749,0.62532759858001663,-0.1582981828078065,0.60684425373603079,0.16775671421326543,0.44161708443169534
504,0.80729337930049394,-0.041549399191695535,0.89912740034369731,0.73916167342109418,0.57197052950757699,0.86353663991693974,-0.5982257097031507,0.61832006986620036,-0.85708722391400038,-0.56708617113182536,0.59655501916487652,-0.40469220884510837,0.23241048307748846,0.23214085103561954,-0.60741236460407055,-0.021855321197002509,-0.58044371145483731,0.80735103355183147,-0.42387433134359287,0.29829185521508972
505,0.80461489345104642,-0.44722840044141021,0.63508697543928005,0.15124340830132099,0.97724505134157758,0.68080400113641026,-0.83906063741508774,0.56509558918883962,-0.72094228852280184,-0.94856031925823858,-0.59788626602882355,0.0068389565300488453,-0.84536811341826557,-0.73593215049824789,0.62658325054960762,0.18310812212274441,0.2566094101961236,0.75369946241393526,0.56651678639904146,0.67003923668383569
506,0.49913761920842559,-0.86847535529428099,0.89528215008914436,0.20132662966391957,0.55593232361990697,-0.3599742394053338,-0.88092009300522167,0.88445815563860131,-0.84119807234644339,-0.85167276999817965,-0.69805993559244439,-0.6565569841938883,-0.10425284559542836,-0.0026483941624182439,-0.74594019552024693,-0.17279217041898653,-0.54997391496411141,0.89397025493107307,-0.063626165734372186,-0.67588821924762477
507,0.1333714515647344,-0.43531521144513707,0.770766660519552,0.28632914904664286,0.42603631738602821,-0.56797988687994638,0.62577843461321825,0.24125681279725963,-0.23092308934541284,-0.22206092970530955,-0.53972671210300716,-0.67950309986482726,0.31223264352787283,0.15445829419691726,-0.11602995567177432,0.61201867933388465,0.83534263530107111,0.78101141261403639,0.28054334275234782,0.11301390979091308
508,0.99719388290840039,-0.2175159302974552,0.73943464860917718,0.53770868192950849,0.32079395977783332,-0.81976811276017059,0.29774445174672581,0.76066089163902273,-0.97618494926266508,0.52713059867363654,-0.92177793202461822,-0.891873545954325,0.40855208835810886,-0.15753835907983915,-0.50253903824333679,0.75459269318687672,0.22572218935618205,-0.95449879470527743,0.53007588443651055,0.26777491906402706
509,0.64547716569098235,-0.78505874825092725,0.90250902606060501,0.45367007603213416,0.65767441107061453,-0.38183717797556538,0.66655628912935216,0.70483281690951838,-0.5549032090676298,0.76649587433204114,-0.25552428357140777,-0.14489699810730827,-0.26042919572835665,-0.36890130910136953,-0.66544586035318321,0.49676238631194525,0.50250804506013091,0.083023657871266643,0.2101645795148348,-0.74531159439278039
510,0.9787165244091387,0.38003976934338857,0.89766759492716264,0.9424151526361404,0.879244816306056,-0.89601400754460814,0.76006236346840006,0.08794039295454037,0.51398116080181389,0.036612208185062167,0.097263210044752135,-0.72444291913542802,-0.95895207892686174,-0.28870143264302972,0.3092487129745991,-0.83320874708431569,-0.079795846292484152,0.37491055359391789,0.6373435056006298,0.71009817846255618
511,0.13442156815558848,-0.83399642223591974,0.84943614053653027,0.5392513057225532,0.78368064898938128,-0.88204797721761952,-0.54598031103761024,0.78580053327060795,-0.41188293049077784,-0.21331282800128615,-0.39302475309141149,0.18188340635212286,-0.0063794097097353841,0.10820124855695856,0.7134688241889986,0.85454331716994947,-0.30978988165961985,0.79098781397855511,-0.061931924057916588,-0.057450628767019341
512,0.41610283026905925,-0.9376625375437333,0.9952364942284988,0.96679260039455062,0.60621885494701422,-0.85358424683014755,0.59613098679163801,0.37528422645133586,0.087123266352781004,0.022385375621730264,-0.26324504997555676,0.0056065927492259249,0.82667331683721046,-0.56060807190664863,-0.57052599481120714,0.23741557745743735,-0.63027273388417115,0.17511685033580937,0.78401774031656957,0.74660861428083725
513,0.25166157031497938,-0.30706688000159987,0.99445581206615774,0.99222378309857873,0.93685070212454269,-0.17246541417511563,0.29014897531903605,0.51278415706309355,-0.92514273878249265,-0.63849219426490844,-0.79137303454519881,-0.65277387013000343,-0.77536350308225965,0.021147989075939844,-0.95471813882442991,-0.97575971795789229,0.41036269411970117,0.15027124549414728,-0.020902633547830174,0.90453449763663207
514,0.77714534753588049,-0.58896379682883082,0.82380976834235042,0.10446967679298647,0.78670170629880265,-0.22708036814849475,0.41248180314435978,0.99483318943700927,0.92186327269102031,0.47601074110527941,-0.38976061102724047,0.56734283441906985,-0.51854036613528454,0.9253869661839047,0.51891087776303202,0.41496611912595904,0.22581631521439238,0.44851633183889339,0.50456919361825503,0.080027544701959163
515,0.18911468265280518,-0.29891301243202406,0.96756529361711552,0.46721250927977409,0.28716733376414538,0.20176620535196155,-0.32071577252656369,0.78827373498329778,-0.89811461940028825,-0.93003298889673691,0.05464202171269994,-0.12878234272429046,0.14130054355830435,0.81288718350334555,-0.23504001724712231,0.90527000918081368,-0.94424756266511101,-0.50719681413761175,0.76326979832150554,0.020720301855170264
516,0.18763509227027497,-0.8500951096337932,0.55586493222880873,0.051941862513382731,0.68464216244513443,0.99181369651540874,-0.57843310875758536,0.45136696840951029,-0.21351311610292267,-0.42584409612036178,0.69842972126564273,0.61633015925672785,0.54041427804847419,0.13941274974535944,0.90717540990495471,0.93478162972798229,-0.41758492565364103,-0.022674673334426299,0.74687639993187083,-0.07874364834532388
517,0.93228848358777627,-0.57448319181941088,0.94802756631055352,0.1130551419466288,0.3953518209593736,0.31482449621792985,-0.56348878189098328,0.7325951174683365,-0.15377216879784639,0.10767679398153662,0.32361829804919129,-0.96531288942217519,-0.73079358377023529,-0.45826672435303228,0.144013236072289,0.55697349890428538,0.92172113244362008,0.79413026063459635,0.85398554642109703,0.95205294905211679
518,0.42568932721801556,-0.70757355302967939,0.9754244683104436,0.27744189203364966,0.86096202563271573,0.00055470893192999249,-0.41220654969664183,0.78765896785553746,-0.39473821423107225,-0.83176373873620046,-0.16554704989377189,-0.77421032986639715,0.80081874480870963,-0.39865751886164857,0.67155502937841693,-0.4828562181513012,0.78861472752153383,0.070704146256461042,0.97568008440266896,0.45701585223442343
519,0.25166157031497938,-0.30706688000159987,0.99445581206615774,0.99222378309857873,0.93685070212454269,-0.17246541417511563,0.29014897531903605,0.51278415706309355,-0.92514273878249265,-0.63849219426490844,-0.79137303454519881,-0.65277387013000343,-0.77536350308225965,0.021147989075939844,-0.95471813882442991,-0.97575971795789229,0.41036269411970117,0.15027124549414728,-0.020902633547830174,0.90453449763663207
520,0.48025657902134378,-0.91233779127755454,0.91984665735944349,0.85191214261783155,0.16482071882034499,-0.55852332676433192,-0.97742701729293602,0.90489512658980109,0.86522714826220004,-0.83248099869351755,-0.20163689314621447,0.24872206330988123,-0.30920039901181084,-0.88134022744514673,-0.80682336099815011,0.3394708991664579,-0.041052493870233464,0.5962332555213079,0.62115951508084555,-0.60752993380430653
521,0.23150960490165207,-0.37491724247441383,0.81395624263536859,0.7368258236813503,0.67780500978771729,-0.8710480475921929,-0.25096569544232006,0.71944046947998364,-0.50573610534857361,0.42704888167880051,-0.56809456425204607,-0.40559654431126857,-0.93004706191373598,-0.92704911966406889,0.11327197899467367,0.6401998497109862,0.2713722248291679,0.21069685554422746,0.60097194576385315,-0.23308059500750189
522,0.47798485793811318,-0.54499014355603803,0.96307573454590911,0.95835454883669691,0.30347277658713989,-0.43768356241579043,0.71308596689861736,0.81041518714326921,-0.81868819414268623,-0.9968102390668252,0.5344245881126406,-0.45510019404715818,-0.18168201992914357,-0.79063871775002004,0.6026311008248062,-0.18995232335921908,0.43844628430298327,-0.79809353213583267,0.85358197164764271,-0.78537478661684834
523,0.92455275071914511,-0.14965063550083246,0.94952965586540516,0.2168650866556594,0.78732555832520879,0.31319934445634878,0.63574537049395374,0.7831039707459635,-0.807090114075111,-0.96734828634458325,0.35110447323380778,-0.64740659950702062,0.88076677570669681,0.48422125309546882,0.34965038784493219,0.55769593528817363,0.82386354506571124,0.61996589797281487,-0.60470210412841374,0.7966865153322209
524,0.86768753934326548,-0.25358375842159986,0.79265751743696899,0.72420429113235651,0.77426829898017635,-0.18417833011027485,0.15805910657574773,0.4704011380167632,-0.60796910212849498,-0.90560521457897392,-0.12616892701496152,-0.54460330423708436,0.18943607901885695,-0.12276134347879575,-0.87174801438728711,0.58684236797139255,-0.71141638443664323,-0.75733184041002533,0.47522238266216821,-0.8032312872228462
525,0.3744763640249289,-0.15287695383142497,0.98536006252000896,0.82663950521326024,0.39557609844954778,-0.57525818155880803,0.62450466502298019,0.70579020554934857,-0.9953275714794787,-0.80380109515212972,-0.7549794801941212,-0.35418734489125203,0.84401659998203815,0.86400177169883596,0.96634109440815541,-0.13451408065333226,-0.42514416740489169,0.55934025858612002,0.1300122754232742,0.26977419761017396
526,0.7422898138672529,-0.45416062061070184,0.82847624070583703,-0.51501838741387806,0.70004290967663829,0.033795876638048838,-0.68575335248998082,0.44636598657978022,-0.11854724148107709,-0.67528198676972995,0.57262202801726247,0.7722165861198691,0.76312178647077644,0.13110319891103606,0.33166904463602376,-0.54009261062930669,0.16566543682010337,-0.25412384704638424,0.65705861189179715,0.38491776158757607
527,0.27354116839527665,-0.46928046836810799,0.86739568402652045,0.78728559374384388,0.44387793012750842,0.88586902176343396,-0.98421820096402479,-0.5968196221138351,-0.60380406142397169,0.0095634615611861484,-0.11878345081116493,-0.86717910771154672,-0.094225538279835375,0.85481976675542648,-0.25554042121103948,-0.58395454874312014,-0.75376365237394083,-0.28287020990263811,0.50067743696325206,-0.90375861831329551
528,0.39281928034657732,-0.94292761505133016,0.72160658237091679,0.61017925702325759,0.26377815614197275,-0.93851946499800243,0.91472359921161273,0.5500315513561933,-0.12609287081024068,-0.34825738667965367,0.5434808766817345,-0.11004449746105194,-0.57430719161207633,0.94336316829775879,-0.64227936921836326,-0.6204736341919781,-0.50873715174177758,0.94854531738987591,0.68432949980237079,0.43903835415116998
529,0.70136373712669964,-0.60241497469794636,0.85118706005310396,0.4949463493840538,0.53115609004587472,0.54636351957827922,-0.60148581117380928,0.77815691602828418,-0.63555393400143534,0.06340845558506425,-0.016362250181262583,-0.11444687518352303,0.46735113336459611,0.68082577854764659,-0.22880728436055287,-0.3899823038383563,-0.19046487392157285,-0.28126446902049818,0.49393354974284276,0.27729031899154033
530,0.57091629366775587,-0.3186499643551739,0.84674302201646245,0.69981034734424585,0.68975758307864954,0.6615747763099542,-0.26408056613020459,0.077919818545010955,-0.95206218827683231,-0.51582577314118527,0.2836565412599712,-0.44066892134166991,-0.43924492948722516,-0.15189306591262453,-0.7776705597573057,-0.61488586272152279,0.87097371530182111,-0.10369552934048354,-0.13177942440003765,0.25042257300575144
531,0.90477490206475153,-0.4513522715353453,0.78104436783786135,0.82126455330008952,0.97410237276359357,-0.59342516287467695,-0.032077126150044988,0.69121238673324958,-0.7579265299461877,-0.67938723473080409,0.45882985859523262,0.0021569162898695815,-0.40887120035788382,-0.13186156864583376,-0.6068048613355963,0.7284489981207718,-0.43829438645846985,-0.20349042417873675,0.62620555828935243,0.78724448781418133
532,0.81919859898069181,-0.78681335102082905,0.8475508203091946,0.58142708304205848,0.44150369227419017,-0.73073544901236498,0.2007908947635535,0.91911108014492071,-0.50020034551386527,-0.47377871591300247,0.74183570271211607,0.17227639708341003,-0.72934924772927001,0.65760219666056607,0.48705920270717895,0.7509997374703683,-0.17321767452062553,-0.41593006513943642,-0.49397272985367824,0.334027764002371
533,0.33241615981313033,-0.88297250906004665,0.92090992404756977,0.54706664649035952,0.47906518277070154,0.20168743632553277,0.8545971192759636,0.37806115564527243,-0.66988292101744906,-0.54593800185886598,-0.23872325031271702,-0.48734939529160926,0.66089085114094503,-0.70285649388476013,-0.19391636537213142,0.93503087714453192,-0.030648138765043464,0.67916885098391444,0.18485109830151791,-0.96200884118337604
534,0.8682299191768339,-0.93051785684226895,0.85462601127739646,0.4121299157905518,0.48415136324840913,0.22058183838695222,0.31665826942237119,-0.073657922398121523,-0.87190166490280618,0.11597695863688329,-0.24260562432565025,0.46539959808602616,0.82257194828088442,0.70594287406581002,0.77094594605824684,0.84497697693833995,0.39818211959034389,-0.85593803148443959,0.10010301671238309,-0.31689914463509417
535,0.7555428975739773,-0.44113343708328268,0.77414453883585344,0.92605696144233218,0.7385404159927198,0.14470828187953999,-0.3677592745278031,0.91156716573144903,-0.40132482150148108,-0.8449603680563873,-0.23073839262921192,0.91567248644500188,0.20926102390956247,0.42629236928676484,-0.21457444955523419,-0.3806118940390788,-0.81002025557202662,-0.22736892139117515,-0.27382587083501253,0.49645308591342219
536,0.32609746391624328,-0.81957550414867852,0.67339041702501223,0.91214226975816337,0.75602007542194838,-0.93953359710127127,-0.052113443165888729,0.47943898070219193,-0.06176396814566254,-0.76234495117155654,0.92119592387281668,-0.34745700104062394,0.30202093471818703,0.24683415455425228,0.63796753180728794,0.69059057522962397,-0.66713578644590976,-0.56384511201531939,0.77719538802460009,0.80955624457914488
537,0.8980018971519379,-0.67227345481555423,0.89279829493466822,0.50091461444142849,0.3233727426653048,-0.70359838741759995,0.64936111604530544,0.54989853490855056,-0.22661434895401178,-0.088353102271953254,-0.91156761058317493,0.76838949824186287,0.099006059249670875,-0.70040436504966053,-0.93133944310682093,-0.7757240195293118,0.34313413342274024,-0.41676466759934105,-0.78573368085815698,0.097360225366567521
538,0.46640512961460567,0.33962942485541969,0.81435136247745343,0.95202234094732274,0.69348629598316602,-0.32394694920786726,-0.23104659675607953,0.67136848988978048,0.80464763969478437,-0.43273463084263275,-0.38771842809433532,0.82899720059368698,0.47538764459858673,-0.14166276861355387,0.95809306506406111,0.46394456167293252,0.2859808971831419,-0.95944066695106467,-0.16223243913258423,0.49859234570711286
539,0.95359181303177465,-0.62522279841880124,0.9165518284159897,0.69369476987466672,0.80232221944853288,0.97041641477825369,0.7624947545191727,0.8595368758222055,0.058795800641438412,-0.51220605582370515,-0.98144703425346402,-0.098826962892562875,-0.85896359227540175,-0.54851803655904741,0.52307201543477455,-0.20786316597971233,-0.25410292032608095,-0.47210231687202064,0.64224253599621717,-0.59465427272724414
540,0.53426670971105006,-0.94386742781283806,0.87140614037458586,0.93346269239956969,0.61784863862365791,-0.62012697152547025,-0.31504704829568775,-0.28863623061458066,0.88108797869518107,-0.47826015538539512,0.94009963839680588,-0.41147383531247961,-0.083405239571442635,-0.60430521403984705,0.74365004237247101,-0.42097274471823143,0.68924746588633301,0.40154732614365929,0.7107301046957446,0.87757841187890739
541,0.47798485793811318,-0.54499014355603803,0.96307573454590911,0.95835454883669691,0.30347277658713989,-0.43768356241579043,0.71308596689861736,0.81041518714326921,-0.81868819414268623,-0.9968102390668252,0.5344245881126406,-0.45510019404715818,-0.18168201992914357,-0.79063871775002004,0.6026311008248062,-0.18995232335921908,0.43844628430298327,-0.79809353213583267,0.85358197164764271,-0.78537478661684834
542,0.9168037113516343,0.040311900646789134,0.75897842651510161,0.91530950353996587,0.78045434417319459,-0.24848619743131017,0.91294452507705715,-0.31737017235382958,-0.6442727955651899,0.040427451384555946,0.96557479364915721,0.47605714018598633,0.12474712309965064,-0.029258978710023476,0.78560420508849749,0.62532759858001663,-0.1582981828078065,0.60684425373603079,0.16775671421326543,0.44161708443169534
543,0.77077267107348102,0.11339280984811273,0.85670129238365433,0.81807680914579572,0.61227499182135059,0.62962002134396422,0.25523350443492498,0.73475332046211861,0.4550422220728747,-0.62070046621730457,-0.53449982963146336,-0.97008157277631657,-0.21068708741815856,0.4128215006508984,0.41772003907915622,-0.39570236680764159,0.89907317953357668,-0.25911998401545078,0.33959202792978482,0.37234495920995325
544,0.13442156815558848,-0.83399642223591974,0.84943614053653027,0.5392513057225532,0.78368064898938128,-0.88204797721761952,-0.54598031103761024,0.78580053327060795,-0.41188293049077784,-0.21331282800128615,-0.39302475309141149,0.18188340635212286,-0.0063794097097353841,0.10820124855695856,0.7134688241889986,0.85454331716994947,-0.30978988165961985,0.79098781397855511,-0.061931924057916588,-0.057450628767019341
545,0.3744763640249289,-0.15287695383142497,0.98536006252000896,0.82663950521326024,0.39557609844954778,-0.57525818155880803,0.62450466502298019,0.70579020554934857,-0.9953275714794787,-0.80380109515212972,-0.7549794801941212,-0.35418734489125203,0.84401659998203815,0.86400177169883596,0.96634109440815541,-0.13451408065333226,-0.42514416740489169,0.55934025858612002,0.1300122754232742,0.26977419761017396
546,0.85018261841250031,-0.56332959855618525,0.93692184056425543,0.50097453642492495,0.25000503685093456,-0.91800139453184992,0.93425898613233116,0.60275756760532562,0.24154243496428585,-0.68718401208701385,0.47282323484209932,-0.476081151997376,-0.85304459950476086,0.81096154828597222,-0.85241393949692124,0.76198938208567557,0.43463179974489785,0.96671127875476137,0.13837606091851806,0.31265094624852474
547,0.24976679258559242,-0.54009397860454045,0.73862939790646065,0.90453410257970801,0.21082291167289013,-0.41330682918265826,-0.15120952939352317,0.79650512855296896,-0.20110598307641969,-0.060054629260806625,-0.79803562523072991,0.59682422433953275,-0.34831920578501552,-0.21778956308936825,0.85965131684470664,0.019076354618160707,0.02708964924426871,0.53467955411403056,0.74447651263678916,-0.034738187677689547
548,0.12409362569222959,-0.64959552628712958,0.90136480304934041,0.34086646981475055,0.54476137881532383,0.25460400454376675,0.0041468593533444675,0.58739443535802716,0.042603456652950511,0.3059776773716647,-0.53179236232767058,0.77278965328611138,-0.75080515672829296,-0.49168364876698401,-0.15621989645820533,-0.31933058230271372,-0.87602700818935486,0.43164096626545878,0.54993562088952297,-0.009387301506573964
549,0.92982384910100246,-0.59807033993457037,0.88272910606715804,0.58725736205084478,0.50493158021497986,-0.66204445918244992,0.56852813428345006,0.42925695469983394,-0.87321914320896554,-0.28298440055735585,0.20913099619012221,0.078175208671174001,0.38403767446068948,0.68536504225606465,0.75207364908956009,-0.28293525895850324,-0.84235529071120752,-0.71967429770006008,0.3422067694523685,0.36557371058643007
550,0.52731857876507804,-0.80674534400361497,0.84015795765990764,0.14736465780871599,0.90887524443510559,0.17941895817595199,-0.99243697970020861,0.99623027744312664,0.80335675649537763,-0.37185671903795248,-0.45197982877538423,0.97360612082594189,0.003060185937504345,0.60077180616168957,-0.6464435477934154,0.89352359694922279,-0.87618385509162433,0.98972277542467735,0.41119289885738164,0.35333279402697326
551,0.86421099748343155,-0.84609575387972846,0.71889411316781016,-0.6594378153354663,0.48105940289178828,0.022957815021997341,0.39601634127885132,0.19318007618521937,-0.35090207212852453,-0.36353411301610472,-0.86255982792848562,0.66987783675754309,0.60018190406500627,0.53044302896934603,-0.59066604005023193,-0.17485625783640368,0.38370696222988476,-0.20795212451532175,0.6595819160376859,0.40171999633994226
552,0.90477490206475153,-0.4513522715353453,0.78104436783786135,0.82126455330008952,0.97410237276359357,-0.59342516287467695,-0.032077126150044988,0.69121238673324958,-0.7579265299461877,-0.67938723473080409,0.45882985859523262,0.0021569162898695815,-0.40887120035788382,-0.13186156864583376,-0.6068048613355963,0.7284489981207718,-0.43829438645846985,-0.20349042417873675,0.62620555828935243,0.78724448781418133
553,0.99719388290840039,-0.2175159302974552,0.73943464860917718,0.53770868192950849,0.32079395977783332,-0.81976811276017059,0.29774445174672581,0.76066089163902273,-0.97618494926266508,0.52713059867363654,-0.92177793202461822,-0.891873545954325,0.40855208835810886,-0.15753835907983915,-0.50253903824333679,0.75459269318687672,0.22572218935618205,-0.95449879470527743,0.53007588443651055,0.26777491906402706
554,0.25166157031497938,-0.30706688000159987,0.99445581206615774,0.99222378309857873,0.93685070212454269,-0.17246541417511563,0.29014897531903605,0.51278415706309355,-0.92514273878249265,-0.63849219426490844,-0.79137303454519881,-0.65277387013000343,-0.77536350308225965,0.021147989075939844,-0.95471813882442991,-0.97575971795789229,0.41036269411970117,0.15027124549414728,-0.020902633547830174,0.90453449763663207
555,0.89241002806364689,-0.51603308030899298,0.87907413985869676,0.65875744434544581,0.033326158507578585,0.35215570647955619,-0.46206505378551355,0.89263397570283409,-0.74838797553578651,-0.93425419190657033,-0.19148602702173356,0.49915274546395949,0.26715689137698129,-0.40000679555949969,0.49368998739054071,-0.28846211576630965,-0.11366432382317693,0.91334047691142106,-0.75282713063852702,-0.18307352191166459
556,0.41610283026905925,-0.9376625375437333,0.9952364942284988,0.96679260039455062,0.60621885494701422,-0.85358424683014755,0.59613098679163801,0.37528422645133586,0.087123266352781004,0.022385375621730264,-0.26324504997555676,0.0056065927492259249,0.82667331683721046,-0.56060807190664863,-0.57052599481120714,0.23741557745743735,-0.63027273388417115,0.17511685033580937,0.78401774031656957,0.74660861428083725
557,0.4780537343691067,-0.2889732768890465,0.90966600641784345,0.8321853443492977,0.80281628075043043,0.97022508018645359,0.63744760756592544,-0.30911010415827467,-0.72022635903691556,0.36687414240033811,0.98318441274320212,0.41073543446370508,-0.34083951729317263,-0.38766703774568523,0.39284938485227472,0.41866190076538135,-0.42416114277670958,-0.021581025641968621,0.71226357560078402,0.99857669571098229
558,0.93190309730911802,-0.1802870798308851,0.9381465506399933,0.96133798608509635,0.28629670445295274,0.078878820849279885,-0.49780213740504031,0.99136514914662022,0.52481669090065708,0.45681225457581087,0.88070117142228166,0.59889843507253526,0.31433041133094042,0.92126999121234232,-0.40999593200589302,0.74267588656777583,-0.025745687251068849,0.020500243171116983,0.16831257189767612,-0.50894152363720324
559,0.72876523440725549,-0.7250633100447641,0.89024205748339802,0.72378625175493871,0.093045219869841267,0.91076304320913071,0.78625245121326248,0.2716982242690722,0.0001975899734594222,-0.1025701251918445,0.88574287994169154,-0.16423365854593919,-0.10441660930488172,0.68817871779014106,-0.75273325266125601,0.69350155028423099,0.28272869159845482,-0.080769836065450962,-0.64306564279225764,0.79536643672754703
560,0.90477490206475153,-0.4513522715353453,0.78104436783786135,0.82126455330008952,0.97410237276359357,-0.59342516287467695,-0.032077126150044988,0.69121238673324958,-0.7579265299461877,-0.67938723473080409,0.45882985859523262,0.0021569162898695815,-0.40887120035788382,-0.13186156864583376,-0.6068048613355963,0.7284489981207718,-0.43829438645846985,-0.20349042417873675,0.62620555828935243,0.78724448781418133
561,0.11086902060971648,0.61629136501085791,0.80947772213973312,0.059377624463721634,0.68834219252889128,0.71550674120963698,-0.42325440524285796,0.69232647127343139,-0.48729355235809235,-0.861874355565728,-0.052344636863788541,0.78301114003428252,0.95258293756307699,0.32105092091566467,-0.75538411799874217,0.81272411215435225,-0.15335793760034599,-0.79428384074415925,0.53234947136740396,-0.56765530447581347
562,0.39032790197068823,-0.78741040964555076,0.85866830216885526,0.8956993931075925,0.78458835830882268,-0.51545004363612867,0.65761613097173455,0.98673335974914322,-0.94779976476178529,0.95031508254205743,-0.67627379714993063,0.0042568835351830536,-0.012557255133514467,0.29940943650613461,-0.63670681895820747,0.99409291624781226,-0.32122666246012166,0.81430458264023131,0.43618096275980656,0.85109078795963078
563,0.82231071503960873,-0.63153980715110203,0.87312143698434075,-0.24795438899763877,0.7541289823212618,-0.40840827479860531,0.97567944227375447,0.88233284262928757,-0.045218797406835431,-0.91245748487546718,-0.44004646919846224,-0.74087146645450552,0.70054933866764735,-0.4866935168417108,0.67662006422535392,0.99137948879183635,0.40534650240749404,-0.7789330672910304,-0.13288110100106798,-0.1766078177903454
564,0.75539310012124905,-0.9608490138335315,0.75927931848800512,0.12581004935193318,0.53989810606242261,-0.52547979782192145,-0.21333405296429353,0.93519633394274782,-0.32706417498588758,0.3284260533269665,0.3126649455364654,0.55741064437214294,0.54430100846898477,0.45564989334187356,-0.981023188233904,0.99916597603352231,0.37607112907181794,-0.49293836989133055,0.42468608852180778,0.31601812964949882
565,0.92982384910100246,-0.59807033993457037,0.88272910606715804,0.58725736205084478,0.50493158021497986,-0.66204445918244992,0.56852813428345006,0.42925695469983394,-0.87321914320896554,-0.28298440055735585,0.20913099619012221,0.078175208671174001,0.38403767446068948,0.68536504225606465,0.75207364908956009,-0.28293525895850324,-0.84235529071120752,-0.71967429770006008,0.3422067694523685,0.36557371058643007
566,0.90477490206475153,-0.4513522715353453,0.78104436783786135,0.82126455330008952,0.97410237276359357,-0.59342516287467695,-0.032077126150044988,0.69121238673324958,-0.7579265299461877,-0.67938723473080409,0.45882985859523262,0.0021569162898695815,-0.40887120035788382,-0.13186156864583376,-0.6068048613355963,0.7284489981207718,-0.43829438645846985,-0.20349042417873675,0.62620555828935243,0.78724448781418133
567,0.8901566634622462,-0.90459801796095429,0.88636024962311,0.88916973113600051,0.33488250921317997,-0.57697682138786943,0.11575012995098488,0.74368490166376233,0.92709720735761536,0.98088597465427418,0.81977496758324064,0.47302175613268904,0.93592357579493202,-0.63403788487521751,0.53324428507140831,-0.45495655008082281,-0.091052535736771967,-0.18535780308998673,0.79498004476763984,-0.83605288741076111
568,0.21168051230858542,-0.39275879889815002,0.84955290205892964,0.94546490839731057,0.84390282428352692,0.32763807350943863,-0.3196463793260842,0.24495067528265468,-0.93804640667575057,0.18434055891362866,0.31559587130323763,-0.22348602784607818,-0.33652448779878119,-0.60927833985273727,0.56304214069613967,0.88573164111283487,0.011805009062791694,0.52384319010327807,0.76878505757260562,0.83480375776818239
569,0.8980018971519379,-0.67227345481555423,0.89279829493466822,0.50091461444142849,0.3233727426653048,-0.70359838741759995,0.64936111604530544,0.54989853490855056,-0.22661434895401178,-0.088353102271953254,-0.91156761058317493,0.76838949824186287,0.099006059249670875,-0.70040436504966053,-0.93133944310682093,-0.7757240195293118,0.34313413342274024,-0.41676466759934105,-0.78573368085815698,0.097360225366567521
570,0.71061180737814,-0.19326128967906997,0.99417210443925508,0.26634467885060897,0.50028046840702323,0.97555508587259987,0.97076837858447318,0.86433465686615096,-0.95903294145235218,0.83536523566386567,-0.092872522813546521,-0.49177571622214278,0.54130419661918561,-0.43417586440869194,-0.59708694620217773,0.93691760730438589,-0.27280930868191833,0.70097918329811093,-0.037363607444300229,0.26142926715102943
571,0.70117536175642003,-0.4443959366485255,0.93775039360412182,0.32096574408815082,0.40444417820151202,0.65633222071890018,0.75264916435091034,-0.68045563914003426,-0.99981900631109299,-0.69556058347609739,-0.30097652902532612,0.76956073851311158,-0.23492389053783591,0.49608122001892641,-0.28128031700051093,-0.75554196182515887,0.65888973878927493,0.27716624974833537,0.30001820142957158,0.63795765026185602
572,0.39032790197068823,-0.78741040964555076,0.85866830216885526,0.8956993931075925,0.78458835830882268,-0.51545004363612867,0.65761613097173455,0.98673335974914322,-0.94779976476178529,0.95031508254205743,-0.67627379714993063,0.0042568835351830536,-0.012557255133514467,0.29940943650613461,-0.63670681895820747,0.99409291624781226,-0.32122666246012166,0.81430458264023131,0.43618096275980656,0.85109078795963078
573,0.2836129068837494,-0.73752532229821544,0.95820103617320984,0.52200982654930383,0.33331264924151016,-0.47011730019266573,-0.10889489531148921,0.13898316951138434,-0.67812992339054623,0.47542000336908141,0.19005027344841174,0.35875218045111423,-0.20732746847303019,-0.063448432219161521,0.40624728765891582,-0.64732387837861394,-0.21298157150739216,0.73579776240434502,0.83363927505319735,0.60707637725352037
574,0.31956793273723783,-0.91147618611516301,0.9817226449855152,0.60004769727556662,0.9250408232120233,-0.85009243977472426,-0.54977217971940751,0.41395038089869574,0.68209971606820674,0.12676625464289626,0.77144049003284598,0.067811738120109766,-0.16898858824927654,-0.19967085586037947,-0.4689084633836389,0.46080022303117851,0.54113450497613602,-0.54948669313160203,0.055664032269233665,0.30883781475281658
575,0.44332979691615759,-0.055809983352600234,0.73296402573325459,0.82275709687351761,0.6659571942545921,-0.6587659381465909,-0.15065198357745624,0.47483041138022375,-0.045465977662301649,-0.41500856684422205,-0.95993464236467863,-0.53611602290852156,-0.34225560856508319,0.50793344051682432,-0.87972567058844775,-0.83551137417109933,0.61985551866612409,-0.84198069482224591,-0.86884925597964968,0.70426052386212912
576,0.8882320348399122,-0.89864648585908169,0.91346944631052973,0.18731296184706725,0.63106972282091656,-0.46841647110275098,-0.24159478880007024,0.64078121084389683,-0.18062532956709654,-0.85387060519251068,-0.69345100988726793,-0.46440980732786663,0.46031684946871554,0.90712258048651573,-0.63011311236013867,0.69621154779421524,0.24858987643823816,-0.39285637466912982,-0.10700769351919925,-0.72753629192275193
577,0.31956793273723783,-0.91147618611516301,0.9817226449855152,0.60004769727556662,0.9250408232120233,-0.85009243977472426,-0.54977217971940751,0.41395038089869574,0.68209971606820674,0.12676625464289626,0.77144049003284598,0.067811738120109766,-0.16898858824927654,-0.19967085586037947,-0.4689084633836389,0.46080022303117851,0.54113450497613602,-0.54948669313160203,0.055664032269233665,0.30883781475281658
578,0.30218812274583651,-0.44380033697051235,0.77934939086275956,0.29069370330137656,0.3018248151963645,0.13699909942927646,-0.30413415533754229,0.96139708928789136,-0.68948781239495194,-0.85688564605572215,-0.98062445113005126,-0.25988677217418799,-0.45050483186168599,-0.31835570598183605,-0.39497430714591641,0.92193294071920096,0.42414953744913397,-0.16740306999072696,0.99750115754502411,0.9056113108127628
579,0.38925657145223602,0.22012260488298474,0.75502901198886851,0.5263302924434119,0.84910301945072697,-0.54556926136259642,0.57020948205239086,0.92169239613953913,0.088676082617675789,-0.67442506321557993,0.022570099754035677,-0.96580127152467954,0.89303390985265652,-0.49456478430396777,0.43709257346870434,-0.46611818511973291,0.89676452990224598,-0.84248699795863002,0.50901592073236901,-0.15433329000152529
580,0.62395800390294975,-0.90660353615551292,0.9286217290814005,0.40924117254165138,0.62503262122482628,0.13336619246251336,-0.85447204922128273,-0.35387256798892008,-0.99630589173299344,-0.44255728234537717,-0.7180343959619635,0.54690500552718357,-0.10010071490580175,0.46798247410906857,-0.51623341268498901,-0.75253255999493596,0.9322122268420765,-0.17309607352165157,0.095496852709092694,0.20644511199810966
581,0.92379231485225377,-0.25083771526817245,0.78191925424496156,0.74137602123346125,0.47210799479530952,0.91016448889220714,-0.85291553127723563,-0.33325123778128463,0.39889094145018089,0.63195962452094845,-0.45626004721405389,-0.64618576328774124,0.78500031807940918,0.23068376232756593,0.69919854442722751,0.40402006951527936,0.15054455775308551,-0.42445838886812259,-0.31600839630201794,0.70157354693066165
582,0.25166157031497938,-0.30706688000159987,0.99445581206615774,0.99222378309857873,0.93685070212454269,-0.17246541417511563,0.29014897531903605,0.51278415706309355,-0.92514273878249265,-0.63849219426490844,-0.79137303454519881,-0.65277387013000343,-0.77536350308225965,0.021147989075939844,-0.95471813882442991,-0.97575971795789229,0.41036269411970117,0.15027124549414728,-0.020902633547830174,0.90453449763663207
583,0.39032790197068823,-0.78741040964555076,0.85866830216885526,0.8956993931075925,0.78458835830882268,-0.51545004363612867,0.65761613097173455,0.98673335974914322,-0.94779976476178529,0.95031508254205743,-0.67627379714993063,0.0042568835351830536,-0.012557255133514467,0.29940943650613461,-0.63670681895820747,0.99409291624781226,-0.32122666246012166,0.81430458264023131,0.43618096275980656,0.85109078795963078
584,0.8768940893303121,-0.91636723716329449,0.82603229720899329,0.3208585270478066,0.45540519139381774,-0.010915574008353746,0.9341923000122847,0.7941435350054209,-0.79449357719579616,0.35405127875696918,0.98882671930231103,0.85257717843845682,-0.45177511429366302,-0.36011963960249305,0.99922427778286416,0.0037450999919701466,0.88589123026933647,0.80171336541619076,-0.77673140871256896,-0.91972767332883665
585,0.96401764181754657,-0.36051958968136133,0.94116881046126188,-0.75340009530436181,0.55767915917876487,-0.44082734604778895,0.44482544687347625,0.82846276624117832,0.025986700796077011,-0.75192042896362699,-0.015238443653784017,-0.0071699756187124652,0.0298815829821788,-0.31112251232666233,-0.63877988680057851,-0.23819482925787172,-0.98680304885168857,-0.80133938836124496,0.013330243447120305,0.66799588158329493
586,0.34231580190931798,-0.76383167011288067,0.88467154151773286,0.84890113711563364,0.5341518886069847,0.33479099440082338,0.54349735568323743,0.70217373596934562,-0.97263401028605201,0.90542698874176364,0.25223277815954903,-0.0019494271401780949,0.16622564535905271,-0.3170721672080572,-0.52930749512008224,-0.66570186784749041,0.057795293620696464,-0.12598964529597012,-0.45289528052496797,0.20646390218879307
587,0.82884244903222171,-0.82485010260371627,0.56741113774922303,0.58017514334999554,0.71704256957312684,-0.59732280426414919,-0.41428701119547995,0.52248992575984743,-0.24370564333181233,-0.16378042961107142,-0.35228718331873909,0.95061455894696567,-0.68241374489608053,0.7266360501374598,0.2794787798456233,0.34878568789136821,0.39328611269998803,0.064828388177663676,0.4110080576873365,0.75330778256084785
588,0.97353101845530987,-0.48684241937971273,0.78245180279786597,0.74490900959466111,0.45603175570668419,-0.13776067249232282,-0.41255437151507968,0.6465717739246386,0.62723311144198601,0.24612908991539184,0.91443691217347478,-0.46506247815560231,-0.94699822531410471,-0.16904742482155299,0.66046024040140705,0.51886367228137464,-0.19476703176987731,-0.56751152295600082,-0.87832101469029755,-0.10857109469125659
589,0.49913761920842559,-0.86847535529428099,0.89528215008914436,0.20132662966391957,0.55593232361990697,-0.3599742394053338,-0.88092009300522167,0.88445815563860131,-0.84119807234644339,-0.85167276999817965,-0.69805993559244439,-0.6565569841938883,-0.10425284559542836,-0.0026483941624182439,-0.74594019552024693,-0.17279217041898653,-0.54997391496411141,0.89397025493107307,-0.063626165734372186,-0.67588821924762477
590,0.81919859898069181,-0.78681335102082905,0.8475508203091946,0.58142708304205848,0.44150369227419017,-0.73073544901236498,0.2007908947635535,0.91911108014492071,-0.50020034551386527,-0.47377871591300247,0.74183570271211607,0.17227639708341003,-0.72934924772927001,0.65760219666056607,0.48705920270717895,0.7509997374703683,-0.17321767452062553,-0.41593006513943642,-0.49397272985367824,0.334027764002371
591,0.23169276526497606,-0.52608773870622505,0.97493851126129205,0.17814007049163227,0.87469609007569926,-0.11286410548409709,-0.7025178613320151,0.69204060541567625,0.29757673355561276,-0.83813018369094805,-0.21647427826981258,0.4187980678056713,-0.2817507901018439,-0.52833981802523033,-0.1312480016081079,0.76022805654871095,0.22766396683447243,-0.23473408690831965,0.066580359592679716,0.5216925102434018
592,0.92455275071914511,-0.14965063550083246,0.94952965586540516,0.2168650866556594,0.78732555832520879,0.31319934445634878,0.63574537049395374,0.7831039707459635,-0.807090114075111,-0.96734828634458325,0.35110447323380778,-0.64740659950702062,0.88076677570669681,0.48422125309546882,0.34965038784493219,0.55769593528817363,0.82386354506571124,0.61996589797281487,-0.60470210412841374,0.7966865153322209
593,0.70550225427786062,0.88064298711164923,0.71514483173945731,0.98197286534551242,0.60659837168424757,0.23333842133590776,0.6031015378656166,0.93556298100417079,-0.3254339408095912,-0.8277379188071623,0.49654309269625396,0.97409504863080221,-0.93792854883276799,0.63959038600091733,-0.49543324751511797,-0.31706885271934215,-0.27175802554087292,-0.84369351267791615,0.23860271624843987,0.024215562258905088
594,0.42568932721801556,-0.70757355302967939,0.9754244683104436,0.27744189203364966,0.86096202563271573,0.00055470893192999249,-0.41220654969664183,0.78765896785553746,-0.39473821423107225,-0.83176373873620046,-0.16554704989377189,-0.77421032986639715,0.80081874480870963,-0.39865751886164857,0.67155502937841693,-0.4828562181513012,0.78861472752153383,0.070704146256461042,0.97568008440266896,0.45701585223442343
595,0.81148759816760929,-0.75612475436667803,0.67476093612978549,0.81456218871986663,0.42143910982577082,-0.04014910398329552,-0.17794541808667397,0.27185546030745367,-0.8886751534007975,-0.82736987704555842,-0.90738559044484202,-0.44346459596451693,0.20630760370960699,0.32321290050900942,-0.90305352170807884,-0.40587942545326694,0.62626062554223605,-0.36478100815319769,0.11717509995902176,0.34264047595397318
596,0.3462835531565136,-0.094793434051228642,0.97355896773892225,0.48236172202603522,0.38426350261917208,0.5120127239337311,0.37937395317920575,0.71114350149516303,0.055956876308733472,-0.58672532827700818,-0.4226465455776347,-0.090732254985981697,-0.084472000336116126,0.016947596998831749,-0.35167843429803725,-0.97722979024934964,0.57096750828341802,-0.4524126401365427,0.031841040864645009,0.56923328197409195
597,0.93654179319706055,-0.81848143741274604,0.70226015161602628,0.28780836393552889,0.40607728887117411,-0.65501873484808182,0.68875067859447636,0.69000715912804877,0.18941090845295383,-0.21917506748417481,-0.15960855333303936,0.916367043459966,-0.26666517507848231,0.26968476798039487,0.18363321667272459,-0.47602425831934547,-0.99575677169996046,0.16823791990882442,-0.55335327665720935,0.87264128047691858
598,0.18911468265280518,-0.29891301243202406,0.96756529361711552,0.46721250927977409,0.28716733376414538,0.20176620535196155,-0.32071577252656369,0.78827373498329778,-0.89811461940028825,-0.93003298889673691,0.05464202171269994,-0.12878234272429046,0.14130054355830435,0.81288718350334555,-0.23504001724712231,0.90527000918081368,-0.94424756266511101,-0.50719681413761175,0.76326979832150554,0.020720301855170264
599,0.87929498766721204,-0.67294034221034105,0.99900802669471278,0.11540948236970139,0.91081403168155095,0.89065045311567492,0.42582521295349585,0.54275586499714823,0.63233834314244386,-0.96713736009112217,0.87660099784304535,-0.74400546572485871,0.95778613620563968,-0.23952612935494288,-0.233374225224809,0.5776649995374894,-0.40456589491582018,0.94791211617513382,-0.85991203750712186,0.75866811676976198
600,0.90477490206475153,-0.4513522715353453,0.78104436783786135,0.82126455330008952,0.97410237276359357,-0.59342516287467695,-0.032077126150044988,0.69121238673324958,-0.7579265299461877,-0.67938723473080409,0.45882985859523262,0.0021569162898695815,-0.40887120035788382,-0.13186156864583376,-0.6068048613355963,0.7284489981207718,-0.43829438645846985,-0.20349042417873675,0.62620555828935243,0.78724448781418133
601,0.76383266207390133,-0.91870403302193249,0.77248520577182567,0.32578366805144632,0.41003344395267294,0.76065335008234869,0.21069554975081739,-0.99805226173207173,-0.46084560208822722,0.55470168279458143,0.78591445164511842,-0.67853717240239853,-0.812249757643704,-0.5287409845748865,-0.91259469246809877,-0.032306993009347584,-0.2198113975706335,-0.91594695475989374,0.0098317969906924763,-0.50686332587137661
602,0.32609746391624328,-0.81957550414867852,0.67339041702501223,0.91214226975816337,0.75602007542194838,-0.93953359710127127,-0.052113443165888729,0.47943898070219193,-0.06176396814566254,-0.76234495117155654,0.92119592387281668,-0.34745700104062394,0.30202093471818703,0.24683415455425228,0.63796753180728794,0.69059057522962397,-0.66713578644590976,-0.56384511201531939,0.77719538802460009,0.80955624457914488
603,0.18048385686925794,-0.44798084038875685,0.97894150391140822,0.46165643109407672,0.61784126985290988,-0.59613275398152887,-0.92142284402438346,-0.7106526371605324,-0.24702900341771428,-0.56565367478763973,0.26599818813727594,0.34264139725151543,0.73290443303906549,0.29736368056410822,-0.41448696419947173,0.17007453033037279,-0.07758810640304592,-0.27426369059660449,0.20358933451633154,-0.72063979109468934
604,0.91294246149283209,-0.59716601884183484,0.75494882023118759,0.93633697186387854,0.36024078855823327,0.021341043253754854,0.090854910575628889,0.27632366151253462,-0.97331792962744501,-0.61351170925059884,-0.5396077631462648,-0.008343069356445465,-0.79625990035428207,-0.077136661112980232,-0.079027936707274149,0.52842639881293496,-0.56661008956120695,0.83029774588020566,-0.063470939957696704,0.64647801985813724
605,0.60353987615477789,-0.79984723427077387,0.81945528816484692,0.58399473489468745,0.083600342308613795,-0.80740099389942355,0.15685912575959926,0.94594034322932874,-0.24555348229539842,0.19246516458496954,0.57842732890854154,-0.18060134233527325,-0.86309632729798591,-0.99158235173942377,-0.69889677931252936,-0.67812674528918082,-0.23659722771504477,-0.66173075994184893,-0.60543510127592248,0.45785540215585119
606,0.38856497547504021,0.21331630445940197,0.92211488904263761,0.93158534991344411,0.51070296749888588,0.25985381502633587,-0.52133142631175233,0.85873368107962667,0.1024423575551725,0.33424135014113521,-0.34992536427684895,0.80516831799576871,-0.98516862179732234,-0.21676811658794937,0.56699606393248314,-0.47206433098734846,-0.0075509394274153596,0.57648875113189857,0.51383519680449541,-0.17450859914257233
607,0.70448295289440588,-0.31223742823811951,0.88499155950810171,0.29986444939536128,0.1848135893356706,-0.99063692255904034,-0.65379089796987833,0.96779543983532057,0.30557831093610055,-0.53154812196390466,-0.080815000835453565,0.73827454905810663,0.88467811947876851,-0.45220303528480987,0.040275809520424755,-0.54642569574392597,-0.5007421741000091,-0.67418969610981128,0.96345141535986634,0.48843666226956062
608,0.99364726591287966,-0.74106430335915152,0.77003730326071551,0.45079745452061326,0.54291694461720397,0.54264958929828588,-0.069151874112127532,0.39634632018604932,0.60425829055821279,-0.93581561622907139,0.22240341540715924,-0.03776274259561041,0.14900730518990812,0.10521064943743919,-0.90246996951159697,0.0097012240849516651,0.7754480048940755,0.3382648872717875,0.8668444757290239,-0.12033242830641577
609,0.67408759464082224,0.10381596383053182,0.862531583390024,0.53097123876781138,0.35449819011840478,-0.61435978290379767,0.63840190695450305,0.71434463280287175,0.93367385469655284,0.52751044779849754,0.18437997578544341,0.30572566931991618,0.37737841861938914,-0.63946013932242907,-0.18477323719011163,-0.21535076491882821,0.45028044482601937,0.29165596872184341,0.81753238185471733,-0.82894326545641839
610,0.8682299191768339,-0.93051785684226895,0.85462601127739646,0.4121299157905518,0.48415136324840913,0.22058183838695222,0.31665826942237119,-0.073657922398121523,-0.87190166490280618,0.11597695863688329,-0.24260562432565025,0.46539959808602616,0.82257194828088442,0.70594287406581002,0.77094594605824684,0.84497697693833995,0.39818211959034389,-0.85593803148443959,0.10010301671238309,-0.31689914463509417
611,0.8130091017938208,-0.86973841089843429,0.92367779849675591,0.53698488778198605,0.34730483463794593,-0.11720628484660778,-0.66316853059824687,-0.22986751434097941,0.26614359649170449,-0.19594326766562298,0.39022210022651005,0.056507060135926546,-0.39903611177584586,0.90159180477198264,0.027821385377069463,-0.58531115577860127,-0.98207065396555371,0.34994276852220141,0.43852481564052215,0.21898773612887257
612,0.52731857876507804,-0.80674534400361497,0.84015795765990764,0.14736465780871599,0.90887524443510559,0.17941895817595199,-0.99243697970020861,0.99623027744312664,0.80335675649537763,-0.37185671903795248,-0.45197982877538423,0.97360612082594189,0.003060185937504345,0.60077180616168957,-0.6464435477934154,0.89352359694922279,-0.87618385509162433,0.98972277542467735,0.41119289885738164,0.35333279402697326
613,0.86116512176985993,-0.55268364046690577,0.99378351102681162,0.98284481086394049,0.22229693618384339,-0.30709071331089577,-0.98278030595212895,0.86582272871203347,-0.11002805477993749,-0.58639026152731089,-0.90499422978169219,-0.12110937042126091,-0.96369532541565972,0.30031052221423793,0.19585496633868349,0.76408507554054328,-0.097163153674454605,0.84933500278394369,0.30761098092526562,0.72329431883651241
614,0.3462835531565136,-0.094793434051228642,0.97355896773892225,0.48236172202603522,0.38426350261917208,0.5120127239337311,0.37937395317920575,0.71114350149516303,0.055956876308733472,-0.58672532827700818,-0.4226465455776347,-0.090732254985981697,-0.084472000336116126,0.016947596998831749,-0.35167843429803725,-0.97722979024934964,0.57096750828341802,-0.4524126401365427,0.031841040864645009,0.56923328197409195
615,0.18452755271996701,-0.78789736451470804,0.76529802263228253,0.91388960947705677,0.51574515434120993,0.22946049559014225,-0.27084387225961937,0.73887412738552283,-0.18969121001926004,-0.63895239222894529,-0.15667112873348721,-0.32670880793959256,-0.49349668044268036,0.8823081143678444,-0.71592574867418013,0.68892541203842206,0.51788859270663901,0.77736084000971961,0.40656703017437001,-0.36462105402530787
616,0.80614197867262027,-0.76240873720008207,0.60060486165770821,0.45694729234170084,0.72094479937174594,0.81843809468197959,0.72242913428668842,0.8869291256150682,-0.014159909892879297,-0.17202612650486282,0.81724972348476421,0.55075235739448014,-0.2920875717255591,0.0097126312014321758,-0.53848158981731853,0.81731301858658933,-0.64995565225753649,0.36213713523928592,0.15882620117928892,0.75904447927356977
617,0.59218568490809642,-0.81817652281440889,0.89874853769590968,0.66990370013853284,0.19037015970383053,0.40446321362211957,-0.23891221452814571,0.9411036236327579,0.17333566758732122,0.72987174063579618,-0.37933840278917996,0.15905535047162145,-0.53483467563294584,-0.94724618559148333,0.66720786473701366,-0.26618805754414243,0.34239201409717901,-0.8757844651546689,0.13949655224351898,-0.031073228368674322
618,0.25335439533477744,-0.79142804430235314,0.94294435456923087,-0.074953141415391888,0.47728357892487883,0.40825303687944325,0.45833331092977758,-0.33014475048648362,-0.33499197436464456,-0.59973392086585453,-0.81274735371395157,0.46696312269744689,0.42600518753058103,-0.81693672379600235,-0.11217340456949088,0.73798349765318183,-0.25741792730247126,0.58467995725635613,0.51724785496848424,-0.83491498859946711
619,0.93190309730911802,-0.1802870798308851,0.9381465506399933,0.96133798608509635,0.28629670445295274,0.078878820849279885,-0.49780213740504031,0.99136514914662022,0.52481669090065708,0.45681225457581087,0.88070117142228166,0.59889843507253526,0.31433041133094042,0.92126999121234232,-0.40999593200589302,0.74267588656777583,-0.025745687251068849,0.020500243171116983,0.16831257189767612,-0.50894152363720324
620,0.20463315581260688,-0.14782144025133737,0.88421331257761193,-0.55492278680754237,0.38438317405240241,-0.36665487574629219,0.13516788503144839,-0.045030673377105979,-0.44726240173661047,-0.67723858113721347,0.3272122705343401,-0.14637373373814255,0.034754660333538911,-0.1745322985060882,0.54568243257610627,-0.9786573083266028,-0.88901094000393699,-0.17710817511068222,0.31739194684107419,0.54658913753821414
621,0.76383266207390133,-0.91870403302193249,0.77248520577182567,0.32578366805144632,0.41003344395267294,0.76065335008234869,0.21069554975081739,-0.99805226173207173,-0.46084560208822722,0.55470168279458143,0.78591445164511842,-0.67853717240239853,-0.812249757643704,-0.5287409845748865,-0.91259469246809877,-0.032306993009347584,-0.2198113975706335,-0.91594695475989374,0.0098317969906924763,-0.50686332587137661
622,0.75701947639584555,-0.80061394677030062,0.87624685086088583,0.87837535061929084,0.35788772648183431,0.0057910527993096927,0.0070504969232172421,0.79085820643628191,-0.6482187853118806,0.033313770537684251,0.069300253261782352,-0.62040674289308706,-0.58024579826826606,0.34244684034644068,-0.97115249950685989,0.76626855815739359,0.15644517100855748,0.83528448251878129,0.39016699738904914,-0.20636246211614151
623,0.47798485793811318,-0.54499014355603803,0.96307573454590911,0.95835454883669691,0.30347277658713989,-0.43768356241579043,0.71308596689861736,0.81041518714326921,-0.81868819414268623,-0.9968102390668252,0.5344245881126406,-0.45510019404715818,-0.18168201992914357,-0.79063871775002004,0.6026311008248062,-0.18995232335921908,0.43844628430298327,-0.79809353213583267,0.85358197164764271,-0.78537478661684834
624,0.15394155987134184,-0.54630397780416495,0.98933073483102874,0.4778532512037581,0.24800325705990289,-0.69570529268667691,0.44447821955258005,0.91291662172050292,-0.013733863508554212,0.30891000216224218,0.82574420294684692,-0.82363631318243935,-0.70390280423539453,0.47738188306518481,-0.030891734042351793,0.3921497185229863,-0.88177923980329798,-0.5290775458574708,-0.20472407391026626,0.11513731100769475
625,0.64904454602840311,-0.81121304451063336,0.75284406155958927,0.37630100730756078,0.48846043116972715,-0.84934126022308121,0.24071462367535368,0.6922723474152126,0.42779065520933113,-0.40732763843222641,-0.78845403171752282,0.86436689961759972,0.6980605238692541,-0.3443697978492779,0.29029077965305294,0.57701564746011003,0.13745028316241092,0.49722957076926644,0.097126801737909219,-0.91073763183204171
626,0.30801155288128723,-0.19586376638240099,0.74192751385737399,0.93012875454826993,0.57443499772400508,0.48547404904306291,0.33040517853437557,0.66929684377713472,0.42648557955911182,-0.86044833911321739,0.9203333380106089,-0.22641168946065604,-0.90370155896399296,-0.62472105221927188,-0.98798748930657143,-0.64612427190816568,0.6330570230279049,0.79442185708262958,0.17258312427349431,0.52419139448513064
627,0.82673326988701534,0.79466289749732466,0.81586654113420964,0.54481531813198303,0.77287690137261977,0.054618721664735359,0.7310090417741073,0.80223504945686641,0.19725888701366734,-0.093403381112113548,0.33833608773819801,0.31059400232527579,0.16922647945274805,-0.47943618833577406,-0.80891230740749331,0.61006849693841114,-0.44503619493574087,-0.88985612037891948,-0.031518533223232836,0.7681657101296433
628,0.81306722432788248,0.15495870966461411,0.94963742756980851,0.45241841167415431,0.26538922871261339,-0.57723052611229053,0.82644416114062369,-0.17766540593683233,-0.52370286624653128,-0.64622756312584473,-0.67520218001200716,-0.50838618237087174,-0.50042139002597952,-0.28771306256334483,-0.86572945556082304,-0.10728514893979302,-0.86055673701319879,-0.64373987135532063,0.073076023305291615,-0.75178245758080764
629,0.99139333096117421,-0.58601947262896958,0.99644112531985174,0.55648314143017519,0.44733760106453624,0.14137798457195649,0.48116155932000337,0.63726701289181698,-0.34519797965529442,0.53792654250068295,-0.021511017615728489,-0.73871040199793758,0.6018233192795881,-0.17769795044153169,0.26323983643436177,0.91674809833297966,-0.52699362848184506,0.92464987751444405,0.37978284992682099,0.92997749143761621
630,0.45857005202196488,-0.93848644814431714,0.938160606779884,-0.063078123735115454,0.61341484975198224,-0.59948128212193152,-0.1752229675741992,0.9740990116696564,-0.31944593887071648,-0.51017799282824505,0.12317564392481151,-0.60327262270620485,0.31511392339015609,-0.84608437225969224,0.62739457447753066,-0.80234515113239313,0.038458647980065264,0.50322753168683265,-0.11215821183069874,0.55378985768936251
631,0.51155988292114674,-0.22079107999024727,0.74873246664907644,0.97897191608004297,0.64120706886419887,-0.033537475750581525,0.60647297644738907,-0.41632156185427593,-0.83783356845816215,-0.68819305003116371,0.50586866164358391,-0.071679543002629575,-0.85125061087825205,-0.74916382056620168,-0.25987598351335595,-0.20817086873142499,0.90573907444414736,0.61863376277411031,0.4127859644992633,0.71710984880048967
632,0.24597931707388399,-0.87305652469411665,0.95555210755682296,0.97389364291423108,0.69134821743534602,-0.64493434295270391,0.1808205098855411,0.26459027193902207,-0.24097211920252182,-0.24915827686850078,-0.76703957202955642,-0.66996715459408618,0.80935291127950704,-0.87643405635758942,0.16962179039346825,-0.82312416848422232,0.046187348382963789,0.12066230326930749,0.8263870244053757,0.4449466947519618
633,0.22334975531561008,-0.96670082093321441,0.86998765918976839,-0.10205161912096838,0.4413510907055207,0.69713299809528118,-0.10558035211880146,-0.11188811704422008,-0.50967277971955505,0.22515016817666633,0.72383175409877887,-0.23279246796643571,0.53945645899242356,-0.16018071313315208,0.25389042968378894,-0.82745117973206761,-0.39036883076102624,-0.016430018213561715,0.87296584847522651,0.28977503349004197
634,0.18133858351225185,0.23796547526738787,0.81228277170740726,0.74128178052374238,0.92055599263195198,0.27435050114989412,0.57194105091481284,0.61071265067774649,-0.079665528851654122,-0.36702916749820558,-0.47114917107666243,-0.58898424417333684,0.54442661916650503,0.17141489399567833,-0.49527331569409583,-0.88788848884639782,-0.2152460827288647,-0.34117838548717283,0.87397039525004372,0.73277011647032286
635,0.47430015072725329,-0.51830243886720329,0.7484719570116567,0.79607972526779336,0.30562147466013245,0.99733007582055566,0.81228219758879505,0.52916315460058772,0.63826572328828957,0.042482946616956063,0.21942784665711201,0.52086941070310999,0.49186429482769833,0.21442967101397148,0.85850636869485464,-0.58330287012247539,0.31206426650565189,0.22192070438907385,0.75375478998885037,0.52355205346611977
636,0.82696683042472685,-0.80094517355998573,0.81346395615856526,0.95671145335171826,0.41718401439557162,0.97892835866201633,-0.46523593668340535,0.8747869130476893,-0.95950696414494341,0.17531666365983889,0.13647610189869264,-0.34774445161458267,0.6590807053757648,-0.059316946718110941,-0.64374502914328158,-0.53574189650634185,0.163424563286372,0.7581461586866387,-0.023821984319201572,0.077078511531543992
637,0.39836253514864395,-0.62597551734609969,0.95367805725082522,0.39236992737528165,0.17605859074908925,0.60717311448426492,0.67539419017872371,0.63406655846552562,0.76994420991353874,-0.56842037994997541,0.50254122366713139,-0.52697425142380427,-0.075597517985899421,0.84085859367829063,-0.63081130647413031,-0.63536600441534929,0.49664989853647845,-0.32652288479623381,0.55809470326762511,-0.58264696258495663
638,0.85018261841250031,-0.56332959855618525,0.93692184056425543,0.50097453642492495,0.25000503685093456,-0.91800139453184992,0.93425898613233116,0.60275756760532562,0.24154243496428585,-0.68718401208701385,0.47282323484209932,-0.476081151997376,-0.85304459950476086,0.81096154828597222,-0.85241393949692124,0.76198938208567557,0.43463179974489785,0.96671127875476137,0.13837606091851806,0.31265094624852474
639,0.78949653207895998,0.35014345972811944,0.75032090854394551,0.67952758066893448,0.83757542956756792,-0.11097473400761748,-0.33487650715861528,0.97534295048239406,-0.43642258420182323,-0.086662620024667181,0.63681834705726592,-0.46784146137240601,0.60234383859354668,-0.27348230103727356,0.44651164263988097,0.022943145238346618,0.47470151031760732,-0.96091719132046571,0.30097941669923967,0.77294361543711654
640,0.60970118294429554,-0.9517969175938561,0.96140079833878622,0.58944702591552978,0.22369112757693577,-0.50269068913102766,-0.70285215046348637,0.23087647981187098,-0.089285717053918523,0.34543806550456302,-0.26097147768832762,0.86392762216273611,0.95924061806310834,0.96570842004916413,0.16536756275535969,0.31905230874655732,0.13454270118046296,-0.82778657427668723,-0.52686374045755113,0.94123000059160189
641,0.87861630972232208,-0.84982611478913217,0.77431902291207888,0.37934543570359014,0.44710750480279682,0.32045027320421293,0.14467957518849395,0.67959111605069111,0.7502862466985829,-0.1835763713729035,0.77379501089957836,0.13947962767822353,0.5691792230424606,-0.79685786047575924,-0.60658108691711687,0.48983707668995713,-0.77936664949671264,-0.18210981580254093,0.40769524641589849,0.4635966943157086
642,0.18497888408222218,-0.93319468940159411,0.72061225796150752,0.60106810059740079,0.26778224358353464,-0.59302026514300499,-0.70011673701507582,0.93553901751144242,-0.55960611398706428,0.82852680429478776,0.54187818485887584,-0.81810589559865932,0.92569540374132631,0.42082891433680847,-0.63717354258326675,0.32319005379193788,0.33474870872918316,-0.43857293500963723,0.30461958605473827,0.52900878637577087
643,0.75932659359936716,-0.578175967431658,0.9641418870860472,0.75882959469261158,0.75210118821941974,-0.54344453955229555,0.44844038843942702,0.16593842674698145,0.27777749179746425,-0.45656771322561873,-0.26218194351060853,0.74454064572343071,-0.53029897040257867,-0.043508514551818145,0.23928455196591658,-0.12650971546490197,-0.63108572009015607,-0.088333333338920017,0.2775552816016047,0.39821909249189025
644,0.96488038689356448,-0.87445440907344518,0.75659726749299572,0.17228130924348295,0.91809081788227509,0.67697736491839144,0.25487461916123721,0.87195878137585159,-0.27369295428286389,-0.93482622408850258,-0.70780428827965447,0.22443008519594754,-0.47571440374314067,-0.95012099111621118,-0.19164385627658254,-0.99490451800890845,-0.51946052860621106,0.533033904405944,0.2769743179641726,-0.76664564977295369
645,0.3744763640249289,-0.15287695383142497,0.98536006252000896,0.82663950521326024,0.39557609844954778,-0.57525818155880803,0.62450466502298019,0.70579020554934857,-0.9953275714794787,-0.80380109515212972,-0.7549794801941212,-0.35418734489125203,0.84401659998203815,0.86400177169883596,0.96634109440815541,-0.13451408065333226,-0.42514416740489169,0.55934025858612002,0.1300122754232742,0.26977419761017396
646,0.55678583542163662,-0.99377751701127881,0.82604609857858269,-0.026559604394326586,0.88851295284376475,0.37482535970287389,0.081739635907980057,0.54614502806699949,-0.71270484461074912,0.56289948253996536,0.39961920031793996,0.61353755975512003,-0.26390994217579977,0.65028859098561487,0.82883998283382443,0.41642065708978104,0.89814699860263358,-0.45376486156450069,-0.30099458575811178,0.99270681199374766
647,0.97074134003605606,0.43108065711438903,0.94286064417538973,0.57183909717718073,0.55270145783789881,0.08769781245818864,0.57358440352384377,0.36654171319047135,-0.82654672281126951,-0.6839931744002925,-0.30085882252841523,-0.53797612134589134,0.56376185357830222,-0.89010417615835524,0.80548083139447857,0.2548246644676142,0.82265994646629137,0.45131050901164671,0.14996506301422174,0.038722676236901066
648,0.37428540282359357,-0.66774358910847731,0.8852519806661574,0.43567458537117232,0.16720529515836247,-0.45026210325778626,-0.96382404445192038,0.53504608918524954,-0.7348037299461847,0.19791612245809631,-0.25309021478661031,0.91671204050510835,-0.97336810633964022,0.33911682761620332,0.96019116696024809,-0.9963163722193713,-0.56288974666928682,-0.29886016323932174,0.15967649168678366,0.96585579320204462
649,0.77714534753588049,-0.58896379682883082,0.82380976834235042,0.10446967679298647,0.78670170629880265,-0.22708036814849475,0.41248180314435978,0.99483318943700927,0.92186327269102031,0.47601074110527941,-0.38976061102724047,0.56734283441906985,-0.51854036613528454,0.9253869661839047,0.51891087776303202,0.41496611912595904,0.22581631521439238,0.44851633183889339,0.50456919361825503,0.080027544701959163
650,0.30218812274583651,-0.44380033697051235,0.77934939086275956,0.29069370330137656,0.3018248151963645,0.13699909942927646,-0.30413415533754229,0.96139708928789136,-0.68948781239495194,-0.85688564605572215,-0.98062445113005126,-0.25988677217418799,-0.45050483186168599,-0.31835570598183605,-0.39497430714591641,0.92193294071920096,0.42414953744913397,-0.16740306999072696,0.99750115754502411,0.9056113108127628
651,0.98824065401694461,-0.83706074034842648,0.91858806959095829,0.53229620434405156,0.39273768424373712,0.14000692653654156,-0.93516559506868746,0.66913886755062602,-0.60983399956449191,-0.65122196925003983,-0.79312961582871955,0.13822131628364587,0.88716404978439001,0.39423767639007834,0.015411186235780194,-0.22712877787972885,0.029573830838123039,0.86476402646360695,0.18757854740844193,-0.26210638389949703
652,0.3744763640249289,-0.15287695383142497,0.98536006252000896,0.82663950521326024,0.39557609844954778,-0.57525818155880803,0.62450466502298019,0.70579020554934857,-0.9953275714794787,-0.80380109515212972,-0.7549794801941212,-0.35418734489125203,0.84401659998203815,0.86400177169883596,0.96634109440815541,-0.13451408065333226,-0.42514416740489169,0.55934025858612002,0.1300122754232742,0.26977419761017396
653,0.17425105728170154,-0.40281019386402361,0.84920232213911606,0.861728581488163,0.56688666964654422,0.033135756799214766,-0.093262987359926441,0.66487066275890072,-0.59827035189379241,-0.086939144467003127,0.35353949988169875,-0.14336223609875431,-0.525947663930044,-0.68297071856068148,0.79980681749864169,-0.79688355031130098,0.78795495418424011,0.14762409877592542,0.2196038905592208,-0.97236636367856089
654,0.586692581196955,-0.74004538282913312,0.82539169286661673,0.81060855687583788,0.58475412805732074,0.24517788502672588,0.97853664992668143,0.69308326983542567,-0.65143003466224458,-0.39902991806047727,0.50284151964434898,-0.36552372796377774,-0.35725885067630547,0.59410849053513304,-0.24181660651693226,-0.23147189750039487,-0.051408672727195404,0.073201391363999946,0.66713422976263903,-0.73702823960664587
655,0.90477490206475153,-0.4513522715353453,0.78104436783786135,0.82126455330008952,0.97410237276359357,-0.59342516287467695,-0.032077126150044988,0.69121238673324958,-0.7579265299461877,-0.67938723473080409,0.45882985859523262,0.0021569162898695815,-0.40887120035788382,-0.13186156864583376,-0.6068048613355963,0.7284489981207718,-0.43829438645846985,-0.20349042417873675,0.62620555828935243,0.78724448781418133
656,0.72245004355113673,-0.2704834286226363,0.7297626775754178,0.99706987006199066,0.33275233542043248,0.81796888528239364,-0.92198356832873674,0.73691274945140939,-0.29588799373770236,-0.1046579647862298,0.52466638169738666,0.74404028855315185,0.43926749600677018,-0.80802555069746784,-0.74578889940293114,-0.6500544295299342,0.10177615728764922,-0.66733908550584964,0.81877026400313069,0.73665074804617814
657,0.42568932721801556,-0.70757355302967939,0.9754244683104436,0.27744189203364966,0.86096202563271573,0.00055470893192999249,-0.41220654969664183,0.78765896785553746,-0.39473821423107225,-0.83176373873620046,-0.16554704989377189,-0.77421032986639715,0.80081874480870963,-0.39865751886164857,0.67155502937841693,-0.4828562181513012,0.78861472752153383,0.070704146256461042,0.97568008440266896,0.45701585223442343
658,0.8901566634622462,-0.90459801796095429,0.88636024962311,0.88916973113600051,0.33488250921317997,-0.57697682138786943,0.11575012995098488,0.74368490166376233,0.92709720735761536,0.98088597465427418,0.81977496758324064,0.47302175613268904,0.93592357579493202,-0.63403788487521751,0.53324428507140831,-0.45495655008082281,-0.091052535736771967,-0.18535780308998673,0.79498004476763984,-0.83605288741076111
659,0.65005641248410728,-0.53796292238171683,0.97699348523238516,0.45821204450507103,0.28394423952988102,-0.6541670510216504,-0.14742208228156017,0.92986965195154103,0.83334723053969695,0.56174006706566448,-0.95962903298341962,0.77135590723842928,-0.69641107694576099,0.18140502815691684,0.25723113595590852,-0.89620357285636509,0.65419033575621599,-0.65131039776253741,0.2050410562803906,-0.11823737533838075
660,0.51392675355541417,-0.63191097719060774,0.77441490803621238,0.35050524293455187,0.71633970629748345,-0.057367805299896268,-0.86609610568924311,0.16798757501724282,-0.99791821280667214,-0.74047057886598933,0.34684028139028356,0.16397353132696324,-0.40021611688219405,-0.28478295620156202,0.93367771311707348,-0.9709459746143021,-0.9340934886560972,-0.94819674910241325,0.93645117741068518,0.63216157476447754
661,0.3744763640249289,-0.15287695383142497,0.98536006252000896,0.82663950521326024,0.39557609844954778,-0.57525818155880803,0.62450466502298019,0.70579020554934857,-0.9953275714794787,-0.80380109515212972,-0.7549794801941212,-0.35418734489125203,0.84401659998203815,0.86400177169883596,0.96634109440815541,-0.13451408065333226,-0.42514416740489169,0.55934025858612002,0.1300122754232742,0.26977419761017396
662,0.5657861720823214,-0.56167728359746305,0.78736879531611814,0.52447972871558557,0.29355610899652818,-0.39341928403796422,-0.091786722799684251,0.53569073654122157,0.43433768957382068,0.63953984117934182,0.4292116862500992,0.058561249545663108,0.62102304290185328,-0.060187207811483789,-0.56003472408828658,0.075670247561882231,-0.54262968193567063,-0.71533986292787599,0.67432609962485501,0.37792855256774849
663,0.96268610068695781,-0.79792771412484464,0.73821786444567872,0.7580280041154499,0.78450132522127491,-0.47527629669869342,0.65435377473259515,0.69906618658519037,0.77666808651433983,-0.31036043574327477,-0.30943829250675314,0.090073746074632366,0.31911245293942581,0.22991785485549032,-0.85549460913878805,-0.64864215949001136,-0.51106830403230963,0.87627704788768757,0.69631267961071375,-0.0012298018016312362
664,0.96117346803904358,-0.6347497157010622,0.83314047575245098,0.20155478656663361,0.33789106837972138,-0.99823239104790962,0.36358068336359795,-0.54247864620285968,0.38465932844631445,-0.72262680553720826,-0.039728764341280698,-0.61410458400705625,0.039107750797759744,-0.067731208887117145,-0.76454420862460104,-0.99165433421621629,0.12148545604532135,-0.80154821370229512,0.32700361579761639,-0.13126060170718046
665,0.91294246149283209,-0.59716601884183484,0.75494882023118759,0.93633697186387854,0.36024078855823327,0.021341043253754854,0.090854910575628889,0.27632366151253462,-0.97331792962744501,-0.61351170925059884,-0.5396077631462648,-0.008343069356445465,-0.79625990035428207,-0.077136661112980232,-0.079027936707274149,0.52842639881293496,-0.56661008956120695,0.83029774588020566,-0.063470939957696704,0.64647801985813724
666,0.93190309730911802,-0.1802870798308851,0.9381465506399933,0.96133798608509635,0.28629670445295274,0.078878820849279885,-0.49780213740504031,0.99136514914662022,0.52481669090065708,0.45681225457581087,0.88070117142228166,0.59889843507253526,0.31433041133094042,0.92126999121234232,-0.40999593200589302,0.74267588656777583,-0.025745687251068849,0.020500243171116983,0.16831257189767612,-0.50894152363720324
667,0.1369268973925668,-0.58251015801421357,0.99850621007070783,0.24584759307163462,0.60025216993496966,-0.12598237815629609,-0.012674324473510579,0.65460795792138504,-0.65724156692216229,-0.35846129785935332,-0.65591395334129698,0.85752739614803941,-0.51687741611103899,-0.29946357402104762,-0.16361014047502764,0.058140778536247328,-0.70727697109178478,-0.53750997803290068,0.71888553532571908,0.52105700470767236
668,0.43001417499717887,-0.94946636452887345,0.79010426957956126,0.61730863207578679,0.17411412759457345,-0.86428579318772147,0.59992028494688499,0.47650138714041934,-0.88084137139636676,0.49018116599986161,-0.92824359168100723,-0.80835862212914611,0.62794264668476241,-0.4225824000108247,-0.31229998207396426,-0.19032991640537156,-0.6081484971106863,0.48020120552944823,0.30266706125166509,0.9116823385648487
669,0.62763854499068961,-0.28024480906013327,0.76546962107993188,0.73987893087808954,0.19377198925714301,-0.029478341435722477,-0.93611944962490479,0.32597227523657435,-0.042000929649663732,0.83463326034554575,0.81336151985991334,0.90268111420798358,0.90924320812887016,0.77497974494808508,-0.45585130736799528,0.16417226682285757,0.14557633181672136,-0.81736668334372076,-0.28734219716263687,0.90002144206793133
670,0.3744763640249289,-0.15287695383142497,0.98536006252000896,0.82663950521326024,0.39557609844954778,-0.57525818155880803,0.62450466502298019,0.70579020554934857,-0.9953275714794787,-0.80380109515212972,-0.7549794801941212,-0.35418734489125203,0.84401659998203815,0.86400177169883596,0.96634109440815541,-0.13451408065333226,-0.42514416740489169,0.55934025858612002,0.1300122754232742,0.26977419761017396
671,0.91294246149283209,-0.59716601884183484,0.75494882023118759,0.93633697186387854,0.36024078855823327,0.021341043253754854,0.090854910575628889,0.27632366151253462,-0.97331792962744501,-0.61351170925059884,-0.5396077631462648,-0.008343069356445465,-0.79625990035428207,-0.077136661112980232,-0.079027936707274149,0.52842639881293496,-0.56661008956120695,0.83029774588020566,-0.063470939957696704,0.64647801985813724
672,0.10856682678874874,-0.030741946997814518,0.80053285810752794,0.56357014367552694,0.32622144014047505,-0.74543202205020531,0.67206976230483706,0.94837264474766769,0.69917187159895788,0.79088381959695475,0.17913293725628665,-0.21708123637334098,0.17964338725488482,0.18358387052465286,0.37319184379439885,-0.85572248550186258,-0.023413497093195401,-0.89069294355234874,0.39732578769527671,0.74996416944862965
673,0.70117536175642003,-0.4443959366485255,0.93775039360412182,0.32096574408815082,0.40444417820151202,0.65633222071890018,0.75264916435091034,-0.68045563914003426,-0.99981900631109299,-0.69556058347609739,-0.30097652902532612,0.76956073851311158,-0.23492389053783591,0.49608122001892641,-0.28128031700051093,-0.75554196182515887,0.65888973878927493,0.27716624974833537,0.30001820142957158,0.63795765026185602
674,0.98824065401694461,-0.83706074034842648,0.91858806959095829,0.53229620434405156,0.39273768424373712,0.14000692653654156,-0.93516559506868746,0.66913886755062602,-0.60983399956449191,-0.65122196925003983,-0.79312961582871955,0.13822131628364587,0.88716404978439001,0.39423767639007834,0.015411186235780194,-0.22712877787972885,0.029573830838123039,0.86476402646360695,0.18757854740844193,-0.26210638389949703
675,0.2836129068837494,-0.73752532229821544,0.95820103617320984,0.52200982654930383,0.33331264924151016,-0.47011730019266573,-0.10889489531148921,0.13898316951138434,-0.67812992339054623,0.47542000336908141,0.19005027344841174,0.35875218045111423,-0.20732746847303019,-0.063448432219161521,0.40624728765891582,-0.64732387837861394,-0.21298157150739216,0.73579776240434502,0.83363927505319735,0.60707637725352037
676,0.89054281808941527,-0.91674466607617933,0.90985069509730132,-0.25971454363928248,0.20394157154101311,-0.23441892882717252,0.16264008032728006,0.26291706627184075,-0.69477102610528307,-0.92712638489719468,-0.55118207717340173,-0.54160379377291812,-0.48664711665026994,0.96625963773241375,-0.32738512139554676,-0.87908777606668043,-0.63194907433075276,-0.089985711700950599,-0.0066305738121905655,-0.78675126133052031
677,0.1369268973925668,-0.58251015801421357,0.99850621007070783,0.24584759307163462,0.60025216993496966,-0.12598237815629609,-0.012674324473510579,0.65460795792138504,-0.65724156692216229,-0.35846129785935332,-0.65591395334129698,0.85752739614803941,-0.51687741611103899,-0.29946357402104762,-0.16361014047502764,0.058140778536247328,-0.70727697109178478,-0.53750997803290068,0.71888553532571908,0.52105700470767236
678,0.53790621603257827,-0.91993003328536349,0.85799939541447023,0.96279442239195401,0.30906051502872423,-0.80431640200284971,0.42700371516533586,0.72432057152306095,0.078092329565328189,0.11288920466943964,-0.11187087342554358,-0.013174557528046194,-0.43764536456891734,-0.74086502494277084,0.9213030531540074,-0.0015334139285136938,0.90721950419091435,-0.91858133072164305,0.48201037617045417,0.6058446460243927
679,0.87744129720781583,-0.8544781374514423,0.85128055762908761,0.075501623712459498,0.48485058324607611,0.69440406647406339,-0.44183382910630042,0.94860331742101578,-0.66513092014082908,0.0042854481338434613,-0.90886403868184473,-0.74069537555699738,0.72278101449807286,0.64675526488464818,0.91472750415988857,-0.71619125593935329,-0.98710791822813082,-0.80108750682561358,0.29840948060669148,-0.097005082053093217
680,0.20193779538506851,-0.8655836019360692,0.84213844177613639,0.89943738672601947,0.64943910691920692,-0.2448191475284649,-0.89804507141716239,-0.36669070028856887,-0.1417353393572649,-0.97727690861686067,-0.19452209908522189,-0.17055244932000635,0.50180016223049551,-0.52565784795875525,-0.1463415373125605,-0.60554556337957477,-0.57104816416390336,0.15870016042008528,0.47168082131308187,0.34939830361247082
681,0.23933353931915646,0.12386518383984702,0.80291594251789422,0.0027614129949389277,0.5720207946820508,0.15136224693679279,0.94896490782366372,0.88407816231989145,-0.47640104110054327,0.51318346996513098,0.93672092656284178,-0.44160892329774781,0.14335351428295295,0.35032921803615324,0.48435591070366946,-0.98118082030436127,0.57325184660778228,-0.30257928354441277,0.03917644841865342,-0.44516904653003175
682,0.75037364820545904,-0.013272480351665061,0.98840067627256656,0.17740493601965923,0.83339558242326484,-0.75333512700755612,0.28784653751495726,0.31268974665164695,-0.53844941450153638,0.34881683063046931,-0.23415645949288377,0.79859121260629928,0.92607700112016578,-0.073267161400201841,-0.98851034239114211,-0.36582335516750519,0.013468002513611133,-0.1835653544285063,0.84191555163663989,0.33351234065413249
683,0.1369268973925668,-0.58251015801421357,0.99850621007070783,0.24584759307163462,0.60025216993496966,-0.12598237815629609,-0.012674324473510579,0.65460795792138504,-0.65724156692216229,-0.35846129785935332,-0.65591395334129698,0.85752739614803941,-0.51687741611103899,-0.29946357402104762,-0.16361014047502764,0.058140778536247328,-0.70727697109178478,-0.53750997803290068,0.71888553532571908,0.52105700470767236
684,0.47798485793811318,-0.54499014355603803,0.96307573454590911,0.95835454883669691,0.30347277658713989,-0.43768356241579043,0.71308596689861736,0.81041518714326921,-0.81868819414268623,-0.9968102390668252,0.5344245881126406,-0.45510019404715818,-0.18168201992914357,-0.79063871775002004,0.6026311008248062,-0.18995232335921908,0.43844628430298327,-0.79809353213583267,0.85358197164764271,-0.78537478661684834
685,0.86178267586399859,-0.57073731760598712,0.95707119651307049,0.50669537234963014,0.75018640019208416,-0.61576627549167018,0.14970137591919608,0.68501772437158626,-0.248743843117474,-0.4410882274548098,-0.75215336266604704,0.95668037890086,0.33541179572841084,0.049431317723866997,-0.70588156572308058,-0.057059089008851149,0.065437109956548722,-0.13322832590431477,-0.8394594687009711,0.40282048878903343
686,0.71061180737814,-0.19326128967906997,0.99417210443925508,0.26634467885060897,0.50028046840702323,0.97555508587259987,0.97076837858447318,0.86433465686615096,-0.95903294145235218,0.83536523566386567,-0.092872522813546521,-0.49177571622214278,0.54130419661918561,-0.43417586440869194,-0.59708694620217773,0.93691760730438589,-0.27280930868191833,0.70097918329811093,-0.037363607444300229,0.26142926715102943
687,0.48693412630683297,-0.50640117247362837,0.93659844820702975,0.49890465650189353,0.71760916692206766,-0.82569766962603697,-0.65621204464934979,0.67583101005644997,-0.54335349659262522,-0.065378536122109754,-0.74974937453205648,0.034521365340572041,0.76523733646651682,-0.45796192476110575,-0.56292201358209581,-0.45390151984695959,0.96381077541110116,0.97491697624161744,-0.64708163443131772,0.1547544820294906
688,0.18911468265280518,-0.29891301243202406,0.96756529361711552,0.46721250927977409,0.28716733376414538,0.20176620535196155,-0.32071577252656369,0.78827373498329778,-0.89811461940028825,-0.93003298889673691,0.05464202171269994,-0.12878234272429046,0.14130054355830435,0.81288718350334555,-0.23504001724712231,0.90527000918081368,-0.94424756266511101,-0.50719681413761175,0.76326979832150554,0.020720301855170264
689,0.17394854289784467,-0.84074165213486274,0.81915926443757425,0.9689217957155476,0.82409605188100632,-0.31881470757836161,-0.28416274316148682,-0.20817180890320053,-0.2367079581947098,-0.55395862809957341,0.61385784838294422,0.42542404232490671,-0.44910815660632775,0.41619916550255276,0.27265506800541339,0.013376353133426777,-0.071461608631615992,-0.49541467083465029,0.18679251383066964,0.94657929864655843
690,0.73311243248752667,0.47702120610861543,0.92121161188967915,0.51438178158870729,0.88722658023392964,0.067901642881277091,-0.55343669358426206,0.76435804503455373,0.29788035937829505,-0.81117781601229133,-0.79739151513813944,0.28972590406950793,0.57408303543058259,-0.93416564132100155,-0.3850801271986275,-0.071579073086733835,-0.41694536268971216,-0.60803817207949518,-0.11651096406830708,0.7287216583341154
691,0.72245004355113673,-0.2704834286226363,0.7297626775754178,0.99706987006199066,0.33275233542043248,0.81796888528239364,-0.92198356832873674,0.73691274945140939,-0.29588799373770236,-0.1046579647862298,0.52466638169738666,0.74404028855315185,0.43926749600677018,-0.80802555069746784,-0.74578889940293114,-0.6500544295299342,0.10177615728764922,-0.66733908550584964,0.81877026400313069,0.73665074804617814
692,0.82120489296303845,-0.055251569267923406,0.99035936996760743,0.19011178753957858,0.48820086678771779,-0.90418718021497479,0.32599708915362657,0.67693390309300017,-0.77920530375515495,-0.58522963142612294,-0.46635237852066846,-0.088889515113498296,0.66520102498388467,-0.16161213974820288,0.71926099622117046,-0.45113901425597391,-0.54944289545963731,0.99355073172535202,0.25044428856886469,0.60763935854000994
693,0.92455275071914511,-0.14965063550083246,0.94952965586540516,0.2168650866556594,0.78732555832520879,0.31319934445634878,0.63574537049395374,0.7831039707459635,-0.807090114075111,-0.96734828634458325,0.35110447323380778,-0.64740659950702062,0.88076677570669681,0.48422125309546882,0.34965038784493219,0.55769593528817363,0.82386354506571124,0.61996589797281487,-0.60470210412841374,0.7966865153322209
694,0.33076986757392768,0.035765190217325937,0.97553533323527142,0.32865764299168587,0.32326543942501629,0.12501456175574699,-0.26574482833073798,0.88730852747754541,-0.41875722408892191,0.62545511682895683,-0.57617821823597537,0.29179414369415335,-0.77140003509864608,0.29584254305726221,-0.85822587080086032,-0.31497285389245699,0.5475863627989257,-0.41364338634138087,0.69474590335164654,0.91223466523284902
695,0.39281928034657732,-0.94292761505133016,0.72160658237091679,0.61017925702325759,0.26377815614197275,-0.93851946499800243,0.91472359921161273,0.5500315513561933,-0.12609287081024068,-0.34825738667965367,0.5434808766817345,-0.11004449746105194,-0.57430719161207633,0.94336316829775879,-0.64227936921836326,-0.6204736341919781,-0.50873715174177758,0.94854531738987591,0.68432949980237079,0.43903835415116998
696,0.42568932721801556,-0.70757355302967939,0.9754244683104436,0.27744189203364966,0.86096202563271573,0.00055470893192999249,-0.41220654969664183,0.78765896785553746,-0.39473821423107225,-0.83176373873620046,-0.16554704989377189,-0.77421032986639715,0.80081874480870963,-0.39865751886164857,0.67155502937841693,-0.4828562181513012,0.78861472752153383,0.070704146256461042,0.97568008440266896,0.45701585223442343
697,0.92982384910100246,-0.59807033993457037,0.88272910606715804,0.58725736205084478,0.50493158021497986,-0.66204445918244992,0.56852813428345006,0.42925695469983394,-0.87321914320896554,-0.28298440055735585,0.20913099619012221,0.078175208671174001,0.38403767446068948,0.68536504225606465,0.75207364908956009,-0.28293525895850324,-0.84235529071120752,-0.71967429770006008,0.3422067694523685,0.36557371058643007
698,0.47798485793811318,-0.54499014355603803,0.96307573454590911,0.95835454883669691,0.30347277658713989,-0.43768356241579043,0.71308596689861736,0.81041518714326921,-0.81868819414268623,-0.9968102390668252,0.5344245881126406,-0.45510019404715818,-0.18168201992914357,-0.79063871775002004,0.6026311008248062,-0.18995232335921908,0.43844628430298327,-0.79809353213583267,0.85358197164764271,-0.78537478661684834
699,0.81919859898069181,-0.78681335102082905,0.8475508203091946,0.58142708304205848,0.44150369227419017,-0.73073544901236498,0.2007908947635535,0.91911108014492071,-0.50020034551386527,-0.47377871591300247,0.74183570271211607,0.17227639708341003,-0.72934924772927001,0.65760219666056607,0.48705920270717895,0.7509997374703683,-0.17321767452062553,-0.41593006513943642,-0.49397272985367824,0.334027764002371
700,0.57563953063075979,-0.21274405459899492,0.84745683589334919,0.17848743036270664,0.41548017525279057,0.64877866871907974,0.1908885133263889,0.48883111969545023,-0.054888953268573015,-0.51034259533756088,0.02868809587251353,0.13769804727284751,0.34571474737861307,-0.26796149994776064,-0.6718434096083894,-0.8591958868059677,0.85417589487859003,0.043710683969246933,0.2983901184999338,0.88597170754265742
701,0.39032790197068823,-0.78741040964555076,0.85866830216885526,0.8956993931075925,0.78458835830882268,-0.51545004363612867,0.65761613097173455,0.98673335974914322,-0.94779976476178529,0.95031508254205743,-0.67627379714993063,0.0042568835351830536,-0.012557255133514467,0.29940943650613461,-0.63670681895820747,0.99409291624781226,-0.32122666246012166,0.81430458264023131,0.43618096275980656,0.85109078795963078
702,0.83687484985319149,-0.66369241451881167,0.99390838326079956,0.89428122889592432,0.58840602250964724,0.49677015455968498,-0.61748876457653168,0.69245273357557457,-0.12514605607359752,-0.12988383223091593,-0.57007240144580029,-0.31692072640764057,0.032483642521430101,-0.99923657685155898,-0.9055974762865886,-0.37639559708662951,0.93348236016813479,-0.209261609800657,0.19769567731116133,0.54342686175426724
703,0.76156432710552768,0.062490096693372799,0.64737045989196873,0.93008141070182426,0.45634435019129538,0.57365617444826356,-0.73976748470865084,0.97959234056876054,0.3904183692838088,-0.3446029673815183,0.74506585262117153,-0.70355661918705215,0.10316218194328863,0.66590219906135295,-0.96166117152347463,0.011213915399184593,0.11150162218180104,0.16072839568336073,0.93996530908341591,-0.079825262163941257
704,0.584492075095425,-0.54206391988184599,0.71326885539586815,0.52100520242309334,0.39762529407547786,-0.66793403858997813,-0.083543704289064102,0.66660553553081248,-0.76243467461331971,-0.49777573925090035,0.16572719774248013,0.76876024487960248,-0.96910372143482215,0.37136195207359446,0.69843538736169086,0.20487470569573696,-0.89756840289337547,-0.72892646080788248,-0.945896073684799,0.051897252266100535
705,0.18911468265280518,-0.29891301243202406,0.96756529361711552,0.46721250927977409,0.28716733376414538,0.20176620535196155,-0.32071577252656369,0.78827373498329778,-0.89811461940028825,-0.93003298889673691,0.05464202171269994,-0.12878234272429046,0.14130054355830435,0.81288718350334555,-0.23504001724712231,0.90527000918081368,-0.94424756266511101,-0.50719681413761175,0.76326979832150554,0.020720301855170264
706,0.61401435904875568,-0.24133828113880873,0.9185812665221873,0.85415913555831602,0.46588004049950604,-0.42296917493265962,0.15371766414713828,0.68647935569190865,0.92140653626307789,-0.0044455135041376881,-0.18035230202357111,-0.83947467782258256,-0.37207300621576178,0.4190372846162338,0.17441972715142429,0.06301050318741086,0.14272237195727011,-0.55064813988914785,0.16752807697804539,-0.59439411651441532
707,0.98824065401694461,-0.83706074034842648,0.91858806959095829,0.53229620434405156,0.39273768424373712,0.14000692653654156,-0.93516559506868746,0.66913886755062602,-0.60983399956449191,-0.65122196925003983,-0.79312961582871955,0.13822131628364587,0.88716404978439001,0.39423767639007834,0.015411186235780194,-0.22712877787972885,0.029573830838123039,0.86476402646360695,0.18757854740844193,-0.26210638389949703
708,0.96197785557137472,-0.69391031967794148,0.58744826664352301,0.94261703567427069,0.86584063389235788,-0.88296756146086608,0.53085553461141211,0.83449093081581993,-0.016042211864319533,0.99715949422165018,0.78901147193892185,0.95994515652526857,0.13060281103252658,-0.0092226676271318642,0.46272360150674663,0.20820238838852068,-0.46179224160971644,-0.35373226044575556,0.2334783583471014,0.42616755336746026
709,0.87744129720781583,-0.8544781374514423,0.85128055762908761,0.075501623712459498,0.48485058324607611,0.69440406647406339,-0.44183382910630042,0.94860331742101578,-0.66513092014082908,0.0042854481338434613,-0.90886403868184473,-0.74069537555699738,0.72278101449807286,0.64675526488464818,0.91472750415988857,-0.71619125593935329,-0.98710791822813082,-0.80108750682561358,0.29840948060669148,-0.097005082053093217
710,0.15533050326822639,-0.55837126279102844,0.92630704592574831,0.95479257319908317,-0.034339462917688968,-0.47341187107061322,-0.12446206923258329,0.47656301163315806,0.4657998127992744,-0.71066659297172974,0.99154851040125269,-0.18844212515647185,-0.76891540863927399,0.35317687040427703,-0.40928665864797864,0.80608982296168286,0.17508040479431974,0.24863620512405293,0.027388177174059614,0.81459794413538988
711,0.95359181303177465,-0.62522279841880124,0.9165518284159897,0.69369476987466672,0.80232221944853288,0.97041641477825369,0.7624947545191727,0.8595368758222055,0.058795800641438412,-0.51220605582370515,-0.98144703425346402,-0.098826962892562875,-0.85896359227540175,-0.54851803655904741,0.52307201543477455,-0.20786316597971233,-0.25410292032608095,-0.47210231687202064,0.64224253599621717,-0.59465427272724414
712,0.83687484985319149,-0.66369241451881167,0.99390838326079956,0.89428122889592432,0.58840602250964724,0.49677015455968498,-0.61748876457653168,0.69245273357557457,-0.12514605607359752,-0.12988383223091593,-0.57007240144580029,-0.31692072640764057,0.032483642521430101,-0.99923657685155898,-0.9055974762865886,-0.37639559708662951,0.93348236016813479,-0.209261609800657,0.19769567731116133,0.54342686175426724
713,0.33241615981313033,-0.88297250906004665,0.92090992404756977,0.54706664649035952,0.47906518277070154,0.20168743632553277,0.8545971192759636,0.37806115564527243,-0.66988292101744906,-0.54593800185886598,-0.23872325031271702,-0.48734939529160926,0.66089085114094503,-0.70285649388476013,-0.19391636537213142,0.93503087714453192,-0.030648138765043464,0.67916885098391444,0.18485109830151791,-0.96200884118337604
714,0.70136373712669964,-0.60241497469794636,0.85118706005310396,0.4949463493840538,0.53115609004587472,0.54636351957827922,-0.60148581117380928,0.77815691602828418,-0.63555393400143534,0.06340845558506425,-0.016362250181262583,-0.11444687518352303,0.46735113336459611,0.68082577854764659,-0.22880728436055287,-0.3899823038383563,-0.19046487392157285,-0.28126446902049818,0.49393354974284276,0.27729031899154033
715,0.16713254249599041,-0.47019633087144452,0.94397059905636671,-0.29809801575189976,0.66623913994527562,-0.60846679124989755,-0.056420328686772159,0.74705557270248413,-0.38121515102758696,-0.58606051484255328,0.61236975238998026,-0.80386488199018213,0.79317186377370286,-0.32985517220407146,0.30403280216960815,-0.47234743228480447,0.87174303262345942,0.2236411427685252,-0.10073631652729054,-0.95593983838792895
716,0.60353987615477789,-0.79984723427077387,0.81945528816484692,0.58399473489468745,0.083600342308613795,-0.80740099389942355,0.15685912575959926,0.94594034322932874,-0.24555348229539842,0.19246516458496954,0.57842732890854154,-0.18060134233527325,-0.86309632729798591,-0.99158235173942377,-0.69889677931252936,-0.67812674528918082,-0.23659722771504477,-0.66173075994184893,-0.60543510127592248,0.45785540215585119
717,0.65005641248410728,-0.53796292238171683,0.97699348523238516,0.45821204450507103,0.28394423952988102,-0.6541670510216504,-0.14742208228156017,0.92986965195154103,0.83334723053969695,0.56174006706566448,-0.95962903298341962,0.77135590723842928,-0.69641107694576099,0.18140502815691684,0.25723113595590852,-0.89620357285636509,0.65419033575621599,-0.65131039776253741,0.2050410562803906,-0.11823737533838075
718,0.39032790197068823,-0.78741040964555076,0.85866830216885526,0.8956993931075925,0.78458835830882268,-0.51545004363612867,0.65761613097173455,0.98673335974914322,-0.94779976476178529,0.95031508254205743,-0.67627379714993063,0.0042568835351830536,-0.012557255133514467,0.29940943650613461,-0.63670681895820747,0.99409291624781226,-0.32122666246012166,0.81430458264023131,0.43618096275980656,0.85109078795963078
719,0.18452755271996701,-0.78789736451470804,0.76529802263228253,0.91388960947705677,0.51574515434120993,0.22946049559014225,-0.27084387225961937,0.73887412738552283,-0.18969121001926004,-0.63895239222894529,-0.15667112873348721,-0.32670880793959256,-0.49349668044268036,0.8823081143678444,-0.71592574867418013,0.68892541203842206,0.51788859270663901,0.77736084000971961,0.40656703017437001,-0.36462105402530787
720,0.2209271823203387,-0.63314010385535524,0.75364166156527879,-0.15562631154637319,0.59255878653792604,-0.4121490216496515,-0.96423594996609197,0.90844172216577479,-0.51346706510839191,-0.91620956279911447,0.69915531073177895,0.97197567351574898,-0.080554501380628141,0.47129959777872288,-0.89390452215332261,0.91165483892108234,-0.68447440434260232,-0.55259004127044631,0.55655763412582782,0.51862999428110679
721,0.86178267586399859,-0.57073731760598712,0.95707119651307049,0.50669537234963014,0.75018640019208416,-0.61576627549167018,0.14970137591919608,0.68501772437158626,-0.248743843117474,-0.4410882274548098,-0.75215336266604704,0.95668037890086,0.33541179572841084,0.049431317723866997,-0.70588156572308058,-0.057059089008851149,0.065437109956548722,-0.13322832590431477,-0.8394594687009711,0.40282048878903343
722,0.21067499922033606,0.33453309364853845,0.81606819251415263,0.52914255890258799,0.54208138846370879,0.54636523017123073,-0.57025987821575752,0.68646382426264818,0.027394029801045328,0.044723461796103425,-0.35840231595374172,0.77153709482844834,0.93209300869418699,-0.76412986861693333,0.69766682864632901,-0.6367687656026868,-0.36966439148964891,-0.70157244051028411,0.73270857075804696,-0.37215694348088979
723,0.17988881643324484,-0.91297313790963508,0.78551514023631763,0.28349189739302605,0.76909884138970019,0.94221526811289902,-0.45068670673066746,0.46851480208487484,-0.17533130756591064,0.91064480119978719,0.33454669220028044,0.96638897855608241,0.84126100008108806,0.3012141250807987,-0.14444087801573713,0.65533756279765165,0.73812315474144397,0.059273321552459679,0.16981697005800234,0.42838755057266908
724,0.37507431957047621,-0.072835958165359038,0.93321946784288223,0.39979564977024595,0.32560562067409959,-0.90400996683160173,-0.24483215634246513,0.91120485306717125,-0.088861693532727104,0.85158561958712342,-0.65029775678849289,0.29075028859473284,-0.32760359165759967,0.24188171051357954,-0.89196784168250032,0.75187951994596069,-0.71842048487236099,-0.81430090726885296,0.66944582216304305,0.50517511813227478
725,0.3744763640249289,-0.15287695383142497,0.98536006252000896,0.82663950521326024,0.39557609844954778,-0.57525818155880803,0.62450466502298019,0.70579020554934857,-0.9953275714794787,-0.80380109515212972,-0.7549794801941212,-0.35418734489125203,0.84401659998203815,0.86400177169883596,0.96634109440815541,-0.13451408065333226,-0.42514416740489169,0.55934025858612002,0.1300122754232742,0.26977419761017396
726,0.33179568986497365,-0.62224149612664048,0.79949211912284435,-0.3277718664204512,0.82555386531138275,0.072906909337876247,-0.50213610409358167,0.69173854506456367,-0.34584468394358825,-0.28992699768444607,-0.6950644819106977,-0.72699387650405312,0.57679334899685442,0.07738475197374739,0.30993736562260699,0.1993617186619332,-0.53505141264231493,-0.067227684016196276,-0.89426617726086111,0.49712441755172621
727,0.36189505829526758,-0.75755927042248361,0.86113422375364213,0.96172615129598715,0.46579612956795091,0.10313765789890206,0.9374974942219898,-0.48983952506620776,0.92245393734093484,-0.64088676244249521,-0.98624079090105266,0.96918392922925611,-0.31325688310645528,0.26083959786177635,-0.88117523674237086,0.3776188371750957,0.71230195826789933,0.28269956359603454,0.54713140714304509,0.25339090139055687
728,0.45710715350670728,-0.16197348762520503,0.7667717767779938,0.74609784752637021,0.94100855990230237,0.30454653364047957,-0.074909592989311324,0.93753281554892109,-0.21546422022930378,-0.89746593727254176,-0.47794789439158691,-0.63657490683459206,0.640802675658946,-0.22115897616186309,0.44233696945869072,0.20977549795266448,-0.85065003821331464,-0.030751458514287178,-0.68387792251331647,0.33714064342855732
729,0.84354581440624932,-0.3257292700134764,0.96325874619581864,-0.36773683427018633,0.73556695490564805,-0.80287566906122887,-0.42681008939605469,-0.098918777841356498,-0.47039456760876086,-0.46892343378375623,0.094173923626006406,0.41914085942157886,-0.76755181822196938,0.11241049144546733,-0.87401454436641446,0.03160797072684618,-0.39001186588700953,-0.42178949955810596,-0.17333802875309323,0.1364052300465084
730,0.95886593236173745,-0.62030543994618115,0.84808393725939113,0.24616045004369913,0.38689699716461234,-0.86488657726300811,0.61640805528969311,-0.90655141654079263,0.24959114911562352,-0.91647171728161747,0.491860307730835,0.38691282148793427,-0.29631695971380068,0.79445415525412488,-0.47862164665061546,-0.87265257526280315,-0.63911843260929091,0.4647249207773998,-0.20864165621904252,0.44949066914158342
731,0.24597931707388399,-0.87305652469411665,0.95555210755682296,0.97389364291423108,0.69134821743534602,-0.64493434295270391,0.1808205098855411,0.26459027193902207,-0.24097211920252182,-0.24915827686850078,-0.76703957202955642,-0.66996715459408618,0.80935291127950704,-0.87643405635758942,0.16962179039346825,-0.82312416848422232,0.046187348382963789,0.12066230326930749,0.8263870244053757,0.4449466947519618
732,0.81563545764990164,-0.58462628854210075,0.78535154544535279,0.23727154102504611,0.72494164062190936,0.64040230200653037,-0.58928354656235893,0.52765907128974887,-0.51308418315380511,-0.0034512056722237894,-0.61942866948932718,-0.95182433443269598,-0.15739941587422712,-0.13815075409486388,0.12968374543098071,0.032031421864258336,0.90043662228402477,-0.024109185368898167,-0.095450383862774268,0.63149084262530319
733,0.88633203805631133,0.0837682410845495,0.92970282028316609,0.21907060466590589,0.72725477285174844,-0.64954433035099957,-0.8038767434302212,0.98177062938991688,-0.96907958481386114,-0.79731536188246865,0.54181376558504302,0.66288846276524516,-0.014434286459422685,0.021752989436215842,-0.75156154742050441,0.68809915065764748,-0.54036968618270875,0.22102709996704251,0.29203487619199642,0.21782513756322985
734,0.4765436734445867,-0.88447182896722487,0.95094876940992923,0.89113027740736639,0.73732564421465163,0.053407108641832179,-0.9569208791823105,0.78709129078724116,0.067123090241353767,-0.64538888111685089,0.010413607541210679,-0.91867624777086054,0.48336415350279682,-0.27003581519008613,0.86515981400108055,-0.042592134215015953,0.17825980359181859,-0.61344904160985481,0.28499690583135151,-0.10869967234165001
735,0.47798485793811318,-0.54499014355603803,0.96307573454590911,0.95835454883669691,0.30347277658713989,-0.43768356241579043,0.71308596689861736,0.81041518714326921,-0.81868819414268623,-0.9968102390668252,0.5344245881126406,-0.45510019404715818,-0.18168201992914357,-0.79063871775002004,0.6026311008248062,-0.18995232335921908,0.43844628430298327,-0.79809353213583267,0.85358197164764271,-0.78537478661684834
736,0.38945535014890797,-0.37546282268847442,0.76319730516861828,0.76144144611939524,0.6684801574664192,0.15257001778235479,0.38567332673780252,0.73126765652851256,-0.71768023076524368,0.27745240973492669,-0.057969318277046211,-0.74350162814000109,0.6735620784711025,0.17468539505518565,0.81656804851483544,0.074535636114747339,-0.41591783526787895,0.32145591052318268,0.66808178455729927,-0.34860097708098281
737,0.24413897550098707,0.070254802749462275,0.93718298776461451,-0.077557291092752445,0.2815462155693027,0.69776271064280571,-0.61208331137190286,0.83504121326923353,0.68241210458643953,0.32316176250590356,-0.064958348353622464,-0.11662674218558777,-0.92729340660567283,0.38049437881734316,0.63166481162314803,0.27110042251366284,-0.23464492380646007,0.27552101830357167,0.91787779369651279,0.44774489892382174
738,0.74430046323766974,-0.44231795253143824,0.82349043330235117,0.51883695997182033,0.8681873802006641,0.12545315891545128,0.93443059175823029,-0.8059954828028999,-0.42858212231786874,-0.68188085383927555,-0.077126282747546293,-0.46550438314795506,-0.71102717686111783,0.43197518129044621,0.75455832164069814,0.68240374539307758,-0.43313845710129351,0.54091045401171578,0.03204759616596986,0.24448216907213993
739,0.30310258260744272,-0.76305202225814739,0.98437508070169,0.19577054912268532,0.67363557850754852,0.75272745380457673,0.6748298733236191,0.79711339629448297,-0.90503477151673839,0.27365403952598011,-0.1667720094723808,0.042650067423388727,0.72805439051606502,-0.43957338780645361,-0.82982439062378144,0.66774700728764369,0.36988347838935098,-0.019984262409650899,0.40343983886903212,0.26608059241435633
740,0.86116512176985993,-0.55268364046690577,0.99378351102681162,0.98284481086394049,0.22229693618384339,-0.30709071331089577,-0.98278030595212895,0.86582272871203347,-0.11002805477993749,-0.58639026152731089,-0.90499422978169219,-0.12110937042126091,-0.96369532541565972,0.30031052221423793,0.19585496633868349,0.76408507554054328,-0.097163153674454605,0.84933500278394369,0.30761098092526562,0.72329431883651241
741,0.33219572410295739,-0.49375008191853254,0.8668777864322561,0.74786843933472302,0.031155616676952436,0.78436231006792845,-0.10053379377470084,-0.0030621392394964975,-0.15399071215161175,0.84388612907218441,-0.47725815813139993,0.81409494151807493,0.62684774009403688,0.62002664484940651,0.20413201340046672,0.87656665442895765,-0.12114261614855892,0.33504600114047389,0.5906081335078821,-0.40862211748170618
742,0.83687484985319149,-0.66369241451881167,0.99390838326079956,0.89428122889592432,0.58840602250964724,0.49677015455968498,-0.61748876457653168,0.69245273357557457,-0.12514605607359752,-0.12988383223091593,-0.57007240144580029,-0.31692072640764057,0.032483642521430101,-0.99923657685155898,-0.9055974762865886,-0.37639559708662951,0.93348236016813479,-0.209261609800657,0.19769567731116133,0.54342686175426724
743,0.88662546972182987,-0.19258475488610927,0.65713101122095252,0.51939003276689366,0.31193476632993877,0.56427941441723184,-0.75664206140583223,0.86718342011552108,0.73652901384070213,-0.800538435670616,0.65799184642349973,-0.79145615817812098,0.60848800690053628,0.6934692977041772,0.61863737687221976,0.37716295174702186,-0.5676407019908436,-0.14871744113786578,0.3471608701397042,0.3387146251609443
744,0.82696683042472685,-0.80094517355998573,0.81346395615856526,0.95671145335171826,0.41718401439557162,0.97892835866201633,-0.46523593668340535,0.8747869130476893,-0.95950696414494341,0.17531666365983889,0.13647610189869264,-0.34774445161458267,0.6590807053757648,-0.059316946718110941,-0.64374502914328158,-0.53574189650634185,0.163424563286372,0.7581461586866387,-0.023821984319201572,0.077078511531543992
745,0.92982384910100246,-0.59807033993457037,0.88272910606715804,0.58725736205084478,0.50493158021497986,-0.66204445918244992,0.56852813428345006,0.42925695469983394,-0.87321914320896554,-0.28298440055735585,0.20913099619012221,0.078175208671174001,0.38403767446068948,0.68536504225606465,0.75207364908956009,-0.28293525895850324,-0.84235529071120752,-0.71967429770006008,0.3422067694523685,0.36557371058643007
746,0.13442156815558848,-0.83399642223591974,0.84943614053653027,0.5392513057225532,0.78368064898938128,-0.88204797721761952,-0.54598031103761024,0.78580053327060795,-0.41188293049077784,-0.21331282800128615,-0.39302475309141149,0.18188340635212286,-0.0063794097097353841,0.10820124855695856,0.7134688241889986,0.85454331716994947,-0.30978988165961985,0.79098781397855511,-0.061931924057916588,-0.057450628767019341
747,0.78744346995887349,-0.14156037746748695,0.97190483275236872,0.73832907785163981,0.68153105248154922,-0.79862064063634364,-0.035273787194799899,-0.17912265995832399,0.51535556136557625,0.87742100188914418,0.50010349601473392,-0.039964126449490101,0.45010508912877967,-0.3049722549277043,0.82110761832702739,-0.66674853363150399,-0.62843718327177234,0.0024140599801305562,0.94538867607128352,0.18891672182468744
748,0.15680027596955526,-0.62126815229889787,0.71251294377033592,0.36881502914531072,-0.087706701670149601,-0.95036397636933523,-0.85894604691378618,0.64040161266859408,-0.080232045927197237,-0.68177859480608816,-0.23427500908901155,-0.020161530522826876,0.029320444684143521,0.57174440581192476,-0.54648928851445322,-0.57597304134117433,0.9501232878034771,-0.45458124236519826,0.98966522161703452,-0.51626424292636841
749,0.1450099424947926,-0.49688101068571244,0.81573769937421337,-0.08589138888184733,0.30755979873414852,-0.48292524557120164,-0.27002912025084402,0.51643239650612016,-0.40144326797324958,0.43353128832887466,0.32297946804276423,0.71110866133830997,-0.53851851053000854,0.19688465991109982,0.012390295975310162,0.39017891957636208,-0.51106286540751111,-0.51534787426729722,0.37314856345266123,0.89837727065945128
750,0.47210494574158779,-0.35572726131487875,0.88020406217265834,0.7230410731139616,0.54268648285737675,0.855094054412886,-0.11964661187563785,-0.0085005693384365699,-0.62107373936783783,-0.031429184542204558,-0.54586493407224146,0.90888748530435781,0.82418127854352297,0.52798187985907341,0.25376954922729289,-0.54363454596435901,-0.36174366044365103,-0.45060156444040578,0.45329383678597446,0.3831318743678076
751,0.36398626599014983,-0.29713696993263605,0.78999556354756395,0.83574105137055099,0.28066198446558577,-0.53977652779338792,-0.30902488761866675,-0.61051484338992279,-0.053241909277521149,-0.84890128482400984,0.58246113264970378,0.65632451517122359,0.5777583749270081,-0.12295434249371118,-0.89545068028125385,0.70020436092292737,-0.43854195546596642,-0.56194758037039749,-0.24412629779605521,0.24136311640216723
752,0.18658860836494706,-0.90460843440061978,0.81491437791899002,0.39036267800592461,0.87837573737973829,-0.19261285153474406,-0.63696753577682008,0.83950860964685381,-0.49960983402937775,-0.44701778565745309,0.87867082439618538,-0.47787492858529079,-0.4599809830913808,0.45947026515362221,0.34166761537707568,-0.033949650383016117,0.91313052256589278,0.78717311374226262,0.87719539128704027,-0.42062865104413905
753,0.39281928034657732,-0.94292761505133016,0.72160658237091679,0.61017925702325759,0.26377815614197275,-0.93851946499800243,0.91472359921161273,0.5500315513561933,-0.12609287081024068,-0.34825738667965367,0.5434808766817345,-0.11004449746105194,-0.57430719161207633,0.94336316829775879,-0.64227936921836326,-0.6204736341919781,-0.50873715174177758,0.94854531738987591,0.68432949980237079,0.43903835415116998
754,0.99719388290840039,-0.2175159302974552,0.73943464860917718,0.53770868192950849,0.32079395977783332,-0.81976811276017059,0.29774445174672581,0.76066089163902273,-0.97618494926266508,0.52713059867363654,-0.92177793202461822,-0.891873545954325,0.40855208835810886,-0.15753835907983915,-0.50253903824333679,0.75459269318687672,0.22572218935618205,-0.95449879470527743,0.53007588443651055,0.26777491906402706
755,0.4216521236672568,-0.81611914843831435,0.97739913181978033,0.24937207332308087,0.36604985281377678,-0.73435172956240358,-0.0504635656509691,0.38369947640418722,-0.040857997826342141,0.38914332003206864,-0.70413938839476264,0.55592012390596124,0.14744246805273931,0.30498960586155555,0.53236601155469709,0.6432774404167878,-0.33497842936481437,-0.77617672574851038,0.043184404753420669,0.11782682807782097
756,0.76801617485826257,-0.11520810900958423,0.96709508229006413,0.8754679952635076,0.16004377229293576,0.58335630489710644,-0.89021871614338588,0.80580178518436751,0.77393506740750206,-0.079708450012542897,0.48149167081524169,0.54452666705280817,-0.50067595204475657,0.29108203050851378,0.44880330581514372,0.25044480806561475,-0.18581990165012985,0.87630276852452171,-0.29950609509202608,0.95996947321660486
757,0.37428540282359357,-0.66774358910847731,0.8852519806661574,0.43567458537117232,0.16720529515836247,-0.45026210325778626,-0.96382404445192038,0.53504608918524954,-0.7348037299461847,0.19791612245809631,-0.25309021478661031,0.91671204050510835,-0.97336810633964022,0.33911682761620332,0.96019116696024809,-0.9963163722193713,-0.56288974666928682,-0.29886016323932174,0.15967649168678366,0.96585579320204462
758,0.18658860836494706,-0.90460843440061978,0.81491437791899002,0.39036267800592461,0.87837573737973829,-0.19261285153474406,-0.63696753577682008,0.83950860964685381,-0.49960983402937775,-0.44701778565745309,0.87867082439618538,-0.47787492858529079,-0.4599809830913808,0.45947026515362221,0.34166761537707568,-0.033949650383016117,0.91313052256589278,0.78717311374226262,0.87719539128704027,-0.42062865104413905
759,0.82696683042472685,-0.80094517355998573,0.81346395615856526,0.95671145335171826,0.41718401439557162,0.97892835866201633,-0.46523593668340535,0.8747869130476893,-0.95950696414494341,0.17531666365983889,0.13647610189869264,-0.34774445161458267,0.6590807053757648,-0.059316946718110941,-0.64374502914328158,-0.53574189650634185,0.163424563286372,0.7581461586866387,-0.023821984319201572,0.077078511531543992
760,0.18911468265280518,-0.29891301243202406,0.96756529361711552,0.46721250927977409,0.28716733376414538,0.20176620535196155,-0.32071577252656369,0.78827373498329778,-0.89811461940028825,-0.93003298889673691,0.05464202171269994,-0.12878234272429046,0.14130054355830435,0.81288718350334555,-0.23504001724712231,0.90527000918081368,-0.94424756266511101,-0.50719681413761175,0.76326979832150554,0.020720301855170264
761,0.63626850864835838,-0.97159486608169465,0.82350254948804058,0.77919187569369552,0.26611969059389917,-0.96834445896775101,-0.30446879395752924,0.48960794147772813,0.53450683901298746,-0.41909929255692857,-0.33126915046930794,-0.92575729744563029,-0.020141294646760288,-0.80506106390731502,0.0041944776714233356,0.78977954842160836,-0.20791739113629237,-0.96630805306101375,0.20670501841370847,0.13711158437052351
762,0.75539310012124905,-0.9608490138335315,0.75927931848800512,0.12581004935193318,0.53989810606242261,-0.52547979782192145,-0.21333405296429353,0.93519633394274782,-0.32706417498588758,0.3284260533269665,0.3126649455364654,0.55741064437214294,0.54430100846898477,0.45564989334187356,-0.981023188233904,0.99916597603352231,0.37607112907181794,-0.49293836989133055,0.42468608852180778,0.31601812964949882
763,0.4133563042526669,-0.94565229236420478,0.72681306129908285,0.93468459838970341,0.023102415994762371,-0.14895958744259152,0.60010701810674139,-0.83430565150924951,-0.11519112395342446,-0.60949158635317358,0.80635769821574366,0.91121490692854445,0.89616014670916444,-0.092083771836934059,0.61783567497810266,0.6450884086128934,-0.056424423033477833,0.58339011491627835,-0.75314232870449338,0.32668823675502701
764,0.87861630972232208,-0.84982611478913217,0.77431902291207888,0.37934543570359014,0.44710750480279682,0.32045027320421293,0.14467957518849395,0.67959111605069111,0.7502862466985829,-0.1835763713729035,0.77379501089957836,0.13947962767822353,0.5691792230424606,-0.79685786047575924,-0.60658108691711687,0.48983707668995713,-0.77936664949671264,-0.18210981580254093,0.40769524641589849,0.4635966943157086
765,0.6021714017605293,0.48454645369145699,0.77480067717245116,-0.05722110184133955,0.33184201010637659,-0.70139891441738533,0.036558131109889924,0.79935421142738328,0.37416044547326699,-0.47793257098381559,-0.29147777447716638,-0.77187081158180404,0.13215510332290603,-0.23696694831030163,-0.098083038493404384,0.08719599232743569,-0.1810117902398265,0.51827643543682722,0.99673435075429273,-0.030627631223890228
766,0.42568932721801556,-0.70757355302967939,0.9754244683104436,0.27744189203364966,0.86096202563271573,0.00055470893192999249,-0.41220654969664183,0.78765896785553746,-0.39473821423107225,-0.83176373873620046,-0.16554704989377189,-0.77421032986639715,0.80081874480870963,-0.39865751886164857,0.67155502937841693,-0.4828562181513012,0.78861472752153383,0.070704146256461042,0.97568008440266896,0.45701585223442343
767,0.70994943264045274,-0.51233070616738186,0.74624851726291896,0.13252153799348054,0.58077233073194146,0.6318150775700222,-0.87270024675627478,0.56164692170257191,-0.2245240864883582,0.85856350626597755,0.58393008783961342,-0.65250658621040336,-0.11378705382546772,0.94263807259360122,0.70144687126521954,0.19955699045058184,0.096707766068110157,-0.99845206646715345,-0.93652858161771224,0.38978748195482904
768,0.91294246149283209,-0.59716601884183484,0.75494882023118759,0.93633697186387854,0.36024078855823327,0.021341043253754854,0.090854910575628889,0.27632366151253462,-0.97331792962744501,-0.61351170925059884,-0.5396077631462648,-0.008343069356445465,-0.79625990035428207,-0.077136661112980232,-0.079027936707274149,0.52842639881293496,-0.56661008956120695,0.83029774588020566,-0.063470939957696704,0.64647801985813724
769,0.86473631996839706,-0.57487861079433067,0.80318579516420052,0.69830314928636361,0.84304429979205309,-0.54172398805187427,0.25463193462181066,-0.97928006441035031,0.078996440825762848,-0.45732880671820064,-0.80107877030244912,-0.28254196983202218,0.78290793771941281,-0.54636416031475532,-0.026949742872760085,-0.58343822381529264,-0.58998692279588361,0.56105188832886443,-0.73529513476535313,-0.50996096324960849
770,0.45689240926647989,-0.86672011892549206,0.94561894609947528,0.51564154513432126,0.91351162567634181,-0.87684790545282931,0.15965321823874001,0.45931393328131231,-0.79064270975409556,0.1044210620996282,-0.18136764541115524,0.61488022089399164,0.48389694584842458,0.11911935462470202,-0.052689210295772337,-0.09635411636868696,0.19120525893980855,0.6188372237186377,0.45157277225507353,-0.11643596743642948
771,0.51162855970820509,-0.55262362224851191,0.73324236422332967,0.79692492127476378,0.27093348435147169,0.11374083372598176,0.47694464899747158,0.89448701139360987,-0.7758147686060346,0.49378342638746298,0.94107192021515274,0.84044717286616732,-0.66256780257919723,0.7201966768399386,0.31945142263443249,-0.34369127721646908,-0.66890130927571789,-0.54109569397588153,-0.98986973737014217,0.22825520725884596
772,0.83687484985319149,-0.66369241451881167,0.99390838326079956,0.89428122889592432,0.58840602250964724,0.49677015455968498,-0.61748876457653168,0.69245273357557457,-0.12514605607359752,-0.12988383223091593,-0.57007240144580029,-0.31692072640764057,0.032483642521430101,-0.99923657685155898,-0.9055974762865886,-0.37639559708662951,0.93348236016813479,-0.209261609800657,0.19769567731116133,0.54342686175426724
773,0.58625474905102126,-0.89473012892219073,0.97409292924255797,0.46538576847776558,0.62391047519479703,0.77756364909715314,0.15631440439127764,0.48507789946601299,-0.20204350170362839,-0.21398423828464797,-0.77790305306669749,-0.4239095874906198,0.087351250501695565,0.11442756924702047,0.74145300754629218,-0.50683867118110504,0.44061279334486314,0.60020004612256961,0.83852253003677535,0.96727967357802491
774,0.66367063091134426,0.51348548674726113,0.99389836087126882,0.81604177465207561,0.91630399019235975,-0.89387324108622201,0.16790169749636985,0.73642717973571781,-0.2143672542401216,-0.59802624977775065,-0.23918788659698831,0.24314574234326058,-0.60323196553655145,-0.28316102816101063,-0.94801629513041497,0.929827016318445,0.51670869577961454,0.75618936500482969,-0.71339825016666469,0.17374865098313896
775,0.99984378073824431,0.98451239759081299,0.99446477113395182,0.79374859971058154,0.54085110441991491,-0.090558056788866192,-0.45964420649966775,0.98170958267997244,-0.0045062411540275349,0.43478987305577577,0.31385514390048952,-0.99123009501309345,0.6864006925443924,-0.038831610877463341,0.46652368937282196,0.80207321910818519,-0.13598812794735404,-0.56706290690206229,0.091104852459192198,0.58485367665673738
776,0.83687484985319149,-0.66369241451881167,0.99390838326079956,0.89428122889592432,0.58840602250964724,0.49677015455968498,-0.61748876457653168,0.69245273357557457,-0.12514605607359752,-0.12988383223091593,-0.57007240144580029,-0.31692072640764057,0.032483642521430101,-0.99923657685155898,-0.9055974762865886,-0.37639559708662951,0.93348236016813479,-0.209261609800657,0.19769567731116133,0.54342686175426724
777,0.81919859898069181,-0.78681335102082905,0.8475508203091946,0.58142708304205848,0.44150369227419017,-0.73073544901236498,0.2007908947635535,0.91911108014492071,-0.50020034551386527,-0.47377871591300247,0.74183570271211607,0.17227639708341003,-0.72934924772927001,0.65760219666056607,0.48705920270717895,0.7509997374703683,-0.17321767452062553,-0.41593006513943642,-0.49397272985367824,0.334027764002371
778,0.72359573365905883,-0.81966390979164672,0.70632201128328864,0.78888844574723849,0.87261741771248058,0.29212988915506277,-0.55941170543034335,0.44503214410898084,0.45531915773524512,0.13580554257920285,0.82865012138603888,0.21984674897122991,0.78924503429129356,0.5264456123074619,0.312414445423147,-0.7274398633328174,-0.16909499825186103,0.54698514320258984,0.32521421588040234,-0.0077870190860434008
779,0.4765436734445867,-0.88447182896722487,0.95094876940992923,0.89113027740736639,0.73732564421465163,0.053407108641832179,-0.9569208791823105,0.78709129078724116,0.067123090241353767,-0.64538888111685089,0.010413607541210679,-0.91867624777086054,0.48336415350279682,-0.27003581519008613,0.86515981400108055,-0.042592134215015953,0.17825980359181859,-0.61344904160985481,0.28499690583135151,-0.10869967234165001
780,0.96268610068695781,-0.79792771412484464,0.73821786444567872,0.7580280041154499,0.78450132522127491,-0.47527629669869342,0.65435377473259515,0.69906618658519037,0.77666808651433983,-0.31036043574327477,-0.30943829250675314,0.090073746074632366,0.31911245293942581,0.22991785485549032,-0.85549460913878805,-0.64864215949001136,-0.51106830403230963,0.87627704788768757,0.69631267961071375,-0.0012298018016312362
781,0.32482562646670976,-0.47054302681640081,0.70303543857261763,0.6212043051601539,0.4583601898903642,0.10097997821300519,-0.19162626523575543,-0.17723616099059081,0.059833055116942813,-0.71814356208751651,-0.30491118995875643,0.56928166045426254,-0.14136931704001543,0.56193588904923941,-0.23511526618344125,0.89687531289735167,-0.3939605683751588,-0.91019882577477307,0.11303695190523033,0.12777378426160224
782,0.99719388290840039,-0.2175159302974552,0.73943464860917718,0.53770868192950849,0.32079395977783332,-0.81976811276017059,0.29774445174672581,0.76066089163902273,-0.97618494926266508,0.52713059867363654,-0.92177793202461822,-0.891873545954325,0.40855208835810886,-0.15753835907983915,-0.50253903824333679,0.75459269318687672,0.22572218935618205,-0.95449879470527743,0.53007588443651055,0.26777491906402706
783,0.56868135336155778,-0.31632966597571888,0.9954356730069438,0.6614961213361843,0.82106781978870336,-0.73830807694755385,0.43517858643287988,-0.62228039138704117,-0.92830774663773052,-0.27887432258688594,0.13592231895741258,-0.30013982401009476,0.36573527404160733,-0.017095565917396138,-0.24581827106665832,-0.03318806453762746,0.10651784855589352,0.58545143487369833,0.15967400154107025,0.45584089392785065
784,0.66105781595482083,-0.49927722142297681,0.91389474201900178,0.36450427091401871,0.92704647605180401,-0.82905555299817535,-0.32037489433039434,0.79348663497654348,-0.5424049220284235,-0.93159398152512063,-0.75665581181312391,0.54821223213402726,-0.99751471759876664,-0.48404735442132751,0.50480052646098228,0.85256477333833658,0.0086445373647405788,-0.80137057921004717,-0.60035944508527384,-0.45761579188290891
785,0.13442156815558848,-0.83399642223591974,0.84943614053653027,0.5392513057225532,0.78368064898938128,-0.88204797721761952,-0.54598031103761024,0.78580053327060795,-0.41188293049077784,-0.21331282800128615,-0.39302475309141149,0.18188340635212286,-0.0063794097097353841,0.10820124855695856,0.7134688241889986,0.85454331716994947,-0.30978988165961985,0.79098781397855511,-0.061931924057916588,-0.057450628767019341
786,0.22803510866237664,-0.35440000037850838,0.93639964645531459,-0.097360633313142264,0.28223658129602702,0.0060820318721852562,-0.16215635933192862,0.70585678390764284,0.54333629903310876,-0.36502682181951429,0.27308588901607633,-0.016201810298103414,-0.27627284817897158,0.14837947928758832,-0.63741573772990479,0.20879475990514584,-0.7639058646233694,-0.91865232078190684,-0.92309030685755777,0.83742491161380972
787,0.24400532956190202,-0.42466821274360322,0.70815155705205624,0.20862734133441152,0.75853219578844411,0.42199222940575321,0.084515752335887484,0.81649509988302271,0.16411856169711525,-0.52532579822279191,0.98322288289168358,-0.32520816323956758,-0.63023370779353027,0.92139979296245689,0.31996971231819193,-0.19680008706621277,0.14256856220786585,0.57001274591410644,0.30727402442041507,0.30731322293388086
788,0.61401435904875568,-0.24133828113880873,0.9185812665221873,0.85415913555831602,0.46588004049950604,-0.42296917493265962,0.15371766414713828,0.68647935569190865,0.92140653626307789,-0.0044455135041376881,-0.18035230202357111,-0.83947467782258256,-0.37207300621576178,0.4190372846162338,0.17441972715142429,0.06301050318741086,0.14272237195727011,-0.55064813988914785,0.16752807697804539,-0.59439411651441532
789,0.25166157031497938,-0.30706688000159987,0.99445581206615774,0.99222378309857873,0.93685070212454269,-0.17246541417511563,0.29014897531903605,0.51278415706309355,-0.92514273878249265,-0.63849219426490844,-0.79137303454519881,-0.65277387013000343,-0.77536350308225965,0.021147989075939844,-0.95471813882442991,-0.97575971795789229,0.41036269411970117,0.15027124549414728,-0.020902633547830174,0.90453449763663207
790,0.41715107540475538,-0.60390297714559682,0.9760726690410515,-0.19501311182242653,0.39941004420502013,-0.70240118837959487,0.25077301680706454,0.81788535523770634,0.51996333968787445,-0.37720721426619974,0.61130505251966993,0.0066220960451159883,0.4613930538012907,-0.3637717293518532,0.11189346234052677,0.97883221263656028,-0.97908493048495737,-0.33594355516767194,-0.62325817212561296,-0.71677632260409108
791,0.91294246149283209,-0.59716601884183484,0.75494882023118759,0.93633697186387854,0.36024078855823327,0.021341043253754854,0.090854910575628889,0.27632366151253462,-0.97331792962744501,-0.61351170925059884,-0.5396077631462648,-0.008343069356445465,-0.79625990035428207,-0.077136661112980232,-0.079027936707274149,0.52842639881293496,-0.56661008956120695,0.83029774588020566,-0.063470939957696704,0.64647801985813724
792,0.34231580190931798,-0.76383167011288067,0.88467154151773286,0.84890113711563364,0.5341518886069847,0.33479099440082338,0.54349735568323743,0.70217373596934562,-0.97263401028605201,0.90542698874176364,0.25223277815954903,-0.0019494271401780949,0.16622564535905271,-0.3170721672080572,-0.52930749512008224,-0.66570186784749041,0.057795293620696464,-0.12598964529597012,-0.45289528052496797,0.20646390218879307
793,0.39240198485059818,-0.34431216884609284,0.92896290597206854,0.91260821210267995,0.85056130015696096,-0.6382692452554064,-0.23665272245731139,-0.72439455849568635,0.10783912803651519,-0.89608574592984769,0.21264485544148992,-0.15842563442011826,-0.37242890292881103,0.41258915246646755,0.92882429201990213,-0.91623663304460767,0.583373502585393,-0.34825813194731037,0.30644081194083017,0.45555261752671727
794,0.5657861720823214,-0.56167728359746305,0.78736879531611814,0.52447972871558557,0.29355610899652818,-0.39341928403796422,-0.091786722799684251,0.53569073654122157,0.43433768957382068,0.63953984117934182,0.4292116862500992,0.058561249545663108,0.62102304290185328,-0.060187207811483789,-0.56003472408828658,0.075670247561882231,-0.54262968193567063,-0.71533986292787599,0.67432609962485501,0.37792855256774849
795,0.90477490206475153,-0.4513522715353453,0.78104436783786135,0.82126455330008952,0.97410237276359357,-0.59342516287467695,-0.032077126150044988,0.69121238673324958,-0.7579265299461877,-0.67938723473080409,0.45882985859523262,0.0021569162898695815,-0.40887120035788382,-0.13186156864583376,-0.6068048613355963,0.7284489981207718,-0.43829438645846985,-0.20349042417873675,0.62620555828935243,0.78724448781418133
796,0.74140777757838028,-0.93253609324552889,0.95975604349786936,0.25207663592622609,0.67720870062037619,-0.4856641426118895,-0.33724653700860663,-0.19532666894835904,-0.95497853268393551,0.05496676906738962,0.05407071528283125,-0.28949394262839689,-0.064572383733583649,-0.32271042129068239,0.6111202981220345,-0.26367754214335526,-0.099492961752665643,0.031885291968600349,0.29223797582905875,0.60454035002831485
797,0.85018261841250031,-0.56332959855618525,0.93692184056425543,0.50097453642492495,0.25000503685093456,-0.91800139453184992,0.93425898613233116,0.60275756760532562,0.24154243496428585,-0.68718401208701385,0.47282323484209932,-0.476081151997376,-0.85304459950476086,0.81096154828597222,-0.85241393949692124,0.76198938208567557,0.43463179974489785,0.96671127875476137,0.13837606091851806,0.31265094624852474
798,0.23150960490165207,-0.37491724247441383,0.81395624263536859,0.7368258236813503,0.67780500978771729,-0.8710480475921929,-0.25096569544232006,0.71944046947998364,-0.50573610534857361,0.42704888167880051,-0.56809456425204607,-0.40559654431126857,-0.93004706191373598,-0.92704911966406889,0.11327197899467367,0.6401998497109862,0.2713722248291679,0.21069685554422746,0.60097194576385315,-0.23308059500750189
799,0.97074134003605606,0.43108065711438903,0.94286064417538973,0.57183909717718073,0.55270145783789881,0.08769781245818864,0.57358440352384377,0.36654171319047135,-0.82654672281126951,-0.6839931744002925,-0.30085882252841523,-0.53797612134589134,0.56376185357830222,-0.89010417615835524,0.80548083139447857,0.2548246644676142,0.82265994646629137,0.45131050901164671,0.14996506301422174,0.038722676236901066
800,0.86116512176985993,-0.55268364046690577,0.99378351102681162,0.98284481086394049,0.22229693618384339,-0.30709071331089577,-0.98278030595212895,0.86582272871203347,-0.11002805477993749,-0.58639026152731089,-0.90499422978169219,-0.12110937042126091,-0.96369532541565972,0.30031052221423793,0.19585496633868349,0.76408507554054328,-0.097163153674454605,0.84933500278394369,0.30761098092526562,0.72329431883651241
801,0.4765436734445867,-0.88447182896722487,0.95094876940992923,0.89113027740736639,0.73732564421465163,0.053407108641832179,-0.9569208791823105,0.78709129078724116,0.067123090241353767,-0.64538888111685089,0.010413607541210679,-0.91867624777086054,0.48336415350279682,-0.27003581519008613,0.86515981400108055,-0.042592134215015953,0.17825980359181859,-0.61344904160985481,0.28499690583135151,-0.10869967234165001
802,0.33241615981313033,-0.88297250906004665,0.92090992404756977,0.54706664649035952,0.47906518277070154,0.20168743632553277,0.8545971192759636,0.37806115564527243,-0.66988292101744906,-0.54593800185886598,-0.23872325031271702,-0.48734939529160926,0.66089085114094503,-0.70285649388476013,-0.19391636537213142,0.93503087714453192,-0.030648138765043464,0.67916885098391444,0.18485109830151791,-0.96200884118337604
803,0.99139333096117421,-0.58601947262896958,0.99644112531985174,0.55648314143017519,0.44733760106453624,0.14137798457195649,0.48116155932000337,0.63726701289181698,-0.34519797965529442,0.53792654250068295,-0.021511017615728489,-0.73871040199793758,0.6018233192795881,-0.17769795044153169,0.26323983643436177,0.91674809833297966,-0.52699362848184506,0.92464987751444405,0.37978284992682099,0.92997749143761621
804,0.96588776023802425,-0.131452099380863,0.5601473446268137,0.51301968635000716,0.91190047713040134,0.53733410386513425,0.38686498421340065,0.89639907405760599,-0.58384114786299124,0.0019232997031952692,0.31706056027878504,-0.32900902429568224,-0.12101458292432032,-0.29786455295779923,0.82218423257376982,0.15337476588331378,-0.34111389089552691,0.62378911892543121,0.48770552596186145,0.70460817883051963
805,0.46298206643554618,-0.71699402774437893,0.75884776174890112,0.73594072495263396,0.29036536546548897,-0.96616717518850503,-0.78501754863599982,0.34879957878870749,0.44919744180616639,0.64609896717693793,-0.65791259908796307,-0.3815661799795429,-0.35644983178679923,0.8390465603854429,0.22965429799584847,0.17224558491952546,0.73487160775577753,0.070217569332664542,0.53365995560318935,-0.06205860950894948
806,0.18911468265280518,-0.29891301243202406,0.96756529361711552,0.46721250927977409,0.28716733376414538,0.20176620535196155,-0.32071577252656369,0.78827373498329778,-0.89811461940028825,-0.93003298889673691,0.05464202171269994,-0.12878234272429046,0.14130054355830435,0.81288718350334555,-0.23504001724712231,0.90527000918081368,-0.94424756266511101,-0.50719681413761175,0.76326979832150554,0.020720301855170264
807,0.76790741342342916,-0.53128140312831218,0.8618402579373774,0.90591232305633373,0.30339225613453014,0.87750306566414449,0.024533879339787346,0.96379490157254244,0.31896257800672778,-0.75342585617776803,0.86846398970379379,-0.93719010001794567,-0.38647308521911894,0.49219345068807518,0.88122502235034084,-0.28953672022084453,-0.82386436969431465,0.059880241655396071,0.85340021711522285,-0.088495502271641602
808,0.81089427233015265,-0.24979845759000119,0.78547330828127193,0.8179428894395151,0.82159133681676755,-0.79119013138686478,0.75041892459872073,-0.3824467808036871,0.18810263657541215,0.64505878364847136,0.98389244766794492,0.43581198678880639,0.77619777241171595,0.085699054197621471,-0.79037144306809481,-0.3687048694527495,-0.23309376404899429,-0.60062040442164077,-0.60539404130555119,0.91710634450681283
809,0.92982384910100246,-0.59807033993457037,0.88272910606715804,0.58725736205084478,0.50493158021497986,-0.66204445918244992,0.56852813428345006,0.42925695469983394,-0.87321914320896554,-0.28298440055735585,0.20913099619012221,0.078175208671174001,0.38403767446068948,0.68536504225606465,0.75207364908956009,-0.28293525895850324,-0.84235529071120752,-0.71967429770006008,0.3422067694523685,0.36557371058643007
810,0.42241410239939814,-0.11635233752321894,0.82446894698029904,0.53960530510193649,0.99730682165569307,-0.091114044723654697,0.95108676431620154,0.63082329784601487,-0.21269224892406013,0.91739906394693715,-0.50330237456533466,0.32518519437730897,-0.85916118540248942,-0.85706792233198259,0.20044443468300033,0.79626111917872433,0.2787319716516603,-0.86946367719560169,-0.87483506167022629,0.94122722601961128
811,0.37507431957047621,-0.072835958165359038,0.93321946784288223,0.39979564977024595,0.32560562067409959,-0.90400996683160173,-0.24483215634246513,0.91120485306717125,-0.088861693532727104,0.85158561958712342,-0.65029775678849289,0.29075028859473284,-0.32760359165759967,0.24188171051357954,-0.89196784168250032,0.75187951994596069,-0.71842048487236099,-0.81430090726885296,0.66944582216304305,0.50517511813227478
812,0.73746430860273215,-0.31374091129237702,0.75864086192838887,0.087150548025749064,0.89168501878772632,-0.99735243232415183,0.10298676287391095,-0.54294938320041664,-0.85960898773767536,0.13965885940801326,0.14849390032117959,-0.66255366058862752,-0.97514391021061897,0.74584527452998328,-0.96293422316284794,0.99136138463649859,-0.69677363562005357,0.43370316031601153,0.41228870097116066,0.63315089685059456
813,0.97353101845530987,-0.48684241937971273,0.78245180279786597,0.74490900959466111,0.45603175570668419,-0.13776067249232282,-0.41255437151507968,0.6465717739246386,0.62723311144198601,0.24612908991539184,0.91443691217347478,-0.46506247815560231,-0.94699822531410471,-0.16904742482155299,0.66046024040140705,0.51886367228137464,-0.19476703176987731,-0.56751152295600082,-0.87832101469029755,-0.10857109469125659
814,0.3744763640249289,-0.15287695383142497,0.98536006252000896,0.82663950521326024,0.39557609844954778,-0.57525818155880803,0.62450466502298019,0.70579020554934857,-0.9953275714794787,-0.80380109515212972,-0.7549794801941212,-0.35418734489125203,0.84401659998203815,0.86400177169883596,0.96634109440815541,-0.13451408065333226,-0.42514416740489169,0.55934025858612002,0.1300122754232742,0.26977419761017396
815,0.53790621603257827,-0.91993003328536349,0.85799939541447023,0.96279442239195401,0.30906051502872423,-0.80431640200284971,0.42700371516533586,0.72432057152306095,0.078092329565328189,0.11288920466943964,-0.11187087342554358,-0.013174557528046194,-0.43764536456891734,-0.74086502494277084,0.9213030531540074,-0.0015334139285136938,0.90721950419091435,-0.91858133072164305,0.48201037617045417,0.6058446460243927
816,0.95359181303177465,-0.62522279841880124,0.9165518284159897,0.69369476987466672,0.80232221944853288,0.97041641477825369,0.7624947545191727,0.8595368758222055,0.058795800641438412,-0.51220605582370515,-0.98144703425346402,-0.098826962892562875,-0.85896359227540175,-0.54851803655904741,0.52307201543477455,-0.20786316597971233,-0.25410292032608095,-0.47210231687202064,0.64224253599621717,-0.59465427272724414
817,0.38951272080352917,-0.6654946600538334,0.70276388733754924,0.051970489271258469,0.34555924022482576,-0.93186032009001063,-0.63150371181984255,0.71377372009861628,-0.90312512466829009,-0.21998264422244929,0.80838396843016058,0.061635597858541225,-0.51502995410615204,-0.26295786221682826,-0.73673345350895447,0.78138016128733678,-0.78906392898220457,0.93475006382480919,-0.89133542238087182,-0.74024212047318816
818,0.3347438030144001,-0.73474532465311282,0.79502721075956884,0.3887194042959039,0.31804549692905537,0.034883950456515933,0.67170655032800308,0.9011820264533934,0.70734493890750794,0.063627593116600156,-0.86586415956845797,-0.094528698711655368,0.90645861285111207,0.45378141659240945,0.14224994412142422,-0.19927081781233458,0.63172459769920852,-0.66340359795838655,0.28433987653714321,0.60097232008129176
819,0.52731857876507804,-0.80674534400361497,0.84015795765990764,0.14736465780871599,0.90887524443510559,0.17941895817595199,-0.99243697970020861,0.99623027744312664,0.80335675649537763,-0.37185671903795248,-0.45197982877538423,0.97360612082594189,0.003060185937504345,0.60077180616168957,-0.6464435477934154,0.89352359694922279,-0.87618385509162433,0.98972277542467735,0.41119289885738164,0.35333279402697326
820,0.70136373712669964,-0.60241497469794636,0.85118706005310396,0.4949463493840538,0.53115609004587472,0.54636351957827922,-0.60148581117380928,0.77815691602828418,-0.63555393400143534,0.06340845558506425,-0.016362250181262583,-0.11444687518352303,0.46735113336459611,0.68082577854764659,-0.22880728436055287,-0.3899823038383563,-0.19046487392157285,-0.28126446902049818,0.49393354974284276,0.27729031899154033
821,0.19326938527457393,-0.91006817493847403,0.927139675358299,0.38208019008086169,0.72312165116633009,-0.45803319499447204,-0.42265733744192224,-0.32586168704440399,-0.8162973927523054,-0.65789097755222925,-0.88377660010878878,-0.36565580080430582,-0.97013303922669047,-0.60613948243440752,-0.736497734871985,0.31444670952361231,-0.59113036922670759,0.72468566203867657,-0.42972792367210966,0.85814583101593911
822,0.98824065401694461,-0.83706074034842648,0.91858806959095829,0.53229620434405156,0.39273768424373712,0.14000692653654156,-0.93516559506868746,0.66913886755062602,-0.60983399956449191,-0.65122196925003983,-0.79312961582871955,0.13822131628364587,0.88716404978439001,0.39423767639007834,0.015411186235780194,-0.22712877787972885,0.029573830838123039,0.86476402646360695,0.18757854740844193,-0.26210638389949703
823,0.61191841520556833,-0.36518031225588232,0.91634276496600164,-0.027768677593063451,0.73676883872938426,-0.34226606228838463,-0.16453979994113554,0.031198715688117273,0.30285749513692317,-0.40892285758909841,0.46075068124691043,-0.20954155996928736,0.078324363100838568,-0.42738269128077389,-0.56089312327648977,0.98442880538683464,-0.86891145242221035,0.39922886474798913,0.51493615836780382,0.29179492320125822
824,0.36372663138111339,-0.53176641832551352,0.77703264261256155,0.30013528169121795,0.45952226124888496,-0.778985240844138,0.28325903184174228,0.30584277874721333,-0.61913940546727875,-0.58205719954282942,-0.68484999072582742,-0.16911152929143314,0.79933132269051965,-0.25739523562165201,0.20977368744787106,-0.27545723243660425,-0.23018967580572869,-0.47249816760723062,0.11412959985128257,-0.77524689552219828
825,0.87861630972232208,-0.84982611478913217,0.77431902291207888,0.37934543570359014,0.44710750480279682,0.32045027320421293,0.14467957518849395,0.67959111605069111,0.7502862466985829,-0.1835763713729035,0.77379501089957836,0.13947962767822353,0.5691792230424606,-0.79685786047575924,-0.60658108691711687,0.48983707668995713,-0.77936664949671264,-0.18210981580254093,0.40769524641589849,0.4635966943157086
826,0.24597931707388399,-0.87305652469411665,0.95555210755682296,0.97389364291423108,0.69134821743534602,-0.64493434295270391,0.1808205098855411,0.26459027193902207,-0.24097211920252182,-0.24915827686850078,-0.76703957202955642,-0.66996715459408618,0.80935291127950704,-0.87643405635758942,0.16962179039346825,-0.82312416848422232,0.046187348382963789,0.12066230326930749,0.8263870244053757,0.4449466947519618
827,0.98824065401694461,-0.83706074034842648,0.91858806959095829,0.53229620434405156,0.39273768424373712,0.14000692653654156,-0.93516559506868746,0.66913886755062602,-0.60983399956449191,-0.65122196925003983,-0.79312961582871955,0.13822131628364587,0.88716404978439001,0.39423767639007834,0.015411186235780194,-0.22712877787972885,0.029573830838123039,0.86476402646360695,0.18757854740844193,-0.26210638389949703
828,0.58625474905102126,-0.89473012892219073,0.97409292924255797,0.46538576847776558,0.62391047519479703,0.77756364909715314,0.15631440439127764,0.48507789946601299,-0.20204350170362839,-0.21398423828464797,-0.77790305306669749,-0.4239095874906198,0.087351250501695565,0.11442756924702047,0.74145300754629218,-0.50683867118110504,0.44061279334486314,0.60020004612256961,0.83852253003677535,0.96727967357802491
829,0.91294246149283209,-0.59716601884183484,0.75494882023118759,0.93633697186387854,0.36024078855823327,0.021341043253754854,0.090854910575628889,0.27632366151253462,-0.97331792962744501,-0.61351170925059884,-0.5396077631462648,-0.008343069356445465,-0.79625990035428207,-0.077136661112980232,-0.079027936707274149,0.52842639881293496,-0.56661008956120695,0.83029774588020566,-0.063470939957696704,0.64647801985813724
830,0.3744763640249289,-0.15287695383142497,0.98536006252000896,0.82663950521326024,0.39557609844954778,-0.57525818155880803,0.62450466502298019,0.70579020554934857,-0.9953275714794787,-0.80380109515212972,-0.7549794801941212,-0.35418734489125203,0.84401659998203815,0.86400177169883596,0.96634109440815541,-0.13451408065333226,-0.42514416740489169,0.55934025858612002,0.1300122754232742,0.26977419761017396
831,0.3347438030144001,-0.73474532465311282,0.79502721075956884,0.3887194042959039,0.31804549692905537,0.034883950456515933,0.67170655032800308,0.9011820264533934,0.70734493890750794,0.063627593116600156,-0.86586415956845797,-0.094528698711655368,0.90645861285111207,0.45378141659240945,0.14224994412142422,-0.19927081781233458,0.63172459769920852,-0.66340359795838655,0.28433987653714321,0.60097232008129176
832,0.8717222964961755,-0.2510446116114442,0.82397060336496408,0.47361984748765673,0.46405140897153041,0.65933282043094366,-0.4938807345229439,0.84483185849358211,0.060328016431747011,-0.98905868347245396,-0.72367721024822362,-0.74521180248491525,-0.4588192391533279,-0.26192313662803102,-0.82122780460109746,-0.75950929876142714,-0.87765492287396896,-0.28382262873462727,0.032567781983526611,-0.85039135497923968
833,0.37701306863719397,-0.4634312850804212,0.7673090520726471,0.32651866606030655,0.0019782146817344248,0.63311303066074465,-0.086751144038847761,0.96397570284530087,0.23680926868560292,-0.54899380790523744,0.90356166883598399,0.6783467371067271,0.20536469617472974,-0.0017016700054310885,0.53365402064924305,0.48245097535397541,-0.72267844839857687,0.13340709058048117,-0.69942154492444564,-0.56328591126934624
834,0.99719388290840039,-0.2175159302974552,0.73943464860917718,0.53770868192950849,0.32079395977783332,-0.81976811276017059,0.29774445174672581,0.76066089163902273,-0.97618494926266508,0.52713059867363654,-0.92177793202461822,-0.891873545954325,0.40855208835810886,-0.15753835907983915,-0.50253903824333679,0.75459269318687672,0.22572218935618205,-0.95449879470527743,0.53007588443651055,0.26777491906402706
835,0.92329257987294544,-0.53345715154141393,0.76698072231950976,0.87589562429250667,0.73839251169560804,-0.90162510003659935,0.73676539679830233,0.077018511412440871,0.76134297478233304,-0.36972736619783286,-0.53765659666578447,-0.49134522862819274,0.17855619577113457,-0.49090758095137943,0.20949881431999806,-0.77327457419551027,-0.5072804012948755,-0.66446968164617726,0.1088687399576993,0.38339476801619932
836,0.65674877088601002,-0.70897636267339914,0.83533830021460487,0.87369817777830683,0.56216599996047933,-0.20993368439864613,-0.86461464269871602,-0.58812221979810042,-0.76970990508422066,-0.52650818148541356,-0.9021446986141135,0.3508697143960624,-0.85721672369218549,-0.20389874211979042,-0.63038806224710386,0.90149475924104294,-0.33313381311667412,-0.20270794025944183,0.69155607033571331,-0.91898881384046227
837,0.18133858351225185,0.23796547526738787,0.81228277170740726,0.74128178052374238,0.92055599263195198,0.27435050114989412,0.57194105091481284,0.61071265067774649,-0.079665528851654122,-0.36702916749820558,-0.47114917107666243,-0.58898424417333684,0.54442661916650503,0.17141489399567833,-0.49527331569409583,-0.88788848884639782,-0.2152460827288647,-0.34117838548717283,0.87397039525004372,0.73277011647032286
838,0.7846554986179457,-0.83425624854262415,0.7447189843274804,0.88335403311492788,0.67443272449378067,-0.41985203377124369,-0.08321361199765831,-0.22378307015493037,0.41300012951267484,-0.11794508644645263,0.2372753912861103,0.54909655054249673,-0.64951594224662856,0.54253115911657379,-0.080510370110559171,0.48367588591334387,0.45244768396440316,0.61628133486956682,0.95934344350596557,0.82813920566782118
839,0.92112526377744763,-0.9507338277318953,0.78537853573043304,0.75256113469469299,0.56774548602874719,-0.30653612387393969,0.62612972306562265,0.53887868247173443,0.45707831502321561,-0.36471796644566679,-0.80562134133121321,0.26863884811604866,0.72756887466269071,0.60820334445738289,-0.16543093936746689,-0.37482975358439252,-0.07220559282522454,-0.7755563547134916,0.97645252324434439,0.20648971515554293
840,0.18583943143077231,0.38294365882722325,0.76788733853423219,0.77406517907222616,0.82199189525239791,-0.95559460002003482,-0.88333296340502909,0.73088414743740926,0.4147147348503275,0.20746072603130594,-0.5734968834338503,0.34862684765326346,0.0062171203509311379,-0.5401355220180224,0.72551052307484176,-0.69994781188901478,0.12985377721623781,-0.92644097121893054,0.34573326343023725,0.1458937677869192
841,0.085067480010482921,0.46048921197605019,0.80771484681123029,0.90231251215507347,0.68718945294242362,-0.59879717289390144,0.076160485989039017,0.72243319191051247,-0.90457764392307727,-0.24569911584991933,-0.43470444326537105,-0.0087360133009277696,0.95479439905253227,0.47300300302215303,0.88236320828521286,0.09653018692755122,0.99017664971358355,-0.61003816426831881,-0.73409558940342845,0.24121455237750067
842,0.5457786689067019,-0.60910706930451419,0.85182809414805516,0.46192724321741374,0.64052132771996884,-0.3405289162790921,0.89359341059084052,0.87265512738276163,-0.94769143617078178,0.88850490174670416,0.73326651222963801,-0.17203755322459502,-0.54642466194200656,0.14690166435608765,-0.99349478374140321,0.46213954120855316,0.45428126161736393,0.019364506319708985,0.49378242835085628,0.90937726115293116
843,0.45701491934598626,-0.85188617475405382,0.60837669951742579,0.36829891445885576,0.34261188541678345,0.2184206838597047,-0.80609271786225745,0.43872777509870331,-0.095661348145729796,-0.15871487880166724,-0.59042254263823613,0.83576271750820386,-0.80356500408613218,0.71287060576948047,-0.31524260299631712,0.58242684539450162,-0.90178768176193613,0.073242734888678385,0.88562074236637356,0.27478549042739742
844,0.72009180214640245,-0.61236711818540823,0.80933366539790574,0.75800096064355915,0.5530194363603822,0.15450697436325256,-0.90691054437518726,0.69619061969160523,0.98019953614068078,-0.97442441484212106,-0.44056611803023826,-0.24386084007246289,0.93946527653987388,0.33142722448943629,-0.40582758593020296,-0.66754977698953089,0.5750419279041068,0.9423503897029788,-0.040582485578466887,-0.037712897801766676
845,0.23169276526497606,-0.52608773870622505,0.97493851126129205,0.17814007049163227,0.87469609007569926,-0.11286410548409709,-0.7025178613320151,0.69204060541567625,0.29757673355561276,-0.83813018369094805,-0.21647427826981258,0.4187980678056713,-0.2817507901018439,-0.52833981802523033,-0.1312480016081079,0.76022805654871095,0.22766396683447243,-0.23473408690831965,0.066580359592679716,0.5216925102434018
846,0.15782512732639664,0.038700577963568517,0.81583938789761068,0.70041465228788513,0.44455247004976761,-0.5193394648734404,0.3936584986993219,0.90166663081829657,0.86899859420545367,-0.52141716950024741,-0.47420511017266609,-0.37303290871955075,0.5496861911499118,-0.83043623651141729,0.30012019728225758,-0.39699972316532706,0.13713766419556572,-0.91516951612271646,0.23651465688802786,0.069722262478078223
847,0.2783616343009867,-0.91921236641980486,0.79847590588318518,0.75547562122455947,0.31777387332115925,0.66217002946880843,0.85185215917973678,0.41132793963427394,-0.32042170502162293,0.39569101171753895,-0.61942587635978974,0.29216774384769018,0.18696110817244493,0.57193285689901985,-0.26059820012634693,0.096022505808681879,-0.024122568925976973,0.30051906634644454,0.32257984860422639,-0.018369166814468763
848,0.72648408144285481,-0.84866337574932826,0.81672506691257163,0.67269722051513825,0.85516233820712029,0.37298340828374155,-0.22667194476312691,-0.96214420898867892,-0.22084915473471156,-0.74508486021254416,0.63497449421187069,-0.79227639124603622,-0.53140567502789193,-0.81797752031156379,0.64272762152637641,-0.73475400572392324,0.20898825211436711,0.17582903435743313,0.084172896952528609,0.17279654614422668
849,0.78744346995887349,-0.14156037746748695,0.97190483275236872,0.73832907785163981,0.68153105248154922,-0.79862064063634364,-0.035273787194799899,-0.17912265995832399,0.51535556136557625,0.87742100188914418,0.50010349601473392,-0.039964126449490101,0.45010508912877967,-0.3049722549277043,0.82110761832702739,-0.66674853363150399,-0.62843718327177234,0.0024140599801305562,0.94538867607128352,0.18891672182468744
850,0.86768753934326548,-0.25358375842159986,0.79265751743696899,0.72420429113235651,0.77426829898017635,-0.18417833011027485,0.15805910657574773,0.4704011380167632,-0.60796910212849498,-0.90560521457897392,-0.12616892701496152,-0.54460330423708436,0.18943607901885695,-0.12276134347879575,-0.87174801438728711,0.58684236797139255,-0.71141638443664323,-0.75733184041002533,0.47522238266216821,-0.8032312872228462
851,0.83687484985319149,-0.66369241451881167,0.99390838326079956,0.89428122889592432,0.58840602250964724,0.49677015455968498,-0.61748876457653168,0.69245273357557457,-0.12514605607359752,-0.12988383223091593,-0.57007240144580029,-0.31692072640764057,0.032483642521430101,-0.99923657685155898,-0.9055974762865886,-0.37639559708662951,0.93348236016813479,-0.209261609800657,0.19769567731116133,0.54342686175426724
852,0.9723647752943243,-0.23638076925108731,0.9487907664860602,0.63873351634282249,0.12522499290534927,-0.60718133095801741,-0.29095904975572817,0.65228690257662025,-0.85827467935173285,-0.89628983903975024,-0.61018968871539125,0.48372224365624494,0.33512781986506357,-0.25151468061726989,0.45314956602811951,0.6339557195324943,0.33640783540917463,0.34445341401756724,-0.2464905145045202,-0.8408536922280212
853,0.30271912928106404,-0.05050509953334803,0.78767372617102338,0.45900551488174224,0.10816062202218824,0.16575655962601155,-0.54428581588814118,-0.013638879319621156,0.41499268463811667,-0.58933631399124664,0.26351505205905901,-0.014648062526116723,-0.18780972709532096,0.34280337228419011,-0.13028326750104546,0.8002098815658365,-0.93684593936801797,-0.3137309603952807,0.94696873451313235,-0.59577582655877204
854,0.51525078472373331,-0.60542077691451546,0.97451201430059142,0.82998347024320718,-0.09926570879604224,-0.10355415040730631,0.95483056917194786,0.73985332004557658,0.12384813320854904,-0.010128162829478038,0.41028607534047135,0.66890388739898965,0.64536541145706905,0.73968904436261829,-0.79333641182279857,-0.5854151244842789,-0.084151724125576921,-0.091896950730964599,-0.16766948998379738,0.28962056747270593
855,0.18452755271996701,-0.78789736451470804,0.76529802263228253,0.91388960947705677,0.51574515434120993,0.22946049559014225,-0.27084387225961937,0.73887412738552283,-0.18969121001926004,-0.63895239222894529,-0.15667112873348721,-0.32670880793959256,-0.49349668044268036,0.8823081143678444,-0.71592574867418013,0.68892541203842206,0.51788859270663901,0.77736084000971961,0.40656703017437001,-0.36462105402530787
856,0.4765436734445867,-0.88447182896722487,0.95094876940992923,0.89113027740736639,0.73732564421465163,0.053407108641832179,-0.9569208791823105,0.78709129078724116,0.067123090241353767,-0.64538888111685089,0.010413607541210679,-0.91867624777086054,0.48336415350279682,-0.27003581519008613,0.86515981400108055,-0.042592134215015953,0.17825980359181859,-0.61344904160985481,0.28499690583135151,-0.10869967234165001
857,0.49387581605340847,-0.29240067599666864,0.90355965688253104,0.90819715861985917,0.25916150075809674,-0.50521894976551418,0.79220351222086394,0.6639509675514883,-0.28439994833121696,0.025594681031750666,-0.055102792271430667,0.31807962287207703,0.59063492597537715,-0.79160445412100033,-0.32195889043297354,-0.42206104861503801,-0.78435219469726714,0.59821455948014268,-0.84717342375346671,-0.016459451870834974
858,0.39032790197068823,-0.78741040964555076,0.85866830216885526,0.8956993931075925,0.78458835830882268,-0.51545004363612867,0.65761613097173455,0.98673335974914322,-0.94779976476178529,0.95031508254205743,-0.67627379714993063,0.0042568835351830536,-0.012557255133514467,0.29940943650613461,-0.63670681895820747,0.99409291624781226,-0.32122666246012166,0.81430458264023131,0.43618096275980656,0.85109078795963078
859,0.86178267586399859,-0.57073731760598712,0.95707119651307049,0.50669537234963014,0.75018640019208416,-0.61576627549167018,0.14970137591919608,0.68501772437158626,-0.248743843117474,-0.4410882274548098,-0.75215336266604704,0.95668037890086,0.33541179572841084,0.049431317723866997,-0.70588156572308058,-0.057059089008851149,0.065437109956548722,-0.13322832590431477,-0.8394594687009711,0.40282048878903343
860,0.77963086762232625,-0.71549219748770532,0.52482250877675907,0.74344395641416883,0.64133313973927586,-0.67702810628145826,0.64014781832707546,0.61314961923803946,-0.35616294881874655,-0.91998580292415655,-0.35643787292688467,-0.83879356742719091,-0.19325497539701919,0.073115359775058009,0.4886735733827321,0.73526792578085542,-0.15943256781027793,-0.80994120251691526,-0.96494075850573968,0.8807304807482137
861,0.2759143791595573,-0.88741525237202157,0.95220902048571721,0.75827531296137884,0.024732155132253908,-0.57856728644487609,0.046740598622526441,0.20117724209780286,-0.99928774551235788,0.80566894850484427,-0.71595584852470484,0.10485157160415448,-0.24547358053049528,0.62510484764457819,-0.96816791930424362,0.31532196443114691,-0.58652691855659889,-0.52762000864934899,-0.56674175273527116,0.033449301392130204
862,0.45854295999321493,-0.038262109522990695,0.87591657741927453,0.50101640092954303,0.96320364017015447,0.82098133513677896,-0.48266560495831223,0.77756043025338162,0.25301750176618953,0.79483871053867849,-0.021754335013681958,-0.34744248873418981,-0.55343359295674666,-0.65554012123823258,0.47041127109627201,0.61216534120317267,-0.66957789953171276,-0.7435215459791753,0.92299488016677911,0.37808529030197691
863,0.24597931707388399,-0.87305652469411665,0.95555210755682296,0.97389364291423108,0.69134821743534602,-0.64493434295270391,0.1808205098855411,0.26459027193902207,-0.24097211920252182,-0.24915827686850078,-0.76703957202955642,-0.66996715459408618,0.80935291127950704,-0.87643405635758942,0.16962179039346825,-0.82312416848422232,0.046187348382963789,0.12066230326930749,0.8263870244053757,0.4449466947519618
864,0.36372663138111339,-0.53176641832551352,0.77703264261256155,0.30013528169121795,0.45952226124888496,-0.778985240844138,0.28325903184174228,0.30584277874721333,-0.61913940546727875,-0.58205719954282942,-0.68484999072582742,-0.16911152929143314,0.79933132269051965,-0.25739523562165201,0.20977368744787106,-0.27545723243660425,-0.23018967580572869,-0.47249816760723062,0.11412959985128257,-0.77524689552219828
865,0.51532780275039558,-0.36963128504346821,0.96903940775990494,0.58535836501243765,0.56880060398324694,-0.7526509171066651,0.79683191979036017,0.163197387520992,-0.23539806736540503,0.13558105994863467,-0.61328971670116661,-0.92759697723100065,-0.47502736150590641,0.46116951751465995,0.61209351758162378,-0.21302287077905691,-0.42940838593070518,-0.18182382630977068,0.545817245614441,0.35197782310985892
866,0.39032790197068823,-0.78741040964555076,0.85866830216885526,0.8956993931075925,0.78458835830882268,-0.51545004363612867,0.65761613097173455,0.98673335974914322,-0.94779976476178529,0.95031508254205743,-0.67627379714993063,0.0042568835351830536,-0.012557255133514467,0.29940943650613461,-0.63670681895820747,0.99409291624781226,-0.32122666246012166,0.81430458264023131,0.43618096275980656,0.85109078795963078
867,0.39240198485059818,-0.34431216884609284,0.92896290597206854,0.91260821210267995,0.85056130015696096,-0.6382692452554064,-0.23665272245731139,-0.72439455849568635,0.10783912803651519,-0.89608574592984769,0.21264485544148992,-0.15842563442011826,-0.37242890292881103,0.41258915246646755,0.92882429201990213,-0.91623663304460767,0.583373502585393,-0.34825813194731037,0.30644081194083017,0.45555261752671727
868,0.3744763640249289,-0.15287695383142497,0.98536006252000896,0.82663950521326024,0.39557609844954778,-0.57525818155880803,0.62450466502298019,0.70579020554934857,-0.9953275714794787,-0.80380109515212972,-0.7549794801941212,-0.35418734489125203,0.84401659998203815,0.86400177169883596,0.96634109440815541,-0.13451408065333226,-0.42514416740489169,0.55934025858612002,0.1300122754232742,0.26977419761017396
869,0.32609746391624328,-0.81957550414867852,0.67339041702501223,0.91214226975816337,0.75602007542194838,-0.93953359710127127,-0.052113443165888729,0.47943898070219193,-0.06176396814566254,-0.76234495117155654,0.92119592387281668,-0.34745700104062394,0.30202093471818703,0.24683415455425228,0.63796753180728794,0.69059057522962397,-0.66713578644590976,-0.56384511201531939,0.77719538802460009,0.80955624457914488
870,0.6742597054083217,0.059525012616637119,0.76560366616521214,0.56114349988437295,0.24657297914871856,-0.1192840270017903,-0.4630366772996759,0.98179233686693546,-0.4482781288211386,0.28344363631079594,0.68970214157256127,-0.46407499112407824,-0.2534092298585322,-0.42567756728494377,-0.80931646509759569,-0.15415678621740048,-0.0055860711897428583,-0.84563015047540491,0.93306662087379277,0.94466866853697873
871,0.39281928034657732,-0.94292761505133016,0.72160658237091679,0.61017925702325759,0.26377815614197275,-0.93851946499800243,0.91472359921161273,0.5500315513561933,-0.12609287081024068,-0.34825738667965367,0.5434808766817345,-0.11004449746105194,-0.57430719161207633,0.94336316829775879,-0.64227936921836326,-0.6204736341919781,-0.50873715174177758,0.94854531738987591,0.68432949980237079,0.43903835415116998
872,0.81919859898069181,-0.78681335102082905,0.8475508203091946,0.58142708304205848,0.44150369227419017,-0.73073544901236498,0.2007908947635535,0.91911108014492071,-0.50020034551386527,-0.47377871591300247,0.74183570271211607,0.17227639708341003,-0.72934924772927001,0.65760219666056607,0.48705920270717895,0.7509997374703683,-0.17321767452062553,-0.41593006513943642,-0.49397272985367824,0.334027764002371
873,0.4765436734445867,-0.88447182896722487,0.95094876940992923,0.89113027740736639,0.73732564421465163,0.053407108641832179,-0.9569208791823105,0.78709129078724116,0.067123090241353767,-0.64538888111685089,0.010413607541210679,-0.91867624777086054,0.48336415350279682,-0.27003581519008613,0.86515981400108055,-0.042592134215015953,0.17825980359181859,-0.61344904160985481,0.28499690583135151,-0.10869967234165001
874,0.82673326988701534,0.79466289749732466,0.81586654113420964,0.54481531813198303,0.77287690137261977,0.054618721664735359,0.7310090417741073,0.80223504945686641,0.19725888701366734,-0.093403381112113548,0.33833608773819801,0.31059400232527579,0.16922647945274805,-0.47943618833577406,-0.80891230740749331,0.61006849693841114,-0.44503619493574087,-0.88985612037891948,-0.031518533223232836,0.7681657101296433
875,0.99139333096117421,-0.58601947262896958,0.99644112531985174,0.55648314143017519,0.44733760106453624,0.14137798457195649,0.48116155932000337,0.63726701289181698,-0.34519797965529442,0.53792654250068295,-0.021511017615728489,-0.73871040199793758,0.6018233192795881,-0.17769795044153169,0.26323983643436177,0.91674809833297966,-0.52699362848184506,0.92464987751444405,0.37978284992682099,0.92997749143761621
876,0.23150960490165207,-0.37491724247441383,0.81395624263536859,0.7368258236813503,0.67780500978771729,-0.8710480475921929,-0.25096569544232006,0.71944046947998364,-0.50573610534857361,0.42704888167880051,-0.56809456425204607,-0.40559654431126857,-0.93004706191373598,-0.92704911966406889,0.11327197899467367,0.6401998497109862,0.2713722248291679,0.21069685554422746,0.60097194576385315,-0.23308059500750189
877,0.37507431957047621,-0.072835958165359038,0.93321946784288223,0.39979564977024595,0.32560562067409959,-0.90400996683160173,-0.24483215634246513,0.91120485306717125,-0.088861693532727104,0.85158561958712342,-0.65029775678849289,0.29075028859473284,-0.32760359165759967,0.24188171051357954,-0.89196784168250032,0.75187951994596069,-0.71842048487236099,-0.81430090726885296,0.66944582216304305,0.50517511813227478
878,0.92112526377744763,-0.9507338277318953,0.78537853573043304,0.75256113469469299,0.56774548602874719,-0.30653612387393969,0.62612972306562265,0.53887868247173443,0.45707831502321561,-0.36471796644566679,-0.80562134133121321,0.26863884811604866,0.72756887466269071,0.60820334445738289,-0.16543093936746689,-0.37482975358439252,-0.07220559282522454,-0.7755563547134916,0.97645252324434439,0.20648971515554293
879,0.76784537830179533,-0.79114443853148186,0.97095095665668452,-0.0046609566948410119,0.44316137014965107,-0.59514914463693058,-0.19184106393052969,-0.32659187515320842,-0.99217450410497632,-0.71099357956454456,0.11745075494523349,-0.95233530121907628,0.6054762428135918,0.34750519187927398,-0.15310495213335917,0.79619177105923433,-0.78973804118601976,-0.81252782060633089,-0.068026543103553605,-0.77497398789497129
880,0.4765436734445867,-0.88447182896722487,0.95094876940992923,0.89113027740736639,0.73732564421465163,0.053407108641832179,-0.9569208791823105,0.78709129078724116,0.067123090241353767,-0.64538888111685089,0.010413607541210679,-0.91867624777086054,0.48336415350279682,-0.27003581519008613,0.86515981400108055,-0.042592134215015953,0.17825980359181859,-0.61344904160985481,0.28499690583135151,-0.10869967234165001
881,0.18497888408222218,-0.93319468940159411,0.72061225796150752,0.60106810059740079,0.26778224358353464,-0.59302026514300499,-0.70011673701507582,0.93553901751144242,-0.55960611398706428,0.82852680429478776,0.54187818485887584,-0.81810589559865932,0.92569540374132631,0.42082891433680847,-0.63717354258326675,0.32319005379193788,0.33474870872918316,-0.43857293500963723,0.30461958605473827,0.52900878637577087
882,0.4289021458884219,-0.91967195069353913,0.8886782061076246,0.49445511388785235,-0.20744159947401131,-0.05344852386024046,-0.89980744877520813,0.7524865914063037,0.60117062024817614,-0.54728713414583319,0.34624825522947522,0.57954639869266589,-0.16896129051770581,-0.45934869567142722,-0.79078964593146428,0.51650823482980668,-0.95550107915892157,-0.93730362642238574,-0.12032460640717502,0.38124729408986413
883,0.92982384910100246,-0.59807033993457037,0.88272910606715804,0.58725736205084478,0.50493158021497986,-0.66204445918244992,0.56852813428345006,0.42925695469983394,-0.87321914320896554,-0.28298440055735585,0.20913099619012221,0.078175208671174001,0.38403767446068948,0.68536504225606465,0.75207364908956009,-0.28293525895850324,-0.84235529071120752,-0.71967429770006008,0.3422067694523685,0.36557371058643007
884,0.9778571469780788,-0.15794576279109873,0.95980760605437609,0.67586888236417741,-0.01119062102501478,-0.58895580620164134,0.21203749699166385,0.89309783490272077,-0.48270163257178123,-0.73152458374158158,0.3241722098100206,-0.61131386246631481,-0.63030399474248267,-0.22384393545786097,-0.42993917738167342,-0.08621078650114411,-0.39345396029363044,0.15954450225884842,-0.07120740641247858,-0.68627510188546825
885,0.96197785557137472,-0.69391031967794148,0.58744826664352301,0.94261703567427069,0.86584063389235788,-0.88296756146086608,0.53085553461141211,0.83449093081581993,-0.016042211864319533,0.99715949422165018,0.78901147193892185,0.95994515652526857,0.13060281103252658,-0.0092226676271318642,0.46272360150674663,0.20820238838852068,-0.46179224160971644,-0.35373226044575556,0.2334783583471014,0.42616755336746026
886,0.85018261841250031,-0.56332959855618525,0.93692184056425543,0.50097453642492495,0.25000503685093456,-0.91800139453184992,0.93425898613233116,0.60275756760532562,0.24154243496428585,-0.68718401208701385,0.47282323484209932,-0.476081151997376,-0.85304459950476086,0.81096154828597222,-0.85241393949692124,0.76198938208567557,0.43463179974489785,0.96671127875476137,0.13837606091851806,0.31265094624852474
887,0.86116512176985993,-0.55268364046690577,0.99378351102681162,0.98284481086394049,0.22229693618384339,-0.30709071331089577,-0.98278030595212895,0.86582272871203347,-0.11002805477993749,-0.58639026152731089,-0.90499422978169219,-0.12110937042126091,-0.96369532541565972,0.30031052221423793,0.19585496633868349,0.76408507554054328,-0.097163153674454605,0.84933500278394369,0.30761098092526562,0.72329431883651241
888,0.80649427292980058,-0.52240094258228154,0.74354964821248504,0.016744586269411776,0.35616949214199667,0.68298334412709449,0.04345850850401578,0.80715173307191002,-0.87805822846736192,0.58151201956898113,0.11277283569282681,-0.1302544541869568,0.097805788943102101,-0.58556732053366867,0.15913374098320121,0.45691436290611209,0.26648714147583541,0.75579769731179791,-0.20681588046618904,-0.30297732671780153
889,0.4765436734445867,-0.88447182896722487,0.95094876940992923,0.89113027740736639,0.73732564421465163,0.053407108641832179,-0.9569208791823105,0.78709129078724116,0.067123090241353767,-0.64538888111685089,0.010413607541210679,-0.91867624777086054,0.48336415350279682,-0.27003581519008613,0.86515981400108055,-0.042592134215015953,0.17825980359181859,-0.61344904160985481,0.28499690583135151,-0.10869967234165001
890,0.4765436734445867,-0.88447182896722487,0.95094876940992923,0.89113027740736639,0.73732564421465163,0.053407108641832179,-0.9569208791823105,0.78709129078724116,0.067123090241353767,-0.64538888111685089,0.010413607541210679,-0.91867624777086054,0.48336415350279682,-0.27003581519008613,0.86515981400108055,-0.042592134215015953,0.17825980359181859,-0.61344904160985481,0.28499690583135151,-0.10869967234165001
891,0.3744763640249289,-0.15287695383142497,0.98536006252000896,0.82663950521326024,0.39557609844954778,-0.57525818155880803,0.62450466502298019,0.70579020554934857,-0.9953275714794787,-0.80380109515212972,-0.7549794801941212,-0.35418734489125203,0.84401659998203815,0.86400177169883596,0.96634109440815541,-0.13451408065333226,-0.42514416740489169,0.55934025858612002,0.1300122754232742,0.26977419761017396
892,0.18452755271996701,-0.78789736451470804,0.76529802263228253,0.91388960947705677,0.51574515434120993,0.22946049559014225,-0.27084387225961937,0.73887412738552283,-0.18969121001926004,-0.63895239222894529,-0.15667112873348721,-0.32670880793959256,-0.49349668044268036,0.8823081143678444,-0.71592574867418013,0.68892541203842206,0.51788859270663901,0.77736084000971961,0.40656703017437001,-0.36462105402530787
893,0.13754616287433041,-0.43896841407373954,0.87350125388817812,0.65609956620195331,0.37274021304324489,-0.82866185790842306,-0.70733187445409107,-0.094344898246422115,-0.6030878236183419,0.41860441206432353,-0.030155864264359789,-0.75554159419396494,0.80356653995556915,0.3309631491701166,-0.9233789131673793,0.082276639028740162,-0.96260969186591483,-0.38702577546738315,0.83735973007082465,0.42450702935845785
894,0.25166157031497938,-0.30706688000159987,0.99445581206615774,0.99222378309857873,0.93685070212454269,-0.17246541417511563,0.29014897531903605,0.51278415706309355,-0.92514273878249265,-0.63849219426490844,-0.79137303454519881,-0.65277387013000343,-0.77536350308225965,0.021147989075939844,-0.95471813882442991,-0.97575971795789229,0.41036269411970117,0.15027124549414728,-0.020902633547830174,0.90453449763663207
895,0.30310258260744272,-0.76305202225814739,0.98437508070169,0.19577054912268532,0.67363557850754852,0.75272745380457673,0.6748298733236191,0.79711339629448297,-0.90503477151673839,0.27365403952598011,-0.1667720094723808,0.042650067423388727,0.72805439051606502,-0.43957338780645361,-0.82982439062378144,0.66774700728764369,0.36988347838935098,-0.019984262409650899,0.40343983886903212,0.26608059241435633
896,0.18504687642852979,-0.65881535700718219,0.75932044142994215,0.85259327636877069,0.25719419714353497,-0.92362261900629594,0.78200915602064169,0.6766610510038531,-0.27283455400977275,-0.82068995062015149,0.60476063424822368,0.9354816002844768,0.37215074082999444,-0.45364936784055132,-0.26644688868486566,0.13403534726062483,-0.39878528999467622,0.52695157154505035,0.68735237434752872,-0.16281858774111702
897,0.62272766788777001,-0.41150050259087512,0.71164787187069356,0.73244110805352469,0.30627822970329688,0.22490328082903255,0.88998855399604748,0.83725671451570371,0.57110339859459569,0.85298145580829066,0.98815404895257863,-0.27837896940484419,-0.37365465435494083,0.94026707142313648,-0.55674998067148462,-0.8988400189745096,-0.37557127214798314,0.14028353743307265,-0.48312495421969182,0.71670460670173575
898,0.23169276526497606,-0.52608773870622505,0.97493851126129205,0.17814007049163227,0.87469609007569926,-0.11286410548409709,-0.7025178613320151,0.69204060541567625,0.29757673355561276,-0.83813018369094805,-0.21647427826981258,0.4187980678056713,-0.2817507901018439,-0.52833981802523033,-0.1312480016081079,0.76022805654871095,0.22766396683447243,-0.23473408690831965,0.066580359592679716,0.5216925102434018
899,0.34231580190931798,-0.76383167011288067,0.88467154151773286,0.84890113711563364,0.5341518886069847,0.33479099440082338,0.54349735568323743,0.70217373596934562,-0.97263401028605201,0.90542698874176364,0.25223277815954903,-0.0019494271401780949,0.16622564535905271,-0.3170721672080572,-0.52930749512008224,-0.66570186784749041,0.057795293620696464,-0.12598964529597012,-0.45289528052496797,0.20646390218879307
900,0.75245708676844192,-0.43233205740953995,0.98787999602919663,0.3170677178844501,0.94795600192048135,-0.65383669315907977,0.65656885415486399,-0.8523479671766423,-0.43789177134331436,-0.96438896375658101,-0.031820333402170053,0.82908047774620997,0.53834361595956381,0.59960379832190625,0.94728178310205813,-0.72608187602163743,-0.40704355761691269,-0.92971140337604474,0.44600927511755173,0.13559646771316713
901,0.88633203805631133,0.0837682410845495,0.92970282028316609,0.21907060466590589,0.72725477285174844,-0.64954433035099957,-0.8038767434302212,0.98177062938991688,-0.96907958481386114,-0.79731536188246865,0.54181376558504302,0.66288846276524516,-0.014434286459422685,0.021752989436215842,-0.75156154742050441,0.68809915065764748,-0.54036968618270875,0.22102709996704251,0.29203487619199642,0.21782513756322985
902,0.66970379231546273,-0.63836110819169467,0.90787596380294433,0.29480953475572957,0.96646040558340274,-0.94102885235364186,-0.54437107442223387,0.47917851673418754,-0.91725358635505772,0.70003500684757891,0.31832588098443204,0.35608128023794205,0.7930156412479179,0.46343179659048017,-0.86816266010166854,0.95848799254420447,-0.057102444444278033,-0.44426328218584321,0.011430295882493668,-0.93047762705542603
903,0.25205776500457899,-0.91390039367273057,0.8461628719802845,0.8113888037151531,0.22915882409831423,0.28548329914797432,-0.75490905503253924,-0.11445472610367879,-0.053448091180756663,0.69713792098141547,-0.99057338663670658,-0.76618909941412139,-0.053916866151261011,0.87514819446695813,-0.081684956515353679,-0.078072224793851008,0.38149117655323961,0.60397151875869293,-0.67855317554355987,0.37340597565925893
904,0.90477490206475153,-0.4513522715353453,0.78104436783786135,0.82126455330008952,0.97410237276359357,-0.59342516287467695,-0.032077126150044988,0.69121238673324958,-0.7579265299461877,-0.67938723473080409,0.45882985859523262,0.0021569162898695815,-0.40887120035788382,-0.13186156864583376,-0.6068048613355963,0.7284489981207718,-0.43829438645846985,-0.20349042417873675,0.62620555828935243,0.78724448781418133
905,0.99719388290840039,-0.2175159302974552,0.73943464860917718,0.53770868192950849,0.32079395977783332,-0.81976811276017059,0.29774445174672581,0.76066089163902273,-0.97618494926266508,0.52713059867363654,-0.92177793202461822,-0.891873545954325,0.40855208835810886,-0.15753835907983915,-0.50253903824333679,0.75459269318687672,0.22572218935618205,-0.95449879470527743,0.53007588443651055,0.26777491906402706
906,0.70136373712669964,-0.60241497469794636,0.85118706005310396,0.4949463493840538,0.53115609004587472,0.54636351957827922,-0.60148581117380928,0.77815691602828418,-0.63555393400143534,0.06340845558506425,-0.016362250181262583,-0.11444687518352303,0.46735113336459611,0.68082577854764659,-0.22880728436055287,-0.3899823038383563,-0.19046487392157285,-0.28126446902049818,0.49393354974284276,0.27729031899154033
907,0.6888438654924316,-0.19511684423347675,0.91660815255121575,0.46393532676294691,0.25659224152330529,-0.70130144593486854,-0.086985212566892178,-0.8157345616007281,-0.28235203756678406,-0.44123733502026075,0.70275799184635157,-0.33204626361074463,0.23909928225427302,0.87166518576034058,0.12946483526171848,-0.3847761368904572,-0.92729715700748194,0.20504464342352136,0.74731794943399699,0.5075206436962818
908,0.78744346995887349,-0.14156037746748695,0.97190483275236872,0.73832907785163981,0.68153105248154922,-0.79862064063634364,-0.035273787194799899,-0.17912265995832399,0.51535556136557625,0.87742100188914418,0.50010349601473392,-0.039964126449490101,0.45010508912877967,-0.3049722549277043,0.82110761832702739,-0.66674853363150399,-0.62843718327177234,0.0024140599801305562,0.94538867607128352,0.18891672182468744
909,0.86178267586399859,-0.57073731760598712,0.95707119651307049,0.50669537234963014,0.75018640019208416,-0.61576627549167018,0.14970137591919608,0.68501772437158626,-0.248743843117474,-0.4410882274548098,-0.75215336266604704,0.95668037890086,0.33541179572841084,0.049431317723866997,-0.70588156572308058,-0.057059089008851149,0.065437109956548722,-0.13322832590431477,-0.8394594687009711,0.40282048878903343
910,0.3744763640249289,-0.15287695383142497,0.98536006252000896,0.82663950521326024,0.39557609844954778,-0.57525818155880803,0.62450466502298019,0.70579020554934857,-0.9953275714794787,-0.80380109515212972,-0.7549794801941212,-0.35418734489125203,0.84401659998203815,0.86400177169883596,0.96634109440815541,-0.13451408065333226,-0.42514416740489169,0.55934025858612002,0.1300122754232742,0.26977419761017396
911,0.5071110783151378,-0.72118831958461982,0.85993520452584793,0.65503515353394159,0.69075130384893813,0.65863664983680947,-0.019791282584202152,-0.51159910305786327,-0.46034318187222656,0.63853237205673419,-0.13463954576819193,0.040836744075976705,-0.76753406210502906,0.12662211205313723,0.33729961190418001,-0.078920831037877281,0.78403290874057729,-0.48568361457234377,0.90808290284220128,0.23740240417314351
912,0.39032790197068823,-0.78741040964555076,0.85866830216885526,0.8956993931075925,0.78458835830882268,-0.51545004363612867,0.65761613097173455,0.98673335974914322,-0.94779976476178529,0.95031508254205743,-0.67627379714993063,0.0042568835351830536,-0.012557255133514467,0.29940943650613461,-0.63670681895820747,0.99409291624781226,-0.32122666246012166,0.81430458264023131,0.43618096275980656,0.85109078795963078
913,0.95359181303177465,-0.62522279841880124,0.9165518284159897,0.69369476987466672,0.80232221944853288,0.97041641477825369,0.7624947545191727,0.8595368758222055,0.058795800641438412,-0.51220605582370515,-0.98144703425346402,-0.098826962892562875,-0.85896359227540175,-0.54851803655904741,0.52307201543477455,-0.20786316597971233,-0.25410292032608095,-0.47210231687202064,0.64224253599621717,-0.59465427272724414
914,0.37507431957047621,-0.072835958165359038,0.93321946784288223,0.39979564977024595,0.32560562067409959,-0.90400996683160173,-0.24483215634246513,0.91120485306717125,-0.088861693532727104,0.85158561958712342,-0.65029775678849289,0.29075028859473284,-0.32760359165759967,0.24188171051357954,-0.89196784168250032,0.75187951994596069,-0.71842048487236099,-0.81430090726885296,0.66944582216304305,0.50517511813227478
915,0.16253994759924262,-0.48705599948590317,0.83340733669005851,0.60268910049173896,0.33539142350086149,-0.86961176082686475,-0.64936515647611848,0.48525840357758376,-0.5987084057716372,0.1954312409820691,-0.32641497952003795,0.76254492849597688,0.46183507553794501,0.61332215527576994,-0.39698272939130774,0.33792061496786685,0.9298288477035519,-0.6980296537480557,0.7065579606752046,0.20457599601645327
916,0.81919859898069181,-0.78681335102082905,0.8475508203091946,0.58142708304205848,0.44150369227419017,-0.73073544901236498,0.2007908947635535,0.91911108014492071,-0.50020034551386527,-0.47377871591300247,0.74183570271211607,0.17227639708341003,-0.72934924772927001,0.65760219666056607,0.48705920270717895,0.7509997374703683,-0.17321767452062553,-0.41593006513943642,-0.49397272985367824,0.334027764002371
917,0.93574526859720053,-0.56827098444383739,0.95408696705107099,0.36483307170109924,0.3738079325393886,0.70585123646863202,0.66836600735874074,0.5379248538945729,-0.73329421077724644,0.35528104402362359,0.1390357868134946,-0.92502852572569938,0.68967969342205881,-0.18725021683728182,0.84026322521140862,0.051109471388239847,-0.39329115985191287,-0.56906193735900668,0.84851594323909563,-0.24207914794510943
918,0.5238981556266058,-0.37527438837513261,0.74479200782168498,0.63629338778600131,0.17160281813187916,-0.28017871702807784,-0.81133531296188899,-0.13029784468910499,-0.30065405257394251,0.55834024437090957,-0.85395286622911071,-0.96277365886102695,0.42929615173650237,0.10225148497840353,-0.78351025528400742,-0.9215027799550255,-0.4567688459266841,-0.40815867721690702,-0.11883195377468447,0.25369759697040872
919,0.53790621603257827,-0.91993003328536349,0.85799939541447023,0.96279442239195401,0.30906051502872423,-0.80431640200284971,0.42700371516533586,0.72432057152306095,0.078092329565328189,0.11288920466943964,-0.11187087342554358,-0.013174557528046194,-0.43764536456891734,-0.74086502494277084,0.9213030531540074,-0.0015334139285136938,0.90721950419091435,-0.91858133072164305,0.48201037617045417,0.6058446460243927
920,0.54995928396382188,-0.54887852929629921,0.85375636669043931,0.34565389458813689,0.7130472315401406,0.046025232275035854,0.54878248230478355,0.77428902324597382,-0.27509761356408657,0.81755661884435704,-0.64926600092067099,0.43746953052445381,0.9989265360392241,-0.30447290168829055,0.41550201969435374,-0.40661180531399443,0.40453356718381484,0.97645424464371011,0.060316544431300079,0.33668969012360384
921,0.70136373712669964,-0.60241497469794636,0.85118706005310396,0.4949463493840538,0.53115609004587472,0.54636351957827922,-0.60148581117380928,0.77815691602828418,-0.63555393400143534,0.06340845558506425,-0.016362250181262583,-0.11444687518352303,0.46735113336459611,0.68082577854764659,-0.22880728436055287,-0.3899823038383563,-0.19046487392157285,-0.28126446902049818,0.49393354974284276,0.27729031899154033
922,0.1369268973925668,-0.58251015801421357,0.99850621007070783,0.24584759307163462,0.60025216993496966,-0.12598237815629609,-0.012674324473510579,0.65460795792138504,-0.65724156692216229,-0.35846129785935332,-0.65591395334129698,0.85752739614803941,-0.51687741611103899,-0.29946357402104762,-0.16361014047502764,0.058140778536247328,-0.70727697109178478,-0.53750997803290068,0.71888553532571908,0.52105700470767236
923,0.98816564856546329,-0.67236788525680091,0.99174664945982971,0.13610819889937842,0.76156259593411368,-0.85444489652316746,0.94541772215980191,-0.088112116239170923,-0.31822954655995384,-0.75498627039495969,-0.5852059398254863,0.13601271398453862,0.12799766633313925,0.54972779731280874,-0.0062347778542251042,0.29450316036158353,-0.41339989728776416,0.29407031435387254,0.37611862071889401,0.033245559905951572
924,0.98976809156144774,-0.48599256585523332,0.85205780570463796,0.045440445756618209,0.89023915097348039,-0.24015360650443318,-0.14237295065542055,0.92850412365337887,0.92198427638036007,-0.8820564719210755,-0.33526310851728081,-0.4006470762931762,-0.37033383197140779,-0.22552305070280232,-0.69149883438446169,-0.1335165708546997,0.85974499285073436,-0.63692057387571932,-0.17467661090920261,0.61512511516977586
925,0.93228848358777627,-0.57448319181941088,0.94802756631055352,0.1130551419466288,0.3953518209593736,0.31482449621792985,-0.56348878189098328,0.7325951174683365,-0.15377216879784639,0.10767679398153662,0.32361829804919129,-0.96531288942217519,-0.73079358377023529,-0.45826672435303228,0.144013236072289,0.55697349890428538,0.92172113244362008,0.79413026063459635,0.85398554642109703,0.95205294905211679
926,0.69352785528854399,-0.12995085509259141,0.80950773396242526,0.2686036090304551,0.2547646004480526,-0.26261254510214149,0.85572435464849406,0.84661709523196405,-0.59704272545965775,0.95127250902295746,0.66326229745559773,-0.25588956984885014,-0.92678426187825891,-0.97616668691811159,-0.52311930417498043,-0.61467808581860073,-0.17647783660179872,-0.32256141693769491,0.69815655386517417,0.19720653442575387
927,0.99719388290840039,-0.2175159302974552,0.73943464860917718,0.53770868192950849,0.32079395977783332,-0.81976811276017059,0.29774445174672581,0.76066089163902273,-0.97618494926266508,0.52713059867363654,-0.92177793202461822,-0.891873545954325,0.40855208835810886,-0.15753835907983915,-0.50253903824333679,0.75459269318687672,0.22572218935618205,-0.95449879470527743,0.53007588443651055,0.26777491906402706
928,0.3744763640249289,-0.15287695383142497,0.98536006252000896,0.82663950521326024,0.39557609844954778,-0.57525818155880803,0.62450466502298019,0.70579020554934857,-0.9953275714794787,-0.80380109515212972,-0.7549794801941212,-0.35418734489125203,0.84401659998203815,0.86400177169883596,0.96634109440815541,-0.13451408065333226,-0.42514416740489169,0.55934025858612002,0.1300122754232742,0.26977419761017396
929,0.65005641248410728,-0.53796292238171683,0.97699348523238516,0.45821204450507103,0.28394423952988102,-0.6541670510216504,-0.14742208228156017,0.92986965195154103,0.83334723053969695,0.56174006706566448,-0.95962903298341962,0.77135590723842928,-0.69641107694576099,0.18140502815691684,0.25723113595590852,-0.89620357285636509,0.65419033575621599,-0.65131039776253741,0.2050410562803906,-0.11823737533838075
930,0.19471069041108868,0.007193166659727579,0.87596162496750352,0.61492431874433495,0.2084438677874938,-0.98214312728191855,0.33538589322130274,0.83451709810771102,-0.1475623814030369,0.81346317805566692,0.55641948824715315,0.6267569561135462,0.064772333523762882,-0.48317808011460439,0.64955638314699549,0.73755137699099449,-0.81862825351134272,-0.57372897122718003,0.10528123101412401,-0.44648281384404798
931,0.38925657145223602,0.22012260488298474,0.75502901198886851,0.5263302924434119,0.84910301945072697,-0.54556926136259642,0.57020948205239086,0.92169239613953913,0.088676082617675789,-0.67442506321557993,0.022570099754035677,-0.96580127152467954,0.89303390985265652,-0.49456478430396777,0.43709257346870434,-0.46611818511973291,0.89676452990224598,-0.84248699795863002,0.50901592073236901,-0.15433329000152529
932,0.37507431957047621,-0.072835958165359038,0.93321946784288223,0.39979564977024595,0.32560562067409959,-0.90400996683160173,-0.24483215634246513,0.91120485306717125,-0.088861693532727104,0.85158561958712342,-0.65029775678849289,0.29075028859473284,-0.32760359165759967,0.24188171051357954,-0.89196784168250032,0.75187951994596069,-0.71842048487236099,-0.81430090726885296,0.66944582216304305,0.50517511813227478
933,0.4765436734445867,-0.88447182896722487,0.95094876940992923,0.89113027740736639,0.73732564421465163,0.053407108641832179,-0.9569208791823105,0.78709129078724116,0.067123090241353767,-0.64538888111685089,0.010413607541210679,-0.91867624777086054,0.48336415350279682,-0.27003581519008613,0.86515981400108055,-0.042592134215015953,0.17825980359181859,-0.61344904160985481,0.28499690583135151,-0.10869967234165001
934,0.70448295289440588,-0.31223742823811951,0.88499155950810171,0.29986444939536128,0.1848135893356706,-0.99063692255904034,-0.65379089796987833,0.96779543983532057,0.30557831093610055,-0.53154812196390466,-0.080815000835453565,0.73827454905810663,0.88467811947876851,-0.45220303528480987,0.040275809520424755,-0.54642569574392597,-0.5007421741000091,-0.67418969610981128,0.96345141535986634,0.48843666226956062
935,0.42568932721801556,-0.70757355302967939,0.9754244683104436,0.27744189203364966,0.86096202563271573,0.00055470893192999249,-0.41220654969664183,0.78765896785553746,-0.39473821423107225,-0.83176373873620046,-0.16554704989377189,-0.77421032986639715,0.80081874480870963,-0.39865751886164857,0.67155502937841693,-0.4828562181513012,0.78861472752153383,0.070704146256461042,0.97568008440266896,0.45701585223442343
936,0.18911468265280518,-0.29891301243202406,0.96756529361711552,0.46721250927977409,0.28716733376414538,0.20176620535196155,-0.32071577252656369,0.78827373498329778,-0.89811461940028825,-0.93003298889673691,0.05464202171269994,-0.12878234272429046,0.14130054355830435,0.81288718350334555,-0.23504001724712231,0.90527000918081368,-0.94424756266511101,-0.50719681413761175,0.76326979832150554,0.020720301855170264
937,0.32609746391624328,-0.81957550414867852,0.67339041702501223,0.91214226975816337,0.75602007542194838,-0.93953359710127127,-0.052113443165888729,0.47943898070219193,-0.06176396814566254,-0.76234495117155654,0.92119592387281668,-0.34745700104062394,0.30202093471818703,0.24683415455425228,0.63796753180728794,0.69059057522962397,-0.66713578644590976,-0.56384511201531939,0.77719538802460009,0.80955624457914488
938,0.76748920722864389,-0.32785621971580858,0.82224601221577331,0.90984504788114262,0.7169734724769421,0.48938269329425377,0.29792481428223372,-0.24869472183710029,-0.53474133169530869,-0.050644288344548594,-0.002364655993252196,0.37871833335176297,0.2889799047088295,-0.13820235296203576,-0.086947206632413954,0.66592710894042906,0.67700483981838011,0.63518214331470713,0.51276410750992363,0.18989564545639093
939,0.86768753934326548,-0.25358375842159986,0.79265751743696899,0.72420429113235651,0.77426829898017635,-0.18417833011027485,0.15805910657574773,0.4704011380167632,-0.60796910212849498,-0.90560521457897392,-0.12616892701496152,-0.54460330423708436,0.18943607901885695,-0.12276134347879575,-0.87174801438728711,0.58684236797139255,-0.71141638443664323,-0.75733184041002533,0.47522238266216821,-0.8032312872228462
940,0.86178267586399859,-0.57073731760598712,0.95707119651307049,0.50669537234963014,0.75018640019208416,-0.61576627549167018,0.14970137591919608,0.68501772437158626,-0.248743843117474,-0.4410882274548098,-0.75215336266604704,0.95668037890086,0.33541179572841084,0.049431317723866997,-0.70588156572308058,-0.057059089008851149,0.065437109956548722,-0.13322832590431477,-0.8394594687009711,0.40282048878903343
941,0.91294246149283209,-0.59716601884183484,0.75494882023118759,0.93633697186387854,0.36024078855823327,0.021341043253754854,0.090854910575628889,0.27632366151253462,-0.97331792962744501,-0.61351170925059884,-0.5396077631462648,-0.008343069356445465,-0.79625990035428207,-0.077136661112980232,-0.079027936707274149,0.52842639881293496,-0.56661008956120695,0.83029774588020566,-0.063470939957696704,0.64647801985813724
942,0.23169276526497606,-0.52608773870622505,0.97493851126129205,0.17814007049163227,0.87469609007569926,-0.11286410548409709,-0.7025178613320151,0.69204060541567625,0.29757673355561276,-0.83813018369094805,-0.21647427826981258,0.4187980678056713,-0.2817507901018439,-0.52833981802523033,-0.1312480016081079,0.76022805654871095,0.22766396683447243,-0.23473408690831965,0.066580359592679716,0.5216925102434018
943,0.17394854289784467,-0.84074165213486274,0.81915926443757425,0.9689217957155476,0.82409605188100632,-0.31881470757836161,-0.28416274316148682,-0.20817180890320053,-0.2367079581947098,-0.55395862809957341,0.61385784838294422,0.42542404232490671,-0.44910815660632775,0.41619916550255276,0.27265506800541339,0.013376353133426777,-0.071461608631615992,-0.49541467083465029,0.18679251383066964,0.94657929864655843
944,0.63141023028316012,-0.55982545110380877,0.97196690938095998,0.29055618594279786,-0.11733498977618373,-0.88604893032329568,0.5795257658471249,-0.55800523000573565,-0.14438859287278705,0.49935632648452755,0.36166959596231929,0.44165695611891742,0.96545865835600564,-0.15143640196533226,0.18856728758451413,0.45708644057635262,0.13789055087995417,-0.15877861577420349,0.9388744494358765,-0.018185118713417658
945,0.7555428975739773,-0.44113343708328268,0.77414453883585344,0.92605696144233218,0.7385404159927198,0.14470828187953999,-0.3677592745278031,0.91156716573144903,-0.40132482150148108,-0.8449603680563873,-0.23073839262921192,0.91567248644500188,0.20926102390956247,0.42629236928676484,-0.21457444955523419,-0.3806118940390788,-0.81002025557202662,-0.22736892139117515,-0.27382587083501253,0.49645308591342219
946,0.84294222224754267,-0.97167830019754731,0.76995313561694601,0.28448261291147325,0.66204764147928086,0.83570603298377755,0.48632015421963559,0.20273245642782856,0.4311086415380605,-0.43336839300818109,-0.5216540805449934,0.20590156079239397,-0.56389338708324077,0.15688668826836194,0.29368738557893526,0.64529716021727301,0.56652638309996828,-0.58728358230973976,0.66922268958355291,-0.088075788625080698
947,0.92982384910100246,-0.59807033993457037,0.88272910606715804,0.58725736205084478,0.50493158021497986,-0.66204445918244992,0.56852813428345006,0.42925695469983394,-0.87321914320896554,-0.28298440055735585,0.20913099619012221,0.078175208671174001,0.38403767446068948,0.68536504225606465,0.75207364908956009,-0.28293525895850324,-0.84235529071120752,-0.71967429770006008,0.3422067694523685,0.36557371058643007
948,0.90477490206475153,-0.4513522715353453,0.78104436783786135,0.82126455330008952,0.97410237276359357,-0.59342516287467695,-0.032077126150044988,0.69121238673324958,-0.7579265299461877,-0.67938723473080409,0.45882985859523262,0.0021569162898695815,-0.40887120035788382,-0.13186156864583376,-0.6068048613355963,0.7284489981207718,-0.43829438645846985,-0.20349042417873675,0.62620555828935243,0.78724448781418133
949,0.19053340073459091,-0.64301483876496901,0.8740573046382194,0.21855895272036308,0.62539693254427475,-0.87037899206607894,0.80636099754539048,0.70912477970593102,-0.76261545832558086,0.99467092773065358,0.76916166609049297,0.14554172024390866,0.44733383960429363,-0.91176400594497031,0.10546919353280382,-0.85406343334672519,-0.11585143922105678,0.50429600793555851,0.01389391850195798,0.93198022297368222
950,0.4765436734445867,-0.88447182896722487,0.95094876940992923,0.89113027740736639,0.73732564421465163,0.053407108641832179,-0.9569208791823105,0.78709129078724116,0.067123090241353767,-0.64538888111685089,0.010413607541210679,-0.91867624777086054,0.48336415350279682,-0.27003581519008613,0.86515981400108055,-0.042592134215015953,0.17825980359181859,-0.61344904160985481,0.28499690583135151,-0.10869967234165001
951,0.36404274396126968,-0.47499659093800228,0.87854793921248198,-0.12389621130421702,0.3781423781957769,-0.52960322797251314,-0.64655434348189411,-0.74180756876346599,0.035617996956747833,-0.98467361223813965,-0.18762577604651232,0.52673021662858055,-0.021267883026154344,0.28218191712810814,-0.7772346834359769,0.43337456326418744,-0.51583783015180407,-0.34490143531957251,0.95844809966821187,-0.57665867208462096
952,0.1637000219358633,-0.1467172956171352,0.84784241969598817,0.16602699891702843,0.85690268134788594,0.874254002997503,-0.34404264052069156,0.50894672729601709,-0.55343408237425118,-0.72600911531486245,0.13957523607285283,0.83692159701908375,0.3927072758464063,0.2511974531177954,0.31675650505973252,-0.36343337668433517,0.67875419966227568,0.52362851799529686,0.3551560971059915,0.6567794023366289
953,0.089439911062029642,-0.78210366951347332,0.8774073537508964,0.8428257989646708,0.20555498082204315,-0.93799129233050382,0.82464942666613017,0.71639765176809389,-0.90284618397619854,-0.93284154555152221,-0.79887781829157589,0.65730303555589353,-0.43533795857575264,0.98789547022032886,0.78681472281874876,-0.035082610402576542,-0.17687457323978117,0.0059288168883020465,0.79755815095609517,-0.77342049477419628
954,0.15394155987134184,-0.54630397780416495,0.98933073483102874,0.4778532512037581,0.24800325705990289,-0.69570529268667691,0.44447821955258005,0.91291662172050292,-0.013733863508554212,0.30891000216224218,0.82574420294684692,-0.82363631318243935,-0.70390280423539453,0.47738188306518481,-0.030891734042351793,0.3921497185229863,-0.88177923980329798,-0.5290775458574708,-0.20472407391026626,0.11513731100769475
955,0.25166157031497938,-0.30706688000159987,0.99445581206615774,0.99222378309857873,0.93685070212454269,-0.17246541417511563,0.29014897531903605,0.51278415706309355,-0.92514273878249265,-0.63849219426490844,-0.79137303454519881,-0.65277387013000343,-0.77536350308225965,0.021147989075939844,-0.95471813882442991,-0.97575971795789229,0.41036269411970117,0.15027124549414728,-0.020902633547830174,0.90453449763663207
956,0.82120489296303845,-0.055251569267923406,0.99035936996760743,0.19011178753957858,0.48820086678771779,-0.90418718021497479,0.32599708915362657,0.67693390309300017,-0.77920530375515495,-0.58522963142612294,-0.46635237852066846,-0.088889515113498296,0.66520102498388467,-0.16161213974820288,0.71926099622117046,-0.45113901425597391,-0.54944289545963731,0.99355073172535202,0.25044428856886469,0.60763935854000994
957,0.20161040097175231,0.89171156716206967,0.8373411627685563,0.52796790721963305,0.54193581756750153,-0.73989206678977415,0.41628760308051338,0.83090686689793913,-0.95544998610490728,-0.26291747586261738,-0.90926322617581556,-0.8208073038889645,-0.45260145276423169,-0.68167752860293351,0.2811266947915112,0.72025332905760853,0.89950150141462215,0.29296218524356088,0.194448538933367,0.56942933164903264
958,0.80614197867262027,-0.76240873720008207,0.60060486165770821,0.45694729234170084,0.72094479937174594,0.81843809468197959,0.72242913428668842,0.8869291256150682,-0.014159909892879297,-0.17202612650486282,0.81724972348476421,0.55075235739448014,-0.2920875717255591,0.0097126312014321758,-0.53848158981731853,0.81731301858658933,-0.64995565225753649,0.36213713523928592,0.15882620117928892,0.75904447927356977
959,0.74140777757838028,-0.93253609324552889,0.95975604349786936,0.25207663592622609,0.67720870062037619,-0.4856641426118895,-0.33724653700860663,-0.19532666894835904,-0.95497853268393551,0.05496676906738962,0.05407071528283125,-0.28949394262839689,-0.064572383733583649,-0.32271042129068239,0.6111202981220345,-0.26367754214335526,-0.099492961752665643,0.031885291968600349,0.29223797582905875,0.60454035002831485
960,0.91668183180725271,-0.35780547269966068,0.75721489876393333,0.49755118981288793,0.17295999289709552,-0.082323786309268732,0.40951384813966407,0.52391835548830046,-0.054930287350862805,0.75177783297020784,-0.24600780918727505,-0.21714220886467706,-0.77808187627459291,-0.059468959027597634,-0.80350876960384343,0.99143996158386383,0.21546798307259718,-0.79642151598554878,-0.68516780972045099,0.47123430819470014
961,0.2759143791595573,-0.88741525237202157,0.95220902048571721,0.75827531296137884,0.024732155132253908,-0.57856728644487609,0.046740598622526441,0.20117724209780286,-0.99928774551235788,0.80566894850484427,-0.71595584852470484,0.10485157160415448,-0.24547358053049528,0.62510484764457819,-0.96816791930424362,0.31532196443114691,-0.58652691855659889,-0.52762000864934899,-0.56674175273527116,0.033449301392130204
962,0.17551121634762668,-0.072772826761666076,0.86065948851794327,0.50438226216386028,0.87258216754396245,0.33233115399735813,-0.61504990400520776,0.81385022266914731,0.32501861788218989,0.65481813429181202,0.61405103690023077,0.027210265153611912,-0.0067825569953616771,-0.54444454726599401,0.039168312600641686,0.46742368182336591,0.095957479789003486,0.80378077137160209,0.71257277797005014,-0.74472435763074296
963,0.16253994759924262,-0.48705599948590317,0.83340733669005851,0.60268910049173896,0.33539142350086149,-0.86961176082686475,-0.64936515647611848,0.48525840357758376,-0.5987084057716372,0.1954312409820691,-0.32641497952003795,0.76254492849597688,0.46183507553794501,0.61332215527576994,-0.39698272939130774,0.33792061496786685,0.9298288477035519,-0.6980296537480557,0.7065579606752046,0.20457599601645327
964,0.37507431957047621,-0.072835958165359038,0.93321946784288223,0.39979564977024595,0.32560562067409959,-0.90400996683160173,-0.24483215634246513,0.91120485306717125,-0.088861693532727104,0.85158561958712342,-0.65029775678849289,0.29075028859473284,-0.32760359165759967,0.24188171051357954,-0.89196784168250032,0.75187951994596069,-0.71842048487236099,-0.81430090726885296,0.66944582216304305,0.50517511813227478
965,0.83687484985319149,-0.66369241451881167,0.99390838326079956,0.89428122889592432,0.58840602250964724,0.49677015455968498,-0.61748876457653168,0.69245273357557457,-0.12514605607359752,-0.12988383223091593,-0.57007240144580029,-0.31692072640764057,0.032483642521430101,-0.99923657685155898,-0.9055974762865886,-0.37639559708662951,0.93348236016813479,-0.209261609800657,0.19769567731116133,0.54342686175426724
966,0.53790621603257827,-0.91993003328536349,0.85799939541447023,0.96279442239195401,0.30906051502872423,-0.80431640200284971,0.42700371516533586,0.72432057152306095,0.078092329565328189,0.11288920466943964,-0.11187087342554358,-0.013174557528046194,-0.43764536456891734,-0.74086502494277084,0.9213030531540074,-0.0015334139285136938,0.90721950419091435,-0.91858133072164305,0.48201037617045417,0.6058446460243927
967,0.67730824017644276,-0.21924210260171595,0.91371344417737599,0.95732010081695651,0.26509799617172991,-0.95182350829435536,-0.92418869604544263,-0.26731301932864504,0.01098613844792018,-0.47991888997478904,-0.93386242901861793,-0.21827205443974718,-0.060620995952274104,-0.99793914870145151,0.4947388683489653,0.21823018050315257,-0.83070860594597384,-0.048921479595651851,0.197048780509399,0.66615279575791986
968,0.96117346803904358,-0.6347497157010622,0.83314047575245098,0.20155478656663361,0.33789106837972138,-0.99823239104790962,0.36358068336359795,-0.54247864620285968,0.38465932844631445,-0.72262680553720826,-0.039728764341280698,-0.61410458400705625,0.039107750797759744,-0.067731208887117145,-0.76454420862460104,-0.99165433421621629,0.12148545604532135,-0.80154821370229512,0.32700361579761639,-0.13126060170718046
969,0.71238663284804926,0.16570150194393651,0.80891490097734553,0.85503006995237674,0.4649594815305762,0.58932630403397779,-0.95510733464623709,0.069823421223813575,0.97713114789730637,-0.68256140710525148,0.56295888902775659,-0.85895176594613365,-0.3182192410900988,-0.46158928711461833,-0.3125724723744725,0.63946140110021132,0.44093788291997504,0.90706320517857053,0.34897998039788258,-0.70902926490181373
970,0.92982384910100246,-0.59807033993457037,0.88272910606715804,0.58725736205084478,0.50493158021497986,-0.66204445918244992,0.56852813428345006,0.42925695469983394,-0.87321914320896554,-0.28298440055735585,0.20913099619012221,0.078175208671174001,0.38403767446068948,0.68536504225606465,0.75207364908956009,-0.28293525895850324,-0.84235529071120752,-0.71967429770006008,0.3422067694523685,0.36557371058643007
971,0.42568932721801556,-0.70757355302967939,0.9754244683104436,0.27744189203364966,0.86096202563271573,0.00055470893192999249,-0.41220654969664183,0.78765896785553746,-0.39473821423107225,-0.83176373873620046,-0.16554704989377189,-0.77421032986639715,0.80081874480870963,-0.39865751886164857,0.67155502937841693,-0.4828562181513012,0.78861472752153383,0.070704146256461042,0.97568008440266896,0.45701585223442343
972,0.96117346803904358,-0.6347497157010622,0.83314047575245098,0.20155478656663361,0.33789106837972138,-0.99823239104790962,0.36358068336359795,-0.54247864620285968,0.38465932844631445,-0.72262680553720826,-0.039728764341280698,-0.61410458400705625,0.039107750797759744,-0.067731208887117145,-0.76454420862460104,-0.99165433421621629,0.12148545604532135,-0.80154821370229512,0.32700361579761639,-0.13126060170718046
973,0.35143782921799649,-0.13336011104322942,0.84966288748186258,0.92141833638960935,0.58981775000255965,0.72235909917266383,0.23526513459540999,-0.25373009154540016,-0.98832610078398031,-0.97710391720659517,0.21116382337541095,0.88660324661936807,-0.10927212305858403,0.70246242747003618,-0.4348082388724499,-0.57844045196389393,-0.54316970863350345,0.39032193644260671,0.38055945521118173,0.47041426478037018
974,0.45710715350670728,-0.16197348762520503,0.7667717767779938,0.74609784752637021,0.94100855990230237,0.30454653364047957,-0.074909592989311324,0.93753281554892109,-0.21546422022930378,-0.89746593727254176,-0.47794789439158691,-0.63657490683459206,0.640802675658946,-0.22115897616186309,0.44233696945869072,0.20977549795266448,-0.85065003821331464,-0.030751458514287178,-0.68387792251331647,0.33714064342855732
975,0.42568932721801556,-0.70757355302967939,0.9754244683104436,0.27744189203364966,0.86096202563271573,0.00055470893192999249,-0.41220654969664183,0.78765896785553746,-0.39473821423107225,-0.83176373873620046,-0.16554704989377189,-0.77421032986639715,0.80081874480870963,-0.39865751886164857,0.67155502937841693,-0.4828562181513012,0.78861472752153383,0.070704146256461042,0.97568008440266896,0.45701585223442343
976,0.20193779538506851,-0.8655836019360692,0.84213844177613639,0.89943738672601947,0.64943910691920692,-0.2448191475284649,-0.89804507141716239,-0.36669070028856887,-0.1417353393572649,-0.97727690861686067,-0.19452209908522189,-0.17055244932000635,0.50180016223049551,-0.52565784795875525,-0.1463415373125605,-0.60554556337957477,-0.57104816416390336,0.15870016042008528,0.47168082131308187,0.34939830361247082
977,0.34813130423520389,-0.33412321461223682,0.90870401662225309,-0.23755308578069467,0.28517070227794505,0.27407902639198944,0.60562580919048048,-0.078676324198858838,-0.97990928335371064,-0.71970747141537927,0.68156352432943446,0.54194684199984833,0.82936161911828421,0.31933346562525777,0.81823776330333708,-0.28407363659611806,-0.51296572008911689,-0.18443649788622363,0.26574105492627331,-0.31056792726182647
978,0.13442156815558848,-0.83399642223591974,0.84943614053653027,0.5392513057225532,0.78368064898938128,-0.88204797721761952,-0.54598031103761024,0.78580053327060795,-0.41188293049077784,-0.21331282800128615,-0.39302475309141149,0.18188340635212286,-0.0063794097097353841,0.10820124855695856,0.7134688241889986,0.85454331716994947,-0.30978988165961985,0.79098781397855511,-0.061931924057916588,-0.057450628767019341
979,0.85018261841250031,-0.56332959855618525,0.93692184056425543,0.50097453642492495,0.25000503685093456,-0.91800139453184992,0.93425898613233116,0.60275756760532562,0.24154243496428585,-0.68718401208701385,0.47282323484209932,-0.476081151997376,-0.85304459950476086,0.81096154828597222,-0.85241393949692124,0.76198938208567557,0.43463179974489785,0.96671127875476137,0.13837606091851806,0.31265094624852474
980,0.45862766010842537,-0.0388994001083387,0.67363561628636059,0.58739611669737224,0.98615329073815583,-0.2899838321545456,-0.46176382224319501,0.65648358163081366,-0.36848074639713158,-0.33682356956169857,0.21864264904512387,0.29746400976037646,-0.98442025738604366,-0.31478595323773129,0.53139245328498497,-0.0075437515008214273,-0.25364339821584747,0.29290145153571312,0.024801704629854093,-0.10915039226164835
981,0.86178267586399859,-0.57073731760598712,0.95707119651307049,0.50669537234963014,0.75018640019208416,-0.61576627549167018,0.14970137591919608,0.68501772437158626,-0.248743843117474,-0.4410882274548098,-0.75215336266604704,0.95668037890086,0.33541179572841084,0.049431317723866997,-0.70588156572308058,-0.057059089008851149,0.065437109956548722,-0.13322832590431477,-0.8394594687009711,0.40282048878903343
982,0.81919859898069181,-0.78681335102082905,0.8475508203091946,0.58142708304205848,0.44150369227419017,-0.73073544901236498,0.2007908947635535,0.91911108014492071,-0.50020034551386527,-0.47377871591300247,0.74183570271211607,0.17227639708341003,-0.72934924772927001,0.65760219666056607,0.48705920270717895,0.7509997374703683,-0.17321767452062553,-0.41593006513943642,-0.49397272985367824,0.334027764002371
983,0.73889035832373295,-0.99523629608324815,0.84518127092100248,0.52356015967150027,0.5324428597880857,-0.73619681991436159,-0.23179975366115313,-0.27742020666535949,-0.5850663282362476,0.93146138317148219,-0.58327289866155319,0.46785456329790853,-0.97300701693458103,0.27033936375032641,0.68092051793507613,-0.059364281810306618,-0.75478448008006005,0.98164262029128535,0.39016685467767376,-0.70877846503822228
984,0.24597931707388399,-0.87305652469411665,0.95555210755682296,0.97389364291423108,0.69134821743534602,-0.64493434295270391,0.1808205098855411,0.26459027193902207,-0.24097211920252182,-0.24915827686850078,-0.76703957202955642,-0.66996715459408618,0.80935291127950704,-0.87643405635758942,0.16962179039346825,-0.82312416848422232,0.046187348382963789,0.12066230326930749,0.8263870244053757,0.4449466947519618
985,0.47798485793811318,-0.54499014355603803,0.96307573454590911,0.95835454883669691,0.30347277658713989,-0.43768356241579043,0.71308596689861736,0.81041518714326921,-0.81868819414268623,-0.9968102390668252,0.5344245881126406,-0.45510019404715818,-0.18168201992914357,-0.79063871775002004,0.6026311008248062,-0.18995232335921908,0.43844628430298327,-0.79809353213583267,0.85358197164764271,-0.78537478661684834
986,0.70448295289440588,-0.31223742823811951,0.88499155950810171,0.29986444939536128,0.1848135893356706,-0.99063692255904034,-0.65379089796987833,0.96779543983532057,0.30557831093610055,-0.53154812196390466,-0.080815000835453565,0.73827454905810663,0.88467811947876851,-0.45220303528480987,0.040275809520424755,-0.54642569574392597,-0.5007421741000091,-0.67418969610981128,0.96345141535986634,0.48843666226956062
987,0.3744763640249289,-0.15287695383142497,0.98536006252000896,0.82663950521326024,0.39557609844954778,-0.57525818155880803,0.62450466502298019,0.70579020554934857,-0.9953275714794787,-0.80380109515212972,-0.7549794801941212,-0.35418734489125203,0.84401659998203815,0.86400177169883596,0.96634109440815541,-0.13451408065333226,-0.42514416740489169,0.55934025858612002,0.1300122754232742,0.26977419761017396
988,0.25166157031497938,-0.30706688000159987,0.99445581206615774,0.99222378309857873,0.93685070212454269,-0.17246541417511563,0.29014897531903605,0.51278415706309355,-0.92514273878249265,-0.63849219426490844,-0.79137303454519881,-0.65277387013000343,-0.77536350308225965,0.021147989075939844,-0.95471813882442991,-0.97575971795789229,0.41036269411970117,0.15027124549414728,-0.020902633547830174,0.90453449763663207
989,0.4765436734445867,-0.88447182896722487,0.95094876940992923,0.89113027740736639,0.73732564421465163,0.053407108641832179,-0.9569208791823105,0.78709129078724116,0.067123090241353767,-0.64538888111685089,0.010413607541210679,-0.91867624777086054,0.48336415350279682,-0.27003581519008613,0.86515981400108055,-0.042592134215015953,0.17825980359181859,-0.61344904160985481,0.28499690583135151,-0.10869967234165001
990,0.47981341285918622,-0.70957422192146025,0.77265299629433803,0.038284551456315929,0.50857096925615264,-0.47425144735799352,-0.93437322056276595,-0.33614385396113033,-0.75067963435698881,0.21625661022496612,-0.19576511728274104,0.75536123785686837,-0.93593834458104941,-0.0090689491351430007,-0.48585022904298758,-0.8232734926377927,-0.58000025496186924,0.44283264288684121,-0.36194674143636085,0.67358673904304167
991,0.27825249729133272,-0.36331771109115252,0.8394146790859851,0.9888500770528057,0.92350004429526988,0.38164885750792865,-0.19730770722943092,-0.6072233358069552,-0.71090903582563381,0.85358897725181859,-0.34655040727822928,0.32879848686729574,-0.4108102460119627,0.15042910653838337,0.84253156515689409,-0.57166176420060588,0.95229516463791897,0.69181032282247545,0.62154408359878177,0.81964823777800788
992,0.51335012709775407,0.87061211479045975,0.947379570749733,0.81770991964219242,0.63986193154333337,-0.94219876511209399,0.20693045256313169,0.95653224850157215,-0.62448449026585684,0.62264405549547419,0.94506094683295938,0.99684293371731658,0.12672572430537543,0.59701244397118081,0.304817319162902,-0.11452442912132188,0.56321557057096716,0.26764724019842734,0.97851637257472257,0.87746101358901574
993,0.25166157031497938,-0.30706688000159987,0.99445581206615774,0.99222378309857873,0.93685070212454269,-0.17246541417511563,0.29014897531903605,0.51278415706309355,-0.92514273878249265,-0.63849219426490844,-0.79137303454519881,-0.65277387013000343,-0.77536350308225965,0.021147989075939844,-0.95471813882442991,-0.97575971795789229,0.41036269411970117,0.15027124549414728,-0.020902633547830174,0.90453449763663207
994,0.47798485793811318,-0.54499014355603803,0.96307573454590911,0.95835454883669691,0.30347277658713989,-0.43768356241579043,0.71308596689861736,0.81041518714326921,-0.81868819414268623,-0.9968102390668252,0.5344245881126406,-0.45510019404715818,-0.18168201992914357,-0.79063871775002004,0.6026311008248062,-0.18995232335921908,0.43844628430298327,-0.79809353213583267,0.85358197164764271,-0.78537478661684834
995,0.8045167328492191,-0.3967507177081282,0.83971910687252316,-0.92017251086638052,0.47417206167492987,-0.38781757884479395,-0.54232803306699018,-0.26517517948174607,-0.34524057877171455,0.65842632687583902,-0.47978283230532282,-0.77121381114384668,0.89139167931393293,-0.14064222987598174,-0.38792316254847692,-0.26364602100887313,-0.42317170902618084,0.65926891257603293,-0.87337813769243389,0.62134767978930627
996,0.75932659359936716,-0.578175967431658,0.9641418870860472,0.75882959469261158,0.75210118821941974,-0.54344453955229555,0.44844038843942702,0.16593842674698145,0.27777749179746425,-0.45656771322561873,-0.26218194351060853,0.74454064572343071,-0.53029897040257867,-0.043508514551818145,0.23928455196591658,-0.12650971546490197,-0.63108572009015607,-0.088333333338920017,0.2775552816016047,0.39821909249189025
997,0.1369268973925668,-0.58251015801421357,0.99850621007070783,0.24584759307163462,0.60025216993496966,-0.12598237815629609,-0.012674324473510579,0.65460795792138504,-0.65724156692216229,-0.35846129785935332,-0.65591395334129698,0.85752739614803941,-0.51687741611103899,-0.29946357402104762,-0.16361014047502764,0.058140778536247328,-0.70727697109178478,-0.53750997803290068,0.71888553532571908,0.52105700470767236
998,0.3744763640249289,-0.15287695383142497,0.98536006252000896,0.82663950521326024,0.39557609844954778,-0.57525818155880803,0.62450466502298019,0.70579020554934857,-0.9953275714794787,-0.80380109515212972,-0.7549794801941212,-0.35418734489125203,0.84401659998203815,0.86400177169883596,0.96634109440815541,-0.13451408065333226,-0.42514416740489169,0.55934025858612002,0.1300122754232742,0.26977419761017396
999,0.1369268973925668,-0.58251015801421357,0.99850621007070783,0.24584759307163462,0.60025216993496966,-0.12598237815629609,-0.012674324473510579,0.65460795792138504,-0.65724156692216229,-0.35846129785935332,-0.65591395334129698,0.85752739614803941,-0.51687741611103899,-0.29946357402104762,-0.16361014047502764,0.058140778536247328,-0.70727697109178478,-0.53750997803290068,0.71888553532571908,0.52105700470767236
